group	y
1	0
1	0.0442905252274338
1	0.127418534822083
1	0.23423957765238
1	0.354060052551015
1	0.479425846451829
1	0.605232130406178
1	0.728069980349402
1	0.845747555128644
1	0.956939864347205
1	1.0609331987602
1	1.15743918884702
1	1.24646002485428
1	1.32819122145577
1	1.40295189100585
1	1.4711351327639
1	1.53317309643309
1	1.58951271789446
1	1.6405991868549
1	1.68686498905876
1	1.72872294272116
1	1.76656207383846
1	1.80074548784023
1	1.83160962507904
1	1.85946445663152
1	1.88459430084443
1	1.90725903184655
1	1.92769551760066
1	1.94611917344319
1	1.9627255522097
1	1.97769191748524
1	1.99117876483591
1	2.00333126898079
1	2.01428064415484
1	2.02414541142814
1	2.0330325712442
1	2.04103868247834
1	2.0482508513056
1	2.05474763440567
1	2.06059986173886
1	2.06587138446204
1	0
1	0.0444338873377724
1	0.127662612139579
1	0.234553375554114
1	0.354421135108988
1	0.479818055617075
1	0.605643905260712
1	0.728493119305937
1	0.846176305023607
1	0.957370250712427
1	1.06136253397348
1	1.15786571142091
1	1.24688263535523
1	1.32860928958173
1	1.40336511502482
1	1.47154343744532
1	1.53357655924414
1	1.5899115159215
1	1.64099355889449
1	1.68725520878753
1	1.72910929993487
1	1.76694486154779
1	1.80112499359905
1	1.83198612535447
1	1.85983821334435
1	1.88496555944373
1	1.90762802045529
1	1.92806244689623
1	1.94648423703021
1	1.96308892731074
1	1.97805376582524
1	1.99153923363261
1	2.00369049197999
1	2.0146387426687
1	2.02450249534853
1	2.03338874001327
1	2.04139402600535
1	2.04860545082428
1	2.05510156326974
1	2.06095318615579
1	2.06622416416666
1	0
1	0.0489905907610847
1	0.135420505390173
1	0.244527307785468
1	0.365897989935749
1	0.492284256356667
1	0.618731993074557
1	0.74194241024638
1	0.859803937244599
1	0.971049897441418
1	1.07500877028701
1	1.17142254919327
1	1.26031512956076
1	1.341897406339
1	1.41649926391125
1	1.48452122728933
1	1.54640045230729
1	1.60258714081817
1	1.65352850567085
1	1.69965817613869
1	1.7413894988953
1	1.77911160533651
1	1.81318742199311
1	1.84395302574311
1	1.87171791076793
1	1.89676585539621
1	1.91935616572752
1	1.9397251377793
1	1.95808762716422
1	1.97463864963935
1	1.98955496070676
1	2.00299658031981
1	2.01510824152586
1	2.02602075092809
1	2.03585225518804
1	2.04470941215913
1	2.05268846818507
1	2.05987624501721
1	2.06635104099251
1	2.0721834517844
1	2.07743711634713
1	0
1	0.0545871346990338
1	0.144948751231398
1	0.256777293088731
1	0.379993865032387
1	0.507595246275714
1	0.634806784806487
1	0.758460831721293
1	0.876541397511337
1	0.987851241935936
1	1.09176908010344
1	1.18807305970588
1	1.27681292128291
1	1.35821787365407
1	1.43263062786055
1	1.5004605510355
1	1.56215076000043
1	1.6181553455234
1	1.66892392948422
1	1.71489150279906
1	1.75647204139679
1	1.79405480217635
1	1.82800249864706
1	1.85865077488416
1	1.88630855721214
1	1.91125898093977
1	1.93376067579305
1	1.95404925675265
1	1.97233891294726
1	1.98882402061446
1	2.00368073026289
1	2.01706849551604
1	2.02913152350622
1	2.04000013545416
1	2.04979203219921
1	2.05861346365989
1	2.06656030403685
1	2.07371903640748
1	2.08016765149043
1	2.08597646598492
1	2.09120886616763
1	0
1	0.0653104020647498
1	0.163205362599873
1	0.280248897902239
1	0.407002290069495
1	0.536931894099101
1	0.665606916369977
1	0.790110980795257
1	0.908611236228452
1	1.02004348613446
1	1.12388269973843
1	1.21997629820127
1	1.30842354268464
1	1.38948873232924
1	1.46353915471568
1	1.53100111893848
1	1.59232916337907
1	1.64798483016772
1	1.69842235701195
1	1.74407934380586
1	1.78537097216397
1	1.82268673945563
1	1.85638895103006
1	1.88681242168999
1	1.91426498971665
1	1.93902855835963
1	1.96136046137811
1	1.98149500885119
1	1.99964511288978
1	2.01600392437907
1	2.03074643462906
1	2.04403101214593
1	2.05600085638155
1	2.06678535853886
1	2.07650136523877
1	2.08525434477553
1	2.09313945830441
1	2.10024253998604
1	2.10664099112643
1	2.11240459389586
1	2.1175962504277
1	0
1	0.0666176551078666
1	0.165430991221681
1	0.283110276414295
1	0.410294835579685
1	0.540508268802261
1	0.66936170158064
1	0.793969390017088
1	0.912520809013072
1	1.02396798113752
1	1.12779760977113
1	1.22386556107107
1	1.31227713316344
1	1.393300902983
1	1.46730715418931
1	1.53472426123905
1	1.59600815489422
1	1.65162128566641
1	1.70201845396987
1	1.74763757775423
1	1.78889398561685
1	1.82617720424235
1	1.85984948922195
1	1.89024555426335
1	1.9176731050065
1	1.942413894503
1	1.9647250985232
1	1.98484086806815
1	2.00297395956994
1	2.01931737453341
1	2.03404596295285
1	2.04731796104988
1	2.05927644543196
1	2.07005069392535
1	2.0797574490148
1	2.08850208370826
1	2.09637967223499
1	2.10347596964742
1	2.10986830539738
1	2.11562639649176
1	2.12081308604295
1	0
1	0.0675445973362701
1	0.167009131861827
1	0.285139212271998
1	0.412629501762644
1	0.543044191556014
1	0.672024131007501
1	0.796705296780517
1	0.915292994649329
1	1.02675074776611
1	1.13057357992382
1	1.22662334542687
1	1.31500962307011
1	1.39600402307092
1	1.46997895353764
1	1.53736425342644
1	1.59861684080342
1	1.65419981029191
1	1.70456836130822
1	1.75016063732763
1	1.79139207116953
1	1.82865221030534
1	1.86230327504403
1	1.89267990740921
1	1.92008971898805
1	1.94481435633031
1	1.96711088318017
1	1.9872133377402
1	2.00533436605434
1	2.02166686370533
1	2.03638558048386
1	2.04964865881166
1	2.06159908819015
1	2.07236606605286
1	2.08206626104405
1	2.09080497860641
1	2.09867723133201
1	2.10576871817953
1	2.11215671765071
1	2.11791090054662
1	2.12309406812925
1	0
1	0.0706939330686425
1	0.172370948980982
1	0.292032630221422
1	0.420561654822299
1	0.551660124564792
1	0.681069877195346
1	0.806000686144046
1	0.924711643421078
1	1.03620534602445
1	1.1400050867923
1	1.23599306507903
1	1.32429340348029
1	1.40518801795317
1	1.47905653453418
1	1.54633376789469
1	1.60747999051935
1	1.66296048543547
1	1.71323180769014
1	1.75873286699406
1	1.79987945026663
1	1.83706117560345
1	1.87064014344022
1	1.90095075224999
1	1.92830029407057
1	1.95297005360601
1	1.97521671398569
1	1.99527393017326
1	2.01335397316301
1	2.02964937866173
1	2.04433455601297
1	2.0575673289484
1	2.06949039102196
1	2.08023266652856
1	2.08991057323553
1	2.09862918702889
1	2.10648331108515
1	2.11355845378146
1	2.11993172051388
1	2.12567262509671
1	2.13084382660303
1	0
1	0.0728009713680033
1	0.175958230548996
1	0.296644617277498
1	0.425868599433281
1	0.557424546772184
1	0.687121862529323
1	0.812219693281043
1	0.931013116295598
1	1.0425308706202
1	1.1463151622753
1	1.24226180231096
1	1.33050464373836
1	1.41133249748868
1	1.48512981869651
1	1.55233475099631
1	1.61340981112008
1	1.66882174622962
1	1.7190280183461
1	1.76446804982403
1	1.80555786449061
1	1.84268712769201
1	1.87621785966365
1	1.90648429593302
1	1.93379351474591
1	1.95842655871636
1	1.98063985632641
1	2.00066680613673
1	2.01871942821758
1	2.03499001750359
1	2.04965275556482
1	2.06286525291586
1	2.07477000510932
1	2.08549575369888
1	2.0951587486046
1	2.10386391212945
1	2.1117059073421
1	2.11877011511258
1	2.12513352502202
1	2.13086554585394
1	2.13602874155103
1	0
1	0.073620847089451
1	0.17735408797812
1	0.298439200800757
1	0.42793359988578
1	0.559667557645526
1	0.689476767916373
1	0.814639589001345
1	0.933465100495765
1	1.04499221365466
1	1.14877049386115
1	1.24470104865127
1	1.33292151726611
1	1.41372339356002
1	1.4874930117318
1	1.55466981075832
1	1.61571718063707
1	1.67110243824345
1	1.72128339851392
1	1.76669968327928
1	1.80776740855062
1	1.8448762580599
1	1.87838822083558
1	1.90863746900095
1	1.93593099761256
1	1.96054975508412
1	1.9827500708111
1	2.00276524358448
1	2.02080719583675
1	2.03706812881499
1	2.05172213545967
1	2.06492674331986
1	2.07682437090332
1	2.08754368865673
1	2.09720088118867
1	2.10590081104093
1	2.11373808676441
1	2.12079803961453
1	2.12715761410728
1	2.13288617815737
1	2.13804625869105
1	0
1	0.076913182707195
1	0.182959365718365
1	0.305645623796437
1	0.436225923176453
1	0.568674708846749
1	0.698933248550427
1	0.824357048200047
1	0.943311415864273
1	1.05487611084525
1	1.15863025116581
1	1.25449621320676
1	1.3426268403911
1	1.42332440025904
1	1.49698277267747
1	1.56404659826756
1	1.6249827737573
1	1.68026090379356
1	1.73034022049782
1	1.77566114672829
1	1.81664016867443
1	1.85366704389921
1	1.88710363611477
1	1.91728386283512
1	1.94451438505788
1	1.96907577292094
1	1.99122395792262
1	2.01119183821353
1	2.02919094414685
1	2.04541310075304
1	2.06003204506698
1	2.07320497147711
1	2.08507398910582
1	2.09576748285895
1	2.1054013750767
1	2.11408028832092
1	2.1218986122181
1	2.12894147878851
1	2.13528565158239
1	2.14100033439949
1	2.14614790552085
1	0
1	0.0838893925573956
1	0.194836524770393
1	0.320915488392327
1	0.453796728263779
1	0.587760180143651
1	0.718970814888432
1	0.844947608353012
1	0.964175012482965
1	1.07581934049891
1	1.17952233022928
1	1.27525142512626
1	1.36319168512291
1	1.44366820638397
1	1.51709085747551
1	1.58391530090913
1	1.64461586390915
1	1.69966699873692
1	1.7495309404217
1	1.7946498091381
1	1.83544087545554
1	1.87229405337923
1	1.9055709410856
1	1.93560491659088
1	1.96270193304703
1	1.98714175905421
1	2.00917948299677
1	2.0290471540987
1	2.04695547192684
1	2.06309546433715
1	2.07764011422747
1	2.09074591004412
1	2.10255430534529
1	2.11319307999744
1	2.12277760061395
1	2.13141198125726
1	2.13919014766971
1	2.14619680970734
1	2.15250834746768
1	2.15819361700327
1	2.16331468162723
1	0
1	0.0845343187426165
1	0.195934526556917
1	0.322327133932546
1	0.455421087699569
1	0.589524565169468
1	0.720823217768644
1	0.846851133576043
1	0.966103778971675
1	1.077755468783
1	1.18145372982033
1	1.27717017182886
1	1.36509283304525
1	1.44554892006071
1	1.51894977954056
1	1.5857520929316
1	1.64643087438154
1	1.70146102429673
1	1.75130505531473
1	1.79640524452112
1	1.8371789349985
1	1.87401605521461
1	1.90727817879804
1	1.93729863389034
1	1.96438330820561
1	1.98881189624465
1	2.0108394084489
1	2.03069781556202
1	2.04859774034758
1	2.06473013696553
1	2.07926791859641
1	2.09236750842463
1	2.10417029940379
1	2.11480401546656
1	2.12438397185133
1	2.13301423561154
1	2.14078868960507
1	2.14779200466036
1	2.15410052542606
1	2.15978307580672
1	2.16490168999776
1	0
1	0.0855936869610396
1	0.197738125516102
1	0.324645930184359
1	0.458089291908061
1	0.592422778118866
1	0.723866010547078
1	0.849977900902997
1	0.969272008089555
1	1.08093579052828
1	1.184626284123
1	1.28032194225238
1	1.36821569537214
1	1.44863821670076
1	1.52200328085801
1	1.58876924301334
1	1.64941224566809
1	1.70440792536022
1	1.7542192507321
1	1.79928875661425
1	1.84003390520087
1	1.87684464871611
1	1.91008252046581
1	1.94008076666639
1	1.96714516754248
1	1.99155529587784
1	2.01356603408332
1	2.03340922398935
1	2.05129536220092
1	2.06741528182354
1	2.08194178151867
1	2.09503117727035
1	2.10682476248185
1	2.11745016920791
1	2.12702262829739
1	2.13564612958585
1	2.1434144854883
1	2.15041230272568
1	2.15671586771768
1	2.16239395156188
1	2.16750854062445
1	0
1	0.0864203330022362
1	0.199145509571606
1	0.32645533291003
1	0.460171344595403
1	0.594684311190653
1	0.726240362128266
1	0.852417779490648
1	0.971744240135365
1	1.0834174586912
1	1.18710189119633
1	1.2827813312524
1	1.37065252681076
1	1.45104885616791
1	1.52438598852467
1	1.59112358508949
1	1.65173866884041
1	1.70670745073353
1	1.75649325524077
1	1.8015388183162
1	1.84226169509911
1	1.8790518563513
1	1.91227080391392
1	1.94225172007561
1	1.96930030118484
1	1.99369602504712
1	2.01569367416853
1	2.03552498978593
1	2.05340037006026
1	2.06951055363583
1	2.08402824981266
1	2.09710969092414
1	2.10889609269245
1	2.11951501547821
1	2.12908162427941
1	2.13769984867698
1	2.14546344611795
1	2.15245697329894
1	2.15875667120238
1	2.16443126971956
1	2.16954271789451
1	0
1	0.0877752999530265
1	0.201452372227739
1	0.329421149924534
1	0.463584065930244
1	0.598391221304146
1	0.730132194619728
1	0.85641701820402
1	0.975796509849146
1	1.08748519527494
1	1.19115969296436
1	1.28681254975234
1	1.37464677090004
1	1.45500016863478
1	1.52829151759133
1	1.59498261972469
1	1.6555519412145
1	1.71047663455351
1	1.76022060745882
1	1.80522692554885
1	1.8459132963105
1	1.88266972089085
1	1.91585764955689
1	1.94581015981234
1	1.97283281052306
1	1.99720492381445
1	2.01918111843727
1	2.03899297074404
1	2.05685071753477
1	2.07294494262108
1	2.08744820882937
1	2.10051661138016
1	2.11229123866748
1	2.12289953353708
1	2.1324565530499
1	2.14106612802268
1	2.14882192580369
1	2.15580842109395
1	2.16210178039909
1	2.16777066606857
1	2.17287696597122
1	0
1	0.0888831967117611
1	0.203338592152207
1	0.331846167786004
1	0.466374497758215
1	0.601422198330755
1	0.73331437452479
1	0.859687019443066
1	0.979109872200012
1	1.09081120420371
1	1.19447757863217
1	1.29010869945343
1	1.3779126882551
1	1.45823098269429
1	1.53148489658228
1	1.59813798226819
1	1.65866988597394
1	1.71355853004534
1	1.76326829909339
1	1.80824252828849
1	1.84889904968547
1	1.88562788927611
1	1.91879045515751
1	1.94871973915534
1	1.97572118772202
1	2.00007399569018
1	2.02203264791505
1	2.04182858593053
1	2.05967191459886
1	2.07575309113185
1	2.09024455859083
1	2.10330230008518
1	2.11506729989832
1	2.12566690478928
1	2.13521608356363
1	2.14381858628295
1	2.15156800662576
1	2.15854875224889
1	2.16483692876156
1	2.17050114328726
1	2.17560323367454
1	0
1	0.0940772542816438
1	0.212181595617924
1	0.343215171514165
1	0.479456640516598
1	0.61563206856016
1	0.748233116270632
1	0.875017486434044
1	0.994643625381072
1	1.10640424725376
1	1.21003253809301
1	1.30556175604144
1	1.39322400912221
1	1.47337773178475
1	1.54645614204419
1	1.61293099847257
1	1.67328747958323
1	1.72800711695813
1	1.777556530989
1	1.82238032056387
1	1.86289690173872
1	1.89949641698263
1	1.93254007669109
1	1.96236047101286
1	1.98926251938193
1	2.01352481985514
1	2.03540122955683
1	2.05512255796226
1	2.07289829138115
1	2.08891829349812
1	2.10335444589037
1	2.1163622060661
1	2.1280820702159
1	2.13864093462359
1	2.14815335433468
1	2.15672270081332
1	2.16444222235836
1	2.17139601230905
1	2.17765989077928
1	2.18330220598131
1	2.18838456125792
1	0
1	0.0958480594433082
1	0.215196432471582
1	0.347091195261292
1	0.483916723141885
1	0.62047662625138
1	0.753319348861171
1	0.88024408812513
1	0.999939533241728
1	1.11172036875369
1	1.21533567579069
1	1.31083015208853
1	1.39844408334329
1	1.47854169870483
1	1.55156027467726
1	1.61797436757252
1	1.67827104202284
1	1.73293306010367
1	1.78242780444938
1	1.82720030478602
1	1.86766917627257
1	1.9042246010886
1	1.93722772222736
1	1.96701099289429
1	1.99387915284749
1	2.01811059668558
1	2.0399589675212
1	2.05965485934246
1	2.07740754757654
1	2.09340669355739
1	2.10782398743597
1	2.12081470752776
1	2.13251918361832
1	2.14306415841136
1	2.15256404588959
1	2.16112208844229
1	2.16883141661832
1	2.17577601659697
1	2.18203161115844
1	2.18766646024466
1	2.19274208724855
1	0
1	0.0975978144677292
1	0.21817543097842
1	0.350921143452733
1	0.488323787313526
1	0.625263595108723
1	0.758345119749655
1	0.885408559500982
1	1.00517248692216
1	1.11697329578727
1	1.22057577336471
1	1.31603592099728
1	1.4036021048433
1	1.48364427986957
1	1.55660373282465
1	1.62295778450268
1	1.6831953632339
1	1.73780044695995
1	1.78724117149683
1	1.83196299228713
1	1.87238472122596
1	1.90889657973137
1	1.94185964419561
1	1.97160623250866
1	1.99844090688862
1	2.02264186089445
1	2.04446252617113
1	2.06413328378117
1	2.08186320077605
1	2.09784173854447
1	2.11224039808667
1	2.12521428065554
1	2.13690355160972
1	2.14743480189849
1	2.15692230611859
1	2.16546917911879
1	2.17316843509771
1	2.1801039543485
1	2.18635136347474
1	2.19197883519728
1	2.19704781390962
1	0
1	0.103983989943263
1	0.229048042824363
1	0.364899512350881
1	0.504408487593986
1	0.642734854051969
1	0.776687947371658
1	0.904257609787591
1	1.02427148077681
1	1.13614518746838
1	1.23970084067389
1	1.33503569712156
1	1.42242761466949
1	1.50226744610794
1	1.57501111459134
1	1.64114603059401
1	1.70116792448549
1	1.75556521182001
1	1.80480877734117
1	1.84934563025224
1	1.88959530048696
1	1.92594815267401
1	1.95876502012844
1	1.98837772687212
1	2.01509018714573
1	2.039179860763
1	2.06089940756391
1	2.08047843148491
1	2.09812523905745
1	2.11402856191921
1	2.12835921071685
1	2.14127164046837
1	2.15290541641456
1	2.16338657563838
1	2.17282888401204
1	2.18133499089284
1	2.18899748582964
1	2.19589986265721
1	2.2021173969581
1	2.20771794311776
1	2.21276265720113
1	0
1	0.106233347542075
1	0.232877626300154
1	0.369823014753924
1	0.510073888261267
1	0.6488886325091
1	0.783148712324535
1	0.910896677983416
1	1.03099858483481
1	1.14289796781425
1	1.2464371284011
1	1.34172785441736
1	1.42905839137477
1	1.50882695275675
1	1.58149461699584
1	1.64755234838333
1	1.70749827312314
1	1.76182236979854
1	1.81099649138854
1	1.85546819436656
1	1.89565726157603
1	1.93195410808773
1	1.96471948159931
1	1.99428503218098
1	2.02095444584087
1	2.04500492395082
1	2.06668885450336
1	2.08623556771331
1	2.10385310223951
1	2.11972993268456
1	2.13403662653676
1	2.14692741119534
1	2.15854164052582
1	2.1690051565267
1	2.17843154588578
1	2.18692329400353
1	2.19457284085743
1	2.20146354416275
1	2.20767055586436
1	2.21326161822269
1	2.21829778574674
1	0
1	0.117798649640202
1	0.252567821327798
1	0.395137705802658
1	0.539203125096996
1	0.680528913689498
1	0.816367395963134
1	0.945032125977696
1	1.06558667821645
1	1.17761807845543
1	1.28107244055703
1	1.3761362654477
1	1.46315120782261
1	1.54255332692163
1	1.61483020756691
1	1.6804910863631
1	1.74004640794155
1	1.79399418735912
1	1.84281125587615
1	1.88694798381161
1	1.92682545436994
1	1.96283434197505
1	1.99533495411407
1	2.02465804646685
1	2.05110613156069
1	2.07495508196187
1	2.09645588793156
1	2.11583647231677
1	2.13330349648192
1	2.14904411345756
1	2.16322764050833
1	2.17600713470828
1	2.18752086311537
1	2.19789366468147
1	2.20723820479923
1	2.21565612586854
1	2.22323909883024
1	2.23006978152726
1	2.23622269020875
1	2.24176499063278
1	2.24675721514815
1	0
1	0.118570761613358
1	0.253882359867787
1	0.396827741729919
1	0.541147824192525
1	0.682641252798854
1	0.818585110913613
1	0.947311045099893
1	1.06789581643022
1	1.17993603028305
1	1.28338473114682
1	1.37843340787497
1	1.46542728081704
1	1.5448049358362
1	1.61705572734959
1	1.68269011184112
1	1.74221935633356
1	1.79614201240735
1	1.84493524367825
1	1.88904960832057
1	1.92890627635225
1	1.96489593951188
1	1.99737887589768
1	2.02668578147904
1	2.05311909044041
1	2.0769545866356
1	2.09844316701171
1	2.11781266045839
1	2.1352696363904
1	2.15100115960871
1	2.16517646391171
1	2.17794852824128
1	2.18945554709891
1	2.19982229247205
1	2.20916136824667
1	2.21757436054303
1	2.22515288896029
1	2.23197956461712
1	2.23812886132295
1	2.24366790634794
1	2.24865719718092
1	0
1	0.119226238854761
1	0.254998325072145
1	0.398262481930806
1	0.542798758309356
1	0.684434503338214
1	0.820467819288173
1	0.949245712183856
1	1.06985613772947
1	1.18190383381738
1	1.28534772862622
1	1.38038354546341
1	1.46735953170744
1	1.54671641817471
1	1.61894506156349
1	1.68455695396276
1	1.74406406055681
1	1.79796538840277
1	1.84673838326641
1	1.89083376280009
1	1.93067277072125
1	1.96664611346761
1	1.99911404418796
1	2.02840720816104
1	2.05482797306289
1	2.07865204743568
1	2.10013024900842
1	2.11949032690652
1	2.13693877248494
1	2.15266257564299
1	2.16683089932113
1	2.17959665613169
1	2.19109797898006
1	2.20145958300479
1	2.21079401987638
1	2.21920282793703
1	2.22677758319983
1	2.23360085711735
1	2.23974708747021
1	2.24528336885463
1	2.25027016916537
1	0
1	0.121201680631527
1	0.258361560508649
1	0.402586424171079
1	0.547774254053644
1	0.68983890460176
1	0.826141823725939
1	0.955076306963345
1	1.07576404779226
1	1.18783429343465
1	1.29126370401568
1	1.38626076441064
1	1.47318284469376
1	1.55247714002519
1	1.62463903459667
1	1.69018314154758
1	1.74962353014356
1	1.80346058013269
1	1.85217258760916
1	1.89621075085159
1	1.93599653568899
1	1.9719206928586
1	2.00434340031787
1	2.03359515057686
1	2.05997811087213
1	2.08376776277573
1	2.10521468527351
1	2.12454638710172
1	2.14196912436292
1	2.15766966122184
1	2.17181694707123
1	2.18456369462294
1	2.19604785114733
1	2.20639396045496
1	2.21571441685209
1	2.22411061468997
1	2.2316739986244
1	2.2384870205644
1	2.24462400970892
1	2.25015196218318
1	2.255131256693
1	0
1	0.123654586356214
1	0.262537689389133
1	0.407955462529548
1	0.553952326289361
1	0.696549548749194
1	0.833187234089831
1	0.962316155528432
1	1.08309989873174
1	1.19519814415216
1	1.29860956966992
1	1.39355850619703
1	1.48041365145748
1	1.559630227386
1	1.63170923996215
1	1.69716917773315
1	1.75652672260205
1	1.81028395878708
1	1.85892023823506
1	1.9028873560182
1	1.94260705376138
1	1.97847013720854
1	2.01083669095207
1	2.04003701780918
1	2.06637303613077
1	2.09011994566013
1	2.11152802893574
1	2.13082449620269
1	2.14821531145069
1	2.16388695854988
1	2.17800812173081
1	2.19073126548897
1	2.20219410659174
1	2.21252097611173
1	2.22182407295604
1	2.23020461268243
1	2.23775387684031
1	2.24455416890154
1	2.25067968323921
1	2.25619729370711
1	2.26116726826518
1	0
1	0.12501873721474
1	0.264860187861166
1	0.410941381724261
1	0.557388178902679
1	0.700281584140058
1	0.837105445254591
1	0.966342500909856
1	1.08717963455541
1	1.19929345167958
1	1.30269487504387
1	1.39761704812263
1	1.48443496836146
1	1.56360832167887
1	1.6356412405369
1	1.7010543687392
1	1.76036584117234
1	1.81407868997294
1	1.86267285428619
1	1.9066004610831
1	1.94628340536878
1	1.98211252347838
1	2.0144478480806
1	2.04361957649745
1	2.06992948866541
1	2.09365262759244
1	2.11503911095179
1	2.13431598298664
1	2.15168904523203
1	2.16734462567601
1	2.1814512610827
1	2.19416127790536
1	2.20561226472021
1	2.21592843428848
1	2.22522187684864
1	2.2335937085248
1	2.24113512015696
1	2.24792833266561
1	2.25404746544223
1	2.259559324341
1	2.264524115732
1	0
1	0.125965975354152
1	0.266472882760477
1	0.413014742250889
1	0.55977396388855
1	0.702873032320269
1	0.839826170041247
1	0.969138311859864
1	1.09001251872416
1	1.20213714851732
1	1.30553162659313
1	1.40043521568695
1	1.48722728764075
1	1.56637062807105
1	1.63837154040463
1	1.70375216501065
1	1.76303164569739
1	1.81671367281636
1	1.86527859325119
1	1.90917876443653
1	1.94883618788155
1	1.98464172116331
1	2.01695536089574
1	2.04610723114723
1	2.07239901574209
1	2.09610564885456
1	2.11747713367883
1	2.13674039918983
1	2.15410113411743
1	2.16974555820835
1	2.18384210582911
1	2.19654300757928
1	2.20798576302181
1	2.21829450276493
1	2.22758124158986
1	2.23594702657607
1	2.24348298557679
1	2.25027128219056
1	2.25638598374319
1	2.26189384887133
1	2.26685504117832
1	0
1	0.130743137921286
1	0.274606112815995
1	0.423471226089401
1	0.57180608364125
1	0.715942363807345
1	0.85354747629519
1	0.983238296709981
1	1.10429947323424
1	1.21647863406387
1	1.31983808528556
1	1.41464795062237
1	1.50130966310841
1	1.58030164092472
1	1.6521411362248
1	1.7173578369378
1	1.77647597512046
1	1.83000256066927
1	1.87841999679628
1	1.92218180322291
1	1.96171051858532
1	1.99739710758894
1	2.02960138501441
1	2.0586531054933
1	2.08485346813206
1	2.10847685822861
1	2.12977270163039
1	2.14896734598509
1	2.1662659111175
1	2.18185407088591
1	2.19589974323957
1	2.20855467536366
1	2.21995591790447
1	2.23022718715193
1	2.23948011733715
1	2.24781540732986
1	2.25532386732512
1	2.26208737183221
1	2.26817972559658
1	2.27366744912485
1	2.27861049033692
1	0
1	0.131206251079525
1	0.275394573707739
1	0.424484910506976
1	0.572972515158007
1	0.717209345890535
1	0.854877662862032
1	0.984605193570468
1	1.10568449552138
1	1.21786894276112
1	1.32122499836946
1	1.41602577783061
1	1.50267485286
1	1.58165215710864
1	1.65347600413401
1	1.71867681354946
1	1.77777931068253
1	1.83129082723683
1	1.87969396577136
1	1.92344235868328
1	1.96295859667951
1	1.99863365485086
1	2.03082733035047
1	2.05986934199554
1	2.08606084190245
1	2.10967616215933
1	2.1309646726438
1	2.15015266464787
1	2.16744520284488
1	2.18302790817298
1	2.19706864851829
1	2.20971912420231
1	2.22111634235192
1	2.23138397909172
1	2.24063363176112
1	2.24896596547329
1	2.25647175962849
1	2.26323286071083
1	2.26932304801034
1	2.27480881894859
1	2.27975010053646
1	0
1	0.132710803387574
1	0.277956108903571
1	0.427778147166232
1	0.576761993387029
1	0.721325490689295
1	0.85919914506066
1	0.989045939400567
1	1.11018412685715
1	1.22238574847512
1	1.32573077248604
1	1.42050203394504
1	1.50711005267054
1	1.58603968574052
1	1.65781269497947
1	1.72296187708098
1	1.78201355990042
1	1.83547612062167
1	1.88383280943785
1	1.9275376248047
1	1.96701332659559
1	2.00265092364108
1	2.03481015582647
1	2.06382062561602
1	2.08998333246572
1	2.11357243559686
1	2.1348371230535
1	2.15400350304047
1	2.17127646105625
1	2.18684144611314
1	2.20086616345327
1	2.2135021611483
1	2.22488630494024
1	2.23514214046542
1	2.2443811452102
1	2.25270387462019
1	2.26020100805021
1	2.26695430093662
1	2.27303744987058
1	2.27851687727538
1	2.28345244223306
1	0
1	0.133430708006449
1	0.279181763212182
1	0.429353909118385
1	0.57857519912644
1	0.723295001245181
1	0.861266906333256
1	0.991170766445287
1	1.11233712969031
1	1.22454696897817
1	1.32788671454321
1	1.42264385210238
1	1.50923222603212
1	1.58813904919278
1	1.6598877333504
1	1.72501221259409
1	1.78403958156356
1	1.83747871768856
1	1.88581318104499
1	1.92949714524181
1	1.96895345109592
1	2.0045731235818
1	2.03671587518299
1	2.0657112526907
1	2.09186018251533
1	2.11543674116409
1	2.13669002967654
1	2.15584606865321
1	2.17310965786018
1	2.18866616404596
1	2.2026832146301
1	2.21531228483508
1	2.22669017275248
1	2.23694036158205
1	2.24617427146235
1	2.25449240536478
1	2.261985394774
1	2.26873495156144
1	2.27481473274818
1	2.28029112487198
1	2.28522395451201
1	0
1	0.13553807149717
1	0.282769598426027
1	0.433966607968993
1	0.583882962788757
1	0.729060313109062
1	0.867319825704995
1	0.997390733397484
1	1.11863957510744
1	1.23087346982857
1	1.33419776389651
1	1.42891355682464
1	1.51544442490669
1	1.59428447704122
1	1.66596195483766
1	1.731014121862
1	1.78997031734767
1	1.84334088308485
1	1.89161028626353
1	1.93523321321559
1	1.97463274170228
1	2.01019994395596
1	2.0422944522475
1	2.0712456503974
1	2.09735425099106
1	2.12089408840831
1	2.14211400900206
1	2.16123977693029
1	2.17847594099634
1	2.19400762713938
1	2.20800223497033
1	2.22061102646167
1	2.2319706016731
1	2.24220426103493
1	2.25142325681256
1	2.25972793837063
1	2.26720879706431
1	2.27394741723829
1	2.28001734008079
1	2.28548484708259
1	2.29040966967781
1	0
1	0.135793388657366
1	0.283204281812204
1	0.43452545848366
1	0.584526023727805
1	0.729758808199831
1	0.868053165820119
1	0.998144312125475
1	1.11940314649571
1	1.23163995564757
1	1.33496237769277
1	1.42967316152123
1	1.51619706249494
1	1.59502902500049
1	1.6666978758059
1	1.73174128185921
1	1.79068885433711
1	1.84405111244404
1	1.89231263327119
1	1.93592816526928
1	1.97532081490652
1	2.01088166014075
1	2.04297032352472
1	2.07191616913424
1	2.0980198836488
1	2.12155527211333
1	2.14277115002422
1	2.16189325047024
1	2.17912609184937
1	2.19465477092559
1	2.20864665970971
1	2.22125299433797
1	2.23261035087753
1	2.24284200761533
1	2.25205919647813
1	2.26036224822038
1	2.26784163721989
1	2.27457893237087
1	2.28064766082784
1	2.28611409135464
1	2.29103794385811
1	0
1	0.136026528449883
1	0.283601207715602
1	0.435035766106294
1	0.58511322708613
1	0.730396630586742
1	0.868722806521718
1	0.998832433472876
1	1.12010039252059
1	1.23233986294981
1	1.33566057557998
1	1.43036678540934
1	1.51688432445192
1	1.5957089000101
1	1.66736987318247
1	1.73240527926051
1	1.79134497774262
1	1.84469964983695
1	1.89295397298966
1	1.93656275237452
1	1.97594912067315
1	2.01150416107158
1	2.04358748724854
1	2.07252844525022
1	2.09862769810043
1	2.12215902405731
1	2.14337121044101
1	2.16248996196978
1	2.17971976927733
1	2.19524570248667
1	2.2092351084059
1	2.22183919957919
1	2.23319453016524
1	2.24342435823101
1	2.25263989713128
1	2.26094146062682
1	2.26841950759278
1	2.27515559281495
1	2.28122323063315
1	2.28668867818975
1	2.29161164486561
1	0
1	0.143108515034286
1	0.295658454110629
1	0.450537159919817
1	0.602950449385574
1	0.749771485211819
1	0.889064192322455
1	1.01973519785352
1	1.14128033328051
1	1.25360064418004
1	1.35686943064954
1	1.45143669808779
1	1.53776098350151
1	1.61636116895644
1	1.68778284667892
1	1.75257524097017
1	1.81127575448979
1	1.86439998956234
1	1.9124356720733
1	1.95583933024842
1	1.99503489304241
1	2.03041360245561
1	2.06233480260485
1	2.0911272918584
1	2.11709101466174
1	2.14049893558192
1	2.16159898604145
1	2.1806160089601
1	2.19775365158845
1	2.21319617478785
1	2.22711015979476
1	2.2396461025074
1	2.2509398915803
1	2.26111417086709
1	2.27027958956954
1	2.27853594523893
1	2.28597322583256
1	2.29267255757098
1	2.29870706552716
1	2.30414265382357
1	2.30903871209745
1	0
1	0.147788828101104
1	0.303626795645866
1	0.460781654900803
1	0.614738636726636
1	0.762575856441377
1	0.902507320550069
1	1.03354932756096
1	1.15527764213045
1	1.26765137853496
1	1.37088584826503
1	1.46536129204888
1	1.55155786082919
1	1.63000975231043
1	1.70127328547732
1	1.76590507917614
1	1.82444752115862
1	1.87741946599577
1	1.92531065421261
1	1.96857875275812
1	2.00764821682459
1	2.04291039336889
1	2.07472444836091
1	2.10341881822189
1	2.12929297250631
1	2.15261933803255
1	2.17364528058113
1	2.19259507353012
1	2.20967180675865
1	2.22505920630668
1	2.23892334746297
1	2.25141425251182
1	2.26266737029217
1	2.27280493873899
1	2.28193723421904
1	2.29016371313323
1	2.29757405222072
1	2.30424909447366
1	2.31026170770803
1	2.31567756274402
1	2.32055583790804
1	0
1	0.148137535481165
1	0.304220478047132
1	0.461544922433096
1	0.615616917274259
1	0.763529847911828
1	0.903508902700056
1	1.03457855122812
1	1.15632051358526
1	1.2686982304645
1	1.3719301434211
1	1.46639874587073
1	1.55258579910538
1	1.63102664192336
1	1.70227839250801
1	1.76689822063721
1	1.8254288854777
1	1.87838948390954
1	1.92626990655878
1	1.96952790521511
1	2.00858797427824
1	2.04384146852483
1	2.07564754065192
1	2.10433460011382
1	2.1302020810832
1	2.15352237031341
1	2.17454279144171
1	2.19348757541239
1	2.21055977057757
1	2.22594306313024
1	2.23980349066347
1	2.25229104017487
1	2.26354112773487
1	2.27367596103543
1	2.28280578866515
1	2.29103004160752
1	2.29843837341432
1	2.30511160597575
1	2.31112258794081
1	2.31653697274747
1	2.3214139229784
1	0
1	0.150506384095404
1	0.308253497747748
1	0.466729972533983
1	0.621583276970416
1	0.770010529141976
1	0.910312878250066
1	1.04157030189677
1	1.16340497678225
1	1.27580973393244
1	1.37902427814479
1	1.47344640585365
1	1.55956881782056
1	1.63793460455381
1	1.70910631337502
1	1.77364485666592
1	1.83209551669982
1	1.88497903641749
1	1.93278632611525
1	1.97597571392523
1	2.01497196059194
1	2.05016647401372
1	2.08191831672206
1	2.11055571497886
1	2.13637786260005
1	2.15965687416802
1	2.18063978703146
1	2.19955054387229
1	2.21659191094001
1	2.23194730373827
1	2.24578250378462
1	2.25824725836628
1	2.26947676094969
1	2.27959301377899
1	2.28870607673969
1	2.2969152081487
1	2.30430990404086
1	2.31097084295587
1	2.31697074333713
1	2.32237514054126
1	2.32724309020011
1	0
1	0.15082323382164
1	0.308792941754581
1	0.467423508497029
1	0.622381318442966
1	0.770877364642249
1	0.911222956579842
1	1.04250549643472
1	1.16435257225586
1	1.27676094622748
1	1.37997316725133
1	1.47438907864531
1	1.56050284439994
1	1.6388585918678
1	1.71001959455495
1	1.77454726544201
1	1.83298722428508
1	1.88586043419682
1	1.93365794186144
1	1.97683815250081
1	2.01582586248488
1	2.05101248681739
1	2.08275707596955
1	2.11138783170005
1	2.13720391567543
1	2.16047740607337
1	2.18145530194949
1	2.20036150742866
1	2.2173987510272
1	2.23275041204223
1	2.24658223773943
1	2.25904394334312
1	2.27027069254491
1	2.28038446010893
1	2.28949528068033
1	2.29770238948069
1	2.30509526147587
1	2.31175455603147
1	2.31775297417501
1	2.32315603546889
1	2.32802278123958
1	0
1	0.156565950581987
1	0.318570050215765
1	0.479993443924148
1	0.636845355367669
1	0.786588253255024
1	0.927717596293485
1	1.05945535279433
1	1.18152718835199
1	1.29400111510577
1	1.39717122969104
1	1.49147447399809
1	1.57743153219047
1	1.65560532381989
1	1.72657228406226
1	1.79090289896166
1	1.84914890495315
1	1.90183525563671
1	1.94945546964752
1	1.99246934941417
1	2.03130233699706
1	2.06634597618096
1	2.09795909885185
1	2.12646946266151
1	2.15217564658801
1	2.17534906899456
1	2.19623603489737
1	2.21505974959695
1	2.23202225771814
1	2.24730628233533
1	2.26107694991933
1	2.27348339457294
1	2.28466024033664
1	2.29472896391473
1	2.30379914248595
1	2.31196959268242
1	2.31932940760714
1	2.32595889910611
1	2.33193045255404
1	2.33730930125279
1	2.34215422725169
1	0
1	0.156634316222131
1	0.318686444303545
1	0.480143085934697
1	0.637017546193837
1	0.786775287545945
1	0.9279139609498
1	1.05965713669361
1	1.18173164796103
1	1.29420635510466
1	1.39737596842306
1	1.49167787145597
1	1.57763306408311
1	1.65580468957272
1	1.72676933978719
1	1.7910976087832
1	1.84934130581337
1	1.90202543198346
1	1.94964353535663
1	1.99265543499487
1	2.03148658064538
1	2.06652851762602
1	2.09814007522056
1	2.12664900579381
1	2.15235388138708
1	2.17552611250864
1	2.19641199591233
1	2.21523472857933
1	2.23219634699292
1	2.24747956641532
1	2.26124950592692
1	2.27365529271241
1	2.28483154438788
1	2.29489973172832
1	2.30396942646646
1	2.3121394402512
1	2.31949886163957
1	2.32612799834043
1	2.33209923197072
1	2.33747779242444
1	2.34232245866429
1	0
1	0.160000085534528
1	0.324416744611903
1	0.487510244143079
1	0.645494825092684
1	0.795983338189934
1	0.937581363066958
1	1.06959133835555
1	1.19179757985719
1	1.30431070706431
1	1.4074556420702
1	1.50169151164899
1	1.58755485898304
1	1.66561984132747
1	1.7364707645146
1	1.8006835402652
1	1.85881356277804
1	1.9113881719578
1	1.95890236466217
1	2.00181677884702
1	2.04055724269454
1	2.07551537700035
1	2.10704988293681
1	2.13548825258054
1	2.16112871646288
1	2.18424229837908
1	2.20507488831096
1	2.22384927366326
1	2.24076709009484
1	2.25601066826001
1	2.2697447633953
1	2.28211816209381
1	2.29326516568557
1	2.30330695303593
1	2.31235282775948
1	2.32050135617255
1	2.32784140302478
1	2.33445307234608
1	2.34040856075128
1	2.3457729303589
1	2.35060480817102
1	0
1	0.160784835999967
1	0.325752800478098
1	0.489227943811828
1	0.647471356442299
1	0.798130253607471
1	0.939835379194291
1	1.07190756048915
1	1.19414451573051
1	1.30666660081914
1	1.40980578191994
1	1.50402625538003
1	1.58986818840137
1	1.66790830622003
1	1.73873271322933
1	1.80291856099716
1	1.8610220795752
1	1.91357115417396
1	1.96106111944675
1	2.00395280427976
1	2.04267212508969
1	2.07761072027027
1	2.10912726112389
1	2.1375491790393
1	2.16317462492265
1	2.18627453240459
1	2.20709469662546
1	2.22585780949465
1	2.24276541321628
1	2.25799974877087
1	2.27172548656245
1	2.28409133377303
1	2.29523151798855
1	2.30526715001374
1	2.3143074709498
1	2.32245098991217
1	2.32978651946841
1	2.33639411615936
1	2.34234593346545
1	2.34770699438729
1	2.35253589049636
1	0
1	0.162178073928893
1	0.328124820362034
1	0.492277530189159
1	0.650980469931587
1	0.801941865223701
1	0.943837136312405
1	1.07601975751289
1	1.19831124161278
1	1.31084923043239
1	1.41397819610907
1	1.5081713354579
1	1.59397524972809
1	1.67197122332267
1	1.74274855378176
1	1.8068865938851
1	1.86494305764911
1	1.9174467984146
1	1.96489375055383
1	2.00774508192866
1	2.04642686560647
1	2.08133077122449
1	2.11281541705425
1	2.14120812673992
1	2.16680690982187
1	2.18988253985345
1	2.21068064359441
1	2.22942374341269
1	2.24631321559379
1	2.26153114191234
1	2.2752420421616
1	2.28759448253794
1	2.2987225597028
1	2.30874726362685
1	2.31777772442553
1	2.32591234966051
1	2.33323985925575
1	2.33984022544055
1	2.34578552511492
1	2.35114071182996
1	2.35596431425401
1	0
1	0.165613998554524
1	0.333974561718112
1	0.499798247730871
1	0.659634447261408
1	0.811341846335066
1	0.953706043512278
1	1.08616102536524
1	1.20858698545373
1	1.32116419515571
1	1.42426796813087
1	1.51839369763962
1	1.60410385221477
1	1.68199095981923
1	1.75265219275126
1	1.81667233229484
1	1.8746127521363
1	1.92700469316476
1	1.97434556874536
1	2.01709738270266
1	2.05568659442707
1	2.09050495060679
1	2.12191093873161
1	2.15023161673214
1	2.17576464552043
1	2.19878040387625
1	2.21952410330866
1	2.23821784807204
1	2.2550626052728
1	2.27024006406099
1	2.28391437280208
1	2.29623375000168
1	2.30733196944258
1	2.31732972310128
1	2.32633586738652
1	2.33444855941374
1	2.34175629063453
1	2.34833882535376
1	2.35426805161322
1	2.35960875169147
1	2.36441929912877
1	0
1	0.168124351942302
1	0.33824849657725
1	0.505293030305121
1	0.665957211487842
1	0.818209655440052
1	0.960916459141901
1	1.09357043298717
1	1.21609464384956
1	1.32870050909136
1	1.43178587578859
1	1.52586235435651
1	1.61150400627409
1	1.68931157426785
1	1.75988798408759
1	1.82382198318809
1	1.88167761908175
1	1.93398787704694
1	1.98125125102976
1	2.02393035562541
1	2.06245193247939
1	2.09720778457486
1	2.12855630384994
1	2.15682435409971
1	2.1823093415216
1	2.20528135646612
1	2.22598530705211
1	2.24464299205204
1	2.26145507961809
1	2.27660297204117
1	2.29025054631441
1	2.30254576691373
1	2.31362217172053
1	2.32360023499097
1	2.33258861315835
1	2.34068528035719
1	2.34797856111276
1	2.35454806781628
1	2.36046555052605
1	2.36579566638558
1	2.37059667559554
1	0
1	0.168838500343265
1	0.339464350791376
1	0.506856192769876
1	0.667755919185317
1	0.820163418170961
1	0.962967686995817
1	1.09567827032634
1	1.21823043168903
1	1.33084444889382
1	1.4339245793506
1	1.52798704695066
1	1.61360921114846
1	1.69139415161653
1	1.76194643085357
1	1.82585592461551
1	1.88368744106804
1	1.93597446173552
1	1.98321578796905
1	2.02587420811661
1	2.06437654411996
1	2.09911461497712
1	2.13044678544356
1	2.15869986408645
1	2.18417118464169
1	2.20713075540709
1	2.22782339819265
1	2.24647082486698
1	2.26327361853541
1	2.27841309988279
1	2.29205306870192
1	2.30434141720207
1	2.31541161615509
1	2.3253840778798
1	2.33436740192025
1	2.34245951035633
1	2.34974868022588
1	2.35631448070356
1	2.36222862259396
1	2.36755572744201
1	2.3723540232054
1	0
1	0.172878160604327
1	0.346341966067729
1	0.515698395989728
1	0.677930510344452
1	0.831215095459525
1	0.974570686647797
1	1.10760148785979
1	1.23031175435178
1	1.34297188404655
1	1.44602239512391
1	1.54000560811804
1	1.62551753785047
1	1.70317448319002
1	1.77359026508863
1	1.83736114166366
1	1.89505622380125
1	1.94721180009667
1	1.99432841077174
1	2.03686982702641
1	2.07526332500734
1	2.10990081430235
1	2.14114050590517
1	2.16930889598014
1	2.19470290837643
1	2.21759208725153
1	2.23822076619993
1	2.2568101655088
1	2.27356038720641
1	2.2886522903639
1	2.30224923808172
1	2.31449871378466
1	2.32553380863205
1	2.33547458458719
1	2.34442931939368
1	2.35249564067856
1	2.35976155686183
1	2.36630639265878
1	2.37220163683093
1	2.37751170955595
1	2.38229465640546
1	0
1	0.172936275192526
1	0.346440907501846
1	0.515825600003354
1	0.678076882102742
1	0.83137408498662
1	0.974737607503282
1	1.10777301537255
1	1.23048555636632
1	1.34314634943579
1	1.44619643440849
1	1.54017850724515
1	1.6256888511436
1	1.70334395514409
1	1.77375777339079
1	1.83752665581775
1	1.89521977521008
1	1.9473734605456
1	1.99448827706154
1	2.03702801009717
1	2.07541994233335
1	2.11005598466112
1	2.14129434586219
1	2.16946151760668
1	2.19485441784711
1	2.21774258406385
1	2.23837034282792
1	2.2569589073546
1	2.27370837275138
1	2.2887995914486
1	2.30239592026448
1	2.31464483674302
1	2.32567942658244
1	2.33561974670582
1	2.34457407022733
1	2.35264002053803
1	2.35990560219356
1	2.36645013639242
1	2.37234510870184
1	2.37765493640258
1	2.38243766244248
1	0
1	0.183268889548354
1	0.364032423061534
1	0.538442124666887
1	0.704101379184571
1	0.859641986747696
1	1.00441567769407
1	1.13827013658873
1	1.26138707776054
1	1.37416581702973
1	1.47714014176386
1	1.57091949773177
1	1.65614788469678
1	1.73347560366562
1	1.80354028998847
1	1.86695461835819
1	1.92429876702773
1	1.97611624488094
1	2.02291206482625
1	2.06515252613477
1	2.10326607324936
1	2.13764484877104
1	2.16864666819086
1	2.19659722411717
1	2.22179238609711
1	2.24450050443625
1	2.26496465695141
1	2.2834047994944
1	2.30001979667719
1	2.31498932021786
1	2.32847560996603
1	2.34062509787965
1	2.35156989868675
1	2.36142917317352
1	2.37031037135524
1	2.37831036347357
1	2.38551646701531
1	2.3920073779025
1	2.39785401376227
1	2.40312027681956
1	2.40786374351643
1	0
1	0.184044459414535
1	0.36535284874459
1	0.540139729397183
1	0.706054787588689
1	0.861763785939175
1	1.00664332465095
1	1.14055926181938
1	1.26370655741856
1	1.37649414977325
1	1.47946278791577
1	1.57322692788032
1	1.65843415105332
1	1.73573729638025
1	1.80577577673139
1	1.86916349214206
1	1.92648144693971
1	1.97827368893458
1	2.02504556487899
1	2.06726356274066
1	2.10535621416476
1	2.13971567914455
1	2.17069974365053
1	2.19863404031318
1	2.22381435998594
1	2.2465089638646
1	2.26696083603403
1	2.28538983796787
1	2.30199474191665
1	2.31695513097372
1	2.33043316114865
1	2.34257518591731
1	2.35351324712634
1	2.36336643829757
1	2.37224214766416
1	2.3802371889361
1	2.38743882802856
1	2.39392571393008
1	2.39976872163802
1	2.40503171471701
1	2.40977223459303
1	0
1	0.187431190922699
1	0.371118837677365
1	0.547552770670706
1	0.714584863445185
1	0.871029184827298
1	1.0163709358784
1	1.1505553342338
1	1.27383518049031
1	1.38666143219075
1	1.48960523832289
1	1.58330293357335
1	1.66841773943573
1	1.74561357743812
1	1.81553762246377
1	1.87880912533078
1	1.93601269763997
1	1.98769474056668
1	2.03436205868095
1	2.07648196394448
1	2.11448336879436
1	2.14875850917167
1	2.17966504213762
1	2.2075283384134
1	2.23264384521556
1	2.2552794346184
1	2.27567768140136
1	2.29405803491077
1	2.3106188640764
1	2.32553936498832
1	2.3389813275462
1	2.3510907625131
1	2.36199939347975
1	2.37182602024031
1	2.38067776123995
1	2.38865118332815
1	2.39583332721881
1	2.40230263695297
1	2.40812980137368
1	2.41337851522521
1	2.41810616702647
1	0
1	0.189001221743665
1	0.37379185155992
1	0.550989329857187
1	0.718539260765314
1	0.875324465332363
1	1.02088049012108
1	1.15518934249263
1	1.27853063696753
1	1.39137481047966
1	1.49430710491636
1	1.58797399753344
1	1.67304596031077
1	1.75019205247224
1	1.8200630472376
1	1.88328067595636
1	1.94043122249962
1	1.99206217902251
1	2.03868102591445
1	2.08075545712666
1	2.11871456162487
1	2.15295061055824
1	2.18382120122787
1	2.21165158293826
1	2.23673704360178
1	2.25934527490266
1	2.27971866187334
1	2.29807646280497
1	2.31461685965471
1	2.32951886910456
1	2.34294411133185
1	2.35503843822387
1	2.36593342583336
1	2.37574773778732
1	2.38458836746186
1	2.39255176726612
1	2.39972487351455
1	2.40618603523803
1	2.41200585498168
1	2.41724794922751
1	2.42196963560933
1	0
1	0.190659347832438
1	0.376614849678892
1	0.554618716214845
1	0.722715541430839
1	0.879860756320371
1	1.02564307786056
1	1.16008336742955
1	1.28348955801519
1	1.39635265894144
1	1.49927279575532
1	1.59290715738681
1	1.67793387313071
1	1.75502742818556
1	1.8248423960122
1	1.88800312767549
1	1.94509767314876
1	1.99667467678243
1	2.04324233270587
1	2.08526873829347
1	2.12318316894467
1	2.15737793299233
1	2.18821056462418
1	2.21600618491535
1	2.24105991353534
1	2.26363925165654
1	2.28398638391759
1	2.30232036683426
1	2.31883918489997
1	2.33372166532192
1	2.34712924903196
1	2.35920762012694
1	2.37008819884321
1	2.37988950500021
1	2.38871839988726
1	2.39667121505187
1	2.40383477655114
1	2.41028733307473
1	2.41609939602755
1	2.42133449923806
1	2.42604988547757
1	0
1	0.191292030941846
1	0.377692007344922
1	0.556003563520218
1	0.724309064538109
1	0.881591646815917
1	1.02746031530724
1	1.16195075672857
1	1.28538170940765
1	1.39825203237528
1	1.50116753026413
1	1.59478947920563
1	1.67979893025898
1	1.7568724389855
1	1.82666602888556
1	1.88980505061604
1	1.94687822803333
1	1.9984346451254
1	2.04498276835989
1	2.08699084904342
1	2.12488823371204
1	2.15906724488659
1	2.18988539267297
1	2.21766774921842
1	2.24270936999685
1	2.26527768348797
1	2.28561479786713
1	2.30393969265964
1	2.32045027701365
1	2.33532530583938
1	2.34872615167485
1	2.36079843459394
1	2.37167351537888
1	2.38146985897717
1	2.39029427627842
1	2.39824305271354
1	2.40540297226929
1	2.41185224534859
1	2.41766134858045
1	2.42289378425561
1	2.42760676658045
1	0
1	0.192077035946633
1	0.37902849657026
1	0.557721820336969
1	0.726286236989606
1	0.883739258600609
1	1.0297150625406
1	1.16426773014516
1	1.28772940652617
1	1.40060869028087
1	1.5035184323983
1	1.59712498022725
1	1.68211301002203
1	1.75916164615779
1	1.8289287112793
1	1.89204079629273
1	1.94908746117848
1	2.00061833540723
1	2.04714222335181
1	2.08912756731107
1	2.12700380208421
1	2.16116326779588
1	2.19196344467231
1	2.21972934415321
1	2.24475594206146
1	2.26731057668292
1	2.2876352613207
1	2.3059488799738
1	2.32244924830528
1	2.33731503152253
1	2.35070751730352
1	2.36277224628531
1	2.37364050548209
1	2.3834306917587
1	2.39224955347104
1	2.40019331883062
1	2.40734871962515
1	2.41379391875311
1	2.41959934969512
1	2.4248284756113
1	2.42953847526596
1	0
1	0.193052397749027
1	0.380689072658001
1	0.559856739293591
1	0.728742856341302
1	0.886407647322196
1	1.03251656611327
1	1.16714654920226
1	1.29064639951225
1	1.40353681696593
1	1.50643940758808
1	1.60002681967038
1	1.6849882337401
1	1.76200596590099
1	1.83174007421885
1	1.89481869059864
1	1.95183241389755
1	2.00333155134365
1	2.04982532715404
1	2.09178242093371
1	2.12963237714805
1	2.16376755779428
1	2.19454540597343
1	2.22229085769662
1	2.24729878982103
1	2.26983642856745
1	2.29014566936108
1	2.30844527751029
1	2.3249329525238
1	2.33978724815396
1	2.35316934664092
1	2.36522468992215
1	2.37608447335574
1	2.38586700921442
1	2.39467896815648
1	2.40261650729885
1	2.40976629357238
1	2.4162064308517
1	2.42200729900592
1	2.42723231257573
1	2.43193860628896
1	0
1	0.193720535574808
1	0.381826592800868
1	0.561319191592208
1	0.730425678355024
1	0.88823553460915
1	1.03443563911917
1	1.16911858450332
1	1.29264458454139
1	1.40554262874999
1	1.50844032048795
1	1.60201462428969
1	1.68695780617867
1	1.76395436864177
1	1.83366590104259
1	1.89672159089394
1	1.95371274869955
1	2.00519014596176
1	2.0516632944974
1	2.09360103646986
1	2.13143299146751
1	2.16555153647067
1	2.19631408914899
1	2.22404553384388
1	2.24904067961945
1	2.27156667593025
1	2.29186533745326
1	2.31015534819198
1	2.32663432808758
1	2.34148075454403
1	2.35485573757492
1	2.36690465150702
1	2.37775862891255
1	2.38753592411736
1	2.39634315455569
1	2.40427642864357
1	2.41142236888392
1	2.41785903871913
1	2.42365678129357
1	2.42887897784291
1	2.43358273292931
1	0
1	0.194305456430075
1	0.382822434121591
1	0.562599494572054
1	0.731898903868606
1	0.8898357574284
1	1.03611569042089
1	1.17084500161429
1	1.29439389441598
1	1.40729861546256
1	1.51019201847533
1	1.60375484664078
1	1.68868206717816
1	1.76566009664215
1	1.83535186497005
1	1.89838748380595
1	1.95535888666411
1	2.00681725149548
1	2.05327234189594
1	2.09519314234047
1	2.13300933818388
1	2.16711331952337
1	2.19786248176475
1	2.22558166401518
1	2.25056561598941
1	2.27308141993699
1	2.29337081984394
1	2.31165242853545
1	2.32812379629533
1	2.34296333368841
1	2.3563320874976
1	2.36837537285989
1	2.37922426738168
1	2.38899697465922
1	2.39780006553182
1	2.40572960578033
1	2.41287217901326
1	2.41930581327661
1	2.42510081956415
1	2.43032054995462
1	2.43502208260168
1	0
1	0.197209066066218
1	0.387765896863394
1	0.568955055390217
1	0.739212152761897
1	0.897779434519251
1	1.04445564463001
1	1.17941512065565
1	1.30307765558249
1	1.41601552116639
1	1.51888763448894
1	1.61239349636946
1	1.69724148305172
1	1.77412751272747
1	1.84372117008525
1	1.90665715425545
1	1.96353049144325
1	2.01489437725394
1	2.06125982514143
1	2.10309652603083
1	2.14083449174837
1	2.17486617750501
1	2.20554886818636
1	2.23320717835202
1	2.25813556310011
1	2.28060077106738
1	2.30084419532243
1	2.31908409535365
1	2.33551767565836
1	2.35032301500464
1	2.36366084629158
1	2.3756761908318
1	2.38649985337546
1	2.39624978569176
1	2.40503232731768
1	2.41294333238851
1	2.42006919143679
1	2.42648775679704
1	2.43226917986389
1	2.4374766679782
1	2.44216716819893
1	0
1	0.200194858933619
1	0.392849278462289
1	0.575490502828812
1	0.746732394502149
1	0.905947947980416
1	1.05303165136386
1	1.18822780676468
1	1.31200720032241
1	1.42497914856049
1	1.52782936961337
1	1.62127665284573
1	1.70604316305246
1	1.78283458899494
1	1.85232735846781
1	1.91516088793113
1	1.97193338381592
1	2.02320011648917
1	2.06947338463855
1	2.11122360563453
1	2.14888112701515
1	2.18283847094812
1	2.21345280867067
1	2.2410485238393
1	2.26591976859673
1	2.28833294852442
1	2.3085290958412
1	2.32672610669791
1	2.34312083001828
1	2.35789100338255
1	2.37119703692188
1	2.38318364980816
1	2.39398136621244
1	2.40370787894921
1	2.41246928970636
1	2.42036123498326
1	2.42746990677168
1	2.43387297672138
1	2.43964043211059
1	2.44483533144559
1	2.44951448698023
1	0
1	0.201812778157787
1	0.395603823461852
1	0.579031882461968
1	0.750807407144446
1	0.910374241279588
1	1.05767875408582
1	1.19300315954552
1	1.31684587558871
1	1.42983629228185
1	1.53267465051452
1	1.62609019158486
1	1.71081255192522
1	1.7875527147006
1	1.85699081579701
1	1.91976882786604
1	1.97648668061584
1	2.02770076866981
1	2.07392408714853
1	2.11562744706329
1	2.15324137786515
1	2.18715843800381
1	2.21773573713361
1	2.24529753379097
1	2.27013781595539
1	2.29252280331608
1	2.31269333255731
1	2.33086710294723
1	2.34724077073403
1	2.36199188861763
1	2.37528069183005
1	2.38725173582147
1	2.39803539272478
1	2.40774921503404
1	2.41649917555324
1	2.42438079285081
1	2.43148015133474
1	2.43787482474666
1	2.44363471143463
1	2.44882278925557
1	2.45349579741611
1	0
1	0.20887046141065
1	0.407619692871325
1	0.594480079971222
1	0.76858341725122
1	0.929682607002168
1	1.07795033412835
1	1.21383419167889
1	1.33795313291211
1	1.45102411265444
1	1.55381072292201
1	1.64708779841139
1	1.73161756831349
1	1.80813411102761
1	1.87733373786697
1	1.93986957209544
1	1.99634906069643
1	2.04733350252189
1	2.09333893067037
1	2.13483787329211
1	2.17226165337868
1	2.20600298764911
1	2.23641871712087
1	2.26383255453194
1	2.28853777174944
1	2.31079977756386
1	2.330858555699
1	2.34893094658201
1	2.36521276597215
1	2.37988076008485
1	2.39309440120774
1	2.40499753060433
1	2.41571985718718
1	2.42537832134481
1	2.43407833366424
1	2.44191489827585
1	2.44897363028587
1	2.45533167634137
1	2.46105854685943
1	2.46621686788853
1	2.47086305998895
1	0
1	0.212496840060449
1	0.413793686620281
1	0.60241767246699
1	0.777717086363342
1	0.939603631042242
1	1.08836627692858
1	1.22453759213981
1	1.34879846339394
1	1.46191083804038
1	1.56467085916971
1	1.65787678827739
1	1.74230760136485
1	1.81870924362414
1	1.88778633762612
1	1.95019773604202
1	2.00655474838144
1	2.05742119338695
1	2.10331466513086
1	2.1447085740637
1	2.18203465091404
1	2.21568569372281
1	2.24601840547652
1	2.273356218471
1	2.29799203662052
1	2.32019085205961
1	2.34019221024395
1	2.35821251031099
1	2.37444713616003
1	2.38907241961865
1	2.40224744095839
1	2.41411567447941
1	2.42480648831837
1	2.43443650835179
1	2.44311085628833
1	2.45092427192986
1	2.45796212924597
1	2.46430135543402
1	2.4700112615844
1	2.4751542929794
1	2.47978670645241
1	0
1	0.212707102155223
1	0.414151662712726
1	0.602877904281371
1	0.778246668237149
1	0.940178864766688
1	1.08897020667881
1	1.22515818905465
1	1.34942728959381
1	1.46254206436999
1	1.56530054382691
1	1.65850234777594
1	1.74292742322011
1	1.81932240340336
1	1.88839239279394
1	1.95079657626151
1	2.00714648726987
1	2.05800609066811
1	2.1038930710358
1	2.14528088998036
1	2.1826013018715
1	2.21624710946528
1	2.246575007745
1	2.2739084127461
1	2.29854020704847
1	2.32073535862838
1	2.34073338753018
1	2.35875066730476
1	2.37498255681163
1	2.38960536385164
1	2.40277814596671
1	2.41464435618002
1	2.42533334286959
1	2.43496171367613
1	2.44363457355877
1	2.45144664699326
1	2.45848329396779
1	2.46482142895573
1	2.47053035149028
1	2.47567249637264
1	2.48030411094312
1	0
1	0.213575308121759
1	0.415629803504917
1	0.604778275376137
1	0.780433396867913
1	0.942554097222408
1	1.09146392963484
1	1.22772073341083
1	1.35202381398982
1	1.46514849928727
1	1.56790061293115
1	1.66108538343745
1	1.74548676723074
1	1.8218542386318
1	1.89089489194063
1	1.95326928372747
1	2.00958987219913
1	2.06042122550189
1	2.10628140193435
1	2.14764407433902
1	2.18494109470356
1	2.21856528525364
1	2.24887330792602
1	2.27618851161433
1	2.30080369080539
1	2.3229837137222
1	2.34296799548154
1	2.36097280398338
1	2.37719339469387
1	2.39180597620359
1	2.40496951220032
1	2.41682736785104
1	2.42750880994727
1	2.43713037083108
1	2.4457970863001
1	2.45360361754613
1	2.46063526682583
1	2.46696889607326
1	2.47267375709999
1	2.47781224142926
1	2.48244055720288
1	0
1	0.214361780062954
1	0.416968790223509
1	0.606499743094051
1	0.782414264055415
1	0.944705722242557
1	1.09372289030734
1	1.23004203654842
1	1.35437589824264
1	1.46750956107215
1	1.57025590818882
1	1.66342524880256
1	1.74780517130744
1	1.8241477236384
1	1.89316180260193
1	1.95550920733514
1	2.01180323373139
1	2.06260899643895
1	2.10844489229309
1	2.14978478548545
1	2.18706061643176
1	2.22066522499442
1	2.25095524317466
1	2.27825395904516
1	2.30285408729285
1	2.32502040577834
1	2.34499223456888
1	2.36298574585961
1	2.37919610145694
1	2.39379942008093
1	2.40695458040078
1	2.41880486799817
1	2.42947947575876
1	2.43909486781473
1	2.44775601731313
1	2.45555752811943
1	2.46258465019372
1	2.46891419787683
1	2.47461537975131
1	2.47975054813666
1	2.48437587566639
1	0
1	0.21528329702796
1	0.418537694226907
1	0.60851680387356
1	0.784735265763287
1	0.947226802594624
1	1.09636973690662
1	1.23276193043169
1	1.35713185866356
1	1.47027604055633
1	1.57301563097592
1	1.6661668922317
1	1.75052166833233
1	1.826835022742
1	1.89581796428185
1	1.95813374801698
1	2.01439665136631
1	2.06517242931996
1	2.11097987537994
1	2.15229307794356
1	2.1895440810386
1	2.2231257451926
1	2.25339466733104
1	2.28067406426207
1	2.3052565571703
1	2.32740681803784
1	2.34736405556147
1	2.36534432979803
1	2.38154269281186
1	2.39613515802088
1	2.40928050447715
1	2.42112192451148
1	2.43178852441329
1	2.44139668839256
1	2.45005131618804
1	2.45784694449538
1	2.46486876199824
1	2.47119352727201
1	2.47689039824734
1	2.48202168130836
1	2.48664350748312
1	0
1	0.216562641138983
1	0.420715807244601
1	0.611317093968947
1	0.787957517744962
1	0.95072682421583
1	1.10004436009661
1	1.23653796533316
1	1.36095796482177
1	1.47411675035413
1	1.57684696043573
1	1.66997312207748
1	1.75429298736755
1	1.83056580623627
1	1.89950551961959
1	1.96177740385073
1	2.01799709900282
1	2.06873124905401
1	2.11449919819965
1	2.15577534610232
1	2.19299188063465
1	2.2265416910136
1	2.25678132546894
1	2.2840339018721
1	2.3085919115982
1	2.330719879638
1	2.3506568600724
1	2.36861875727637
1	2.38480047095908
1	2.39937786834726
1	2.41250959019428
1	2.42433869937052
1	2.43499418194367
1	2.44459231116752
1	2.45323788486792
1	2.46102534648848
1	2.46803979964269
1	2.47435792548663
1	2.48004881163082
1	2.48517470068717
1	2.48979166592281
1	0
1	0.217059729270173
1	0.421562111315694
1	0.612405144445996
1	0.789209521175468
1	0.952086754817631
1	1.10147213199832
1	1.23800514067427
1	1.36244459530965
1	1.47560905507448
1	1.57833562043325
1	1.67145202964005
1	1.7557583303626
1	1.8320153991793
1	1.90093831629697
1	1.96319314341094
1	2.01939605005255
1	2.07011402561553
1	2.11586662826669
1	2.15712837861048
1	2.19433152041034
1	2.22786895403047
1	2.25809720877997
1	2.28533936408847
1	2.30988786089374
1	2.33200716707315
1	2.35193627663172
1	2.36989103345438
1	2.3860662780528
1	2.40063782085125
1	2.41376424886722
1	2.42558857466941
1	2.43623973761339
1	2.44583396784105
1	2.45447602358004
1	2.46226031204099
1	2.46927190378342
1	2.47558744988221
1	2.48127601062504
1	2.4863998038452
1	2.49101488036683
1	0
1	0.217687590646588
1	0.422631059869483
1	0.613779437709632
1	0.790790899904567
1	0.953804454046195
1	1.1032755201204
1	1.23985829843706
1	1.36432232645181
1	1.47749395321821
1	1.58021591500561
1	1.6733200061206
1	1.75760917372831
1	1.8338463489915
1	1.90274805110562
1	1.96498133374007
1	2.02116303517351
1	2.07186058108671
1	2.11759379990925
1	2.15883736500466
1	2.19602359073085
1	2.22954539153189
1	2.25975927281855
1	2.2869882654655
1	2.31152474670412
1	2.33363311227312
1	2.35355228029695
1	2.37149801825683
1	2.38766509189338
1	2.40222923988487
1	2.41534898137621
1	2.42716726540102
1	2.43781297231389
1	2.44740227780293
1	2.45603989008019
1	2.46382017059116
1	2.47082814814563
1	2.47714043582355
1	2.48282605940171
1	2.48794720541603
1	2.49255989634344
1	0
1	0.221645749009387
1	0.429369916273972
1	0.622443245643576
1	0.8007602142731
1	0.964633158950996
1	1.11464442422076
1	1.25154095988421
1	1.37615990318869
1	1.48937671210559
1	1.59206965209738
1	1.6850960876025
1	1.76927724477301
1	1.84538900726493
1	1.91415696593363
1	1.97625442804305
1	2.03230244778305
1	2.08287120127141
1	2.12848222072599
1	2.16961114253281
1	2.20669072609089
1	2.24011397460643
1	2.27023724283068
1	2.2973832555383
1	2.32184398834362
1	2.34388338220924
1	2.36373987689407
1	2.38162875821576
1	2.39774432054381
1	2.41226185025603
1	2.42533943861544
1	2.43711963411859
1	2.44773094516639
1	2.45728920416001
1	2.46589880400351
1	2.47365381763025
1	2.48063901065165
1	2.48693075662035
1	2.49259786374994
1	2.4977023212717
1	2.50229997295622
1	0
1	0.224779156768648
1	0.434704615649526
1	0.629301799677218
1	0.808652249945666
1	0.973205516310508
1	1.12364442095084
1	1.26078933720316
1	1.38553091652327
1	1.49878349310987
1	1.60145345849803
1	1.69441841927975
1	1.77851407185166
1	1.85452655348752
1	1.92318863646577
1	1.9851785786005
1	2.04112077153492
1	2.09158756872282
1	2.13710185115663
1	2.17814001758251
1	2.21513517970861
1	2.24848041100812
1	2.27853194696527
1	2.30561227003598
1	2.33001303790131
1	2.35199783150825
1	2.37180471192585
1	2.38964858367113
1	2.40572336796078
1	2.42020399311673
1	2.43324821167671
1	2.44499825505901
1	2.45558233721383
1	2.46511601878513
1	2.47370344306887
1	2.48143845460276
1	2.48840561064177
1	2.49468109512086
1	2.50033354402349
1	2.50542479038812
1	2.51001053651556
1	0
1	0.226270679650396
1	0.437243967944922
1	0.632566516899754
1	0.81240891128488
1	0.977286015286247
1	1.12792847910412
1	1.26519162616459
1	1.38999158104177
1	1.50326118327644
1	1.60592021260084
1	1.69885591100638
1	1.78291086282208
1	1.85887608611179
1	1.92748777155895
1	1.9894265334724
1	2.04531835214527
1	2.09573661745773
1	2.14120485242785
1	2.18219981869031
1	2.2191547956547
1	2.25246289024177
1	2.28248028116388
1	2.3095293355316
1	2.33390155968767
1	2.35586036320923
1	2.37564362690647
1	2.39346607379477
1	2.4095214474676
1	2.42398450580993
1	2.437012840124
1	2.44874853089672
1	2.45931965191783
1	2.46884163447306
1	2.47741850304323
1	2.48514399344822
1	2.49210256376394
1	2.4983703076661
1	2.50401577915544
1	2.50910073692163
1	2.51368081592491
1	0
1	0.226816312117212
1	0.438172919873187
1	0.633760823560005
1	0.813783182118127
1	0.97877875317798
1	1.12949568350088
1	1.26680208203829
1	1.39162339200132
1	1.50489922259928
1	1.60755425126669
1	1.7004792448398
1	1.78451930740755
1	1.86046724253609
1	1.92906049143793
1	1.99098053048045
1	2.04685392112051
1	2.09725443238626
1	2.14270582216312
1	2.1836849848385
1	2.22062526117095
1	2.25391977031709
1	2.28392467022084
1	2.31096228579687
1	2.33532406802497
1	2.35727336379136
1	2.37704798796349
1	2.39486259715938
1	2.41091086999395
1	2.42536750200252
1	2.43839002550377
1	2.45012046577054
1	2.46068684531873
1	2.47020454811193
1	2.47877755516572
1	2.48649956252857
1	2.49345499199447
1	2.49971990422027
1	2.5053628232156
1	2.51044548047167
1	2.51502348631404
1	0
1	0.227664215662509
1	0.439616495322394
1	0.635616755735938
1	0.815918775548825
1	0.981098442396594
1	1.13193109239797
1	1.26930470299268
1	1.39415919839483
1	1.50744470776309
1	1.61009351947779
1	1.70300187792393
1	1.78701880285436
1	1.86293987247535
1	1.93150447130027
1	1.99339541532079
1	2.04924016911224
1	2.09961309089226
1	2.14503830352616
1	2.18599290769682
1	2.22291033949802
1	2.25618373710071
1	2.28616922617502
1	2.3131890660639
1	2.33753462171406
1	2.3594691425911
1	2.3792303410886
1	2.3970327706442
1	2.41307000889725
1	2.42751665449279
1	2.44053014809004
1	2.45225242916014
1	2.46281144054029
1	2.4723224926563
1	2.48088949897952
1	2.4886060937543
1	2.49555664239316
1	2.5018171542422
1	2.50745610670539
1	2.51253518900798
1	2.51710997319366
1	0
1	0.236075265203212
1	0.453936502222207
1	0.654027266651426
1	0.837103475440742
1	1.00410933914897
1	1.15608990739394
1	1.29413024941922
1	1.41931393836471
1	1.53269545938063
1	1.63528260005082
1	1.72802594105151
1	1.81181334481201
1	1.88746791346573
1	1.95574830871869
1	2.01735063539246
1	2.07291131683431
1	2.12301055591484
1	2.16817609603349
1	2.20888708428699
1	2.2455779024773
1	2.27864187739405
1	2.3084348145573
1	2.3352783228504
1	2.35946291378748
1	2.38125087043924
1	2.4008788886769
1	2.41856049840754
1	2.43448827561129
1	2.44883585779892
1	2.46175977638466
1	2.47340111970208
1	2.48388704019032
1	2.49333211879362
1	2.5018395989568
1	2.50950250183866
1	2.51640463355761
1	2.52262149446648
1	2.52822109964944
1	2.53326471906125
1	2.53780754499632
1	0
1	0.237535572062397
1	0.456422708515272
1	0.657223656738168
1	0.840781513765477
1	1.00810443752533
1	1.16028430466597
1	1.29844040305156
1	1.42368124581442
1	1.53707943614931
1	1.63965586963619
1	1.73237056069179
1	1.81611811552057
1	1.89172641489618
1	1.95995746738596
1	2.02150968498725
1	2.07702104644844
1	2.1270727693752
1	2.17219322575569
1	2.21286191798025
1	2.24951339204249
1	2.28254100747957
1	2.31230051422784
1	2.33911340823939
1	2.36327005285736
1	2.38503256336919
1	2.40463745915988
1	2.42229809243352
1	2.43820686526446
1	2.45253724829361
1	2.46544561507417
1	2.47707290616722
1	2.4875461367848
1	2.49697976122026
1	2.50547690658998
1	2.51313048761026
1	2.52002421329619
1	2.52623349563035
1	2.53182626943002
1	2.53686373185722
1	2.54140100927514
1	0
1	0.239111312142234
1	0.459105442543455
1	0.660672712625834
1	0.844750290852982
1	1.01241533738512
1	1.16481025744823
1	1.30309126241446
1	1.42839377684596
1	1.54180995416341
1	1.64437483409373
1	1.73705861050527
1	1.82076316645444
1	1.89632153909339
1	1.96449934841096
1	2.02599749595609
1	2.08145563882848
1	2.13145608958087
1	2.17652789847832
1	2.21715095128976
1	2.25375997117935
1	2.28674835302041
1	2.31647178677181
1	2.34325164652747
1	2.36737813574704
1	2.38911318867193
1	2.40869313425013
1	2.42633113293582
1	2.44221939915083
1	2.45653122347555
1	2.46942280912374
1	2.48103493720291
1	2.49149447485063
1	2.50091573969794
1	2.50940173333735
1	2.51704525562866
1	2.52392991080788
1	2.53013101550196
1	2.53571641791638
1	2.54074723666635
1	2.54527852697218
1	0
1	0.242841714032951
1	0.465456538272429
1	0.668837996208561
1	0.854145960697589
1	1.0226209475574
1	1.17552498320301
1	1.31410169159805
1	1.4395502073354
1	1.55300896697629
1	1.65554649505475
1	1.74815708423948
1	1.83175984478224
1	1.90720002102877
1	1.97525178263528
1	2.03662192490702
1	2.09195407826705
1	2.14183314744218
1	2.18678978844802
1	2.22730479466271
1	2.26381330868339
1	2.29670880903804
1	2.32634684369512
1	2.35304849826186
1	2.37710359769029
1	2.39877364761401
1	2.41829452614111
1	2.43587893977759
1	2.45171865869737
1	2.46598654720619
1	2.47883840525668
1	2.49041463646661
1	2.50084175742244
1	2.51023376222137
1	2.51869335529104
1	2.52631306458043
1	2.53317624627187
1	2.53935799124764
1	2.54492594266883
1	2.54994103319914
1	2.55445814963547
1	0
1	0.242864186282064
1	0.465494797797687
1	0.668887184551298
1	0.854202560988795
1	1.02268242699604
1	1.17558952959597
1	1.31416801933289
1	1.43961741459417
1	1.55307643075449
1	1.65561379406313
1	1.74822394236196
1	1.83182608968078
1	1.90726555390249
1	1.97531655618717
1	2.03668592734457
1	2.09201732173338
1	2.14189565969586
1	2.18685160692081
1	2.22736596225387
1	2.2638738708189
1	2.2967688116478
1	2.32640633185368
1	2.35310751530591
1	2.37716218467634
1	2.39883184301661
1	2.41835236571891
1	2.43593645655464
1	2.45177588302149
1	2.46604350685733
1	2.47889512558549
1	2.49047114054972
1	2.50089806622472
1	2.5102898947587
1	2.51874932878916
1	2.52636889462705
1	2.53323194696043
1	2.53941357531166
1	2.54498142160663
1	2.54999641738884
1	2.55451344844061
1	0
1	0.245745789203951
1	0.470400793598123
1	0.675194576011873
1	0.86146038212187
1	1.03056589825561
1	1.18386627455447
1	1.32267318468401
1	1.44823536076673
1	1.56172727025898
1	1.66424350523385
1	1.75679711900026
1	1.84032063298436
1	1.91566879469236
1	1.98362242959864
1	2.04489292123029
1	2.10012699319712
1	2.14991156820378
1	2.19477855232429
1	2.23520944550019
1	2.27163971685239
1	2.30446291003306
1	2.33403446247275
1	2.36067523519511
1	2.38467475848832
1	2.4062942043197
1	2.42576909982363
1	2.4433117981127
1	2.45911372351884
1	2.4733474084979
1	2.48616833906834
1	2.49771662497646
1	2.50811850990873
1	2.51748773609492
1	2.52592677662325
1	2.53352794776322
1	2.54037441259022
1	2.5465410862469
1	2.55209545226963
1	2.55709829856095
1	2.56160438080213
1	0
1	0.246002763911573
1	0.470838298997231
1	0.675757054646292
1	0.862107617884118
1	1.03126892805426
1	1.18460437559525
1	1.32343165572899
1	1.44900388934545
1	1.56249873218924
1	1.665013082988
1	1.75756165513509
1	1.84107815677962
1	1.91641817633986
1	1.98436312824773
1	2.04562480203115
1	2.10085019500868
1	2.15062640845102
1	2.19548545904691
1	2.23590890925998
1	2.27233225710446
1	2.30514905199522
1	2.33471472158154
1	2.36135010701424
1	2.38534471250737
1	2.40695968050293
1	2.42643050707846
1	2.44396951407561
1	2.45976809522358
1	2.47399875361361
1	2.48681694748487
1	2.49836276057967
1	2.50876241243621
1	2.51812962299711
1	2.52656684487992
1	2.53416637562312
1	2.54101136121454
1	2.54717670124602
1	2.55272986512913
1	2.55773162795686
1	2.56223673380834
1	0
1	0.246352986894685
1	0.471434561747839
1	0.676523639603643
1	0.8629897157432
1	1.03222706590207
1	1.18561031096817
1	1.3244653527587
1	1.45005129348081
1	1.56355013409985
1	1.66606191701251
1	1.75860361809057
1	1.8421105628316
1	1.91743948570726
1	1.9853726038217
1	2.04662226002899
1	2.10183582467698
1	2.15160064239862
1	2.19644888063601
1	2.23686218706229
1	2.27327609906949
1	2.30608417392627
1	2.33564182595137
1	2.36226986921146
1	2.38625777238502
1	2.40786663767485
1	2.4273319188321
1	2.44486589508019
1	2.46065991844081
1	2.47488645198506
1	2.48770091609256
1	2.49924335906559
1	2.5096399675314
1	2.51900443105813
1	2.52743917436449
1	2.53503646946102
1	2.54187943904741
1	2.54804296152183
1	2.55359448704557
1	2.55859477325385
1	2.56309854841362
1	0
1	0.246985077679825
1	0.472510710968066
1	0.67790719040109
1	0.864581746978165
1	1.03395633592058
1	1.18742584709894
1	1.32633099378914
1	1.45194167342217
1	1.56544772932124
1	1.66795487765188
1	1.76048417766083
1	1.84397387387469
1	1.9192827691896
1	1.98719452939168
1	2.04842249599122
1	2.10361471258822
1	2.15335896304158
1	2.19818768687673
1	2.2385826855549
1	2.27497956753814
1	2.3077719042698
1	2.33731508600935
1	2.36392987794138
1	2.38790568460886
1	2.40950353558998
1	2.42895880824418
1	2.44648370487651
1	2.46226950223391
1	2.47648859115819
1	2.48929632369919
1	2.50083268419614
1	2.51122379987784
1	2.52058330549186
1	2.52901357540438
1	2.53660683555252
1	2.54344616660501
1	2.54960640870914
1	2.55515497728284
1	2.56015259845314
1	2.56465397194881
1	0
1	0.248722924211602
1	0.475469434990012
1	0.681711072709461
1	0.868958817527534
1	1.03871072559819
1	1.19241741356748
1	1.33146031677649
1	1.45713901263684
1	1.5706649059543
1	1.67315931214019
1	1.76565451711809
1	1.84909679088279
1	1.92435062317859
1	1.99220366274307
1	2.05337199675424
1	2.10850551982612
1	2.15819322340886
1	2.2029682950835
1	2.24331295913046
1	2.27966301940901
1	2.31241208633389
1	2.34191548401686
1	2.36849384324799
1	2.39243639223853
1	2.41400396089526
1	2.43343171654917
1	2.45093165002883
1	2.46669483112366
1	2.480893452091
1	2.49368267711729
1	2.50520231468423
1	2.51557832871275
1	2.52492420322882
1	2.53334217416125
1	2.5409243407747
1	2.54775366817949
1	2.55390489135743
1	2.55944533020438
1	2.56443562421991
1	2.56893039467101
1	0
1	0.256646273907403
1	0.488959121593859
1	0.699054082681745
1	0.888915160030569
1	1.06038737616371
1	1.21517542236566
1	1.35484639776138
1	1.48083519945915
1	1.59445153735855
1	1.69688784838647
1	1.7892276041639
1	1.87245366513813
1	1.94745644905434
1	2.01504176408877
1	2.07593821572005
1	2.13080413787555
1	2.18023402776652
1	2.22476448357785
1	2.26487965734613
1	2.30101624380358
1	2.33356803104691
1	2.36289004160112
1	2.38930229351246
1	2.41309321104438
1	2.43452271374345
1	2.45382501135955
1	2.47121113053832
1	2.48687119748937
1	2.50097649906545
1	2.51368134292899
1	2.52512473577581
1	2.53543189695864
1	2.54471562331955
1	2.55307751961115
1	2.56060910756121
1	2.56739282541564
1	2.57350292867605
1	2.57900630172528
1	2.5839631891031
1	2.58842785434627
1	0
1	0.257049108092549
1	0.489644956136011
1	0.699935825575645
1	0.889929768406994
1	1.06148944740914
1	1.21633247137672
1	1.35603537884122
1	1.48203994675368
1	1.59566088298218
1	1.69809424037098
1	1.79042609289355
1	1.87364116130698
1	1.94863118157229
1	2.01620288511701
1	2.07708551386767
1	2.13193783081814
1	2.18135461310028
1	2.22587263229885
1	2.26597613846024
1	2.30210187160993
1	2.33464362887821
1	2.363956417457
1	2.39036022423978
1	2.41414343261617
1	2.43556591584876
1	2.45486183500268
1	2.47224216770314
1	2.48789699218683
1	2.50199754927449
1	2.51469810308164
1	2.52613761954022
1	2.53644128014803
1	2.54572184680977
1	2.55408089218817
1	2.56160990864821
1	2.56839130764928
1	2.57449932031554
1	2.58000080888776
1	2.58495599782537
1	2.58941913247764
1	0
1	0.257227673581665
1	0.48994896802226
1	0.700326678330772
1	0.890379516833711
1	1.06197796575798
1	1.21684535988074
1	1.35656242196691
1	1.48257397861553
1	1.59619695315883
1	1.69862900127937
1	1.79095735050301
1	1.87416754621182
1	1.94915190869621
1	2.01671757863602
1	2.0775940800779
1	2.13244036620929
1	2.18185133824327
1	2.22636384462807
1	2.2664621788552
1	2.30258310102736
1	2.33512041227923
1	2.36442911300595
1	2.39082917629186
1	2.41460896740831
1	2.43602833910144
1	2.45532143085573
1	2.472699198567
1	2.48835169920684
1	2.50245015319122
1	2.51514880533251
1	2.52658660349311
1	2.53688871239078
1	2.54616787844342
1	2.55452566008917
1	2.5620535366773
1	2.56883390779346
1	2.57494099375593
1	2.58044164699049
1	2.58539608305554
1	2.5898585392383
1	0
1	0.257456136146964
1	0.490337930837853
1	0.700826748212881
1	0.890954939776946
1	1.06260299221591
1	1.21750156631751
1	1.35723673829261
1	1.48325723656035
1	1.59688281899072
1	1.69931319199034
1	1.791637058978
1	1.8748410203881
1	1.94981814412133
1	2.01737609446838
1	2.07824475642969
1	2.13308332653261
1	2.18248686474382
1	2.22699231785321
1	2.26708403493735
1	2.3031988017865
1	2.33573042465859
1	2.36503389525282
1	2.39142916898559
1	2.41520458794716
1	2.43661997863426
1	2.45590945292041
1	2.47328393890007
1	2.48893346633758
1	2.50302922954238
1	2.51572544862977
1	2.52716104834337
1	2.537461171932
1	2.54673854599924
1	2.55509471078385
1	2.56262112898232
1	2.56940018498868
1	2.57550608529581
1	2.58100566977189
1	2.58595914258699
1	2.59042073071353
1	0
1	0.257651962819058
1	0.490671330288419
1	0.70125538307785
1	0.891448163513064
1	1.06313873360122
1	1.21806403361954
1	1.35781472848469
1	1.48384289106064
1	1.59747070884123
1	1.69989964601107
1	1.79221967105046
1	1.87541828873186
1	1.95038920777003
1	2.01794054126868
1	2.07880248361976
1	2.13363443992941
1	2.18303160623995
1	2.2275310136348
1	2.2676170588353
1	2.30372654964974
1	2.3362532967275
1	2.36555228431402
1	2.39194345268165
1	2.41571512405096
1	2.43712710241903
1	2.45641347599261
1	2.47378514903624
1	2.48943212799357
1	2.50352558479685
1	2.51621971839225
1	2.52765343370716
1	2.53795185558829
1	2.54722769365537
1	2.55558247254755
1	2.56310764068744
1	2.56988556944752
1	2.57599045347026
1	2.58148912186008
1	2.58644176902556
1	2.59090261309776
1	0
1	0.259272278021572
1	0.493429954496681
1	0.704802007143974
1	0.895529210846035
1	1.06757158180298
1	1.22271801824099
1	1.36259715309067
1	1.48868873192643
1	1.60233504551204
1	1.70475210229401
1	1.79704033816437
1	1.88019474059782
1	1.9551143205532
1	2.02261090471693
1	2.08341724745796
1	2.13819447971154
1	2.18753892344132
1	2.23198830719499
1	2.27202742191764
1	2.30809325759998
1	2.34057966122713
1	2.3698415553704
1	2.3961987549968
1	2.41993941792057
1	2.44132316197124
1	2.46058387953142
1	2.47793227769144
1	2.49355816993404
1	2.50763254303735
1	2.52030942078944
1	2.53172754415349
1	2.54201188571292
1	2.55127501455922
1	2.55961832625679
1	2.56713315112263
1	2.57390175278613
1	2.57999822783665
1	2.58548931631673
1	2.59043513186616
1	2.59488981946062
1	0
1	0.260312531455595
1	0.495201010092142
1	0.707078964033751
1	0.898149271125632
1	1.07041750064471
1	1.22570590817552
1	1.3656675023731
1	1.49179979488105
1	1.6054579828999
1	1.70786741239166
1	1.80013523939824
1	1.88326125534032
1	1.95814787525367
1	2.02560930997021
1	2.08637995738158
1	2.14112205641716
1	2.19043265188976
1	2.23484992012391
1	2.27485890515904
1	2.31089671394821
1	2.34335721680434
1	2.37259529670353
1	2.39893068816589
1	2.4226514434557
1	2.44401706088163
1	2.46326130710587
1	2.48059476263154
1	2.49620711705916
1	2.51026923829666
1	2.52293503767942
1	2.53434315090446
1	2.54461845280113
1	2.55387342224082
1	2.56220937192107
1	2.56971755633429
1	2.57648016993804
1	2.58257124637092
1	2.58805746849714
1	2.59299889810237
1	2.59744963319604
1	0
1	0.26452586802252
1	0.502374313306873
1	0.716301318328611
1	0.908761296448035
1	1.08194432048513
1	1.23780775327148
1	1.37810333241388
1	1.50440052743335
1	1.61810681044724
1	1.72048534713951
1	1.81267051216274
1	1.89568155435113
1	1.97043467626699
1	2.03775374524232
1	2.09837981592579
1	2.1529796149532
1	2.20215311489213
1	2.24644030569675
1	2.28632725651403
1	2.32225154802944
1	2.35460714504042
1	2.3837487701507
1	2.40999583204649
1	2.43363595548313
1	2.45492815467429
1	2.4741056870769
1	2.49137862047819
1	2.50693614271877
1	2.52094864024677
1	2.53356956893061
1	2.54493713810804
1	2.55517582667529
1	2.56439774808546
1	2.57270387940052
1	2.58018516800072
1	2.5869235281771
1	2.59299273859891
1	2.59845925054107
1	2.60338291576461
1	2.60781764205162
1	0
1	0.26546658952773
1	0.503975913485332
1	0.718360414931989
1	0.911130668150497
1	1.08451794049823
1	1.24050976051768
1	1.38087990925949
1	1.50721392244822
1	1.62093094374409
1	1.7233025829288
1	1.81546929181776
1	1.89845466354737
1	1.97317797905325
1	2.04046526169671
1	2.10105905239615
1	2.15562707976807
1	2.2047699700667
1	2.24902811817954
1	2.2888878221317
1	2.32478676838002
1	2.35711894281771
1	2.38623903224178
1	2.41246637258874
1	2.43608849316302
1	2.45736430009327
1	2.47652693714496
1	2.49378635763005
1	2.50933163736004
1	2.52333305528641
1	2.5359439655844
1	2.54730248239754
1	2.55753299622114
1	2.5667475389205
1	2.57504701261946
1	2.5825222961286
1	2.58925524118556
1	2.59531956953196
1	2.60078168073524
1	2.60570137966376
1	2.61013253162707
1	0
1	0.266431785551529
1	0.505619182099266
1	0.720473082542108
1	0.913561683210166
1	1.08715851774628
1	1.2432820652177
1	1.38372872361775
1	1.51010051286493
1	1.623828551818
1	1.7261931140444
1	1.81834088663041
1	1.90129992003928
1	1.97599265366917
1	2.04324732300364
1	2.1038079938987
1	2.15834342301983
1	2.20745490731472
1	2.25168325713925
1	2.29151500535135
1	2.32738794693104
1	2.35969608941614
1	2.38879408286538
1	2.41500118857286
1	2.43860483790877
1	2.45986382610471
1	2.47901118027682
1	2.49625673628352
1	2.51178945499255
1	2.52577950506204
1	2.53838013632832
1	2.54972936526405
1	2.55995149166371
1	2.56915846368216
1	2.57745110655547
1	2.58492022874059
1	2.5916476177943
1	2.59770693704954
1	2.60316453302102
1	2.60808016246438
1	2.61250764711172
1	0
1	0.267688542150338
1	0.5077588393536
1	0.723223932001323
1	0.916727044590349
1	1.09059674459278
1	1.24689181094785
1	1.38743809058077
1	1.51385906704957
1	1.62760145180707
1	1.72995679931042
1	1.82207991542966
1	1.90500465439721
1	1.97965756816306
1	2.04686977255748
1	2.10738731901803
1	2.16188030280602
1	2.21095089416157
1	2.25514044441115
1	2.29493579218238
1	2.33077487376047
1	2.36305172486616
1	2.39212094772219
1	2.41830170643272
1	2.44188130485032
1	2.46311839381046
1	2.4822458485432
1	2.49947335197375
1	2.51498971530461
1	2.52896496358379
1	2.54155221079066
1	2.55288934622315
1	2.5631005515766
1	2.57229766600867
1	2.58058141464184
1	2.58804251432746
1	2.59476266905408
1	2.60081546610221
1	2.60626718290797
1	2.61117751358074
1	2.61560022311147
1	0
1	0.269017164865628
1	0.510020850337856
1	0.726132085482531
1	0.920073413358811
1	1.09423158231148
1	1.25070797565153
1	1.39135957323785
1	1.51783254964047
1	1.63159010055
1	1.73393570639741
1	1.82603275609946
1	1.90892123953926
1	1.98353205638996
1	2.05069936753775
1	2.11117132354481
1	2.16561943481425
1	2.21464679481687
1	2.25879532678441
1	2.29855219259928
1	2.33435547793226
1	2.36659924829858
1	2.39563805534958
1	2.42179096044179
1	2.44534513261822
1	2.46655907006105
1	2.48566548742889
1	2.50287390596842
1	2.51837297865846
1	2.53233257872473
1	2.54490567652081
1	2.55623002689763
1	2.56642968669796
1	2.5756163798494
1	2.58389072563599
1	2.59134334406512
1	2.59805585077833
1	2.60410175265478
1	2.6095472541018
1	2.61445198300014
1	2.61886964435495
1	0
1	0.270989273297553
1	0.513378410677465
1	0.730448731536842
1	0.925040513490903
1	1.09962686423105
1	1.25637240581905
1	1.39718032951779
1	1.52373049074252
1	1.63751055315659
1	1.73984169921676
1	1.83190005787388
1	1.91473472631327
1	1.98928305764393
1	2.05638373260584
1	2.11678801754517
1	2.17116952339596
1	2.22013271400369
1	2.26422036149369
1	2.30392010756364
1	2.33967025962108
1	2.37186492740599
1	2.40085858750528
1	2.42697014876458
1	2.45048658012562
1	2.47166615318348
1	2.49074134425641
1	2.5079214346076
1	2.52339484236043
1	2.53733121538695
1	2.54988331085335
1	2.56118868404738
1	2.57137120649005
1	2.58054243107006
1	2.58880281997273
1	2.59624284945748
1	2.60294400403021
1	2.60897967122825
1	2.61441594706047
1	2.61931236110279
1	2.62372252932191
1	0
1	0.272606423033797
1	0.516131645605994
1	0.733988426877718
1	0.929113588043233
1	1.10405105236997
1	1.26101729836304
1	1.4019534111245
1	1.52856686471829
1	1.64236538680376
1	1.74468467568572
1	1.8367113072775
1	1.91950184684835
1	1.99399893939284
1	2.06104497197876
1	2.12139376592807
1	2.17572065463233
1	2.22463122565874
1	2.26866894723432
1	2.30832185451034
1	2.34402843672084
1	2.37618283987056
1	2.40513947899278
1	2.43121713787256
1	2.45470262136652
1	2.47585401526586
1	2.49490360044728
1	2.51206046138493
1	2.52751282361828
1	2.54143015022696
1	2.55396502356126
1	2.56525483526505
1	2.57542330489351
1	2.58458184508161
1	2.5928307891921
1	2.60026049560955
1	2.60695234130723
1	2.6129796159609
1	2.61840832669158
1	2.62329792246417
1	2.62770194623291
1	0
1	0.276027996976472
1	0.52195695459154
1	0.741477732952415
1	0.937731420667188
1	1.11341177297261
1	1.27084498651017
1	1.41205232236674
1	1.53879969028889
1	1.6526372694445
1	1.75493147084625
1	1.84689097414581
1	1.92958814562382
1	2.00397682687423
1	2.07090724683279
1	2.13113863265268
1	2.1853499621102
1	2.23414920034888
1	2.27808128841136
1	2.3176350939201
1	2.35324949081861
1	2.3853187018408
1	2.41419701178444
1	2.44020293983081
1	2.46362294366431
1	2.48471471595142
1	2.5037101240525
1	2.52081783607445
1	2.53622567008665
1	2.55010269818401
1	2.56260113284037
1	2.57385801946101
1	2.58399675607101
1	2.59312845855582
1	2.60135318771464
1	2.60876105253184
1	2.61543320246257
1	2.62144272012661
1	2.62685542457555
1	2.63173059421708
1	2.63612161752529
1	0
1	0.279417017310988
1	0.527726840304259
1	0.748895784119453
1	0.946267261333313
1	1.12268343361756
1	1.28057917186753
1	1.42205515034295
1	1.54893515850303
1	1.66281142313121
1	1.76508077574056
1	1.85697378942126
1	1.93957848113104
1	2.01385978253631
1	2.08067568983151
1	2.14079078456878
1	2.19488765423569
1	2.2435766189313
1	2.2874040785012
1	2.3268597251187
1	2.36238281377658
1	2.3943676432079
1	2.42316836921401
1	2.44910324888992
1	2.47245839605089
1	2.49349111397892
1	2.51243286045233
1	2.5294918911722
1	2.54485562061455
1	2.5586927336095
1	2.57115507627353
1	2.5823793510675
1	2.59248863754554
1	2.60159375766687
1	2.60979450226041
1	2.61718073328315
1	2.6238333748368
1	2.62982530445513
1	2.6352221549096
1	2.64008303567347
1	2.64446118221039
1	0
1	0.281068507767079
1	0.530538541104708
1	0.752510646084248
1	0.950426828996939
1	1.12720157088317
1	1.28532270027065
1	1.42692958994674
1	1.55387423451069
1	1.66776935080762
1	1.77002659444759
1	1.86188720732801
1	1.94444683307785
1	2.01867580762405
1	2.08543591219398
1	2.14549433757135
1	2.19953543027821
1	2.24817065799795
1	2.29194713145981
1	2.33135494464579
1	2.36683353823635
1	2.39877724799937
1	2.42754016687549
1	2.45344042424343
1	2.47676396634891
1	2.4977679067245
1	2.51668350355665
1	2.53371881157856
1	2.54906104859272
1	2.56287871071273
1	2.57532346552689
1	2.58653184837712
1	2.59662678362469
1	2.60571894999678
1	2.61390800676412
1	2.62128369550575
1	2.62792683050725
1	2.63391018936271
1	2.63929931406816
1	2.64415323177404
1	2.6485251033811
1	0
1	0.281109293295141
1	0.530607979412071
1	0.752599919415232
1	0.950529554485326
1	1.12731315167587
1	1.28543984736652
1	1.42704997005098
1	1.55399621088806
1	1.66789179274946
1	1.77014873734397
1	1.86200855004796
1	1.94456706284013
1	2.01879474511208
1	2.08555347156711
1	2.14561049742699
1	2.19965021265525
1	2.24828411327622
1	2.29205932757529
1	2.33146595945759
1	2.36694345418935
1	2.39888614845308
1	2.42764813363699
1	2.45354753596571
1	2.47687029754663
1	2.49787352722621
1	2.51678847826176
1	2.53382320042332
1	2.54916490665632
1	2.56298208841375
1	2.57542640887497
1	2.58663439925468
1	2.59672898008148
1	2.60582082654527
1	2.6140095946678
1	2.6213850230552
1	2.62802792328105
1	2.63401107047129
1	2.63940000438015
1	2.644253750125
1	2.64862546676518
1	0
1	0.289326688766476
1	0.544598285767843
1	0.770586550963387
1	0.971226502721215
1	1.14979425083589
1	1.30904243536461
1	1.45130393880858
1	1.5785717939126
1	1.69256117687158
1	1.79475787032153
1	1.88645646490375
1	1.9687907409686
1	2.04275805813024
1	2.10923912445095
1	2.16901417802348
1	2.22277636131854
1	2.27114288044753
1	2.31466440087159
1	2.35383302579356
1	2.38908912441407
1	2.4208272176916
1	2.44940108423534
1	2.47512821478636
1	2.49829371766872
1	2.51915375758402
1	2.53793859467139
1	2.55485527873585
1	2.57009004412556
1	2.58381044328819
1	2.59616725109235
1	2.60729616721158
1	2.61731933997435
1	2.62634673188441
1	2.63447734436351
1	2.64180031704777
1	2.64839591509374
1	2.65433641635302
1	2.65968690890437
1	2.66450600824789
1	2.66884650243686
1	0
1	0.291797234975123
1	0.548804447981361
1	0.775994201663981
1	0.97744900560222
1	1.15655315570906
1	1.31613851398178
1	1.45859585396195
1	1.58596040185758
1	1.69997798595971
1	1.80215656500378
1	1.89380668962727
1	1.97607354929497
1	2.04996258812154
1	2.11636017638713
1	2.17605045546293
1	2.22972919924633
1	2.27801533057682
1	2.32146057836155
1	2.36055764688885
1	2.39574718313869
1	2.42742376347182
1	2.45594107246094
1	2.48161640979005
1	2.50473463310762
1	2.52555162325971
1	2.54429734180612
1	2.56117853791405
1	2.57638115171803
1	2.59007245335536
1	2.60240295062549
1	2.61350809320053
1	2.62350979724824
1	2.63251781100449
1	2.64063093908663
1	2.64793814105146
1	2.65451951777614
1	2.66044719760758
1	2.66578613282907
1	2.67059481578996
1	2.67492592300118
1	0
1	0.293687243101187
1	0.552022230646291
1	0.78013114260897
1	0.982209321749474
1	1.1617238281251
1	1.32156712980879
1	1.46417428793183
1	1.59161280738938
1	1.70565196582577
1	1.80781668705404
1	1.8994297313689
1	1.98164501639373
1	2.05547417101782
1	2.12180789721032
1	2.18143332241408
1	2.23504823361077
1	2.28327286696488
1	2.32665976493707
1	2.36570209165589
1	2.40084070660703
1	2.43247022853487
1	2.46094427007266
1	2.48657998474263
1	2.50966203842237
1	2.53044609480377
1	2.54916188702861
1	2.56601593427125
1	2.581193951588
1	2.5948629931441
1	2.60717336242678
1	2.61826031785293
1	2.62824559798363
1	2.6372387871363
1	2.64533853936973
1	2.65263367647708
1	2.65920417365912
1	2.66512204488924
1	2.67045213856498
1	2.67525285282334
1	2.67957677884355
1	0
1	0.295402141496659
1	0.554941884934
1	0.783884794929767
1	0.986528593402482
1	1.16641543643486
1	1.32649278300732
1	1.46923587858441
1	1.59674151611997
1	1.71080025002311
1	1.81295239736571
1	1.9045317968719
1	1.98670028565755
1	2.06047510436566
1	2.1267508853223
1	2.18631746538165
1	2.23987445809692
1	2.2880432912777
1	2.33137724556224
1	2.37036990231497
1	2.40546231383861
1	2.4370491373343
1	2.46548392016106
1	2.49108368322128
1	2.51413291838928
1	2.53488709232217
1	2.55357573090669
1	2.57040514463327
1	2.58556084433354
1	2.59920968821057
1	2.61150179436892
1	2.62257224769013
1	2.63254262558388
1	2.64152236363623
1	2.64960997929671
1	2.65689416935868
1	2.66345479499047
1	2.66936376638866
1	2.67468583769009
1	2.67947932154823
1	2.68379673171658
1	0
1	0.300880990709228
1	0.564269752775861
1	0.795877164341478
1	1.00032803374101
1	1.18140443785998
1	1.3422295235742
1	1.48540691940784
1	1.61312698937267
1	1.72724826402505
1	1.82936023964449
1	1.92083214891458
1	2.00285113056974
1	2.07645235398424
1	2.14254300839882
1	2.20192158684015
1	2.25529353848993
1	2.30328409828932
1	2.34644890524584
1	2.3852828737315
1	2.42022767207112
1	2.45167808032965
1	2.47998743732445
1	2.50547234025692
1	2.52841672508641
1	2.54907542897286
1	2.56767731565345
1	2.584428028904
1	2.59951242708822
1	2.61309674233874
1	2.62533050048962
1	2.63634823200241
1	2.64627099943166
1	2.65520776318855
1	2.66325660427595
1	2.67050582013121
1	2.6770349076057
1	2.68291544534433
1	2.68821188633479
1	2.69298227012316
1	2.69727886309916
1	0
1	0.301806385850678
1	0.565845259464591
1	0.797902713860638
1	1.00265880331479
1	1.18393612810291
1	1.34488750934783
1	1.48813825988274
1	1.61589454817017
1	1.73002638615497
1	1.83213157664198
1	1.92358533046767
1	2.0055790598907
1	2.07915096250532
1	2.14521034845532
1	2.20455717282255
1	2.257897870445
1	2.30585831930055
1	2.34899455673279
1	2.38780172226301
1	2.4227215882641
1	2.45414895555311
1	2.48243712772405
1	2.50790263041388
1	2.53082930568611
1	2.55147188437661
1	2.57005911838338
1	2.58679653887202
1	2.60186889400231
1	2.61544231016159
1	2.62766621314754
1	2.6386750397784
1	2.64858976564804
1	2.65751927090908
1	2.66556156284718
1	2.67280487144715
1	2.67932863202608
1	2.68520436722874
1	2.69049647917777
1	2.69526296129053
1	2.69955603817622
1	0
1	0.309003404476106
1	0.578098350577119
1	0.813655895353771
1	1.02078575393593
1	1.20362568666671
1	1.36555929836214
1	1.50938054589635
1	1.63741851271287
1	1.75163250425213
1	1.85368492514674
1	1.94499747975315
1	2.02679481654682
1	2.10013868431089
1	2.16595488795753
1	2.22505475332041
1	2.27815238092155
1	2.32587864978849
1	2.36879269521964
1	2.40739140777562
1	2.44211736903623
1	2.47336554121243
1	2.50148895395786
1	2.52680357633566
1	2.54959252015923
1	2.57010968935665
1	2.58858296602599
1	2.60521700553628
1	2.62019569896516
1	2.63368435029356
1	2.64583160731243
1	2.65677117855361
1	2.66662336329709
1	2.67549641750557
1	2.6834877751482
1	2.69068514161556
1	2.69716747365782
1	2.70300585839335
1	2.70826430235513
1	2.71300044020655
1	2.71726617161961
1	0
1	0.311358948846929
1	0.582108719494787
1	0.81881182448498
1	1.02671860456729
1	1.21006997023089
1	1.37232506051752
1	1.51633302856271
1	1.64446318720311
1	1.75870406714614
1	1.86073921684516
1	1.95200555772844
1	2.03373861630127
1	2.1070078495206
1	2.17274446094503
1	2.23176349799236
1	2.28478157012057
1	2.33243119317308
1	2.3752725163918
1	2.4138030034428
1	2.44846550075484
1	2.47965502336221
1	2.50772451125937
1	2.53298975134596
1	2.55573361642853
1	2.57620973979282
1	2.59464571885622
1	2.61124592234436
1	2.62619396081666
1	2.63965486908496
1	2.65177704030293
1	2.6626939446383
1	2.67252566001727
1	2.68138023810862
1	2.6893549252382
1	2.69653725509977
1	2.70300602781122
1	2.70883218794555
1	2.7140796125614
1	2.718805818904
1	2.72306260029519
1	0
1	0.312450090406353
1	0.583966413303867
1	0.821200167758065
1	1.02946683549426
1	1.21305510848797
1	1.37545911494687
1	1.51955357616623
1	1.6477264401497
1	1.761979775411
1	1.86400692470064
1	1.95525185833956
1	2.03695514178314
1	2.11018980258917
1	2.17588954509168
1	2.23487114063063
1	2.28785236086004
1	2.33546647983354
1	2.37827411647463
1	2.41677299992486
1	2.45140609929702
1	2.48256845409435
1	2.51061296277917
1	2.53585532786883
1	2.55857831145651
1	2.57903542146027
1	2.59745412342695
1	2.61403865330247
1	2.62897249170385
1	2.6424205487577
1	2.65453109966393
1	2.66543750417461
1	2.67525973767983
1	2.68410575721482
1	2.69207272218478
1	2.69924808674964
1	2.70571057847163
1	2.71153107589351
1	2.7167733960985
1	2.72149500194103
1	2.72574763747917
1	0
1	0.312756538491539
1	0.58448814827559
1	0.821870936107488
1	1.03023867861391
1	1.21389348724368
1	1.37633931694307
1	1.52045806984794
1	1.6486429276653
1	1.76289976101389
1	1.86492466338138
1	1.95616358477654
1	2.03785850584837
1	2.11108345696113
1	2.17677284479387
1	2.23574392485163
1	2.28871479519222
1	2.3363189428133
1	2.37911711854886
1	2.41760712609948
1	2.45223196903387
1	2.4833866937274
1	2.51142418697804
1	2.5366601276043
1	2.55937724660542
1	2.57982901668983
1	2.59824286636841
1	2.61482299429578
1	2.6297528445945
1	2.64319729237326
1	2.65530457970451
1	2.66620803533001
1	2.67602760584249
1	2.68487122169926
1	2.69283601789377
1	2.70000942624879
1	2.70647015394927
1	2.71228906099328
1	2.7175299476199
1	2.72225026140787
1	2.72650173257945
1	0
1	0.313125470063345
1	0.585116262832313
1	0.822678471326124
1	1.03116789732694
1	1.21490280793148
1	1.37739898845568
1	1.52154698601943
1	1.64974628316339
1	1.7640073278447
1	1.86602952515199
1	1.95726120843195
1	2.0389460620793
1	2.11215932373282
1	2.17783624562181
1	2.23679466613561
1	2.28975307628822
1	2.33734521943969
1	2.38013200523055
1	2.41861132712264
1	2.45322623016603
1	2.48437176900941
1	2.51240081640809
1	2.53762902264967
1	2.56033908129948
1	2.58078442267725
1	2.59919243070642
1	2.61576725914676
1	2.63069230818534
1	2.64413241077285
1	2.65623576909981
1	2.66713567457474
1	2.67695203912136
1	2.68579276119993
1	2.69375494641472
1	2.7009259996969
1	2.70738460369922
1	2.71320159609394
1	2.71844075684154
1	2.72315951513041
1	2.72740958452597
1	0
1	0.314030951903246
1	0.586657866663356
1	0.824660433650399
1	1.03344851176668
1	1.21738001948853
1	1.37999977782763
1	1.52421955159476
1	1.65245428769005
1	1.76672566839458
1	1.86874122657668
1	1.95995514509382
1	2.04161528990428
1	2.11479986170346
1	2.18044618798461
1	2.23937353773074
1	2.2923013664021
1	2.33986404655813
1	2.38262287760378
1	2.42107597330521
1	2.45566648052161
1	2.48678947420722
1	2.51479779265193
1	2.54000701611889
1	2.56269974629811
1	2.58312930947321
1	2.60152298013507
1	2.61808480185647
1	2.63299806699199
1	2.64642750502256
1	2.65852122025493
1	2.66941241246942
1	2.67922090850036
1	2.68805452827649
1	2.69601030527116
1	2.70317557841451
1	2.70962897014915
1	2.71544126335224
1	2.72067618821375
1	2.725391128786
1	2.72963775775294
1	0
1	0.315585812819439
1	0.589305053431236
1	0.828063788217639
1	1.03736470102746
1	1.22163379826295
1	1.38446575999038
1	1.52880878527778
1	1.65710437586833
1	1.77139350522096
1	1.87339766293558
1	1.96458107643962
1	2.0461987921222
1	2.11933409873324
1	2.18492788733474
1	2.2438018834738
1	2.29667719872319
1	2.34418928608092
1	2.38690011424143
1	2.42530817526957
1	2.45985679084749
1	2.49094107079734
1	2.5189137942263
1	2.544090421154
1	2.56675339550548
1	2.58715586491725
1	2.60552491596656
1	2.62206440301702
1	2.63695743325718
1	2.65036855849331
1	2.66244571494978
1	2.67332194506618
1	2.68311692956439
1	2.69193835352168
1	2.69988312655076
1	2.70703847424718
1	2.71348291566283
1	2.71928713958271
1	2.72451479073268
1	2.72922317565898
1	2.73346389684537
1	0
1	0.315755485333424
1	0.589593924821092
1	0.828435175599874
1	1.03779205094037
1	1.22209798726601
1	1.38495310545843
1	1.52930958043453
1	1.65761181170599
1	1.77190287786063
1	1.87390579151158
1	1.9650858761891
1	2.04669896183903
1	2.11982889243976
1	2.18541694792385
1	2.24428512190831
1	2.29715470668738
1	2.34466127316078
1	2.38736686305842
1	2.4257700097266
1	2.46031405392482
1	2.49139410928017
1	2.51936294844159
1	2.54453601830723
1	2.56719574558623
1	2.58759525842041
1	2.60596162288116
1	2.62249867268483
1	2.63738949481394
1	2.65079862168621
1	2.66287397118419
1	2.67374856857783
1	2.68354207864466
1	2.69236217174643
1	2.70030574397967
1	2.70746000857245
1	2.71390347329422
1	2.71970681666231
1	2.72493367407638
1	2.72964134362492
1	2.73388142013116
1	0
1	0.320037460970181
1	0.596884087643991
1	0.837807770401376
1	1.04857695576945
1	1.23381258944459
1	1.39725210057493
1	1.54194800141317
1	1.67041782160745
1	1.78475776626818
1	1.88672928384795
1	1.97782535990352
1	2.05932159877315
1	2.13231585657306
1	2.19775922704903
1	2.25648046901971
1	2.30920543559457
1	2.35657267312385
1	2.39914606651279
1	2.43742519091514
1	2.47185386854038
1	2.50282730903933
1	2.53069812207594
1	2.55578142340633
1	2.57835920526622
1	2.59868410381608
1	2.6169826676266
1	2.63345820934566
1	2.64829330602172
1	2.6616520007693
1	2.67368174858403
1	2.6845151414308
1	2.6942714417039
1	2.7030579483938
1	2.71097121649368
1	2.71809814711626
1	2.72451696330037
1	2.73029808444026
1	2.73550491057351
1	2.74019452634249
1	2.7444183332441
1	0
1	0.326669805664532
1	0.608175808293767
1	0.852324966358877
1	1.06528167629804
1	1.25195731659776
1	1.41630199294388
1	1.56152362991585
1	1.69025302830427
1	1.80466868079895
1	1.9065915690581
1	1.99755752430371
1	2.07887277939643
1	2.15165689382866
1	2.21687616194457
1	2.27536982117196
1	2.32787078885922
1	2.37502222002675
1	2.41739085447087
1	2.45547788099913
1	2.48972786753801
1	2.52053617246936
1	2.54825515300997
1	2.57319941201062
1	2.59565026875188
1	2.61585959736516
1	2.63405314486525
1	2.6504334168179
1	2.66518220043563
1	2.67846278095208
1	2.6904218963981
1	2.70119146759313
1	2.71089013368077
1	2.71962461843514
1	2.727490948515
1	2.7345755415982
1	2.74095617970474
1	2.7467028808736
1	2.75187868059047
1	2.75654033289135
1	2.76073893983035
1	0
1	0.327265736707333
1	0.609190394714098
1	0.85362936896824
1	1.0667826328953
1	1.25358766101924
1	1.41801366848969
1	1.56328254403216
1	1.69203526610338
1	1.8064577211167
1	1.90837623992236
1	1.99933050352142
1	2.08062949681595
1	2.15339472939538
1	2.21859386141172
1	2.27706707181931
1	2.32954791270423
1	2.37667995318624
1	2.41903018958004
1	2.45709995568356
1	2.49133388642764
1	2.52212735355796
1	2.54983269160834
1	2.57476445734388
1	2.59720390957862
1	2.61740285397395
1	2.63558696552306
1	2.65195867727357
1	2.66669970546947
1	2.67997326724709
1	2.6919260362164
1	2.70268987289292
1	2.71238336041975
1	2.72111317088656
1	2.72897528348008
1	2.73605607244043
1	2.74243328016108
1	2.74817688861838
1	2.75334990054216
1	2.75800904026273
1	2.76220538292858
1	0
1	0.328677156216443
1	0.611593369159936
1	0.856718752065207
1	1.07033753987539
1	1.25744901368887
1	1.42206764803615
1	1.56744840471116
1	1.69625636723568
1	1.81069493352167
1	1.91260310359321
1	2.00352967637429
1	2.08479015477773
1	2.15751066705649
1	2.22266210817956
1	2.28108688703864
1	2.3335200590501
1	2.38060617409801
1	2.42291283604223
1	2.46094172208002
1	2.49513762583711
1	2.52589595071043
1	2.55356897751089
1	2.57847115385296
1	2.60088359534009
1	2.62105794546738
1	2.63921970865008
1	2.65557114618188
1	2.67029380622292
1	2.68355074462603
1	2.69548848242495
1	2.70623873730973
1	2.71591995979041
1	2.72463869954572
1	2.7324908233283
1	2.73956260249923
1	2.74593168559941
1	2.75166796919335
1	2.75683437843115
1	2.76148756728724
1	2.76567854718616
1	0
1	0.331706035925095
1	0.616750107105266
1	0.863348510060089
1	1.07796630336394
1	1.26573540386098
1	1.43076741186137
1	1.5763882633416
1	1.70531477083946
1	1.81978791161346
1	1.9216738734963
1	2.01254102230304
1	2.09371884847492
1	2.16634339182993
1	2.23139248919338
1	2.28971333486066
1	2.34204421036663
1	2.38903177029713
1	2.43124492229251
1	2.46918608047842
1	2.50330037903696
1	2.53398328928802
1	2.56158697675414
1	2.58642565481458
1	2.60878013174558
1	2.62890170303643
1	2.64701550704535
1	2.66332343648527
1	2.67800667881161
1	2.69122794376581
1	2.70313342495591
1	2.71385453357118
1	2.72350943549362
1	2.73220441771034
1	2.74003510569263
1	2.747087550025
1	2.75343919784251
1	2.75915976241752
1	2.76431200241543
1	2.76895242082834
1	2.77313189233031
1	0
1	0.332708612519576
1	0.618457017007662
1	0.865542998066253
1	1.08049146793109
1	1.26847824664062
1	1.4336470836964
1	1.57934740793729
1	1.70831315450277
1	1.82279773963104
1	1.92467635047576
1	2.0155238296054
1	2.09667429741353
1	2.16926707450311
1	2.23428229549383
1	2.29256873867719
1	2.34486575345181
1	2.39182069107192
1	2.4340028907367
1	2.47191501049936
1	2.50600229726809
1	2.53666024484567
1	2.56424098059354
1	2.58905864035776
1	2.61139393068748
1	2.63149803188008
1	2.6495959611268
1	2.66588948913821
1	2.6805596839744
1	2.69376914081194
1	2.70566394487911
1	2.71637540591163
1	2.72602159557799
1	2.73470871391287
1	2.74253230652204
1	2.7495783509117
1	2.75592422755043
1	2.76163958903982
1	2.76678713893787
1	2.77142333026068
1	2.77559899241711
1	0
1	0.332941118685214
1	0.618852864146603
1	0.866051918775812
1	1.08107707538926
1	1.26911433555508
1	1.43431490444979
1	1.58003365910981
1	1.70900850555375
1	1.82349574472656
1	1.92537265080209
1	2.01621556836384
1	2.09735969153128
1	2.16994510174973
1	2.23495246651722
1	2.29323093146763
1	2.3455200936464
1	2.39246746587115
1	2.43464248742332
1	2.47254787292499
1	2.50662889542652
1	2.53728105394467
1	2.56485646699097
1	2.58966925243089
1	2.61200009322217
1	2.6321001429482
1	2.65019439070054
1	2.66648457889638
1	2.68115174790699
1	2.69435846634037
1	2.70625079429056
1	2.71696001796538
1	2.72660418718435
1	2.73528948181717
1	2.74311142894807
1	2.75015598913578
1	2.75650052738834
1	2.76221468223726
1	2.76736114446067
1	2.7719963554848
1	2.77617113422112
1	0
1	0.333637981569878
1	0.62003928936837
1	0.867577245868777
1	1.08283224648961
1	1.27102080867856
1	1.4363164836138
1	1.58209047756183
1	1.71109259798164
1	1.82558779180427
1	1.92745958837929
1	2.01828883409991
1	2.09941394123566
1	2.17197727161355
1	2.23696108986404
1	2.29521564261231
1	2.34748126914597
1	2.3944059665173
1	2.43655947397219
1	2.47444467567992
1	2.5085069230436
1	2.53914173070721
1	2.56670119065759
1	2.59149936686902
1	2.61381687159163
1	2.63390477834213
1	2.65198799199229
1	2.6682681701589
1	2.68292627022488
1	2.6961247811674
1	2.70800968774876
1	2.71871220565927
1	2.72835031923328
1	2.73703014790229
1	2.74484716323825
1	2.75188727500519
1	2.75822780187317
1	2.76393834020314
1	2.76908154246962
1	2.77371381536193
1	2.77788594632895
1	0
1	0.33489597596632
1	0.622181054001879
1	0.870330804679153
1	1.0860007254797
1	1.27446242188408
1	1.43992978463439
1	1.58580349793367
1	1.71485485402031
1	1.82936440777676
1	1.93122698055301
1	2.02203154552235
1	2.1031223244397
1	2.17564579573439
1	2.2405871072205
1	2.29879849306039
1	2.35102163245587
1	2.39790539661184
1	2.44002006627751
1	2.47786883169305
1	2.51189718570594
1	2.5425006711708
1	2.57003133219139
1	2.59480313545634
1	2.61709656557256
1	2.63716255151837
1	2.65522584612992
1	2.67148795394015
1	2.68612968251931
1	2.69931337709302
1	2.71118488643282
1	2.72187529892903
1	2.73150248070054
1	2.74017244207428
1	2.74798055441003
1	2.755012635776
1	2.76134592119169
1	2.76704993089074
1	2.77218724820104
1	2.77681421710391
1	2.78098156825124
1	0
1	0.336642532012792
1	0.625154606174572
1	0.874153750793367
1	1.09039973246567
1	1.27924063899755
1	1.44494636719078
1	1.59095852739919
1	1.72007824058808
1	1.83460773118154
1	1.9364574979536
1	2.02722779701882
1	2.10827091582131
1	2.18073904813916
1	2.24562134469918
1	2.30377279909179
1	2.35593695080953
1	2.40276388470057
1	2.44482463331878
1	2.4826228118425
1	2.51660410949573
1	2.54716410829979
1	2.5746547858792
1	2.59938997385455
1	2.6216499796173
1	2.64168553147369
1	2.6597211711788
1	2.67595819072926
1	2.69057718970059
1	2.70374031373869
1	2.71559322281021
1	2.72626682856659
1	2.73587883300041
1	2.74453509496161
1	2.75233084667885
1	2.75935177891298
1	2.76567501054598
1	2.77136995611895
1	2.77649910295898
1	2.7811187079858
1	2.78527942299628
1	0
1	0.337010748846648
1	0.625781503873359
1	0.874959721559104
1	1.09132715098611
1	1.28024800430973
1	1.44600398578219
1	1.59204533399326
1	1.72117945853519
1	1.83571315230267
1	1.93756021925508
1	2.02832329422764
1	2.10935636510947
1	2.18181283061428
1	2.24668268538104
1	2.30482150475527
1	2.35697322042437
1	2.4037881731023
1	2.44583755384174
1	2.48362506740847
1	2.51759644442743
1	2.54814727517726
1	2.57562952326702
1	2.60035699184164
1	2.62260995093123
1	2.64263908653544
1	2.66066889590827
1	2.6769006262385
1	2.69151483325125
1	2.70467362051613
1	2.71652260819508
1	2.72719267067867
1	2.73680147535761
1	2.74545484914679
1	2.7532479949426
1	2.7602665766664
1	2.76658768871554
1	2.77228072334851
1	2.7774081476531
1	2.7820262001943
1	2.78618551614444
1	0
1	0.338408884496835
1	0.628161862241321
1	0.878020028304956
1	1.09484860024332
1	1.28407301508117
1	1.45001981048381
1	1.59617198683562
1	1.72536083192419
1	1.83991048532985
1	1.94174730094735
1	2.03248294571963
1	2.11347786420102
1	2.18589003029929
1	2.25071264302521
1	2.3088034866742
1	2.36090798211504
1	2.40767744159534
1	2.44968365799493
1	2.48743067624688
1	2.5213643841775
1	2.55188040341875
1	2.57933064436243
1	2.60402880203012
1	2.62625500458918
1	2.64625977739925
1	2.66426744874184
1	2.68047909566824
1	2.69507510740172
1	2.70821742774633
1	2.72005152572378
1	2.7307081342434
1	2.74030478931114
1	2.74894719658304
1	2.75673044757963
1	2.76374010431146
1	2.77005316820662
1	2.77573894691566
1	2.78085983067677
1	2.78547198836127
1	2.78962599201723
1	0
1	0.341193027237422
1	0.632901929822939
1	0.884114094220012
1	1.10186095085785
1	1.29168985538599
1	1.45801662337461
1	1.60438949459491
1	1.73368730608648
1	1.84826874032171
1	1.95008514219773
1	2.04076616452122
1	2.12168510916653
1	2.19400906074058
1	2.25873759920051
1	2.31673290757928
1	2.36874337219006
1	2.41542223991991
1	2.45734250208219
1	2.49500888099372
1	2.5288675775198
1	2.55931427572711
1	2.58670078003449
1	2.61134057015483
1	2.63351349176064
1	2.65346975032503
1	2.6714333376503
1	2.68760499198874
1	2.70216477100426
1	2.7152743003557
1	2.72707874809547
1	2.73770856539772
1	2.74728102663862
1	2.75590159600842
1	2.76366514324205
1	2.77065702741254
1	2.77695406481595
1	2.78262539462089
1	2.78773325403301
1	2.79233367314083
1	2.79647709829157
1	0
1	0.341746422994256
1	0.633844098932494
1	0.885325393543892
1	1.10325477489529
1	1.29320383203803
1	1.45960612604538
1	1.6060228641271
1	1.73534233454592
1	1.84993008576194
1	1.95174243005939
1	2.04241259524149
1	2.12331643879377
1	2.1956228562297
1	2.26033269582809
1	2.31830901494585
1	2.37030078932872
1	2.41696165040626
1	2.4588648277009
1	2.49651517817101
1	2.53035896490372
1	2.56079188437565
1	2.58816571994176
1	2.61279390851862
1	2.63495623962811
1	2.65490285516044
1	2.67285768003694
1	2.68902138516784
1	2.70357396231397
1	2.71667697389741
1	2.72847552814777
1	2.73910002023957
1	2.7486676725456
1	2.75728390126067
1	2.76504353203605
1	2.77203188360747
1	2.77832573547287
1	2.7839941933122
1	2.78909946391328
1	2.79369754977919
1	2.79783887227197
1	0
1	0.344708324595703
1	0.63888680509705
1	0.891808546627245
1	1.11071484230215
1	1.30130698392315
1	1.46811351058513
1	1.61476503421678
1	1.74420042820477
1	1.85882198935754
1	1.96061261655957
1	2.05122467181929
1	2.13204769084218
1	2.20426026153069
1	2.26887002051359
1	2.32674470473105
1	2.37863644470761
1	2.425200930033
1	2.46701266517942
1	2.50457722773784
1	2.53834121382097
1	2.56870038632639
1	2.59600641587007
1	2.62057251031309
1	2.64267815864606
1	2.6625731624489
1	2.68048108868059
1	2.69660224782109
1	2.71111627890282
1	2.7241844058901
1	2.73595141682726
1	2.74654740716573
1	2.75608932094427
1	2.76468231747505
1	2.77242098646345
1	2.77939043075073
1	2.78566723288269
1	2.7913203193003
1	2.79641173398818
1	2.80099733180579
1	2.80512740038867
1	0
1	0.351272951898128
1	0.65006323531667
1	0.906177519491161
1	1.12724900473113
1	1.31926645025882
1	1.48696890024242
1	1.63414079215051
1	1.76383311399416
1	1.87852960999075
1	1.98027210438597
1	2.07075536739182
1	2.15139925051361
1	2.22340382343474
1	2.28779176818162
1	2.34544119331515
1	2.39711122147168
1	2.44346210385577
1	2.48507117068179
1	2.5224455967188
1	2.55603271618262
1	2.58622843918329
1	2.61338418646714
1	2.63781265822676
1	2.65979267736862
1	2.67957329122402
1	2.69737727338004
1	2.71340413547501
1	2.72783273476974
1	2.74082354508576
1	2.75252064482297
1	2.76305346513986
1	2.77253833318799
1	2.78107983893624
1	2.78877204914997
1	2.79569958817149
1	2.80193860203069
1	2.80755761991116
1	2.81261832496776
1	2.81717624482915
1	2.82128137074541
1	0
1	0.353214088174328
1	0.653368064842896
1	0.910426372197175
1	1.13213809607004
1	1.32457699874838
1	1.49254436998039
1	1.63987013288401
1	1.76963842735459
1	1.88435708131034
1	1.98608534301069
1	2.07653052261826
1	2.15712143590948
1	2.22906450465177
1	2.29338685974058
1	2.35096967658712
1	2.40257414536962
1	2.44886186614545
1	2.49041100469059
1	2.52772920805385
1	2.56126402870541
1	2.59141142028552
1	2.61852272965495
1	2.6429105068906
1	2.66485337794027
1	2.68460016710672
1	2.70237341337985
1	2.71837239218345
1	2.73277572961132
1	2.74574367767052
1	2.75742010492168
1	2.7679342460943
1	2.77740224592865
1	2.78592852604088
1	2.79360699856492
1	2.80052214635267
1	2.80674998635786
1	2.81235893029655
1	2.81741055462753
1	2.82196029021852
1	2.82605804067952
1	0
1	0.355830851069386
1	0.657823164355873
1	0.916154069033293
1	1.1387288712583
1	1.33173592231817
1	1.50006042256861
1	1.64759361238846
1	1.77746432231211
1	1.89221284646609
1	1.99392192167845
1	2.0843157626836
1	2.16483526960892
1	2.23669542719497
1	2.30092936366751
1	2.35842238872764
1	2.40993847971848
1	2.45614105502826
1	2.49760940681791
1	2.53485181879632
1	2.56831613765312
1	2.59839837570972
1	2.62544978022497
1	2.64978269891118
1	2.67167549220461
1	2.69137668375276
1	2.70910849629511
1	2.72506988682469
1	2.73943916980895
1	2.75237629823633
1	2.7640248577921
1	2.77451381840824
1	2.78395907892415
1	2.79246483400687
1	2.80012478733824
1	2.80702323103307
1	2.81323600804298
1	2.81883137173107
1	2.82387075472375
1	2.82840945744943
1	2.83249726537424
1	0
1	0.364260320614131
1	0.672174531739737
1	0.93460489854206
1	1.15995996515322
1	1.35479721240246
1	1.5242721448109
1	1.67247352618774
1	1.80267415058097
1	1.91751889664591
1	2.01916616575561
1	2.10939462793091
1	2.18968411104023
1	2.26127718402807
1	2.32522629452938
1	2.38243007017746
1	2.43366146670681
1	2.47958975995832
1	2.52079787055591
1	2.55779613310395
1	2.59103334207129
1	2.62090569881111
1	2.64776412973106
1	2.67192033065936
1	2.69365180673072
1	2.71320611308132
1	2.73080445370214
1	2.74664475981414
1	2.76090434203194
1	2.77374219010483
1	2.78530097848188
1	2.79570882409353
1	2.80508083365017
1	2.81352047073971
1	2.82112076755014
1	2.82796540176803
1	2.8341296558261
1	2.83968127297947
1	2.84468122252229
1	2.84918438469428
1	2.85324016438065
1	0
1	0.364545729234582
1	0.672660446534835
1	0.9352296146963
1	1.16067881669981
1	1.35557803152208
1	1.52509191575939
1	1.67331592105454
1	1.80352771583437
1	1.91837571982233
1	2.02002089627431
1	2.11024375898177
1	2.19052545384539
1	2.26210948376754
1	2.32604895050811
1	2.38324293262467
1	2.43446468984599
1	2.48038369633711
1	2.52158299557602
1	2.5585729916072
1	2.59180251098981
1	2.62166776147737
1	2.64851965861399
1	2.67266987615612
1	2.6943958902793
1	2.71394522332744
1	2.7315390447983
1	2.7473752511818
1	2.76163111910366
1	2.77446560569943
1	2.78602135456514
1	2.79642645374994
1	2.80579598314396
1	2.81423338158193
1	2.82183165851611
1	2.82867447082949
1	2.83483708197651
1	2.84038721794081
1	2.84538583232885
1	2.84988779115343
1	2.85394248641386
1	0
1	0.364899054182534
1	0.673261990452518
1	0.936002989383905
1	1.16156872740007
1	1.3565446557059
1	1.52610676081644
1	1.67435877365654
1	1.80458439694742
1	1.91943643411938
1	2.0210790199412
1	2.11129495072179
1	2.19156700403532
1	2.26313983898829
1	2.32706736712218
1	2.38424922522158
1	2.4354590493485
1	2.48136655918571
1	2.52255495029984
1	2.55953471269955
1	2.5927547126706
1	2.62261116588984
1	2.64945497445278
1	2.67359778479185
1	2.69531703723225
1	2.7148602135223
1	2.73244844045848
1	2.748279571535
1	2.76253084130067
1	2.77536116651643
1	2.78691315258344
1	2.79731485179692
1	2.80668131084455
1	2.81511593791756
1	2.82271171432225
1	2.82955227118759
1	2.83571284847359
1	2.84126115078252
1	2.84625811230005
1	2.85075858142659
1	2.85481193420923
1	0
1	0.366297751526887
1	0.675643305117824
1	0.939064525593039
1	1.16509159138231
1	1.36037120315672
1	1.53012419885602
1	1.67848708436151
1	1.80876745018275
1	1.9236354534046
1	2.02526778377308
1	2.11545627333345
1	2.195690158919
1	2.26721867666835
1	2.33109894378214
1	2.38823280688228
1	2.43939539181045
1	2.48525739017337
1	2.52640259960658
1	2.56334185042272
1	2.59652416617205
1	2.62634579389737
1	2.65315758245551
1	2.67727107011213
1	2.6989635552727
1	2.71848235898098
1	2.73604843899306
1	2.75185947859736
1	2.76609254577389
1	2.77890639745387
1	2.79044348783752
1	2.80083172768196
1	2.81018603223734
1	2.81860968838734
1	2.82619556601762
1	2.8330271943054
1	2.83917972020413
1	2.8447207636741
1	2.84971118202052
1	2.85420575392211
1	2.85825379227639
1	0
1	0.367238551581766
1	0.677245039028915
1	0.94112379412972
1	1.16746116092586
1	1.36294503806552
1	1.53282643171816
1	1.68126389304958
1	1.81158108011438
1	1.92645982251485
1	2.02808525479982
1	2.11825528668485
1	2.19846349966816
1	2.2699622085187
1	2.33381068664649
1	2.39091226706725
1	2.44204307768701
1	2.48787446385374
1	2.52899062817012
1	2.56590262984605
1	2.59905959821198
1	2.62885780140823
1	2.65564805248194
1	2.679741816943
1	2.70141629773798
1	2.72091870781661
1	2.73846989123402
1	2.75426741679379
1	2.7684882404375
1	2.7812910115907
1	2.79281808275198
1	2.80319726947626
1	2.8125433986054
1	2.82095967542847
1	2.82853889488674
1	2.83536451758205
1	2.84151162790919
1	2.84704778889611
1	2.85203380613619
1	2.85652441141157
1	2.8605688751437
1	0
1	0.370031207996502
1	0.681999601338208
1	0.947236495185386
1	1.17449495471831
1	1.37058517002686
1	1.54084769818966
1	1.68950652925591
1	1.8199330159338
1	1.93484363634692
1	2.03644859246692
1	2.1265638348723
1	2.20669584169794
1	2.27810606627168
1	2.34186018246229
1	2.39886593547401
1	2.44990242772535
1	2.49564294511968
1	2.53667289235793
1	2.57350400810512
1	2.60658573568795
1	2.63631440587237
1	2.66304072540852
1	2.68707594383918
1	2.70869698075224
1	2.7281507282327
1	2.74565769282758
1	2.76141510350543
1	2.77559958363457
1	2.78836946352251
1	2.79986679377817
1	2.81021910735979
1	2.81954096867942
1	2.82793534082191
1	2.83549479626477
1	2.84230259205175
1	2.84843362687948
1	2.85395529477876
1	2.85892824784249
1	2.86340707864562
1	2.86744093152435
1	0
1	0.370038083974093
1	0.682011307849515
1	0.947251545656779
1	1.17451227307092
1	1.37060398128337
1	1.54086744786177
1	1.68952682397657
1	1.81995357976801
1	1.93486427867003
1	2.03646918437436
1	2.12658429187906
1	2.20671611107265
1	2.27812611778361
1	2.34188000163967
1	2.39888551870861
1	2.44992177873268
1	2.4956620723932
1	2.53669180735088
1	2.57352272394366
1	2.60660426627136
1	2.63633276525411
1	2.66305892738034
1	2.68709400166108
1	2.70871490698655
1	2.72816853465173
1	2.74567539037262
1	2.76143270228106
1	2.77561709292651
1	2.78838689183077
1	2.79988414885945
1	2.81023639627499
1	2.81955819784329
1	2.82795251605287
1	2.8355119228335
1	2.8423196747277
1	2.84845066997492
1	2.85397230218984
1	2.85894522308743
1	2.86342402489988
1	2.86745785165296
1	0
1	0.370392387591151
1	0.682614517974048
1	0.948027062502527
1	1.17540464872055
1	1.37157328290401
1	1.54188510392187
1	1.69057256515926
1	1.82101318776513
1	1.9359279310226
1	2.03753023892102
1	2.12763839529822
1	2.20776054623575
1	2.27915932696876
1	2.34290123914959
1	2.39989459861924
1	2.45091889249562
1	2.49664765765784
1	2.5376664542765
1	2.57448710889184
1	2.60755910544031
1	2.63727878278734
1	2.66399683393547
1	2.68802448049606
1	2.70963860540967
1	2.72908605926325
1	2.74658730495325
1	2.76233952749671
1	2.77651930724961
1	2.78928493324732
1	2.80077841705478
1	2.81112725508147
1	2.82044597779888
1	2.82883751696714
1	2.8363944162921
1	2.84319990649093
1	2.84932886224357
1	2.85484865572412
1	2.85981991917293
1	2.86429722716105
1	2.86832970771783
1	0
1	0.372597534106579
1	0.686368831055099
1	0.952853793553876
1	1.18095869603902
1	1.3776061089556
1	1.54821888265512
1	1.69708114258841
1	1.82760807071317
1	1.94254798559152
1	2.04413412503341
1	2.13419901836204
1	2.21426099514346
1	2.28558990663168
1	2.34925730843025
1	2.40617500034696
1	2.457124818244
1	2.5027818313082
1	2.54373254891491
1	2.58048933411797
1	2.61350191879257
1	2.64316669125479
1	2.66983426057261
1	2.6938156778247
1	2.71538760220502
1	2.73479663093827
1	2.75226296041663
1	2.76798350731548
1	2.78213458938324
1	2.79487424367222
1	2.80634424336827
1	2.81667186173594
1	2.82597142202601
1	2.83434566474857
1	2.84188695794689
1	2.8486783716039
1	2.85479463376798
1	2.86030298316915
1	2.86526393084019
1	2.86973194143092
1	2.87375604341084
1	0
1	0.373735642498023
1	0.688306486984879
1	0.955344940094185
1	1.18382522114989
1	1.38071973877811
1	1.55148783856142
1	1.70044031466004
1	1.83101178632627
1	1.94596469264658
1	2.04754248731141
1	2.13758505194747
1	2.2176159719662
1	2.28890882291457
1	2.35253776881432
1	2.40941640759947
1	2.46032778735353
1	2.50594776810976
1	2.546863349142
1	2.58358717040658
1	2.61656909174352
1	2.64620552699109
1	2.67284704189742
1	2.69680459952678
1	2.71835474359421
1	2.73774394056047
1	2.75519224927096
1	2.77089644790603
1	2.78503271867845
1	2.79775896858844
1	2.80921684779087
1	2.81953351438194
1	2.82882318466281
1	2.83718850043659
1	2.84472173908453
1	2.85150588763228
1	2.85761559844952
1	2.86311804139382
1	2.86807366494098
1	2.87253687700884
1	2.87655665468262
1	0
1	0.373974562841773
1	0.688713254410804
1	0.955867900466164
1	1.18442698383788
1	1.38137337556095
1	1.5521740825736
1	1.70114549753375
1	1.83172632011798
1	1.94668195370029
1	2.04825799656625
1	2.13829587379384
1	2.21832027414145
1	2.28960555498785
1	2.35322642793371
1	2.41009686838934
1	2.46100017891695
1	2.50661238557028
1	2.54752059046636
1	2.58423749169102
1	2.6172129759476
1	2.64684346243219
1	2.67347950779889
1	2.69743205663532
1	2.71897762841431
1	2.73836266214566
1	2.75580718779991
1	2.77150795448347
1	2.78564111595647
1	2.79836455191757
1	2.80981988669407
1	2.82013425420516
1	2.8294218483003
1	2.8377852900613
1	2.84531683783694
1	2.85209946123786
1	2.8582077967467
1	2.86370899976279
1	2.86866350562948
1	2.87312571035504
1	2.87714458023768
1	0
1	0.37799222919559
1	0.695553424550023
1	0.964661962361031
1	1.1945461794935
1	1.39236488205557
1	1.56371390976017
1	1.71300379917736
1	1.84374186608842
1	1.95874336110153
1	2.06028994585059
1	2.15024899997351
1	2.23016376602668
1	2.3013217486133
1	2.3648068673797
1	2.42153944534891
1	2.47230706437744
1	2.51778854230684
1	2.5585727106576
1	2.5951732450164
1	2.62804048381855
1	2.65757093635673
1	2.68411500636046
1	2.7079833277154
1	2.72945201223927
1	2.74876703732856
1	2.76614794739639
1	2.78179100264416
1	2.79587187837413
1	2.80854799518452
1	2.81996054308785
1	2.83023624944445
1	2.83948893055806
1	2.84782085906249
1	2.85532397325809
1	2.86208094990582
1	2.86816615833294
1	2.87364651081037
1	2.87858222184734
1	2.88302748718116
1	2.887031091717
1	0
1	0.380568155441267
1	0.699938998720405
1	0.970300273969355
1	1.20103410043538
1	1.39941208497528
1	1.57111266841822
1	1.72060674769097
1	1.85144563178116
1	1.96647653084449
1	2.06800422852585
1	2.15791274522574
1	2.23775721926567
1	2.30883358459006
1	2.37223166458245
1	2.42887585203692
1	2.47955647247895
1	2.52495413370448
1	2.56565877604079
1	2.6021847017991
1	2.63498253904261
1	2.66444885482942
1	2.69093395484148
1	2.71474827375792
1	2.73616766202845
1	2.75543780108625
1	2.77277792402934
1	2.78838397759776
1	2.80243133033059
1	2.81507710847382
1	2.82646222357914
1	2.83671314234171
1	2.84594343900189
1	2.85425516278607
1	2.86174004679563
1	2.86848058003098
1	2.87455096053275
1	2.8800179446901
1	2.8849416054245
1	2.88937601006958
1	2.89336982723035
1	0
1	0.384291433538726
1	0.706277966026152
1	0.978449964649805
1	1.21041182776027
1	1.4095982059185
1	1.5818069327071
1	1.73159615071613
1	1.86258075729954
1	1.97765415736862
1	2.07915455543082
1	2.16899002466649
1	2.24873289769447
1	2.31969129234117
1	2.38296356533057
1	2.43947999195799
1	2.49003486348459
1	2.53531137493021
1	2.57590106930624
1	2.61231915479989
1	2.64501667810636
1	2.67439028977868
1	2.70079015377951
1	2.72452641685223
1	2.74587455166173
1	2.76507981185189
1	2.78236098054176
1	2.79791355139012
1	2.81191244953646
1	2.82451437576619
1	2.83585983913996
1	2.84607492958404
1	2.85527287145714
1	2.86355539106963
1	2.87101392492552
1	2.87773069063365
1	2.88377963865466
1	2.88922730006416
1	2.89413354313077
1	2.89855224959171
1	2.90253191995023
1	0
1	0.385330217688389
1	0.708046520130916
1	0.980723705499107
1	1.21302818739013
1	1.41244010510126
1	1.58479060245853
1	1.73466216334747
1	1.86568742609791
1	1.98077268382842
1	2.08226546537341
1	2.17208055457138
1	2.2517950812019
1	2.3227205623603
1	2.38595773554862
1	2.44243851726351
1	2.49295830519528
1	2.53820101619199
1	2.57875864040941
1	2.61514663877159
1	2.64781617477089
1	2.67716392225519
1	2.70354000564788
1	2.72725449135905
1	2.74858274665271
1	2.76776990582071
1	2.78503462643923
1	2.80057227575866
1	2.81455765521123
1	2.82714734688005
1	2.83848174753189
1	2.84868684197556
1	2.85787575695379
1	2.86615012868426
1	2.87360131092116
1	2.88031144555583
1	2.88635441397481
1	2.89179668439183
1	2.89669806797797
1	2.90111239468955
1	2.90508811812991
1	0
1	0.38579588872694
1	0.708839335873213
1	0.981742988728482
1	1.214201061376
1	1.41371408501742
1	1.58612813595122
1	1.73603660989318
1	1.86708009818117
1	1.98217067151986
1	2.08366003869673
1	2.17346599183566
1	2.25316781120997
1	2.32407853775521
1	2.3872999762398
1	2.44376477888586
1	2.49426883937893
1	2.53949639815162
1	2.58003964580767
1	2.61641415656921
1	2.64907114628698
1	2.67840729925158
1	2.70477272216153
1	2.72847744541477
1	2.74979678902567
1	2.76897583378242
1	2.78623318098225
1	2.80176414120859
1	2.81574346043761
1	2.82832766753998
1	2.83965710894287
1	2.84985772233253
1	2.85904259069191
1	2.86731330985156
1	2.87476119647016
1	2.88146835849607
1	2.88750864635095
1	2.89294850006855
1	2.89784770522395
1	2.90226006856091
1	2.90623402265825
1	0
1	0.389558103233493
1	0.715244593318398
1	0.989977905299132
1	1.22367685685962
1	1.42400672794523
1	1.59693423616489
1	1.74714093527458
1	1.8783316699577
1	1.99346518875901
1	2.09492697082928
1	2.18465911260566
1	2.26425826846919
1	2.33504979065115
1	2.3981441064983
1	2.45447981225062
1	2.50485680880127
1	2.54996195086279
1	2.59038904848321
1	2.62665459123391
1	2.6592102179755
1	2.68845269736663
1	2.71473199290454
1	2.73835784404028
1	2.75960518905272
1	2.77871867646709
1	2.79591645289598
1	2.81139337110344
1	2.82532372902916
1	2.83786362563396
1	2.84915300064488
1	2.8593174110392
1	2.86846958625934
1	2.87671079584288
1	2.88413205674947
1	2.89081520269778
1	2.89683383394042
1	2.90225416284134
1	2.90713576818262
1	2.91153226917072
1	2.91549192852476
1	0
1	0.391176530896005
1	0.718000003946034
1	0.993520397826661
1	1.22775315009285
1	1.42843441222685
1	1.60158279925964
1	1.75191778873137
1	1.88317186579932
1	1.99832385885949
1	2.09977377438161
1	2.18947416402084
1	2.26902915614372
1	2.33976939904889
1	2.4028090293398
1	2.45908920025125
1	2.50941153649505
1	2.55446401739348
1	2.59484114964634
1	2.63105981658952
1	2.66357183905381
1	2.69277402199128
1	2.71901626729688
1	2.74260818926231
1	2.76382456195161
1	2.78290984793935
1	2.80008199824209
1	2.81553566867934
1	2.82944496445469
1	2.84196579959054
1	2.85323793885985
1	2.86338677546671
1	2.87252488676763
1	2.88075340193563
1	2.88816320900598
1	2.89483602372935
1	2.90084533874075
1	2.90625726846524
1	2.91113130272678
1	2.91552098005713
1	2.91947449010524
1	0
1	0.394604888605791
1	0.723836862452405
1	1.001024552538
1	1.23638806882118
1	1.43781369181715
1	1.61142997222538
1	1.76203672253138
1	1.89342497943229
1	2.00861610699891
1	2.11004088530124
1	2.19967401355667
1	2.27913545247092
1	2.34976706914088
1	2.41269085758561
1	2.46885338758898
1	2.51905993547305
1	2.56400086285033
1	2.60427215215632
1	2.64039152084857
1	2.67281117523011
1	2.70192799713428
1	2.72809175796234
1	2.75161180687756
1	2.77276257008348
1	2.79178811625048
1	2.80890598205895
1	2.82431040613564
1	2.83817508540619
1	2.85065554213305
1	2.86189117047946
1	2.87200701672441
1	2.88111533605685
1	2.88931696031191
1	2.89670250442094
1	2.90335343423991
1	2.90934301443465
1	2.9147371519637
1	2.91959514820871
1	2.9239703708061
1	2.92791085461838
1	0
1	0.394661967320233
1	0.723934040287429
1	1.00114948918119
1	1.23653183155017
1	1.43796984740729
1	1.61159391777055
1	1.76220519262165
1	1.89359568348208
1	2.00878746259896
1	2.11021182239181
1	2.19984383081272
1	2.27930371215995
1	2.34993352031213
1	2.41285538010641
1	2.46901595150674
1	2.51922057163086
1	2.56415964175399
1	2.60442916888116
1	2.64054688435721
1	2.67296500090289
1	2.70208040163154
1	2.72824285577183
1	2.75176170807292
1	2.7729113789468
1	2.79193593050575
1	2.80905289253188
1	2.8244564967061
1	2.83832043315663
1	2.85080021762352
1	2.86203523809971
1	2.87215053508826
1	2.88125835841432
1	2.88945953496267
1	2.89684467511775
1	2.90349524057503
1	2.90948449220489
1	2.91487833351174
1	2.91973606273988
1	2.92411104468048
1	2.928051311619
1	0
1	0.395335537773442
1	0.725080809604479
1	1.00262383267675
1	1.23822833658658
1	1.4398125972424
1	1.61352859475552
1	1.76419326253811
1	1.89561011575
1	2.01080958363493
1	2.11222900471078
1	2.20184779826772
1	2.28128929918838
1	2.351897765512
1	2.4147968658245
1	2.47093432428083
1	2.52111619543167
1	2.56603334860151
1	2.6062820807336
1	2.64238028705293
1	2.67478025601406
1	2.70387888583526
1	2.73002592010703
1	2.75353065148869
1	2.77466743204796
1	2.79368024650667
1	2.81078654324215
1	2.82618047196935
1	2.84003564260198
1	2.85250749391092
1	2.86373534107529
1	2.87384415643767
1	2.88294612652687
1	2.89114201980961
1	2.8985223930135
1	2.90516865873714
1	2.91115403306173
1	2.91654437873068
1	2.92139895696498
1	2.92577109897991
1	2.92970880665003
1	0
1	0.39582610254675
1	0.725916007507497
1	1.00369760451343
1	1.23946390979891
1	1.44115468128249
1	1.61493762980454
1	1.76564118392961
1	1.89707723697563
1	2.01228230462928
1	2.11369812881252
1	2.20330729791708
1	2.28273541227996
1	2.35332833524173
1	2.41621085970835
1	2.47233148489047
1	2.52249678784882
1	2.56739797879055
1	2.60763156582239
1	2.64371556352404
1	2.67610231550742
1	2.70518873099175
1	2.73132453489517
1	2.75481898193967
1	2.77594637441752
1	2.79495064068665
1	2.81204916983693
1	2.82743605188705
1	2.8412848383301
1	2.85375091187991
1	2.86497353468494
1	2.87507762944615
1	2.8841753365933
1	2.89236738204692
1	2.89974428345611
1	2.90638741766197
1	2.91236996812548
1	2.91775776790365
1	2.92261005125315
1	2.92698012493584
1	2.93091596867782
1	0
1	0.397140026868729
1	0.728152994136279
1	1.00657358544243
1	1.24277325809215
1	1.44474930722866
1	1.61871157673706
1	1.76951928369568
1	1.9010067614065
1	2.01622682743086
1	2.11763301772894
1	2.20721640878594
1	2.28660866871161
1	2.35715996047135
1	2.41999808833992
1	2.47607362743026
1	2.52619455428934
1	2.57105299214139
1	2.61124601467151
1	2.64729195613805
1	2.67964330788588
1	2.70869700859909
1	2.73480273318387
1	2.75826963475128
1	2.7793718822754
1	2.79835325314969
1	2.8154309776689
1	2.83079898596184
1	2.84463067304835
1	2.85708127149955
1	2.86828990142703
1	2.87838135257209
1	2.88746764189319
1	2.89564938135556
1	2.90301698394074
1	2.90965173071721
1	2.91562671777638
1	2.92100769866331
1	2.92585383541384
1	2.93021836929386
1	2.93414922070729
1	0
1	0.397177350661662
1	0.728216538759305
1	1.0066552815606
1	1.24286726459493
1	1.44485141742803
1	1.61881878079097
1	1.76962944635134
1	1.90111838484914
1	2.01633887692245
1	2.11774479355703
1	2.20732745235381
1	2.28671869378582
1	2.3572688029551
1	2.42010566967841
1	2.47617992803749
1	2.52629959433361
1	2.57115681772646
1	2.61134868796719
1	2.64739354839503
1	2.67974389455141
1	2.70879666595741
1	2.73490153609857
1	2.75836765519954
1	2.77946918844733
1	2.79844990894704
1	2.81552704248264
1	2.83089451464105
1	2.84472571599726
1	2.85717587485741
1	2.86838410729833
1	2.87847519928442
1	2.88756116426676
1	2.89574261097355
1	2.90310994941308
1	2.90974445793331
1	2.91571923014378
1	2.9211000173309
1	2.925945979479
1	2.93031035599345
1	2.93424106559305
1	0
1	0.400121745612416
1	0.733229439445067
1	1.01310011524253
1	1.250283238439
1	1.45290667472763
1	1.62727588148288
1	1.77831994486693
1	1.90992412175467
1	2.02517822392732
1	2.12656255182779
1	2.21608744416739
1	2.29539833879243
1	2.365855155906
1	2.42859253355149
1	2.48456575773471
1	2.53458598088907
1	2.57934739816943
1	2.61944836674098
1	2.65540794631619
1	2.68767896349365
1	2.71665842382283
1	2.74269588871665
1	2.7661002806981
1	2.78714546619926
1	2.80607488002637
1	2.82310539211685
1	2.8384305697577
1	2.85222345288034
1	2.86463893333363
1	2.87581580890162
1	2.88587856759718
1	2.89493894618248
1	2.90309729802141
1	2.91044379857095
1	2.91705951156065
1	2.92301733481204
1	2.92838284143195
1	2.93321502956377
1	2.93756699184192
1	2.94148651404912
1	0
1	0.402360307327681
1	0.737040642678759
1	1.01799998709496
1	1.25592144778469
1	1.45903091787405
1	1.63370563773083
1	1.78492714858414
1	1.91661893880235
1	2.03189859402848
1	2.13326650846729
1	2.22274748218128
1	2.30199729081445
1	2.37238317993509
1	2.43504491812174
1	2.49094132814049
1	2.54088594676023
1	2.58557452466302
1	2.62560638260238
1	2.66150112493431
1	2.69371182995321
1	2.72263555340856
1	2.74862177150681
1	2.77197923365417
1	2.79298157914559
1	2.81187198558582
1	2.82886705236956
1	2.84416007437593
1	2.85792382494941
1	2.87031294013743
1	2.88146597573273
1	2.89150719322185
1	2.90054811900622
1	2.90868891230158
1	2.91601957024049
1	2.92262099338261
1	2.92856593069595
1	2.93391981982116
1	2.93874153585736
1	2.94308405985207
1	2.94699507651949
1	0
1	0.403767061989685
1	0.739435675114217
1	1.02107915954959
1	1.25946460553116
1	1.46287950848413
1	1.6377462185715
1	1.78907924078183
1	1.9208260888795
1	2.03612180212935
1	2.13747940203738
1	2.22693277645361
1	2.30614419749029
1	2.3764855141142
1	2.43909971902954
1	2.49494785756967
1	2.54484496486514
1	2.58948776912083
1	2.62947619662745
1	2.66533019400531
1	2.69750299771927
1	2.7263916950654
1	2.75234570870483
1	2.77567367925388
1	2.79664910327023
1	2.81551499672831
1	2.83248778900868
1	2.84776060380414
1	2.86150604693089
1	2.87387859368589
1	2.88501664778994
1	2.89504432837617
1	2.90407302965128
1	2.91220278882467
1	2.91952349096642
1	2.92611593409714
1	2.93205277364249
1	2.93739936211357
1	2.94221449728615
1	2.94655109008444
1	2.95045676170927
1	0
1	0.40998335491625
1	0.750019057980874
1	1.0346856813308
1	1.27512142688886
1	1.47988600381192
1	1.65560109744802
1	1.80742687598509
1	1.93941701874951
1	2.05478369062626
1	2.15609571176604
1	2.2454271279446
1	2.32446891844727
1	2.39461327414857
1	2.45701743480658
1	2.51265226703311
1	2.56233942705281
1	2.60677996263552
1	2.64657647587365
1	2.68225042581566
1	2.71425574786403
1	2.74298966871587
1	2.76880137442131
1	2.79199902486627
1	2.81285548586826
1	2.83161305917528
1	2.84848742289412
1	2.86367094426436
1	2.8773354888132
1	2.88963482149915
1	2.90070667405394
1	2.91067453656669
1	2.91964921909038
1	2.92773021970178
1	2.93500692827937
1	2.9415596897351
1	2.94746074614123
1	2.9527750738309
1	2.95756112889658
1	2.96187151239531
1	2.96575356486937
1	0
1	0.414602023248956
1	0.75788244792671
1	1.04479524534452
1	1.2867543511815
1	1.49252172776326
1	1.66886716528386
1	1.82105905881406
1	1.95322996805554
1	2.06864936176617
1	2.16992751815472
1	2.25916832009472
1	2.33808407612879
1	2.40808209104679
1	2.47033019008234
1	2.52580653699819
1	2.57533770745214
1	2.61962795862489
1	2.65928188071346
1	2.69482205649132
1	2.72670294066742
1	2.75532186351301
1	2.78102783527767
1	2.80412865866751
1	2.82489673086387
1	2.8435738229488
1	2.86037505483723
1	2.87549223172849
1	2.88909666911952
1	2.90134160419161
1	2.91236426939266
1	2.92228768743586
1	2.93122223435147
1	2.93926700764398
1	2.94651102926746
1	2.95303430747685
1	2.95890877722531
1	2.96419913534804
1	2.96896358406884
1	2.97325449421531
1	2.97711899780211
1	0
1	0.41754804778516
1	0.762898123019493
1	1.05124364594169
1	1.29417442942164
1	1.50058144327255
1	1.67732894658705
1	1.82975436711575
1	1.96204057852627
1	2.07749360093786
1	2.17875015664395
1	2.26793316015572
1	2.3467685249146
1	2.41667319614408
1	2.47882175103924
1	2.53419700786152
1	2.58362868013657
1	2.6278230721726
1	2.66738604228216
1	2.7028408900084
1	2.7346424013007
1	2.7631879724952
1	2.78882650170685
1	2.81186556381408
1	2.83257725707796
1	2.85120301409445
1	2.86795759873495
1	2.8830324577006
1	2.89659855565071
1	2.90880879312306
1	2.91980008409662
1	2.92969515316813
1	2.93860409952582
1	2.94662576516853
1	2.95384893736922
1	2.96035340964563
1	2.96621092105455
1	2.97148599015299
1	2.97623665723424
1	2.9805151462737
1	2.9843684562764
1	0
1	0.423079343202768
1	0.77231528174169
1	1.06335081213657
1	1.30810596470371
1	1.51571392669754
1	1.69321632687597
1	1.84608020499416
1	1.97858290148527
1	2.09409906331653
1	2.19531506275622
1	2.28438954708314
1	2.36307397355669
1	2.43280338775411
1	2.49476504398607
1	2.54995049954755
1	2.59919535945417
1	2.64320977158945
1	2.68260197521063
1	2.71789661562865
1	2.74954910071186
1	2.7779569508363
1	2.80346885357902
1	2.8263919560616
1	2.84699779530862
1	2.86552716839302
1	2.88219417069824
1	2.89718957582869
1	2.91068368973002
1	2.92282878087651
1	2.93376116530714
1	2.94360300789148
1	2.95246388803418
1	2.9604421680106
1	2.96762619446918
1	2.97409535774879
1	2.97992102910185
1	2.98516739235993
1	2.98989218378443
1	2.99414735162905
1	2.99797964516711
1	0
1	0.423568289703486
1	0.773147724498093
1	1.06442104182015
1	1.30933746201339
1	1.51705158347759
1	1.6946207138073
1	1.8475233499899
1	1.98004518297882
1	2.09556692610632
1	2.19677934051881
1	2.28584423214245
1	2.36451531621772
1	2.43422923832765
1	2.49617437339405
1	2.55134305121085
1	2.60057139758005
1	2.64456990014333
1	2.68394700862484
1	2.7192274872965
1	2.75086679900205
1	2.77926247508222
1	2.80476318450327
1	2.82767603657461
1	2.84827251870956
1	2.86679337180312
1	2.8834526321468
1	2.89844101384571
1	2.91192876461759
1	2.92406809706459
1	2.93499527436998
1	2.94483241192545
1	2.95368904318866
1	2.96166348802917
1	2.96884405414579
1	2.97531009623784
1	2.98113295304517
1	2.98637677881084
1	2.99109928292091
1	2.99535238925628
1	2.99918282501491
1	0
1	0.423617575671785
1	0.773231635002091
1	1.06452892132472
1	1.30946159734778
1	1.51718641972155
1	1.69476227647249
1	1.84766881948075
1	1.98019258143495
1	2.09571488715895
1	2.19692694019951
1	2.28599086487551
1	2.36466060403264
1	2.43437296453505
1	2.49631643426252
1	2.55148342087712
1	2.60071010267631
1	2.6447070015495
1	2.68408258843596
1	2.71936163959892
1	2.75099962342367
1	2.77939407235617
1	2.8048936534867
1	2.82780547231321
1	2.84840101124818
1	2.86692100552386
1	2.88357948547527
1	2.89856715920997
1	2.9120542685763
1	2.9241930205445
1	2.93511967296995
1	2.94495633625696
1	2.95381253923172
1	2.96178659748926
1	2.96896681480227
1	2.97543254227759
1	2.98125511537779
1	2.98649868536338
1	2.9912209589114
1	2.99547385744596
1	2.99930410593982
1	0
1	0.430730321068451
1	0.785341248988309
1	1.08009764151008
1	1.32737629109756
1	1.53664542411293
1	1.71519200992252
1	1.86866236971614
1	2.0014645118949
1	2.11706800919929
1	2.21822791055108
1	2.30715228937494
1	2.38562793555509
1	2.45511493137276
1	2.51681806633125
1	2.57174098569901
1	2.6207274436965
1	2.66449290470316
1	2.70364890133771
1	2.73872194039898
1	2.77016829000378
1	2.79838564210215
1	2.82372239305169
1	2.84648509829373
1	2.86694451854144
1	2.88534057180195
1	2.90188642879525
1	2.91677193208741
1	2.93016647648064
1	2.94222145616867
1	2.95307236011021
1	2.96284057895102
1	2.97163497312267
1	2.9795532413392
1	2.98668312077003
1	2.99310344407047
1	2.99888507373995
1	3.00409173061235
1	3.0087807304072
1	3.01300363999545
1	3.01680686321751
1	0
1	0.433057892578848
1	0.789303993462397
1	1.08519234229521
1	1.33323868718573
1	1.54301317970043
1	1.72187742643772
1	1.87553228937513
1	2.00842552856969
1	2.12405559496926
1	2.22519843022656
1	2.31407714413038
1	2.3924892754146
1	2.46190252299718
1	2.52352701091714
1	2.57837006183206
1	2.6272779091039
1	2.67096763449028
1	2.71005177251246
1	2.74505739626896
1	2.77644103558035
1	2.80460043459272
1	2.82988390106922
1	2.85259781045091
1	2.87301268728243
1	2.89136818214251
1	2.90787718445115
1	2.922729253535
1	2.93609350700928
1	2.94812107309515
1	2.95894718913788
1	2.9686930102498
1	2.97746717813735
1	2.98536718964668
1	2.99248059653226
1	2.99888606179153
1	3.00465429315169
1	3.00984887059403
1	3.0145269819013
1	3.01874007792064
1	3.02253445740527
1	0
1	0.434492621595428
1	0.791746652885263
1	1.08833274636639
1	1.33685230323868
1	1.54693830237489
1	1.72599835721017
1	1.87976694899023
1	2.01271634093082
1	2.12836278467975
1	2.22949510029422
1	2.31834566606788
1	2.39671864638993
1	2.46608643511879
1	2.52766244453326
1	2.58245626405558
1	2.63131565520542
1	2.67495869670194
1	2.71399854064517
1	2.74896260920412
1	2.78030759351514
1	2.80843126989827
1	2.83368189150652
1	2.8563657228277
1	2.87675314283075
1	2.89508363724996
1	2.91156992211027
1	2.92640138214792
1	2.93974696411839
1	2.95175763229571
1	2.96256846892919
1	2.97230048394691
1	2.98106218423182
1	2.98895094219752
1	2.99605419530756
1	3.00245050198129
1	3.00821047454336
1	3.01339760615267
1	3.01806900573099
1	3.0222760526077
1	3.02606498075961
1	0
1	0.434586808945015
1	0.79190700903219
1	1.08853890818
1	1.33708953055793
1	1.54719597953708
1	1.72626888881775
1	1.88004494668941
1	2.01299802495561
1	2.12864554384773
1	2.22977716886678
1	2.31862588676691
1	2.39699629689952
1	2.46636110133734
1	2.52793392822613
1	2.58272451579711
1	2.63158072589069
1	2.67522070267478
1	2.71425763879231
1	2.74921897932815
1	2.78056142600873
1	2.80868275726624
1	2.83393122266865
1	2.85661307941989
1	2.8769986969321
1	2.89532755011785
1	2.91181234361901
1	2.92664245071027
1	2.93998680693048
1	2.95199636579086
1	2.96280619935892
1	2.97253730803168
1	2.98129818984115
1	2.98918620903219
1	2.99628879556534
1	3.00268450099459
1	3.0084439313816
1	3.01363057418551
1	3.01830153315104
1	3.02250818291254
1	3.02629675319438
1	0
1	0.436945589113944
1	0.795922886971174
1	1.09370191998217
1	1.34303053111297
1	1.55364911557749
1	1.7330439450627
1	1.88700697994226
1	2.02005237667573
1	2.13572682090807
1	2.23684115100619
1	2.32564359169966
1	2.4039496353128
1	2.47323970268083
1	2.53473282801201
1	2.58944247623402
1	2.63821902156977
1	2.68178224725152
1	2.72074636125851
1	2.75563938256838
1	2.78691827812032
1	2.81498087924242
1	2.8401753457203
1	2.86280775234414
1	2.88314822919094
1	2.90143598015913
1	2.91788342481884
1	2.9326796494076
1	2.94599330856068
1	2.95797508625048
1	2.96875979955742
1	2.97846821018696
1	2.98720859451327
1	2.99507811220664
1	3.00216400532654
1	3.00854465349431
1	3.01429050592413
1	3.01946490733397
1	3.02412483181637
1	3.02832153642618
1	3.03210114439156
1	0
1	0.439526494939028
1	0.800316938990975
1	1.09935113113407
1	1.34953099399683
1	1.56070994159941
1	1.74045700642305
1	1.89462462588205
1	2.02777103468655
1	2.14347493981073
1	2.24457034633014
1	2.33332215190557
1	2.41155776762246
1	2.48076605995214
1	2.54217197825275
1	2.59679306509038
1	2.64548244366076
1	2.68896169061073
1	2.7278461248698
1	2.76266439335166
1	2.79387375318328
1	2.82187209356985
1	2.84700747605988
1	2.86958577585193
1	2.88987686114972
1	2.90811963931625
1	2.92452621800474
1	2.9392853693854
1	2.95256544073729
1	2.96451682111159
1	2.97527404858957
1	2.98495762370764
1	2.99367558030864
1	3.00152485422358
1	3.00859248191627
1	3.01495665488454
1	3.02068765072482
1	3.02584865797199
1	3.03049650885712
1	3.03468233178316
1	3.03845213345328
1	0
1	0.439960986134824
1	0.801056670327901
1	1.10030216641976
1	1.35062533609339
1	1.56189861989667
1	1.74170498295271
1	1.89590704388481
1	2.02907045790318
1	2.14477932271941
1	2.24587154348588
1	2.33461482472355
1	2.41283858402144
1	2.48203310965965
1	2.54342434680196
1	2.59803052447807
1	2.64670522866872
1	2.6901703379391
1	2.72904135824536
1	2.76384704221316
1	2.79504469582212
1	2.82303221802093
1	2.84815765382004
1	2.8707268448171
1	2.8910096151299
1	2.90924482220019
1	2.92564452117052
1	2.94039743133835
1	2.95367184823987
1	2.96561811127675
1	2.97637071156122
1	2.98605010566232
1	2.99476428659312
1	3.00261015250169
1	3.00967470524014
1	3.01603610463602
1	3.0217645993942
1	3.02692335175641
1	3.03156917007155
1	3.03575316108425
1	3.0395213118809
1	0
1	0.440322341612426
1	0.801671886408548
1	1.10109311871799
1	1.35153547308762
1	1.56288721395331
1	1.74274289386846
1	1.89697359891368
1	2.03015115574378
1	2.14586414541204
1	2.24695371666733
1	2.33568990842616
1	2.41390380703644
1	2.48308688326113
1	2.54446591045069
1	2.59905968854948
1	2.64772218842495
1	2.69117553974026
1	2.73003540399693
1	2.76483062173865
1	2.79601853957454
1	2.82399706455673
1	2.84911422794138
1	2.87167584338111
1	2.89195169832854
1	2.91018060870715
1	2.92657458598768
1	2.94132230549466
1	2.95459201973101
1	2.96653402680614
1	2.97728277876932
1	2.986958695623
1	2.99566973642319
1	3.00351276797796
1	3.01057476335375
1	3.01693385603873
1	3.0226602707094
1	3.02781714774008
1	3.03246127561752
1	3.03664374307364
1	3.04041052088006
1	0
1	0.441954861042819
1	0.804451288597796
1	1.10466645598673
1	1.35564725890379
1	1.5673534504054
1	1.74743193234164
1	1.90179204478245
1	2.03503349552415
1	2.150765120308
1	2.25184272169224
1	2.34054688484575
1	2.41871623517845
1	2.48784758563394
1	2.54917145111613
1	2.60370921082813
1	2.65231657446547
1	2.6957168060931
1	2.7345262699301
1	2.76927420371322
1	2.80041813760618
1	2.82835601527054
1	2.85343580582382
1	2.87596319666947
1	2.89620780961548
1	2.91440827301558
1	2.93077640104139
1	2.94550067035814
1	2.95874913905444
1	2.97067191869102
1	2.98140328483973
1	2.99106349230384
1	2.99976034672923
1	3.00759057333727
1	3.01464101514743
1	3.02098968665274
1	3.02670670397506
1	3.03185510869706
1	3.03649159957282
1	3.04066718395711
1	3.04442775891513
1	0
1	0.444628095813439
1	0.809002532788529
1	1.11051776118782
1	1.36238026839116
1	1.57466686937933
1	1.75511018746922
1	1.90968220326813
1	2.04302827967183
1	2.15879041927713
1	2.25984842011334
1	2.34850013673555
1	2.42659653969479
1	2.49564318970373
1	2.55687672842386
1	2.61132275856953
1	2.65983983715046
1	2.70315308580351
1	2.74188001944099
1	2.77655052619942
1	2.80762243681144
1	2.83549375488616
1	2.86051234778969
1	2.8829836961937
1	2.90317715066469
1	2.92133103241273
1	2.93765683253408
1	2.95234270239123
1	2.96555638172128
1	2.97744767661327
1	2.98815057365902
1	2.99778505714972
1	3.00645868152365
1	3.01426794015531
1	3.02129946311355
1	3.02763107003799
1	3.03333269929332
1	3.03846723069186
1	3.04309121605125
1	3.047255529472
1	3.05100594732581
1	0
1	0.447262590122237
1	0.813487820444599
1	1.11628426939755
1	1.36901570324727
1	1.58187430243998
1	1.76267716948569
1	1.91745801774373
1	2.05090720357654
1	2.16669941578314
1	2.26773810012204
1	2.35633813026699
1	2.43436264300456
1	2.50332582004403
1	2.56447034101562
1	2.61882597093791
1	2.66725407287154
1	2.71048159910544
1	2.74912719856932
1	2.78372140037387
1	2.81472233146481
1	2.84252805453007
1	2.86748633665889
1	2.88990245478715
1	2.91004549217065
1	2.92815346732694
1	2.94443755295894
1	2.95908557984065
1	2.9722649739712
1	2.98412524039485
1	2.99480008091128
1	3.00440921321986
1	3.01305994419174
1	3.02084853871449
1	3.02786141699241
1	3.03417620663553
1	3.03986267082741
1	3.04498352995438
1	3.0495951910271
1	3.05374839682287
1	3.057488804769
1	0
1	0.448589954121775
1	0.815747688436099
1	1.11918966774101
1	1.37235890171988
1	1.585505696572
1	1.76648971881643
1	1.92137578525133
1	2.05487692175406
1	2.17068428574452
1	2.27171323765658
1	2.36028722607923
1	2.43827551763695
1	2.50719663764322
1	2.56829630789932
1	2.62260639055977
1	2.67098966248637
1	2.71417399832401
1	2.75277861836591
1	2.78733437467129
1	2.8182995434299
1	2.84607221709595
1	2.8710001122352
1	2.89338840313319
1	2.91350603836394
1	2.9315908839363
1	2.94785395213385
1	2.96248291220525
1	2.97564503207586
1	2.98748966511147
1	2.99815036962204
1	3.00774672898729
1	3.01638592534413
1	3.0241641084592
1	3.03116759279865
1	3.03747390922028
1	3.04315273264437
1	3.04826670313202
1	3.05287215473433
1	3.05701976406271
1	3.06075512861548
1	0
1	0.448750993856406
1	0.816021862318906
1	1.11954215927943
1	1.37276450846757
1	1.58594626807127
1	1.76695226860134
1	1.92185110041733
1	2.0553585397293
1	2.17116774197909
1	2.27219551312428
1	2.36076634208799
1	2.43875023918482
1	2.50766625670717
1	2.56876048554153
1	2.62306504227318
1	2.67144287529045
1	2.7146219711412
1	2.75322161943816
1	2.78777271142163
1	2.81873354138809
1	2.84650220540308
1	2.87142641390268
1	2.89381132871863
1	2.9139258820849
1	2.93200792150759
1	2.9482684398077
1	2.96289508663716
1	2.97605511074336
1	2.98789784708999
1	2.99855683657843
1	3.00815164629234
1	3.01678944323549
1	3.02456636320773
1	3.03156870784672
1	3.037873996272
1	3.0435518926955
1	3.04866502743301
1	3.05326972568396
1	3.05741665603233
1	3.06115140870567
1	0
1	0.450100585597868
1	0.818319573556505
1	1.1224962107765
1	1.37616369139725
1	1.58963847272069
1	1.77082866203408
1	1.9258344739871
1	2.05939473392334
1	2.17521934168538
1	2.27623721742668
1	2.36478156857921
1	2.44272863794439
1	2.51160189415582
1	2.57265052121459
1	2.62690876796011
1	2.67524102025702
1	2.71837620245476
1	2.75693418509747
1	2.791446187782
1	2.82237065654808
1	2.85010571772598
1	2.87499903038224
1	2.89735565197934
1	2.91744437781406
1	2.93550290032996
1	2.95174204924234
1	2.96634930997294
1	2.97949177054827
1	2.99131861171363
1	3.00196322847781
1	3.01154505135553
1	3.02017112052753
1	3.02793745474499
1	3.03493024813671
1	3.04122692144982
1	3.04689704915492
1	3.05200317989751
1	3.05660156469564
1	3.06074280485941
1	3.06447242968385
1	0
1	0.452251274567147
1	0.821981171402337
1	1.12720374252424
1	1.38158057785768
1	1.59552231415797
1	1.77700602392825
1	1.9321823178082
1	2.06582675189167
1	2.18167590964483
1	2.28267801622029
1	2.37118017273373
1	2.44906855398323
1	2.51787366641691
1	2.57884962317642
1	2.63303407102906
1	2.68129368658002
1	2.72435888864507
1	2.76285047353189
1	2.79730018410136
1	2.82816670820894
1	2.85584822041435
1	2.88069229792234
1	2.90300383187417
1	2.92305139934558
1	2.94107244567482
1	2.95727754065441
1	2.97185390799132
1	2.98496837958976
1	2.99676989043484
1	3.00739160304322
1	3.01695273029537
1	3.02556011026881
1	3.03330957518769
1	3.04028714785634
1	3.04657009225711
1	3.05222783985019
1	3.05732280913248
1	3.06191113290776
1	3.0660433052795
1	3.06976475844157
1	0
1	0.454601016294643
1	0.825981661185175
1	1.13234697054986
1	1.38749881351657
1	1.60195072288681
1	1.78375511931857
1	1.93911767374256
1	2.07285407254476
1	2.18873005246485
1	2.28971493039055
1	2.37817098702365
1	2.45599524839516
1	2.52472591013869
1	2.5856224707433
1	2.6397262893927
1	2.68790654544752
1	2.7308952905073
1	2.76931433232544
1	2.8036959854565
1	2.83449920195248
1	2.86212220906628
1	2.88691249456438
1	2.90917476787323
1	2.92917736765052
1	2.94715746925886
1	2.96332535851136
1	2.97786797317771
1	2.99095186533491
1	3.00272570146211
1	3.01332239006589
1	3.02286090624985
1	3.03144786728297
1	3.03917890159874
1	3.04613984482045
1	3.05240778965658
1	3.05805201132088
1	3.06313478611602
1	3.06771211769042
1	3.07183438301859
1	3.07554690820626
1	0
1	0.456740799346805
1	0.829624691454201
1	1.13703063090021
1	1.39288823151661
1	1.60780472798421
1	1.78990115646156
1	1.94543332831659
1	2.07925347442779
1	2.19515387984859
1	2.29612306857222
1	2.38453714453081
1	2.46230301538789
1	2.53096587890358
1	2.59179013771236
1	2.6458205316953
1	2.69392851933744
1	2.73684763912641
1	2.77520061988468
1	2.80952029677744
1	2.84026586244617
1	2.86783559212867
1	2.89257689214476
1	2.91479430644305
1	2.93475595656674
1	2.95269877202621
1	2.96883278002982
1	2.98334465795963
1	2.99640070306909
1	3.0081493373234
1	3.01872323791594
1	3.02824116341967
1	3.03680953002518
1	3.04452378058481
1	3.05146958026613
1	3.05772386580779
1	3.06335577013831
1	3.06842744007173
1	3.07299476164168
1	3.07710800515964
1	3.08081240012257
1	0
1	0.461873997465812
1	0.838364080293438
1	1.14826642252693
1	1.4058170890998
1	1.62184809930837
1	1.80464509336202
1	1.96058416622372
1	2.09460521659416
1	2.21056421717682
1	2.31149576854162
1	2.39980913563666
1	2.47743493150879
1	2.54593515155683
1	2.60658596313598
1	2.66044021619689
1	2.70837483669339
1	2.75112693005939
1	2.78932143470117
1	2.82349243469438
1	2.85409969983884
1	2.88154162048486
1	2.90616540756717
1	2.92827520806394
1	2.94813862267513
1	2.96599199112779
1	2.98204472025461
1	2.99648286278491
1	3.00947210466729
1	3.0211602812942
1	3.03167951495387
1	3.04114804477662
1	3.04967180457926
1	3.05734579201718
1	3.06425526334599
1	3.07047678114297
1	3.07607913700383
1	3.08112416710796
1	3.08566747533879
1	3.08975907613032
1	3.09344396722145
1	0
1	0.463353475887147
1	0.840882926615662
1	1.15150477625359
1	1.40954341435813
1	1.6258956471246
1	1.80889455655904
1	1.96495090548238
1	2.09902986001109
1	2.215005748755
1	2.31592645236779
1	2.40421079338843
1	2.48179621717423
1	2.55024956050036
1	2.61085038152246
1	2.66465386765654
1	2.71253852067761
1	2.7552424740765
1	2.79339130310062
1	2.82751945178368
1	2.85808685627274
1	2.88549194009558
1	2.91008185787346
1	2.93216064217069
1	2.95199574357097
1	2.96982333181539
1	2.98585263493341
1	3.00026952561838
1	3.01323951363005
1	3.02491026530022
1	3.03541374298366
1	3.04486803609814
1	3.05337893943181
1	3.06104132232646
1	3.067940323182
1	3.07415239673584
1	3.07974623620551
1	3.08478358824
1	3.0893199754021
1	3.09340533837736
1	3.09708460810793
1	0
1	0.463955380760325
1	0.841907683620746
1	1.15282225467101
1	1.41105941709239
1	1.62754233471388
1	1.81062339056554
1	1.96672745159605
1	2.10082996361268
1	2.21681272306616
1	2.31772901342446
1	2.40600154559721
1	2.48357054457063
1	2.55200481676537
1	2.61258529983629
1	2.66636813216413
1	2.71423245662444
1	2.75691682495851
1	2.79504707150353
1	2.82915778673705
1	2.85970897448216
1	2.88709907176442
1	2.91167521029478
1	2.93374137608984
1	2.95356495866066
1	2.97138205859194
1	2.98740183116957
1	3.00181007584181
1	3.01477223068846
1	3.02643589326141
1	3.03693296084874
1	3.04638146195979
1	3.05488713482088
1	3.0625447965712
1	3.06943953766277
1	3.07564776895984
1	3.08123814365619
1	3.08627237197664
1	3.0908059433998
1	3.09488876860772
1	3.09856575136724
1	0
1	0.466746934171221
1	0.846660368040423
1	1.15893254141867
1	1.41809043277669
1	1.63517944908421
1	1.81864148891092
1	1.97496683224278
1	2.10917860070289
1	2.22519322557831
1	2.32608904785901
1	2.41430681219209
1	2.49179963510666
1	2.56014545797286
1	2.62063161637634
1	2.67431865914369
1	2.72208870248813
1	2.76468223793985
1	2.80272630145954
1	2.83675616271149
1	2.86723213939105
1	2.89455273112464
1	2.9190649633682
1	2.94107260625655
1	2.96084276605396
1	2.97861122260714
1	2.99458679382715
1	3.00895493946148
1	3.02188076514801
1	3.03351154944663
1	3.04397888787498
1	3.05340052645735
1	3.06188194109387
1	3.06951770681521
1	3.0763926916975
1	3.08258310312725
1	3.08815740867345
1	3.09317714963055
1	3.09769766203725
1	3.10176871742344
1	3.10543509352049
1	0
1	0.470881339633932
1	0.853699289219777
1	1.16798212750563
1	1.4285036563031
1	1.64649032970316
1	1.83051662247286
1	1.9871696939979
1	2.12154327574627
1	2.2376050946227
1	2.33847060283831
1	2.42660725374736
1	2.50398725678443
1	2.57220208255574
1	2.63254854224567
1	2.68609371673258
1	2.7337241258651
1	2.77618313408067
1	2.81409955699376
1	2.8480096701722
1	2.87837425616903
1	2.90559190732516
1	2.93000949172851
1	2.95193045978403
1	2.97162149825587
1	2.98931791196461
1	3.0052280191553
1	3.01953677646455
1	3.03240879717015
1	3.04399088739167
1	3.05441419571235
1	3.06379604978445
1	3.07224153699225
1	3.07984487379376
1	3.08669059891719
1	3.09285461839022
1	3.09840512486389
1	3.10340340943976
1	3.10790458090577
1	3.11195820470169
1	3.11560887189519
1	0
1	0.471317007794057
1	0.854441024365768
1	1.16893573898761
1	1.42960096279024
1	1.64768222793208
1	1.83176797956322
1	1.98845558585758
1	2.12284621888411
1	2.23891301088758
1	2.33977532472056
1	2.42790342820085
1	2.50527154270185
1	2.57347256449002
1	2.63380430325282
1	2.68733452819179
1	2.73495022319412
1	2.77739505543349
1	2.81529802805759
1	2.84919552263263
1	2.87954837069659
1	2.90675517436028
1	2.93116278512878
1	2.9530746197151
1	2.97275732067804
1	2.9904461427817
1	3.00634935161821
1	3.02065185080824
1	3.03351820174651
1	3.04509516076858
1	3.05551382936145
1	3.0648914910909
1	3.07333319240084
1	3.08093311196426
1	3.08777575380391
1	3.09393699219141
1	3.09948499080797
1	3.10448101439075
1	3.10898014778088
1	3.11303193470112
1	3.11668094654921
1	0
1	0.478624848262302
1	0.866882792235709
1	1.18493149267544
1	1.44800703761225
1	1.66767497220066
1	1.85275807896021
1	2.0100249669371
1	2.14470161586286
1	2.26085182644577
1	2.3616605581244
1	2.44964528815765
1	2.52681398591691
1	2.59478346150577
1	2.65486827337147
1	2.70814773655756
1	2.75551661867378
1	2.79772366495111
1	2.83540102419531
1	2.86908685597494
1	2.8992428134953
1	2.9262676627463
1	2.95050797707443
1	2.97226660804861
1	2.9918094567329
1	3.00937093825064
1	3.0251584350006
1	3.03935596132109
1	3.05212720832709
1	3.0636180972841
1	3.07395893969238
1	3.08326627961697
1	3.09164447677382
1	3.09918707603449
1	3.10597799927719
1	3.11209258810138
1	3.11759852025229
1	3.12255661823429
1	3.12702156520745
1	3.13104254061635
1	3.13466378591806
1	0
1	0.485753906055866
1	0.87902017845594
1	1.20053591822191
1	1.46596281698769
1	1.6871786039455
1	1.87323466603735
1	2.03106666385912
1	2.1660223314477
1	2.28225391981607
1	2.38301038020105
1	2.47085524434718
1	2.54782940399591
1	2.61557299804781
1	2.67541692395987
1	2.72845176015439
1	2.77557986753874
1	2.81755494516908
1	2.85501221055226
1	2.88849155776127
1	2.91845544156705
1	2.94530278782938
1	2.96937989854117
1	2.99098907395322
1	3.01039549177514
1	3.02783274803093
1	3.04350736353286
1	3.05760248509275
1	3.07028095483678
1	3.08168787938996
1	3.09195279959248
1	3.10119153810012
1	3.10950778470132
1	3.11699446597189
1	3.12373493588732
1	3.12980401640654
1	3.1352689112269
1	3.14019001143904
1	3.14462160834888
1	3.14861252603471
1	3.15220668408476
1	0
1	0.489844738651252
1	0.885984915818195
1	1.20949012991527
1	1.4762662946241
1	1.69837027818641
1	1.88498464650925
1	2.04314091856758
1	2.17825669407976
1	2.29453497906738
1	2.39526144486989
1	2.48302605045359
1	2.55988857924356
1	2.62750255679061
1	2.6872082562863
1	2.74010271936282
1	2.78709266415265
1	2.82893463234136
1	2.86626560233366
1	2.89962646350477
1	2.92948013058414
1	2.95622562116893
1	2.98020908154252
1	3.00173249559552
1	3.02106062595858
1	3.03842659863587
1	3.05403644003971
1	3.06807279917338
1	3.08069803099196
1	3.09205677465926
1	3.10227812879132
1	3.1114775020812
1	3.11975819989605
1	3.12721279401805
1	3.13392431254584
1	3.13996727925552
1	3.14540862582389
1	3.15030849578551
1	3.15472095559056
1	3.15869462539919
1	3.16227324010323
1	0
1	0.492935781884695
1	0.891247488606088
1	1.21625595443148
1	1.48405162782616
1	1.70682673494102
1	1.89386296083375
1	2.05226425530778
1	2.18750100876327
1	2.30381457783196
1	2.40451837965373
1	2.49222234166903
1	2.56900052190584
1	2.63651656090104
1	2.69611781617442
1	2.74890621297558
1	2.79579176176705
1	2.83753315213223
1	2.87476869301461
1	2.90804002584225
1	2.93781041289037
1	2.96447894107313
1	2.9883916390194
1	3.00985025157725
1	3.02911922774263
1	3.0464313383716
1	3.06199223630662
1	3.0759841944056
1	3.08856919951595
1	3.09989153758663
1	3.11007997308804
1	3.11924960192194
1	3.12750343898586
1	3.13493378797899
1	3.14162343076662
1	3.14764666581718
1	3.15307021926807
1	3.15795404759986
1	3.16235204736116
1	3.1663126846311
1	3.16987955474443
1	0
1	0.492966711030207
1	0.891300146193586
1	1.21632365363695
1	1.48412952829059
1	1.70691135070396
1	1.89395179772631
1	2.05235554390786
1	2.1875935078752
1	2.3039074299983
1	2.40461100504306
1	2.49231436025553
1	2.56909169649617
1	2.63660675551293
1	2.69620696571179
1	2.74899430120807
1	2.79587880540754
1	2.83761918938558
1	2.87485377539914
1	2.90812421240133
1	2.93789376614497
1	2.96456152423777
1	2.98847351413137
1	3.00993147828197
1	3.02919986254726
1	3.04651143422966
1	3.06207184243368
1	3.07606335625351
1	3.08864795885325
1	3.09996993264756
1	3.11015803876338
1	3.11932736997265
1	3.12758093826644
1	3.1350110446615
1	3.14170046855929
1	3.14772350617381
1	3.1531468815858
1	3.15803054940418
1	3.1624284044775
1	3.16638891134316
1	3.16995566393948
1	0
1	0.493323315853728
1	0.891907274175489
1	1.2171042074744
1	1.48502769993133
1	1.70788694795086
1	1.89497606347537
1	2.05340807719273
1	2.18865999803963
1	2.30497799078632
1	2.40567895115239
1	2.4933753100897
1	2.57014291527883
1	2.63764667540478
1	2.69723483617221
1	2.75000993510544
1	2.79688239543696
1	2.83861117603896
1	2.87583475266884
1	2.90909486104192
1	2.93885480700637
1	2.96551368616681
1	2.98941751240142
1	3.01086800058872
1	3.03012956040329
1	3.04743491817511
1	3.06298967991102
1	3.07697607131038
1	3.08955603306976
1	3.10087380685444
1	3.11105811524192
1	3.12022401491832
1	3.12847448436404
1	3.13590179366788
1	3.14258869382405
1	3.14860945505345
1	3.15403077772433
1	3.15891259486572
1	3.16330878172512
1	3.16726778506404
1	3.17083318272049
