group	y
1	0
1	9.22262848298498
1	0.331750225465925
1	14.6943461193988
1	-5.30389799172775
1	15.7130630218298
1	-5.30389799172775
1	15.7130630218298
1	-5.30389799172775
1	15.7130630218298
1	-5.30389799172775
1	15.7130630218298
1	-5.30389799172775
1	15.7130630218298
1	-5.30389799172775
1	15.7130630218298
1	-5.30389799172775
1	15.7130630218298
1	-5.30389799172775
1	15.7130630218298
1	-5.30389799172775
1	15.7130630218298
1	-5.30389799172775
1	15.7130630218298
1	-5.30389799172775
1	15.7130630218298
1	-5.30389799172775
1	15.7130630218298
1	-5.30389799172775
1	15.7130630218298
1	-5.30389799172775
1	15.7130630218298
1	-5.30389799172775
1	15.7130630218298
1	-5.30389799172775
1	15.7130630218298
1	-5.30389799172775
1	15.7130630218298
1	-5.30389799172775
1	15.7130630218298
1	-5.30389799172775
1	0
1	9.21860919188584
1	0.333587450036101
1	14.6867456294376
1	-5.30389799172775
1	15.7130630218298
1	-5.30389799172775
1	15.7130630218298
1	-5.30389799172775
1	15.7130630218298
1	-5.30389799172775
1	15.7130630218298
1	-5.30389799172775
1	15.7130630218298
1	-5.30389799172775
1	15.7130630218298
1	-5.30389799172775
1	15.7130630218298
1	-5.30389799172775
1	15.7130630218298
1	-5.30389799172775
1	15.7130630218298
1	-5.30389799172775
1	15.7130630218298
1	-5.30389799172775
1	15.7130630218298
1	-5.30389799172775
1	15.7130630218298
1	-5.30389799172775
1	15.7130630218298
1	-5.30389799172775
1	15.7130630218298
1	-5.30389799172775
1	15.7130630218298
1	-5.30389799172775
1	15.7130630218298
1	-5.30389799172775
1	15.7130630218298
1	-5.30389799172775
1	15.7130630218298
1	-5.30389799172775
1	0
1	9.09085774160742
1	0.391982848014954
1	14.4451673034533
1	-5.30389799172775
1	15.7130630218298
1	-5.30389799172775
1	15.7130630218298
1	-5.30389799172775
1	15.7130630218298
1	-5.30389799172775
1	15.7130630218298
1	-5.30389799172775
1	15.7130630218298
1	-5.30389799172775
1	15.7130630218298
1	-5.30389799172775
1	15.7130630218298
1	-5.30389799172775
1	15.7130630218298
1	-5.30389799172775
1	15.7130630218298
1	-5.30389799172775
1	15.7130630218298
1	-5.30389799172775
1	15.7130630218298
1	-5.30389799172775
1	15.7130630218298
1	-5.30389799172775
1	15.7130630218298
1	-5.30389799172775
1	15.7130630218298
1	-5.30389799172775
1	15.7130630218298
1	-5.30389799172775
1	15.7130630218298
1	-5.30389799172775
1	15.7130630218298
1	-5.30389799172775
1	15.7130630218298
1	-5.30389799172775
1	0
1	8.93395338813071
1	0.463704085980694
1	14.1484607614146
1	-5.30389799172775
1	15.7130630218298
1	-5.30389799172775
1	15.7130630218298
1	-5.30389799172775
1	15.7130630218298
1	-5.30389799172775
1	15.7130630218298
1	-5.30389799172775
1	15.7130630218298
1	-5.30389799172775
1	15.7130630218298
1	-5.30389799172775
1	15.7130630218298
1	-5.30389799172775
1	15.7130630218298
1	-5.30389799172775
1	15.7130630218298
1	-5.30389799172775
1	15.7130630218298
1	-5.30389799172775
1	15.7130630218298
1	-5.30389799172775
1	15.7130630218298
1	-5.30389799172775
1	15.7130630218298
1	-5.30389799172775
1	15.7130630218298
1	-5.30389799172775
1	15.7130630218298
1	-5.30389799172775
1	15.7130630218298
1	-5.30389799172775
1	15.7130630218298
1	-5.30389799172775
1	15.7130630218298
1	-5.30389799172775
1	0
1	8.6333165394201
1	0.601125683851432
1	13.5799556956607
1	-5.30389799172775
1	15.7130630218298
1	-5.30389799172775
1	15.7130630218298
1	-5.30389799172775
1	15.7130630218298
1	-5.30389799172775
1	15.7130630218298
1	-5.30389799172775
1	15.7130630218298
1	-5.30389799172775
1	15.7130630218298
1	-5.30389799172775
1	15.7130630218298
1	-5.30389799172775
1	15.7130630218298
1	-5.30389799172775
1	15.7130630218298
1	-5.30389799172775
1	15.7130630218298
1	-5.30389799172775
1	15.7130630218298
1	-5.30389799172775
1	15.7130630218298
1	-5.30389799172775
1	15.7130630218298
1	-5.30389799172775
1	15.7130630218298
1	-5.30389799172775
1	15.7130630218298
1	-5.30389799172775
1	15.7130630218298
1	-5.30389799172775
1	15.7130630218298
1	-5.30389799172775
1	15.7130630218298
1	-5.30389799172775
1	0
1	8.59666647541008
1	0.617878488372641
1	13.5106503289392
1	-5.30389799172775
1	15.7130630218298
1	-5.30389799172775
1	15.7130630218298
1	-5.30389799172775
1	15.7130630218298
1	-5.30389799172775
1	15.7130630218298
1	-5.30389799172775
1	15.7130630218298
1	-5.30389799172775
1	15.7130630218298
1	-5.30389799172775
1	15.7130630218298
1	-5.30389799172775
1	15.7130630218298
1	-5.30389799172775
1	15.7130630218298
1	-5.30389799172775
1	15.7130630218298
1	-5.30389799172775
1	15.7130630218298
1	-5.30389799172775
1	15.7130630218298
1	-5.30389799172775
1	15.7130630218298
1	-5.30389799172775
1	15.7130630218298
1	-5.30389799172775
1	15.7130630218298
1	-5.30389799172775
1	15.7130630218298
1	-5.30389799172775
1	15.7130630218298
1	-5.30389799172775
1	15.7130630218298
1	-5.30389799172775
1	0
1	8.57067878145637
1	0.629757506009403
1	13.4615075318293
1	-5.30389799172775
1	15.7130630218298
1	-5.30389799172775
1	15.7130630218298
1	-5.30389799172775
1	15.7130630218298
1	-5.30389799172775
1	15.7130630218298
1	-5.30389799172775
1	15.7130630218298
1	-5.30389799172775
1	15.7130630218298
1	-5.30389799172775
1	15.7130630218298
1	-5.30389799172775
1	15.7130630218298
1	-5.30389799172775
1	15.7130630218298
1	-5.30389799172775
1	15.7130630218298
1	-5.30389799172775
1	15.7130630218298
1	-5.30389799172775
1	15.7130630218298
1	-5.30389799172775
1	15.7130630218298
1	-5.30389799172775
1	15.7130630218298
1	-5.30389799172775
1	15.7130630218298
1	-5.30389799172775
1	15.7130630218298
1	-5.30389799172775
1	15.7130630218298
1	-5.30389799172775
1	15.7130630218298
1	-5.30389799172775
1	0
1	8.48238420315095
1	0.670117102932046
1	13.294542253752
1	-5.30389799172775
1	15.7130630218298
1	-5.30389799172775
1	15.7130630218298
1	-5.30389799172775
1	15.7130630218298
1	-5.30389799172775
1	15.7130630218298
1	-5.30389799172775
1	15.7130630218298
1	-5.30389799172775
1	15.7130630218298
1	-5.30389799172775
1	15.7130630218298
1	-5.30389799172775
1	15.7130630218298
1	-5.30389799172775
1	15.7130630218298
1	-5.30389799172775
1	15.7130630218298
1	-5.30389799172775
1	15.7130630218298
1	-5.30389799172775
1	15.7130630218298
1	-5.30389799172775
1	15.7130630218298
1	-5.30389799172775
1	15.7130630218298
1	-5.30389799172775
1	15.7130630218298
1	-5.30389799172775
1	15.7130630218298
1	-5.30389799172775
1	15.7130630218298
1	-5.30389799172775
1	15.7130630218298
1	-5.30389799172775
1	0
1	8.42331141005268
1	0.697119373788292
1	13.1828354477878
1	-5.30389799172775
1	15.7130630218298
1	-5.30389799172775
1	15.7130630218298
1	-5.30389799172775
1	15.7130630218298
1	-5.30389799172775
1	15.7130630218298
1	-5.30389799172775
1	15.7130630218298
1	-5.30389799172775
1	15.7130630218298
1	-5.30389799172775
1	15.7130630218298
1	-5.30389799172775
1	15.7130630218298
1	-5.30389799172775
1	15.7130630218298
1	-5.30389799172775
1	15.7130630218298
1	-5.30389799172775
1	15.7130630218298
1	-5.30389799172775
1	15.7130630218298
1	-5.30389799172775
1	15.7130630218298
1	-5.30389799172775
1	15.7130630218298
1	-5.30389799172775
1	15.7130630218298
1	-5.30389799172775
1	15.7130630218298
1	-5.30389799172775
1	15.7130630218298
1	-5.30389799172775
1	15.7130630218298
1	-5.30389799172775
1	0
1	8.4003254259469
1	0.707626304917976
1	13.1393688918366
1	-5.30389799172775
1	15.7130630218298
1	-5.30389799172775
1	15.7130630218298
1	-5.30389799172775
1	15.7130630218298
1	-5.30389799172775
1	15.7130630218298
1	-5.30389799172775
1	15.7130630218298
1	-5.30389799172775
1	15.7130630218298
1	-5.30389799172775
1	15.7130630218298
1	-5.30389799172775
1	15.7130630218298
1	-5.30389799172775
1	15.7130630218298
1	-5.30389799172775
1	15.7130630218298
1	-5.30389799172775
1	15.7130630218298
1	-5.30389799172775
1	15.7130630218298
1	-5.30389799172775
1	15.7130630218298
1	-5.30389799172775
1	15.7130630218298
1	-5.30389799172775
1	15.7130630218298
1	-5.30389799172775
1	15.7130630218298
1	-5.30389799172775
1	15.7130630218298
1	-5.30389799172775
1	15.7130630218298
1	-5.30389799172775
1	0
1	8.3080217118587
1	0.749818484398985
1	12.9648223275279
1	-5.30389799172775
1	15.7130630218298
1	-5.30389799172775
1	15.7130630218298
1	-5.30389799172775
1	15.7130630218298
1	-5.30389799172775
1	15.7130630218298
1	-5.30389799172775
1	15.7130630218298
1	-5.30389799172775
1	15.7130630218298
1	-5.30389799172775
1	15.7130630218298
1	-5.30389799172775
1	15.7130630218298
1	-5.30389799172775
1	15.7130630218298
1	-5.30389799172775
1	15.7130630218298
1	-5.30389799172775
1	15.7130630218298
1	-5.30389799172775
1	15.7130630218298
1	-5.30389799172775
1	15.7130630218298
1	-5.30389799172775
1	15.7130630218298
1	-5.30389799172775
1	15.7130630218298
1	-5.30389799172775
1	15.7130630218298
1	-5.30389799172775
1	15.7130630218298
1	-5.30389799172775
1	15.7130630218298
1	-5.30389799172775
1	0
1	8.11243713173215
1	0.839220517566712
1	12.5949713759158
1	-5.30389799172775
1	15.7130630218298
1	-5.30389799172775
1	15.7130630218298
1	-5.30389799172775
1	15.7130630218298
1	-5.30389799172775
1	15.7130630218298
1	-5.30389799172775
1	15.7130630218298
1	-5.30389799172775
1	15.7130630218298
1	-5.30389799172775
1	15.7130630218298
1	-5.30389799172775
1	15.7130630218298
1	-5.30389799172775
1	15.7130630218298
1	-5.30389799172775
1	15.7130630218298
1	-5.30389799172775
1	15.7130630218298
1	-5.30389799172775
1	15.7130630218298
1	-5.30389799172775
1	15.7130630218298
1	-5.30389799172775
1	15.7130630218298
1	-5.30389799172775
1	15.7130630218298
1	-5.30389799172775
1	15.7130630218298
1	-5.30389799172775
1	15.7130630218298
1	-5.30389799172775
1	15.7130630218298
1	-5.30389799172775
1	0
1	8.09435602180892
1	0.847485422642666
1	12.5607799498484
1	-5.30389799172775
1	15.7130630218298
1	-5.30389799172775
1	15.7130630218298
1	-5.30389799172775
1	15.7130630218298
1	-5.30389799172775
1	15.7130630218298
1	-5.30389799172775
1	15.7130630218298
1	-5.30389799172775
1	15.7130630218298
1	-5.30389799172775
1	15.7130630218298
1	-5.30389799172775
1	15.7130630218298
1	-5.30389799172775
1	15.7130630218298
1	-5.30389799172775
1	15.7130630218298
1	-5.30389799172775
1	15.7130630218298
1	-5.30389799172775
1	15.7130630218298
1	-5.30389799172775
1	15.7130630218298
1	-5.30389799172775
1	15.7130630218298
1	-5.30389799172775
1	15.7130630218298
1	-5.30389799172775
1	15.7130630218298
1	-5.30389799172775
1	15.7130630218298
1	-5.30389799172775
1	15.7130630218298
1	-5.30389799172775
1	0
1	8.06465564113678
1	0.861061515483048
1	12.5046164524616
1	-5.30389799172775
1	15.7130630218298
1	-5.30389799172775
1	15.7130630218298
1	-5.30389799172775
1	15.7130630218298
1	-5.30389799172775
1	15.7130630218298
1	-5.30389799172775
1	15.7130630218298
1	-5.30389799172775
1	15.7130630218298
1	-5.30389799172775
1	15.7130630218298
1	-5.30389799172775
1	15.7130630218298
1	-5.30389799172775
1	15.7130630218298
1	-5.30389799172775
1	15.7130630218298
1	-5.30389799172775
1	15.7130630218298
1	-5.30389799172775
1	15.7130630218298
1	-5.30389799172775
1	15.7130630218298
1	-5.30389799172775
1	15.7130630218298
1	-5.30389799172775
1	15.7130630218298
1	-5.30389799172775
1	15.7130630218298
1	-5.30389799172775
1	15.7130630218298
1	-5.30389799172775
1	15.7130630218298
1	-5.30389799172775
1	0
1	8.04147984477279
1	0.87165521010806
1	12.4607909610346
1	-5.30389799172775
1	15.7130630218298
1	-5.30389799172775
1	15.7130630218298
1	-5.30389799172775
1	15.7130630218298
1	-5.30389799172775
1	15.7130630218298
1	-5.30389799172775
1	15.7130630218298
1	-5.30389799172775
1	15.7130630218298
1	-5.30389799172775
1	15.7130630218298
1	-5.30389799172775
1	15.7130630218298
1	-5.30389799172775
1	15.7130630218298
1	-5.30389799172775
1	15.7130630218298
1	-5.30389799172775
1	15.7130630218298
1	-5.30389799172775
1	15.7130630218298
1	-5.30389799172775
1	15.7130630218298
1	-5.30389799172775
1	15.7130630218298
1	-5.30389799172775
1	15.7130630218298
1	-5.30389799172775
1	15.7130630218298
1	-5.30389799172775
1	15.7130630218298
1	-5.30389799172775
1	15.7130630218298
1	-5.30389799172775
1	0
1	8.00349207665138
1	0.889019481378118
1	12.3889559923462
1	-5.30389799172775
1	15.7130630218298
1	-5.30389799172775
1	15.7130630218298
1	-5.30389799172775
1	15.7130630218298
1	-5.30389799172775
1	15.7130630218298
1	-5.30389799172775
1	15.7130630218298
1	-5.30389799172775
1	15.7130630218298
1	-5.30389799172775
1	15.7130630218298
1	-5.30389799172775
1	15.7130630218298
1	-5.30389799172775
1	15.7130630218298
1	-5.30389799172775
1	15.7130630218298
1	-5.30389799172775
1	15.7130630218298
1	-5.30389799172775
1	15.7130630218298
1	-5.30389799172775
1	15.7130630218298
1	-5.30389799172775
1	15.7130630218298
1	-5.30389799172775
1	15.7130630218298
1	-5.30389799172775
1	15.7130630218298
1	-5.30389799172775
1	15.7130630218298
1	-5.30389799172775
1	15.7130630218298
1	-5.30389799172775
1	0
1	7.97243115287851
1	0.90321748070693
1	12.3302197044041
1	-5.30389799172775
1	15.7130630218298
1	-5.30389799172775
1	15.7130630218298
1	-5.30389799172775
1	15.7130630218298
1	-5.30389799172775
1	15.7130630218298
1	-5.30389799172775
1	15.7130630218298
1	-5.30389799172775
1	15.7130630218298
1	-5.30389799172775
1	15.7130630218298
1	-5.30389799172775
1	15.7130630218298
1	-5.30389799172775
1	15.7130630218298
1	-5.30389799172775
1	15.7130630218298
1	-5.30389799172775
1	15.7130630218298
1	-5.30389799172775
1	15.7130630218298
1	-5.30389799172775
1	15.7130630218298
1	-5.30389799172775
1	15.7130630218298
1	-5.30389799172775
1	15.7130630218298
1	-5.30389799172775
1	15.7130630218298
1	-5.30389799172775
1	15.7130630218298
1	-5.30389799172775
1	15.7130630218298
1	-5.30389799172775
1	0
1	7.82681088187571
1	0.969780746019884
1	12.0548513917817
1	-5.30389799172775
1	15.7130630218298
1	-5.30389799172775
1	15.7130630218298
1	-5.30389799172775
1	15.7130630218298
1	-5.30389799172775
1	15.7130630218298
1	-5.30389799172775
1	15.7130630218298
1	-5.30389799172775
1	15.7130630218298
1	-5.30389799172775
1	15.7130630218298
1	-5.30389799172775
1	15.7130630218298
1	-5.30389799172775
1	15.7130630218298
1	-5.30389799172775
1	15.7130630218298
1	-5.30389799172775
1	15.7130630218298
1	-5.30389799172775
1	15.7130630218298
1	-5.30389799172775
1	15.7130630218298
1	-5.30389799172775
1	15.7130630218298
1	-5.30389799172775
1	15.7130630218298
1	-5.30389799172775
1	15.7130630218298
1	-5.30389799172775
1	15.7130630218298
1	-5.30389799172775
1	15.7130630218298
1	-5.30389799172775
1	0
1	7.7771646998561
1	0.992474097452273
1	11.9609703319764
1	-5.30389799172775
1	15.7130630218298
1	-5.30389799172775
1	15.7130630218298
1	-5.30389799172775
1	15.7130630218298
1	-5.30389799172775
1	15.7130630218298
1	-5.30389799172775
1	15.7130630218298
1	-5.30389799172775
1	15.7130630218298
1	-5.30389799172775
1	15.7130630218298
1	-5.30389799172775
1	15.7130630218298
1	-5.30389799172775
1	15.7130630218298
1	-5.30389799172775
1	15.7130630218298
1	-5.30389799172775
1	15.7130630218298
1	-5.30389799172775
1	15.7130630218298
1	-5.30389799172775
1	15.7130630218298
1	-5.30389799172775
1	15.7130630218298
1	-5.30389799172775
1	15.7130630218298
1	-5.30389799172775
1	15.7130630218298
1	-5.30389799172775
1	15.7130630218298
1	-5.30389799172775
1	15.7130630218298
1	-5.30389799172775
1	0
1	7.72810867815889
1	1.01489768563092
1	11.8682052668814
1	-5.30389799172775
1	15.7130630218298
1	-5.30389799172775
1	15.7130630218298
1	-5.30389799172775
1	15.7130630218298
1	-5.30389799172775
1	15.7130630218298
1	-5.30389799172775
1	15.7130630218298
1	-5.30389799172775
1	15.7130630218298
1	-5.30389799172775
1	15.7130630218298
1	-5.30389799172775
1	15.7130630218298
1	-5.30389799172775
1	15.7130630218298
1	-5.30389799172775
1	15.7130630218298
1	-5.30389799172775
1	15.7130630218298
1	-5.30389799172775
1	15.7130630218298
1	-5.30389799172775
1	15.7130630218298
1	-5.30389799172775
1	15.7130630218298
1	-5.30389799172775
1	15.7130630218298
1	-5.30389799172775
1	15.7130630218298
1	-5.30389799172775
1	15.7130630218298
1	-5.30389799172775
1	15.7130630218298
1	-5.30389799172775
1	0
1	7.54906626461096
1	1.09673826725593
1	11.5296355954544
1	-5.30389799172775
1	15.7130630218298
1	-5.30389799172775
1	15.7130630218298
1	-5.30389799172775
1	15.7130630218298
1	-5.30389799172775
1	15.7130630218298
1	-5.30389799172775
1	15.7130630218298
1	-5.30389799172775
1	15.7130630218298
1	-5.30389799172775
1	15.7130630218298
1	-5.30389799172775
1	15.7130630218298
1	-5.30389799172775
1	15.7130630218298
1	-5.30389799172775
1	15.7130630218298
1	-5.30389799172775
1	15.7130630218298
1	-5.30389799172775
1	15.7130630218298
1	-5.30389799172775
1	15.7130630218298
1	-5.30389799172775
1	15.7130630218298
1	-5.30389799172775
1	15.7130630218298
1	-5.30389799172775
1	15.7130630218298
1	-5.30389799172775
1	15.7130630218298
1	-5.30389799172775
1	15.7130630218298
1	-5.30389799172775
1	0
1	7.48600341659393
1	1.12556439877623
1	11.4103835852224
1	-5.30389799172775
1	15.7130630218298
1	-5.30389799172775
1	15.7130630218298
1	-5.30389799172775
1	15.7130630218298
1	-5.30389799172775
1	15.7130630218298
1	-5.30389799172775
1	15.7130630218298
1	-5.30389799172775
1	15.7130630218298
1	-5.30389799172775
1	15.7130630218298
1	-5.30389799172775
1	15.7130630218298
1	-5.30389799172775
1	15.7130630218298
1	-5.30389799172775
1	15.7130630218298
1	-5.30389799172775
1	15.7130630218298
1	-5.30389799172775
1	15.7130630218298
1	-5.30389799172775
1	15.7130630218298
1	-5.30389799172775
1	15.7130630218298
1	-5.30389799172775
1	15.7130630218298
1	-5.30389799172775
1	15.7130630218298
1	-5.30389799172775
1	15.7130630218298
1	-5.30389799172775
1	15.7130630218298
1	-5.30389799172775
1	0
1	7.16175933514132
1	1.27377690154976
1	10.7972371807244
1	-5.30389799172775
1	15.7130630218298
1	-5.30389799172775
1	15.7130630218298
1	-5.30389799172775
1	15.7130630218298
1	-5.30389799172775
1	15.7130630218298
1	-5.30389799172775
1	15.7130630218298
1	-5.30389799172775
1	15.7130630218298
1	-5.30389799172775
1	15.7130630218298
1	-5.30389799172775
1	15.7130630218298
1	-5.30389799172775
1	15.7130630218298
1	-5.30389799172775
1	15.7130630218298
1	-5.30389799172775
1	15.7130630218298
1	-5.30389799172775
1	15.7130630218298
1	-5.30389799172775
1	15.7130630218298
1	-5.30389799172775
1	15.7130630218298
1	-5.30389799172775
1	15.7130630218298
1	-5.30389799172775
1	15.7130630218298
1	-5.30389799172775
1	15.7130630218298
1	-5.30389799172775
1	15.7130630218298
1	-5.30389799172775
1	0
1	7.14011245247538
1	1.28367172720946
1	10.7563028690918
1	-5.30389799172775
1	15.7130630218298
1	-5.30389799172775
1	15.7130630218298
1	-5.30389799172775
1	15.7130630218298
1	-5.30389799172775
1	15.7130630218298
1	-5.30389799172775
1	15.7130630218298
1	-5.30389799172775
1	15.7130630218298
1	-5.30389799172775
1	15.7130630218298
1	-5.30389799172775
1	15.7130630218298
1	-5.30389799172775
1	15.7130630218298
1	-5.30389799172775
1	15.7130630218298
1	-5.30389799172775
1	15.7130630218298
1	-5.30389799172775
1	15.7130630218298
1	-5.30389799172775
1	15.7130630218298
1	-5.30389799172775
1	15.7130630218298
1	-5.30389799172775
1	15.7130630218298
1	-5.30389799172775
1	15.7130630218298
1	-5.30389799172775
1	15.7130630218298
1	-5.30389799172775
1	15.7130630218298
1	-5.30389799172775
1	0
1	7.12173553380534
1	1.29207184694997
1	10.7215520679119
1	-5.30389799172775
1	15.7130630218298
1	-5.30389799172775
1	15.7130630218298
1	-5.30389799172775
1	15.7130630218298
1	-5.30389799172775
1	15.7130630218298
1	-5.30389799172775
1	15.7130630218298
1	-5.30389799172775
1	15.7130630218298
1	-5.30389799172775
1	15.7130630218298
1	-5.30389799172775
1	15.7130630218298
1	-5.30389799172775
1	15.7130630218298
1	-5.30389799172775
1	15.7130630218298
1	-5.30389799172775
1	15.7130630218298
1	-5.30389799172775
1	15.7130630218298
1	-5.30389799172775
1	15.7130630218298
1	-5.30389799172775
1	15.7130630218298
1	-5.30389799172775
1	15.7130630218298
1	-5.30389799172775
1	15.7130630218298
1	-5.30389799172775
1	15.7130630218298
1	-5.30389799172775
1	15.7130630218298
1	-5.30389799172775
1	0
1	7.06635217252898
1	1.31738767245403
1	10.6168219871546
1	-5.30389799172775
1	15.7130630218298
1	-5.30389799172775
1	15.7130630218298
1	-5.30389799172775
1	15.7130630218298
1	-5.30389799172775
1	15.7130630218298
1	-5.30389799172775
1	15.7130630218298
1	-5.30389799172775
1	15.7130630218298
1	-5.30389799172775
1	15.7130630218298
1	-5.30389799172775
1	15.7130630218298
1	-5.30389799172775
1	15.7130630218298
1	-5.30389799172775
1	15.7130630218298
1	-5.30389799172775
1	15.7130630218298
1	-5.30389799172775
1	15.7130630218298
1	-5.30389799172775
1	15.7130630218298
1	-5.30389799172775
1	15.7130630218298
1	-5.30389799172775
1	15.7130630218298
1	-5.30389799172775
1	15.7130630218298
1	-5.30389799172775
1	15.7130630218298
1	-5.30389799172775
1	15.7130630218298
1	-5.30389799172775
1	0
1	6.99758266207064
1	1.34882232875949
1	10.4867786633483
1	-4.23195422870271
1	15.7130630218298
1	-5.30389799172775
1	15.7130630218298
1	-5.30389799172775
1	15.7130630218298
1	-5.30389799172775
1	15.7130630218298
1	-5.30389799172775
1	15.7130630218298
1	-5.30389799172775
1	15.7130630218298
1	-5.30389799172775
1	15.7130630218298
1	-5.30389799172775
1	15.7130630218298
1	-5.30389799172775
1	15.7130630218298
1	-5.30389799172775
1	15.7130630218298
1	-5.30389799172775
1	15.7130630218298
1	-5.30389799172775
1	15.7130630218298
1	-5.30389799172775
1	15.7130630218298
1	-5.30389799172775
1	15.7130630218298
1	-5.30389799172775
1	15.7130630218298
1	-5.30389799172775
1	15.7130630218298
1	-5.30389799172775
1	15.7130630218298
1	-5.30389799172775
1	15.7130630218298
1	-5.30389799172775
1	0
1	6.95933741449019
1	1.36630429431364
1	10.4144568003307
1	-4.15962443901598
1	15.7130630218298
1	-5.30389799172775
1	15.7130630218298
1	-5.30389799172775
1	15.7130630218298
1	-5.30389799172775
1	15.7130630218298
1	-5.30389799172775
1	15.7130630218298
1	-5.30389799172775
1	15.7130630218298
1	-5.30389799172775
1	15.7130630218298
1	-5.30389799172775
1	15.7130630218298
1	-5.30389799172775
1	15.7130630218298
1	-5.30389799172775
1	15.7130630218298
1	-5.30389799172775
1	15.7130630218298
1	-5.30389799172775
1	15.7130630218298
1	-5.30389799172775
1	15.7130630218298
1	-5.30389799172775
1	15.7130630218298
1	-5.30389799172775
1	15.7130630218298
1	-5.30389799172775
1	15.7130630218298
1	-5.30389799172775
1	15.7130630218298
1	-5.30389799172775
1	15.7130630218298
1	-5.30389799172775
1	0
1	6.93278070565332
1	1.3784434095891
1	10.3642379945913
1	-4.10940012916148
1	15.7130630218298
1	-5.30389799172775
1	15.7130630218298
1	-5.30389799172775
1	15.7130630218298
1	-5.30389799172775
1	15.7130630218298
1	-5.30389799172775
1	15.7130630218298
1	-5.30389799172775
1	15.7130630218298
1	-5.30389799172775
1	15.7130630218298
1	-5.30389799172775
1	15.7130630218298
1	-5.30389799172775
1	15.7130630218298
1	-5.30389799172775
1	15.7130630218298
1	-5.30389799172775
1	15.7130630218298
1	-5.30389799172775
1	15.7130630218298
1	-5.30389799172775
1	15.7130630218298
1	-5.30389799172775
1	15.7130630218298
1	-5.30389799172775
1	15.7130630218298
1	-5.30389799172775
1	15.7130630218298
1	-5.30389799172775
1	15.7130630218298
1	-5.30389799172775
1	15.7130630218298
1	-5.30389799172775
1	0
1	6.79884847669918
1	1.43966405166343
1	10.1109717999957
1	-3.85610617591542
1	15.7130630218298
1	-5.30389799172775
1	15.7130630218298
1	-5.30389799172775
1	15.7130630218298
1	-5.30389799172775
1	15.7130630218298
1	-5.30389799172775
1	15.7130630218298
1	-5.30389799172775
1	15.7130630218298
1	-5.30389799172775
1	15.7130630218298
1	-5.30389799172775
1	15.7130630218298
1	-5.30389799172775
1	15.7130630218298
1	-5.30389799172775
1	15.7130630218298
1	-5.30389799172775
1	15.7130630218298
1	-5.30389799172775
1	15.7130630218298
1	-5.30389799172775
1	15.7130630218298
1	-5.30389799172775
1	15.7130630218298
1	-5.30389799172775
1	15.7130630218298
1	-5.30389799172775
1	15.7130630218298
1	-5.30389799172775
1	15.7130630218298
1	-5.30389799172775
1	15.7130630218298
1	-5.30389799172775
1	0
1	6.78586466535317
1	1.44559897317845
1	10.0864193788449
1	-3.83155106375375
1	15.7130630218298
1	-5.30389799172775
1	15.7130630218298
1	-5.30389799172775
1	15.7130630218298
1	-5.30389799172775
1	15.7130630218298
1	-5.30389799172775
1	15.7130630218298
1	-5.30389799172775
1	15.7130630218298
1	-5.30389799172775
1	15.7130630218298
1	-5.30389799172775
1	15.7130630218298
1	-5.30389799172775
1	15.7130630218298
1	-5.30389799172775
1	15.7130630218298
1	-5.30389799172775
1	15.7130630218298
1	-5.30389799172775
1	15.7130630218298
1	-5.30389799172775
1	15.7130630218298
1	-5.30389799172775
1	15.7130630218298
1	-5.30389799172775
1	15.7130630218298
1	-5.30389799172775
1	15.7130630218298
1	-5.30389799172775
1	15.7130630218298
1	-5.30389799172775
1	15.7130630218298
1	-5.30389799172775
1	0
1	6.7436831315738
1	1.46488022162641
1	10.006653988349
1	-3.75177693075834
1	15.7130630218298
1	-5.30389799172775
1	15.7130630218298
1	-5.30389799172775
1	15.7130630218298
1	-5.30389799172775
1	15.7130630218298
1	-5.30389799172775
1	15.7130630218298
1	-5.30389799172775
1	15.7130630218298
1	-5.30389799172775
1	15.7130630218298
1	-5.30389799172775
1	15.7130630218298
1	-5.30389799172775
1	15.7130630218298
1	-5.30389799172775
1	15.7130630218298
1	-5.30389799172775
1	15.7130630218298
1	-5.30389799172775
1	15.7130630218298
1	-5.30389799172775
1	15.7130630218298
1	-5.30389799172775
1	15.7130630218298
1	-5.30389799172775
1	15.7130630218298
1	-5.30389799172775
1	15.7130630218298
1	-5.30389799172775
1	15.7130630218298
1	-5.30389799172775
1	15.7130630218298
1	-5.30389799172775
1	0
1	6.7234999310054
1	1.47410599579265
1	9.96848750338395
1	-3.71360626264469
1	15.7130630218298
1	-5.30389799172775
1	15.7130630218298
1	-5.30389799172775
1	15.7130630218298
1	-5.30389799172775
1	15.7130630218298
1	-5.30389799172775
1	15.7130630218298
1	-5.30389799172775
1	15.7130630218298
1	-5.30389799172775
1	15.7130630218298
1	-5.30389799172775
1	15.7130630218298
1	-5.30389799172775
1	15.7130630218298
1	-5.30389799172775
1	15.7130630218298
1	-5.30389799172775
1	15.7130630218298
1	-5.30389799172775
1	15.7130630218298
1	-5.30389799172775
1	15.7130630218298
1	-5.30389799172775
1	15.7130630218298
1	-5.30389799172775
1	15.7130630218298
1	-5.30389799172775
1	15.7130630218298
1	-5.30389799172775
1	15.7130630218298
1	-5.30389799172775
1	15.7130630218298
1	-5.30389799172775
1	0
1	6.66441802086264
1	1.50111243406492
1	9.85676345706485
1	-3.6018699710721
1	15.7130630218298
1	-5.30389799172775
1	15.7130630218298
1	-5.30389799172775
1	15.7130630218298
1	-5.30389799172775
1	15.7130630218298
1	-5.30389799172775
1	15.7130630218298
1	-5.30389799172775
1	15.7130630218298
1	-5.30389799172775
1	15.7130630218298
1	-5.30389799172775
1	15.7130630218298
1	-5.30389799172775
1	15.7130630218298
1	-5.30389799172775
1	15.7130630218298
1	-5.30389799172775
1	15.7130630218298
1	-5.30389799172775
1	15.7130630218298
1	-5.30389799172775
1	15.7130630218298
1	-5.30389799172775
1	15.7130630218298
1	-5.30389799172775
1	15.7130630218298
1	-5.30389799172775
1	15.7130630218298
1	-5.30389799172775
1	15.7130630218298
1	-5.30389799172775
1	15.7130630218298
1	-5.30389799172775
1	0
1	6.65725996503456
1	1.50438439315365
1	9.84322755480713
1	-3.58833258524339
1	15.7130630218298
1	-5.30389799172775
1	15.7130630218298
1	-5.30389799172775
1	15.7130630218298
1	-5.30389799172775
1	15.7130630218298
1	-5.30389799172775
1	15.7130630218298
1	-5.30389799172775
1	15.7130630218298
1	-5.30389799172775
1	15.7130630218298
1	-5.30389799172775
1	15.7130630218298
1	-5.30389799172775
1	15.7130630218298
1	-5.30389799172775
1	15.7130630218298
1	-5.30389799172775
1	15.7130630218298
1	-5.30389799172775
1	15.7130630218298
1	-5.30389799172775
1	15.7130630218298
1	-5.30389799172775
1	15.7130630218298
1	-5.30389799172775
1	15.7130630218298
1	-5.30389799172775
1	15.7130630218298
1	-5.30389799172775
1	15.7130630218298
1	-5.30389799172775
1	15.7130630218298
1	-5.30389799172775
1	0
1	6.65072367249041
1	1.50737214322294
1	9.83086740854252
1	-3.57597108427378
1	15.7130630218298
1	-5.30389799172775
1	15.7130630218298
1	-5.30389799172775
1	15.7130630218298
1	-5.30389799172775
1	15.7130630218298
1	-5.30389799172775
1	15.7130630218298
1	-5.30389799172775
1	15.7130630218298
1	-5.30389799172775
1	15.7130630218298
1	-5.30389799172775
1	15.7130630218298
1	-5.30389799172775
1	15.7130630218298
1	-5.30389799172775
1	15.7130630218298
1	-5.30389799172775
1	15.7130630218298
1	-5.30389799172775
1	15.7130630218298
1	-5.30389799172775
1	15.7130630218298
1	-5.30389799172775
1	15.7130630218298
1	-5.30389799172775
1	15.7130630218298
1	-5.30389799172775
1	15.7130630218298
1	-5.30389799172775
1	15.7130630218298
1	-5.30389799172775
1	15.7130630218298
1	-5.30389799172775
1	0
1	6.45217354250365
1	1.5981297341079
1	9.45540859440286
1	-3.20047111884658
1	15.7130630218298
1	-5.30389799172775
1	15.7130630218298
1	-5.30389799172775
1	15.7130630218298
1	-5.30389799172775
1	15.7130630218298
1	-5.30389799172775
1	15.7130630218298
1	-5.30389799172775
1	15.7130630218298
1	-5.30389799172775
1	15.7130630218298
1	-5.30389799172775
1	15.7130630218298
1	-5.30389799172775
1	15.7130630218298
1	-5.30389799172775
1	15.7130630218298
1	-5.30389799172775
1	15.7130630218298
1	-5.30389799172775
1	15.7130630218298
1	-5.30389799172775
1	15.7130630218298
1	-5.30389799172775
1	15.7130630218298
1	-5.30389799172775
1	15.7130630218298
1	-5.30389799172775
1	15.7130630218298
1	-5.30389799172775
1	15.7130630218298
1	-5.30389799172775
1	15.7130630218298
1	-5.30389799172775
1	0
1	6.32095658004257
1	1.65810922340365
1	9.20727697583414
1	-2.9523123043906
1	15.7130630218298
1	-5.30389799172775
1	15.7130630218298
1	-5.30389799172775
1	15.7130630218298
1	-5.30389799172775
1	15.7130630218298
1	-5.30389799172775
1	15.7130630218298
1	-5.30389799172775
1	15.7130630218298
1	-5.30389799172775
1	15.7130630218298
1	-5.30389799172775
1	15.7130630218298
1	-5.30389799172775
1	15.7130630218298
1	-5.30389799172775
1	15.7130630218298
1	-5.30389799172775
1	15.7130630218298
1	-5.30389799172775
1	15.7130630218298
1	-5.30389799172775
1	15.7130630218298
1	-5.30389799172775
1	15.7130630218298
1	-5.30389799172775
1	15.7130630218298
1	-5.30389799172775
1	15.7130630218298
1	-5.30389799172775
1	15.7130630218298
1	-5.30389799172775
1	15.7130630218298
1	-5.30389799172775
1	0
1	6.31118024189037
1	1.66257800364786
1	9.18878989486624
1	-2.9338231971893
1	15.7130630218298
1	-5.30389799172775
1	15.7130630218298
1	-5.30389799172775
1	15.7130630218298
1	-5.30389799172775
1	15.7130630218298
1	-5.30389799172775
1	15.7130630218298
1	-5.30389799172775
1	15.7130630218298
1	-5.30389799172775
1	15.7130630218298
1	-5.30389799172775
1	15.7130630218298
1	-5.30389799172775
1	15.7130630218298
1	-5.30389799172775
1	15.7130630218298
1	-5.30389799172775
1	15.7130630218298
1	-5.30389799172775
1	15.7130630218298
1	-5.30389799172775
1	15.7130630218298
1	-5.30389799172775
1	15.7130630218298
1	-5.30389799172775
1	15.7130630218298
1	-5.30389799172775
1	15.7130630218298
1	-5.30389799172775
1	15.7130630218298
1	-5.30389799172775
1	15.7130630218298
1	-5.30389799172775
1	0
1	6.24476735128818
1	1.69293544514218
1	9.0632029453601
1	-2.80822248301851
1	15.7130630218298
1	-5.30389799172775
1	15.7130630218298
1	-5.30389799172775
1	15.7130630218298
1	-5.30389799172775
1	15.7130630218298
1	-5.30389799172775
1	15.7130630218298
1	-5.30389799172775
1	15.7130630218298
1	-5.30389799172775
1	15.7130630218298
1	-5.30389799172775
1	15.7130630218298
1	-5.30389799172775
1	15.7130630218298
1	-5.30389799172775
1	15.7130630218298
1	-5.30389799172775
1	15.7130630218298
1	-5.30389799172775
1	15.7130630218298
1	-5.30389799172775
1	15.7130630218298
1	-5.30389799172775
1	15.7130630218298
1	-5.30389799172775
1	15.7130630218298
1	-5.30389799172775
1	15.7130630218298
1	-5.30389799172775
1	15.7130630218298
1	-5.30389799172775
1	15.7130630218298
1	-5.30389799172775
1	0
1	6.2358841723128
1	1.69699596085808
1	9.04640483072724
1	-2.79142252726748
1	15.7130630218298
1	-5.30389799172775
1	15.7130630218298
1	-5.30389799172775
1	15.7130630218298
1	-5.30389799172775
1	15.7130630218298
1	-5.30389799172775
1	15.7130630218298
1	-5.30389799172775
1	15.7130630218298
1	-5.30389799172775
1	15.7130630218298
1	-5.30389799172775
1	15.7130630218298
1	-5.30389799172775
1	15.7130630218298
1	-5.30389799172775
1	15.7130630218298
1	-5.30389799172775
1	15.7130630218298
1	-5.30389799172775
1	15.7130630218298
1	-5.30389799172775
1	15.7130630218298
1	-5.30389799172775
1	15.7130630218298
1	-5.30389799172775
1	15.7130630218298
1	-5.30389799172775
1	15.7130630218298
1	-5.30389799172775
1	15.7130630218298
1	-5.30389799172775
1	15.7130630218298
1	-5.30389799172775
1	0
1	6.07488172679063
1	1.77059044343613
1	8.74194878593206
1	-2.48693311327767
1	15.7130630218298
1	-5.30389799172775
1	15.7130630218298
1	-5.30389799172775
1	15.7130630218298
1	-5.30389799172775
1	15.7130630218298
1	-5.30389799172775
1	15.7130630218298
1	-5.30389799172775
1	15.7130630218298
1	-5.30389799172775
1	15.7130630218298
1	-5.30389799172775
1	15.7130630218298
1	-5.30389799172775
1	15.7130630218298
1	-5.30389799172775
1	15.7130630218298
1	-5.30389799172775
1	15.7130630218298
1	-5.30389799172775
1	15.7130630218298
1	-5.30389799172775
1	15.7130630218298
1	-5.30389799172775
1	15.7130630218298
1	-5.30389799172775
1	15.7130630218298
1	-5.30389799172775
1	15.7130630218298
1	-5.30389799172775
1	15.7130630218298
1	-5.30389799172775
1	15.7130630218298
1	-5.30389799172775
1	0
1	6.07296503200798
1	1.77146656777282
1	8.73832431109435
1	-2.48330824118785
1	15.7130630218298
1	-5.30389799172775
1	15.7130630218298
1	-5.30389799172775
1	15.7130630218298
1	-5.30389799172775
1	15.7130630218298
1	-5.30389799172775
1	15.7130630218298
1	-5.30389799172775
1	15.7130630218298
1	-5.30389799172775
1	15.7130630218298
1	-5.30389799172775
1	15.7130630218298
1	-5.30389799172775
1	15.7130630218298
1	-5.30389799172775
1	15.7130630218298
1	-5.30389799172775
1	15.7130630218298
1	-5.30389799172775
1	15.7130630218298
1	-5.30389799172775
1	15.7130630218298
1	-5.30389799172775
1	15.7130630218298
1	-5.30389799172775
1	15.7130630218298
1	-5.30389799172775
1	15.7130630218298
1	-5.30389799172775
1	15.7130630218298
1	-5.30389799172775
1	15.7130630218298
1	-5.30389799172775
1	0
1	5.97860253548001
1	1.81459982009222
1	8.55988458381735
1	-2.30484895644077
1	15.7130630218298
1	-5.30389799172775
1	15.7130630218298
1	-5.30389799172775
1	15.7130630218298
1	-5.30389799172775
1	15.7130630218298
1	-5.30389799172775
1	15.7130630218298
1	-5.30389799172775
1	15.7130630218298
1	-5.30389799172775
1	15.7130630218298
1	-5.30389799172775
1	15.7130630218298
1	-5.30389799172775
1	15.7130630218298
1	-5.30389799172775
1	15.7130630218298
1	-5.30389799172775
1	15.7130630218298
1	-5.30389799172775
1	15.7130630218298
1	-5.30389799172775
1	15.7130630218298
1	-5.30389799172775
1	15.7130630218298
1	-5.30389799172775
1	15.7130630218298
1	-5.30389799172775
1	15.7130630218298
1	-5.30389799172775
1	15.7130630218298
1	-5.30389799172775
1	15.7130630218298
1	-5.30389799172775
1	0
1	5.95660132084015
1	1.82465661147982
1	8.51828022949704
1	-2.26324004217224
1	15.7130630218298
1	-5.30389799172775
1	15.7130630218298
1	-5.30389799172775
1	15.7130630218298
1	-5.30389799172775
1	15.7130630218298
1	-5.30389799172775
1	15.7130630218298
1	-5.30389799172775
1	15.7130630218298
1	-5.30389799172775
1	15.7130630218298
1	-5.30389799172775
1	15.7130630218298
1	-5.30389799172775
1	15.7130630218298
1	-5.30389799172775
1	15.7130630218298
1	-5.30389799172775
1	15.7130630218298
1	-5.30389799172775
1	15.7130630218298
1	-5.30389799172775
1	15.7130630218298
1	-5.30389799172775
1	15.7130630218298
1	-5.30389799172775
1	15.7130630218298
1	-5.30389799172775
1	15.7130630218298
1	-5.30389799172775
1	15.7130630218298
1	-5.30389799172775
1	15.7130630218298
1	-5.30389799172775
1	0
1	5.91754058998532
1	1.84251133577956
1	8.44441628547866
1	-2.18936800246858
1	15.7130630218298
1	-5.30389799172775
1	15.7130630218298
1	-5.30389799172775
1	15.7130630218298
1	-5.30389799172775
1	15.7130630218298
1	-5.30389799172775
1	15.7130630218298
1	-5.30389799172775
1	15.7130630218298
1	-5.30389799172775
1	15.7130630218298
1	-5.30389799172775
1	15.7130630218298
1	-5.30389799172775
1	15.7130630218298
1	-5.30389799172775
1	15.7130630218298
1	-5.30389799172775
1	15.7130630218298
1	-5.30389799172775
1	15.7130630218298
1	-5.30389799172775
1	15.7130630218298
1	-5.30389799172775
1	15.7130630218298
1	-5.30389799172775
1	15.7130630218298
1	-5.30389799172775
1	15.7130630218298
1	-5.30389799172775
1	15.7130630218298
1	-5.30389799172775
1	15.7130630218298
1	-5.30389799172775
1	0
1	5.8212112235126
1	1.88654364758475
1	8.26225720200145
1	-2.00718895386992
1	14.534371462775
1	-5.30389799172775
1	15.7130630218298
1	-5.30389799172775
1	15.7130630218298
1	-5.30389799172775
1	15.7130630218298
1	-5.30389799172775
1	15.7130630218298
1	-5.30389799172775
1	15.7130630218298
1	-5.30389799172775
1	15.7130630218298
1	-5.30389799172775
1	15.7130630218298
1	-5.30389799172775
1	15.7130630218298
1	-5.30389799172775
1	15.7130630218298
1	-5.30389799172775
1	15.7130630218298
1	-5.30389799172775
1	15.7130630218298
1	-5.30389799172775
1	15.7130630218298
1	-5.30389799172775
1	15.7130630218298
1	-5.30389799172775
1	15.7130630218298
1	-5.30389799172775
1	15.7130630218298
1	-5.30389799172775
1	15.7130630218298
1	-5.30389799172775
1	15.7130630218298
1	-5.30389799172775
1	0
1	5.75083111398886
1	1.91871451137124
1	8.12916823115785
1	-1.87408539612011
1	14.2387041526051
1	-5.30389799172775
1	15.7130630218298
1	-5.30389799172775
1	15.7130630218298
1	-5.30389799172775
1	15.7130630218298
1	-5.30389799172775
1	15.7130630218298
1	-5.30389799172775
1	15.7130630218298
1	-5.30389799172775
1	15.7130630218298
1	-5.30389799172775
1	15.7130630218298
1	-5.30389799172775
1	15.7130630218298
1	-5.30389799172775
1	15.7130630218298
1	-5.30389799172775
1	15.7130630218298
1	-5.30389799172775
1	15.7130630218298
1	-5.30389799172775
1	15.7130630218298
1	-5.30389799172775
1	15.7130630218298
1	-5.30389799172775
1	15.7130630218298
1	-5.30389799172775
1	15.7130630218298
1	-5.30389799172775
1	15.7130630218298
1	-5.30389799172775
1	15.7130630218298
1	-5.30389799172775
1	0
1	5.73080929438341
1	1.92786651803397
1	8.091306918015
1	-1.83621993327635
1	14.1545923547191
1	-5.30389799172775
1	15.7130630218298
1	-5.30389799172775
1	15.7130630218298
1	-5.30389799172775
1	15.7130630218298
1	-5.30389799172775
1	15.7130630218298
1	-5.30389799172775
1	15.7130630218298
1	-5.30389799172775
1	15.7130630218298
1	-5.30389799172775
1	15.7130630218298
1	-5.30389799172775
1	15.7130630218298
1	-5.30389799172775
1	15.7130630218298
1	-5.30389799172775
1	15.7130630218298
1	-5.30389799172775
1	15.7130630218298
1	-5.30389799172775
1	15.7130630218298
1	-5.30389799172775
1	15.7130630218298
1	-5.30389799172775
1	15.7130630218298
1	-5.30389799172775
1	15.7130630218298
1	-5.30389799172775
1	15.7130630218298
1	-5.30389799172775
1	15.7130630218298
1	-5.30389799172775
1	0
1	5.61755363364797
1	1.97963586677788
1	7.87714016789921
1	-1.62202970991347
1	13.6788045675479
1	-5.30389799172775
1	15.7130630218298
1	-5.30389799172775
1	15.7130630218298
1	-5.30389799172775
1	15.7130630218298
1	-5.30389799172775
1	15.7130630218298
1	-5.30389799172775
1	15.7130630218298
1	-5.30389799172775
1	15.7130630218298
1	-5.30389799172775
1	15.7130630218298
1	-5.30389799172775
1	15.7130630218298
1	-5.30389799172775
1	15.7130630218298
1	-5.30389799172775
1	15.7130630218298
1	-5.30389799172775
1	15.7130630218298
1	-5.30389799172775
1	15.7130630218298
1	-5.30389799172775
1	15.7130630218298
1	-5.30389799172775
1	15.7130630218298
1	-5.30389799172775
1	15.7130630218298
1	-5.30389799172775
1	15.7130630218298
1	-5.30389799172775
1	15.7130630218298
1	-5.30389799172775
1	0
1	5.61592433671221
1	1.9803806210862
1	7.87405916314025
1	-1.61894836746818
1	13.6719598802389
1	-5.30389799172775
1	15.7130630218298
1	-5.30389799172775
1	15.7130630218298
1	-5.30389799172775
1	15.7130630218298
1	-5.30389799172775
1	15.7130630218298
1	-5.30389799172775
1	15.7130630218298
1	-5.30389799172775
1	15.7130630218298
1	-5.30389799172775
1	15.7130630218298
1	-5.30389799172775
1	15.7130630218298
1	-5.30389799172775
1	15.7130630218298
1	-5.30389799172775
1	15.7130630218298
1	-5.30389799172775
1	15.7130630218298
1	-5.30389799172775
1	15.7130630218298
1	-5.30389799172775
1	15.7130630218298
1	-5.30389799172775
1	15.7130630218298
1	-5.30389799172775
1	15.7130630218298
1	-5.30389799172775
1	15.7130630218298
1	-5.30389799172775
1	15.7130630218298
1	-5.30389799172775
1	0
1	5.32623981119064
1	2.11279589401876
1	7.32626496912895
1	-1.07109413375201
1	12.454993253753
1	-5.30389799172775
1	15.7130630218298
1	-5.30389799172775
1	15.7130630218298
1	-5.30389799172775
1	15.7130630218298
1	-5.30389799172775
1	15.7130630218298
1	-5.30389799172775
1	15.7130630218298
1	-5.30389799172775
1	15.7130630218298
1	-5.30389799172775
1	15.7130630218298
1	-5.30389799172775
1	15.7130630218298
1	-5.30389799172775
1	15.7130630218298
1	-5.30389799172775
1	15.7130630218298
1	-5.30389799172775
1	15.7130630218298
1	-5.30389799172775
1	15.7130630218298
1	-5.30389799172775
1	15.7130630218298
1	-5.30389799172775
1	15.7130630218298
1	-5.30389799172775
1	15.7130630218298
1	-5.30389799172775
1	15.7130630218298
1	-5.30389799172775
1	15.7130630218298
1	-5.30389799172775
1	0
1	5.30449598325355
1	2.12273503352131
1	7.2851473337355
1	-1.02997199175604
1	12.3636472873647
1	-5.30389799172775
1	15.7130630218298
1	-5.30389799172775
1	15.7130630218298
1	-5.30389799172775
1	15.7130630218298
1	-5.30389799172775
1	15.7130630218298
1	-5.30389799172775
1	15.7130630218298
1	-5.30389799172775
1	15.7130630218298
1	-5.30389799172775
1	15.7130630218298
1	-5.30389799172775
1	15.7130630218298
1	-5.30389799172775
1	15.7130630218298
1	-5.30389799172775
1	15.7130630218298
1	-5.30389799172775
1	15.7130630218298
1	-5.30389799172775
1	15.7130630218298
1	-5.30389799172775
1	15.7130630218298
1	-5.30389799172775
1	15.7130630218298
1	-5.30389799172775
1	15.7130630218298
1	-5.30389799172775
1	15.7130630218298
1	-5.30389799172775
1	15.7130630218298
1	-5.30389799172775
1	0
1	5.20954579192488
1	2.16613692210044
1	7.10559627405615
1	-0.850401252801619
1	11.9647608994315
1	-5.30389799172775
1	15.7130630218298
1	-5.30389799172775
1	15.7130630218298
1	-5.30389799172775
1	15.7130630218298
1	-5.30389799172775
1	15.7130630218298
1	-5.30389799172775
1	15.7130630218298
1	-5.30389799172775
1	15.7130630218298
1	-5.30389799172775
1	15.7130630218298
1	-5.30389799172775
1	15.7130630218298
1	-5.30389799172775
1	15.7130630218298
1	-5.30389799172775
1	15.7130630218298
1	-5.30389799172775
1	15.7130630218298
1	-5.30389799172775
1	15.7130630218298
1	-5.30389799172775
1	15.7130630218298
1	-5.30389799172775
1	15.7130630218298
1	-5.30389799172775
1	15.7130630218298
1	-5.30389799172775
1	15.7130630218298
1	-5.30389799172775
1	15.7130630218298
1	-5.30389799172775
1	0
1	5.16552850667999
1	2.18625729556173
1	7.02235947274661
1	-0.767155328516628
1	11.7798439901313
1	-5.30389799172775
1	15.7130630218298
1	-5.30389799172775
1	15.7130630218298
1	-5.30389799172775
1	15.7130630218298
1	-5.30389799172775
1	15.7130630218298
1	-5.30389799172775
1	15.7130630218298
1	-5.30389799172775
1	15.7130630218298
1	-5.30389799172775
1	15.7130630218298
1	-5.30389799172775
1	15.7130630218298
1	-5.30389799172775
1	15.7130630218298
1	-5.30389799172775
1	15.7130630218298
1	-5.30389799172775
1	15.7130630218298
1	-5.30389799172775
1	15.7130630218298
1	-5.30389799172775
1	15.7130630218298
1	-5.30389799172775
1	15.7130630218298
1	-5.30389799172775
1	15.7130630218298
1	-5.30389799172775
1	15.7130630218298
1	-5.30389799172775
1	15.7130630218298
1	-5.30389799172775
1	0
1	5.11904138805351
1	2.2075066339228
1	6.93445221006473
1	-0.679238430964271
1	11.5845512942993
1	-5.30389799172775
1	15.7130630218298
1	-5.30389799172775
1	15.7130630218298
1	-5.30389799172775
1	15.7130630218298
1	-5.30389799172775
1	15.7130630218298
1	-5.30389799172775
1	15.7130630218298
1	-5.30389799172775
1	15.7130630218298
1	-5.30389799172775
1	15.7130630218298
1	-5.30389799172775
1	15.7130630218298
1	-5.30389799172775
1	15.7130630218298
1	-5.30389799172775
1	15.7130630218298
1	-5.30389799172775
1	15.7130630218298
1	-5.30389799172775
1	15.7130630218298
1	-5.30389799172775
1	15.7130630218298
1	-5.30389799172775
1	15.7130630218298
1	-5.30389799172775
1	15.7130630218298
1	-5.30389799172775
1	15.7130630218298
1	-5.30389799172775
1	15.7130630218298
1	-5.30389799172775
1	0
1	5.10130352423291
1	2.21561464064086
1	6.90090986327353
1	-0.645692407842391
1	11.5100344099198
1	-5.30389799172775
1	15.7130630218298
1	-5.30389799172775
1	15.7130630218298
1	-5.30389799172775
1	15.7130630218298
1	-5.30389799172775
1	15.7130630218298
1	-5.30389799172775
1	15.7130630218298
1	-5.30389799172775
1	15.7130630218298
1	-5.30389799172775
1	15.7130630218298
1	-5.30389799172775
1	15.7130630218298
1	-5.30389799172775
1	15.7130630218298
1	-5.30389799172775
1	15.7130630218298
1	-5.30389799172775
1	15.7130630218298
1	-5.30389799172775
1	15.7130630218298
1	-5.30389799172775
1	15.7130630218298
1	-5.30389799172775
1	15.7130630218298
1	-5.30389799172775
1	15.7130630218298
1	-5.30389799172775
1	15.7130630218298
1	-5.30389799172775
1	15.7130630218298
1	-5.30389799172775
1	0
1	5.07929517334392
1	2.22567469401966
1	6.85929201428749
1	-0.604069997429085
1	11.4175771808439
1	-5.30389799172775
1	15.7130630218298
1	-5.30389799172775
1	15.7130630218298
1	-5.30389799172775
1	15.7130630218298
1	-5.30389799172775
1	15.7130630218298
1	-5.30389799172775
1	15.7130630218298
1	-5.30389799172775
1	15.7130630218298
1	-5.30389799172775
1	15.7130630218298
1	-5.30389799172775
1	15.7130630218298
1	-5.30389799172775
1	15.7130630218298
1	-5.30389799172775
1	15.7130630218298
1	-5.30389799172775
1	15.7130630218298
1	-5.30389799172775
1	15.7130630218298
1	-5.30389799172775
1	15.7130630218298
1	-5.30389799172775
1	15.7130630218298
1	-5.30389799172775
1	15.7130630218298
1	-5.30389799172775
1	15.7130630218298
1	-5.30389799172775
1	15.7130630218298
1	-5.30389799172775
1	0
1	5.05194999126238
1	2.23817422171172
1	6.80758220358399
1	-0.552354519192405
1	11.302699888284
1	-5.30389799172775
1	15.7130630218298
1	-5.30389799172775
1	15.7130630218298
1	-5.30389799172775
1	15.7130630218298
1	-5.30389799172775
1	15.7130630218298
1	-5.30389799172775
1	15.7130630218298
1	-5.30389799172775
1	15.7130630218298
1	-5.30389799172775
1	15.7130630218298
1	-5.30389799172775
1	15.7130630218298
1	-5.30389799172775
1	15.7130630218298
1	-5.30389799172775
1	15.7130630218298
1	-5.30389799172775
1	15.7130630218298
1	-5.30389799172775
1	15.7130630218298
1	-5.30389799172775
1	15.7130630218298
1	-5.30389799172775
1	15.7130630218298
1	-5.30389799172775
1	15.7130630218298
1	-5.30389799172775
1	15.7130630218298
1	-5.30389799172775
1	15.7130630218298
1	-5.30389799172775
1	0
1	5.03321812124586
1	2.24673659029634
1	6.77216018848136
1	-0.516928621742428
1	11.2240071772366
1	-5.30389799172775
1	15.7130630218298
1	-5.30389799172775
1	15.7130630218298
1	-5.30389799172775
1	15.7130630218298
1	-5.30389799172775
1	15.7130630218298
1	-5.30389799172775
1	15.7130630218298
1	-5.30389799172775
1	15.7130630218298
1	-5.30389799172775
1	15.7130630218298
1	-5.30389799172775
1	15.7130630218298
1	-5.30389799172775
1	15.7130630218298
1	-5.30389799172775
1	15.7130630218298
1	-5.30389799172775
1	15.7130630218298
1	-5.30389799172775
1	15.7130630218298
1	-5.30389799172775
1	15.7130630218298
1	-5.30389799172775
1	15.7130630218298
1	-5.30389799172775
1	15.7130630218298
1	-5.30389799172775
1	15.7130630218298
1	-5.30389799172775
1	15.7130630218298
1	-5.30389799172775
1	0
1	5.01681931697516
1	2.25423251069237
1	6.74115000679477
1	-0.485915041257213
1	11.1551156909696
1	-5.30389799172775
1	15.7130630218298
1	-5.30389799172775
1	15.7130630218298
1	-5.30389799172775
1	15.7130630218298
1	-5.30389799172775
1	15.7130630218298
1	-5.30389799172775
1	15.7130630218298
1	-5.30389799172775
1	15.7130630218298
1	-5.30389799172775
1	15.7130630218298
1	-5.30389799172775
1	15.7130630218298
1	-5.30389799172775
1	15.7130630218298
1	-5.30389799172775
1	15.7130630218298
1	-5.30389799172775
1	15.7130630218298
1	-5.30389799172775
1	15.7130630218298
1	-5.30389799172775
1	15.7130630218298
1	-5.30389799172775
1	15.7130630218298
1	-5.30389799172775
1	15.7130630218298
1	-5.30389799172775
1	15.7130630218298
1	-5.30389799172775
1	15.7130630218298
1	-5.30389799172775
1	0
1	4.93541390003232
1	2.29144306062861
1	6.58721215083898
1	-0.331960313301796
1	10.8131309906953
1	-5.30389799172775
1	15.7130630218298
1	-5.30389799172775
1	15.7130630218298
1	-5.30389799172775
1	15.7130630218298
1	-5.30389799172775
1	15.7130630218298
1	-5.30389799172775
1	15.7130630218298
1	-5.30389799172775
1	15.7130630218298
1	-5.30389799172775
1	15.7130630218298
1	-5.30389799172775
1	15.7130630218298
1	-5.30389799172775
1	15.7130630218298
1	-5.30389799172775
1	15.7130630218298
1	-5.30389799172775
1	15.7130630218298
1	-5.30389799172775
1	15.7130630218298
1	-5.30389799172775
1	15.7130630218298
1	-5.30389799172775
1	15.7130630218298
1	-5.30389799172775
1	15.7130630218298
1	-5.30389799172775
1	15.7130630218298
1	-5.30389799172775
1	15.7130630218298
1	-5.30389799172775
1	0
1	4.8517043991923
1	2.32970681110275
1	6.42891726621861
1	-0.173648079139828
1	10.4614668185802
1	-5.30389799172775
1	15.7130630218298
1	-5.30389799172775
1	15.7130630218298
1	-5.30389799172775
1	15.7130630218298
1	-5.30389799172775
1	15.7130630218298
1	-5.30389799172775
1	15.7130630218298
1	-5.30389799172775
1	15.7130630218298
1	-5.30389799172775
1	15.7130630218298
1	-5.30389799172775
1	15.7130630218298
1	-5.30389799172775
1	15.7130630218298
1	-5.30389799172775
1	15.7130630218298
1	-5.30389799172775
1	15.7130630218298
1	-5.30389799172775
1	15.7130630218298
1	-5.30389799172775
1	15.7130630218298
1	-5.30389799172775
1	15.7130630218298
1	-5.30389799172775
1	15.7130630218298
1	-5.30389799172775
1	15.7130630218298
1	-5.30389799172775
1	15.7130630218298
1	-5.30389799172775
1	0
1	4.8063445176904
1	2.35044088752071
1	6.34314161188207
1	-0.0878630235627722
1	10.2709096534372
1	-5.30389799172775
1	15.7130630218298
1	-5.30389799172775
1	15.7130630218298
1	-5.30389799172775
1	15.7130630218298
1	-5.30389799172775
1	15.7130630218298
1	-5.30389799172775
1	15.7130630218298
1	-5.30389799172775
1	15.7130630218298
1	-5.30389799172775
1	15.7130630218298
1	-5.30389799172775
1	15.7130630218298
1	-5.30389799172775
1	15.7130630218298
1	-5.30389799172775
1	15.7130630218298
1	-5.30389799172775
1	15.7130630218298
1	-5.30389799172775
1	15.7130630218298
1	-5.30389799172775
1	15.7130630218298
1	-5.30389799172775
1	15.7130630218298
1	-5.30389799172775
1	15.7130630218298
1	-5.30389799172775
1	15.7130630218298
1	-5.30389799172775
1	15.7130630218298
1	-5.30389799172775
1	0
1	4.60847575437651
1	2.44088702457916
1	5.96897126389959
1	0.286348334487919
1	9.4396616572127
1	-5.30389799172775
1	15.7130630218298
1	-5.30389799172775
1	15.7130630218298
1	-5.30389799172775
1	15.7130630218298
1	-5.30389799172775
1	15.7130630218298
1	-5.30389799172775
1	15.7130630218298
1	-5.30389799172775
1	15.7130630218298
1	-5.30389799172775
1	15.7130630218298
1	-5.30389799172775
1	15.7130630218298
1	-5.30389799172775
1	15.7130630218298
1	-5.30389799172775
1	15.7130630218298
1	-5.30389799172775
1	15.7130630218298
1	-5.30389799172775
1	15.7130630218298
1	-5.30389799172775
1	15.7130630218298
1	-5.30389799172775
1	15.7130630218298
1	-5.30389799172775
1	15.7130630218298
1	-5.30389799172775
1	15.7130630218298
1	-5.30389799172775
1	15.7130630218298
1	-5.30389799172775
1	0
1	4.50680683087352
1	2.48736005668251
1	5.77671506413869
1	0.478625606041145
1	9.01254983054151
1	-5.30389799172775
1	15.7130630218298
1	-5.30389799172775
1	15.7130630218298
1	-5.30389799172775
1	15.7130630218298
1	-5.30389799172775
1	15.7130630218298
1	-5.30389799172775
1	15.7130630218298
1	-5.30389799172775
1	15.7130630218298
1	-5.30389799172775
1	15.7130630218298
1	-5.30389799172775
1	15.7130630218298
1	-5.30389799172775
1	15.7130630218298
1	-5.30389799172775
1	15.7130630218298
1	-5.30389799172775
1	15.7130630218298
1	-5.30389799172775
1	15.7130630218298
1	-5.30389799172775
1	15.7130630218298
1	-5.30389799172775
1	15.7130630218298
1	-5.30389799172775
1	15.7130630218298
1	-5.30389799172775
1	15.7130630218298
1	-5.30389799172775
1	15.7130630218298
1	-5.30389799172775
1	0
1	4.50091193602287
1	2.49005462281148
1	5.7655678025869
1	0.489774089362531
1	8.9877853379026
1	-5.30389799172775
1	15.7130630218298
1	-5.30389799172775
1	15.7130630218298
1	-5.30389799172775
1	15.7130630218298
1	-5.30389799172775
1	15.7130630218298
1	-5.30389799172775
1	15.7130630218298
1	-5.30389799172775
1	15.7130630218298
1	-5.30389799172775
1	15.7130630218298
1	-5.30389799172775
1	15.7130630218298
1	-5.30389799172775
1	15.7130630218298
1	-5.30389799172775
1	15.7130630218298
1	-5.30389799172775
1	15.7130630218298
1	-5.30389799172775
1	15.7130630218298
1	-5.30389799172775
1	15.7130630218298
1	-5.30389799172775
1	15.7130630218298
1	-5.30389799172775
1	15.7130630218298
1	-5.30389799172775
1	15.7130630218298
1	-5.30389799172775
1	15.7130630218298
1	-5.30389799172775
1	0
1	4.47657096820875
1	2.50118091922219
1	5.71953896890592
1	0.535807967926462
1	8.88552876954497
1	-5.30389799172775
1	15.7130630218298
1	-5.30389799172775
1	15.7130630218298
1	-5.30389799172775
1	15.7130630218298
1	-5.30389799172775
1	15.7130630218298
1	-5.30389799172775
1	15.7130630218298
1	-5.30389799172775
1	15.7130630218298
1	-5.30389799172775
1	15.7130630218298
1	-5.30389799172775
1	15.7130630218298
1	-5.30389799172775
1	15.7130630218298
1	-5.30389799172775
1	15.7130630218298
1	-5.30389799172775
1	15.7130630218298
1	-5.30389799172775
1	15.7130630218298
1	-5.30389799172775
1	15.7130630218298
1	-5.30389799172775
1	15.7130630218298
1	-5.30389799172775
1	15.7130630218298
1	-5.30389799172775
1	15.7130630218298
1	-5.30389799172775
1	15.7130630218298
1	-5.30389799172775
1	0
1	4.45452149038298
1	2.51125977179142
1	5.67784334877504
1	0.577508158008528
1	8.79289876593295
1	-5.30389799172775
1	15.7130630218298
1	-5.30389799172775
1	15.7130630218298
1	-5.30389799172775
1	15.7130630218298
1	-5.30389799172775
1	15.7130630218298
1	-5.30389799172775
1	15.7130630218298
1	-5.30389799172775
1	15.7130630218298
1	-5.30389799172775
1	15.7130630218298
1	-5.30389799172775
1	15.7130630218298
1	-5.30389799172775
1	15.7130630218298
1	-5.30389799172775
1	15.7130630218298
1	-5.30389799172775
1	15.7130630218298
1	-5.30389799172775
1	15.7130630218298
1	-5.30389799172775
1	15.7130630218298
1	-5.30389799172775
1	15.7130630218298
1	-5.30389799172775
1	15.7130630218298
1	-5.30389799172775
1	15.7130630218298
1	-5.30389799172775
1	15.7130630218298
1	-5.30389799172775
1	0
1	4.42868589877228
1	2.5230692631971
1	5.62898817759286
1	0.626368683847788
1	8.68436327302346
1	-4.29508930275272
1	15.7130630218298
1	-5.30389799172775
1	15.7130630218298
1	-5.30389799172775
1	15.7130630218298
1	-5.30389799172775
1	15.7130630218298
1	-5.30389799172775
1	15.7130630218298
1	-5.30389799172775
1	15.7130630218298
1	-5.30389799172775
1	15.7130630218298
1	-5.30389799172775
1	15.7130630218298
1	-5.30389799172775
1	15.7130630218298
1	-5.30389799172775
1	15.7130630218298
1	-5.30389799172775
1	15.7130630218298
1	-5.30389799172775
1	15.7130630218298
1	-5.30389799172775
1	15.7130630218298
1	-5.30389799172775
1	15.7130630218298
1	-5.30389799172775
1	15.7130630218298
1	-5.30389799172775
1	15.7130630218298
1	-5.30389799172775
1	15.7130630218298
1	-5.30389799172775
1	0
1	4.39281828782528
1	2.53946440713665
1	5.56116243165614
1	0.694201863667176
1	8.53368319987943
1	-4.09379812855709
1	15.7130630218298
1	-5.30389799172775
1	15.7130630218298
1	-5.30389799172775
1	15.7130630218298
1	-5.30389799172775
1	15.7130630218298
1	-5.30389799172775
1	15.7130630218298
1	-5.30389799172775
1	15.7130630218298
1	-5.30389799172775
1	15.7130630218298
1	-5.30389799172775
1	15.7130630218298
1	-5.30389799172775
1	15.7130630218298
1	-5.30389799172775
1	15.7130630218298
1	-5.30389799172775
1	15.7130630218298
1	-5.30389799172775
1	15.7130630218298
1	-5.30389799172775
1	15.7130630218298
1	-5.30389799172775
1	15.7130630218298
1	-5.30389799172775
1	15.7130630218298
1	-5.30389799172775
1	15.7130630218298
1	-5.30389799172775
1	15.7130630218298
1	-5.30389799172775
1	0
1	4.3788819562767
1	2.54583472720245
1	5.53480879231561
1	0.720558391436873
1	8.47513657796469
1	-4.01558660380463
1	15.7130630218298
1	-5.30389799172775
1	15.7130630218298
1	-5.30389799172775
1	15.7130630218298
1	-5.30389799172775
1	15.7130630218298
1	-5.30389799172775
1	15.7130630218298
1	-5.30389799172775
1	15.7130630218298
1	-5.30389799172775
1	15.7130630218298
1	-5.30389799172775
1	15.7130630218298
1	-5.30389799172775
1	15.7130630218298
1	-5.30389799172775
1	15.7130630218298
1	-5.30389799172775
1	15.7130630218298
1	-5.30389799172775
1	15.7130630218298
1	-5.30389799172775
1	15.7130630218298
1	-5.30389799172775
1	15.7130630218298
1	-5.30389799172775
1	15.7130630218298
1	-5.30389799172775
1	15.7130630218298
1	-5.30389799172775
1	15.7130630218298
1	-5.30389799172775
1	0
1	4.36127927425873
1	2.55388094209625
1	5.5015220746661
1	0.753848757399434
1	8.4011875932409
1	-3.91679930130978
1	15.7130630218298
1	-5.30389799172775
1	15.7130630218298
1	-5.30389799172775
1	15.7130630218298
1	-5.30389799172775
1	15.7130630218298
1	-5.30389799172775
1	15.7130630218298
1	-5.30389799172775
1	15.7130630218298
1	-5.30389799172775
1	15.7130630218298
1	-5.30389799172775
1	15.7130630218298
1	-5.30389799172775
1	15.7130630218298
1	-5.30389799172775
1	15.7130630218298
1	-5.30389799172775
1	15.7130630218298
1	-5.30389799172775
1	15.7130630218298
1	-5.30389799172775
1	15.7130630218298
1	-5.30389799172775
1	15.7130630218298
1	-5.30389799172775
1	15.7130630218298
1	-5.30389799172775
1	15.7130630218298
1	-5.30389799172775
1	15.7130630218298
1	-5.30389799172775
1	0
1	4.25030859561148
1	2.60460582177055
1	5.29167623164425
1	0.963717600085428
1	7.93499903108331
1	-3.29402522697297
1	15.7130630218298
1	-5.30389799172775
1	15.7130630218298
1	-5.30389799172775
1	15.7130630218298
1	-5.30389799172775
1	15.7130630218298
1	-5.30389799172775
1	15.7130630218298
1	-5.30389799172775
1	15.7130630218298
1	-5.30389799172775
1	15.7130630218298
1	-5.30389799172775
1	15.7130630218298
1	-5.30389799172775
1	15.7130630218298
1	-5.30389799172775
1	15.7130630218298
1	-5.30389799172775
1	15.7130630218298
1	-5.30389799172775
1	15.7130630218298
1	-5.30389799172775
1	15.7130630218298
1	-5.30389799172775
1	15.7130630218298
1	-5.30389799172775
1	15.7130630218298
1	-5.30389799172775
1	15.7130630218298
1	-5.30389799172775
1	15.7130630218298
1	-5.30389799172775
1	0
1	4.16246057295737
1	2.64476129737072
1	5.12555539146939
1	1.12985664754748
1	7.56594890118647
1	-2.80101687866284
1	13.897621887314
1	-5.30389799172775
1	15.7130630218298
1	-5.30389799172775
1	15.7130630218298
1	-5.30389799172775
1	15.7130630218298
1	-5.30389799172775
1	15.7130630218298
1	-5.30389799172775
1	15.7130630218298
1	-5.30389799172775
1	15.7130630218298
1	-5.30389799172775
1	15.7130630218298
1	-5.30389799172775
1	15.7130630218298
1	-5.30389799172775
1	15.7130630218298
1	-5.30389799172775
1	15.7130630218298
1	-5.30389799172775
1	15.7130630218298
1	-5.30389799172775
1	15.7130630218298
1	-5.30389799172775
1	15.7130630218298
1	-5.30389799172775
1	15.7130630218298
1	-5.30389799172775
1	15.7130630218298
1	-5.30389799172775
1	15.7130630218298
1	-5.30389799172775
1	0
1	4.1206443313534
1	2.66387557016467
1	5.04648076943086
1	1.20893993637551
1	7.3902785909223
1	-2.56634163404316
1	13.4713311042928
1	-5.30389799172775
1	15.7130630218298
1	-5.30389799172775
1	15.7130630218298
1	-5.30389799172775
1	15.7130630218298
1	-5.30389799172775
1	15.7130630218298
1	-5.30389799172775
1	15.7130630218298
1	-5.30389799172775
1	15.7130630218298
1	-5.30389799172775
1	15.7130630218298
1	-5.30389799172775
1	15.7130630218298
1	-5.30389799172775
1	15.7130630218298
1	-5.30389799172775
1	15.7130630218298
1	-5.30389799172775
1	15.7130630218298
1	-5.30389799172775
1	15.7130630218298
1	-5.30389799172775
1	15.7130630218298
1	-5.30389799172775
1	15.7130630218298
1	-5.30389799172775
1	15.7130630218298
1	-5.30389799172775
1	15.7130630218298
1	-5.30389799172775
1	0
1	4.10534701386766
1	2.67086799914016
1	5.01755350213018
1	1.23787037418185
1	7.32601445799569
1	-2.48049217495048
1	13.3153843907914
1	-5.30389799172775
1	15.7130630218298
1	-5.30389799172775
1	15.7130630218298
1	-5.30389799172775
1	15.7130630218298
1	-5.30389799172775
1	15.7130630218298
1	-5.30389799172775
1	15.7130630218298
1	-5.30389799172775
1	15.7130630218298
1	-5.30389799172775
1	15.7130630218298
1	-5.30389799172775
1	15.7130630218298
1	-5.30389799172775
1	15.7130630218298
1	-5.30389799172775
1	15.7130630218298
1	-5.30389799172775
1	15.7130630218298
1	-5.30389799172775
1	15.7130630218298
1	-5.30389799172775
1	15.7130630218298
1	-5.30389799172775
1	15.7130630218298
1	-5.30389799172775
1	15.7130630218298
1	-5.30389799172775
1	15.7130630218298
1	-5.30389799172775
1	0
1	4.08157524345714
1	2.68173411448178
1	4.97260102222533
1	1.2828277809984
1	7.22614909173214
1	-2.3470835800565
1	13.07304585836
1	-5.30389799172775
1	15.7130630218298
1	-5.30389799172775
1	15.7130630218298
1	-5.30389799172775
1	15.7130630218298
1	-5.30389799172775
1	15.7130630218298
1	-5.30389799172775
1	15.7130630218298
1	-5.30389799172775
1	15.7130630218298
1	-5.30389799172775
1	15.7130630218298
1	-5.30389799172775
1	15.7130630218298
1	-5.30389799172775
1	15.7130630218298
1	-5.30389799172775
1	15.7130630218298
1	-5.30389799172775
1	15.7130630218298
1	-5.30389799172775
1	15.7130630218298
1	-5.30389799172775
1	15.7130630218298
1	-5.30389799172775
1	15.7130630218298
1	-5.30389799172775
1	15.7130630218298
1	-5.30389799172775
1	15.7130630218298
1	-5.30389799172775
1	0
1	3.84576358810754
1	2.78952400987773
1	4.52668056634967
1	1.72879711094549
1	6.2355027526494
1	-1.02369449053857
1	10.6690915251002
1	-5.30389799172775
1	15.7130630218298
1	-5.30389799172775
1	15.7130630218298
1	-5.30389799172775
1	15.7130630218298
1	-5.30389799172775
1	15.7130630218298
1	-5.30389799172775
1	15.7130630218298
1	-5.30389799172775
1	15.7130630218298
1	-5.30389799172775
1	15.7130630218298
1	-5.30389799172775
1	15.7130630218298
1	-5.30389799172775
1	15.7130630218298
1	-5.30389799172775
1	15.7130630218298
1	-5.30389799172775
1	15.7130630218298
1	-5.30389799172775
1	15.7130630218298
1	-5.30389799172775
1	15.7130630218298
1	-5.30389799172775
1	15.7130630218298
1	-5.30389799172775
1	15.7130630218298
1	-5.30389799172775
1	15.7130630218298
1	-5.30389799172775
1	0
1	3.80482251694675
1	2.80823824082309
1	4.44926089390391
1	1.80622526879386
1	6.06350903926217
1	-0.793930754700113
1	10.2517225647772
1	-5.30389799172775
1	15.7130630218298
1	-5.30389799172775
1	15.7130630218298
1	-5.30389799172775
1	15.7130630218298
1	-5.30389799172775
1	15.7130630218298
1	-5.30389799172775
1	15.7130630218298
1	-5.30389799172775
1	15.7130630218298
1	-5.30389799172775
1	15.7130630218298
1	-5.30389799172775
1	15.7130630218298
1	-5.30389799172775
1	15.7130630218298
1	-5.30389799172775
1	15.7130630218298
1	-5.30389799172775
1	15.7130630218298
1	-5.30389799172775
1	15.7130630218298
1	-5.30389799172775
1	15.7130630218298
1	-5.30389799172775
1	15.7130630218298
1	-5.30389799172775
1	15.7130630218298
1	-5.30389799172775
1	15.7130630218298
1	-5.30389799172775
1	0
1	3.76064516727964
1	2.82843177999497
1	4.36572141035407
1	1.88977390849393
1	5.87791969825516
1	-0.546004830654492
1	9.80136174182831
1	-5.30389799172775
1	15.7130630218298
1	-5.30389799172775
1	15.7130630218298
1	-5.30389799172775
1	15.7130630218298
1	-5.30389799172775
1	15.7130630218298
1	-5.30389799172775
1	15.7130630218298
1	-5.30389799172775
1	15.7130630218298
1	-5.30389799172775
1	15.7130630218298
1	-5.30389799172775
1	15.7130630218298
1	-5.30389799172775
1	15.7130630218298
1	-5.30389799172775
1	15.7130630218298
1	-5.30389799172775
1	15.7130630218298
1	-5.30389799172775
1	15.7130630218298
1	-5.30389799172775
1	15.7130630218298
1	-5.30389799172775
1	15.7130630218298
1	-5.30389799172775
1	15.7130630218298
1	-5.30389799172775
1	15.7130630218298
1	-5.30389799172775
1	0
1	3.65605985474374
1	2.87623789832056
1	4.16795031131843
1	2.08756668376957
1	5.43855610177853
1	0.0409341878118807
1	8.73517900843771
1	-5.30389799172775
1	15.7130630218298
1	-5.30389799172775
1	15.7130630218298
1	-5.30389799172775
1	15.7130630218298
1	-5.30389799172775
1	15.7130630218298
1	-5.30389799172775
1	15.7130630218298
1	-5.30389799172775
1	15.7130630218298
1	-5.30389799172775
1	15.7130630218298
1	-5.30389799172775
1	15.7130630218298
1	-5.30389799172775
1	15.7130630218298
1	-5.30389799172775
1	15.7130630218298
1	-5.30389799172775
1	15.7130630218298
1	-5.30389799172775
1	15.7130630218298
1	-5.30389799172775
1	15.7130630218298
1	-5.30389799172775
1	15.7130630218298
1	-5.30389799172775
1	15.7130630218298
1	-5.30389799172775
1	15.7130630218298
1	-5.30389799172775
1	0
1	3.65542982418251
1	2.87652588632604
1	4.16675892188238
1	2.08875820378508
1	5.43590933918288
1	0.0444699569389999
1	8.72875623558741
1	-5.30389799172775
1	15.7130630218298
1	-5.30389799172775
1	15.7130630218298
1	-5.30389799172775
1	15.7130630218298
1	-5.30389799172775
1	15.7130630218298
1	-5.30389799172775
1	15.7130630218298
1	-5.30389799172775
1	15.7130630218298
1	-5.30389799172775
1	15.7130630218298
1	-5.30389799172775
1	15.7130630218298
1	-5.30389799172775
1	15.7130630218298
1	-5.30389799172775
1	15.7130630218298
1	-5.30389799172775
1	15.7130630218298
1	-5.30389799172775
1	15.7130630218298
1	-5.30389799172775
1	15.7130630218298
1	-5.30389799172775
1	15.7130630218298
1	-5.30389799172775
1	15.7130630218298
1	-5.30389799172775
1	15.7130630218298
1	-5.30389799172775
1	0
1	3.57464138609495
1	2.91345441421305
1	4.01398777455262
1	2.24154609524009
1	5.09651657120029
1	0.497859495152322
1	7.90516795480475
1	-4.02618889752393
1	15.7130630218298
1	-5.30389799172775
1	15.7130630218298
1	-5.30389799172775
1	15.7130630218298
1	-5.30389799172775
1	15.7130630218298
1	-5.30389799172775
1	15.7130630218298
1	-5.30389799172775
1	15.7130630218298
1	-5.30389799172775
1	15.7130630218298
1	-5.30389799172775
1	15.7130630218298
1	-5.30389799172775
1	15.7130630218298
1	-5.30389799172775
1	15.7130630218298
1	-5.30389799172775
1	15.7130630218298
1	-5.30389799172775
1	15.7130630218298
1	-5.30389799172775
1	15.7130630218298
1	-5.30389799172775
1	15.7130630218298
1	-5.30389799172775
1	15.7130630218298
1	-5.30389799172775
1	15.7130630218298
1	-5.30389799172775
1	0
1	3.56743685937161
1	2.9167476152244
1	4.00036399571065
1	2.25517136728455
1	5.06625030631733
1	0.53829172928712
1	7.83172224996889
1	-3.91620517791127
1	15.7130630218298
1	-5.30389799172775
1	15.7130630218298
1	-5.30389799172775
1	15.7130630218298
1	-5.30389799172775
1	15.7130630218298
1	-5.30389799172775
1	15.7130630218298
1	-5.30389799172775
1	15.7130630218298
1	-5.30389799172775
1	15.7130630218298
1	-5.30389799172775
1	15.7130630218298
1	-5.30389799172775
1	15.7130630218298
1	-5.30389799172775
1	15.7130630218298
1	-5.30389799172775
1	15.7130630218298
1	-5.30389799172775
1	15.7130630218298
1	-5.30389799172775
1	15.7130630218298
1	-5.30389799172775
1	15.7130630218298
1	-5.30389799172775
1	15.7130630218298
1	-5.30389799172775
1	15.7130630218298
1	-5.30389799172775
1	0
1	3.55761802986769
1	2.92123581833535
1	3.98179656348573
1	2.27374083454958
1	5.02500133799254
1	0.593395586719679
1	7.73162534127926
1	-3.76631172445448
1	14.7540443460594
1	-5.30389799172775
1	15.7130630218298
1	-5.30389799172775
1	15.7130630218298
1	-5.30389799172775
1	15.7130630218298
1	-5.30389799172775
1	15.7130630218298
1	-5.30389799172775
1	15.7130630218298
1	-5.30389799172775
1	15.7130630218298
1	-5.30389799172775
1	15.7130630218298
1	-5.30389799172775
1	15.7130630218298
1	-5.30389799172775
1	15.7130630218298
1	-5.30389799172775
1	15.7130630218298
1	-5.30389799172775
1	15.7130630218298
1	-5.30389799172775
1	15.7130630218298
1	-5.30389799172775
1	15.7130630218298
1	-5.30389799172775
1	15.7130630218298
1	-5.30389799172775
1	15.7130630218298
1	-5.30389799172775
1	0
1	3.53989677241298
1	2.92933623425625
1	3.94828561937578
1	2.30725545154839
1	4.95055421706705
1	0.692848341645357
1	7.55096805533677
1	-3.49578044794909
1	14.2978215288778
1	-5.30389799172775
1	15.7130630218298
1	-5.30389799172775
1	15.7130630218298
1	-5.30389799172775
1	15.7130630218298
1	-5.30389799172775
1	15.7130630218298
1	-5.30389799172775
1	15.7130630218298
1	-5.30389799172775
1	15.7130630218298
1	-5.30389799172775
1	15.7130630218298
1	-5.30389799172775
1	15.7130630218298
1	-5.30389799172775
1	15.7130630218298
1	-5.30389799172775
1	15.7130630218298
1	-5.30389799172775
1	15.7130630218298
1	-5.30389799172775
1	15.7130630218298
1	-5.30389799172775
1	15.7130630218298
1	-5.30389799172775
1	15.7130630218298
1	-5.30389799172775
1	15.7130630218298
1	-5.30389799172775
1	0
1	3.49117461646578
1	2.95160721185161
1	3.85615189528564
1	2.39939927374046
1	4.74587211452316
1	0.966279989893291
1	7.05427573645461
1	-2.75199197378597
1	13.0434997460018
1	-5.30389799172775
1	15.7130630218298
1	-5.30389799172775
1	15.7130630218298
1	-5.30389799172775
1	15.7130630218298
1	-5.30389799172775
1	15.7130630218298
1	-5.30389799172775
1	15.7130630218298
1	-5.30389799172775
1	15.7130630218298
1	-5.30389799172775
1	15.7130630218298
1	-5.30389799172775
1	15.7130630218298
1	-5.30389799172775
1	15.7130630218298
1	-5.30389799172775
1	15.7130630218298
1	-5.30389799172775
1	15.7130630218298
1	-5.30389799172775
1	15.7130630218298
1	-5.30389799172775
1	15.7130630218298
1	-5.30389799172775
1	15.7130630218298
1	-5.30389799172775
1	15.7130630218298
1	-5.30389799172775
1	0
1	3.26903608326146
1	3.05314710063279
1	3.43608734908171
1	2.81950986013914
1	3.8126666528939
1	2.21293470154569
1	4.78971044730954
1	0.63915682603188
1	7.32468054357866
1	-3.44405814919403
1	13.9017382210824
1	-5.30389799172775
1	15.7130630218298
1	-5.30389799172775
1	15.7130630218298
1	-5.30389799172775
1	15.7130630218298
1	-5.30389799172775
1	15.7130630218298
1	-5.30389799172775
1	15.7130630218298
1	-5.30389799172775
1	15.7130630218298
1	-5.30389799172775
1	15.7130630218298
1	-5.30389799172775
1	15.7130630218298
1	-5.30389799172775
1	15.7130630218298
1	-5.30389799172775
1	15.7130630218298
1	-5.30389799172775
1	15.7130630218298
1	-5.30389799172775
1	15.7130630218298
1	-5.30389799172775
1	15.7130630218298
1	-5.30389799172775
1	15.7130630218298
1	-5.30389799172775
1	0
1	3.25774224940981
1	3.05830953065637
1	3.41473067978458
1	2.84086887018418
1	3.76522118145292
1	2.27631637144634
1	4.67457677935524
1	0.811567576021446
1	7.03392777336773
1	-2.98876810633809
1	13.1553363027757
1	-5.30389799172775
1	15.7130630218298
1	-5.30389799172775
1	15.7130630218298
1	-5.30389799172775
1	15.7130630218298
1	-5.30389799172775
1	15.7130630218298
1	-5.30389799172775
1	15.7130630218298
1	-5.30389799172775
1	15.7130630218298
1	-5.30389799172775
1	15.7130630218298
1	-5.30389799172775
1	15.7130630218298
1	-5.30389799172775
1	15.7130630218298
1	-5.30389799172775
1	15.7130630218298
1	-5.30389799172775
1	15.7130630218298
1	-5.30389799172775
1	15.7130630218298
1	-5.30389799172775
1	15.7130630218298
1	-5.30389799172775
1	15.7130630218298
1	-5.30389799172775
1	0
1	3.25273599859974
1	3.06059789613323
1	3.40526384643343
1	2.85033674112553
1	3.74418988836363
1	2.30441174990258
1	4.62354114114467
1	0.887992594145367
1	6.90504494132683
1	-2.78695035553652
1	12.8244765383017
1	-5.30389799172775
1	15.7130630218298
1	-5.30389799172775
1	15.7130630218298
1	-5.30389799172775
1	15.7130630218298
1	-5.30389799172775
1	15.7130630218298
1	-5.30389799172775
1	15.7130630218298
1	-5.30389799172775
1	15.7130630218298
1	-5.30389799172775
1	15.7130630218298
1	-5.30389799172775
1	15.7130630218298
1	-5.30389799172775
1	15.7130630218298
1	-5.30389799172775
1	15.7130630218298
1	-5.30389799172775
1	15.7130630218298
1	-5.30389799172775
1	15.7130630218298
1	-5.30389799172775
1	15.7130630218298
1	-5.30389799172775
1	15.7130630218298
1	-5.30389799172775
1	0
1	3.24633083650338
1	3.06352570625923
1	3.39315166818791
1	2.86245024689809
1	3.71728175961748
1	2.34035790202279
1	4.55824446548228
1	0.985773278308464
1	6.74014800308336
1	-2.52873808115227
1	12.4011636634543
1	-5.30389799172775
1	15.7130630218298
1	-5.30389799172775
1	15.7130630218298
1	-5.30389799172775
1	15.7130630218298
1	-5.30389799172775
1	15.7130630218298
1	-5.30389799172775
1	15.7130630218298
1	-5.30389799172775
1	15.7130630218298
1	-5.30389799172775
1	15.7130630218298
1	-5.30389799172775
1	15.7130630218298
1	-5.30389799172775
1	15.7130630218298
1	-5.30389799172775
1	15.7130630218298
1	-5.30389799172775
1	15.7130630218298
1	-5.30389799172775
1	15.7130630218298
1	-5.30389799172775
1	15.7130630218298
1	-5.30389799172775
1	15.7130630218298
1	-5.30389799172775
1	0
1	3.24084065225413
1	3.06603527850685
1	3.3827697154399
1	2.87283333753581
1	3.69421745891805
1	2.37116914383412
1	4.50227542444051
1	1.06958598499683
1	6.5988066038377
1	-2.3074114479677
1	12.0383210619666
1	-5.30389799172775
1	15.7130630218298
1	-5.30389799172775
1	15.7130630218298
1	-5.30389799172775
1	15.7130630218298
1	-5.30389799172775
1	15.7130630218298
1	-5.30389799172775
1	15.7130630218298
1	-5.30389799172775
1	15.7130630218298
1	-5.30389799172775
1	15.7130630218298
1	-5.30389799172775
1	15.7130630218298
1	-5.30389799172775
1	15.7130630218298
1	-5.30389799172775
1	15.7130630218298
1	-5.30389799172775
1	15.7130630218298
1	-5.30389799172775
1	15.7130630218298
1	-5.30389799172775
1	15.7130630218298
1	-5.30389799172775
1	15.7130630218298
1	-5.30389799172775
1	0
1	3.19541359725416
1	3.08680006004122
1	3.29686703584315
1	2.95874543229538
1	3.50337809746108
1	2.62610848882435
1	4.03917462667667
1	1.76307171581645
1	5.42931515768508
1	-0.476103666266408
1	9.03607740933226
1	-5.30389799172775
1	15.7130630218298
1	-5.30389799172775
1	15.7130630218298
1	-5.30389799172775
1	15.7130630218298
1	-5.30389799172775
1	15.7130630218298
1	-5.30389799172775
1	15.7130630218298
1	-5.30389799172775
1	15.7130630218298
1	-5.30389799172775
1	15.7130630218298
1	-5.30389799172775
1	15.7130630218298
1	-5.30389799172775
1	15.7130630218298
1	-5.30389799172775
1	15.7130630218298
1	-5.30389799172775
1	15.7130630218298
1	-5.30389799172775
1	15.7130630218298
1	-5.30389799172775
1	15.7130630218298
1	-5.30389799172775
1	15.7130630218298
1	-5.30389799172775
1	0
1	3.16624911747396
1	3.10013119170274
1	3.24171692844204
1	3.01390158429538
1	3.38085792311822
1	2.78978129068551
1	3.74186074945993
1	2.20829429461584
1	4.67849365639115
1	0.699608445619171
1	7.10861646557186
1	-3.2147232700443
1	13.4136446404297
1	-5.30389799172775
1	15.7130630218298
1	-5.30389799172775
1	15.7130630218298
1	-5.30389799172775
1	15.7130630218298
1	-5.30389799172775
1	15.7130630218298
1	-5.30389799172775
1	15.7130630218298
1	-5.30389799172775
1	15.7130630218298
1	-5.30389799172775
1	15.7130630218298
1	-5.30389799172775
1	15.7130630218298
1	-5.30389799172775
1	15.7130630218298
1	-5.30389799172775
1	15.7130630218298
1	-5.30389799172775
1	15.7130630218298
1	-5.30389799172775
1	15.7130630218298
1	-5.30389799172775
1	15.7130630218298
1	-5.30389799172775
1	0
1	3.04812427876229
1	3.15412624970577
1	3.01834255006174
1	3.23730044510338
1	2.88461468674822
1	3.45270493845995
1	2.53765090043638
1	4.01157848510465
1	1.63744271325723
1	5.46159304587628
1	-0.69817504316217
1	9.22370030443969
1	-5.30389799172775
1	15.7130630218298
1	-5.30389799172775
1	15.7130630218298
1	-5.30389799172775
1	15.7130630218298
1	-5.30389799172775
1	15.7130630218298
1	-5.30389799172775
1	15.7130630218298
1	-5.30389799172775
1	15.7130630218298
1	-5.30389799172775
1	15.7130630218298
1	-5.30389799172775
1	15.7130630218298
1	-5.30389799172775
1	15.7130630218298
1	-5.30389799172775
1	15.7130630218298
1	-5.30389799172775
1	15.7130630218298
1	-5.30389799172775
1	15.7130630218298
1	-5.30389799172775
1	15.7130630218298
1	-5.30389799172775
1	15.7130630218298
1	0
1	3.0217502698716
1	3.16618185253543
1	2.9684692303975
1	3.28717923101649
1	2.77381729924944
1	3.60071745107747
1	2.26878415225035
1	4.41420196202202
1	0.95846015983312
1	6.52481248011463
1	-2.44121563398743
1	12.0008562143865
1	-5.30389799172775
1	15.7130630218298
1	-5.30389799172775
1	15.7130630218298
1	-5.30389799172775
1	15.7130630218298
1	-5.30389799172775
1	15.7130630218298
1	-5.30389799172775
1	15.7130630218298
1	-5.30389799172775
1	15.7130630218298
1	-5.30389799172775
1	15.7130630218298
1	-5.30389799172775
1	15.7130630218298
1	-5.30389799172775
1	15.7130630218298
1	-5.30389799172775
1	15.7130630218298
1	-5.30389799172775
1	15.7130630218298
1	-5.30389799172775
1	15.7130630218298
1	-5.30389799172775
1	15.7130630218298
1	-5.30389799172775
1	15.7130630218298
1	0
1	2.99469009491869
1	3.17855110300037
1	2.91729836891828
1	3.33835570095862
1	2.66013732354043
1	3.75258076860535
1	1.99292236441638
1	4.82730039429638
1	0.261812685352364
1	7.61569343124616
1	-4.22960448049347
1	15.7130630218298
1	-5.30389799172775
1	15.7130630218298
1	-5.30389799172775
1	15.7130630218298
1	-5.30389799172775
1	15.7130630218298
1	-5.30389799172775
1	15.7130630218298
1	-5.30389799172775
1	15.7130630218298
1	-5.30389799172775
1	15.7130630218298
1	-5.30389799172775
1	15.7130630218298
1	-5.30389799172775
1	15.7130630218298
1	-5.30389799172775
1	15.7130630218298
1	-5.30389799172775
1	15.7130630218298
1	-5.30389799172775
1	15.7130630218298
1	-5.30389799172775
1	15.7130630218298
1	-5.30389799172775
1	15.7130630218298
1	-5.30389799172775
1	15.7130630218298
1	0
1	2.95945574604196
1	3.19465678180635
1	2.85067012320965
1	3.40499124930071
1	2.5121175885831
1	3.9503180382522
1	1.63372991679869
1	5.36518510156497
1	-0.645273843195886
1	9.0361010997859
1	-5.30389799172775
1	15.7130630218298
1	-5.30389799172775
1	15.7130630218298
1	-5.30389799172775
1	15.7130630218298
1	-5.30389799172775
1	15.7130630218298
1	-5.30389799172775
1	15.7130630218298
1	-5.30389799172775
1	15.7130630218298
1	-5.30389799172775
1	15.7130630218298
1	-5.30389799172775
1	15.7130630218298
1	-5.30389799172775
1	15.7130630218298
1	-5.30389799172775
1	15.7130630218298
1	-5.30389799172775
1	15.7130630218298
1	-5.30389799172775
1	15.7130630218298
1	-5.30389799172775
1	15.7130630218298
1	-5.30389799172775
1	15.7130630218298
1	-5.30389799172775
1	15.7130630218298
1	0
1	2.92220656324837
1	3.21168344450864
1	2.78023182130431
1	3.47543727143182
1	2.35563352288421
1	4.1593626761409
1	1.25399748052755
1	5.93382809970919
1	-1.60423102528277
1	10.5377330746511
1	-5.30389799172775
1	15.7130630218298
1	-5.30389799172775
1	15.7130630218298
1	-5.30389799172775
1	15.7130630218298
1	-5.30389799172775
1	15.7130630218298
1	-5.30389799172775
1	15.7130630218298
1	-5.30389799172775
1	15.7130630218298
1	-5.30389799172775
1	15.7130630218298
1	-5.30389799172775
1	15.7130630218298
1	-5.30389799172775
1	15.7130630218298
1	-5.30389799172775
1	15.7130630218298
1	-5.30389799172775
1	15.7130630218298
1	-5.30389799172775
1	15.7130630218298
1	-5.30389799172775
1	15.7130630218298
1	-5.30389799172775
1	15.7130630218298
1	-5.30389799172775
1	15.7130630218298
1	0
1	2.86691665541811
1	3.23695655228883
1	2.67567846125754
1	3.58000209080574
1	2.12336025081433
1	4.46965294009981
1	0.6903509834236
1	6.77787934050922
1	-3.02763551994123
1	12.7666435435152
1	-5.30389799172775
1	15.7130630218298
1	-5.30389799172775
1	15.7130630218298
1	-5.30389799172775
1	15.7130630218298
1	-5.30389799172775
1	15.7130630218298
1	-5.30389799172775
1	15.7130630218298
1	-5.30389799172775
1	15.7130630218298
1	-5.30389799172775
1	15.7130630218298
1	-5.30389799172775
1	15.7130630218298
1	-5.30389799172775
1	15.7130630218298
1	-5.30389799172775
1	15.7130630218298
1	-5.30389799172775
1	15.7130630218298
1	-5.30389799172775
1	15.7130630218298
1	-5.30389799172775
1	15.7130630218298
1	-5.30389799172775
1	15.7130630218298
1	-5.30389799172775
1	15.7130630218298
1	0
1	2.82157834723118
1	3.25768076750904
1	2.58994360211592
1	3.66574634671661
1	1.93289371531164
1	4.72409423267646
1	0.228154904662911
1	7.47001026969146
1	-4.1948422342591
1	14.5943736614363
1	-5.30389799172775
1	15.7130630218298
1	-5.30389799172775
1	15.7130630218298
1	-5.30389799172775
1	15.7130630218298
1	-5.30389799172775
1	15.7130630218298
1	-5.30389799172775
1	15.7130630218298
1	-5.30389799172775
1	15.7130630218298
1	-5.30389799172775
1	15.7130630218298
1	-5.30389799172775
1	15.7130630218298
1	-5.30389799172775
1	15.7130630218298
1	-5.30389799172775
1	15.7130630218298
1	-5.30389799172775
1	15.7130630218298
1	-5.30389799172775
1	15.7130630218298
1	-5.30389799172775
1	15.7130630218298
1	-5.30389799172775
1	15.7130630218298
1	-5.30389799172775
1	15.7130630218298
1	0
1	2.72565131560229
1	3.30152917139557
1	2.40854533487872
1	3.84716449568777
1	1.52990361475299
1	5.26244246172947
1	-0.749761996938712
1	8.93442454075887
1	-5.30389799172775
1	15.7130630218298
1	-5.30389799172775
1	15.7130630218298
1	-5.30389799172775
1	15.7130630218298
1	-5.30389799172775
1	15.7130630218298
1	-5.30389799172775
1	15.7130630218298
1	-5.30389799172775
1	15.7130630218298
1	-5.30389799172775
1	15.7130630218298
1	-5.30389799172775
1	15.7130630218298
1	-5.30389799172775
1	15.7130630218298
1	-5.30389799172775
1	15.7130630218298
1	-5.30389799172775
1	15.7130630218298
1	-5.30389799172775
1	15.7130630218298
1	-5.30389799172775
1	15.7130630218298
1	-5.30389799172775
1	15.7130630218298
1	-5.30389799172775
1	15.7130630218298
1	-5.30389799172775
1	15.7130630218298
1	0
1	2.63063695488211
1	3.34496039190907
1	2.2288729307125
1	4.02685659242875
1	1.13074765077745
1	5.79566872714963
1	-1.71837478173332
1	10.3849060518857
1	-5.30389799172775
1	15.7130630218298
1	-5.30389799172775
1	15.7130630218298
1	-5.30389799172775
1	15.7130630218298
1	-5.30389799172775
1	15.7130630218298
1	-5.30389799172775
1	15.7130630218298
1	-5.30389799172775
1	15.7130630218298
1	-5.30389799172775
1	15.7130630218298
1	-5.30389799172775
1	15.7130630218298
1	-5.30389799172775
1	15.7130630218298
1	-5.30389799172775
1	15.7130630218298
1	-5.30389799172775
1	15.7130630218298
1	-5.30389799172775
1	15.7130630218298
1	-5.30389799172775
1	15.7130630218298
1	-5.30389799172775
1	15.7130630218298
1	-5.30389799172775
1	15.7130630218298
1	-5.30389799172775
1	15.7130630218298
1	0
1	2.58433587243568
1	3.36612469282635
1	2.14131746293277
1	4.1144216565213
1	0.93623649418038
1	6.05551316635528
1	-2.19038575004909
1	11.0917346146908
1	-5.30389799172775
1	15.7130630218298
1	-5.30389799172775
1	15.7130630218298
1	-5.30389799172775
1	15.7130630218298
1	-5.30389799172775
1	15.7130630218298
1	-5.30389799172775
1	15.7130630218298
1	-5.30389799172775
1	15.7130630218298
1	-5.30389799172775
1	15.7130630218298
1	-5.30389799172775
1	15.7130630218298
1	-5.30389799172775
1	15.7130630218298
1	-5.30389799172775
1	15.7130630218298
1	-5.30389799172775
1	15.7130630218298
1	-5.30389799172775
1	15.7130630218298
1	-5.30389799172775
1	15.7130630218298
1	-5.30389799172775
1	15.7130630218298
1	-5.30389799172775
1	15.7130630218298
1	-5.30389799172775
1	15.7130630218298
1	0
1	2.58319241193888
1	3.36664737049958
1	2.13915517614819
1	4.11658418029827
1	0.931432808996257
1	6.06193033493638
1	-2.20204262431229
1	11.1091905897324
1	-5.30389799172775
1	15.7130630218298
1	-5.30389799172775
1	15.7130630218298
1	-5.30389799172775
1	15.7130630218298
1	-5.30389799172775
1	15.7130630218298
1	-5.30389799172775
1	15.7130630218298
1	-5.30389799172775
1	15.7130630218298
1	-5.30389799172775
1	15.7130630218298
1	-5.30389799172775
1	15.7130630218298
1	-5.30389799172775
1	15.7130630218298
1	-5.30389799172775
1	15.7130630218298
1	-5.30389799172775
1	15.7130630218298
1	-5.30389799172775
1	15.7130630218298
1	-5.30389799172775
1	15.7130630218298
1	-5.30389799172775
1	15.7130630218298
1	-5.30389799172775
1	15.7130630218298
1	-5.30389799172775
1	15.7130630218298
1	0
1	2.3528100298853
1	3.47195553614478
1	1.70350149024896
1	4.55228561500356
1	-0.0364051167084134
1	7.35485001854937
1	-5.30389799172775
1	14.6261893162952
1	-5.30389799172775
1	15.7130630218298
1	-5.30389799172775
1	15.7130630218298
1	-5.30389799172775
1	15.7130630218298
1	-5.30389799172775
1	15.7130630218298
1	-5.30389799172775
1	15.7130630218298
1	-5.30389799172775
1	15.7130630218298
1	-5.30389799172775
1	15.7130630218298
1	-5.30389799172775
1	15.7130630218298
1	-5.30389799172775
1	15.7130630218298
1	-5.30389799172775
1	15.7130630218298
1	-5.30389799172775
1	15.7130630218298
1	-5.30389799172775
1	15.7130630218298
1	-5.30389799172775
1	15.7130630218298
1	-5.30389799172775
1	15.7130630218298
1	-5.30389799172775
1	15.7130630218298
1	-5.30389799172775
1	15.7130630218298
1	0
1	2.28354595192934
1	3.5036162600666
1	1.57252293801353
1	4.68327852283769
1	-0.327383970808275
1	7.74356415961483
1	-5.30389799172775
1	15.7130630218298
1	-5.30389799172775
1	15.7130630218298
1	-5.30389799172775
1	15.7130630218298
1	-5.30389799172775
1	15.7130630218298
1	-5.30389799172775
1	15.7130630218298
1	-5.30389799172775
1	15.7130630218298
1	-5.30389799172775
1	15.7130630218298
1	-5.30389799172775
1	15.7130630218298
1	-5.30389799172775
1	15.7130630218298
1	-5.30389799172775
1	15.7130630218298
1	-5.30389799172775
1	15.7130630218298
1	-5.30389799172775
1	15.7130630218298
1	-5.30389799172775
1	15.7130630218298
1	-5.30389799172775
1	15.7130630218298
1	-5.30389799172775
1	15.7130630218298
1	-5.30389799172775
1	15.7130630218298
1	-5.30389799172775
1	15.7130630218298
1	0
1	2.23055780310503
1	3.52783723002048
1	1.47232221025597
1	4.78349023286229
1	-0.549987537920993
1	8.04093681460037
1	-5.30389799172775
1	15.7130630218298
1	-5.30389799172775
1	15.7130630218298
1	-5.30389799172775
1	15.7130630218298
1	-5.30389799172775
1	15.7130630218298
1	-5.30389799172775
1	15.7130630218298
1	-5.30389799172775
1	15.7130630218298
1	-5.30389799172775
1	15.7130630218298
1	-5.30389799172775
1	15.7130630218298
1	-5.30389799172775
1	15.7130630218298
1	-5.30389799172775
1	15.7130630218298
1	-5.30389799172775
1	15.7130630218298
1	-5.30389799172775
1	15.7130630218298
1	-5.30389799172775
1	15.7130630218298
1	-5.30389799172775
1	15.7130630218298
1	-5.30389799172775
1	15.7130630218298
1	-5.30389799172775
1	15.7130630218298
1	-5.30389799172775
1	15.7130630218298
1	0
1	2.1824790196624
1	3.54981412098612
1	1.38140510525155
1	4.87441730262392
1	-0.751966828276177
1	8.31075781793857
1	-5.30389799172775
1	15.7130630218298
1	-5.30389799172775
1	15.7130630218298
1	-5.30389799172775
1	15.7130630218298
1	-5.30389799172775
1	15.7130630218298
1	-5.30389799172775
1	15.7130630218298
1	-5.30389799172775
1	15.7130630218298
1	-5.30389799172775
1	15.7130630218298
1	-5.30389799172775
1	15.7130630218298
1	-5.30389799172775
1	15.7130630218298
1	-5.30389799172775
1	15.7130630218298
1	-5.30389799172775
1	15.7130630218298
1	-5.30389799172775
1	15.7130630218298
1	-5.30389799172775
1	15.7130630218298
1	-5.30389799172775
1	15.7130630218298
1	-5.30389799172775
1	15.7130630218298
1	-5.30389799172775
1	15.7130630218298
1	-5.30389799172775
1	15.7130630218298
1	0
1	2.0288743480962
1	3.62002706892503
1	1.09093827031972
1	5.16491597349566
1	-1.39726107943384
1	9.17279640610052
1	-5.30389799172775
1	15.7130630218298
1	-5.30389799172775
1	15.7130630218298
1	-5.30389799172775
1	15.7130630218298
1	-5.30389799172775
1	15.7130630218298
1	-5.30389799172775
1	15.7130630218298
1	-5.30389799172775
1	15.7130630218298
1	-5.30389799172775
1	15.7130630218298
1	-5.30389799172775
1	15.7130630218298
1	-5.30389799172775
1	15.7130630218298
1	-5.30389799172775
1	15.7130630218298
1	-5.30389799172775
1	15.7130630218298
1	-5.30389799172775
1	15.7130630218298
1	-5.30389799172775
1	15.7130630218298
1	-5.30389799172775
1	15.7130630218298
1	-5.30389799172775
1	15.7130630218298
1	-5.30389799172775
1	15.7130630218298
1	-5.30389799172775
1	15.7130630218298
1	0
1	2.00293002817491
1	3.63188626022026
1	1.04187749361837
1	5.213982127389
1	-1.50625334070229
1	9.31839747856611
1	-5.30389799172775
1	15.7130630218298
1	-5.30389799172775
1	15.7130630218298
1	-5.30389799172775
1	15.7130630218298
1	-5.30389799172775
1	15.7130630218298
1	-5.30389799172775
1	15.7130630218298
1	-5.30389799172775
1	15.7130630218298
1	-5.30389799172775
1	15.7130630218298
1	-5.30389799172775
1	15.7130630218298
1	-5.30389799172775
1	15.7130630218298
1	-5.30389799172775
1	15.7130630218298
1	-5.30389799172775
1	15.7130630218298
1	-5.30389799172775
1	15.7130630218298
1	-5.30389799172775
1	15.7130630218298
1	-5.30389799172775
1	15.7130630218298
1	-5.30389799172775
1	15.7130630218298
1	-5.30389799172775
1	15.7130630218298
1	-5.30389799172775
1	15.7130630218298
1	0
1	1.80115486712857
1	3.72411801810535
1	0.660320137325782
1	5.59558130338562
1	-2.35391213989123
1	10.4507717298243
1	-5.30389799172775
1	15.7130630218298
1	-5.30389799172775
1	15.7130630218298
1	-5.30389799172775
1	15.7130630218298
1	-5.30389799172775
1	15.7130630218298
1	-5.30389799172775
1	15.7130630218298
1	-5.30389799172775
1	15.7130630218298
1	-5.30389799172775
1	15.7130630218298
1	-5.30389799172775
1	15.7130630218298
1	-5.30389799172775
1	15.7130630218298
1	-5.30389799172775
1	15.7130630218298
1	-5.30389799172775
1	15.7130630218298
1	-5.30389799172775
1	15.7130630218298
1	-5.30389799172775
1	15.7130630218298
1	-5.30389799172775
1	15.7130630218298
1	-5.30389799172775
1	15.7130630218298
1	-5.30389799172775
1	15.7130630218298
1	-5.30389799172775
1	15.7130630218298
1	0
1	1.73511497345713
1	3.75430496208931
1	0.535438525989445
1	5.72047660207967
1	-2.63134617427783
1	10.8213915561774
1	-5.30389799172775
1	15.7130630218298
1	-5.30389799172775
1	15.7130630218298
1	-5.30389799172775
1	15.7130630218298
1	-5.30389799172775
1	15.7130630218298
1	-5.30389799172775
1	15.7130630218298
1	-5.30389799172775
1	15.7130630218298
1	-5.30389799172775
1	15.7130630218298
1	-5.30389799172775
1	15.7130630218298
1	-5.30389799172775
1	15.7130630218298
1	-5.30389799172775
1	15.7130630218298
1	-5.30389799172775
1	15.7130630218298
1	-5.30389799172775
1	15.7130630218298
1	-5.30389799172775
1	15.7130630218298
1	-5.30389799172775
1	15.7130630218298
1	-5.30389799172775
1	15.7130630218298
1	-5.30389799172775
1	15.7130630218298
1	-5.30389799172775
1	15.7130630218298
1	0
1	1.70452379739719
1	3.76828823896615
1	0.477590532198811
1	5.77833093616473
1	-2.75985990922062
1	10.9930710627448
1	-5.30389799172775
1	15.7130630218298
1	-5.30389799172775
1	15.7130630218298
1	-5.30389799172775
1	15.7130630218298
1	-5.30389799172775
1	15.7130630218298
1	-5.30389799172775
1	15.7130630218298
1	-5.30389799172775
1	15.7130630218298
1	-5.30389799172775
1	15.7130630218298
1	-5.30389799172775
1	15.7130630218298
1	-5.30389799172775
1	15.7130630218298
1	-5.30389799172775
1	15.7130630218298
1	-5.30389799172775
1	15.7130630218298
1	-5.30389799172775
1	15.7130630218298
1	-5.30389799172775
1	15.7130630218298
1	-5.30389799172775
1	15.7130630218298
1	-5.30389799172775
1	15.7130630218298
1	-5.30389799172775
1	15.7130630218298
1	-5.30389799172775
1	15.7130630218298
1	0
1	1.69593223817541
1	3.77221545481318
1	0.461343871281325
1	5.79457937775959
1	-2.79595310689334
1	11.0412874060769
1	-5.30389799172775
1	15.7130630218298
1	-5.30389799172775
1	15.7130630218298
1	-5.30389799172775
1	15.7130630218298
1	-5.30389799172775
1	15.7130630218298
1	-5.30389799172775
1	15.7130630218298
1	-5.30389799172775
1	15.7130630218298
1	-5.30389799172775
1	15.7130630218298
1	-5.30389799172775
1	15.7130630218298
1	-5.30389799172775
1	15.7130630218298
1	-5.30389799172775
1	15.7130630218298
1	-5.30389799172775
1	15.7130630218298
1	-5.30389799172775
1	15.7130630218298
1	-5.30389799172775
1	15.7130630218298
1	-5.30389799172775
1	15.7130630218298
1	-5.30389799172775
1	15.7130630218298
1	-5.30389799172775
1	15.7130630218298
1	-5.30389799172775
1	15.7130630218298
1	0
1	1.68558889585678
1	3.77694341359417
1	0.441784583954473
1	5.8141408088365
1	-2.83940555705592
1	11.0993348607429
1	-5.30389799172775
1	15.7130630218298
1	-5.30389799172775
1	15.7130630218298
1	-5.30389799172775
1	15.7130630218298
1	-5.30389799172775
1	15.7130630218298
1	-5.30389799172775
1	15.7130630218298
1	-5.30389799172775
1	15.7130630218298
1	-5.30389799172775
1	15.7130630218298
1	-5.30389799172775
1	15.7130630218298
1	-5.30389799172775
1	15.7130630218298
1	-5.30389799172775
1	15.7130630218298
1	-5.30389799172775
1	15.7130630218298
1	-5.30389799172775
1	15.7130630218298
1	-5.30389799172775
1	15.7130630218298
1	-5.30389799172775
1	15.7130630218298
1	-5.30389799172775
1	15.7130630218298
1	-5.30389799172775
1	15.7130630218298
1	-5.30389799172775
1	15.7130630218298
1	0
1	1.66020286400394
1	3.78854741049534
1	0.393779531448018
1	5.86215112282476
1	-2.9460524464201
1	11.2418027872345
1	-5.30389799172775
1	15.7130630218298
1	-5.30389799172775
1	15.7130630218298
1	-5.30389799172775
1	15.7130630218298
1	-5.30389799172775
1	15.7130630218298
1	-5.30389799172775
1	15.7130630218298
1	-5.30389799172775
1	15.7130630218298
1	-5.30389799172775
1	15.7130630218298
1	-5.30389799172775
1	15.7130630218298
1	-5.30389799172775
1	15.7130630218298
1	-5.30389799172775
1	15.7130630218298
1	-5.30389799172775
1	15.7130630218298
1	-5.30389799172775
1	15.7130630218298
1	-5.30389799172775
1	15.7130630218298
1	-5.30389799172775
1	15.7130630218298
1	-5.30389799172775
1	15.7130630218298
1	-5.30389799172775
1	15.7130630218298
1	-5.30389799172775
1	15.7130630218298
1	0
1	1.61661088125416
1	3.80847337748681
1	0.311346978267011
1	5.94459271083348
1	-3.1291826570978
1	11.4864435971893
1	-5.30389799172775
1	15.7130630218298
1	-5.30389799172775
1	15.7130630218298
1	-5.30389799172775
1	15.7130630218298
1	-5.30389799172775
1	15.7130630218298
1	-5.30389799172775
1	15.7130630218298
1	-5.30389799172775
1	15.7130630218298
1	-5.30389799172775
1	15.7130630218298
1	-5.30389799172775
1	15.7130630218298
1	-5.30389799172775
1	15.7130630218298
1	-5.30389799172775
1	15.7130630218298
1	-5.30389799172775
1	15.7130630218298
1	-5.30389799172775
1	15.7130630218298
1	-5.30389799172775
1	15.7130630218298
1	-5.30389799172775
1	15.7130630218298
1	-5.30389799172775
1	15.7130630218298
1	-5.30389799172775
1	15.7130630218298
1	-5.30389799172775
1	15.7130630218298
1	0
1	1.61185395333495
1	3.81064777706031
1	0.302351615153353
1	5.95358905986293
1	-3.14916654305738
1	11.5131397606956
1	-5.30389799172775
1	15.7130630218298
1	-5.30389799172775
1	15.7130630218298
1	-5.30389799172775
1	15.7130630218298
1	-5.30389799172775
1	15.7130630218298
1	-5.30389799172775
1	15.7130630218298
1	-5.30389799172775
1	15.7130630218298
1	-5.30389799172775
1	15.7130630218298
1	-5.30389799172775
1	15.7130630218298
1	-5.30389799172775
1	15.7130630218298
1	-5.30389799172775
1	15.7130630218298
1	-5.30389799172775
1	15.7130630218298
1	-5.30389799172775
1	15.7130630218298
1	-5.30389799172775
1	15.7130630218298
1	-5.30389799172775
1	15.7130630218298
1	-5.30389799172775
1	15.7130630218298
1	-5.30389799172775
1	15.7130630218298
1	-5.30389799172775
1	15.7130630218298
1	0
1	1.49180475398309
1	3.86552246347613
1	0.0753382657787092
1	6.18062729050621
1	-3.65349403132944
1	12.1868630352814
1	-5.30389799172775
1	15.7130630218298
1	-5.30389799172775
1	15.7130630218298
1	-5.30389799172775
1	15.7130630218298
1	-5.30389799172775
1	15.7130630218298
1	-5.30389799172775
1	15.7130630218298
1	-5.30389799172775
1	15.7130630218298
1	-5.30389799172775
1	15.7130630218298
1	-5.30389799172775
1	15.7130630218298
1	-5.30389799172775
1	15.7130630218298
1	-5.30389799172775
1	15.7130630218298
1	-5.30389799172775
1	15.7130630218298
1	-5.30389799172775
1	15.7130630218298
1	-5.30389799172775
1	15.7130630218298
1	-5.30389799172775
1	15.7130630218298
1	-5.30389799172775
1	15.7130630218298
1	-5.30389799172775
1	15.7130630218298
1	-5.30389799172775
1	15.7130630218298
1	0
1	1.30586075571561
1	3.95051777082446
1	-0.276282320370229
1	6.53228641520931
1	-5.30389799172775
1	13.2303918557873
1	-5.30389799172775
1	15.7130630218298
1	-5.30389799172775
1	15.7130630218298
1	-5.30389799172775
1	15.7130630218298
1	-5.30389799172775
1	15.7130630218298
1	-5.30389799172775
1	15.7130630218298
1	-5.30389799172775
1	15.7130630218298
1	-5.30389799172775
1	15.7130630218298
1	-5.30389799172775
1	15.7130630218298
1	-5.30389799172775
1	15.7130630218298
1	-5.30389799172775
1	15.7130630218298
1	-5.30389799172775
1	15.7130630218298
1	-5.30389799172775
1	15.7130630218298
1	-5.30389799172775
1	15.7130630218298
1	-5.30389799172775
1	15.7130630218298
1	-5.30389799172775
1	15.7130630218298
1	-5.30389799172775
1	15.7130630218298
1	-5.30389799172775
1	15.7130630218298
1	0
1	1.28915327052044
1	3.95815478977862
1	-0.307876218490837
1	6.56388377610542
1	-5.30389799172775
1	13.3241552602628
1	-5.30389799172775
1	15.7130630218298
1	-5.30389799172775
1	15.7130630218298
1	-5.30389799172775
1	15.7130630218298
1	-5.30389799172775
1	15.7130630218298
1	-5.30389799172775
1	15.7130630218298
1	-5.30389799172775
1	15.7130630218298
1	-5.30389799172775
1	15.7130630218298
1	-5.30389799172775
1	15.7130630218298
1	-5.30389799172775
1	15.7130630218298
1	-5.30389799172775
1	15.7130630218298
1	-5.30389799172775
1	15.7130630218298
1	-5.30389799172775
1	15.7130630218298
1	-5.30389799172775
1	15.7130630218298
1	-5.30389799172775
1	15.7130630218298
1	-5.30389799172775
1	15.7130630218298
1	-5.30389799172775
1	15.7130630218298
1	-5.30389799172775
1	15.7130630218298
1	0
1	1.24958280202833
1	3.9762425159905
1	-0.382704077712028
1	6.63871983665958
1	-5.30389799172775
1	13.5462270920895
1	-5.30389799172775
1	15.7130630218298
1	-5.30389799172775
1	15.7130630218298
1	-5.30389799172775
1	15.7130630218298
1	-5.30389799172775
1	15.7130630218298
1	-5.30389799172775
1	15.7130630218298
1	-5.30389799172775
1	15.7130630218298
1	-5.30389799172775
1	15.7130630218298
1	-5.30389799172775
1	15.7130630218298
1	-5.30389799172775
1	15.7130630218298
1	-5.30389799172775
1	15.7130630218298
1	-5.30389799172775
1	15.7130630218298
1	-5.30389799172775
1	15.7130630218298
1	-5.30389799172775
1	15.7130630218298
1	-5.30389799172775
1	15.7130630218298
1	-5.30389799172775
1	15.7130630218298
1	-5.30389799172775
1	15.7130630218298
1	-5.30389799172775
1	15.7130630218298
1	0
1	1.16466532121984
1	4.01505843609446
1	-0.543283255606324
1	6.79931661446011
1	-5.30389799172775
1	14.022789064587
1	-5.30389799172775
1	15.7130630218298
1	-5.30389799172775
1	15.7130630218298
1	-5.30389799172775
1	15.7130630218298
1	-5.30389799172775
1	15.7130630218298
1	-5.30389799172775
1	15.7130630218298
1	-5.30389799172775
1	15.7130630218298
1	-5.30389799172775
1	15.7130630218298
1	-5.30389799172775
1	15.7130630218298
1	-5.30389799172775
1	15.7130630218298
1	-5.30389799172775
1	15.7130630218298
1	-5.30389799172775
1	15.7130630218298
1	-5.30389799172775
1	15.7130630218298
1	-5.30389799172775
1	15.7130630218298
1	-5.30389799172775
1	15.7130630218298
1	-5.30389799172775
1	15.7130630218298
1	-5.30389799172775
1	15.7130630218298
1	-5.30389799172775
1	15.7130630218298
1	0
1	1.13655714694083
1	4.02790672877454
1	-0.596435886547104
1	6.85247507107102
1	-5.30389799172775
1	14.1805338169062
1	-5.30389799172775
1	15.7130630218298
1	-5.30389799172775
1	15.7130630218298
1	-5.30389799172775
1	15.7130630218298
1	-5.30389799172775
1	15.7130630218298
1	-5.30389799172775
1	15.7130630218298
1	-5.30389799172775
1	15.7130630218298
1	-5.30389799172775
1	15.7130630218298
1	-5.30389799172775
1	15.7130630218298
1	-5.30389799172775
1	15.7130630218298
1	-5.30389799172775
1	15.7130630218298
1	-5.30389799172775
1	15.7130630218298
1	-5.30389799172775
1	15.7130630218298
1	-5.30389799172775
1	15.7130630218298
1	-5.30389799172775
1	15.7130630218298
1	-5.30389799172775
1	15.7130630218298
1	-5.30389799172775
1	15.7130630218298
1	-5.30389799172775
1	15.7130630218298
1	0
1	1.13003861871998
1	4.03088635874245
1	-0.608762440429982
1	6.86480297597708
1	-5.30389799172775
1	14.2171161864859
1	-5.30389799172775
1	15.7130630218298
1	-5.30389799172775
1	15.7130630218298
1	-5.30389799172775
1	15.7130630218298
1	-5.30389799172775
1	15.7130630218298
1	-5.30389799172775
1	15.7130630218298
1	-5.30389799172775
1	15.7130630218298
1	-5.30389799172775
1	15.7130630218298
1	-5.30389799172775
1	15.7130630218298
1	-5.30389799172775
1	15.7130630218298
1	-5.30389799172775
1	15.7130630218298
1	-5.30389799172775
1	15.7130630218298
1	-5.30389799172775
1	15.7130630218298
1	-5.30389799172775
1	15.7130630218298
1	-5.30389799172775
1	15.7130630218298
1	-5.30389799172775
1	15.7130630218298
1	-5.30389799172775
1	15.7130630218298
1	-5.30389799172775
1	15.7130630218298
1	0
1	1.11050141476117
1	4.03981684679626
1	-0.64570734411989
1	6.90175192892698
1	-5.30389799172775
1	14.3267601416179
1	-5.30389799172775
1	15.7130630218298
1	-5.30389799172775
1	15.7130630218298
1	-5.30389799172775
1	15.7130630218298
1	-5.30389799172775
1	15.7130630218298
1	-5.30389799172775
1	15.7130630218298
1	-5.30389799172775
1	15.7130630218298
1	-5.30389799172775
1	15.7130630218298
1	-5.30389799172775
1	15.7130630218298
1	-5.30389799172775
1	15.7130630218298
1	-5.30389799172775
1	15.7130630218298
1	-5.30389799172775
1	15.7130630218298
1	-5.30389799172775
1	15.7130630218298
1	-5.30389799172775
1	15.7130630218298
1	-5.30389799172775
1	15.7130630218298
1	-5.30389799172775
1	15.7130630218298
1	-5.30389799172775
1	15.7130630218298
1	-5.30389799172775
1	15.7130630218298
1	0
1	1.07523236306794
1	4.05593838831673
1	-0.712401212945134
1	6.96845310757815
1	-5.30389799172775
1	14.524692165543
1	-5.30389799172775
1	15.7130630218298
1	-5.30389799172775
1	15.7130630218298
1	-5.30389799172775
1	15.7130630218298
1	-5.30389799172775
1	15.7130630218298
1	-5.30389799172775
1	15.7130630218298
1	-5.30389799172775
1	15.7130630218298
1	-5.30389799172775
1	15.7130630218298
1	-5.30389799172775
1	15.7130630218298
1	-5.30389799172775
1	15.7130630218298
1	-5.30389799172775
1	15.7130630218298
1	-5.30389799172775
1	15.7130630218298
1	-5.30389799172775
1	15.7130630218298
1	-5.30389799172775
1	15.7130630218298
1	-5.30389799172775
1	15.7130630218298
1	-5.30389799172775
1	15.7130630218298
1	-5.30389799172775
1	15.7130630218298
1	-5.30389799172775
1	15.7130630218298
1	0
1	1.0262660277151
1	4.07832098071989
1	-0.8049966809288
1	7.0610587242721
1	-5.30389799172775
1	15.7130630218298
1	-5.30389799172775
1	15.7130630218298
1	-5.30389799172775
1	15.7130630218298
1	-5.30389799172775
1	15.7130630218298
1	-5.30389799172775
1	15.7130630218298
1	-5.30389799172775
1	15.7130630218298
1	-5.30389799172775
1	15.7130630218298
1	-5.30389799172775
1	15.7130630218298
1	-5.30389799172775
1	15.7130630218298
1	-5.30389799172775
1	15.7130630218298
1	-5.30389799172775
1	15.7130630218298
1	-5.30389799172775
1	15.7130630218298
1	-5.30389799172775
1	15.7130630218298
1	-5.30389799172775
1	15.7130630218298
1	-5.30389799172775
1	15.7130630218298
1	-5.30389799172775
1	15.7130630218298
1	-5.30389799172775
1	15.7130630218298
1	-5.30389799172775
1	15.7130630218298
1	0
1	1.01594272374464
1	4.08303977993898
1	-0.82451807568694
1	7.08058225862718
1	-5.30389799172775
1	15.7130630218298
1	-5.30389799172775
1	15.7130630218298
1	-5.30389799172775
1	15.7130630218298
1	-5.30389799172775
1	15.7130630218298
1	-5.30389799172775
1	15.7130630218298
1	-5.30389799172775
1	15.7130630218298
1	-5.30389799172775
1	15.7130630218298
1	-5.30389799172775
1	15.7130630218298
1	-5.30389799172775
1	15.7130630218298
1	-5.30389799172775
1	15.7130630218298
1	-5.30389799172775
1	15.7130630218298
1	-5.30389799172775
1	15.7130630218298
1	-5.30389799172775
1	15.7130630218298
1	-5.30389799172775
1	15.7130630218298
1	-5.30389799172775
1	15.7130630218298
1	-5.30389799172775
1	15.7130630218298
1	-5.30389799172775
1	15.7130630218298
1	-5.30389799172775
1	15.7130630218298
1	0
1	0.976744680684922
1	4.10095726987335
1	-0.898641677443222
1	7.15471398452793
1	-5.30389799172775
1	15.7130630218298
1	-5.30389799172775
1	15.7130630218298
1	-5.30389799172775
1	15.7130630218298
1	-5.30389799172775
1	15.7130630218298
1	-5.30389799172775
1	15.7130630218298
1	-5.30389799172775
1	15.7130630218298
1	-5.30389799172775
1	15.7130630218298
1	-5.30389799172775
1	15.7130630218298
1	-5.30389799172775
1	15.7130630218298
1	-5.30389799172775
1	15.7130630218298
1	-5.30389799172775
1	15.7130630218298
1	-5.30389799172775
1	15.7130630218298
1	-5.30389799172775
1	15.7130630218298
1	-5.30389799172775
1	15.7130630218298
1	-5.30389799172775
1	15.7130630218298
1	-5.30389799172775
1	15.7130630218298
1	-5.30389799172775
1	15.7130630218298
1	-5.30389799172775
1	15.7130630218298
1	0
1	0.898688630104047
1	4.1366368189383
1	-1.04624587286467
1	7.30233435776292
1	-5.30389799172775
1	15.7130630218298
1	-5.30389799172775
1	15.7130630218298
1	-5.30389799172775
1	15.7130630218298
1	-5.30389799172775
1	15.7130630218298
1	-5.30389799172775
1	15.7130630218298
1	-5.30389799172775
1	15.7130630218298
1	-5.30389799172775
1	15.7130630218298
1	-5.30389799172775
1	15.7130630218298
1	-5.30389799172775
1	15.7130630218298
1	-5.30389799172775
1	15.7130630218298
1	-5.30389799172775
1	15.7130630218298
1	-5.30389799172775
1	15.7130630218298
1	-5.30389799172775
1	15.7130630218298
1	-5.30389799172775
1	15.7130630218298
1	-5.30389799172775
1	15.7130630218298
1	-5.30389799172775
1	15.7130630218298
1	-5.30389799172775
1	15.7130630218298
1	-5.30389799172775
1	15.7130630218298
1	0
1	0.883173661508165
1	4.14372873659412
1	-1.07558471898284
1	7.33167641949688
1	-5.30389799172775
1	15.7130630218298
1	-5.30389799172775
1	15.7130630218298
1	-5.30389799172775
1	15.7130630218298
1	-5.30389799172775
1	15.7130630218298
1	-5.30389799172775
1	15.7130630218298
1	-5.30389799172775
1	15.7130630218298
1	-5.30389799172775
1	15.7130630218298
1	-5.30389799172775
1	15.7130630218298
1	-5.30389799172775
1	15.7130630218298
1	-5.30389799172775
1	15.7130630218298
1	-5.30389799172775
1	15.7130630218298
1	-5.30389799172775
1	15.7130630218298
1	-5.30389799172775
1	15.7130630218298
1	-5.30389799172775
1	15.7130630218298
1	-5.30389799172775
1	15.7130630218298
1	-5.30389799172775
1	15.7130630218298
1	-5.30389799172775
1	15.7130630218298
1	-5.30389799172775
1	15.7130630218298
1	0
1	0.800133974696212
1	4.18168631397469
1	-1.23261298352753
1	7.48872189475823
1	-5.30389799172775
1	15.7130630218298
1	-5.30389799172775
1	15.7130630218298
1	-5.30389799172775
1	15.7130630218298
1	-5.30389799172775
1	15.7130630218298
1	-5.30389799172775
1	15.7130630218298
1	-5.30389799172775
1	15.7130630218298
1	-5.30389799172775
1	15.7130630218298
1	-5.30389799172775
1	15.7130630218298
1	-5.30389799172775
1	15.7130630218298
1	-5.30389799172775
1	15.7130630218298
1	-5.30389799172775
1	15.7130630218298
1	-5.30389799172775
1	15.7130630218298
1	-5.30389799172775
1	15.7130630218298
1	-5.30389799172775
1	15.7130630218298
1	-5.30389799172775
1	15.7130630218298
1	-5.30389799172775
1	15.7130630218298
1	-5.30389799172775
1	15.7130630218298
1	-5.30389799172775
1	15.7130630218298
1	0
1	0.616088496965179
1	4.26581380446414
1	-1.58064346238578
1	7.83679051868531
1	-5.30389799172775
1	15.7130630218298
1	-5.30389799172775
1	15.7130630218298
1	-5.30389799172775
1	15.7130630218298
1	-5.30389799172775
1	15.7130630218298
1	-5.30389799172775
1	15.7130630218298
1	-5.30389799172775
1	15.7130630218298
1	-5.30389799172775
1	15.7130630218298
1	-5.30389799172775
1	15.7130630218298
1	-5.30389799172775
1	15.7130630218298
1	-5.30389799172775
1	15.7130630218298
1	-5.30389799172775
1	15.7130630218298
1	-5.30389799172775
1	15.7130630218298
1	-5.30389799172775
1	15.7130630218298
1	-5.30389799172775
1	15.7130630218298
1	-5.30389799172775
1	15.7130630218298
1	-5.30389799172775
1	15.7130630218298
1	-5.30389799172775
1	15.7130630218298
1	-5.30389799172775
1	15.7130630218298
1	0
1	0.561666922542769
1	4.29068999561584
1	-1.68355480169144
1	7.93971313734826
1	-5.30389799172775
1	15.7130630218298
1	-5.30389799172775
1	15.7130630218298
1	-5.30389799172775
1	15.7130630218298
1	-5.30389799172775
1	15.7130630218298
1	-5.30389799172775
1	15.7130630218298
1	-5.30389799172775
1	15.7130630218298
1	-5.30389799172775
1	15.7130630218298
1	-5.30389799172775
1	15.7130630218298
1	-5.30389799172775
1	15.7130630218298
1	-5.30389799172775
1	15.7130630218298
1	-5.30389799172775
1	15.7130630218298
1	-5.30389799172775
1	15.7130630218298
1	-5.30389799172775
1	15.7130630218298
1	-5.30389799172775
1	15.7130630218298
1	-5.30389799172775
1	15.7130630218298
1	-5.30389799172775
1	15.7130630218298
1	-5.30389799172775
1	15.7130630218298
1	-5.30389799172775
1	15.7130630218298
1	0
1	0.488303522772623
1	4.32422452627927
1	-1.82228518217918
1	8.07845872305575
1	-5.30389799172775
1	15.7130630218298
1	-5.30389799172775
1	15.7130630218298
1	-5.30389799172775
1	15.7130630218298
1	-5.30389799172775
1	15.7130630218298
1	-5.30389799172775
1	15.7130630218298
1	-5.30389799172775
1	15.7130630218298
1	-5.30389799172775
1	15.7130630218298
1	-5.30389799172775
1	15.7130630218298
1	-5.30389799172775
1	15.7130630218298
1	-5.30389799172775
1	15.7130630218298
1	-5.30389799172775
1	15.7130630218298
1	-5.30389799172775
1	15.7130630218298
1	-5.30389799172775
1	15.7130630218298
1	-5.30389799172775
1	15.7130630218298
1	-5.30389799172775
1	15.7130630218298
1	-5.30389799172775
1	15.7130630218298
1	-5.30389799172775
1	15.7130630218298
1	-5.30389799172775
1	15.7130630218298
1	0
1	0.251975445349457
1	4.43225047905418
1	-2.26918219354413
1	8.52540471552521
1	-5.30389799172775
1	15.7130630218298
1	-5.30389799172775
1	15.7130630218298
1	-5.30389799172775
1	15.7130630218298
1	-5.30389799172775
1	15.7130630218298
1	-5.30389799172775
1	15.7130630218298
1	-5.30389799172775
1	15.7130630218298
1	-5.30389799172775
1	15.7130630218298
1	-5.30389799172775
1	15.7130630218298
1	-5.30389799172775
1	15.7130630218298
1	-5.30389799172775
1	15.7130630218298
1	-5.30389799172775
1	15.7130630218298
1	-5.30389799172775
1	15.7130630218298
1	-5.30389799172775
1	15.7130630218298
1	-5.30389799172775
1	15.7130630218298
1	-5.30389799172775
1	15.7130630218298
1	-5.30389799172775
1	15.7130630218298
1	-5.30389799172775
1	15.7130630218298
1	-5.30389799172775
1	15.7130630218298
1	0
1	0.243973747236288
1	4.43590806841858
1	-2.28431342556535
1	8.54053760596983
1	-5.30389799172775
1	15.7130630218298
1	-5.30389799172775
1	15.7130630218298
1	-5.30389799172775
1	15.7130630218298
1	-5.30389799172775
1	15.7130630218298
1	-5.30389799172775
1	15.7130630218298
1	-5.30389799172775
1	15.7130630218298
1	-5.30389799172775
1	15.7130630218298
1	-5.30389799172775
1	15.7130630218298
1	-5.30389799172775
1	15.7130630218298
1	-5.30389799172775
1	15.7130630218298
1	-5.30389799172775
1	15.7130630218298
1	-5.30389799172775
1	15.7130630218298
1	-5.30389799172775
1	15.7130630218298
1	-5.30389799172775
1	15.7130630218298
1	-5.30389799172775
1	15.7130630218298
1	-5.30389799172775
1	15.7130630218298
1	-5.30389799172775
1	15.7130630218298
1	-5.30389799172775
1	15.7130630218298
1	0
1	0.234067951241446
1	4.44043602405552
1	-2.30304531165166
1	8.55927154512082
1	-5.30389799172775
1	15.7130630218298
1	-5.30389799172775
1	15.7130630218298
1	-5.30389799172775
1	15.7130630218298
1	-5.30389799172775
1	15.7130630218298
1	-5.30389799172775
1	15.7130630218298
1	-5.30389799172775
1	15.7130630218298
1	-5.30389799172775
1	15.7130630218298
1	-5.30389799172775
1	15.7130630218298
1	-5.30389799172775
1	15.7130630218298
1	-5.30389799172775
1	15.7130630218298
1	-5.30389799172775
1	15.7130630218298
1	-5.30389799172775
1	15.7130630218298
1	-5.30389799172775
1	15.7130630218298
1	-5.30389799172775
1	15.7130630218298
1	-5.30389799172775
1	15.7130630218298
1	-5.30389799172775
1	15.7130630218298
1	-5.30389799172775
1	15.7130630218298
1	-5.30389799172775
1	15.7130630218298
1	0
1	0.194854160559443
1	4.45836071225393
1	-2.37719869220279
1	8.63343305308026
1	-5.30389799172775
1	15.7130630218298
1	-5.30389799172775
1	15.7130630218298
1	-5.30389799172775
1	15.7130630218298
1	-5.30389799172775
1	15.7130630218298
1	-5.30389799172775
1	15.7130630218298
1	-5.30389799172775
1	15.7130630218298
1	-5.30389799172775
1	15.7130630218298
1	-5.30389799172775
1	15.7130630218298
1	-5.30389799172775
1	15.7130630218298
1	-5.30389799172775
1	15.7130630218298
1	-5.30389799172775
1	15.7130630218298
1	-5.30389799172775
1	15.7130630218298
1	-5.30389799172775
1	15.7130630218298
1	-5.30389799172775
1	15.7130630218298
1	-5.30389799172775
1	15.7130630218298
1	-5.30389799172775
1	15.7130630218298
1	-5.30389799172775
1	15.7130630218298
1	-5.30389799172775
1	15.7130630218298
1	0
1	0.168477949455185
1	4.47041732171903
1	-2.42707617625864
1	8.6833160038414
1	-5.30389799172775
1	15.7130630218298
1	-5.30389799172775
1	15.7130630218298
1	-5.30389799172775
1	15.7130630218298
1	-5.30389799172775
1	15.7130630218298
1	-5.30389799172775
1	15.7130630218298
1	-5.30389799172775
1	15.7130630218298
1	-5.30389799172775
1	15.7130630218298
1	-5.30389799172775
1	15.7130630218298
1	-5.30389799172775
1	15.7130630218298
1	-5.30389799172775
1	15.7130630218298
1	-5.30389799172775
1	15.7130630218298
1	-5.30389799172775
1	15.7130630218298
1	-5.30389799172775
1	15.7130630218298
1	-5.30389799172775
1	15.7130630218298
1	-5.30389799172775
1	15.7130630218298
1	-5.30389799172775
1	15.7130630218298
1	-5.30389799172775
1	15.7130630218298
1	-5.30389799172775
1	15.7130630218298
1	0
1	0.0901832100418964
1	4.50620597584175
1	-2.57513173288531
1	8.831387787752
1	-5.30389799172775
1	15.7130630218298
1	-5.30389799172775
1	15.7130630218298
1	-5.30389799172775
1	15.7130630218298
1	-5.30389799172775
1	15.7130630218298
1	-5.30389799172775
1	15.7130630218298
1	-5.30389799172775
1	15.7130630218298
1	-5.30389799172775
1	15.7130630218298
1	-5.30389799172775
1	15.7130630218298
1	-5.30389799172775
1	15.7130630218298
1	-5.30389799172775
1	15.7130630218298
1	-5.30389799172775
1	15.7130630218298
1	-5.30389799172775
1	15.7130630218298
1	-5.30389799172775
1	15.7130630218298
1	-5.30389799172775
1	15.7130630218298
1	-5.30389799172775
1	15.7130630218298
1	-5.30389799172775
1	15.7130630218298
1	-5.30389799172775
1	15.7130630218298
1	-5.30389799172775
1	15.7130630218298
1	0
1	0.0899904355670689
1	4.50629409337116
1	-2.57549626992046
1	8.83175236474139
1	-5.30389799172775
1	15.7130630218298
1	-5.30389799172775
1	15.7130630218298
1	-5.30389799172775
1	15.7130630218298
1	-5.30389799172775
1	15.7130630218298
1	-5.30389799172775
1	15.7130630218298
1	-5.30389799172775
1	15.7130630218298
1	-5.30389799172775
1	15.7130630218298
1	-5.30389799172775
1	15.7130630218298
1	-5.30389799172775
1	15.7130630218298
1	-5.30389799172775
1	15.7130630218298
1	-5.30389799172775
1	15.7130630218298
1	-5.30389799172775
1	15.7130630218298
1	-5.30389799172775
1	15.7130630218298
1	-5.30389799172775
1	15.7130630218298
1	-5.30389799172775
1	15.7130630218298
1	-5.30389799172775
1	15.7130630218298
1	-5.30389799172775
1	15.7130630218298
1	-5.30389799172775
1	15.7130630218298
1	0
1	0.0800572016667811
1	4.5108345909198
1	-2.59428004115759
1	8.85053819472995
1	-5.30389799172775
1	15.7130630218298
1	-5.30389799172775
1	15.7130630218298
1	-5.30389799172775
1	15.7130630218298
1	-5.30389799172775
1	15.7130630218298
1	-5.30389799172775
1	15.7130630218298
1	-5.30389799172775
1	15.7130630218298
1	-5.30389799172775
1	15.7130630218298
1	-5.30389799172775
1	15.7130630218298
1	-5.30389799172775
1	15.7130630218298
1	-5.30389799172775
1	15.7130630218298
1	-5.30389799172775
1	15.7130630218298
1	-5.30389799172775
1	15.7130630218298
1	-5.30389799172775
1	15.7130630218298
1	-5.30389799172775
1	15.7130630218298
1	-5.30389799172775
1	15.7130630218298
1	-5.30389799172775
1	15.7130630218298
1	-5.30389799172775
1	15.7130630218298
1	-5.30389799172775
1	15.7130630218298
1	0
1	0.0182338527998955
1	4.53909414534051
1	-2.71118815526082
1	8.96745912227433
1	-5.30389799172775
1	15.7130630218298
1	-5.30389799172775
1	15.7130630218298
1	-5.30389799172775
1	15.7130630218298
1	-5.30389799172775
1	15.7130630218298
1	-5.30389799172775
1	15.7130630218298
1	-5.30389799172775
1	15.7130630218298
1	-5.30389799172775
1	15.7130630218298
1	-5.30389799172775
1	15.7130630218298
1	-5.30389799172775
1	15.7130630218298
1	-5.30389799172775
1	15.7130630218298
1	-5.30389799172775
1	15.7130630218298
1	-5.30389799172775
1	15.7130630218298
1	-5.30389799172775
1	15.7130630218298
1	-5.30389799172775
1	15.7130630218298
1	-5.30389799172775
1	15.7130630218298
1	-5.30389799172775
1	15.7130630218298
1	-5.30389799172775
1	15.7130630218298
1	-5.30389799172775
1	15.7130630218298
1	0
1	-0.0136740824054491
1	4.55367931498781
1	-2.77152614403294
1	9.02780372425096
1	-5.30389799172775
1	15.7130630218298
1	-5.30389799172775
1	15.7130630218298
1	-5.30389799172775
1	15.7130630218298
1	-5.30389799172775
1	15.7130630218298
1	-5.30389799172775
1	15.7130630218298
1	-5.30389799172775
1	15.7130630218298
1	-5.30389799172775
1	15.7130630218298
1	-5.30389799172775
1	15.7130630218298
1	-5.30389799172775
1	15.7130630218298
1	-5.30389799172775
1	15.7130630218298
1	-5.30389799172775
1	15.7130630218298
1	-5.30389799172775
1	15.7130630218298
1	-5.30389799172775
1	15.7130630218298
1	-5.30389799172775
1	15.7130630218298
1	-5.30389799172775
1	15.7130630218298
1	-5.30389799172775
1	15.7130630218298
1	-5.30389799172775
1	15.7130630218298
1	-5.30389799172775
1	15.7130630218298
1	0
1	-0.0203724381200021
1	4.55674114439877
1	-2.78419275217588
1	9.04047172068794
1	-5.30389799172775
1	15.7130630218298
1	-5.30389799172775
1	15.7130630218298
1	-5.30389799172775
1	15.7130630218298
1	-5.30389799172775
1	15.7130630218298
1	-5.30389799172775
1	15.7130630218298
1	-5.30389799172775
1	15.7130630218298
1	-5.30389799172775
1	15.7130630218298
1	-5.30389799172775
1	15.7130630218298
1	-5.30389799172775
1	15.7130630218298
1	-5.30389799172775
1	15.7130630218298
1	-5.30389799172775
1	15.7130630218298
1	-5.30389799172775
1	15.7130630218298
1	-5.30389799172775
1	15.7130630218298
1	-5.30389799172775
1	15.7130630218298
1	-5.30389799172775
1	15.7130630218298
1	-5.30389799172775
1	15.7130630218298
1	-5.30389799172775
1	15.7130630218298
1	-5.30389799172775
1	15.7130630218298
1	0
1	-0.133011479056719
1	4.6082286352188
1	-2.99719347264253
1	9.25349578660172
1	-5.30389799172775
1	15.7130630218298
1	-5.30389799172775
1	15.7130630218298
1	-5.30389799172775
1	15.7130630218298
1	-5.30389799172775
1	15.7130630218298
1	-5.30389799172775
1	15.7130630218298
1	-5.30389799172775
1	15.7130630218298
1	-5.30389799172775
1	15.7130630218298
1	-5.30389799172775
1	15.7130630218298
1	-5.30389799172775
1	15.7130630218298
1	-5.30389799172775
1	15.7130630218298
1	-5.30389799172775
1	15.7130630218298
1	-5.30389799172775
1	15.7130630218298
1	-5.30389799172775
1	15.7130630218298
1	-5.30389799172775
1	15.7130630218298
1	-5.30389799172775
1	15.7130630218298
1	-5.30389799172775
1	15.7130630218298
1	-5.30389799172775
1	15.7130630218298
1	-5.30389799172775
1	15.7130630218298
1	0
1	-0.205229985095958
1	4.64123983307533
1	-3.13375885609626
1	9.39007613798575
1	-5.30389799172775
1	15.7130630218298
1	-5.30389799172775
1	15.7130630218298
1	-5.30389799172775
1	15.7130630218298
1	-5.30389799172775
1	15.7130630218298
1	-5.30389799172775
1	15.7130630218298
1	-5.30389799172775
1	15.7130630218298
1	-5.30389799172775
1	15.7130630218298
1	-5.30389799172775
1	15.7130630218298
1	-5.30389799172775
1	15.7130630218298
1	-5.30389799172775
1	15.7130630218298
1	-5.30389799172775
1	15.7130630218298
1	-5.30389799172775
1	15.7130630218298
1	-5.30389799172775
1	15.7130630218298
1	-5.30389799172775
1	15.7130630218298
1	-5.30389799172775
1	15.7130630218298
1	-5.30389799172775
1	15.7130630218298
1	-5.30389799172775
1	15.7130630218298
1	-5.30389799172775
1	15.7130630218298
1	0
1	-0.30961557541259
1	4.68895465804611
1	-3.33115227989389
1	9.58749119662916
1	-5.30389799172775
1	15.7130630218298
1	-5.30389799172775
1	15.7130630218298
1	-5.30389799172775
1	15.7130630218298
1	-5.30389799172775
1	15.7130630218298
1	-5.30389799172775
1	15.7130630218298
1	-5.30389799172775
1	15.7130630218298
1	-5.30389799172775
1	15.7130630218298
1	-5.30389799172775
1	15.7130630218298
1	-5.30389799172775
1	15.7130630218298
1	-5.30389799172775
1	15.7130630218298
1	-5.30389799172775
1	15.7130630218298
1	-5.30389799172775
1	15.7130630218298
1	-5.30389799172775
1	15.7130630218298
1	-5.30389799172775
1	15.7130630218298
1	-5.30389799172775
1	15.7130630218298
1	-5.30389799172775
1	15.7130630218298
1	-5.30389799172775
1	15.7130630218298
1	-5.30389799172775
1	15.7130630218298
1	0
1	-0.338738862428968
1	4.70226696042754
1	-3.38622449167107
1	9.64256944446765
1	-5.30389799172775
1	15.7130630218298
1	-5.30389799172775
1	15.7130630218298
1	-5.30389799172775
1	15.7130630218298
1	-5.30389799172775
1	15.7130630218298
1	-5.30389799172775
1	15.7130630218298
1	-5.30389799172775
1	15.7130630218298
1	-5.30389799172775
1	15.7130630218298
1	-5.30389799172775
1	15.7130630218298
1	-5.30389799172775
1	15.7130630218298
1	-5.30389799172775
1	15.7130630218298
1	-5.30389799172775
1	15.7130630218298
1	-5.30389799172775
1	15.7130630218298
1	-5.30389799172775
1	15.7130630218298
1	-5.30389799172775
1	15.7130630218298
1	-5.30389799172775
1	15.7130630218298
1	-5.30389799172775
1	15.7130630218298
1	-5.30389799172775
1	15.7130630218298
1	-5.30389799172775
1	15.7130630218298
1	0
1	-0.351794386346384
1	4.70823466187687
1	-3.41091252148164
1	9.66726018015214
1	-5.30389799172775
1	15.7130630218298
1	-5.30389799172775
1	15.7130630218298
1	-5.30389799172775
1	15.7130630218298
1	-5.30389799172775
1	15.7130630218298
1	-5.30389799172775
1	15.7130630218298
1	-5.30389799172775
1	15.7130630218298
1	-5.30389799172775
1	15.7130630218298
1	-5.30389799172775
1	15.7130630218298
1	-5.30389799172775
1	15.7130630218298
1	-5.30389799172775
1	15.7130630218298
1	-5.30389799172775
1	15.7130630218298
1	-5.30389799172775
1	15.7130630218298
1	-5.30389799172775
1	15.7130630218298
1	-5.30389799172775
1	15.7130630218298
1	-5.30389799172775
1	15.7130630218298
1	-5.30389799172775
1	15.7130630218298
1	-5.30389799172775
1	15.7130630218298
1	-5.30389799172775
1	15.7130630218298
1	0
1	-0.45727159537686
1	4.75644846755665
1	-3.61037019911692
1	9.86673971888093
1	-5.30389799172775
1	15.7130630218298
1	-5.30389799172775
1	15.7130630218298
1	-5.30389799172775
1	15.7130630218298
1	-5.30389799172775
1	15.7130630218298
1	-5.30389799172775
1	15.7130630218298
1	-5.30389799172775
1	15.7130630218298
1	-5.30389799172775
1	15.7130630218298
1	-5.30389799172775
1	15.7130630218298
1	-5.30389799172775
1	15.7130630218298
1	-5.30389799172775
1	15.7130630218298
1	-5.30389799172775
1	15.7130630218298
1	-5.30389799172775
1	15.7130630218298
1	-5.30389799172775
1	15.7130630218298
1	-5.30389799172775
1	15.7130630218298
1	-5.30389799172775
1	15.7130630218298
1	-5.30389799172775
1	15.7130630218298
1	-5.30389799172775
1	15.7130630218298
1	-5.30389799172775
1	15.7130630218298
1	0
1	-0.502645731424187
1	4.77718905975075
1	-3.69617280883607
1	9.95255173279498
1	-5.30389799172775
1	15.7130630218298
1	-5.30389799172775
1	15.7130630218298
1	-5.30389799172775
1	15.7130630218298
1	-5.30389799172775
1	15.7130630218298
1	-5.30389799172775
1	15.7130630218298
1	-5.30389799172775
1	15.7130630218298
1	-5.30389799172775
1	15.7130630218298
1	-5.30389799172775
1	15.7130630218298
1	-5.30389799172775
1	15.7130630218298
1	-5.30389799172775
1	15.7130630218298
1	-5.30389799172775
1	15.7130630218298
1	-5.30389799172775
1	15.7130630218298
1	-5.30389799172775
1	15.7130630218298
1	-5.30389799172775
1	15.7130630218298
1	-5.30389799172775
1	15.7130630218298
1	-5.30389799172775
1	15.7130630218298
1	-5.30389799172775
1	15.7130630218298
1	-5.30389799172775
1	15.7130630218298
1	0
1	-0.598762952320674
1	4.82112439946423
1	-3.87793072447481
1	10.1343295695861
1	-5.30389799172775
1	15.7130630218298
1	-5.30389799172775
1	15.7130630218298
1	-5.30389799172775
1	15.7130630218298
1	-5.30389799172775
1	15.7130630218298
1	-5.30389799172775
1	15.7130630218298
1	-5.30389799172775
1	15.7130630218298
1	-5.30389799172775
1	15.7130630218298
1	-5.30389799172775
1	15.7130630218298
1	-5.30389799172775
1	15.7130630218298
1	-5.30389799172775
1	15.7130630218298
1	-5.30389799172775
1	15.7130630218298
1	-5.30389799172775
1	15.7130630218298
1	-5.30389799172775
1	15.7130630218298
1	-5.30389799172775
1	15.7130630218298
1	-5.30389799172775
1	15.7130630218298
1	-5.30389799172775
1	15.7130630218298
1	-5.30389799172775
1	15.7130630218298
1	-5.30389799172775
1	15.7130630218298
1	0
1	-0.600363207565017
1	4.82185587876765
1	-3.88095681131948
1	10.137355988098
1	-5.30389799172775
1	15.7130630218298
1	-5.30389799172775
1	15.7130630218298
1	-5.30389799172775
1	15.7130630218298
1	-5.30389799172775
1	15.7130630218298
1	-5.30389799172775
1	15.7130630218298
1	-5.30389799172775
1	15.7130630218298
1	-5.30389799172775
1	15.7130630218298
1	-5.30389799172775
1	15.7130630218298
1	-5.30389799172775
1	15.7130630218298
1	-5.30389799172775
1	15.7130630218298
1	-5.30389799172775
1	15.7130630218298
1	-5.30389799172775
1	15.7130630218298
1	-5.30389799172775
1	15.7130630218298
1	-5.30389799172775
1	15.7130630218298
1	-5.30389799172775
1	15.7130630218298
1	-5.30389799172775
1	15.7130630218298
1	-5.30389799172775
1	15.7130630218298
1	-5.30389799172775
1	15.7130630218298
1	0
1	-0.619247386382074
1	4.83048786795543
1	-3.91666684276155
1	10.1730699334547
1	-5.30389799172775
1	15.7130630218298
1	-5.30389799172775
1	15.7130630218298
1	-5.30389799172775
1	15.7130630218298
1	-5.30389799172775
1	15.7130630218298
1	-5.30389799172775
1	15.7130630218298
1	-5.30389799172775
1	15.7130630218298
1	-5.30389799172775
1	15.7130630218298
1	-5.30389799172775
1	15.7130630218298
1	-5.30389799172775
1	15.7130630218298
1	-5.30389799172775
1	15.7130630218298
1	-5.30389799172775
1	15.7130630218298
1	-5.30389799172775
1	15.7130630218298
1	-5.30389799172775
1	15.7130630218298
1	-5.30389799172775
1	15.7130630218298
1	-5.30389799172775
1	15.7130630218298
1	-5.30389799172775
1	15.7130630218298
1	-5.30389799172775
1	15.7130630218298
1	-5.30389799172775
1	15.7130630218298
1	0
1	-0.633000829479772
1	4.83677458940962
1	-3.94267463956402
1	10.1990805807811
1	-5.30389799172775
1	15.7130630218298
1	-5.30389799172775
1	15.7130630218298
1	-5.30389799172775
1	15.7130630218298
1	-5.30389799172775
1	15.7130630218298
1	-5.30389799172775
1	15.7130630218298
1	-5.30389799172775
1	15.7130630218298
1	-5.30389799172775
1	15.7130630218298
1	-5.30389799172775
1	15.7130630218298
1	-5.30389799172775
1	15.7130630218298
1	-5.30389799172775
1	15.7130630218298
1	-5.30389799172775
1	15.7130630218298
1	-5.30389799172775
1	15.7130630218298
1	-5.30389799172775
1	15.7130630218298
1	-5.30389799172775
1	15.7130630218298
1	-5.30389799172775
1	15.7130630218298
1	-5.30389799172775
1	15.7130630218298
1	-5.30389799172775
1	15.7130630218298
1	-5.30389799172775
1	15.7130630218298
1	0
1	-0.669837929043934
1	4.85361288819016
1	-4.01233369100673
1	10.2687472670417
1	-5.30389799172775
1	15.7130630218298
1	-5.30389799172775
1	15.7130630218298
1	-5.30389799172775
1	15.7130630218298
1	-5.30389799172775
1	15.7130630218298
1	-5.30389799172775
1	15.7130630218298
1	-5.30389799172775
1	15.7130630218298
1	-5.30389799172775
1	15.7130630218298
1	-5.30389799172775
1	15.7130630218298
1	-5.30389799172775
1	15.7130630218298
1	-5.30389799172775
1	15.7130630218298
1	-5.30389799172775
1	15.7130630218298
1	-5.30389799172775
1	15.7130630218298
1	-5.30389799172775
1	15.7130630218298
1	-5.30389799172775
1	15.7130630218298
1	-5.30389799172775
1	15.7130630218298
1	-5.30389799172775
1	15.7130630218298
1	-5.30389799172775
1	15.7130630218298
1	-5.30389799172775
1	15.7130630218298
1	0
1	-0.670884336552621
1	4.85409120278295
1	-4.01431245033741
1	10.2707262432496
1	-5.30389799172775
1	15.7130630218298
1	-5.30389799172775
1	15.7130630218298
1	-5.30389799172775
1	15.7130630218298
1	-5.30389799172775
1	15.7130630218298
1	-5.30389799172775
1	15.7130630218298
1	-5.30389799172775
1	15.7130630218298
1	-5.30389799172775
1	15.7130630218298
1	-5.30389799172775
1	15.7130630218298
1	-5.30389799172775
1	15.7130630218298
1	-5.30389799172775
1	15.7130630218298
1	-5.30389799172775
1	15.7130630218298
1	-5.30389799172775
1	15.7130630218298
1	-5.30389799172775
1	15.7130630218298
1	-5.30389799172775
1	15.7130630218298
1	-5.30389799172775
1	15.7130630218298
1	-5.30389799172775
1	15.7130630218298
1	-5.30389799172775
1	15.7130630218298
1	-5.30389799172775
1	15.7130630218298
1	0
1	-0.753433208007996
1	4.891824427657
1	-4.17041258176149
1	10.4268434836645
1	-5.30389799172775
1	15.7130630218298
1	-5.30389799172775
1	15.7130630218298
1	-5.30389799172775
1	15.7130630218298
1	-5.30389799172775
1	15.7130630218298
1	-5.30389799172775
1	15.7130630218298
1	-5.30389799172775
1	15.7130630218298
1	-5.30389799172775
1	15.7130630218298
1	-5.30389799172775
1	15.7130630218298
1	-5.30389799172775
1	15.7130630218298
1	-5.30389799172775
1	15.7130630218298
1	-5.30389799172775
1	15.7130630218298
1	-5.30389799172775
1	15.7130630218298
1	-5.30389799172775
1	15.7130630218298
1	-5.30389799172775
1	15.7130630218298
1	-5.30389799172775
1	15.7130630218298
1	-5.30389799172775
1	15.7130630218298
1	-5.30389799172775
1	15.7130630218298
1	-5.30389799172775
1	15.7130630218298
1	0
1	-0.816193383313651
1	4.92051220698325
1	-4.2890922371061
1	10.5455361466159
1	-5.30389799172775
1	15.7130630218298
1	-5.30389799172775
1	15.7130630218298
1	-5.30389799172775
1	15.7130630218298
1	-5.30389799172775
1	15.7130630218298
1	-5.30389799172775
1	15.7130630218298
1	-5.30389799172775
1	15.7130630218298
1	-5.30389799172775
1	15.7130630218298
1	-5.30389799172775
1	15.7130630218298
1	-5.30389799172775
1	15.7130630218298
1	-5.30389799172775
1	15.7130630218298
1	-5.30389799172775
1	15.7130630218298
1	-5.30389799172775
1	15.7130630218298
1	-5.30389799172775
1	15.7130630218298
1	-5.30389799172775
1	15.7130630218298
1	-5.30389799172775
1	15.7130630218298
1	-5.30389799172775
1	15.7130630218298
1	-5.30389799172775
1	15.7130630218298
1	-5.30389799172775
1	15.7130630218298
1	0
1	-0.855633068445987
1	4.93854015190634
1	-5.30389799172775
1	10.6201248683893
1	-5.30389799172775
1	15.7130630218298
1	-5.30389799172775
1	15.7130630218298
1	-5.30389799172775
1	15.7130630218298
1	-5.30389799172775
1	15.7130630218298
1	-5.30389799172775
1	15.7130630218298
1	-5.30389799172775
1	15.7130630218298
1	-5.30389799172775
1	15.7130630218298
1	-5.30389799172775
1	15.7130630218298
1	-5.30389799172775
1	15.7130630218298
1	-5.30389799172775
1	15.7130630218298
1	-5.30389799172775
1	15.7130630218298
1	-5.30389799172775
1	15.7130630218298
1	-5.30389799172775
1	15.7130630218298
1	-5.30389799172775
1	15.7130630218298
1	-5.30389799172775
1	15.7130630218298
1	-5.30389799172775
1	15.7130630218298
1	-5.30389799172775
1	15.7130630218298
1	-5.30389799172775
1	15.7130630218298
1	0
1	-1.02991266554712
1	5.01820364230222
1	-5.30389799172775
1	10.9497241624845
1	-5.30389799172775
1	15.7130630218298
1	-5.30389799172775
1	15.7130630218298
1	-5.30389799172775
1	15.7130630218298
1	-5.30389799172775
1	15.7130630218298
1	-5.30389799172775
1	15.7130630218298
1	-5.30389799172775
1	15.7130630218298
1	-5.30389799172775
1	15.7130630218298
1	-5.30389799172775
1	15.7130630218298
1	-5.30389799172775
1	15.7130630218298
1	-5.30389799172775
1	15.7130630218298
1	-5.30389799172775
1	15.7130630218298
1	-5.30389799172775
1	15.7130630218298
1	-5.30389799172775
1	15.7130630218298
1	-5.30389799172775
1	15.7130630218298
1	-5.30389799172775
1	15.7130630218298
1	-5.30389799172775
1	15.7130630218298
1	-5.30389799172775
1	15.7130630218298
1	-5.30389799172775
1	15.7130630218298
1	0
1	-1.15940136012387
1	5.07739313750632
1	-5.30389799172775
1	11.1946144596604
1	-5.30389799172775
1	15.7130630218298
1	-5.30389799172775
1	15.7130630218298
1	-5.30389799172775
1	15.7130630218298
1	-5.30389799172775
1	15.7130630218298
1	-5.30389799172775
1	15.7130630218298
1	-5.30389799172775
1	15.7130630218298
1	-5.30389799172775
1	15.7130630218298
1	-5.30389799172775
1	15.7130630218298
1	-5.30389799172775
1	15.7130630218298
1	-5.30389799172775
1	15.7130630218298
1	-5.30389799172775
1	15.7130630218298
1	-5.30389799172775
1	15.7130630218298
1	-5.30389799172775
1	15.7130630218298
1	-5.30389799172775
1	15.7130630218298
1	-5.30389799172775
1	15.7130630218298
1	-5.30389799172775
1	15.7130630218298
1	-5.30389799172775
1	15.7130630218298
1	-5.30389799172775
1	15.7130630218298
1	0
1	-1.24199591853434
1	5.11514724596267
1	-5.30389799172775
1	11.3508181036957
1	-5.30389799172775
1	15.7130630218298
1	-5.30389799172775
1	15.7130630218298
1	-5.30389799172775
1	15.7130630218298
1	-5.30389799172775
1	15.7130630218298
1	-5.30389799172775
1	15.7130630218298
1	-5.30389799172775
1	15.7130630218298
1	-5.30389799172775
1	15.7130630218298
1	-5.30389799172775
1	15.7130630218298
1	-5.30389799172775
1	15.7130630218298
1	-5.30389799172775
1	15.7130630218298
1	-5.30389799172775
1	15.7130630218298
1	-5.30389799172775
1	15.7130630218298
1	-5.30389799172775
1	15.7130630218298
1	-5.30389799172775
1	15.7130630218298
1	-5.30389799172775
1	15.7130630218298
1	-5.30389799172775
1	15.7130630218298
1	-5.30389799172775
1	15.7130630218298
1	-5.30389799172775
1	15.7130630218298
1	0
1	-1.39707096860293
1	5.1860323063327
1	-5.30389799172775
1	11.6440975689031
1	-5.30389799172775
1	15.7130630218298
1	-5.30389799172775
1	15.7130630218298
1	-5.30389799172775
1	15.7130630218298
1	-5.30389799172775
1	15.7130630218298
1	-5.30389799172775
1	15.7130630218298
1	-5.30389799172775
1	15.7130630218298
1	-5.30389799172775
1	15.7130630218298
1	-5.30389799172775
1	15.7130630218298
1	-5.30389799172775
1	15.7130630218298
1	-5.30389799172775
1	15.7130630218298
1	-5.30389799172775
1	15.7130630218298
1	-5.30389799172775
1	15.7130630218298
1	-5.30389799172775
1	15.7130630218298
1	-5.30389799172775
1	15.7130630218298
1	-5.30389799172775
1	15.7130630218298
1	-5.30389799172775
1	15.7130630218298
1	-5.30389799172775
1	15.7130630218298
1	-5.30389799172775
1	15.7130630218298
1	0
1	-1.41077904191216
1	5.19229828918199
1	-5.30389799172775
1	11.6700224124377
1	-5.30389799172775
1	15.7130630218298
1	-5.30389799172775
1	15.7130630218298
1	-5.30389799172775
1	15.7130630218298
1	-5.30389799172775
1	15.7130630218298
1	-5.30389799172775
1	15.7130630218298
1	-5.30389799172775
1	15.7130630218298
1	-5.30389799172775
1	15.7130630218298
1	-5.30389799172775
1	15.7130630218298
1	-5.30389799172775
1	15.7130630218298
1	-5.30389799172775
1	15.7130630218298
1	-5.30389799172775
1	15.7130630218298
1	-5.30389799172775
1	15.7130630218298
1	-5.30389799172775
1	15.7130630218298
1	-5.30389799172775
1	15.7130630218298
1	-5.30389799172775
1	15.7130630218298
1	-5.30389799172775
1	15.7130630218298
1	-5.30389799172775
1	15.7130630218298
1	-5.30389799172775
1	15.7130630218298
1	0
1	-1.41216082021626
1	5.1929299023168
1	-5.30389799172775
1	11.6726356452039
1	-5.30389799172775
1	15.7130630218298
1	-5.30389799172775
1	15.7130630218298
1	-5.30389799172775
1	15.7130630218298
1	-5.30389799172775
1	15.7130630218298
1	-5.30389799172775
1	15.7130630218298
1	-5.30389799172775
1	15.7130630218298
1	-5.30389799172775
1	15.7130630218298
1	-5.30389799172775
1	15.7130630218298
1	-5.30389799172775
1	15.7130630218298
1	-5.30389799172775
1	15.7130630218298
1	-5.30389799172775
1	15.7130630218298
1	-5.30389799172775
1	15.7130630218298
1	-5.30389799172775
1	15.7130630218298
1	-5.30389799172775
1	15.7130630218298
1	-5.30389799172775
1	15.7130630218298
1	-5.30389799172775
1	15.7130630218298
1	-5.30389799172775
1	15.7130630218298
1	-5.30389799172775
1	15.7130630218298
1	0
1	-1.61157330232702
1	5.28408167577557
1	-5.30389799172775
1	12.049766499479
1	-5.30389799172775
1	15.7130630218298
1	-5.30389799172775
1	15.7130630218298
1	-5.30389799172775
1	15.7130630218298
1	-5.30389799172775
1	15.7130630218298
1	-5.30389799172775
1	15.7130630218298
1	-5.30389799172775
1	15.7130630218298
1	-5.30389799172775
1	15.7130630218298
1	-5.30389799172775
1	15.7130630218298
1	-5.30389799172775
1	15.7130630218298
1	-5.30389799172775
1	15.7130630218298
1	-5.30389799172775
1	15.7130630218298
1	-5.30389799172775
1	15.7130630218298
1	-5.30389799172775
1	15.7130630218298
1	-5.30389799172775
1	15.7130630218298
1	-5.30389799172775
1	15.7130630218298
1	-5.30389799172775
1	15.7130630218298
1	-5.30389799172775
1	15.7130630218298
1	-5.30389799172775
1	15.7130630218298
1	0
1	-1.67682895064477
1	5.31391013991886
1	-5.30389799172775
1	12.1731786256201
1	-5.30389799172775
1	15.7130630218298
1	-5.30389799172775
1	15.7130630218298
1	-5.30389799172775
1	15.7130630218298
1	-5.30389799172775
1	15.7130630218298
1	-5.30389799172775
1	15.7130630218298
1	-5.30389799172775
1	15.7130630218298
1	-5.30389799172775
1	15.7130630218298
1	-5.30389799172775
1	15.7130630218298
1	-5.30389799172775
1	15.7130630218298
1	-5.30389799172775
1	15.7130630218298
1	-5.30389799172775
1	15.7130630218298
1	-5.30389799172775
1	15.7130630218298
1	-5.30389799172775
1	15.7130630218298
1	-5.30389799172775
1	15.7130630218298
1	-5.30389799172775
1	15.7130630218298
1	-5.30389799172775
1	15.7130630218298
1	-5.30389799172775
1	15.7130630218298
1	-5.30389799172775
1	15.7130630218298
1	0
1	-1.71705292302072
1	5.33229658383057
1	-5.30389799172775
1	12.2492505991691
1	-5.30389799172775
1	15.7130630218298
1	-5.30389799172775
1	15.7130630218298
1	-5.30389799172775
1	15.7130630218298
1	-5.30389799172775
1	15.7130630218298
1	-5.30389799172775
1	15.7130630218298
1	-5.30389799172775
1	15.7130630218298
1	-5.30389799172775
1	15.7130630218298
1	-5.30389799172775
1	15.7130630218298
1	-5.30389799172775
1	15.7130630218298
1	-5.30389799172775
1	15.7130630218298
1	-5.30389799172775
1	15.7130630218298
1	-5.30389799172775
1	15.7130630218298
1	-5.30389799172775
1	15.7130630218298
1	-5.30389799172775
1	15.7130630218298
1	-5.30389799172775
1	15.7130630218298
1	-5.30389799172775
1	15.7130630218298
1	-5.30389799172775
1	15.7130630218298
1	-5.30389799172775
1	15.7130630218298
1	0
1	-1.71969355362354
1	5.333503620421
1	-5.30389799172775
1	12.254244585827
1	-5.30389799172775
1	15.7130630218298
1	-5.30389799172775
1	15.7130630218298
1	-5.30389799172775
1	15.7130630218298
1	-5.30389799172775
1	15.7130630218298
1	-5.30389799172775
1	15.7130630218298
1	-5.30389799172775
1	15.7130630218298
1	-5.30389799172775
1	15.7130630218298
1	-5.30389799172775
1	15.7130630218298
1	-5.30389799172775
1	15.7130630218298
1	-5.30389799172775
1	15.7130630218298
1	-5.30389799172775
1	15.7130630218298
1	-5.30389799172775
1	15.7130630218298
1	-5.30389799172775
1	15.7130630218298
1	-5.30389799172775
1	15.7130630218298
1	-5.30389799172775
1	15.7130630218298
1	-5.30389799172775
1	15.7130630218298
1	-5.30389799172775
1	15.7130630218298
1	-5.30389799172775
1	15.7130630218298
1	0
1	-1.78582416592695
1	5.36373203204081
1	-5.30389799172775
1	12.3793114524931
1	-5.30389799172775
1	15.7130630218298
1	-5.30389799172775
1	15.7130630218298
1	-5.30389799172775
1	15.7130630218298
1	-5.30389799172775
1	15.7130630218298
1	-5.30389799172775
1	15.7130630218298
1	-5.30389799172775
1	15.7130630218298
1	-5.30389799172775
1	15.7130630218298
1	-5.30389799172775
1	15.7130630218298
1	-5.30389799172775
1	15.7130630218298
1	-5.30389799172775
1	15.7130630218298
1	-5.30389799172775
1	15.7130630218298
1	-5.30389799172775
1	15.7130630218298
1	-5.30389799172775
1	15.7130630218298
1	-5.30389799172775
1	15.7130630218298
1	-5.30389799172775
1	15.7130630218298
1	-5.30389799172775
1	15.7130630218298
1	-5.30389799172775
1	15.7130630218298
1	-5.30389799172775
1	15.7130630218298
1	0
1	-1.85818227914092
1	5.39680704456646
1	-5.30389799172775
1	12.5161558303439
1	-5.30389799172775
1	15.7130630218298
1	-5.30389799172775
1	15.7130630218298
1	-5.30389799172775
1	15.7130630218298
1	-5.30389799172775
1	15.7130630218298
1	-5.30389799172775
1	15.7130630218298
1	-5.30389799172775
1	15.7130630218298
1	-5.30389799172775
1	15.7130630218298
1	-5.30389799172775
1	15.7130630218298
1	-5.30389799172775
1	15.7130630218298
1	-5.30389799172775
1	15.7130630218298
1	-5.30389799172775
1	15.7130630218298
1	-5.30389799172775
1	15.7130630218298
1	-5.30389799172775
1	15.7130630218298
1	-5.30389799172775
1	15.7130630218298
1	-5.30389799172775
1	15.7130630218298
1	-5.30389799172775
1	15.7130630218298
1	-5.30389799172775
1	15.7130630218298
1	-5.30389799172775
1	15.7130630218298
1	0
1	-1.87036364694995
1	5.4023751678213
1	-5.30389799172775
1	12.5391933533687
1	-5.30389799172775
1	15.7130630218298
1	-5.30389799172775
1	15.7130630218298
1	-5.30389799172775
1	15.7130630218298
1	-5.30389799172775
1	15.7130630218298
1	-5.30389799172775
1	15.7130630218298
1	-5.30389799172775
1	15.7130630218298
1	-5.30389799172775
1	15.7130630218298
1	-5.30389799172775
1	15.7130630218298
1	-5.30389799172775
1	15.7130630218298
1	-5.30389799172775
1	15.7130630218298
1	-5.30389799172775
1	15.7130630218298
1	-5.30389799172775
1	15.7130630218298
1	-5.30389799172775
1	15.7130630218298
1	-5.30389799172775
1	15.7130630218298
1	-5.30389799172775
1	15.7130630218298
1	-5.30389799172775
1	15.7130630218298
1	-5.30389799172775
1	15.7130630218298
1	-5.30389799172775
1	15.7130630218298
1	0
1	-1.88049458636849
1	5.40700603688741
1	-5.30389799172775
1	12.5583530859846
1	-5.30389799172775
1	15.7130630218298
1	-5.30389799172775
1	15.7130630218298
1	-5.30389799172775
1	15.7130630218298
1	-5.30389799172775
1	15.7130630218298
1	-5.30389799172775
1	15.7130630218298
1	-5.30389799172775
1	15.7130630218298
1	-5.30389799172775
1	15.7130630218298
1	-5.30389799172775
1	15.7130630218298
1	-5.30389799172775
1	15.7130630218298
1	-5.30389799172775
1	15.7130630218298
1	-5.30389799172775
1	15.7130630218298
1	-5.30389799172775
1	15.7130630218298
1	-5.30389799172775
1	15.7130630218298
1	-5.30389799172775
1	15.7130630218298
1	-5.30389799172775
1	15.7130630218298
1	-5.30389799172775
1	15.7130630218298
1	-5.30389799172775
1	15.7130630218298
1	-5.30389799172775
1	15.7130630218298
1	0
1	-1.92626379833286
1	5.4279272189328
1	-5.30389799172775
1	12.6449122713722
1	-5.30389799172775
1	15.7130630218298
1	-5.30389799172775
1	15.7130630218298
1	-5.30389799172775
1	15.7130630218298
1	-5.30389799172775
1	15.7130630218298
1	-5.30389799172775
1	15.7130630218298
1	-5.30389799172775
1	15.7130630218298
1	-5.30389799172775
1	15.7130630218298
1	-5.30389799172775
1	15.7130630218298
1	-5.30389799172775
1	15.7130630218298
1	-5.30389799172775
1	15.7130630218298
1	-5.30389799172775
1	15.7130630218298
1	-5.30389799172775
1	15.7130630218298
1	-5.30389799172775
1	15.7130630218298
1	-5.30389799172775
1	15.7130630218298
1	-5.30389799172775
1	15.7130630218298
1	-5.30389799172775
1	15.7130630218298
1	-5.30389799172775
1	15.7130630218298
1	-5.30389799172775
1	15.7130630218298
1	0
1	-2.00121044005069
1	5.46218545209378
1	-5.30389799172775
1	12.786652099877
1	-5.30389799172775
1	15.7130630218298
1	-5.30389799172775
1	15.7130630218298
1	-5.30389799172775
1	15.7130630218298
1	-5.30389799172775
1	15.7130630218298
1	-5.30389799172775
1	15.7130630218298
1	-5.30389799172775
1	15.7130630218298
1	-5.30389799172775
1	15.7130630218298
1	-5.30389799172775
1	15.7130630218298
1	-5.30389799172775
1	15.7130630218298
1	-5.30389799172775
1	15.7130630218298
1	-5.30389799172775
1	15.7130630218298
1	-5.30389799172775
1	15.7130630218298
1	-5.30389799172775
1	15.7130630218298
1	-5.30389799172775
1	15.7130630218298
1	-5.30389799172775
1	15.7130630218298
1	-5.30389799172775
1	15.7130630218298
1	-5.30389799172775
1	15.7130630218298
1	-5.30389799172775
1	15.7130630218298
1	0
1	-2.07507095662004
1	5.49594721566352
1	-5.30389799172775
1	12.9263378377814
1	-5.30389799172775
1	15.7130630218298
1	-5.30389799172775
1	15.7130630218298
1	-5.30389799172775
1	15.7130630218298
1	-5.30389799172775
1	15.7130630218298
1	-5.30389799172775
1	15.7130630218298
1	-5.30389799172775
1	15.7130630218298
1	-5.30389799172775
1	15.7130630218298
1	-5.30389799172775
1	15.7130630218298
1	-5.30389799172775
1	15.7130630218298
1	-5.30389799172775
1	15.7130630218298
1	-5.30389799172775
1	15.7130630218298
1	-5.30389799172775
1	15.7130630218298
1	-5.30389799172775
1	15.7130630218298
1	-5.30389799172775
1	15.7130630218298
1	-5.30389799172775
1	15.7130630218298
1	-5.30389799172775
1	15.7130630218298
1	-5.30389799172775
1	15.7130630218298
1	-5.30389799172775
1	15.7130630218298
1	0
1	-2.11228485013807
1	5.51295774757992
1	-5.30389799172775
1	12.9967171204863
1	-5.30389799172775
1	15.7130630218298
1	-5.30389799172775
1	15.7130630218298
1	-5.30389799172775
1	15.7130630218298
1	-5.30389799172775
1	15.7130630218298
1	-5.30389799172775
1	15.7130630218298
1	-5.30389799172775
1	15.7130630218298
1	-5.30389799172775
1	15.7130630218298
1	-5.30389799172775
1	15.7130630218298
1	-5.30389799172775
1	15.7130630218298
1	-5.30389799172775
1	15.7130630218298
1	-5.30389799172775
1	15.7130630218298
1	-5.30389799172775
1	15.7130630218298
1	-5.30389799172775
1	15.7130630218298
1	-5.30389799172775
1	15.7130630218298
1	-5.30389799172775
1	15.7130630218298
1	-5.30389799172775
1	15.7130630218298
1	-5.30389799172775
1	15.7130630218298
1	-5.30389799172775
1	15.7130630218298
1	0
1	-2.11679974999886
1	5.51502151572996
1	-5.30389799172775
1	13.005255743663
1	-5.30389799172775
1	15.7130630218298
1	-5.30389799172775
1	15.7130630218298
1	-5.30389799172775
1	15.7130630218298
1	-5.30389799172775
1	15.7130630218298
1	-5.30389799172775
1	15.7130630218298
1	-5.30389799172775
1	15.7130630218298
1	-5.30389799172775
1	15.7130630218298
1	-5.30389799172775
1	15.7130630218298
1	-5.30389799172775
1	15.7130630218298
1	-5.30389799172775
1	15.7130630218298
1	-5.30389799172775
1	15.7130630218298
1	-5.30389799172775
1	15.7130630218298
1	-5.30389799172775
1	15.7130630218298
1	-5.30389799172775
1	15.7130630218298
1	-5.30389799172775
1	15.7130630218298
1	-5.30389799172775
1	15.7130630218298
1	-5.30389799172775
1	15.7130630218298
1	-5.30389799172775
1	15.7130630218298
1	0
1	-2.15463681908997
1	5.53231690222548
1	-5.30389799172775
1	13.0768135821622
1	-5.30389799172775
1	15.7130630218298
1	-5.30389799172775
1	15.7130630218298
1	-5.30389799172775
1	15.7130630218298
1	-5.30389799172775
1	15.7130630218298
1	-5.30389799172775
1	15.7130630218298
1	-5.30389799172775
1	15.7130630218298
1	-5.30389799172775
1	15.7130630218298
1	-5.30389799172775
1	15.7130630218298
1	-5.30389799172775
1	15.7130630218298
1	-5.30389799172775
1	15.7130630218298
1	-5.30389799172775
1	15.7130630218298
1	-5.30389799172775
1	15.7130630218298
1	-5.30389799172775
1	15.7130630218298
1	-5.30389799172775
1	15.7130630218298
1	-5.30389799172775
1	15.7130630218298
1	-5.30389799172775
1	15.7130630218298
1	-5.30389799172775
1	15.7130630218298
1	-5.30389799172775
1	15.7130630218298
1	0
1	-2.21493339962176
1	5.55987856832981
1	-5.30389799172775
1	13.1908470703627
1	-5.30389799172775
1	15.7130630218298
1	-5.30389799172775
1	15.7130630218298
1	-5.30389799172775
1	15.7130630218298
1	-5.30389799172775
1	15.7130630218298
1	-5.30389799172775
1	15.7130630218298
1	-5.30389799172775
1	15.7130630218298
1	-5.30389799172775
1	15.7130630218298
1	-5.30389799172775
1	15.7130630218298
1	-5.30389799172775
1	15.7130630218298
1	-5.30389799172775
1	15.7130630218298
1	-5.30389799172775
1	15.7130630218298
1	-5.30389799172775
1	15.7130630218298
1	-5.30389799172775
1	15.7130630218298
1	-5.30389799172775
1	15.7130630218298
1	-5.30389799172775
1	15.7130630218298
1	-5.30389799172775
1	15.7130630218298
1	-5.30389799172775
1	15.7130630218298
1	-5.30389799172775
1	15.7130630218298
1	0
1	-2.28081061075022
1	5.58999114985588
1	-5.30389799172775
1	13.3154347022259
1	-5.30389799172775
1	15.7130630218298
1	-5.30389799172775
1	15.7130630218298
1	-5.30389799172775
1	15.7130630218298
1	-5.30389799172775
1	15.7130630218298
1	-5.30389799172775
1	15.7130630218298
1	-5.30389799172775
1	15.7130630218298
1	-5.30389799172775
1	15.7130630218298
1	-5.30389799172775
1	15.7130630218298
1	-5.30389799172775
1	15.7130630218298
1	-5.30389799172775
1	15.7130630218298
1	-5.30389799172775
1	15.7130630218298
1	-5.30389799172775
1	15.7130630218298
1	-5.30389799172775
1	15.7130630218298
1	-5.30389799172775
1	15.7130630218298
1	-5.30389799172775
1	15.7130630218298
1	-5.30389799172775
1	15.7130630218298
1	-5.30389799172775
1	15.7130630218298
1	-5.30389799172775
1	15.7130630218298
1	0
1	-2.34080143367635
1	5.61741305365592
1	-5.30389799172775
1	13.4288899386249
1	-5.30389799172775
1	15.7130630218298
1	-5.30389799172775
1	15.7130630218298
1	-5.30389799172775
1	15.7130630218298
1	-5.30389799172775
1	15.7130630218298
1	-5.30389799172775
1	15.7130630218298
1	-5.30389799172775
1	15.7130630218298
1	-5.30389799172775
1	15.7130630218298
1	-5.30389799172775
1	15.7130630218298
1	-5.30389799172775
1	15.7130630218298
1	-5.30389799172775
1	15.7130630218298
1	-5.30389799172775
1	15.7130630218298
1	-5.30389799172775
1	15.7130630218298
1	-5.30389799172775
1	15.7130630218298
1	-5.30389799172775
1	15.7130630218298
1	-5.30389799172775
1	15.7130630218298
1	-5.30389799172775
1	15.7130630218298
1	-5.30389799172775
1	15.7130630218298
1	-5.30389799172775
1	15.7130630218298
1	0
1	-2.48471545294622
1	5.68319638849623
1	-5.30389799172775
1	13.7010615522317
1	-5.30389799172775
1	15.7130630218298
1	-5.30389799172775
1	15.7130630218298
1	-5.30389799172775
1	15.7130630218298
1	-5.30389799172775
1	15.7130630218298
1	-5.30389799172775
1	15.7130630218298
1	-5.30389799172775
1	15.7130630218298
1	-5.30389799172775
1	15.7130630218298
1	-5.30389799172775
1	15.7130630218298
1	-5.30389799172775
1	15.7130630218298
1	-5.30389799172775
1	15.7130630218298
1	-5.30389799172775
1	15.7130630218298
1	-5.30389799172775
1	15.7130630218298
1	-5.30389799172775
1	15.7130630218298
1	-5.30389799172775
1	15.7130630218298
1	-5.30389799172775
1	15.7130630218298
1	-5.30389799172775
1	15.7130630218298
1	-5.30389799172775
1	15.7130630218298
1	-5.30389799172775
1	15.7130630218298
1	0
1	-2.52619401681637
1	5.70215630824282
1	-5.30389799172775
1	13.7795062215968
1	-5.30389799172775
1	15.7130630218298
1	-5.30389799172775
1	15.7130630218298
1	-5.30389799172775
1	15.7130630218298
1	-5.30389799172775
1	15.7130630218298
1	-5.30389799172775
1	15.7130630218298
1	-5.30389799172775
1	15.7130630218298
1	-5.30389799172775
1	15.7130630218298
1	-5.30389799172775
1	15.7130630218298
1	-5.30389799172775
1	15.7130630218298
1	-5.30389799172775
1	15.7130630218298
1	-5.30389799172775
1	15.7130630218298
1	-5.30389799172775
1	15.7130630218298
1	-5.30389799172775
1	15.7130630218298
1	-5.30389799172775
1	15.7130630218298
1	-5.30389799172775
1	15.7130630218298
1	-5.30389799172775
1	15.7130630218298
1	-5.30389799172775
1	15.7130630218298
1	-5.30389799172775
1	15.7130630218298
1	0
1	-2.54306898394387
1	5.70986988346363
1	-5.30389799172775
1	13.8114203259763
1	-5.30389799172775
1	15.7130630218298
1	-5.30389799172775
1	15.7130630218298
1	-5.30389799172775
1	15.7130630218298
1	-5.30389799172775
1	15.7130630218298
1	-5.30389799172775
1	15.7130630218298
1	-5.30389799172775
1	15.7130630218298
1	-5.30389799172775
1	15.7130630218298
1	-5.30389799172775
1	15.7130630218298
1	-5.30389799172775
1	15.7130630218298
1	-5.30389799172775
1	15.7130630218298
1	-5.30389799172775
1	15.7130630218298
1	-5.30389799172775
1	15.7130630218298
1	-5.30389799172775
1	15.7130630218298
1	-5.30389799172775
1	15.7130630218298
1	-5.30389799172775
1	15.7130630218298
1	-5.30389799172775
1	15.7130630218298
1	-5.30389799172775
1	15.7130630218298
1	-5.30389799172775
1	15.7130630218298
1	0
1	-2.62133279961094
1	5.7456444022911
1	-5.30389799172775
1	13.9594336265928
1	-5.30389799172775
1	15.7130630218298
1	-5.30389799172775
1	15.7130630218298
1	-5.30389799172775
1	15.7130630218298
1	-5.30389799172775
1	15.7130630218298
1	-5.30389799172775
1	15.7130630218298
1	-5.30389799172775
1	15.7130630218298
1	-5.30389799172775
1	15.7130630218298
1	-5.30389799172775
1	15.7130630218298
1	-5.30389799172775
1	15.7130630218298
1	-5.30389799172775
1	15.7130630218298
1	-5.30389799172775
1	15.7130630218298
1	-5.30389799172775
1	15.7130630218298
1	-5.30389799172775
1	15.7130630218298
1	-5.30389799172775
1	15.7130630218298
1	-5.30389799172775
1	15.7130630218298
1	-5.30389799172775
1	15.7130630218298
1	-5.30389799172775
1	15.7130630218298
1	-5.30389799172775
1	15.7130630218298
1	0
1	-2.73724473085452
1	5.79862793665188
1	-5.30389799172775
1	14.1786474149569
1	-5.30389799172775
1	15.7130630218298
1	-5.30389799172775
1	15.7130630218298
1	-5.30389799172775
1	15.7130630218298
1	-5.30389799172775
1	15.7130630218298
1	-5.30389799172775
1	15.7130630218298
1	-5.30389799172775
1	15.7130630218298
1	-5.30389799172775
1	15.7130630218298
1	-5.30389799172775
1	15.7130630218298
1	-5.30389799172775
1	15.7130630218298
1	-5.30389799172775
1	15.7130630218298
1	-5.30389799172775
1	15.7130630218298
1	-5.30389799172775
1	15.7130630218298
1	-5.30389799172775
1	15.7130630218298
1	-5.30389799172775
1	15.7130630218298
1	-5.30389799172775
1	15.7130630218298
1	-5.30389799172775
1	15.7130630218298
1	-5.30389799172775
1	15.7130630218298
1	-5.30389799172775
1	15.7130630218298
1	0
1	-2.7494590959614
1	5.80421114302582
1	-5.30389799172775
1	14.201747342797
1	-5.30389799172775
1	15.7130630218298
1	-5.30389799172775
1	15.7130630218298
1	-5.30389799172775
1	15.7130630218298
1	-5.30389799172775
1	15.7130630218298
1	-5.30389799172775
1	15.7130630218298
1	-5.30389799172775
1	15.7130630218298
1	-5.30389799172775
1	15.7130630218298
1	-5.30389799172775
1	15.7130630218298
1	-5.30389799172775
1	15.7130630218298
1	-5.30389799172775
1	15.7130630218298
1	-5.30389799172775
1	15.7130630218298
1	-5.30389799172775
1	15.7130630218298
1	-5.30389799172775
1	15.7130630218298
1	-5.30389799172775
1	15.7130630218298
1	-5.30389799172775
1	15.7130630218298
1	-5.30389799172775
1	15.7130630218298
1	-5.30389799172775
1	15.7130630218298
1	-5.30389799172775
1	15.7130630218298
1	0
1	-2.95434125121542
1	5.89786311307195
1	-5.30389799172775
1	14.5892224969037
1	-5.30389799172775
1	15.7130630218298
1	-5.30389799172775
1	15.7130630218298
1	-5.30389799172775
1	15.7130630218298
1	-5.30389799172775
1	15.7130630218298
1	-5.30389799172775
1	15.7130630218298
1	-5.30389799172775
1	15.7130630218298
1	-5.30389799172775
1	15.7130630218298
1	-5.30389799172775
1	15.7130630218298
1	-5.30389799172775
1	15.7130630218298
1	-5.30389799172775
1	15.7130630218298
1	-5.30389799172775
1	15.7130630218298
1	-5.30389799172775
1	15.7130630218298
1	-5.30389799172775
1	15.7130630218298
1	-5.30389799172775
1	15.7130630218298
1	-5.30389799172775
1	15.7130630218298
1	-5.30389799172775
1	15.7130630218298
1	-5.30389799172775
1	15.7130630218298
1	-5.30389799172775
1	15.7130630218298
1	0
1	-3.15421106665855
1	5.98922393434893
1	-5.30389799172775
1	15.7130630218298
1	-5.30389799172775
1	15.7130630218298
1	-5.30389799172775
1	15.7130630218298
1	-5.30389799172775
1	15.7130630218298
1	-5.30389799172775
1	15.7130630218298
1	-5.30389799172775
1	15.7130630218298
1	-5.30389799172775
1	15.7130630218298
1	-5.30389799172775
1	15.7130630218298
1	-5.30389799172775
1	15.7130630218298
1	-5.30389799172775
1	15.7130630218298
1	-5.30389799172775
1	15.7130630218298
1	-5.30389799172775
1	15.7130630218298
1	-5.30389799172775
1	15.7130630218298
1	-5.30389799172775
1	15.7130630218298
1	-5.30389799172775
1	15.7130630218298
1	-5.30389799172775
1	15.7130630218298
1	-5.30389799172775
1	15.7130630218298
1	-5.30389799172775
1	15.7130630218298
1	-5.30389799172775
1	15.7130630218298
1	0
1	-3.26890139173722
1	6.04164907052309
1	-5.30389799172775
1	15.7130630218298
1	-5.30389799172775
1	15.7130630218298
1	-5.30389799172775
1	15.7130630218298
1	-5.30389799172775
1	15.7130630218298
1	-5.30389799172775
1	15.7130630218298
1	-5.30389799172775
1	15.7130630218298
1	-5.30389799172775
1	15.7130630218298
1	-5.30389799172775
1	15.7130630218298
1	-5.30389799172775
1	15.7130630218298
1	-5.30389799172775
1	15.7130630218298
1	-5.30389799172775
1	15.7130630218298
1	-5.30389799172775
1	15.7130630218298
1	-5.30389799172775
1	15.7130630218298
1	-5.30389799172775
1	15.7130630218298
1	-5.30389799172775
1	15.7130630218298
1	-5.30389799172775
1	15.7130630218298
1	-5.30389799172775
1	15.7130630218298
1	-5.30389799172775
1	15.7130630218298
1	-5.30389799172775
1	15.7130630218298
1	0
1	-3.35556168521285
1	6.08126163316284
1	-5.30389799172775
1	15.7130630218298
1	-5.30389799172775
1	15.7130630218298
1	-5.30389799172775
1	15.7130630218298
1	-5.30389799172775
1	15.7130630218298
1	-5.30389799172775
1	15.7130630218298
1	-5.30389799172775
1	15.7130630218298
1	-5.30389799172775
1	15.7130630218298
1	-5.30389799172775
1	15.7130630218298
1	-5.30389799172775
1	15.7130630218298
1	-5.30389799172775
1	15.7130630218298
1	-5.30389799172775
1	15.7130630218298
1	-5.30389799172775
1	15.7130630218298
1	-5.30389799172775
1	15.7130630218298
1	-5.30389799172775
1	15.7130630218298
1	-5.30389799172775
1	15.7130630218298
1	-5.30389799172775
1	15.7130630218298
1	-5.30389799172775
1	15.7130630218298
1	-5.30389799172775
1	15.7130630218298
1	-5.30389799172775
1	15.7130630218298
1	0
1	-3.35642881278908
1	6.08165799860372
1	-5.30389799172775
1	15.7130630218298
1	-5.30389799172775
1	15.7130630218298
1	-5.30389799172775
1	15.7130630218298
1	-5.30389799172775
1	15.7130630218298
1	-5.30389799172775
1	15.7130630218298
1	-5.30389799172775
1	15.7130630218298
1	-5.30389799172775
1	15.7130630218298
1	-5.30389799172775
1	15.7130630218298
1	-5.30389799172775
1	15.7130630218298
1	-5.30389799172775
1	15.7130630218298
1	-5.30389799172775
1	15.7130630218298
1	-5.30389799172775
1	15.7130630218298
1	-5.30389799172775
1	15.7130630218298
1	-5.30389799172775
1	15.7130630218298
1	-5.30389799172775
1	15.7130630218298
1	-5.30389799172775
1	15.7130630218298
1	-5.30389799172775
1	15.7130630218298
1	-5.30389799172775
1	15.7130630218298
1	-5.30389799172775
1	15.7130630218298
1	0
1	-3.36642656316889
1	6.08622798674124
1	-5.30389799172775
1	15.7130630218298
1	-5.30389799172775
1	15.7130630218298
1	-5.30389799172775
1	15.7130630218298
1	-5.30389799172775
1	15.7130630218298
1	-5.30389799172775
1	15.7130630218298
1	-5.30389799172775
1	15.7130630218298
1	-5.30389799172775
1	15.7130630218298
1	-5.30389799172775
1	15.7130630218298
1	-5.30389799172775
1	15.7130630218298
1	-5.30389799172775
1	15.7130630218298
1	-5.30389799172775
1	15.7130630218298
1	-5.30389799172775
1	15.7130630218298
1	-5.30389799172775
1	15.7130630218298
1	-5.30389799172775
1	15.7130630218298
1	-5.30389799172775
1	15.7130630218298
1	-5.30389799172775
1	15.7130630218298
1	-5.30389799172775
1	15.7130630218298
1	-5.30389799172775
1	15.7130630218298
1	-5.30389799172775
1	15.7130630218298
