group	y
1	0
1	0.922262848298498
1	1.66339062919196
1	2.26475032357233
1	2.75749717434136
1	3.16518231404728
1	3.50568540486903
1	3.79264793771304
1	4.03653703731969
1	4.24543577195146
1	4.42563094976145
1	4.58205089404723
1	4.71859202280966
1	4.83836295557464
1	4.94386740211294
1	5.0371415661337
1	5.11985771428003
1	5.19340254145326
1	5.25893673024035
1	5.31744045001841
1	5.3697483186615
1	5.41657644471035
1	5.4585434976332
1	5.49618725724131
1	5.52997772521571
1	5.56032760863318
1	5.58760078264241
1	5.61211918876964
1	5.63416851321944
1	5.65400290599165
1	5.67184893927025
1	5.68790895688862
1	5.70236393169033
1	5.71537592129275
1	5.72709019290153
1	5.73763707277593
1	5.7471335644878
1	5.75568477134752
1	5.7633851516167
1	5.77031962989035
1	5.77656458393995
1	0
1	0.921860919188584
1	1.66268552903981
1	2.26381564040867
1	2.75638783653941
1	3.16393940704935
1	3.50433973583102
1	3.79122267441372
1	4.03504966253445
1	4.24389953156706
1	4.42405592640842
1	4.58044480366203
1	4.71696080614228
1	4.83671121788743
1	4.94219874044426
1	5.03545881324604
1	5.11816312083326
1	5.19169791234091
1	5.25722352688452
1	5.31571986735657
1	5.36802134329362
1	5.41484389899978
1	5.45680607331587
1	5.49444554118075
1	5.52823221926318
1	5.55857874504948
1	5.585848936166
1	5.61036468613982
1	5.63241164075896
1	5.65224391570098
1	5.67008805377358
1	5.68614637348713
1	5.70059982571643
1	5.71361044891197
1	5.72532349347429
1	5.73586927086505
1	5.74536477157822
1	5.75391508732994
1	5.76161466607558
1	5.76854842322832
1	5.77479272836423
1	0
1	0.909085774160742
1	1.64027422196949
1	2.23410713541046
1	2.72112800848681
1	3.12443413917236
1	3.46156822041689
1	3.74592128941199
1	3.98777409049074
1	4.1950707873326
1	4.37399448208663
1	4.52939590699693
1	4.66511328133354
1	4.78421144123152
1	4.88916104226835
1	4.98197323169529
1	5.06430119217042
1	5.1375170043354
1	5.20277009021342
1	5.26103188259708
1	5.31313016910399
1	5.35977567384794
1	5.40158278373224
1	5.43908584037225
1	5.47275205835773
1	5.50299186327189
1	5.53016724441803
1	5.55459856969108
1	5.57657020025484
1	5.5963351608695
1	5.61411906062895
1	5.63012341316332
1	5.64452847107888
1	5.65749566361578
1	5.66916970703074
1	5.67968044244989
1	5.68914444469283
1	5.69766643695751
1	5.70534053961979
1	5.71225137625268
1	5.71847505594438
1	0
1	0.893395338813072
1	1.61274865072334
1	2.19761914439866
1	2.67782188153298
1	3.07591376228699
1	3.40903623773766
1	3.69028212046474
1	3.9297102246748
1	4.13509931516153
1	4.31250900745366
1	4.46669764322394
1	4.60143414233548
1	4.7197312064012
1	4.82402013213349
1	4.91628223112147
1	4.99814796200799
1	5.07097200368876
1	5.13589036981226
1	5.19386409019291
1	5.24571281940635
1	5.29214087012768
1	5.33375752984986
1	5.37109304619974
1	5.40461131507316
1	5.43472004539358
1	5.46177898091758
1	5.48610661575844
1	5.50798573330429
1	5.52766801845034
1	5.5453779335031
1	5.5613160035386
1	5.5756616235496
1	5.588575474544
1	5.60020161674298
1	5.61066931360649
1	5.62009462942282
1	5.62858183477579
1	5.63622464770804
1	5.64310733335445
1	5.649305680872
1	0
1	0.86333165394201
1	1.56000823393413
1	2.12770626823873
1	2.59484510460631
1	2.98294621306449
1	3.30838224452932
1	3.58367459781458
1	3.81845685753701
1	4.02019087567884
1	4.19469966102352
1	4.34656453013518
1	4.47942162163239
1	4.59618374468983
1	4.6992067824007
1	4.79041487968376
1	4.87139495479451
1	4.94346834398425
1	5.00774536976268
1	5.06516712930051
1	5.11653769384472
1	5.16254909142258
1	5.20380083879334
1	5.24081533929031
1	5.27405013002031
1	5.30390771464632
1	5.33074353434142
1	5.35487249295637
1	5.37657435077962
1	5.39609822545589
1	5.41366638198774
1	5.4294774513305
1	5.44370918524514
1	5.45652083108788
1	5.46805519208192
1	5.47844042484898
1	5.48779161547294
1	5.49621216730557
1	5.50379502749833
1	5.51062377440005
1	5.51677358416296
1	0
1	0.859666647541008
1	1.55357875045754
1	2.11918332303965
1	2.5847295642168
1	2.97161271670677
1	3.29611170846639
1	3.57067827834863
1	3.80489417204314
1	4.00618260729659
1	4.18033774861604
1	4.33191933177274
1	4.46454730827736
1	4.58112230960822
1	4.68399102532824
1	4.77507063127659
1	4.85594273778333
1	4.92792461636163
1	4.99212345756355
1	5.04947792860927
1	5.10079020101195
1	5.1467508052009
1	5.18795806680388
1	5.22493343287136
1	5.25813366532234
1	5.28796063325644
1	5.31476925332698
1	5.3388739917027
1	5.36055424013174
1	5.38005880329021
1	5.39760967831153
1	5.41340526524241
1	5.42762311552056
1	5.44042230172848
1	5.45194547385112
1	5.4623206535777
1	5.47166280774103
1	5.4800752339703
1	5.4876507854391
1	5.49447295677148
1	5.50061684938942
1	0
1	0.857067878145637
1	1.54901975572224
1	2.11313990408798
1	2.57755687366578
1	2.96357640237211
1	3.28741096142911
1	3.56146289545835
1	3.79527719239179
1	3.99624967535301
1	4.17015405605459
1	4.32153476783772
1	4.45400028431755
1	4.57044260205579
1	4.67320189170039
1	4.76419038748095
1	4.84498593600303
1	4.91690292657014
1	4.98104632893721
1	5.03835308730393
1	5.08962402612712
1	5.13554861392479
1	5.17672433172151
1	5.21367194849021
1	5.24684767648252
1	5.27665293484418
1	5.30344226830398
1	5.32752983268065
1	5.34919475839911
1	5.36868562821684
1	5.3862242493276
1	5.40200885804622
1	5.41621686376597
1	5.42900721514138
1	5.44052245349983
1	5.45089050485306
1	5.46022625147579
1	5.46863291603182
1	5.47620328505724
1	5.48302079380885
1	5.48916049071919
1	0
1	0.848238420315095
1	1.53353032759649
1	2.0926070653986
1	2.55318727439907
1	2.93627259517118
1	3.25784970863125
1	3.53015313986135
1	3.7626029903483
1	3.96250200852051
1	4.13555441662882
1	4.286252657191
1	4.418166207059
1	4.53415772520422
1	4.63654523391274
1	4.72722417803165
1	4.80775961671164
1	4.87945614679484
1	4.94341119275928
1	5.0005558447506
1	5.0516863505297
1	5.09748857071421
1	5.13855711674432
1	5.17541045378821
1	5.20850292657332
1	5.23823442550304
1	5.26495823167266
1	5.28898744647022
1	5.31060031246106
1	5.33004465842222
1	5.3475416462173
1	5.36328895587343
1	5.37746351418014
1	5.39022384874023
1	5.40171213171108
1	5.41205596403508
1	5.42136994069638
1	5.42975702965982
1	5.43730979105705
1	5.44411145844145
1	5.45023690021109
1	0
1	0.842331141005268
1	1.52316724754736
1	2.07886973118287
1	2.53688298569869
1	2.91800519773261
1	3.23807198497291
1	3.50920559415881
1	3.74074257248335
1	3.93992339748225
1	4.11240580002857
1	4.26264743858862
1	4.39419169953671
1	4.50988161376015
1	4.61202038535778
1	4.70249222637238
1	4.78285364060851
1	4.85440267333907
1	4.91823170093394
1	4.97526789692991
1	5.02630444708549
1	5.07202479818095
1	5.11302164178361
1	5.14981190171921
1	5.18284867326282
1	5.21253082402479
1	5.23921078967634
1	5.26320096614697
1	5.28477900198654
1	5.30419222152742
1	5.32166135488014
1	5.33738370989189
1	5.35153589047
1	5.36427614251591
1	5.3757463911967
1	5.38607401996972
1	5.39537343160956
1	5.40374742367674
1	5.41128840482884
1	5.41807947367111
1	5.424195378151
1	0
1	0.84003254259469
1	1.51913483971962
1	2.07352435762972
1	2.53053877711693
1	2.91089711827414
1	3.23037621814329
1	3.5010546345153
1	3.73223640253209
1	3.93113776932357
1	4.10339837536932
1	4.25346234421353
1	4.38486291008985
1	4.50043546634547
1	4.60247745113182
1	4.69286870566295
1	4.77316240474816
1	4.8446540443604
1	4.90843403658571
1	4.96542803095798
1	5.01642802177117
1	5.06211651655037
1	5.10308545981564
1	5.13985117563656
1	5.17286627311018
1	5.20252922186493
1	5.22919212860664
1	5.25316711476181
1	5.27473159774124
1	5.29413270559136
1	5.31159100042204
1	5.32730364526048
1	5.34144711837638
1	5.35417955605755
1	5.36564278736396
1	5.37596411112674
1	5.38525785532927
1	5.39362675122555
1	5.40116314853264
1	5.40795009334577
1	5.41406228674346
1	0
1	0.83080217118587
1	1.50294209297856
1	2.05205919738797
1	2.50506264294958
1	2.88235354445836
1	3.19947269633356
1	3.46832321675146
1	3.69807858376943
1	3.89585774363869
1	4.06722769211328
1	4.2165782011997
1	4.34740173766718
1	4.46250302515924
1	4.56415634778891
1	4.6542239950429
1	4.73424577364378
1	4.80550694246308
1	4.86909002570635
1	4.92591455304209
1	4.97676773425723
1	5.02232830515487
1	5.06318521037325
1	5.09985236556984
1	5.13278042751999
1	5.16236626769517
1	5.18896067179069
1	5.21287465892451
1	5.23438471833336
1	5.25373718984774
1	5.27115196094525
1	5.28682561310638
1	5.30093412008382
1	5.31363517799521
1	5.32507022996787
1	5.33536623500337
1	5.34463722074967
1	5.35298565219687
1	5.36050364237739
1	5.36727402652442
1	5.37337131750729
1	0
1	0.811243713173216
1	1.46863088888746
1	2.00657614836113
1	2.45108064391965
1	2.82187187310616
1	3.1339904738976
1	3.39896782121266
1	3.6257007525334
1	3.82110204091759
1	3.9905847534471
1	4.13842349533602
1	4.26802435018376
1	4.38212705485436
1	4.48295683180685
1	4.57233877974688
1	4.65178437943363
1	4.72255719809589
1	4.78572304611784
1	4.84218848563665
1	4.89273058843122
1	4.93802009831131
1	4.97863960339281
1	5.0150979160903
1	5.04784155635731
1	5.0772640092917
1	5.10371326146753
1	5.12749799629449
1	5.14889273627871
1	5.1681421510808
1	5.18546469868372
1	5.20105572831447
1	5.21509014469245
1	5.22772471124805
1	5.23910005334646
1	5.24934240991621
1	5.25856517221721
1	5.26687024104654
1	5.27434922791981
1	5.28108452126949
1	5.28715023516392
1	0
1	0.809435602180892
1	1.46545893815203
1	2.00237139966077
1	2.44609019703624
1	2.81628055426419
1	3.12793687160893
1	3.39255615762602
1	3.6190096753445
1	3.81419113783201
1	3.98349938200337
1	4.13119836630579
1	4.26068618851694
1	4.37469657770054
1	4.47545022073743
1	4.56476877817571
1	4.64416111213836
1	4.71488878453774
1	4.77801606062372
1	4.8344483037306
1	4.88496164841391
1	4.93022609965159
1	4.97082365792129
1	5.00726266386064
1	5.03998925498849
1	5.06939660334429
1	5.09583243673316
1	5.11960522263671
1	5.14098930174371
1	5.16022918931343
1	5.17754321117704
1	5.19312660264402
1	5.20715416960538
1	5.21978258926785
1	5.23115241139735
1	5.24138980835421
1	5.25060811256647
1	5.25890917267354
1	5.26638455382755
1	5.27311660315583
1	5.27917939785895
1	0
1	0.806465564113678
1	1.46024863055945
1	1.99546459816674
1	2.437892792519
1	2.80709614585282
1	3.11799310747197
1	3.38202423507958
1	3.60801878261388
1	3.8028391548342
1	3.97186081390795
1	4.11933022969722
1	4.24863238231457
1	4.36249113229476
1	4.4631197162902
1	4.55233414726494
1	4.63163898591955
1	4.70229250019483
1	4.76535641727319
1	4.82173413131213
1	4.87220023736597
1	4.91742352679324
1	4.95798503480564
1	4.99439232709089
1	5.02709091297317
1	5.05647345025621
1	5.08288724168622
1	5.1066404000572
1	5.12800696740122
1	5.14723120535487
1	5.16453122267429
1	5.18010206754581
1	5.19411838352305
1	5.20673670618002
1	5.21809746110191
1	5.22832671130275
1	5.23753769257226
1	5.24583216787465
1	5.25330162620453
1	5.26002834684054
1	5.26608634642358
1	0
1	0.804147984477279
1	1.45618292416018
1	1.99007508391374
1	2.43149619511838
1	2.79992936972914
1	3.11023379100819
1	3.37380596693845
1	3.59944237093098
1	3.79398097725093
1	3.96277900828648
1	4.11006928720977
1	4.23922655815895
1	4.35296698105984
1	4.45349797900376
1	4.54263115803289
1	4.62186772236253
1	4.6924633695821
1	4.75547784636962
1	4.81181301029487
1	4.86224225510881
1	4.90743342515867
1	4.94796680243998
1	4.98434934793165
1	5.01702608076513
1	5.04638925747579
1	5.07278584912793
1	5.09652369174578
1	5.11787659431367
1	5.1370886205614
1	5.1543777098571
1	5.16993876437123
1	5.18394630098229
1	5.19655674474554
1	5.20791042434541
1	5.21813331747088
1	5.22733858450286
1	5.2356279215515
1	5.24309275818418
1	5.24981532073588
1	5.25586957859158
1	0
1	0.800349207665138
1	1.44951876861103
1	1.98124105661584
1	2.42101144391483
1	2.78818220793634
1	3.09751538815474
1	3.36033529004771
1	3.5853846560112
1	3.7794614159497
1	3.94789289517721
1	4.0948895483877
1	4.22380934179224
1	4.3373558131421
1	4.43772685644031
1	4.52672685428244
1	4.60585150922244
1	4.67635230575124
1	4.73928574427476
1	4.79555116372058
1	4.84591998876676
1	4.8910585115012
1	4.9315457793124
1	4.9678877619927
1	5.00052867519188
1	5.02986011772077
1	5.05622851697929
1	5.07994125533454
1	5.10127175977902
1	5.12046376965077
1	5.13773494667176
1	5.15327995367579
1	5.16727309990644
1	5.17987062926608
1	5.19121271160784
1	5.20142518476321
1	5.21062108550948
1	5.2189020003754
1	5.22635926152032
1	5.23307500849857
1	5.23912313323726
1	0
1	0.797243115287851
1	1.4440697823252
1	1.97401786183297
1	2.412438524946
1	2.77857707146642
1	3.08711611067466
1	3.349320911242
1	3.57389028208144
1	3.76758941058862
1	3.93572117655757
1	4.08247774496356
1	4.21120336344611
1	4.32459124916065
1	4.42483150459467
1	4.51372260604984
1	4.59275575761406
1	4.66317899891334
1	4.72604617601995
1	4.78225456847877
1	4.83257399094371
1	4.87766946628863
1	4.91811903241828
1	4.95442784867544
1	4.98703947373831
1	5.01634496862537
1	5.04269031620616
1	5.06638252791228
1	5.08769471839839
1	5.10687036176168
1	5.12412689270509
1	5.13965877836736
1	5.15364015821816
1	5.16622712803915
1	5.17755972781407
1	5.18776368101913
1	5.19695192336637
1	5.20522595178466
1	5.21267701878711
1	5.21938719297132
1	5.22543030293055
1	0
1	0.782681088187571
1	1.41852376619783
1	1.94015397583012
1	2.37224684253973
1	2.73354613207789
1	3.03836206794378
1	3.2976831416012
1	3.52000219237434
1	3.71193090375639
1	3.87865754970213
1	4.02428854906351
1	4.15210383387506
1	4.2647482361259
1	4.36437533000793
1	4.45275590185049
1	4.53136006596811
1	4.60141971172133
1	4.66397624109712
1	4.71991727881263
1	4.77000509138339
1	4.81489875133567
1	4.8551715638979
1	4.89132488885152
1	4.92379920485116
1	4.95298305162943
1	4.97922032800201
1	5.00281630637552
1	5.02404263709775
1	5.04314155075995
1	5.06032941775108
1	5.07579978774961
1	5.08972600428864
1	5.10226346872815
1	5.11355161219642
1	5.12371562204748
1	5.1328679601779
1	5.14110970345304
1	5.14853173098741
1	5.15521577871822
1	5.16123537831597
1	0
1	0.77771646998561
1	1.40981438694862
1	1.92860879302822
1	2.35854433006207
1	2.71819377626917
1	3.02174039801459
1	3.2800783253691
1	3.50163017663872
1	3.6929553013756
1	3.85920290107351
1	4.00445016123924
1	4.13195508684862
1	4.24434601398151
1	4.34376406327238
1	4.43197058073432
1	4.51042849056528
1	4.580364176031
1	4.64281479656811
1	4.69866468528247
1	4.74867353530986
1	4.79349839053016
1	4.83371094266491
1	4.86981125611467
1	4.90223875946455
1	4.93138113286751
1	4.95758156462473
1	4.98114473425866
1	5.00234179289236
1	5.02141454716975
1	5.03857900462421
1	5.05402840214536
1	5.0679358119084
1	5.08045639852476
1	5.09172938554623
1	5.10187977754718
1	5.11101987488673
1	5.11925061121839
1	5.12666273835422
1	5.13333787881785
1	5.13934946305017
1	0
1	0.772810867815889
1	1.40120853892491
1	1.91720085157153
1	2.34500470380954
1	2.70302391891019
1	3.00531631528515
1	3.26268278331681
1	3.4834765550331
1	3.67420526815569
1	3.8399795161844
1	3.9848475987872
1	4.11204585453524
1	4.2241863196914
1	4.32339780937219
1	4.41143234149459
1	4.4897457356112
1	4.55955893434568
1	4.62190490501695
1	4.677664728248
1	4.72759555438547
1	4.77235242277803
1	4.81250543082061
1	4.84855336293152
1	4.88093461010882
1	4.91003600314398
1	4.93620002826978
1	4.95973077917231
1	4.98089891368432
1	4.999945819542
1	5.01708714573658
1	5.03251582008702
1	5.04640464663633
1	5.05890855606172
1	5.070166566806
1	5.08030350283666
1	5.0894315048956
1	5.0976513651269
1	5.10505370955345
1	5.11172004863348
1	5.11772371278164
1	0
1	0.754906626461096
1	1.36979931030253
1	1.87556467111183
1	2.29558839814676
1	2.64765767067475
1	2.94537245293246
1	3.19919333337243
1	3.41722030117363
1	3.60577225859534
1	3.76981888945545
1	3.91330306721468
1	4.0393820533963
1	4.15060839394014
1	4.24906599184882
1	4.33647281978278
1	4.41425876708658
1	4.48362491937846
1	4.54558894377875
1	4.60102005014789
1	4.65066610827764
1	4.69517484147074
1	4.73511052822217
1	4.77096728132976
1	4.8031797048542
1	4.83213152962629
1	4.85816267950184
1	4.88157511000833
1	4.90263767859023
1	4.9215902440736
1	4.9386471468589
1	4.95400018673323
1	4.96782118912309
1	4.98026423090332
1	4.99146758191935
1	5.00155540696803
1	5.01063926422768
1	5.01881942936769
1	5.0261860693115
1	5.03282028550614
1	5.0387950432951
1	0
1	0.748600341659393
1	1.35873625897467
1	1.86089945258451
1	2.2781828409281
1	2.62815640709951
1	2.92425884858479
1	3.17683089168508
1	3.39388332763468
1	3.58166858173054
1	3.74510670616596
1	3.8881034408714
1	4.01378819461859
1	4.12469255949001
1	4.22288461941076
1	4.31007035552045
1	4.38767052394909
1	4.45687921622182
1	4.51870871037779
1	4.57402403512239
1	4.6235697914229
1	4.66799112570274
1	4.70785026690675
1	4.74363968238082
1	4.77579264233933
1	4.80469178573578
1	4.83067613389801
1	4.85404688924495
1	4.87507227508297
1	4.89399161172089
1	4.91101877864348
1	4.92634517831912
1	4.9401422914831
1	4.95256389428147
1	4.96374799288649
1	4.97381851991996
1	4.98288682836794
1	4.99105301198559
1	4.99840707599097
1	5.00502997776799
1	5.01099455407369
1	0
1	0.716175933514132
1	1.30185444934094
1	1.78549673196191
1	2.18869038871582
1	2.52788866636237
1	2.81570109289933
1	3.06185211112011
1	3.27389389190578
1	3.457737062454
1	3.61804648888521
1	3.75853698528696
1	3.88219475266108
1	3.9914436466897
1	4.08827041589346
1	4.17431938578129
1	4.25096435312686
1	4.31936344861035
1	4.38050124175902
1	4.43522126344198
1	4.48425130763127
1	4.52822327146179
1	4.56768884590675
1	4.60313203805256
1	4.63497926000649
1	4.66360753672329
1	4.68935124909083
1	4.71250772734349
1	4.73334193430182
1	4.75209042143314
1	4.76896469837701
1	4.78415412474703
1	4.79782840901341
1	4.81013978109435
1	4.8212248914595
1	4.83120647897901
1	4.84019484162188
1	4.84828913781267
1	4.85557854134468
1	4.86214326888657
1	4.86805549605497
1	0
1	0.714011245247538
1	1.29805695871766
1	1.78046276545526
1	2.18271577661543
1	2.52119468444235
1	2.80845366068939
1	3.05417600440195
1	3.26588326847438
1	3.44946326129664
1	3.60956381249321
1	3.74988698973758
1	3.87340943332726
1	3.98254780634673
1	4.07928342727781
1	4.16525650543335
1	4.24183770253006
1	4.31018274846351
1	4.37127436291101
1	4.42595464152305
1	4.47495025621863
1	4.51889221959595
1	4.55833151910194
1	4.59375159700698
1	4.6255784075638
1	4.65418860093052
1	4.6799162481943
1	4.70305842107831
1	4.72387986472957
1	4.74261694576458
1	4.75948101560948
1	4.77466129749469
1	4.78832738157212
1	4.80063139453213
1	4.81170989633622
1	4.82168554615837
1	4.83066857153355
1	4.8387580684426
1	4.84604315517206
1	4.85260399893961
1	4.85851273122345
1	0
1	0.712173553380534
1	1.29483311455446
1	1.77618922665026
1	2.17764368552738
1	2.51551189107107
1	2.8023010208685
1	3.04765944536483
1	3.25908272460084
1	3.442439295153
1	3.60236252367182
1	3.74254365688175
1	3.86595121860972
1	3.97499576585171
1	4.07165400730879
1	4.1575626578877
1	4.2340897178278
1	4.30238887890105
1	4.36344129037189
1	4.41808782947541
1	4.46705421557419
1	4.51097071034723
1	4.5503877039894
1	4.58578815927584
1	4.61759764176789
1	4.64619248344363
1	4.67190649238775
1	4.69503652086278
1	4.71584712922383
1	4.73457452716
1	4.75142993178365
1	4.76660245054398
1	4.78026157314766
1	4.79255933865075
1	4.8036322301787
1	4.81360283924819
1	4.82258133359985
1	4.83066675620356
1	4.83794817822384
1	4.84450572489748
1	4.85041149023175
1	0
1	0.706635217252898
1	1.28511726777976
1	1.76330986706796
1	2.16235769236391
1	2.49838539647252
1	2.78375852851044
1	3.02802019300094
1	3.23858761413175
1	3.42127084675798
1	3.58065966980325
1	3.72041271840237
1	3.84347405540328
1	3.95223583560336
1	4.04866087499647
1	4.13437535723752
1	4.21073926154981
1	4.27890013731877
1	4.33983440098377
1	4.39437925778553
1	4.44325755632372
1	4.48709729519784
1	4.52644706463687
1	4.5617883823391
1	4.59354564244889
1	4.62209421803055
1	4.64776712454625
1	4.67086055285984
1	4.69163850641061
1	4.71033672194843
1	4.72716601179802
1	4.74231513447341
1	4.75595327696488
1	4.768232214221
1	4.77928819780285
1	4.78924361532525
1	4.79820845432386
1	4.80628159800696
1	4.81355197552539
1	4.82009958559613
1	4.82599640929862
1	0
1	0.699758266207065
1	1.27305310246031
1	1.74731756842302
1	2.14337707720269
1	2.47711943098638
1	2.76073431884253
1	3.00363413661673
1	3.21313883888108
1	3.394985987917
1	3.55371123977492
1	3.69293273578419
1	3.81556416559927
1	3.92397483401057
1	4.02011030643975
1	4.10558368988809
1	4.18174500388453
1	4.24973417081423
1	4.31052173036841
1	4.36494032827306
1	4.41370924850196
1	4.45745367958919
1	4.49671997674637
1	4.53198786332015
1	4.56368027890662
1	4.59217140588698
1	4.61779327552415
1	4.64084125742339
1	4.66157866350169
1	4.68024064326035
1	4.69703750639935
1	4.71215757815997
1	4.72576966964962
1	4.7380252278746
1	4.74906021686261
1	4.75899677104351
1	4.76794465419252
1	4.77600255114195
1	4.78325921470428
1	4.78979448649684
1	4.79568020737664
1	0
1	0.69593374144902
1	1.26634377755137
1	1.73842366446792
1	2.13282126080627
1	2.46529264743602
1	2.74792971120137
1	2.9900721560572
1	3.19898584137398
1	3.38036801365354
1	3.53872422923102
1	3.67765010934504
1	3.80004245200289
1	3.9082578542679
1	4.00423228788564
1	4.08957158745063
1	4.16562023354039
1	4.23351390688542
1	4.29421987890172
1	4.34856825960186
1	4.39727635054042
1	4.44096777747099
1	4.48018765263005
1	4.51541470145947
1	4.5470710546277
1	4.57553023233337
1	4.60112371849009
1	4.62414642597111
1	4.64486128211248
1	4.66350310982503
1	4.6802819392807
1	4.69538585476188
1	4.70898345833373
1	4.72122601462184
1	4.73224932774602
1	4.74217539133072
1	4.75111384470973
1	4.75916326239124
1	4.76641229911949
1	4.77294070914293
1	4.77882025533573
1	0
1	0.693278070565332
1	1.26168496111349
1	1.73224792152725
1	2.12549152024215
1	2.4570803735695
1	2.73903845651198
1	2.98065499727914
1	3.18915829265242
1	3.37021759469016
1	3.52831755910782
1	3.66703816965884
1	3.78926449514011
1	3.8973443086321
1	3.99320692023019
1	4.07845311472003
1	4.15442352654587
1	4.22225089112094
1	4.28290021043855
1	4.33719983376428
1	4.38586568610184
1	4.42952030804239
1	4.46870794872618
1	4.50390664067062
1	4.53553795284155
1	4.56397494563173
1	4.58954872288673
1	4.61255388033452
1	4.63325307826613
1	4.6518809128147
1	4.66864722005367
1	4.6837399169486
1	4.69732746041
1	4.70956098842208
1	4.72057619406793
1	4.73049497319962
1	4.7394268787414
1	4.74747040859465
1	4.75471414940706
1	4.76123779475996
1	4.76711305337782
1	0
1	0.679884847669918
1	1.23818936632249
1	1.70110208103281
1	2.08852577657872
1	2.41566379026916
1	2.69419760043813
1	2.93316187328902
1	3.13959546792443
1	3.31902645331291
1	3.47583407803526
1	3.61351946203472
1	3.73490852072059
1	3.84230452558623
1	3.93760319033268
1	4.02237983227676
1	4.09795568883553
1	4.16544864143906
1	4.22581224680543
1	4.27986597430605
1	4.32831880664878
1	4.37178781167495
1	4.41081288571127
1	4.4458685666812
1	4.4773735907415
1	4.50569869936715
1	4.53117307962406
1	4.55408972779599
1	4.57470995739802
1	4.5932672208659
1	4.60997037538504
1	4.62500649409958
1	4.63854330186841
1	4.650731297991
1	4.66170561556406
1	4.6715876573487
1	4.68048654048395
1	4.6885003765236
1	4.69571740868713
1	4.70221702459609
1	4.70807065988436
1	0
1	0.678586466535317
1	1.23591162949536
1	1.69808270533548
1	2.08494220117092
1	2.41164873647392
1	2.68985058687461
1	2.92855774053519
1	3.13479069187413
1	3.31406382312733
1	3.47074616437662
1	3.60833119025952
1	3.72963908166994
1	3.8369687959775
1	3.93221278994316
1	4.01694391198722
1	4.09248151911795
1	4.1599420527736
1	4.22027796013128
1	4.27430784971753
1	4.32274003123225
1	4.36619104197118
1	4.4052003562856
1	4.44024217332204
1	4.47173495461586
1	4.50004921683885
1	4.52551396123827
1	4.54842202904273
1	4.56903460320662
1	4.58758502529207
1	4.604282057588
1	4.61931269143586
1	4.63284458072714
1	4.64502816284522
1	4.65599851659996
1	4.66587699695067
1	4.67477267879001
1	4.68278363621802
1	4.68999807916116
1	4.69649536558028
1	4.70234690463499
1	0
1	0.67436831315738
1	1.22851176589955
1	1.6882734209447
1	2.07329995660294
1	2.39860471397723
1	2.67572810045035
1	2.91359993068224
1	3.11918103629092
1	3.29794133434273
1	3.45421665727434
1	3.59147564181458
1	3.71251983868421
1	3.81963418961809
1	3.91470057029859
1	3.99928380824691
1	4.07469715143866
1	4.14205236309689
1	4.20229828574528
1	4.2562507312157
1	4.30461582275381
1	4.34800837403003
1	4.38696648849073
1	4.42196326467106
1	4.4534162719221
1	4.48169529657978
1	4.50712873620762
1	4.53000892829436
1	4.55059663163151
1	4.56912482757731
1	4.58580197012299
1	4.60081478485109
1	4.61433069509575
1	4.6264999370886
1	4.63745741327357
1	4.64732432331251
1	4.65620960484889
1	4.66421121030381
1	4.67141724144209
1	4.6779069598635
1	4.68375168871865
1	0
1	0.67234999310054
1	1.2249710475389
1	1.6835798326241
1	2.06772932566261
1	2.39236335434232
1	2.66897071278597
1	2.9064428538935
1	3.11171206157115
1	3.29022697700088
1	3.44630754806824
1	3.58341052695332
1	3.70432855013203
1	3.8113398530784
1	3.9063212485951
1	3.99083372632922
1	4.06618761118034
1	4.13349242791908
1	4.19369529429918
1	4.24761068397806
1	4.29594367401741
1	4.33930825336006
1	4.37824186949592
1	4.41321709433492
1	4.44465107033197
1	4.47291323436879
1	4.49833169515574
1	4.52119854914991
1	4.54177435218758
1	4.56029191327509
1	4.57695953888806
1	4.59196382744758
1	4.60547209196972
1	4.61763447243816
1	4.6285857869085
1	4.63844716073521
1	4.64732746589019
1	4.65532459657305
1	4.66252660279498
1	4.66901270004851
1	4.67485417033026
1	0
1	0.666441802086264
1	1.21460636809592
1	1.66984037824644
1	2.05142252062743
1	2.37409313759107
1	2.64918993671761
1	2.88549207523555
1	3.08984826986197
1	3.2676448812755
1	3.42315535880862
1	3.55980166522157
1	3.68035034248586
1	3.7870599949622
1	3.88179261497898
1	3.96609795764536
1	4.04127779119444
1	4.10843508781642
1	4.1685119163778
1	4.22231883332269
1	4.27055785323781
1	4.31384055085609
1	4.35270245349824
1	4.3876145914939
1	4.41899285765276
1	4.44720566590564
1	4.47258027940836
1	4.49540808905059
1	4.51594905656146
1	4.53443548642477
1	4.55107525329643
1	4.56605458336018
1	4.57954046670004
1	4.59168276155485
1	4.6026160389518
1	4.61246120672673
1	4.62132694461235
1	4.62931097637765
1	4.63650120053632
1	4.64297669761199
1	4.64880862913204
1	0
1	0.665725996503455
1	1.21335063763776
1	1.66817577767335
1	2.04944687325012
1	2.37187961349916
1	2.64679340114389
1	2.88295378825544
1	3.08719936698646
1	3.2649089524349
1	3.42035036041127
1	3.5569413387713
1	3.67744526801258
1	3.78411837409256
1	3.87882085376837
1	3.96310110103118
1	4.03825984743304
1	4.10539927128773
1	4.1654608297649
1	4.21925460471956
1	4.26748223970496
1	4.31075501696092
1	4.34960823117052
1	4.38451272589356
1	4.41588424253922
1	4.44409107110295
1	4.46946037229759
1	4.49228345152996
1	4.51282019855023
1	4.53130285671692
1	4.54793924836891
1	4.56291555459159
1	4.57639872634424
1	4.58853858773095
1	4.59946967985024
1	4.60931288418453
1	4.61817685717583
1	4.62615930194465
1	4.63334809865005
1	4.6398223114635
1	4.64565308731697
1	0
1	0.665072367249041
1	1.2122039824805
1	1.66665576769073
1	2.04764283462116
1	2.36985836061071
1	2.64460503352306
1	2.8806359820436
1	3.08478055320081
1	3.26241067193644
1	3.41778900987822
1	3.55432946609251
1	3.67479253421503
1	3.78143226839296
1	3.87610722577909
1	3.96036455747612
1	4.03550404840325
1	4.10262715195554
1	4.16267476673908
1	4.2164565412435
1	4.26467378021731
1	4.30793749881381
1	4.34678277928577
1	4.38168029464638
1	4.41304564805529
1	4.44124701633783
1	4.46661146666228
1	4.48943022637779
1	4.50996311950788
1	4.52844233359518
1	4.54507564320594
1	4.56004918824454
1	4.57352988394395
1	4.58566752323854
1	4.59659661989783
1	4.60643803133994
1	4.61530039273923
1	4.62328138836131
1	4.63046888160493
1	4.63694192170978
1	4.64277164228023
1	0
1	0.645217354250365
1	1.17737253499174
1	1.6204830822437
1	1.99284233389967
1	2.30845963632976
1	2.5781299373367
1	2.81022898579368
1	3.01130529359305
1	3.18652148638346
1	3.33998397317802
1	3.47498974003501
1	3.59421158763609
1	3.69983759798734
1	3.79367652269059
1	3.8772377581625
1	3.95179233386664
1	4.01841968265598
1	4.078043735892
1	4.13146097791293
1	4.17936242174174
1	4.22235096935987
1	4.26095525011699
1	4.29564075640553
1	4.32681889183878
1	4.35485439552261
1	4.38007149306239
1	4.40275904068382
1	4.42317486585928
1	4.4415494606376
1	4.45808914841565
1	4.47297881816033
1	4.48638429986207
1	4.49845443962614
1	4.50932292106062
1	4.51910987059248
1	4.52792327735883
1	4.53586025287764
1	4.54300815142662
1	4.54944556867016
1	4.55524323336477
1	0
1	0.632095658004257
1	1.1543532766417
1	1.58996867495808
1	1.95662601288039
1	2.26788270948681
1	2.53419815949569
1	2.76369871062066
1	2.96274727762795
1	3.13636816534272
1	3.28856451260828
1	3.42255604051312
1	3.54095759559372
1	3.64591366046914
1	3.73920007146124
1	3.82230127383095
1	3.89646929325903
1	3.96276900975659
1	4.02211314144492
1	4.07528947279405
1	4.12298221527529
1	4.16578890907171
1	4.20423391896592
1	4.2387793136038
1	4.26983372122037
1	4.29775960901614
1	4.32287932467652
1	4.34548015740924
1	4.36581861521452
1	4.38412406963045
1	4.4006018850113
1	4.41543612360972
1	4.42879189820571
1	4.44081742916815
1	4.45164585147157
1	4.46139680844864
1	4.47017786228611
1	4.47808574598695
1	4.48520747736314
1	4.49162135232213
1	4.49739783206635
1	0
1	0.631118024189037
1	1.15263822357675
1	1.58769519477272
1	1.95392771081432
1	2.26485951987356
1	2.53092501623932
1	2.7602319659569
1	2.95912945585269
1	3.13263148513953
1	3.28473349850229
1	3.41864946039205
1	3.53698989946361
1	3.6418960499576
1	3.73514129583833
1	3.81820822337737
1	3.89234744237601
1	3.95862274858381
1	4.01794602467806
1	4.07110440694387
1	4.118781600102
1	4.16157474485398
1	4.20000788825026
1	4.23454284385
1	4.26558803310828
1	4.29350575395697
1	4.31861821416679
1	4.34121258619459
1	4.36154527973312
1	4.37984558283668
1	4.39631878840592
1	4.41114889709903
1	4.42450096826015
1	4.43652317563757
1	4.44734861332983
1	4.45709688867657
1	4.46587553205454
1	4.47378124826542
1	4.48090103005274
1	4.48731315099053
1	4.49308805234705
1	0
1	0.624476735128818
1	1.14098747768329
1	1.57225092632723
1	1.93559753062454
1	2.24432230461686
1	2.50868980898416
1	2.73668158026898
1	2.93455276895441
1	3.10724736588282
1	3.25870854756918
1	3.39211117231632
1	3.51003643642572
1	3.61460350716384
1	3.70756910907198
1	3.79040319988384
1	3.86434677100897
1	3.93045625256162
1	3.98963785185756
1	4.04267430191437
1	4.0902458649809
1	4.13294696798965
1	4.17129949956413
1	4.20576354040138
1	4.23674610725323
1	4.26460834817123
1	4.28967152045378
1	4.31222200344232
1	4.33251553900466
1	4.35078084807058
1	4.36722273814013
1	4.38202479144631
1	4.39535170433129
1	4.40735133383915
1	4.41815649638833
1	4.42788655480977
1	4.43664882338767
1	4.44453981534577
1	4.45164635313207
1	4.45804655860452
1	4.46381073761412
1	0
1	0.62358841723128
1	1.13942911062489
1	1.57018514964591
1	1.93314574348201
1	2.24157531141829
1	2.50571569772637
1	2.73353155488825
1	2.93126546875772
1	3.10385206607814
1	3.25522753213877
1	3.38856149452727
1	3.50643122614198
1	3.61095294264042
1	3.70388114025196
1	3.78668408755688
1	3.86060148943895
1	3.92668879080824
1	3.98585143986209
1	4.03887158065083
1	4.08642901496916
1	4.12911780676436
1	4.16745955595557
1	4.20191411145765
1	4.23288830213374
1	4.26074312223104
1	4.28579970191574
1	4.30834431444469
1	4.32863261235952
1	4.34689324073323
1	4.36333094214023
1	4.37812924284626
1	4.3914527906395
1	4.40344940020267
1	4.41425185081259
1	4.42397947259551
1	4.43273955093175
1	4.4406285734202
1	4.44773333973065
1	4.45413195142801
1	4.45989469625027
1	0
1	0.607488172679063
1	1.11118461525667
1	1.53274415036883
1	1.88870852940117
1	2.19178765949465
1	2.45181166324883
1	2.67643917938155
1	2.87168506715831
1	3.042314234481
1	3.19213615474451
1	3.32422565187047
1	3.44108888936
1	3.54478858667775
1	3.63703885319707
1	3.71927734257607
1	3.79272044216819
1	3.85840574063161
1	3.91722492758354
1	3.96994947238695
1	4.01725083137239
1	4.05971648959192
1	4.09786281436582
1	4.13214545369198
1	4.16296783106063
1	4.19068815310436
1	4.21562524579257
1	4.23806345966022
1	4.25825682826432
1	4.27643262181774
1	4.29279440615523
1	4.30752469316899
1	4.32078725063418
1	4.33272912545864
1	4.34348242374904
1	4.35316588287773
1	4.36188626435945
1	4.3697395913574
1	4.37681225069988
1	4.38318197615178
1	4.3889187271638
1	0
1	0.607296503200798
1	1.11084837143917
1	1.5322984244189
1	1.88817951522311
1	2.19119494966112
1	2.4511699488866
1	2.67575950859824
1	2.87097577703217
1	3.04158164162892
1	3.19138506730923
1	3.32345974938024
1	3.44031100480309
1	3.5440009161833
1	3.63624311209859
1	3.71847488174387
1	3.79191233488309
1	3.85759284760012
1	3.91640794571964
1	3.96912897152505
1	4.01642728199622
1	4.05889028386503
1	4.09703428215899
1	4.13131487486507
1	4.16213544493337
1	4.18985416581064
1	4.21478983603534
1	4.23722678325293
1	4.25741902174677
1	4.27559380536238
1	4.2919546859257
1	4.30668416325307
1	4.31994599464331
1	4.33188721786407
1	4.34263993100812
1	4.3523228643912
1	4.36104277329156
1	4.36889567534342
1	4.37596795246029
1	4.38233733402849
1	4.38807377559055
1	0
1	0.597860253548001
1	1.09429445458732
1	1.51035449584795
1	1.86213515020855
1	2.16201472748162
1	2.41957714140014
1	2.64229803496626
1	2.83605608732916
1	3.00551471480932
1	3.15440761730217
1	3.28575292629667
1	3.40201428199418
1	3.50522241322607
1	3.59706727809381
1	3.67896822258361
1	3.752127690205
1	3.81757259160765
1	3.876186388801
1	3.92873416770292
1	3.97588239407051
1	4.01821461878751
1	4.05624408008894
1	4.09042391383139
1	4.12115550709782
1	4.148795399532
1	4.17366103919751
1	4.19603562684488
1	4.216172227881
1	4.23429729035475
1	4.25061367641251
1	4.26530329135282
1	4.27852937670454
1	4.29043852024742
1	4.30116242553351
1	4.31081947546934
1	4.3195161182989
1	4.32734809945364
1	4.33440155888334
1	4.3407540104091
1	4.34647521716636
1	0
1	0.595660132084015
1	1.09043480386602
1	1.50523812970361
1	1.85606274129688
1	2.1552111735801
1	2.41221107793043
1	2.63449628013112
1	2.82791434016708
1	2.99710548203618
1	3.14578609027211
1	3.27696134130716
1	3.39308515814176
1	3.49618095927596
1	3.58793318388956
1	3.66975699439582
1	3.74285164793037
1	3.8082416150605
1	3.866808477666
1	3.9193158629534
1	3.96642909626021
1	4.0087308294547
1	4.04673358572977
1	4.0808899268807
1	4.11160077464136
1	4.13922228772401
1	4.16407159932041
1	4.18643164743841
1	4.20655527624834
1	4.22466874592247
1	4.24097475780401
1	4.25565507857591
1	4.26887282951201
1	4.28077449347449
1	4.29149168202576
1	4.30114269707168
1	4.30983391526924
1	4.31766101858412
1	4.32471009055068
1	4.33105859472965
1	4.33677624939554
1	0
1	0.591754058998532
1	1.08358241955515
1	1.49615458571796
1	1.84528184878608
1	2.14313221375203
1	2.39913344438339
1	2.62064512460179
1	2.81345956574704
1	2.98217581640527
1	3.13047951959447
1	3.2613528514722
1	3.37723248322003
1	3.48012885465073
1	3.57171660670712
1	3.65340347432998
1	3.72638305759941
1	3.79167549498545
1	3.85015903040497
1	3.90259470128339
1	3.94964580826892
1	3.99189340712703
1	4.02984875157217
1	4.06396338421702
1	4.09463740061948
1	4.12222628318988
1	4.14704660609983
1	4.1693808408865
1	4.18948143893907
1	4.20757432687562
1	4.22386192055109
1	4.23852574055172
1	4.25172869465178
1	4.26361707944393
1	4.27432234317308
1	4.28396264393733
1	4.29264423129889
1	4.30046267454687
1	4.30750395705638
1	4.31384545315635
1	4.31955680147563
1	0
1	0.58212112235126
1	1.06668345670812
1	1.47375326300035
1	1.81869462108071
1	2.11334376580384
1	2.36688212376088
1	2.58648618779095
1	2.77781201814833
1	2.94535711894616
1	3.09273132021422
1	3.22286007613256
1	3.33813751242228
1	3.44054206159123
1	3.53172420072408
1	3.6130733475488
1	3.68576915103489
1	3.75082106607907
1	3.8090991047027
1	3.86135791755944
1	3.90825581212323
1	3.95036990794097
1	3.98820832801113
1	4.02222010149593
1	4.05280328648474
1	4.08031169753031
1	4.10506053018037
1	4.12733110558843
1	4.14737490648905
1	4.16541703690782
1	4.18165920864459
1	4.19628233537583
1	4.20944879835525
1	4.22130443480816
1	4.23198029021507
1	4.24159416802352
1	4.2502520043617
1	4.25804909064225
1	4.26507116323308
1	4.27139537640474
1	4.2770911723685
1	0
1	0.575083111398886
1	1.05433674563171
1	1.45738642073748
1	1.79926947518435
1	2.09157974610866
1	2.34331868136722
1	2.56152900389166
1	2.751767226242
1	2.91845666216357
1	3.06515175124177
1	3.19473650547621
1	3.30957396604671
1	3.41161918030133
1	3.50250497073982
1	3.58360737217805
1	3.65609584063262
1	3.72097202537375
1	3.77909992403975
1	3.83122952098455
1	3.8780154755718
1	3.92003203147055
1	3.95778502431723
1	3.99172164689826
1	4.02223846868886
1	4.04968808567257
1	4.0743846861477
1	4.09660875077506
1	4.1166110545713
1	4.13461610055993
1	4.15082508614447
1	4.16541848158129
1	4.17855828343793
1	4.19038999331698
1	4.20104436243142
1	4.21063893511422
1	4.21927941849257
1	4.22706090095715
1	4.23406893840762
1	4.24038052433555
1	4.24606495744575
1	0
1	0.573080929438341
1	1.05082433816935
1	1.4527303614401
1	1.79374338593018
1	2.08538829117665
1	2.33661532446593
1	2.55442915370283
1	2.7443579719976
1	2.91080398732902
1	3.05730588174115
1	3.18673587771144
1	3.30144817345142
1	3.40339116367028
1	3.49419264846988
1	3.57522485547888
1	3.6476543410102
1	3.71248053377986
1	3.77056572044716
1	3.82265855789134
1	3.8694126676572
1	3.91140147528054
1	3.94913016568625
1	3.98304540924629
1	4.01354335195312
1	4.04097624313024
1	4.06565798453237
1	4.08786881771598
1	4.10785931636524
1	4.12585381252984
1	4.14205335727722
1	4.15663829471904
1	4.16977051198688
1	4.18159541520494
1	4.19224367187264
1	4.20183275260968
1	4.21046829939681
1	4.21824534286875
1	4.22524938758532
1	4.23155738129953
1	4.23723858189125
1	0
1	0.561755363364797
1	1.03095601272441
1	1.42639284154736
1	1.7624844443306
1	2.05036563424252
1	2.29869703681968
1	2.51426805745367
1	2.70244669712137
1	2.86751577667385
1	3.01292484386113
1	3.14147943241066
1	3.25548371929522
1	3.35684846782871
1	3.4471730683578
1	3.5278082127312
1	3.59990405476374
1	3.66444746235847
1	3.72229104383049
1	3.77417594705031
1	3.82074992302423
1	3.86258176942587
1	3.90017299035753
1	3.93396730109552
1	3.96435845215464
1	3.99169673193704
1	4.0162944213318
1	4.03843040937472
1	4.0583541308904
1	4.07628895079609
1	4.09243509239273
1	4.10697218624042
1	4.12006150043385
1	4.13184790101315
1	4.14246158194254
1	4.15201959687454
1	4.16062721928155
1	4.16837915309538
1	4.17536061246637
1	4.18164828642205
1	4.18731120191168
1	0
1	0.561592433671221
1	1.03067018681906
1	1.42601394975354
1	1.76203475292063
1	2.0498617979905
1	2.29815154399866
1	2.51369029956827
1	2.70184376115079
1	2.86689303209299
1	3.01228637785816
1	3.1408283727888
1	3.25482247425171
1	3.35617890419521
1	3.44649664426298
1	3.52712607648979
1	3.59921711872401
1	3.66375645816871
1	3.72159656390626
1	3.77347847578249
1	3.82004986035009
1	3.86187944870621
1	3.8994686920008
1	3.93326126299814
1	3.96365087775167
1	3.99098779645371
1	4.01558427667556
1	4.03771918799563
1	4.05764194885487
1	4.07557591025737
1	4.09172128359581
1	4.10625768916514
1	4.11934638615456
1	4.13113223283456
1	4.14174541635706
1	4.15130298437612
1	4.15991020506276
1	4.16766177764882
1	4.17464291210683
1	4.18093029374229
1	4.18659294618227
1	0
1	0.532623981119064
1	0.979851124954503
1	1.35864802822696
1	1.68208085386799
1	1.96028109455735
1	2.20116441687348
1	2.41096653251047
1	2.59464339961757
1	2.75617075399325
1	2.8987688740359
1	3.02507175807639
1	3.13725491951198
1	3.23713232697506
1	3.32623029583906
1	3.40584412407355
1	3.47708177533364
1	3.54089780886415
1	3.59811993854735
1	3.64946999773971
1	3.69558063737227
1	3.73700875142911
1	3.77424637627829
1	3.80772962616135
1	3.83784608999601
1	3.86494101234387
1	3.88932250493759
1	3.9112659778878
1	3.93101793666855
1	3.94879925855938
1	3.96480803769772
1	3.97922206926142
1	3.99220102907148
1	4.00388839397525
1	4.01441313991959
1	4.02389124804292
1	4.03242704394821
1	4.04011439122891
1	4.04703775705021
1	4.05327316495147
1	4.05888904788704
1	0
1	0.530449598325355
1	0.976036627320851
1	1.35359151716942
1	1.67607948454814
1	1.95355713372987
1	2.19388452713644
1	2.40325604845222
1	2.58659690071751
1	2.74785989872934
1	2.89024820809244
1	3.01638302363897
1	3.12843025524438
1	3.22819664673148
1	3.31720305911647
1	3.39674065573859
1	3.46791425115562
1	3.53167599307592
1	3.58885173724726
1	3.64016187537988
1	3.68623793132672
1	3.72763591057374
1	3.76484714281198
1	3.79830717493747
1	3.82840313596284
1	3.85547989397459
1	3.8798452495172
1	3.90177435303236
1	3.92151349134574
1	3.9392833560582
1	3.95528188238522
1	3.96968672851067
1	3.98265745140734
1	3.99433742423245
1	4.00485553201938
1	4.01432767585345
1	4.02285811058817
1	4.03054063709362
1	4.03745966677962
1	4.04369117351312
1	4.04930354591234
1	0
1	0.520954579192488
1	0.959379611767483
1	1.33151092060851
1	1.6498729138007
1	1.92419517552717
1	2.16209495791326
1	2.36958617492833
1	2.55145972927297
1	2.71156834511256
1	2.85304046049988
1	2.9784413603944
1	3.08989501834665
1	3.18917662913225
1	3.27778323587016
1	3.35698794693959
1	3.42788182552975
1	3.49140648873548
1	3.54837967826745
1	3.59951549050537
1	3.64544052761661
1	3.68670691522455
1	3.7238028971276
1	3.75716154275711
1	3.7871679728282
1	3.814165411449
1	3.83846030027826
1	3.86032665584438
1	3.88000981018691
1	3.89772964409151
1	3.91368339879875
1	3.928048134272
1	3.94098288850187
1	3.9526305818551
1	3.96311970236716
1	3.97256580155045
1	3.981072825312
1	3.98873430062385
1	3.99563439542508
1	4.00184886667491
1	4.00744590938614
1	0
1	0.516552850668
1	0.951657704158016
1	1.32127473357615
1	1.63772399568122
1	1.91058347373414
1	2.14735785715834
1	2.35397739724898
1	2.53517073736542
1	2.69474420136755
1	2.83579158489275
1	2.96085225403946
1	3.07203074139501
1	3.17108761613616
1	3.25950887981195
1	3.33855927083081
1	3.40932347748262
1	3.47273823504984
1	3.52961752371427
1	3.58067252144803
1	3.62652754880921
1	3.66773293278321
1	3.70477548660141
1	3.73808713118488
1	3.76805205623637
1	3.79501272374374
1	3.81927494540951
1	3.84111221209933
1	3.86076941323018
1	3.87846605370768
1	3.89439905305749
1	3.9087451939182
1	3.92166327368913
1	3.93329600283111
1	3.94377168533816
1	3.95320571066667
1	3.96170188150133
1	3.96935359783975
1	3.97624491475216
1	3.98245148864303
1	3.98804142477301
1	0
1	0.511904138805351
1	0.943502516188861
1	1.31046418862298
1	1.62489339527819
1	1.89620801208446
1	2.13179384981003
1	2.33749280271851
1	2.51796776142315
1	2.67697604593243
1	2.8175748656639
1	2.94227621353385
1	3.05316409032357
1	3.1519836189608
1	3.24020913987627
1	3.31909655186412
1	3.38972381061587
1	3.45302249568052
1	3.50980261464959
1	3.56077226333419
1	3.60655335266083
1	3.64769431005444
1	3.68468043790941
1	3.71794244419306
1	3.74786353535612
1	3.77478536850324
1	3.79901309003355
1	3.82081963565467
1	3.84044942732528
1	3.8581215729801
1	3.87403265237829
1	3.88835915527281
1	3.90125962497201
1	3.91287655025285
1	3.92333804074126
1	3.93275931474454
1	3.9412440236888
1	3.94888543347259
1	3.95576747996414
1	3.96196571337101
1	3.96754814416568
1	0
1	0.510130352423291
1	0.940390780768333
1	1.30633926154917
1	1.61999768546846
1	1.89072283708041
1	2.1258551672028
1	2.33120285613634
1	2.51140370553866
1	2.67019633725692
1	2.81062400068267
1	2.93518824408017
1	3.04596523400931
1	3.14469419964771
1	3.23284503194989
1	3.31167025682132
1	3.38224526102873
1	3.44549965687294
1	3.50224193614355
1	3.55317901860646
1	3.59893189575677
1	3.64004827021335
1	3.67701286788789
1	3.71025593392683
1	3.74016029960623
1	3.76706731491532
1	3.7912818723967
1	3.81307669592901
1	3.83269602910514
1	3.85035882838957
1	3.86626154389841
1	3.88058055362966
1	3.89347430393942
1	3.9050851990178
1	3.91554127432666
1	3.92495768286877
1	3.93343801835525
1	3.94107549551709
1	3.94795400473923
1	3.95414905570819
1	3.95972862272855
1	0
1	0.507929517334393
1	0.936529878142103
1	1.30122123587539
1	1.61392330692814
1	1.8839170763982
1	2.11848671449846
1	2.323398570747
1	2.50325931754347
1	2.66178437688983
1	2.80199967719951
1	2.92639380747806
1	3.0370332139326
1	3.13564981303825
1	3.22370797503777
1	3.30245604090671
1	3.37296621000437
1	3.43616565375775
1	3.49286098321693
1	3.54375765896337
1	3.58947553170266
1	3.63056140474658
1	3.66749928873281
1	3.70071885456024
1	3.73060246800491
1	3.757491098001
1	3.78168932211714
1	3.80346960140409
1	3.8230759581464
1	3.840727160871
1	3.85661949883868
1	3.8709292113869
1	3.8838146245777
1	3.89541803764964
1	3.90586739404506
1	3.91527776573979
1	3.92375267483476
1	3.93138527257457
1	3.93825939291047
1	3.94445049525229
1	3.95002650902913
1	0
1	0.505194999126238
1	0.931732740644346
1	1.29486213406656
1	1.60637594510828
1	1.87546097871068
1	2.10933147693087
1	2.31370181490807
1	2.49313998721316
1	2.65133259024479
1	2.79128403125373
1	2.9154667974807
1	3.02593525768018
1	3.12441224235888
1	3.21235526232378
1	3.29100745881191
1	3.36143707085692
1	3.42456823712158
1	3.4812052318537
1	3.53205170261093
1	3.5777260826779
1	3.61877405798533
1	3.65567875044917
1	3.68886911747084
1	3.71872694644671
1	3.74559273285335
1	3.7697706629071
1	3.79153287109732
1	3.81112310473493
1	3.8287598988361
1	3.84463934280033
1	3.85893750368054
1	3.87181255807449
1	3.88340667481934
1	3.893847683024
1	3.90325055398907
1	3.91171872084039
1	3.91934525594131
1	3.92621392312473
1	3.93240011933212
1	3.93797171823518
1	0
1	0.503321812124586
1	0.928446627727218
1	1.29050605158923
1	1.60120588626005
1	1.86966842182599
1	2.10305999848268
1	2.30705938812097
1	2.48620809040456
1	2.6441729557508
1	2.78394364908326
1	2.90798162768628
1	3.01833298707363
1	3.11671433372401
1	3.20457847962549
1	3.28316500411426
1	3.35353943334007
1	3.41662382847553
1	3.47322086302303
1	3.524032942591
1	3.56967752950896
1	3.61069954428442
1	3.64758150004528
1	3.68075186543622
1	3.71059203165466
1	3.73744216985143
1	3.76160619816052
1	3.78335602737173
1	3.8029352164348
1	3.82056214040748
1	3.83643275178116
1	3.85072299959124
1	3.86359095805013
1	3.87517870666804
1	3.88561399623373
1	3.89501172908368
1	3.90347527739448
1	3.91109765949458
1	3.91796259118474
1	3.92414542661463
1	3.92971400126131
1	0
1	0.501681931697516
1	0.925569802162453
1	1.28669252182045
1	1.59667976136994
1	1.86459733140656
1	2.09756963647028
1	2.30124427960975
1	2.48013956553818
1	2.63790505806557
1	2.77751751595403
1	2.90142874031927
1	3.01167758387151
1	3.10997520426788
1	3.19777029991825
1	3.27629933189494
1	3.34662545135505
1	3.40966890073378
1	3.46623095216182
1	3.51701292398397
1	3.56263142850766
1	3.6036307161511
1	3.6404927670791
1	3.67364562205453
1	3.70347032542265
1	3.73030676440357
1	3.75445862243871
1	3.77619761448024
1	3.79576713457722
1	3.81338541775187
1	3.82924829663951
1	3.84353161695712
1	3.85639336328397
1	3.867975536929
1	3.87840582011565
1	3.88779905480584
1	3.89625855981813
1	3.90387730617618
1	3.91073896763102
1	3.91691886087029
1	3.92248478793354
1	0
1	0.493541390003232
1	0.911288932612103
1	1.26776175249566
1	1.57421159370766
1	1.83942389661614
1	2.07031489268478
1	2.27237745949837
1	2.45001475955718
1	2.60679054410477
1	2.74561750433855
1	2.86889950712123
1	2.97863945111207
1	3.07652144543566
1	3.16397376826018
1	3.2422174012626
1	3.31230370588298
1	3.37514389614934
1	3.43153228763378
1	3.48216480138803
1	3.52765383011915
1	3.56854029785042
1	3.60530353906084
1	3.63836947046232
1	3.66811741458899
1	3.69488584919834
1	3.71897729269296
1	3.74066248786602
1	3.760184010182
1	3.77775939951182
1	3.79358389351234
1	3.80783282501704
1	3.8206637336565
1	3.83221823254037
1	3.84262366352648
1	3.85199456887086
1	3.86043400251726
1	3.8680347006632
1	3.87488012832043
1	3.88104541621103
1	3.8865982003872
1	0
1	0.48517043991923
1	0.896603859965642
1	1.24829517016972
1	1.55110749117454
1	1.81353795757337
1	2.04228873566125
1	2.24269359823815
1	2.41903730662745
1	2.57479537068323
1	2.7128146006817
1	2.83544957251026
1	2.94466621314043
1	3.04212081758759
1	3.12922066580747
1	3.20717082195573
1	3.2770105240614
1	3.339641702207
1	3.39585151850884
1	3.44633034396163
1	3.49168623224122
1	3.53245668682636
1	3.56911832162719
1	3.60209486918592
1	3.63176388149174
1	3.65846238694634
1	3.68249170593843
1	3.70412158158639
1	3.72359374760104
1	3.74112502902655
1	3.75691005170119
1	3.77112362105837
1	3.78392281918623
1	3.7954488600076
1	3.80582873538106
1	3.81517667937397
1	3.82359547355824
1	3.83117761265881
1	3.83800634704002
1	3.84415661619484
1	3.84969588549009
1	0
1	0.48063445176904
1	0.888646422059479
1	1.23774676337371
1	1.53858801199245
1	1.79951107752077
1	2.02710213021283
1	2.22660872835157
1	2.40225147491154
1	2.55745806415923
1	2.69503960730744
1	2.81732397081661
1	2.92625704771518
1	3.02348006131595
1	3.11038891321953
1	3.18818004231358
1	3.25788611728334
1	3.32040403749603
1	3.37651708880656
1	3.42691263478602
1	3.47219637790833
1	3.512903968153
1	3.54951054522857
1	3.58243865813562
1	3.61206489945362
1	3.63872551221813
1	3.66272116764702
1	3.6843210671623
1	3.7037664883516
1	3.72127386891409
1	3.73703750316035
1	3.75123191074013
1	3.76401392581189
1	3.77552454599009
1	3.78589057347831
1	3.79522607534491
1	3.80363368557101
1	3.81120576803415
1	3.81802545678715
1	3.82416758770118
1	3.8296995336533
1	0
1	0.460847575437651
1	0.853934506033563
1	1.19173252924103
1	1.48397557075422
1	1.73832305591971
1	1.96085515734787
1	2.1564433485679
1	2.32902836116327
1	2.48182930836205
1	2.61750157501059
1	2.73825651577286
1	2.84595263166015
1	2.94216540024149
1	3.02824108848477
1	3.1053385101548
1	3.1744616771616
1	3.23648554389843
1	3.29217648720228
1	3.3422087516684
1	3.38717778336339
1	3.42761114693697
1	3.46397755133908
1	3.49669438272794
1	3.52613404854828
1	3.55262936591345
1	3.57647817422985
1	3.59794731193303
1	3.6172760669111
1	3.63467918718785
1	3.65034952088448
1	3.66446034100611
1	3.67716740019291
1	3.68861075247946
1	3.69891637275681
1	3.70819759961071
1	3.71655642320201
1	3.72408463662616
1	3.73086486656208
1	3.73697149686215
1	3.74247149694494
1	0
1	0.450680683087352
1	0.836098830124058
1	1.16808949649683
1	1.45591460742899
1	1.70688342804076
1	1.9268161392446
1	2.12039097471004
1	2.29140486250868
1	2.44296974276416
1	2.5776609850047
1	2.69763007780566
1	2.80469061841403
1	2.90038430292227
1	2.98603189503241
1	3.06277287596948
1	3.1315965332199
1	3.1933665454109
1	3.24884060118828
1	3.29868620435541
1	3.34349353103191
1	3.38378599146354
1	3.420028990348
1	3.45263726107194
1	3.48198106067428
1	3.50839144596109
1	3.53216480129746
1	3.5535667509693
1	3.57283556051735
1	3.59018510977643
1	3.60580750378676
1	3.61987537500251
1	3.6325439203582
1	3.64395270905819
1	3.65422729090381
1	3.66348063017191
1	3.67181438621561
1	3.67932005885113
1	3.68608001405855
1	3.69216840343396
1	3.69765198909089
1	0
1	0.450091193602287
1	0.835064694712231
1	1.16671864307205
1	1.45428759671115
1	1.7050605180098
1	1.92484251322768
1	2.11830061173888
1	2.28922340370258
1	2.44071661520808
1	2.57535097639262
1	2.6952745047188
1	2.80229819385565
1	2.89796178120221
1	2.98358455174835
1	3.06030486579362
1	3.12911115708343
1	3.19086645046161
1	3.24632793082146
1	3.29616271112657
1	3.34096066193828
1	3.38124495262465
1	3.41748079629859
1	3.45008277253566
1	3.47942101369147
1	3.50582647450722
1	3.52959545498283
1	3.55099350900627
1	3.57025884284124
1	3.58760528598387
1	3.60322490038957
1	3.61729028137257
1	3.62995659364683
1	3.64136337830564
1	3.6516361605031
1	3.66088788281313
1	3.66922018540821
1	3.67672455109984
1	3.68348333075244
1	3.68957066249559
1	3.69505329642302
1	0
1	0.447657096820875
1	0.830794583469798
1	1.16105816906263
1	1.44756940808873
1	1.69753342965358
1	1.91669309435387
1	2.10966916722801
1	2.2802158098553
1	2.43141308957903
1	2.56581257974578
1	2.68554796503598
1	2.79241948852698
1	2.88795879985801
1	2.973479078179
1	3.05011405530804
1	3.11884863975677
1	3.18054315679232
1	3.23595271123303
1	3.28574280220226
1	3.33050203856206
1	3.37075259505783
1	3.40695889371811
1	3.43953487900771
1	3.46885016844487
1	3.49523529532854
1	3.5189862113013
1	3.54036817956665
1	3.55961916162399
1	3.5769527791128
1	3.59256091608448
1	3.60661601449637
1	3.61927310601869
1	3.63067161566957
1	3.64093696683067
1	3.65018201246109
1	3.6585083135333
1	3.66600728264364
1	3.67276120824156
1	3.67884417285123
1	3.68432287693463
1	0
1	0.445452149038298
1	0.82692646598685
1	1.15593057935021
1	1.44148367837613
1	1.69071495106757
1	1.90931087224489
1	2.10185029799485
1	2.27205620246762
1	2.42298540980779
1	2.55717214001618
1	2.67673709429757
1	2.78347077721216
1	2.87889751203145
1	2.96432494687708
1	3.04088262081683
1	3.10955224899865
1	3.17119171125457
1	3.22655422814889
1	3.27630383689375
1	3.32102800342987
1	3.3612480015151
1	3.39742753656728
1	3.42997997773059
1	3.4592744761534
1	3.48564118336748
1	3.50937573545291
1	3.53074313229411
1	3.54998111366859
1	3.56730311292711
1	3.58290085296517
1	3.59694663682041
1	3.60959537564422
1	3.62098638930706
1	3.6312450089991
1	3.64048400650111
1	3.64880487104153
1	3.65629895161167
1	3.66304848012186
1	3.6691274887256
1	3.67460263292555
1	0
1	0.442868589877228
1	0.822394154410982
1	1.14992253168558
1	1.4343529685811
1	1.68272567215828
1	1.90066104946479
1	2.09268885145352
1	2.26249550965497
1	2.41311061392754
1	2.54704805118493
1	2.66641330976486
1	2.77298548351048
1	2.8682803113157
1	2.95359896054144
1	3.03006605756848
1	3.09865957584884
1	3.16023452987403
1	3.21554193240925
1	3.26524410773076
1	3.30992718260707
1	3.35011137509991
1	3.38625955096733
1	3.41878440524464
1	3.44805454262995
1	3.47439966733468
1	3.4981150456912
1	3.51946536905037
1	3.53868811739596
1	3.55599650345896
1	3.57158206130687
1	3.58561693120381
1	3.59825588308803
1	3.60963811362741
1	3.61988884599047
1	3.62912075684051
1	3.63743525134277
1	3.64492360396194
1	3.65166798036086
1	3.65774235367327
1	3.6632133267225
1	0
1	0.439281828782528
1	0.816101935879917
1	1.14158154536589
1	1.42445338785702
1	1.67163413796841
1	1.88865248070769
1	2.07996999425807
1	2.24922237794754
1	2.39940141221269
1	2.5329927554958
1	2.65208077607645
1	2.75842872627327
1	2.85354042726902
1	2.93870804916977
1	3.01504939806164
1	3.08353725279166
1	3.14502264989254
1	3.20025353703692
1	3.24988986042825
1	3.29451588765921
1	3.33465037116623
1	3.37075501100569
1	3.40324156634602
1	3.43247788324724
1	3.45879304490488
1	3.48248180432968
1	3.50380842453467
1	3.5230100248314
1	3.5402995116639
1	3.55586815694937
1	3.56988787497302
1	3.58251323962662
1	3.59388327653561
1	3.6041230589018
1	3.61334513133669
1	3.6216507823004
1	3.62913118279212
1	3.63586840650319
1	3.64193634463004
1	3.64740152686118
1	0
1	0.43788819562767
1	0.813657099401831
1	1.13834066180202
1	1.42060691368381
1	1.66732453122931
1	1.88398656092089
1	2.0750280924666
1	2.24406511323772
1	2.39407471285022
1	2.52753158159642
1	2.64651188157417
1	2.75277270989042
1	2.84781325711081
1	2.93292219746521
1	3.00921468701972
1	3.07766148626176
1	3.13911208609133
1	3.19431324324179
1	3.24392397991831
1	3.28852784133229
1	3.32864301045263
1	3.36473073440325
1	3.39720240872225
1	3.42642558470142
1	3.45272910424107
1	3.47640752090124
1	3.49772493126464
1	3.51691831450389
1	3.53420045805549
1	3.54976253197835
1	3.56377636275375
1	3.57639644809977
1	3.58776174718341
1	3.59799727493708
1	3.60721552466362
1	3.6155177394775
1	3.62299505017647
1	3.6297294947164
1	3.63579493245704
1	3.64125786467045
1	0
1	0.436127927425873
1	0.810569078787535
1	1.13424717115614
1	1.41574851450426
1	1.66188115922095
1	1.87809313753023
1	2.0687860821143
1	2.23755108259392
1	2.38734667292408
1	2.52063368976164
1	2.63947793015205
1	2.74562871668613
1	2.84057939109618
1	2.92561421204571
1	3.00184498841723
1	3.07023993135135
1	3.13164657949248
1	3.1868101853241
1	3.23638860396895
1	3.28096446821405
1	3.32105524174606
1	3.35712159959962
1	3.38957447801917
1	3.41878105598103
1	3.4450698706107
1	3.46873522354629
1	3.49004100115594
1	3.50922400560582
1	3.52649687401653
1	3.54205064779196
1	3.55605704251014
1	3.56867045967576
1	3.58002977451365
1	3.59025992835733
1	3.5994733497028
1	3.60777122438939
1	3.61524463243727
1	3.62197556666563
1	3.62803784622198
1	3.63349793648616
1	0
1	0.425030859561148
1	0.791101605427772
1	1.10844102215304
1	1.38512023561228
1	1.62756509958409
1	1.84093986778705
1	2.02943525340475
1	2.19648538587038
1	2.34493182069828
1	2.47714805857434
1	2.59513455326847
1	2.70059161533294
1	2.79497571433448
1	2.87954327236054
1	2.95538499700739
1	3.02345302784505
1	3.08458259612483
1	3.13950947125082
1	3.18888415083448
1	3.23328351556504
1	3.2732204946361
1	3.30915215652189
1	3.34148654199153
1	3.3705884828735
1	3.39678459493437
1	3.42036759164831
1	3.44160003415046
1	3.4607176087244
1	3.47793200487061
1	3.49343345292703
1	3.50739296931635
1	3.51996434899569
1	3.53128593800227
1	3.54148221368815
1	3.55066519599468
1	3.55893570968764
1	3.56638451467566
1	3.57309331922757
1	3.57913568898535
1	3.5845778630573
1	0
1	0.416246057295737
1	0.775690516106033
1	1.08801202964912
1	1.36087388720063
1	1.6003993831883
1	1.81152812297428
1	1.99828384896103
1	2.16397643575803
1	2.31135483491587
1	2.44272340910623
1	2.5600308842226
1	2.66493877128278
1	2.75887435063995
1	2.84307200803654
1	2.91860574659968
1	2.98641498311792
1	3.04732520590722
1	3.10206467725551
1	3.15127807032745
1	3.19553771226329
1	3.23535294260347
1	3.27117797475092
1	3.30341855732168
1	3.33243766406515
1	3.35856038973728
1	3.38207819056962
1	3.4032525785995
1	3.42231835674133
1	3.43948646432845
1	3.45494648963243
1	3.46886889560171
1	3.48140699703052
1	3.4926987210338
1	3.50286817766072
1	3.51202706342737
1	3.52027591726192
1	3.52770524566218
1	3.53439653163765
1	3.54042314014697
1	3.54585113117454
1	0
1	0.41206443313534
1	0.768354735345258
1	1.07828769368275
1	1.34933246449624
1	1.58746832195515
1	1.79752793731355
1	1.98345557377434
1	2.14850195982655
1	2.29537196691964
1	2.42633704757185
1	2.54332130486431
1	2.64796778097899
1	2.74168986200978
1	2.82571144425265
1	2.90109857939664
1	2.96878462810189
1	3.02959044098249
1	3.08424070688929
1	3.1333773265116
1	3.17757045947018
1	3.21732773660673
1	3.2531020122913
1	3.28529794405987
1	3.31427762120385
1	3.34036541446806
1	3.36385218162823
1	3.38499893534415
1	3.40404005804065
1	3.42118613196654
1	3.43662643976556
1	3.4505311809287
1	3.46305344168946
1	3.47433094975303
1	3.48448764032996
1	3.49363505598377
1	3.501873599582
1	3.50929365699728
1	3.51597660401413
1	3.52199571006463
1	3.52741694986897
1	0
1	0.410534701386766
1	0.765671142487581
1	1.07473031384876
1	1.34511035364711
1	1.58273785021682
1	1.79240635592085
1	1.9780310586913
1	2.14284105004199
1	2.28952507593441
1	2.42034254961573
1	2.53720856659104
1	2.64175941272861
1	2.73540339129117
1	2.81936056130031
1	2.89469406563098
1	2.96233504947595
1	3.0231026668741
1	3.077720299433
1	3.1268288336084
1	3.1709976360939
1	3.21073371265093
1	3.2464894204849
1	3.27866901799024
1	3.30763427090387
1	3.33370928511109
1	3.3571846994591
1	3.37832134392422
1	3.39735344710676
1	3.41449146062602
1	3.42992455532022
1	3.44382283430174
1	3.45633930019144
1	3.46761160774596
1	3.47776362821596
1	3.48690684784566
1	3.4951416197286
1	3.50255828560999
1	3.50923818204906
1	3.51525454353213
1	3.52067331358785
1	0
1	0.408157524345714
1	0.761500884967103
1	1.06920220627332
1	1.33854926541403
1	1.57538677783423
1	1.78444750580746
1	1.96960145479097
1	2.13404409280824
1	2.28043910708751
1	2.41102720205418
1	2.52770947559372
1	2.63211171437825
1	2.72563432303755
1	2.80949139753432
1	2.884741560496
1	2.95231251431685
1	3.01302077658688
1	3.06758769747984
1	3.11665258734988
1	3.16078358069527
1	3.2004867119134
1	3.23621356562427
1	3.26836777996323
1	3.29731061786894
1	3.3233657736396
1	3.34682354591119
1	3.36794448077302
1	3.38696256778474
1	3.40408805556959
1	3.41950994122196
1	3.43339817808349
1	3.44590563884243
1	3.45716986489459
1	3.46731462809809
1	3.47645132717791
1	3.48468023787961
1	3.49209163337519
1	3.49876678926843
1	3.50477888574054
1	3.51019381784903
1	0
1	0.384576358810754
1	0.720132685958135
1	1.01436438074318
1	1.27346445892217
1	1.50246547171365
1	1.70549715471842
1	1.88598131142973
1	2.04677987093892
1	2.19030794238077
1	2.31862064205831
1	2.433480214007
1	2.53640829477493
1	2.62872693598454
1	2.71159108113449
1	2.78601451281607
1	2.85289078148622
1	2.91301025163958
1	2.96707412199479
1	3.01570606826329
1	3.05946200178928
1	3.09883832121474
1	3.13427894725255
1	3.16618136518
1	3.19490185026855
1	3.22076001394664
1	3.24404278001665
1	3.26500787846019
1	3.28388692759684
1	3.30088816236592
1	3.31619885635426
1	3.32998747720493
1	3.34240560869828
1	3.35358966771137
1	3.36366244014607
1	3.37273445655251
1	3.38090522539838
1	3.38826433962161
1	3.39489247015917
1	3.4008622584953
1	3.4062391188627
1	0
1	0.380482251694675
1	0.712950435458646
1	1.00484356501419
1	1.26216458619061
1	1.48980504414236
1	1.69178997838181
1	1.87146337661962
1	2.03162925969348
1	2.17465957918772
1	2.30257723002719
1	2.41712034876483
1	2.51979248964646
1	2.61190210082759
1	2.69459385589367
1	2.76887375241317
1	2.83562941146312
1	2.89564665689857
1	2.94962318878939
1	2.99817996839672
1	3.04187078490916
1	3.08119036403127
1	3.11658129588617
1	3.14843999750628
1	3.17712187821585
1	3.20294584058499
1	3.2261982224853
1	3.24713626497233
1	3.26599117467648
1	3.28297083692594
1	3.29826222607618
1	3.31203355182673
1	3.32443617418075
1	3.33560631477896
1	3.34566658834382
1	3.35472737469494
1	3.36288804908703
1	3.37023808635734
1	3.37685805246201
1	3.38282049535798
1	3.38819074579824
1	0
1	0.376064516727964
1	0.705200447910284
1	0.99457015511917
1	1.24997148975462
1	1.47614384476739
1	1.67699928764503
1	1.85579783919312
1	2.01528103450829
1	2.15777425613933
1	2.28526563062206
1	2.39946728139707
1	2.50186325105184
1	2.59374730895855
1	2.67625304698113
1	2.75037806228076
1	2.81700357785342
1	2.87691051798958
1	2.93079280755182
1	2.97926847878118
1	3.02288903096016
1	3.06214738461477
1	3.09748469409897
1	3.12929622375848
1	3.15793644851963
1	3.18372350606087
1	3.20694310200686
1	3.22785194983881
1	3.24668081195504
1	3.26363719643685
1	3.2789077547549
1	3.29266041827546
1	3.30504630553555
1	3.31620142750667
1	3.32624821420057
1	3.33529688279155
1	3.34344666479117
1	3.35078690760054
1	3.35739806389648
1	3.36335258071554
1	3.36871569873218
1	0
1	0.365605985474374
1	0.68685315283708
1	0.970248918268704
1	1.22110559329078
1	1.44380236622665
1	1.64198385496328
1	1.81871129733086
1	1.97657829988783
1	2.11779999780124
1	2.2442822070368
1	2.35767546767834
1	2.45941763047754
1	2.55076771430302
1	2.63283307618766
1	2.70659142619594
1	2.77290884052784
1	2.83255464426067
1	2.88621382484369
1	2.9344974803654
1	2.97795168899204
1	3.01706509767595
1	3.05227546173585
1	3.08397531665072
1	3.11251692525635
1	3.13821661442924
1	3.16135859301462
1	3.182198325516
1	3.20096552265814
1	3.21786679942922
1	3.23308804290354
1	3.24679652552213
1	3.25914279417581
1	3.27026236109845
1	3.28027721901833
1	3.28929720006373
1	3.29742119544923
1	3.30473825088391
1	3.31132855086757
1	3.31726430351819
1	3.32261053625858
1	0
1	0.365542982418251
1	0.686742627216112
1	0.970102405129035
1	1.22093170274622
1	1.44360753848858
1	1.64177291910461
1	1.81848788493941
1	1.97634515141772
1	2.11755918956722
1	2.24403531950798
1	2.35742371034059
1	2.45916193455329
1	2.55050880167479
1	2.63257151069721
1	2.70632765188348
1	2.77264321018806
1	2.83228744081363
1	2.88594527736973
1	2.93422777617295
1	2.9776809827323
1	3.01679351825573
1	3.05200311758591
1	3.0837022997629
1	3.11224331429666
1	3.13794247715528
1	3.16108398816727
1	3.18192330431219
1	3.20069012997943
1	3.21759107477712
1	3.23281202117474
1	3.24652023764393
1	3.25886626763185
1	3.26998562036794
1	3.28000028594625
1	3.28902009417551
1	3.29714393422031
1	3.30446084997233
1	3.31105102431585
1	3.31698666392956
1	3.32233279495166
1	0
1	0.357464138609495
1	0.672569993639221
1	0.951315113779378
1	1.19863382331396
1	1.41862489538703
1	1.61472474143294
1	1.78983984901092
1	1.94644866400577
1	2.08668049525979
1	2.21237708090208
1	2.32514101907815
1	2.42637420072423
1	2.51730859183973
1	2.59903112594186
1	2.67250403121795
1	2.73858159226066
1	2.79802410429266
1	2.85150959708923
1	2.89964377058048
1	2.94296848265572
1	2.98196905333908
1	3.01708059183927
1	3.04869350924377
1	3.07715834630116
1	3.10279002019935
1	3.12587157455797
1	3.14665750156565
1	3.16537669323132
1	3.18223506928041
1	3.19741792171337
1	3.21109201000551
1	3.2234074360276
1	3.23449932375199
1	3.24448932548678
1	3.25348697360633
1	3.2615908944079
1	3.26888989873681
1	3.2754639623201
1	3.28138510728036
1	3.28671819502649
1	0
1	0.356743685937161
1	0.671306110839134
1	0.949639706434071
1	1.19664534981395
1	1.41639700085031
1	1.6123126472835
1	1.78728508318918
1	1.94378256415792
1	2.08392680446459
1	2.20955387214289
1	2.32226212307016
1	2.42345026618408
1	2.51434787363996
1	2.59604007172666
1	2.66948771867702
1	2.73554405567242
1	2.79496857890512
1	2.8484387024824
1	2.89655964866415
1	2.93987290189744
1	2.9788634878144
1	3.01396628147576
1	3.04557150598665
1	3.07402954971225
1	3.0996552051005
1	3.12273141266294
1	3.14351257855041
1	3.16222752232559
1	3.17908210219178
1	3.19426155749277
1	3.20793260231273
1	3.22024529914368
1	3.23133473760162
1	3.24132253987169
1	3.25031821180372
1	3.25842035625308
1	3.26571776328256
1	3.27229039014538
1	3.27821024250585
1	3.28354216708269
1	0
1	0.355761802986769
1	0.669583603559538
1	0.94735634491639
1	1.19393531999252
1	1.41336067140791
1	1.60902527781286
1	1.78380327085238
1	1.94014901807617
1	2.08017388335502
1	2.2057062071227
1	2.31833856359882
1	2.41946532507236
1	2.5103128012016
1	2.59196365525911
1	2.66537687840852
1	2.73140428979782
1	2.7908042966452
1	2.84425347398276
1	2.89235639306826
1	2.93565402939569
1	2.97463100737937
1	3.00972188296689
1	3.04131662306797
1	3.0697654083691
1	3.09538286131388
1	3.11845178189107
1	3.13922645899315
1	3.15793561344809
1	3.17478501961252
1	3.18995984506606
1	3.20362674203071
1	3.21593571933038
1	3.22702181975786
1	3.23700662444461
1	3.24599960309101
1	3.25409932660419
1	3.26139455672303
1	3.2679652255234
1	3.27388331623908
1	3.279213655568
1	0
1	0.353989677241298
1	0.666474781376899
1	0.943235279640649
1	1.18904419359539
1	1.40788063167967
1	1.60309215505981
1	1.77751921298125
1	1.93359110752659
1	2.07340052191072
1	2.19876184961092
1	2.31125722997318
1	2.41227320839953
1	2.50303020631594
1	2.58460644168437
1	2.65795753593757
1	2.72393274170376
1	2.78328850079472
1	2.83669987385972
1	2.88477025721235
1	2.92803970777597
1	2.96699212583742
1	3.00206149140128
1	3.03363730898969
1	3.06206938446572
1	3.08767203344509
1	3.11072780229766
1	3.13149076828527
1	3.15018947403708
1	3.16702954258129
1	3.18219601197583
1	3.19585542279238
1	3.20815768699336
1	3.21923776286393
1	3.22921715744087
1	3.2382052751812
1	3.24630062933107
1	3.25359193050973
1	3.26015906535231
1	3.2660739766095
1	3.27140145484521
1	0
1	0.349117461646578
1	0.657927503082357
1	0.931904978416465
1	1.17559671540781
1	1.39281401742172
1	1.58677985144554
1	1.76024206160748
1	1.9155610359416
1	2.05477809777297
1	2.17966929534346
1	2.29178807875157
1	2.39249947445207
1	2.48300771498728
1	2.5643787965502
1	2.63755907596265
1	2.70339074956035
1	2.76262485554097
1	2.81593229096678
1	2.86391322180427
1	2.90710517949341
1	2.94599007343225
1	2.98100030014947
1	3.01252409289623
1	3.04091022701021
1	3.0664721745262
1	3.0894917845238
1	3.11022255241559
1	3.12889253089767
1	3.14570692694149
1	3.16085042250301
1	3.17448925118672
1	3.18677305864771
1	3.19783657082904
1	3.20780109105442
1	3.21677584440318
1	3.22485918559056
1	3.23213968468949
1	3.23869710340201
1	3.24460327317611
1	3.24992288523021
1	0
1	0.326903608326146
1	0.61895796599339
1	0.880246827298701
1	1.1142857364125
1	1.3241209243812
1	1.51240729695545
1	1.68147048449835
1	1.83335667577742
1	1.96987302938579
1	2.09262076644226
1	2.20302253439046
1	2.30234524852205
1	2.39171933153268
1	2.4721550570024
1	2.54455654168716
1	2.60973381022507
1	2.66841326415948
1	2.72124681754405
1	2.76881990824972
1	2.81165855330034
1	2.85023558505082
1	2.88497618050081
1	2.91626277680606
1	2.94443945083806
1	2.96981582849988
1	2.99267057972125
1	3.0132545470941
1	3.0317935495666
1	3.04849089718622
1	3.06352964833586
1	3.07707463706708
1	3.0892742948621
1	3.10026228834845
1	3.11015899206255
1	3.11907281324845
1	3.12710138383278
1	3.13433263309655
1	3.14084575313553
1	3.14671206793617
1	3.1519958157718
1	0
1	0.325774224940981
1	0.61697670020033
1	0.877620454614091
1	1.11116860045204
1	1.32062847141339
1	1.50862609222065
1	1.67746562729834
1	1.82917729108364
1	1.96555633690702
1	2.08819509743176
1	2.19850956991147
1	2.29776168152901
1	2.38707810238414
1	2.4674662730413
1	2.53982816271239
1	2.6049721603814
1	2.66362341502969
1	2.71643287558821
1	2.76398523113091
1	2.80680591327262
1	2.84536729287868
1	2.88009417989777
1	2.91136871680404
1	2.93953474159239
1	2.96490168462316
1	2.98774805419368
1	3.00832455802273
1	3.02685690149165
1	3.0435482982056
1	3.05858172400278
1	3.07212194177951
1	3.08431732128777
1	3.095301475298
1	3.10519473112577
1	3.11410545443525
1	3.12213124040548
1	3.12935998573872
1	3.13587085357116
1	3.14173514208918
1	3.14701706653776
1	0
1	0.325273599859974
1	0.616098458709286
1	0.876456254701768
1	1.10978685846503
1	1.31908036155726
1	1.50694998652304
1	1.67569038251742
1	1.82732468298937
1	1.96364286398874
1	2.08623331816708
1	2.19650909492879
1	2.29572991036314
1	2.38502077114571
1	2.46538786204183
1	2.53773220031523
1	2.60286144990874
1	2.66150020457688
1	2.71429898543783
1	2.76184214964411
1	2.80465486931458
1	2.84320931074874
1	2.8779301211915
1	2.90919931249267
1	2.9373606167596
1	2.96272337767384
1	2.98556603188543
1	3.00613922732756
1	3.02466861904045
1	3.04135737787902
1	3.05638844309162
1	3.06992654603337
1	3.08212002909293
1	3.09310248116733
1	3.10299420864044
1	3.11190355874517
1	3.11992811037135
1	3.12715574577997
1	3.13366561527022
1	3.139529005592
1	3.14481012178247
1	0
1	0.324633083650338
1	0.614974807633201
1	0.874966739007509
1	1.10801901227875
1	1.31709965884225
1	1.50480552171471
1	1.67341907590216
1	1.82495439520416
1	1.96119470374397
1	2.08372335319244
1	2.19394962137865
1	2.29313039544592
1	2.38238855383021
1	2.46272867458607
1	2.53505055702348
1	2.60016093744367
1	2.65878369922569
1	2.71156881612999
1	2.75910022063787
1	2.8019027528605
1	2.84044831736911
1	2.87516135324009
1	2.9064237051981
1	2.93457896987452
1	2.95993638005118
1	2.98277428071025
1	3.00334324329325
1	3.0218688584323
1	3.03855424228626
1	3.05358228728924
1	3.06711768444151
1	3.07930874112216
1	3.09028901568384
1	3.10017878772967
1	3.10908638091103
1	3.1171093532768
1	3.12433556861132
1	3.1308441607897
1	3.13670640192966
1	3.14198648400808
1	0
1	0.324084065225413
1	0.614011670190812
1	0.873690000732878
1	1.10650370304207
1	1.31540189964666
1	1.50296739385212
1	1.6714722255935
1	1.82292270319249
1	1.95909626335897
1	2.08157193688748
1	2.19175576880162
1	2.29090222141386
1	2.38013234893971
1	2.46044935224173
1	2.53275198666086
1	2.59784619337043
1	2.65645524685123
1	2.70922865169602
1	2.75674997637923
1	2.79954377643164
1	2.83808173208414
1	2.87278810398145
1	2.90404459359694
1	2.93219468143877
1	2.95754750523109
1	2.98038133138294
1	3.00094666577103
1	3.01946904382008
1	3.03615153480621
1	3.05117699103671
1	3.06471006892172
1	3.07689904583186
1	3.08787745393865
1	3.09776554989013
1	3.10667163712474
1	3.11469325582756
1	3.12191825394567
1	3.12842575127627
1	3.1342870073951
1	3.13956620308446
1	0
1	0.319541359725416
1	0.606042448106161
1	0.863125972789717
1	1.09396568374958
1	1.30135424717207
1	1.48775829854311
1	1.65536353560554
1	1.80611201332006
1	1.94173328199881
1	2.06377062050613
1	2.17360332488463
1	2.27246579383542
1	2.36146398755175
1	2.44158971169082
1	2.51373308355239
1	2.57869346523749
1	2.63718909306158
1	2.68986558961568
1	2.73730351149689
1	2.78002505955218
1	2.81850005776833
1	2.85315129040534
1	2.88435927364223
1	2.91246652715663
1	2.93778140214354
1	2.96058151487977
1	2.98111682874349
1	2.99961242236076
1	3.01627097708906
1	3.03127501321702
1	3.04478890094793
1	3.05696066935557
1	3.06792363398275
1	3.07779786154163
1	3.08669148822438
1	3.09470190640669
1	3.10191683299449
1	3.1084152713012
1	3.11426837712731
1	3.11954023862839
1	0
1	0.316624911747396
1	0.60092615306234
1	0.856343794650588
1	1.08591618967298
1	1.29233555827501
1	1.47799395540849
1	1.64502164653877
1	1.79531943552966
1	1.93058612929866
1	2.05234205372658
1	2.16194933182743
1	2.2606294813267
1	2.34947877195216
1	2.42948169356132
1	2.50152281777248
1	2.56639728287724
1	2.62482009065451
1	2.67743437142367
1	2.72481874813599
1	2.76749390991532
1	2.80592848902706
1	2.8405443218821
1	2.87172116369241
1	2.89980091727586
1	2.92509142887033
1	2.94786989736332
1	2.96838593784523
1	2.98686433567422
1	3.00350752316141
1	3.01849780743715
1	3.03199937495797
1	3.04416009538939
1	3.05511314519711
1	3.06497846915316
1	3.07386409607646
1	3.08186732344805
1	3.08907578404455
1	3.09556840639601
1	3.10141627967849
1	3.10668343258058
1	0
1	0.304812427876229
1	0.58020363267427
1	0.828873951031355
1	1.05331333864752
1	1.25580717925419
1	1.43844545440333
1	1.60313391230888
1	1.75160627759296
1	1.88543683725839
1	2.0060529507591
1	2.11474718522298
1	2.21268888658367
1	2.30093507529461
1	2.38044061004318
1	2.45206760078424
1	2.51659407812198
1	2.57472194299784
1	2.62708423128788
1	2.6742517341013
1	2.71673901763259
1	2.75500988732021
1	2.7894823405036
1	2.82053305025122
1	2.848501420915
1	2.87369325350597
1	2.89638405636045
1	2.9168220338995
1	2.93523078365896
1	2.95181172923778
1	2.96674631441178
1	2.9801979814084
1	2.99231395424211
1	3.00322684607482
1	3.01305610778476
1	3.02190933329707
1	3.02988343574126
1	3.03706570714514
1	3.04353477314377
1	3.0493614530644
1	3.05460953473666
1	0
1	0.30217502698716
1	0.575576867102243
1	0.822740694827653
1	1.04603402388031
1	1.24765140267438
1	1.42961536812766
1	1.59378153996248
1	1.74184633862807
1	1.87535624927482
1	1.99571787452516
1	2.10420825160171
1	2.20198507792016
1	2.29009661065672
1	2.36949109267814
1	2.44102561887117
1	2.50547440016664
1	2.56353641245138
1	2.6158424377915
1	2.66296151866251
1	2.70540685417814
1	2.74364117207993
1	2.77808161254883
1	2.80910416049594
1	2.83704766243485
1	2.86221746273402
1	2.88488869227645
1	2.90530924051975
1	2.92370243979191
1	2.94026948847433
1	2.95519163757968
1	2.9686321631696
1	2.98073814510256
1	2.99164207077031
1	3.00146328077825
1	3.01030927195179
1	3.01827687160534
1	3.02545329568696
1	3.03191710220363
1	3.03773905023282
1	3.042982873827
1	0
1	0.299469009491869
1	0.570829728115368
1	0.816447871215169
1	1.03856532498231
1	1.23928343927371
1	1.42055555168264
1	1.58418584925929
1	1.73183247774654
1	1.86501339712844
1	1.98511391317059
1	2.0933951291526
1	2.19100279091565
1	2.27897616436666
1	2.35825670442961
1	2.42969636044735
1	2.49406542430186
1	2.55205987072492
1	2.60430816933587
1	2.65137756848277
1	2.69377986463161
1	2.73197667978878
1	2.76638427467633
1	2.79737792814433
1	2.82529591435493
1	2.85044310915361
1	2.87309425614997
1	2.89349692164385
1	2.91187416585552
1	2.92842695608943
1	2.94333634558001
1	2.95676543990002
1	2.96886117100142
1	2.97975589723372
1	2.98956884606053
1	2.99840741468128
1	3.00636834236271
1	3.01353876699374
1	3.01999717719379
1	3.02581427022309
1	3.03105372495784
1	0
1	0.295945574604196
1	0.564648602105616
1	0.808254149520177
1	1.02884052671011
1	1.22838773211882
1	1.40875900070178
1	1.57169155036662
1	1.71879369035818
1	1.85154623878448
1	1.97130677132865
1	2.07931564409822
1	2.17670304110049
1	2.2644965209449
1	2.34362870015196
1	2.41494482818586
1	2.47921009403716
1	2.53711656471184
1	2.58928969885257
1	2.63629440872074
1	2.67864066443125
1	2.71678864824163
1	2.75115347575335
1	2.78210950647283
1	2.80999426931826
1	2.83511203008365
1	2.85773702811992
1	2.87811640895164
1	2.89647287849469
1	2.91300710317424
1	2.92789987870281
1	2.94131408866405
1	2.95339647242474
1	2.96427922031178
1	2.97408141246984
1	2.98291031637798
1	2.99086255665832
1	2.99802516956101
1	3.00447655335778
1	3.01028732481819
1	3.01552109097489
1	0
1	0.292220656324837
1	0.558114015829793
1	0.799591879692392
1	1.01855962753018
1	1.21686896703825
1	1.39628787812315
1	1.55848277999998
1	1.70500929557527
1	1.83730897716744
1	1.95671008466569
1	2.06443104060335
1	2.16158557726906
1	2.24918887650708
1	2.32816421102092
1	2.39934974727161
1	2.46350527955556
1	2.52131874369438
1	2.57341241517492
1	2.62034873658567
1	2.66263574725271
1	2.7007321073544
1	2.73505172188926
1	2.76596797844853
1	2.79381761809058
1	2.81890426167283
1	2.84150161545215
1	2.86185638011626
1	2.88019088701622
1	2.89670548449248
1	2.91158069600959
1	2.92497917046788
1	2.93704744363621
1	2.94791752821071
1	2.95770834859284
1	2.96652703512338
1	2.97447009122403
1	2.98162444569409
1	2.98806840129115
1	2.99387248969135
1	2.99910024197549
1	0
1	0.286691665541811
1	0.548414563498149
1	0.786734252639658
1	1.00329942783077
1	1.19977137155133
1	1.37777667422016
1	1.53887666675532
1	1.68454876839361
1	1.81617624824494
1	1.93504385202122
1	2.04233744569465
1	2.13914634185017
1	2.22646735118515
1	2.30520987713833
1	2.3762015726893
1	2.44019422465295
1	2.49786963682901
1	2.54984535986538
1	2.59668017055229
1	2.638879242297
1	2.67689897601706
1	2.71115147978236
1	2.74200869854571
1	2.76980620392515
1	2.79484665948236
1	2.81740298018916
1	2.83772120645066
1	2.85602311364181
1	2.87250857796187
1	2.88735771877078
1	2.9007328366225
1	2.9127801650803
1	2.92363145317846
1	2.93340539414483
1	2.94220891476237
1	2.9501383385519
1	2.9572804348207
1	2.96371336455233
1	2.96950753311657
1	2.97472635885697
1	0
1	0.282157834723118
1	0.540460910176703
1	0.776190862702037
1	0.990785902955841
1	1.18575116273091
1	1.3625972915733
1	1.52279944688793
1	1.66777092007674
1	1.7988471874033
1	1.91727731249468
1	2.02422046459924
1	2.12074593188703
1	2.20783546052102
1	2.28638708099642
1	2.35721982512698
1	2.42107891350825
1	2.47864112161726
1	2.53052012568408
1	2.57727169650566
1	2.61939865740557
1	2.65735555668365
1	2.69155302890934
1	2.7223618360567
1	2.75011659079034
1	2.77511917167936
1	2.79764184483346
1	2.81793010921903
1	2.83620528430477
1	2.85266685912914
1	2.86749462168208
1	2.8808505868698
1	2.89288074044383
1	2.90371661523292
1	2.91347671490015
1	2.92226779930891
1	2.93018604445939
1	2.93731808887374
1	2.94374197727928
1	2.94952801147331
1	2.95473951735359
1	0
1	0.272565131560229
1	0.523632528522368
1	0.753883102653916
1	0.964309721014585
1	1.15608713094979
1	1.33048067369534
1	1.48878318028256
1	1.63227226010203
1	1.76218226906093
1	1.87968677444304
1	1.98588846042754
1	2.08181424742186
1	2.1684140079676
1	2.24656170962602
1	2.31705814350281
1	2.38063463735191
1	2.43795732769868
1	2.48963169325951
1	2.53620714473492
1	2.57818153312902
1	2.61600548696331
1	2.65008652316717
1	2.68079290076204
1	2.70845720345381
1	2.73337964892006
1	2.75583113040465
1	2.77605600129508
1	2.79427461645116
1	2.81068564575455
1	2.82546817608071
1	2.83878361796092
1	2.85077743282525
1	2.86158069605373
1	2.87131151022723
1	2.88007628203983
1	2.88797087536685
1	2.89508165201452
1	2.90148641073466
1	2.90725523418525
1	2.91245125266688
1	0
1	0.263063695488211
1	0.50696425579787
1	0.73178758354861
1	0.938085439300212
1	1.12670532930112
1	1.29866962039419
1	1.45509055193041
1	1.59711134219759
1	1.72586618882782
1	1.84245388105046
1	1.94792115538689
1	2.04325296757815
1	2.12936761979712
1	2.20711524561116
1	2.277278568964
1	2.34057515694756
1	2.39766060835684
1	2.44913228238749
1	2.495533290155
1	2.5373565576517
1	2.57504883091444
1	2.60901453889444
1	2.63961946147414
1	2.66719417270468
1	2.69203724517423
1	2.71441821232253
1	2.73458029285751
1	2.75274288620756
1	2.76910385089119
1	2.78384157933993
1	2.7971168834603
1	2.80907470534944
1	2.81984566729087
1	2.82954747459926
1	2.83828618415956
1	2.84615735069176
1	2.85324706191897
1	2.85963287295774
1	2.86538464941172
1	2.87056532784522
1	0
1	0.258433587243568
1	0.498841703966686
1	0.721020301171115
1	0.925306185505816
1	1.1123873966197
1	1.28316789843932
1	1.43867192687894
1	1.57997721061531
1	1.70816913953697
1	1.82431006306735
1	1.92941945409005
1	2.02446181870602
1	2.11034007465327
1	2.18789274104734
1	2.25789373759278
1	2.32105392572625
1	2.37802376914196
1	2.42939667034313
1	2.47571267061871
1	2.51746229597251
1	2.55509040048272
1	2.5889999083098
1	2.61955539123653
1	2.6470864439969
1	2.67189083751691
1	2.69423744259537
1	2.71436892500389
1	2.73250421858325
1	2.7488407864697
1	2.76355668268799
1	2.7768124274311
1	2.78875270972201
1	2.79950793104756
1	2.80919560313217
1	2.81792161239658
1	2.82578136290758
1	2.83286080882581
1	2.8392373865429
1	2.84498085589056
1	2.85015405902424
1	0
1	0.258319241193888
1	0.498641107853994
1	0.720754390280784
1	0.92499058657982
1	1.11203379818199
1	1.28278506491251
1	1.43826644933574
1	1.57955406278428
1	1.70773208978122
1	1.82386197982548
1	1.92896253249256
1	2.02399774885517
1	2.10987016671433
1	2.18741801835281
1	2.25741500604399
1	2.32057182562036
1	2.37753881395867
1	2.42890927584692
1	2.47522317676102
1	2.5169709834342
1	2.55459750322047
1	2.5885056231177
1	2.61905988507318
1	2.64658985963552
1	2.6713932979327
1	2.69373905439884
1	2.7138697811501
1	2.73200440052904
1	2.74834036590746
1	2.76305572295276
1	2.7763109846537
1	2.78825083378329
1	2.79900566637555
1	2.80869298937393
1	2.81741868498938
1	2.82527815356811
1	2.83235734597228
1	2.83873369566147
1	2.84447695985522
1	2.84964997837746
1	0
1	0.23528100298853
1	0.458225360740802
1	0.667179138228286
1	0.861404277697587
1	1.04079141543543
1	1.20565244854165
1	1.35657155691549
1	1.49429899228108
1	1.61967608427285
1	1.73358296720559
1	1.83690278374386
1	1.93049778276486
1	2.01519395304388
1	2.09177173631237
1	2.16096102719422
1	2.22343915589096
1	2.27983090832682
1	2.33070990179715
1	2.37660082710359
1	2.41798220924836
1	2.45528944168148
1	2.48891792394573
1	2.51922618679236
1	2.54653892793763
1	2.57114990964285
1	2.59332468920993
1	2.61330316748474
1	2.63130195016466
1	2.64751652330015
1	2.66212324873271
1	2.67528118795891
1	2.68713376451937
1	2.69781027582002
1	2.7074272655485
1	2.71608976772956
1	2.72389243309716
1	2.73092054794098
1	2.73725095497544
1	2.74295288512601
1	2.74808870846216
1	0
1	0.228354595192934
1	0.446074433947947
1	0.651071828278641
1	0.842287160250964
1	1.01937251218275
1	1.18246265639853
1	1.33201012410643
1	1.46866719788414
1	1.59320219344988
1	1.70644073301149
1	1.8092251742101
1	1.90238717429545
1	1.98672970770623
1	2.06301584154127
1	2.1319622997279
1	2.19423638114648
1	2.25045518987008
1	2.30118642418232
1	2.34695018257955
1	2.38822139980253
1	2.42543263902679
1	2.45897704870424
1	2.48921135233011
1	2.51645878261177
1	2.54101190256442
1	2.56313527821267
1	2.5830679832376
1	2.60102592684108
1	2.61720400360172
1	2.63177806912154
1	2.64490674850843
1	2.65673308671691
1	2.66738605085219
1	2.67698189500067
1	2.68562539818135
1	2.6934109857585
1	2.7004237442192
1	2.70674033867134
1	2.71242984181094
1	2.71755448247658
1	0
1	0.223055780310503
1	0.43677877685911
1	0.638749473575331
1	0.827662253744629
1	1.00298670200958
1	1.16472208735398
1	1.31322022759107
1	1.44905845730431
1	1.57294923537574
1	1.68567648136268
1	1.7880513516984
1	1.88088210053895
1	1.96495409598031
1	2.0410171132441
1	2.10977780046007
1	2.17189578238434
1	2.22798228634863
1	2.27860048249606
1	2.32426695613459
1	2.36545389539641
1	2.40259169825095
1	2.43607179102891
1	2.46624951464517
1	2.49344698105142
1	2.51795583582004
1	2.54003988663238
1	2.55993757437492
1	2.57786427541914
1	2.59401443185802
1	2.60856351201216
1	2.62166980714497
1	2.63347607258642
1	2.64411102275631
1	2.65369069019137
1	2.66231965882702
1	2.67009218161606
1	2.67709319219333
1	2.68339921979481
1	2.68907921606843
1	2.69419530180882
1	0
1	0.21824790196624
1	0.428344364749093
1	0.62756878814984
1	0.814392348522649
1	0.988119041290574
1	1.14862518651547
1	1.29617121973712
1	1.43126647149545
1	1.55457271898624
1	1.66683604287742
1	1.76883928919423
1	1.86136947730154
1	1.94519600018473
1	2.02105657268399
1	2.08964870065669
1	2.15162504574425
1	2.20759150301862
1	2.25810713401578
1	2.30368533635309
1	2.34479580602817
1	2.3818669764112
1	2.41528871126665
1	2.44541509702549
1	2.47256722872202
1	2.49703591948711
1	2.51908428891951
1	2.53895020373974
1	2.55684855685571
1	2.5729733797977
1	2.5874997894866
1	2.60058577427213
1	2.61237382669349
1	2.62299243189644
1	2.63255742139467
1	2.64117320211455
1	2.64893387057141
1	2.65592422170961
1	2.66222066148182
1	2.66789203170299
1	2.67300035513412
1	0
1	0.20288743480962
1	0.401397653346566
1	0.591848135718671
1	0.771996944825108
1	0.940619042784461
1	1.09719794585983
1	1.2417021366111
1	1.37442368261868
1	1.49586244051365
1	1.60664360125411
1	1.70745956325789
1	1.79902950384205
1	1.88207177785335
1	1.95728556897967
1	2.02533917485698
1	2.08686301099516
1	2.14244593667704
1	2.19263388704062
1	2.23793007549858
1	2.2787962360436
1	2.31565452543904
1	2.34888981527908
1	2.37885218410232
1	2.40585947804092
1	2.43019985069707
1	2.45213422334642
1	2.47189862833324
1	2.48970641397025
1	2.50575030009998
1	2.52020428097272
1	2.53322537717329
1	2.54495524166293
1	2.55552162709036
1	2.56503972273009
1	2.57361336999061
1	2.5813361655923
1	2.58829246138384
1	2.59455826944574
1	2.60020208069269
1	2.60528560468259
1	0
1	0.200293002817491
1	0.396846267673687
1	0.585814803366069
1	0.764836225652275
1	0.932596141235064
1	1.08851172056059
1	1.23250213439742
1	1.36482275391775
1	1.48594608685181
1	1.59647690549939
1	1.69709233138833
1	1.78850008309706
1	1.87140989496758
1	1.946514442653
1	2.01447709042738
1	2.07592449635786
1	2.13144264232808
1	2.18157524638543
1	2.2268238017979
1	2.26764869775008
1	2.30447103086639
1	2.33767482954748
1	2.36760949538613
1	2.39459232576454
1	2.41891102508201
1	2.44082614331039
1	2.46057340296194
1	2.47836589146232
1	2.49439610710579
1	2.50883785452001
1	2.52184799083122
1	2.53356802719323
1	2.54412559253369
1	2.55363576765085
1	2.56220229843543
1	2.56991869719085
1	2.57686924092551
1	2.58312987519364
1	2.58876903164176
1	2.59384836692679
1	0
1	0.180115486712857
1	0.361449056264196
1	0.538892139338412
1	0.709145605559322
1	0.87020012325887
1	1.02095687564829
1	1.16095152393917
1	1.29015404258894
1	1.40882424040603
1	1.51740808891667
1	1.61646389763364
1	1.7066102677929
1	1.78848989001611
1	1.86274482541852
1	1.93000007034237
1	1.99085306032699
1	2.04586739903633
1	2.09556956167585
1	2.14044766353803
1	2.18095163491442
1	2.21749432747607
1	2.25045321190666
1	2.28017242502985
1	2.30696499646866
1	2.33111513706436
1	2.35288050907067
1	2.37249442536245
1	2.39016794438444
1	2.40609184139735
1	2.42043844628827
1	2.43336334492704
1	2.44500694559751
1	2.45549591501893
1	2.46494449034389
1	2.47345567459855
1	2.48112232355552
1	2.48802813217252
1	2.49424852861312
1	2.49985148358115
1	2.50489824230978
1	0
1	0.173511497345713
1	0.349863744843177
1	0.523534611052484
1	0.69091837377141
1	0.849778251848631
1	0.998846548728639
1	1.13753340506723
1	1.26571538655633
1	1.38358268682424
1	1.49152930278278
1	1.59007465742963
1	1.67980818438771
1	1.76135063123999
1	1.83532749324357
1	1.90235120912891
1	1.9630096500637
1	2.01785909544441
1	2.06742037698975
1	2.11217723145487
1	2.15257616599346
1	2.18902733374898
1	2.22190605910063
1	2.25155475574228
1	2.27828505648297
1	2.30238002874177
1	2.32409638963823
1	2.34366666338622
1	2.36130124435627
1	2.37719034386972
1	2.39150580913923
1	2.40440280995949
1	2.41602139365108
1	2.42648791200777
1	2.43591632606162
1	2.4444093957033
1	2.45205976182654
1	2.45895092888707
1	2.46515815570938
1	2.47074926213329
1	2.47578535873527
1	0
1	0.170452379739719
1	0.344497165921156
1	0.516420655751802
1	0.682475106744308
1	0.840318377989773
1	0.988604543995757
1	1.12668560145069
1	1.2543948469885
1	1.37189022690769
1	1.47954166230023
1	1.57785056304835
1	1.66739285167532
1	1.74877911125107
1	1.8226271633516
1	1.88954362973689
1	1.95011195114081
1	2.0048850141931
1	2.05438103642145
1	2.09908172634322
1	2.13943200543706
1	2.17584077682726
1	2.20868237067611
1	2.2382984024847
1	2.26499985802617
1	2.2890692750605
1	2.31076293289966
1	2.33031299043187
1	2.34792953441341
1	2.36380251493616
1	2.37810355562701
1	2.39098763354521
1	2.40259462880498
1	2.41305074731946
1	2.42246982221542
1	2.43095450075765
1	2.43859732430312
1	2.44548170906274
1	2.45168283541927
1	2.4572684533289
1	2.46229961099208
1	0
1	0.169593223817541
1	0.342989957419707
1	0.514422695027863
1	0.680103807630261
1	0.837661563935628
1	0.985728067784453
1	1.12363898607981
1	1.25121546330189
1	1.3686063890577
1	1.47617492272365
1	1.57441741518233
1	1.66390599435256
1	1.74524838859167
1	1.81906026431545
1	1.88594660958249
1	1.94648962083539
1	2.00124123184226
1	2.05071892593293
1	2.09540384199235
1	2.13574045616091
1	2.1721373204939
1	2.2049684859269
1	2.23457534378784
1	2.26126869812925
1	2.28533093795587
1	2.30701821962103
1	2.32656259941091
1	2.34417407768807
1	2.36004253117782
1	2.37433952071283
1	2.3872199692224
1	2.3988237098607
1	2.40927690757018
1	2.41869335955526
1	2.4271756814497
1	2.43481638665544
1	2.44169886659977
1	2.44789827963501
1	2.45348235609049
1	2.45851212664828
1	0
1	0.168558889585678
1	0.341175435390162
1	0.512017358444195
1	0.677249010515634
1	0.834463036575269
1	0.982265090069125
1	1.11997117853978
1	1.24738781654022
1	1.36465299036434
1	1.47212171898735
1	1.57028426278332
1	1.65970818136256
1	1.74099776630582
1	1.81476608944049
1	1.88161617201889
1	1.9421287124865
1	1.99685449746536
1	2.0463101263875
1	2.09097605235981
1	2.13129621538182
1	2.16767874485829
1	2.20049735556494
1	2.23009316894856
1	2.256776770289
1	2.2808303695052
1	2.30250997492107
1	2.32204751930065
1	2.33965289899741
1	2.35551590241102
1	2.3698080147764
1	2.38268409385606
1	2.39428391626915
1	2.40473359763366
1	2.41414689190729
1	2.42262637664326
1	2.43026453158864
1	2.43714471833377
1	2.44334206870867
1	2.44892428941392
1	2.45395239004131
1	0
1	0.166020286400394
1	0.336721989625663
1	0.50611385556778
1	0.670242380719119
1	0.82661277744714
1	0.973765781056737
1	1.11096914842485
1	1.23799348735533
1	1.35495002375403
1	1.46217379732085
1	1.56014012027873
1	1.64940534007648
1	1.73056531329218
1	1.80422674376292
1	1.87098782553863
1	1.93142558047735
1	1.9860879797198
1	2.03548945331634
1	2.08010877124444
1	2.12038855763405
1	2.15673590456382
1	2.18952370176036
1	2.21909240829164
1	2.24575207249593
1	2.26978446475554
1	2.29144523008058
1	2.31096599807023
1	2.32855640980487
1	2.34440603690334
1	2.35868617905834
1	2.37155153409121
1	2.38314173986522
1	2.39358279093957
1	2.40298833512999
1	2.41146085652735
1	2.41909275227828
1	2.42596731074332
1	2.43215959865777
1	2.43773726472943
1	2.44276126678743
1	0
1	0.161661088125416
1	0.329074692400617
1	0.495976572315172
1	0.658210847512417
1	0.813132594231483
1	0.959171072675336
1	1.09551118540969
1	1.22186188245751
1	1.3382884377468
1	1.44509158328298
1	1.54272096286039
1	1.63171367080653
1	1.71265107941566
1	1.78612895764046
1	1.85273721043218
1	1.91304654634487
1	1.96760010187578
1	2.01690858189094
1	2.06144786615835
1	2.101658319244
1	2.13794525196732
1	2.17068013731026
1	2.2002022969276
1	2.22682085714084
1	2.25081683357577
1	2.27244524737302
1	2.29193720754802
1	2.30950191683534
1	2.32532857460554
1	2.3395881619449
1	2.35243510202954
1	2.36400879445606
1	2.37443502590592
1	2.38382726193163
1	2.39228782613383
1	2.39990897382071
1	2.40677386760518
1	2.41295746244426
1	2.41852730746259
1	2.42354427160434
1	0
1	0.161185395333495
1	0.328240189370894
1	0.494870352256175
1	0.656897919478141
1	0.811661583833477
1	0.957578440925348
1	1.09382435193247
1	1.22010153853921
1	1.33647026021377
1	1.44322750517153
1	1.54082011616736
1	1.62978308655275
1	1.71069620804017
1	1.78415405632487
1	1.85074563181918
1	1.9110409541447
1	1.96558263222344
1	2.01488096441471
1	2.05941151509556
1	2.09961440225948
1	2.13589474234794
1	2.16862385374214
1	2.19814093397789
1	2.22475500876262
1	2.2487470113601
1	2.27037189483191
1	2.28986071138533
1	2.30742261592091
1	2.32324676718804
1	2.3375041115054
1	2.35034904207875
1	2.36192093250411
1	2.37234554677848
1	2.38173633056513
1	2.39019558995136
1	2.39781556476738
1	2.40467940390406
1	2.41086205012069
1	2.41643104167504
1	2.4214472378118
1	0
1	0.149180475398309
1	0.307180080351717
1	0.466952999997524
1	0.623763938472262
1	0.774538124424784
1	0.917385659009049
1	1.05125422856294
1	1.17567625365689
1	1.29058544530225
1	1.39618431078015
1	1.49284900383098
1	1.58106149608861
1	1.66136169058492
1	1.73431404912646
1	1.80048474454125
1	1.86042641006376
1	1.91466834035401
1	1.96371057488038
1	2.00802071859003
1	2.04803266679905
1	2.08414663048855
1	2.11673002642634
1	2.14611891979383
1	2.17261979713022
1	2.19651151315384
1	2.21804730283446
1	2.23745678472897
1	2.25494790656486
1	2.27070880194654
1	2.28490953977334
1	2.29770375689774
1	2.30923017074648
1	2.31961397283606
1	2.32896810688992
1	2.33739443701683
1	2.34498481243399
1	2.35182203573237
1	2.35798074184185
1	2.36352819477529
1	2.36852500899461
1	0
1	0.130586075571561
1	0.274560113737054
1	0.423711861130783
1	0.572442772316929
1	0.717037662037355
1	0.855131128271995
1	0.985317437740457
1	1.10686600636006
1	1.21951453445507
1	1.32331918795024
1	1.41854663049302
1	1.50559670847017
1	1.58494754140482
1	1.65711694775313
1	1.7226357427371
1	1.78202962984608
1	1.83580728130261
1	1.88445284659658
1	1.92842160232787
1	1.96813780551824
1	2.00399406908975
1	2.0363517666079
1	2.06554211155574
1	2.09186765755921
1	2.11560403988117
1	2.13700183234195
1	2.1562884329198
1	2.17366991955399
1	2.18933283800354
1	2.20344589813455
1	2.21616156528514
1	2.22761754054262
1	2.2379381287094
1	2.24723549605524
1	2.25561082210905
1	2.26315535106827
1	2.26995134914052
1	2.27607297445921
1	2.28158706625981
1	2.28655385986055
1	0
1	0.128915327052044
1	0.271629136591465
1	0.419826547841998
1	0.567831450458044
1	0.711871116555894
1	0.849537419089053
1	0.979392869231937
1	1.10068325134403
1	1.21312865374986
1	1.31677209327513
1	1.41187039563695
1	1.49881602808446
1	1.57808155875401
1	1.6501806150921
1	1.71564083536058
1	1.7749855033508
1	1.82872143831304
1	1.877331361987
1	1.92126944324293
1	1.96095907308021
1	1.99679218171826
1	2.02912959972732
1	2.05830210465444
1	2.08461189674449
1	2.10833432198505
1	2.12971971508619
1	2.14899527450219
1	2.16636691016766
1	2.18202102517017
1	2.1961262072636
1	2.20883481652291
1	2.22028446271502
1	2.23059937096909
1	2.23989163769892
1	2.2482623809224
1	2.25580279047456
1	2.26259508436781
1	2.2687133778943
1	2.27422447212231
1	2.27918856830315
1	0
1	0.124958280202833
1	0.264687329525004
1	0.410624464746915
1	0.556909868652501
1	0.699634527817437
1	0.836289124064881
1	0.965360957860651
1	1.08603984393124
1	1.19800415785546
1	1.30126577377044
1	1.39605821696782
1	1.4827564777438
1	1.56181997617723
1	1.63375241361188
1	1.69907390390952
1	1.75830199998209
1	1.81193913244932
1	1.86046464152798
1	1.90433007251089
1	1.9439567652862
1	1.97973503314157
1	2.01202442060225
1	2.04115467273252
1	2.06742715281977
1	2.09111652172399
1	2.11247254783996
1	2.13172195706389
1	2.14907026142351
1	2.16470352609935
1	2.17879004963144
1	2.19148194278647
1	2.20291659904569
1	2.21321805483793
1	2.2224982411282
1	2.23085813024998
1	2.23838878328493
1	2.24517230409851
1	2.25128270651651
1	2.25678670121095
1	2.26174440874816
1	0
1	0.116466532121984
1	0.249790342180517
1	0.390876967575366
1	0.533472359603161
1	0.673375038633819
1	0.807858532228836
1	0.935248740088573
1	1.05461536716028
1	1.16554727425536
1	1.2679895038872
1	1.36212557907286
1	1.44829298489642
1	1.52692292595266
1	1.5984978023557
1	1.66352158074632
1	1.72249951567708
1	1.77592461984914
1	1.82426897679465
1	1.86797850165867
1	1.90747013268325
1	1.94313071325089
1	1.97531702805853
1	2.00435660648182
1	2.03054901571313
1	2.05416744634156
1	2.07546045145994
1	2.09465374286374
1	2.11195197868002
1	2.12754049894716
1	2.14158698155768
1	2.15424300226749
1	2.16564549041277
1	2.17591807747504
1	2.18517233936935
1	2.19350893579311
1	2.20101865152571
1	2.20778334547538
1	2.21387681372305
1	2.21936557295206
1	2.22430957058023
1	0
1	0.113655714694083
1	0.244859353737095
1	0.384340432496987
1	0.525714409381926
1	0.664682996766542
1	0.798447842903449
1	0.925281422911864
1	1.04421368471167
1	1.15480385921172
1	1.25697486727376
1	1.35089368087454
1	1.43688537065733
1	1.51537180172951
1	1.58682832337571
1	1.65175355741377
1	1.7106486875686
1	1.76400360915614
1	1.81228800370428
1	1.85594592274675
1	1.89539284755545
1	1.93101447295436
1	1.96316667012135
1	1.99217623502641
1	2.01834214034412
1	2.0419370899955
1	2.06320923480141
1	2.08238395088417
1	2.09966561372478
1	2.11523932333544
1	2.12927255217076
1	2.141916698895
1	2.15330853920965
1	2.16357157055635
1	2.17281725132657
1	2.1811461377334
1	2.18864892309857
1	2.19540738524807
1	2.20149524818801
1	2.20697896439038
1	2.21191842395985
1	0
1	0.113003861871998
1	0.243715814957021
1	0.382824553594572
1	0.52391527376568
1	0.662667237235304
1	0.79626542282393
1	0.922969916029292
1	1.04180144477348
1	1.1523123685352
1	1.25442047797426
1	1.34828890673829
1	1.43423984645459
1	1.51269299632281
1	1.58412207047937
1	1.64902445123152
1	1.7079003782441
1	1.76123902388455
1	1.80950951263518
1	1.85315546384222
1	1.8925920208936
1	1.92820461225265
1	1.9603488972443
1	1.98935150175543
1	2.01551126058682
1	2.03910076479695
1	2.06036807191635
1	2.07953848022183
1	2.09681629964635
1	2.11238657453793
1	2.12641672970839
1	2.13905812275288
1	2.15044749374371
1	2.1607083090375
1	2.16995199977098
1	2.17827909815833
1	2.18578027631147
1	2.19253729325273
1	2.19862385627343
1	2.20410640295439
1	2.20904481010888
1	0
1	0.111050141476117
1	0.240288423124974
1	0.378281191306344
1	0.518522940052718
1	0.656625642605436
1	0.78972431649244
1	0.916041913282814
1	1.03457152690348
1	1.14484492191849
1	1.24676451284779
1	1.34048192917486
1	1.42631073359724
1	1.50466413369868
1	1.57601094278171
1	1.64084482811699
1	1.69966319985116
1	1.7529530635446
1	1.80118187411379
1	1.84479195556099
1	1.88419743857501
1	1.91978295328833
1	1.95190352406442
1	1.98088526702042
1	2.00702660372449
1	2.03059978696573
1	2.05185259466673
1	2.0710100917873
1	2.08827639180104
1	2.1038363722205
1	2.11785731506337
1	2.13049045483336
1	2.14187242481562
1	2.1521265981994
1	2.16136432443409
1	2.16968606380482
1	2.17718242485384
1	2.1839351102455
1	2.19001777717394
1	2.19549681858846
1	2.20043207146557
1	0
1	0.107523236306794
1	0.234101209235396
1	0.370079399497115
1	0.508788563686959
1	0.645719204112003
1	0.777916146919014
1	0.903535308575632
1	1.02151989742606
1	1.13136449957677
1	1.23294377215346
1	1.32638857703334
1	1.411996899753
1	1.49017022906804
1	1.56136853117246
1	1.6260787668594
1	1.68479323835822
1	1.73799503965471
1	1.7861486117231
1	1.82969394017817
1	1.86904332755883
1	1.90457996283067
1	1.93665772410872
1	1.96560180726101
1	1.99170988787776
1	2.01525360809569
1	2.03648024108213
1	2.05561443060713
1	2.07285993549098
1	2.0884013320706
1	2.10240564458812
1	2.11502388533953
1	2.12639249483509
1	2.13663467807597
1	2.14586163704751
1	2.15417370218671
1	2.16166136727829
1	2.16840623324773
1	2.17448186685248
1	2.17995458047192
1	2.18488413916821
1	0
1	0.10262660277151
1	0.225511094795917
1	0.358692314533277
1	0.495273691165793
1	0.630577080943521
1	0.761522091409251
1	0.886171569807042
1	1.00339946505802
1	1.11264874597998
1	1.21375553228952
1	1.30682185283531
1	1.39212406636077
1	1.47004739160452
1	1.54103951174008
1	1.60557807651853
1	1.66414829651288
1	1.71722783501369
1	1.76527694854166
1	1.80873237617503
1	1.84800388231244
1	1.883472655053
1	1.91549098109997
1	1.94438277867923
1	1.97044468769095
1	1.99394750246317
1	2.01513779537836
1	2.03423962544129
1	2.05145625908377
1	2.0669718545009
1	2.08095307804811
1	2.09355063351581
1	2.10490069377227
1	2.11512623031215
1	2.12433824038678
1	2.13263687415647
1	2.14011246608057
1	2.1468464758338
1	2.15291234461444
1	2.15837627294135
1	2.16329792603332
1	0
1	0.101594272374464
1	0.223700088073425
1	0.356291637852613
1	0.492424424702361
1	0.627384750149313
1	0.758065822584632
1	0.882510867978323
1	0.999579233667137
1	1.10870300627895
1	1.20971018089971
1	1.3026967076688
1	1.38793438587143
1	1.46580500412775
1	1.53675365604944
1	1.60125602839163
1	1.65979583663231
1	1.71284959913834
1	1.76087669024505
1	1.80431316458116
1	1.84356825144312
1	1.87902271709835
1	1.91102851274146
1	1.93990928724008
1	1.96596146214549
1	1.98945565304691
1	2.01063828458415
1	2.02973329247913
1	2.04694383935612
1	2.06245399525564
1	2.07643035108186
1	2.08902354558462
1	2.10036969520672
1	2.11059172221391
1	2.11980058069457
1	2.12809638280229
1	2.13556942940668
1	2.14230115040338
1	2.14836496051971
1	2.15382703669157
1	2.15874702308833
1	0
1	0.0976744680684921
1	0.21682361522202
1	0.347176162015573
1	0.481605633563225
1	0.615263328529811
1	0.744942216556847
1	0.868611020766469
1	0.985073645631908
1	1.09372085762324
1	1.1943498022435
1	1.28703334850326
1	1.37202598322266
1	1.44969647070994
1	1.52048007189554
1	1.58484501995195
1	1.64326935341506
1	1.69622524332566
1	1.74416871432203
1	1.78753322214779
1	1.82672596429261
1	1.86212610531022
1	1.89408432245415
1	1.92292324182662
1	1.94893845589866
1	1.9723999015801
1	1.99355344252547
1	2.01262254634618
1	2.0298099815046
1	2.0452994833145
1	2.05925735618817
1	2.07183399191364
1	2.08316529268362
1	2.09337399383953
1	2.10257088557813
1	2.11085593573971
1	2.11831931765232
1	2.12504234813895
1	2.13109834141555
1	2.13655338487254
1	2.14146704275366
1	0
1	0.0898688630104047
1	0.203130321608112
1	0.329024285353753
1	0.460061902232205
1	0.591125636308733
1	0.718808849277576
1	0.840931904863106
1	0.956188302767772
1	1.06388652759052
1	1.16376229328281
1	1.25584250682197
1	1.34034718028035
1	1.41761914232574
1	1.4880740738228
1	1.55216536543708
1	1.61035975106669
1	1.6631207448125
1	1.71089770097667
1	1.75411890007747
1	1.79318749361653
1	1.82847945661478
1	1.86034292949471
1	1.88909850170013
1	1.91504011473359
1	1.93843635403361
1	1.95953196615056
1	1.97854948653562
1	1.99569089874664
1	2.01113927154759
1	2.02506033885227
1	2.03760400066739
1	2.04890573254409
1	2.05908789759665
1	2.06826095966032
1	2.07652459920071
1	2.0839687355691
1	2.09067446042412
1	2.09671488783084
1	2.10215592686554
1	2.10705698261407
1	0
1	0.0883173661508165
1	0.200408546437411
1	0.325416290915543
1	0.455779718947867
1	0.58632785914732
1	0.713614397731216
1	0.835430209468494
1	0.950446849234275
1	1.05795644670515
1	1.15768250526612
1	1.24964279615812
1	1.33405047901059
1	1.41124322734135
1	1.48163283014374
1	1.54566972788241
1	1.60381840746632
1	1.65654066228217
1	1.70428452078929
1	1.74747723484184
1	1.78652115173245
1	1.82179161250812
1	1.853636253353
1	1.88237525889037
1	1.90830224246469
1	1.93168552088656
1	1.9527696186629
1	1.97177688596215
1	1.98890915032906
1	2.00434934803944
1	2.01826309961084
1	2.03080020730005
1	2.04209606185593
1	2.0522729524063
1	2.06144127791649
1	2.0697006617315
1	2.07714097272041
1	2.0838432577866
1	2.08988059121174
1	2.09531884662916
1	2.10021739748934
1	0
1	0.0800133974696212
1	0.185840978585065
1	0.306105473344969
1	0.432860487329362
1	0.560649050297968
1	0.685812496173771
1	0.805983868041501
1	0.919717267004022
1	1.02621728742505
1	1.12514207892438
1	1.21646051617674
1	1.30034908295826
1	1.37711786123629
1	1.44715780981202
1	1.51090357899525
1	1.56880762929117
1	1.62132254442785
1	1.66888925664828
1	1.71192951215918
1	1.7508413539414
1	1.78599672986739
1	1.81774057732149
1	1.84639091423423
1	1.8722395975724
1	1.89555350638807
1	1.91657597676033
1	1.93552836718189
1	1.95261167017925
1	1.96800811292129
1	1.9818827090025
1	1.99438473749968
1	2.00564913528033
1	2.01579779547962
1	2.02494076986421
1	2.03317737605641
1	2.04059721273293
1	2.0472810872567
1	2.05330186097956
1	2.05872521783585
1	2.06361036195643
1	0
1	0.0616088496965179
1	0.153554067498374
1	0.263305834020685
1	0.382063319199284
1	0.503735677624188
1	0.624193595014397
1	0.740720303312091
1	0.851609584290219
1	0.95587202292863
1	1.05302092166137
1	1.14291678298314
1	1.22565480393599
1	1.30148391379889
1	1.37074890425935
1	1.43384942902846
1	1.49121129382365
1	1.54326667049418
1	1.590440763544
1	1.63314311670713
1	1.67176223307874
1	1.70666254004972
1	1.73818299350426
1	1.76663680921123
1	1.79231195137986
1	1.81547211247796
1	1.83635799460597
1	1.85518875835048
1	1.87216354554059
1	1.88746301171201
1	1.90125082530193
1	1.91367510583419
1	1.92486978421384
1	1.93495587591548
1	1.94404266318999
1	1.95222878606955
1	1.95960324438841
1	1.96624631460278
1	1.97223038613618
1	1.97762072248258
1	1.98247615250033
1	0
1	0.0561666922542769
1	0.144006946013857
1	0.250650137257829
1	0.367042782428047
1	0.486906601545921
1	0.60597311137843
1	0.721422105992709
1	0.831470391688248
1	0.93507118557988
1	1.03169495931876
1	1.12117017014245
1	1.20356797890311
1	1.27911923225349
1	1.34815507043451
1	1.41106479879102
1	1.46826634131727
1	1.52018583414462
1	1.56724383114211
1	1.60984626781724
1	1.64837882635589
1	1.68320371037006
1	1.71465810703623
1	1.74305381214164
1	1.76867763882135
1	1.79179233728186
1	1.81263783076577
1	1.83143262994685
1	1.84837532940976
1	1.86364611996405
1	1.8774082722888
1	1.88980956303228
1	1.90098362564012
1	1.91105121606591
1	1.92012138901755
1	1.92829258416625
1	1.93565362427078
1	1.94228462880014
1	1.94825784763039
1	1.95363841993283
1	1.95848506359907
1	0
1	0.0488303522772622
1	0.131136879361865
1	0.233589533061109
1	0.34679423843413
1	0.464220042966982
1	0.58141085570726
1	0.695407030541272
1	0.804321606420874
1	0.907030465292639
1	1.00294634045889
1	1.0918544903149
1	1.173793673552
1	1.24897036040697
1	1.31769728818869
1	1.38034981205158
1	1.43733523097549
1	1.48907154459835
1	1.53597303746694
1	1.5784407809927
1	1.6168566546142
1	1.65157986416211
1	1.68294521249362
1	1.71126258117935
1	1.73681723164047
1	1.75987064386126
1	1.78066169113932
1	1.79940800802872
1	1.8163074513973
1	1.83153958557705
1	1.84526714504638
1	1.85763744423765
1	1.86878371560417
1	1.8788263652503
1	1.88787414114296
1	1.89602521285536
1	1.90336816443833
1	1.90998290373314
1	1.91594149249787
1	1.92130890230973
1	1.92614370147084
1	0
1	0.0251975445349457
1	0.0896780849534441
1	0.178631613960837
1	0.281566897720729
1	0.391139040871842
1	0.50228760517456
1	0.61160376099925
1	0.716866277923086
1	0.816701915418901
1	0.910337412232953
1	0.99741886882375
1	1.07788066567228
1	1.15185074841668
1	1.21958257235927
1	1.28140655441967
1	1.33769576684846
1	1.38884199891352
1	1.4352393395753
1	1.47727319136306
1	1.51531318379282
1	1.5497088658378
1	1.58078735966425
1	1.60885238051016
1	1.63418419120659
1	1.65704017992668
1	1.67765583774362
1	1.69624597693658
1	1.71300607794035
1	1.72811368699311
1	1.74172981129124
1	1.75400027631488
1	1.76505702278678
1	1.77501932982988
1	1.78399495729563
1	1.79208120468109
1	1.7993658870789
1	1.80592823060659
1	1.81183969103119
1	1.81716470005324
1	1.82196134409702
1	0
1	0.0243973747236287
1	0.0882743551867177
1	0.176770825000154
1	0.279358402247807
1	0.388664632739938
1	0.49960861598547
1	0.608766313705287
1	0.713905177639711
1	0.813643532365262
1	0.907201819144193
1	0.994221426765485
1	1.0746332016276
1	1.14856243064891
1	1.21626056193593
1	1.27805649087015
1	1.33432213083874
1	1.38544838366757
1	1.43182865452619
1	1.47384781542009
1	1.51187508110213
1	1.54625967357946
1	1.57732845496218
1	1.60538493170594
1	1.63070919739738
1	1.65355850166731
1	1.67416822107213
1	1.6927530723332
1	1.709508455423
1	1.72461184825022
1	1.7382241995282
1	1.75049128432348
1	1.76154499962283
1	1.77150458639138
1	1.78047777102453
1	1.78856182355993
1	1.7958445330545
1	1.80240510254368
1	1.80831496727658
1	1.81363854067438
1	1.81843389284572
1	0
1	0.0234067951241446
1	0.0865365914640156
1	0.174467239489519
1	0.276624369383671
1	0.385601410181931
1	0.496292129909114
1	0.605253662560169
1	0.710239448826584
1	0.8098573712061
1	0.903320074916805
1	0.990263115881152
1	1.07061296543871
1	1.14449161911452
1	1.21214804018356
1	1.27390924042131
1	1.33014569858643
1	1.38124721788551
1	1.42760635698119
1	1.46960733111079
1	1.50761884156626
1	1.54198970558329
1	1.57304646333244
1	1.60109236280478
1	1.62640728806881
1	1.64924831724531
1	1.66985068512322
1	1.68842899012699
1	1.70517853261988
1	1.72027670592127
1	1.73388438634471
1	1.74614728654666
1	1.75719724937042
1	1.76715346854319
1	1.77612362904308
1	1.78420496443812
1	1.791485231554
1	1.7980436048514
1	1.80395149417906
1	1.80927329032898
1	1.81406704321169
1	0
1	0.0194854160559442
1	0.079657356023239
1	0.165348101554598
1	0.265801231848053
1	0.373475118840516
1	0.483163251536727
1	0.591348231152609
1	0.695728033242233
1	0.794869203545364
1	0.887953525303514
1	0.974593464037593
1	1.05469817166691
1	1.12837661417211
1	1.19586791819675
1	1.25749163893917
1	1.31361257593529
1	1.36461618331911
1	1.41089166871047
1	1.45282064741752
1	1.49076978810917
1	1.52508630566394
1	1.55609546579946
1	1.58409949333056
1	1.60937744291239
1	1.63218571371368
1	1.65275897931271
1	1.67131136983537
1	1.68803779132468
1	1.70311530223877
1	1.71670449228423
1	1.72895082705648
1	1.73998593506267
1	1.74992882303056
1	1.75888701198081
1	1.76695759111017
1	1.77422818965152
1	1.78077786894749
1	1.78667793829503
1	1.79199269890472
1	1.79678012072935
1	0
1	0.0168477949455185
1	0.0750302041191237
1	0.159214333227765
1	0.25852130926253
1	0.36531866125837
1	0.474332427954268
1	0.581995077888855
1	0.68596727932843
1	0.784787773838876
1	0.87761758609705
1	0.964053650421828
1	1.04399346924194
1	1.11753724452907
1	1.18491748655372
1	1.24644873502738
1	1.30249196949366
1	1.35342971878771
1	1.39964893653123
1	1.44152948925267
1	1.47943667842602
1	1.5137166411429
1	1.5446937858909
1	1.57266964927
1	1.59792272805044
1	1.62070896472024
1	1.64126265537286
1	1.65979761514444
1	1.67650848484798
1	1.6915720977053
1	1.7051488506437
1	1.71738404307896
1	1.72840915935015
1	1.73834308040441
1	1.74729321698035
1	1.75535656116688
1	1.76262065637462
1	1.76916448786008
1	1.77505929728649
1	1.78036932560963
1	1.78515248900063
1	0
1	0.00901832100418964
1	0.0612950375659589
1	0.141006949655023
1	0.236911699014514
1	0.341107158006238
1	0.448119147037598
1	0.554231321578912
1	0.656993607517199
1	0.754862212936178
1	0.846936543108617
1	0.932767429772124
1	1.01221779518675
1	1.08536182637474
1	1.1524123936666
1	1.21366914887977
1	1.26948173235143
1	1.32022398950462
1	1.36627618322761
1	1.40801298899807
1	1.44579564992967
1	1.47996710382791
1	1.51084921459193
1	1.53874147593535
1	1.56392072861143
1	1.58664155950419
1	1.6071371441869
1	1.62562036278503
1	1.64228506880688
1	1.6573074268862
1	1.67084726170728
1	1.68304937940074
1	1.69404483635946
1	1.7039521401652
1	1.71287837419708
1	1.72092024229054
1	1.7281650331028
1	1.73469150603748
1	1.7405707019949
1	1.74586668307141
1	1.75063720579355
1	0
1	0.00899904355670689
1	0.0612612193357841
1	0.140962120093899
1	0.236858492613957
1	0.341047545318857
1	0.448054605645672
1	0.554162962662565
1	0.656922269590678
1	0.754788531302774
1	0.846861001354553
1	0.932690397971516
1	1.01213955827168
1	1.0852826052242
1	1.15233236080287
1	1.21358844016866
1	1.26940045573979
1	1.3201422315593
1	1.36619401404179
1	1.40793046588371
1	1.44571282020638
1	1.47988400693813
1	1.51076588371291
1	1.53865793921443
1	1.56383701011854
1	1.58655767997156
1	1.60705312158786
1	1.62553621279074
1	1.64220080515004
1	1.65722306165334
1	1.67076280557596
1	1.68296484183399
1	1.69396022576663
1	1.70386746403635
1	1.71279363921624
1	1.72083545443204
1	1.72808019771372
1	1.7346066279088
1	1.74048578542331
1	1.74578173191319
1	1.75055222351194
1	0
1	0.00800572016667811
1	0.0595186422092187
1	0.138652153918705
1	0.234116886796042
1	0.337975837989818
1	0.444728933287727
1	0.55064058188138
1	0.653246387134107
1	0.750991882916543
1	0.842968505146089
1	0.928721123025354
1	1.00810818649505
1	1.08120051801424
1	1.14820844784246
1	1.20942970231732
1	1.26521245525476
1	1.31592942903553
1	1.36196002122253
1	1.40367823592493
1	1.44144479138089
1	1.4756022116261
1	1.50647203146323
1	1.53435348039551
1	1.55952318500032
1	1.58223555683886
1	1.60272362656537
1	1.62120015337859
1	1.6378588889632
1	1.65287591148319
1	1.66641097161355
1	1.67860881168741
1	1.68960043275053
1	1.69950429409662
1	1.70842743676676
1	1.71646652731603
1	1.72370882145392
1	1.73023304937402
1	1.73611022601164
1	1.74140439033088
1	1.74617327821115
1	0
1	0.00182338527998954
1	0.0486730349573864
1	0.124275179999308
1	0.217053435493287
1	0.31885787140145
1	0.424030316455982
1	0.528717673585533
1	0.630368101392774
1	0.727361963389526
1	0.818742039377281
1	0.904016794887252
1	0.983017374553971
1	1.05579405882682
1	1.12254166981152
1	1.18354617801796
1	1.23914680356072
1	1.2897094121962
1	1.33560811832843
1	1.37721282709203
1	1.41488105214941
1	1.44895279130545
1	1.47974757009653
1	1.50756300491526
1	1.53267441470947
1	1.55533514062387
1	1.57577732852389
1	1.59421299930207
1	1.61083528296897
1	1.62581972975588
1	1.63932563848138
1	1.65149736196917
1	1.66246556334872
1	1.67234840709576
1	1.68125267576068
1	1.68927480828692
1	1.69650185922475
1	1.70301238042907
1	1.7088772283081
1	1.7141603005944
1	1.71891920710827
1	0
1	-0.00136740824054493
1	0.0430754583168973
1	0.116855013336114
1	0.208246738532885
1	0.308990809031971
1	0.41334745736128
1	0.517402939747306
1	0.618560283271896
1	0.71516621607084
1	0.806238405812072
1	0.891266529559191
1	0.970067639278565
1	1.04268141338772
1	1.10929467000722
1	1.17018731229219
1	1.22569393922091
1	1.2761768777456
1	1.32200751555466
1	1.36355364224197
1	1.40117111754146
1	1.43519863543333
1	1.46595468444224
1	1.49373604841078
1	1.51881737140002
1	1.54145144209708
1	1.56186994971492
1	1.58028453409543
1	1.59688800439409
1	1.61185563836837
1	1.62534650162716
1	1.63750474596264
1	1.64846086010072
1	1.65833285635727
1	1.66722738387185
1	1.67524076411421
1	1.68245994781339
1	1.68896339478108
1	1.69482187960736
1	1.70009922713311
1	1.7048529821177
1	0
1	-0.00203724381200027
1	0.0419003725823873
1	0.115297315683431
1	0.206397969926224
1	0.306919440477939
1	0.411104830572543
1	0.515027665020935
1	0.616081496553878
1	0.71260599231397
1	0.803613548239647
1	0.888589897176912
1	0.967349132652368
1	1.03992870742462
1	1.10651375935698
1	1.16738291789944
1	1.22286981192632
1	1.27333602549721
1	1.31915237388771
1	1.36068620258134
1	1.39829302410683
1	1.43231125873559
1	1.46305917729494
1	1.49083338885225
1	1.51590839579125
1	1.53853687082296
1	1.55895040729639
1	1.57736056506042
1	1.59396008591415
1	1.60892419041531
1	1.62241189521564
1	1.63456730990525
1	1.64552088659795
1	1.65539060566704
1	1.66428308824548
1	1.67229463114203
1	1.67951216329082
1	1.68601412518111
1	1.69187127422711
1	1.69714741996771
1	1.70190009350421
1	0
1	-0.0133011479056719
1	0.0221402201219788
1	0.0891031902674827
1	0.175309217455842
1	0.272087464199678
1	0.373392988827052
1	0.475085225631171
1	0.574398407374604
1	0.669553464074747
1	0.759474142667161
1	0.843579850334365
1	0.921634931704579
1	0.993639413025022
1	1.05975017708057
1	1.12022443479268
1	1.1753795018409
1	1.22556446985912
1	1.27114052847247
1	1.31246755503843
1	1.34989522350938
1	1.38375735149092
1	1.41436854902799
1	1.4420224861813
1	1.46699128289911
1	1.48952566164729
1	1.50985560373403
1	1.52819132385131
1	1.54472443113919
1	1.5596291842885
1	1.57306377669123
1	1.58517160827089
1	1.59608251547472
1	1.60591394153245
1	1.61477203661998
1	1.62275268284909
1	1.6299424426519
1	1.63641943159347
1	1.64225411825967
1	1.64751005487255
1	1.65224454286009
1	0
1	-0.0205229985095958
1	0.00947100101348097
1	0.07230883025862
1	0.155376667965332
1	0.249754947265132
1	0.349214046533164
1	0.449476135955839
1	0.547673300319414
1	0.641950341349335
1	0.731174168684819
1	0.814721664818109
1	0.892325277877877
1	0.96396103810857
1	1.0297677125553
1	1.08998877965282
1	1.14493109587803
1	1.19493574334776
1	1.2403577402026
1	1.28155217561205
1	1.31886498012603
1	1.35262702035158
1	1.38315055922349
1	1.41072738245876
1	1.43562808250744
1	1.45810213143603
1	1.47837847699291
1	1.49666647142293
1	1.51315699766194
1	1.52802369769994
1	1.54142423709605
1	1.55350156077112
1	1.56438511043787
1	1.57419198493649
1	1.58302803248882
1	1.59098886932373
1	1.59816082289062
1	1.60462180042946
1	1.61044208534385
1	1.6156850648772
1	1.62040789320246
1	0
1	-0.030961557541259
1	-0.008841256993805
1	0.0480340386620918
1	0.126565895502775
1	0.217475229900138
1	0.314265481366117
1	0.412460416719297
1	0.509044474700738
1	0.602052420188948
1	0.690269009438144
1	0.773009659186969
1	0.849960713938904
1	0.921063519796449
1	0.986430659073224
1	1.04628576108485
1	1.10092056443741
1	1.15066457418514
1	1.19586388812269
1	1.23686667450889
1	1.2740134531299
1	1.30763082518012
1	1.33802766105013
1	1.36549302280138
1	1.39029529501771
1	1.41268214242167
1	1.4328810188406
1	1.45110002992672
1	1.46752900895067
1	1.48234070651484
1	1.49569202524173
1	1.50772525238526
1	1.51856925910359
1	1.52834064645174
1	1.5371448262031
1	1.54507703027585
1	1.55222324647223
1	1.55866108091635
1	1.5644605493469
1	1.56968480054495
1	1.57439077583907
1	0
1	-0.0338738862428968
1	-0.0139503256329386
1	0.0412614398696336
1	0.118527770766923
1	0.208469279262921
1	0.304514929675187
1	0.402133134838977
1	0.498267140662717
1	0.590921012053149
1	0.678856584700419
1	0.761372126570257
1	0.838141119383986
1	0.909095232465748
1	0.974339742662501
1	1.03409274144128
1	1.08864174956458
1	1.13831304211866
1	1.18345022814666
1	1.22439954499273
1	1.26150000285512
1	1.29507701289005
1	1.32543849897778
1	1.35287276328751
1	1.37764757441459
1	1.40001009283769
1	1.42018735558433
1	1.43838712051093
1	1.45479892803444
1	1.46959528006264
1	1.48293286636082
1	1.49495379069569
1	1.50578676504229
1	1.51554825157495
1	1.5243435402992
1	1.53226775591159
1	1.53940679145376
1	1.54583816903934
1	1.55163182972926
1	1.55685085577428
1	1.56155212911997
1	0
1	-0.0351794386346384
1	-0.0162406429235803
1	0.0382253874670226
1	0.114924402449292
1	0.20443204940363
1	0.300143906557592
1	0.397503572402752
1	0.493435826731008
1	0.585930972121539
1	0.673740569326354
1	0.756155198778702
1	0.832842576011491
1	0.903730032397205
1	0.968919569853884
1	1.02862679731578
1	1.08313734475068
1	1.13277603929958
1	1.17788537433643
1	1.21881072160586
1	1.25589041458096
1	1.28944933094208
1	1.31979497026334
1	1.3472152940659
1	1.37197779480689
1	1.39432940692015
1	1.41449698058825
1	1.43268811775603
1	1.44909222755867
1	1.46388170041791
1	1.47721313067844
1	1.48922853985245
1	1.50005656855562
1	1.50981361670421
1	1.51860491971705
1	1.5265255542249
1	1.53366137078967
1	1.54008985386437
1	1.54588091103304
1	1.55109759472191
1	1.55579676025607
1	0
1	-0.045727159537686
1	-0.0347444024922683
1	0.0136967407483357
1	0.0858123395664281
1	0.171814764914224
1	0.264829864626533
1	0.360100759011715
1	0.454403037798897
1	0.545615816003241
1	0.632407641867697
1	0.714006987290022
1	0.790034982046445
1	0.860383910655962
1	0.92512931647669
1	0.984466751750352
1	1.03866657047787
1	1.08804190166981
1	1.1329262250691
1	1.17365791913386
1	1.21056984999004
1	1.24398258529951
1	1.27420019661444
1	1.30150789331768
1	1.32617093691123
1	1.34843443558457
1	1.36852372997645
1	1.38664516240278
1	1.40298708135659
1	1.41772097655026
1	1.43100267141339
1	1.44297352291367
1	1.45376159514564
1	1.46348278503469
1	1.47224188698709
1	1.4801335893039
1	1.48724339934803
1	1.49364849730768
1	1.49941852030285
1	1.50461627980371
1	1.50929841606513
1	0
1	-0.0502645731424187
1	-0.0427043410588461
1	0.00314501906835685
1	0.0732889260820634
1	0.157783476851899
1	0.249638486719501
1	0.344010834382904
1	0.437611931060373
1	0.528273061153212
1	0.614627062622359
1	0.695875689545062
1	0.771620031458707
1	0.84173729644338
1	0.906291645926366
1	0.965470004170854
1	1.01953615376954
1	1.06879819143675
1	1.1135857194359
1	1.15423410785639
1	1.19107387088335
1	1.22442372209694
1	1.25458625838449
1	1.28184550521524
1	1.30646576438
1	1.3286913584553
1	1.34874697870504
1	1.36683842557857
1	1.38315359130234
1	1.39786357812205
1	1.41112387783538
1	1.42307556153659
1	1.4338464453126
1	1.44355220971248
1	1.45229745942787
1	1.46017671570839
1	1.46727533827974
1	1.47367037644161
1	1.47943135096595
1	1.48462096966853
1	1.48929578028543
1	0
1	-0.0598762952320675
1	-0.059566087423079
1	-0.0192069693528644
1	0.0467602512661024
1	0.128060631820931
1	0.217458192983679
1	0.309927125590253
1	0.402042889838305
1	0.491535449286945
1	0.576961995871357
1	0.657467686609766
1	0.732611159276692
1	0.802237685136778
1	0.866387314975091
1	0.925228696181894
1	0.979011690963726
1	1.02803373598996
1	1.07261621975757
1	1.11308813964972
1	1.14977502767371
1	1.18299166985987
1	1.21303753927428
1	1.24019415347108
1	1.26472378125965
1	1.28686908103208
1	1.30685336846449
1	1.32488129615607
1	1.34113978981191
1	1.3557991308968
1	1.3690141087039
1	1.38092518875425
1	1.39165966177381
1	1.40133274995591
1	1.41004865611483
1	1.41790154763065
1	1.42497647148536
1	1.43135019971412
1	1.43709200662567
1	1.44226438046203
1	1.44692367297426
1	0
1	-0.0600363207565017
1	-0.0598468185740264
1	-0.0195791075228918
1	0.046318575460209
1	0.127565776287303
1	0.216922423395931
1	0.309359666052478
1	0.401450701006575
1	0.490923804927014
1	0.576334910318585
1	0.656828231915293
1	0.731961700712422
1	0.801580056258692
1	0.865722947921184
1	0.924558718798571
1	0.978336999336936
1	1.02735504872661
1	1.07193411871358
1	1.11240310058188
1	1.14908744339053
1	1.1823018677801
1	1.21234579480818
1	1.23950070027465
1	1.26402881914179
1	1.28617278209467
1	1.30615588190727
1	1.32418275206824
1	1.34044030219104
1	1.35509880007528
1	1.36831302331813
1	1.38022342735846
1	1.39095729417547
1	1.40062983833135
1	1.40934525594951
1	1.41719770851846
1	1.42427223781333
1	1.4306456112531
1	1.43638709904313
1	1.44155918576978
1	1.44621821992115
1	0
1	-0.0619247386382075
1	-0.0631596508692191
1	-0.023970609298809
1	0.041106478873025
1	0.121726120133273
1	0.210599951568045
1	0.302663229705425
1	0.394462440957814
1	0.483705955458172
1	0.568934843514236
1	0.649282200219086
1	0.724297616057599
1	0.793819555942921
1	0.857882932217125
1	0.916652497116254
1	0.970375146144006
1	1.01934604410852
1	1.06388482899469
1	1.10431914003903
1	1.14097344745063
1	1.17416170022319
1	1.20418270567619
1	1.23131744687872
1	1.25582775937257
1	1.27795594688002
1	1.2979250319129
1	1.31593942244141
1	1.33218583818626
1	1.346834385688
1	1.36003970452253
1	1.37194213115157
1	1.38266884433649
1	1.39233496858619
1	1.40104462106714
1	1.40889189374297
1	1.41596176694397
1	1.42233095361488
1	1.42806867553836
1	1.43323737416104
1	1.43789335946579
1	0
1	-0.0633000829479772
1	-0.0655724034122628
1	-0.0271689622890888
1	0.0373104825246539
1	0.117473068973217
1	0.205995263306829
1	0.297786181190435
1	0.389372855762522
1	0.478449159125159
1	0.56354533737268
1	0.643786387107348
1	0.718715824378058
1	0.788167544249079
1	0.852173009063176
1	0.910894355812948
1	0.964576488129696
1	1.01351304547241
1	1.05802249051557
1	1.09843155062318
1	1.13506398310296
1	1.16823317495426
1	1.19823748650803
1	1.22535754197497
1	1.24985488599695
1	1.27197158416757
1	1.2919304621654
1	1.30993576371436
1	1.32617407023534
1	1.3408153708231
1	1.35401420453194
1	1.36591082117192
1	1.37663232433035
1	1.38629377292987
1	1.39499922663217
1	1.40284272676561
1	1.40990920890986
1	1.41627534633579
1	1.42201032555959
1	1.42717655660898
1	1.4318303214233
1	0
1	-0.0669837929043934
1	-0.0720346983460064
1	-0.0357354024675483
1	0.027143319695911
1	0.106081734605414
1	0.193662107257435
1	0.284723537861796
1	0.375740956081296
1	0.464369402621123
1	0.549110132098782
1	0.629066450190821
1	0.703765603230881
1	0.773029246440677
1	0.836879601715533
1	0.895471801403288
1	0.949045414121951
1	0.997889993848917
1	1.04232085531775
1	1.08266228354122
1	1.11923612639832
1	1.1523542656478
1	1.18231386441044
1	1.20939458573392
1	1.2338571951163
1	1.25594312034944
1	1.2758746599154
1	1.29385561762246
1	1.31007220447043
1	1.32469409498829
1	1.33787555899421
1	1.34975661421122
1	1.36046416288108
1	1.37011308826076
1	1.37880729599172
1	1.38664069178118
1	1.39369809134921
1	1.40005606170456
1	1.40578369490592
1	1.410943316829
1	1.41559113430151
1	0
1	-0.0670884336552622
1	-0.0722182685516423
1	-0.0359787437574847
1	0.0268545077196176
1	0.105758148385069
1	0.193311767321647
1	0.284352475855717
1	0.37535372358056
1	0.463969448143147
1	0.548700080618976
1	0.628648310524585
1	0.703340922030405
1	0.772599222668912
1	0.836445171848054
1	0.895033702939284
1	0.948604233012364
1	0.997446199991071
1	1.04187482918746
1	1.08221433623602
1	1.11878651477585
1	1.1519032038073
1	1.18186153244279
1	1.20894113642686
1	1.23340275912494
1	1.25548781021128
1	1.2754185731922
1	1.29339883937959
1	1.30961480925095
1	1.32423614839959
1	1.33741711899566
1	1.34929773216946
1	1.36000488444324
1	1.36965345408397
1	1.37834734235794
1	1.38618045111988
1	1.39323759268508
1	1.39959533104377
1	1.40532275557146
1	1.41048218975339
1	1.41512983828363
1	0
1	-0.0753433208007996
1	-0.0866997331648692
1	-0.0551754225809654
1	0.004070742783024
1	0.0802311170075001
1	0.165674192012895
1	0.255080180323192
1	0.344805771983066
1	0.43241788671388
1	0.516351988106657
1	0.595662158120347
1	0.669838721848815
1	0.738675558357004
1	0.80217391997991
1	0.860473043263593
1	0.913800389957452
1	0.962436242761348
1	1.00668877271398
1	1.04687672234415
1	1.0833176064203
1	1.11631989082394
1	1.14617802181926
1	1.17316948126452
1	1.19755326652876
1	1.2195693580257
1	1.23943885785822
1	1.25736457152384
1	1.2735318694173
1	1.28810971221623
1	1.30125175875503
1	1.31309750007627
1	1.32377338150362
1	1.33339388765192
1	1.34206257464095
1	1.34987304040976
1	1.35690982867828
1	1.36324926531213
1	1.3689602280155
1	1.37410485169592
1	1.3787391727286
1	0
1	-0.0816193383313651
1	-0.0977096869266245
1	-0.0697702547937753
1	-0.0132512757537946
1	0.0608234505422445
1	0.144661923270516
1	0.23282506808688
1	0.321580805200525
1	0.408429896429381
1	0.491758411948875
1	0.570583478411585
1	0.644367701840281
1	0.712884108011416
1	0.776118206106805
1	0.834197298705437
1	0.887339758177433
1	0.935818906697963
1	0.979937552089672
1	1.02001027579393
1	1.05635133944355
1	1.08926664440859
1	1.11904859723997
1	1.14597304224143
1	1.17029764933754
1	1.19226131230526
1	1.21208423505118
1	1.22996847357887
1	1.24609876718856
1	1.26064354062524
1	1.27375599401981
1	1.28557522300308
1	1.29622732986186
1	1.30582649992558
1	1.31447602690632
1	1.32226927768246
1	1.32929059176646
1	1.33561611398284
1	1.34131456110651
1	1.34644792467332
1	1.35107211308918
1	0
1	-0.0855633068445987
1	-0.104628550801214
1	-0.078941924315556
1	-0.0241367609141117
1	0.0486273046453398
1	0.131457414852885
1	0.218839533232807
1	0.30698579534513
1	0.393355388125817
1	0.476303341990624
1	0.554823560176316
1	0.628361229515378
1	0.696676271182054
1	0.759744301061946
1	0.817685122202673
1	0.870711395035933
1	0.919092067611093
1	0.963126577404053
1	1.00312689094988
1	1.03940522554923
1	1.07226587098448
1	1.10199995201204
1	1.12888228386531
1	1.15316970227758
1	1.17510041816262
1	1.19489407098346
1	1.21275224574742
1	1.22885928516296
1	1.24338327718487
1	1.25647713368604
1	1.26827970181301
1	1.27891686828175
1	1.28850263034502
1	1.29714011681297
1	1.30492254936102
1	1.31193413917384
1	1.31825091730622
1	1.32394149940211
1	1.32906778689984
1	1.33368560778701
1	0
1	-0.102991266554712
1	-0.13520224337546
1	-0.119470515343536
1	-0.0722385132892862
1	-0.00526611225104756
1	0.0731081557444138
1	0.157039004870747
1	0.242492064506493
1	0.326742806792382
1	0.408009100886614
1	0.485182228325581
1	0.557630402470631
1	0.62505563671136
1	0.687389829553991
1	0.744719644448259
1	0.797232501403082
1	0.845178019690733
1	0.888840743598422
1	0.928521084680075
1	0.964522226559176
1	0.997141337590753
1	1.02666387842337
1	1.05336011694261
1	1.07748320268298
1	1.09926832906154
1	1.1189326413277
1	1.13667564320865
1	1.15267992491778
1	1.16711208617121
1	1.18012376506169
1	1.1918527107114
1	1.20242385725252
1	1.21195037084798
1	1.22053465162446
1	1.22826927962172
1	1.23523789895797
1	1.24151603795241
1	1.24717186536227
1	1.25226688449509
1	1.25685656797874
1	0
1	-0.115940136012387
1	-0.157918313447234
1	-0.149583015214663
1	-0.107977826585385
1	-0.0453085975233991
1	0.0297550064535546
1	0.111121583239846
1	0.194573609600765
1	0.277250058686886
1	0.35726688966532
1	0.433439136765043
1	0.505077822520363
1	0.571841935184458
1	0.633630891513077
1	0.690506732433637
1	0.742638124472431
1	0.790260325736367
1	0.83364681496285
1	0.873089418424179
1	0.908884607775912
1	0.941324260195312
1	0.970689627932807
1	0.997247600221837
1	1.02124858777334
1	1.04292554202245
1	1.06249375503282
1	1.08015118415299
1	1.09607911750304
1	1.11044304904668
1	1.12339367046568
1	1.13506791505667
1	1.14559000918784
1	1.15507250152735
1	1.16361725079441
1	1.17131636029736
1	1.17825305282745
1	1.18450248317431
1	1.19013248806106
1	1.19520427498643
1	1.19977305254816
1	0
1	-0.124199591853435
1	-0.172407792876555
1	-0.168790318505662
1	-0.130774201274568
1	-0.0708497569237476
1	0.00210213503426981
1	0.0818330868552915
1	0.164008751135033
1	0.245681034938088
1	0.324900893990619
1	0.400434728061994
1	0.471557080431555
1	0.537899495704569
1	0.599340672103431
1	0.655926945042703
1	0.707815019111604
1	0.755230992126135
1	0.798441284646129
1	0.837732246809102
1	0.87339606903178
1	0.905721253505741
1	0.934986368148336
1	0.961456147114665
1	0.985379254152935
1	1.00698721064673
1	1.02649412660239
1	1.04409697300852
1	1.059976207443
1	1.07429661856373
1	1.08720829438278
1	1.09884764782128
1	1.10933845379906
1	1.1187928671143
1	1.12731240114868
1	1.13498885512668
1	1.14190518309547
1	1.14813630158834
1	1.15374983553993
1	1.15880680376686
1	1.16336224645488
1	0
1	-0.139707096860293
1	-0.1996124512852
1	-0.204852906366855
1	-0.173575434362329
1	-0.118804448480237
1	-0.0498173921405605
1	0.0268425992169146
1	0.106621835481863
1	0.186408753171879
1	0.264132261088316
1	0.338467445584698
1	0.408620358475564
1	0.474171017665679
1	0.534959221386222
1	0.59100181723513
1	0.642433050719252
1	0.689461820790665
1	0.732341295958931
1	0.771347544668769
1	0.806764719115764
1	0.838874984801953
1	0.867951869686919
1	0.894256061667895
1	0.918032944490895
1	0.939511354552502
1	0.958903182492552
1	0.976403547363856
1	0.992191347363488
1	1.00643004690549
1	1.01926860058459
1	1.03084244429308
1	1.041274505336
1	1.05067619900268
1	1.05914839028778
1	1.06678230748447
1	1.07366040006074
1	1.07985713721264
1	1.0854397462323
1	1.09046889167714
1	1.09499929753164
1	0
1	-0.141077904191216
1	-0.202017244652368
1	-0.20804070864648
1	-0.177358908497161
1	-0.123043469696654
1	-0.0544068904794501
1	0.0219816390848775
1	0.10154903978445
1	0.181169297931999
1	0.258760533822339
1	0.332989762033432
1	0.403056979982159
1	0.468537650799402
1	0.52926813409787
1	0.585262670859207
1	0.636653521288647
1	0.683648064020926
1	0.726498296132315
1	0.76547937720309
1	0.800874748879176
1	0.832966016522178
1	0.862026262577651
1	0.888315817268276
1	0.912079774399736
1	0.933546733025484
1	0.952928387601384
1	0.970419693475824
1	0.986199411002258
1	1.00043088753636
1	1.01326297748287
1	1.02483103036827
1	1.03525789857151
1	1.04465493201201
1	1.05312293836938
1	1.06075309546851
1	1.06762780817443
1	1.07382150614019
1	1.07940138150778
1	1.08442806751934
1	1.08895626020835
1	0
1	-0.141216082021626
1	-0.202259648615759
1	-0.208362040166119
1	-0.17774028393598
1	-0.123470764431324
1	-0.0548695134234891
1	0.0214916527026876
1	0.101037700307505
1	0.180641159118287
1	0.258219061944834
1	0.332437609727476
1	0.402496189597813
1	0.467969805564021
1	0.528694470624934
1	0.584684163014417
1	0.636070942818646
1	0.683062035423868
1	0.725909319825492
1	0.764887863989962
1	0.800281037939558
1	0.832370390573551
1	0.861428959429532
1	0.887717038676468
1	0.911479692893965
1	0.932945497211207
1	0.952326126308649
1	0.969816519033222
1	0.985595421843696
1	0.99982617029622
1	1.01265760869636
1	1.02422507786489
1	1.03465142262817
1	1.04404798631634
1	1.05251557083161
1	1.06014534891168
1	1.06701972092555
1	1.07321311254035
1	1.0787927123549
1	1.08381915045479
1	1.08834712005599
1	0
1	-0.161157330232702
1	-0.237242377661107
1	-0.254735264959902
1	-0.232778796731278
1	-0.185136158496365
1	-0.1216333273276
1	-0.0492211384755172
1	0.0272433195478807
1	0.104422368138434
1	0.180076098804304
1	0.252753291695718
1	0.321565260118132
1	0.386020749405371
1	0.445905750687511
1	0.501196323534499
1	0.551995647684841
1	0.598488832342049
1	0.640910715564024
1	0.679523143990631
1	0.714599151219119
1	0.746412137739394
1	0.775228660159412
1	0.801303809526656
1	0.824878432634707
1	0.846177651962427
1	0.865410288285761
1	0.882768899029801
1	0.898430225430688
1	0.912555900186801
1	0.925293310131554
1	0.936776539715091
1	0.947127343807795
1	0.956456114798343
1	0.964862820821955
1	0.972437900450288
1	0.979263105209175
1	0.985412285530558
1	0.990952118680963
1	0.995942779200663
1	1.00043855369947
1	0
1	-0.167682895064478
1	-0.248690109716871
1	-0.269910417570574
1	-0.250789574175529
1	-0.205315513499075
1	-0.143481086877874
1	-0.0723611595205855
1	0.00309488055496732
1	0.0794805662675573
1	0.15450463172646
1	0.226677432356918
1	0.295081460226296
1	0.359203778210503
1	0.418814008306442
1	0.473875801598038
1	0.524482887032194
1	0.570813136523026
1	0.613095811659933
1	0.651588432541993
1	0.686560650279515
1	0.718283198880695
1	0.747020514137076
1	0.773025984429077
1	0.796539076323931
1	0.817783782456808
1	0.836967989693265
1	0.85428347616301
1	0.869906326914061
1	0.883997617402409
1	0.896704257518958
1	0.908159920579706
1	0.918486004778344
1	0.927792591317912
1	0.936179375492098
1	0.943736555624412
1	0.950545670913543
1	0.956680383551736
1	0.962207203477379
1	0.967186156158306
1	0.971671395146706
1	0
1	-0.171705292302072
1	-0.255746560305423
1	-0.279264472509084
1	-0.261891525241268
1	-0.217754188757358
1	-0.156948176689734
1	-0.0866248070559399
1	-0.0117903618418773
1	0.0641062902420542
1	0.138742226296928
1	0.210604116517415
1	0.278756687387141
1	0.342673636585119
1	0.402114496076545
1	0.457035268280257
1	0.507523856618626
1	0.553753671897242
1	0.595950538336931
1	0.634369309131122
1	0.669277550404916
1	0.700944352531222
1	0.729632844017642
1	0.755595363710422
1	0.77907052739701
1	0.80028163127016
1	0.81943598652747
1	0.836724890936311
1	0.852324025066411
1	0.866394120886215
1	0.879081794296408
1	0.890520465187439
1	0.90083131189535
1	0.910124223806494
1	0.918498728033402
1	0.926044874809186
1	0.932844072452815
1	0.938969867124457
1	0.944488665620432
1	0.949460401519432
1	0.953939146356133
1	0
1	-0.171969355362354
1	-0.256209803448027
1	-0.279878549196992
1	-0.262620348129799
1	-0.218570765157088
1	-0.157832266633806
1	-0.0875611895652988
1	-0.0127675509229608
1	0.0630969969929991
1	0.137707453058663
1	0.209548932576407
1	0.277684995751607
1	0.341588462862418
1	0.401018203481812
1	0.455929717907679
1	0.506410527127303
1	0.552633749082618
1	0.594824982337455
1	0.63323890500774
1	0.66814294634309
1	0.699806088814745
1	0.728491375109497
1	0.754451075173583
1	0.777923748942306
1	0.799132646888241
1	0.818285042417433
1	0.835572201762338
1	0.851169778939423
1	0.865238483367798
1	0.877924911648227
1	0.889362467034232
1	0.899672313428601
1	0.908964327625267
1	0.917338025695979
1	0.924883448151981
1	0.931681994720227
1	0.937807203943591
1	0.943325475847303
1	0.948296737977699
1	0.952775056485157
1	0
1	-0.178582416592695
1	-0.267811029546443
1	-0.295257174033492
1	-0.280872618563907
1	-0.239020689977679
1	-0.179972966385679
1	-0.111011477775947
1	-0.0372397782004621
1	0.0378207692304664
1	0.111793117381239
1	0.183123441620965
1	0.25084609447459
1	0.314411923038556
1	0.373563208271248
1	0.428242875608462
1	0.478528868527314
1	0.52458697064096
1	0.566637129274052
1	0.604929637990395
1	0.639728498199432
1	0.671299990137848
1	0.699905007239585
1	0.725794093954032
1	0.749204411483726
1	0.770358065308324
1	0.789461382401379
1	0.80670483925098
1	0.822263424887133
1	0.836297284014918
1	0.848952529897623
1	0.860362149142034
1	0.87064694419184
1	0.879916476482883
1	0.888269985587049
1	0.895797268546132
1	0.902579509913003
1	0.908690057466878
1	0.914195141661269
1	0.919154538971273
1	0.923622180705581
1	0
1	-0.185818227914093
1	-0.280504739799702
1	-0.31208399958728
1	-0.300843700102118
1	-0.261396378389522
1	-0.204198649522139
1	-0.136670072943058
1	-0.0640165481450552
1	0.0101642863043407
1	0.0834384360997666
1	0.154209469714644
1	0.22147978151455
1	0.284676176205955
1	0.343522783987552
1	0.397948771261861
1	0.448021602084427
1	0.493899035067982
1	0.535794834122412
1	0.573954495367377
1	0.608638269573418
1	0.640109480274003
1	0.6686266692557
1	0.6944384929815
1	0.71778058220291
1	0.738873789583013
1	0.757923406537589
1	0.775119045440359
1	0.790634967713286
1	0.804630700168455
1	0.817251827215931
1	0.828630879580258
1	0.838888264207524
1	0.848133197478298
1	0.856464616426695
1	0.863972051697604
1	0.870736452406935
1	0.876830957606085
1	0.882321612208326
1	0.887268027391184
1	0.891723986923657
1	0
1	-0.187036364694995
1	-0.282641704772778
1	-0.31491676763532
1	-0.304205798406721
1	-0.265163288255162
1	-0.208277002917528
1	-0.140989654691537
1	-0.0685243727544145
1	0.00550836348016603
1	0.0786649727456861
1	0.149341850715663
1	0.216536011652788
1	0.279670212767235
1	0.338465528607541
1	0.392848809265897
1	0.442885754604688
1	0.48873277224119
1	0.53060258511772
1	0.568739881712205
1	0.603404281381379
1	0.634858609902647
1	0.663361013166658
1	0.689159829797041
1	0.712490432896423
1	0.733573464218301
1	0.752614040844029
1	0.769801629675116
1	0.785310369641922
1	0.799299683535277
1	0.811915066733684
1	0.823288973214674
1	0.833541743342972
1	0.842782535409667
1	0.851110235517144
1	0.858614329462814
1	0.865375726727172
1	0.871467531222631
1	0.876955756627074
1	0.881899986290455
1	0.886353979143713
1	0
1	-0.188049458636849
1	-0.284418965177454
1	-0.317272710082128
1	-0.30700197160969
1	-0.268296133124653
1	-0.211668867593468
1	-0.144582142964885
1	-0.0722734179144309
1	0.00163614873313644
1	0.074695002475109
1	0.14529357354644
1	0.212424401712598
1	0.275506877982161
1	0.334259535595737
1	0.388607298228058
1	0.43861439850611
1	0.48443612045799
1	0.526284321279277
1	0.564403017752439
1	0.599051304103113
1	0.630491592137417
1	0.658981698489253
1	0.684769697443187
1	0.708090747821703
1	0.729165315970067
1	0.748198373980045
1	0.765379267767536
1	0.780882034389696
1	0.794866010125471
1	0.807476616308041
1	0.818846243086361
1	0.829095175451099
1	0.838332523381773
1	0.846657130622121
1	0.85415844567103
1	0.860917345045203
1	0.867006903432844
1	0.872493108534139
1	0.877435520555547
1	0.881887877770812
1	0
1	-0.192626379833286
1	-0.292448211510586
1	-0.327916306373554
1	-0.31963442737007
1	-0.28244959263709
1	-0.226992517937632
1	-0.160812163742771
1	-0.089210726045879
1	-0.0158576107502213
1	0.0567596064274509
1	0.127004405267564
1	0.193849110804922
1	0.256697906337537
1	0.315257844071882
1	0.369445144579715
1	0.419317411862071
1	0.465024853834231
1	0.506775416450751
1	0.544810081931308
1	0.579385572082201
1	0.61076242848422
1	0.639196980266374
1	0.664936107491246
1	0.688214000913823
1	0.709250334426046
1	0.728249425090672
1	0.745400072238955
1	0.760875852688757
1	0.774835711878607
1	0.787424736622244
1	0.798775028706063
1	0.809006622953712
1	0.818228411084348
1	0.826539045475255
1	0.83402780611932
1	0.840775420610565
1	0.846854831609043
1	0.852331909453804
1	0.857266109794411
1	0.861711077580236
1	0
1	-0.200121044005069
1	-0.305596024688186
1	-0.345345092310784
1	-0.340319951443033
1	-0.305625745636453
1	-0.2520848471009
1	-0.187388665721004
1	-0.116945404221686
1	-0.0445034726304252
1	0.0273905689465863
1	0.0970560691812659
1	0.163432251682553
1	0.225898397269567
1	0.284142758066475
1	0.338067303398129
1	0.387718782954706
1	0.433239092565877
1	0.474829773566863
1	0.512726839110132
1	0.547183126188278
1	0.578456113906208
1	0.606799695618067
1	0.632458795859496
1	0.65566602018432
1	0.676639744849829
1	0.695583214315118
1	0.71268433288437
1	0.728115923738063
1	0.742036292317316
1	0.754589977663529
1	0.765908609372189
1	0.776111812620873
1	0.785308121729506
1	0.793595875714659
1	0.80106407864227
1	0.807793214246916
1	0.813856008993829
1	0.819318141044333
1	0.824238894837085
1	0.828671762503706
1	0
1	-0.207507095662004
1	-0.318553300034971
1	-0.362521300650406
1	-0.360705701338126
1	-0.328466030316159
1	-0.276813538760025
1	-0.213580021594013
1	-0.144278152027283
1	-0.0727341992854231
1	-0.00155285306354513
1	0.0675417437488526
1	0.13345619304001
1	0.19554523403635
1	0.253478591230132
1	0.30714418922807
1	0.356578080709927
1	0.401913969878329
1	0.443347086264776
1	0.481108545966142
1	0.515447357459952
1	0.546617981756569
1	0.574871911734471
1	0.600452144741809
1	0.623589724103952
1	0.644501747248831
1	0.663390401576029
1	0.680442709333371
1	0.695830750985647
1	0.709712201251399
1	0.722231059337988
1	0.733518489492977
1	0.743693713184453
1	0.752864912512532
1	0.761130117674288
1	0.768578060807438
1	0.775288985321118
1	0.781335404618834
1	0.786782807469214
1	0.7916903095812
1	0.796111252483287
1	0
1	-0.211228485013807
1	-0.325081695549053
1	-0.371175363983339
1	-0.370976860559832
1	-0.339973882704304
1	-0.289272846398077
1	-0.226776278184446
1	-0.158049487696696
1	-0.0869579727502265
1	-0.0161357110607705
1	0.0526712416874817
1	0.118353051250222
1	0.180252091814201
1	0.2380287529069
1	0.29156388284218
1	0.340888144716507
1	0.386131115461935
1	0.427484844469846
1	0.465177980503908
1	0.49945760308205
1	0.530576652577436
1	0.558785412412532
1	0.584325908941061
1	0.607428398374976
1	0.628309333816637
1	0.647170370076607
1	0.664198084987306
1	0.679564184803543
1	0.693426026460504
1	0.705927337175488
1	0.717199046735093
1	0.727360173202355
1	0.73651872121491
1	0.744772565374173
1	0.752210300809507
1	0.758912049844439
1	0.764950218533426
1	0.770390200221453
1	0.775291025604655
1	0.779705960331628
1	0
1	-0.211679974999886
1	-0.325873739842495
1	-0.372225300596883
1	-0.372222988039554
1	-0.341370049464443
1	-0.290784446529176
1	-0.22837728714671
1	-0.159720266957312
1	-0.0886836431051719
1	-0.0179049466154888
1	0.050867108302346
1	0.116520693323708
1	0.178396682472087
1	0.236154332729366
1	0.289673633892587
1	0.338984595177995
1	0.384216292784944
1	0.425560390280793
1	0.463245237085031
1	0.497517678688493
1	0.52863047097613
1	0.556833750635619
1	0.582369426216764
1	0.605467658436582
1	0.626344822225947
1	0.645202507780143
1	0.662227239013796
1	0.677590676781451
1	0.691450139463875
1	0.703949321279726
1	0.715219123570104
1	0.725378539720342
1	0.734535552837801
1	0.742788018646568
1	0.750224515653748
1	0.756925151492403
1	0.762962319193084
1	0.768401400523699
1	0.773301415866375
1	0.777715621663736
1	0
1	-0.215463681908997
1	-0.33251145841394
1	-0.381024282947073
1	-0.382666145806133
1	-0.353070609785806
1	-0.303452394958167
1	-0.241794525311115
1	-0.17372221434688
1	-0.103145604712691
1	-0.0327320059050391
1	0.0357475881252123
1	0.101164637685074
1	0.162847444696168
1	0.220445774854352
1	0.273832423165793
1	0.323031919010679
1	0.368169142203437
1	0.40943252291739
1	0.447047901921406
1	0.4812601634448
1	0.512320517271071
1	0.540477870378601
1	0.565973144062713
1	0.58903569874618
1	0.609881254244573
1	0.628710859245536
1	0.645710585806215
1	0.661051714304731
1	0.674891240016967
1	0.687372580616837
1	0.698626399058241
1	0.708771481915287
1	0.717915631861111
1	0.726156546418568
1	0.733582664792096
1	0.740273971501481
1	0.746302750430576
1	0.751734286325706
1	0.756627513132584
1	0.761035610143269
1	0
1	-0.221493339962176
1	-0.343089226248619
1	-0.395046208022676
1	-0.399308203936016
1	-0.371716445592623
1	-0.323639845809125
1	-0.263176032941796
1	-0.196035505747539
1	-0.126191967807453
1	-0.0563601831390928
1	0.0116533496479345
1	0.0766934598769891
1	0.138068414758465
1	0.195412854818494
1	0.24858810955342
1	0.297609975759637
1	0.342596645956077
1	0.383731397628278
1	0.421236073797456
1	0.455352433256251
1	0.486329221944293
1	0.514413387193852
1	0.539844277026448
1	0.562849976528067
1	0.583645161532448
1	0.602430017788862
1	0.619389897281203
1	0.634695474066134
1	0.648503228524483
1	0.660956137632641
1	0.672184484454282
1	0.682306725992274
1	0.691430377382501
1	0.699652884040731
1	0.707062463180782
1	0.713738903130984
1	0.719754313840668
1	0.725173825444029
1	0.730056234143025
1	0.734454596283736
1	0
1	-0.228081061075022
1	-0.35464599843648
1	-0.41036590460391
1	-0.417490534797323
1	-0.392088009805369
1	-0.345695706193329
1	-0.286536463666197
1	-0.220413959643397
1	-0.151371341396248
1	-0.0821752195225873
1	-0.0146708833541394
1	0.0499574006708543
1	0.110996010778543
1	0.1680630624452
1	0.221007358489789
1	0.269835154897917
1	0.314657337963628
1	0.355651555587864
1	0.393035283040565
1	0.427046864409101
1	0.457932353753042
1	0.48593655738738
1	0.511297104448594
1	0.534240686649607
1	0.554980839218659
1	0.573716805099093
1	0.590633149556604
1	0.605899884209507
1	0.619672926888486
1	0.632094773084525
1	0.64329529081108
1	0.65339257699697
1	0.662493832628382
1	0.670696227680728
1	0.678087736831304
1	0.684747934058869
1	0.690748739280069
1	0.696155113707152
1	0.701025703049714
1	0.70541342932884
1	0
1	-0.234080143367635
1	-0.365170127525184
1	-0.424316725975125
1	-0.434048202804218
1	-0.410639294543762
1	-0.365780788608433
1	-0.307809547924927
1	-0.242614102694803
1	-0.174300838812449
1	-0.105683580759892
1	-0.0386429424872188
1	0.0256103136265904
1	0.0863426326903696
1	0.143157081708803
1	0.195891056131426
1	0.244542123642063
1	0.289214517149836
1	0.330080757996635
1	0.367354343976907
1	0.401270509590106
1	0.43207285754583
1	0.460004244450111
1	0.485300734143535
1	0.508187749469336
1	0.528877786967843
1	0.547569231019895
1	0.564445930469352
1	0.579677293687664
1	0.593418726221436
1	0.605812285098862
1	0.616987460369553
1	0.627062021062311
1	0.636142882084141
1	0.644326962581777
1	0.651702016367586
1	0.658347422223736
1	0.664334927014358
1	0.669729338123589
1	0.674589164215753
1	0.678967204989405
1	0
1	-0.248471545294622
1	-0.390416817645357
1	-0.457783824403155
1	-0.473768954018818
1	-0.455142600534564
1	-0.413963573853489
1	-0.358842271075097
1	-0.295870778617176
1	-0.229307187651276
1	-0.162078585647123
1	-0.0961503279795641
1	-0.032796739038238
1	0.0272008080546731
1	0.0834092800151036
1	0.135638706767261
1	0.183865813333234
1	0.228178871591444
1	0.268738104607452
1	0.305747468474864
1	0.339434737997256
1	0.370037635257647
1	0.397794339639146
1	0.422937159940942
1	0.445688475071741
1	0.466258289828228
1	0.48484292895654
1	0.501624522651909
1	0.516771032136413
1	0.530436634021019
1	0.542762333490666
1	0.553876713884679
1	0.563896757621393
1	0.572928693322762
1	0.5810688384141
1	0.588404416867406
1	0.595014339201129
1	0.600969937137848
1	0.606335649038235
1	0.611169654804063
1	0.61552446069022
1	0
1	-0.252619401681637
1	-0.397693359944518
1	-0.467429633663006
1	-0.485217176537958
1	-0.46796923986642
1	-0.427850704137031
1	-0.373550803832302
1	-0.311220293869166
1	-0.245160989561267
1	-0.17833262277318
1	-0.112724972856077
1	-0.049630683894454
1	0.010155088930194
1	0.066188907592553
1	0.118272914788777
1	0.166377828317469
1	0.210587319805914
1	0.251058067739073
1	0.287991278123735
1	0.321612575747278
1	0.35215798779221
1	0.379864345583328
1	0.404962875650524
1	0.427675079586778
1	0.448210244024215
1	0.466764100085849
1	0.483518282622004
1	0.498640335760731
1	0.512284081912027
1	0.524590223101014
1	0.535687081337089
1	0.545691412323545
1	0.554709246882859
1	0.562836729013593
1	0.570160929978389
1	0.576760625333819
1	0.582707027151325
1	0.588064467432498
1	0.59289103132393
1	0.597239140504861
1	0
1	-0.254306898394387
1	-0.40065371827526
1	-0.471353894750918
1	-0.489874723970978
1	-0.473187576686348
1	-0.433500486703363
1	-0.379534762378905
1	-0.317465027079102
1	-0.251610884666471
1	-0.184945347915979
1	-0.119468132728167
1	-0.0564793362963085
1	0.00322027916217404
1	0.059183042600131
1	0.111207887906523
1	0.159263088926032
1	0.203430445738822
1	0.243865194767366
1	0.28076742318452
1	0.314361881073981
1	0.34488390607195
1	0.372569781064764
1	0.39765029227636
1	0.420346584376216
1	0.440867651821367
1	0.459408984227652
1	0.476152014921325
1	0.49126411834163
1	0.504898972796909
1	0.517197156976001
1	0.528286886569913
1	0.538284825046134
1	0.547296922755218
1	0.555419253139508
1	0.562738825334003
1	0.569334359987942
1	0.575277020494397
1	0.580631095584268
1	0.585454631854344
1	0.589800016575457
1	0
1	-0.262133279961094
1	-0.414383459907058
1	-0.489554087029418
1	-0.511475799161491
1	-0.497389517222164
1	-0.459703414269954
1	-0.407287552953979
1	-0.346427255280191
1	-0.281524625995369
1	-0.215614272941008
1	-0.150741996389973
1	-0.0882424600462297
1	-0.0289424308016346
1	0.0266907881137897
1	0.0784412485751416
1	0.126265889699293
1	0.17023783158394
1	0.21050562256073
1	0.247264160802036
1	0.280734139634148
1	0.311147698670751
1	0.338738577214765
1	0.36373551941063
1	0.386358014564911
1	0.406813702066064
1	0.425296951452319
1	0.441988261408535
1	0.457054219380225
1	0.470647835351731
1	0.482909115994887
1	0.493965783910404
1	0.503934074788565
1	0.512919565762034
1	0.521018003042946
1	0.528316107626697
1	0.534892345509741
1	0.540817654321447
1	0.54615612210911
1	0.550965616680739
1	0.555298365725626
1	0
1	-0.273724473085453
1	-0.434717772187295
1	-0.516509320658448
1	-0.543467880315841
1	-0.533233586968037
1	-0.498511028140959
1	-0.448390577711164
1	-0.38932150692499
1	-0.325828107733383
1	-0.261036212805758
1	-0.197059875266578
1	-0.135284953244414
1	-0.0765767276239484
1	-0.0214315777058243
1	0.029912507510192
1	0.0773956799427089
1	0.121078204278239
1	0.16109872351073
1	0.197644450689332
1	0.2309300709157
1	0.261182987400582
1	0.288633172295201
1	0.313506345340242
1	0.336019544181679
1	0.35637840129565
1	0.374775627339357
1	0.391390336755301
1	0.406387951418891
1	0.419920491499134
1	0.432127116487138
1	0.443134818696595
1	0.453059200262149
1	0.462005285565413
1	0.470068336177119
1	0.477334646346051
1	0.483882304917415
1	0.489781915155245
1	0.495097267886162
1	0.499885966124631
1	0.504200001213119
1	0
1	-0.27494590959614
1	-0.436860525842793
1	-0.519349762203626
1	-0.546839085985142
1	-0.537010700765513
1	-0.502600429116867
1	-0.45272186048762
1	-0.393841542480903
1	-0.330496642677526
1	-0.265822606677537
1	-0.201940679835228
1	-0.140242114955857
1	-0.0815962513843993
1	-0.0265025323488977
1	0.0247987305660522
1	0.0722459203069907
1	0.115897946905357
1	0.155892409567716
1	0.192415711513724
1	0.225681904720829
1	0.255917893295379
1	0.283353252420265
1	0.308213383135833
1	0.330715064741248
1	0.351063718231746
1	0.36945187945786
1	0.386058516995816
1	0.401048929897613
1	0.414575034029226
1	0.426775899609031
1	0.437778441995809
1	0.447698196562486
1	0.456640129443837
1	0.464699451140902
1	0.471962410933502
1	0.47850705792406
1	0.484403960142442
1	0.489716877095269
1	0.494503383894053
1	0.498815446975918
1	0
1	-0.295434125121542
1	-0.472802794088057
1	-0.566994955429559
1	-0.603387246883185
1	-0.600367511266561
1	-0.571195503712328
1	-0.525374228620584
1	-0.469660024933126
1	-0.408806034354099
1	-0.346108948518847
1	-0.283810654299648
1	-0.223392894099661
1	-0.165793083343456
1	-0.111562059174709
1	-0.0609790919107156
1	-0.0141354711099484
1	0.0290049904528318
1	0.0685623836318179
1	0.104709527673106
1	0.137649854611923
1	0.167601896643017
1	0.194788570254604
1	0.219429930649441
1	0.241738423651262
1	0.261915922902441
1	0.280152032069425
1	0.296623272986721
1	0.311492884482567
1	0.324911032857581
1	0.337015290881079
1	0.347931283080285
1	0.357773424975806
1	0.366645705677659
1	0.374642479050522
1	0.381849240070803
1	0.388343371200656
1	0.394194849456674
1	0.399466908987883
1	0.40421665686536
1	0.408495641767273
1	0
1	-0.315421106665855
1	-0.50786575265505
1	-0.613474532750544
1	-0.6585519852096
1	-0.66217432897701
1	-0.638112433996977
1	-0.596249192778579
1	-0.543623646001614
1	-0.485199625794283
1	-0.424431125023339
1	-0.36367772064444
1	-0.304509430875734
1	-0.247930081774031
1	-0.194540647072108
1	-0.144658402713983
1	-0.0984035848400966
1	-0.0557621731292808
1	-0.0166311567466018
1	0.0191490319056213
1	0.0517714647319849
1	0.0814465068302828
1	0.108390578895705
1	0.132818521076668
1	0.154938551737793
1	0.174949083952812
1	0.193036860938506
1	0.209376017645982
1	0.224127783082064
1	0.237440616784258
1	0.249450630707162
1	0.260282190125995
1	0.270048618105678
1	0.278852950633888
1	0.286788705896125
1	0.293940643019041
1	0.300385494133544
1	0.306192659701795
1	0.311424861367843
1	0.316138749612702
1	0.320385465575849
1	0
1	-0.326890139173722
1	-0.527985759807469
1	-0.640145682772093
1	-0.690206898971886
1	-0.697640634880048
1	-0.676511050969718
1	-0.636919029097773
1	-0.58606583130875
1	-0.529036189193196
1	-0.469374359019196
1	-0.409507451271126
1	-0.35105613904914
1	-0.295062356500474
1	-0.242155846993228
1	-0.192675695055542
1	-0.146758747104342
1	-0.104403702745321
1	-0.0655173520880092
1	-0.02994773166375
1	0.00249228552863245
1	0.0320083781013665
1	0.0588132393002927
1	0.0831187167445333
1	0.105130602976387
1	0.125045325308297
1	0.143047985559111
1	0.15931134902623
1	0.173995491430422
1	0.187247892925608
1	0.199203827214177
1	0.209986936980887
1	0.219709918412119
1	0.22847526056999
1	0.236376002106279
1	0.243496479898545
1	0.249913052901278
1	0.255694790735213
1	0.260904120956155
1	0.265597432042262
1	0.269825631277063
1	0
1	-0.335556168521285
1	-0.543188487006684
1	-0.660298469736594
1	-0.714125430153166
1	-0.724439063395663
1	-0.705525140986755
1	-0.667649258074013
1	-0.618135251566652
1	-0.56215920498818
1	-0.50333357785612
1	-0.444136509156288
1	-0.386226946943045
1	-0.330675619931068
1	-0.278134009896108
1	-0.22895767998644
1	-0.183296027385015
1	-0.141157362905739
1	-0.102455882276036
1	-0.0670453677259593
1	-0.0347431842380721
1	-0.00534719432023678
1	0.0213524788034332
1	0.0455654215895192
1	0.0674955936229709
1	0.0873379217700845
1	0.105276267605368
1	0.121482361512492
1	0.136115407786428
1	0.149322146556437
1	0.161237218139461
1	0.171983719229119
1	0.181673872340816
1	0.190409753278363
1	0.198284038356669
1	0.205380745400837
1	0.211775951392333
1	0.217538475967287
1	0.222730524467703
1	0.22740828740173
1	0.231622495350766
1	0
1	-0.335642881278908
1	-0.543340606315997
1	-0.660500119611225
1	-0.714364760267783
1	-0.724707209918524
1	-0.705815457538247
1	-0.667956746404603
1	-0.618456139917524
1	-0.56249063567289
1	-0.503673375633623
1	-0.44448300937948
1	-0.38657886794608
1	-0.331031968168096
1	-0.27849400933696
1	-0.229320719486911
1	-0.183661621384541
1	-0.141525122014027
1	-0.102825491203803
1	-0.0674165686756956
1	-0.0351157643592992
1	-0.0057209761951138
1	0.0209776444109946
1	0.0451896612902942
1	0.067119015687064
1	0.0869606194540551
1	0.104898321755824
1	0.121103842620638
1	0.135736377623936
1	0.14894265949025
1	0.160857322198836
1	0.171603456980095
1	0.181293281609853
1	0.190028867756839
1	0.197902888110398
1	0.204999357303178
1	0.211394349495205
1	0.217156681821252
1	0.222348557399839
1	0.227026164758216
1	0.231240232709691
1	0
1	-0.336642656316889
1	-0.545094501502988
1	-0.662825089045875
1	-0.717124172850079
1	-0.727798868025425
1	-0.70916273018012
1	-0.671502005093408
1	-0.622155897277034
1	-0.566311943338297
1	-0.507591153654078
1	-0.448478064816504
1	-0.39063642353327
1	-0.335140568585999
1	-0.282644707164084
1	-0.233506468393072
1	-0.187876822985562
1	-0.145765286743351
1	-0.107086983859847
1	-0.0716964169217138
1	-0.0394115140858706
1	-0.0100305818217232
1	0.0166559035367748
1	0.040857244957031
1	0.0627771722202732
1	0.0826104240770698
1	0.100540706608532
1	0.116739620447888
1	0.131366260636673
1	0.144567274524889
1	0.156477223019924
1	0.16721913436274
1	0.176905171683099
1	0.185637358973296
1	0.193508327120912
1	0.200602053950421
1	0.206994581091429
1	0.2127546968387
1	0.217944578674582
1	0.222620392287091
1	0.226832846103915
