group	y
1	0
1	0.0172153778984577
1	0.0345652120047094
1	0.0520401936197966
1	0.0696313146516869
1	0.0873298591953816
1	0.105127395338524
1	0.123015767186564
1	0.140987087101693
1	0.159033728149911
1	0.17714831675074
1	0.195323725524231
1	0.213553066330076
1	0.231829683493735
1	0.250147147214665
1	0.268499247151825
1	0.286879986181795
1	0.305283574324938
1	0.323704422835171
1	0.342137138449027
1	0.360576517789798
1	0.379017541922659
1	0.397455371056787
1	0.415885339390582
1	0.434302950096214
1	0.452703870439808
1	0.471083927033684
1	0.489439101217142
1	0.507765524562417
1	0.526059474502461
1	0.544317370077357
1	0.562535767796192
1	0.580711357611362
1	0.598840959002301
1	0.616921517165757
1	0.634950099309781
1	0.652923891048674
1	0.670840192896225
1	0.688696416854629
1	0.706490083096539
1	0.72421881673779
1	0
1	0.0172240462087522
1	0.0345822618581647
1	0.0520653463364399
1	0.069664299421608
1	0.0873704128673625
1	0.105175262214245
1	0.12307069882024
1	0.141048842105001
1	0.159102072002065
1	0.177223021613578
1	0.195404570062193
1	0.213639835534928
1	0.231922168513933
1	0.250245145189218
1	0.26860256104856
1	0.286988424639889
1	0.305396951501616
1	0.323822558256457
1	0.342259856864451
1	0.360703649030936
1	0.379148920765423
1	0.397590837087358
1	0.416024736874894
1	0.434446127852896
1	0.452850681716489
1	0.471234229386573
1	0.489592756393805
1	0.507922398387658
1	0.526219436767232
1	0.544480294430609
1	0.562701531639601
1	0.580879841996845
1	0.599012048532252
1	0.617095099895938
1	0.635126066654783
1	0.653102137689895
1	0.671020616692295
1	0.688878918754211
1	0.706674567053454
1	0.724405189628397
1	0
1	0.0174995647477851
1	0.0351241841654153
1	0.0528648146880382
1	0.0707127062402684
1	0.0886593940040548
1	0.106696690407128
1	0.124816677326214
1	0.143011698499343
1	0.161274352141758
1	0.179597483760027
1	0.197974179159157
1	0.216397757637595
1	0.234861765365175
1	0.253359968939171
1	0.271886349113761
1	0.290435094698314
1	0.309000596620059
1	0.327577442146773
1	0.346160409265278
1	0.364744461211616
1	0.383324741148905
1	0.401896566988966
1	0.420455426353914
1	0.438996971674029
1	0.45751701541828
1	0.476011525454009
1	0.49447662053235
1	0.512908565896058
1	0.531303769006497
1	0.549658775386649
1	0.567970264577058
1	0.586235046201712
1	0.604450056140974
1	0.622612352808688
1	0.640719113530732
1	0.658767631022308
1	0.676755309961348
1	0.694679663655507
1	0.712538310800223
1	0.730328972325467
1	0
1	0.0178379566654
1	0.0357897732375427
1	0.053846721856679
1	0.0720003596775013
1	0.0902425208605845
1	0.108565308778547
1	0.12696108843127
1	0.145422479064657
1	0.163942346987578
1	0.182513798581749
1	0.201130173499481
1	0.219785038044313
1	0.238472178729728
1	0.257185596011233
1	0.27591949818723
1	0.294668295464223
1	0.313426594182016
1	0.332189191194679
1	0.350951068403158
1	0.369707387435535
1	0.388453484471015
1	0.407184865203857
1	0.425897199943541
1	0.444586318847561
1	0.463248207283345
1	0.481879001315881
1	0.500474983317715
1	0.519032577698092
1	0.537548346748072
1	0.556018986598562
1	0.574441323288261
1	0.592812308938607
1	0.6111290180329
1	0.62938864379682
1	0.647588494677664
1	0.665725990919683
1	0.683798661232955
1	0.701804139553334
1	0.719740161891031
1	0.737604563265489
1	0
1	0.0184863330646948
1	0.0370650762915802
1	0.0557281067281979
1	0.0744675701979445
1	0.0932758737198912
1	0.112145678132094
1	0.131069890913029
1	0.150041659195922
1	0.169054362970884
1	0.188101608469897
1	0.207177221729819
1	0.22627524232871
1	0.245389917290903
1	0.264515695156363
1	0.283647220209985
1	0.30277932686662
1	0.321907034207699
1	0.341025540665456
1	0.36013021885084
1	0.379216610521329
1	0.398280421684923
1	0.417317517836742
1	0.436323919324689
1	0.455295796840787
1	0.474229467034847
1	0.493121388247234
1	0.511968156357576
1	0.530766500746337
1	0.549513280366274
1	0.568205479920861
1	0.586840206146832
1	0.605414684198101
1	0.623926254128361
1	0.642372367469731
1	0.660750583904923
1	0.679058568030436
1	0.69729408620835
1	0.715455003504381
1	0.733539280709903
1	0.751544971445689
1	0
1	0.018565375393134
1	0.0372205460510694
1	0.0559574627644402
1	0.0747683431201203
1	0.0936456639732662
1	0.112582154121481
1	0.131570787175769
1	0.150604774623092
1	0.16967755907546
1	0.188782807700646
1	0.207914405829719
1	0.227066450736732
1	0.246233245586018
1	0.265409293542659
1	0.284589292041832
1	0.303768127212819
1	0.322940868453592
1	0.342102763152013
1	0.361249231549742
1	0.380375861745104
1	0.399478404831224
1	0.418552770165853
1	0.437595020769414
1	0.456601368847841
1	0.475568171436949
1	0.49449192616508
1	0.513369267130908
1	0.532196960893358
1	0.550971902570649
1	0.569691112045583
1	0.588351730274257
1	0.606951015695453
1	0.625486340738041
1	0.643955188423787
1	0.662355149063032
1	0.68068391704079
1	0.698939287690842
1	0.717119154255507
1	0.735221504928799
1	0.753244419980762
1	0
1	0.0186214224396087
1	0.0373307859820982
1	0.0561200937075859
1	0.0749816140887312
1	0.0939078734998074
1	0.112891648926925
1	0.131925960874104
1	0.151004066460015
1	0.170119452700378
1	0.189265829971095
1	0.208437125647357
1	0.227627477914084
1	0.246831229743151
1	0.266042923033025
1	0.28525729290649
1	0.304469262162305
1	0.323673935876716
1	0.34286659615086
1	0.36204269700021
1	0.38119785938229
1	0.400327866359019
1	0.419428658390108
1	0.438496328754049
1	0.457527119093314
1	0.476517415080475
1	0.49546374220205
1	0.514362761656938
1	0.53321126636643
1	0.552006177092817
1	0.570744538663734
1	0.589423516299418
1	0.608040392040163
1	0.626592561271314
1	0.645077529343199
1	0.663492908283488
1	0.681836413599527
1	0.700105861168245
1	0.718299164211322
1	0.736414330353339
1	0.754449458760707
1	0
1	0.0188118452736839
1	0.0377053320360859
1	0.0566726410236365
1	0.0757062135961686
1	0.0947987443718003
1	0.113943174059673
1	0.133132682485321
1	0.152360681803597
1	0.17162080989419
1	0.190906923934928
1	0.210213094148159
1	0.229533597715647
1	0.248862912857532
1	0.268195713071013
1	0.287526861524532
1	0.306851405603364
1	0.326164571602587
1	0.345461759563555
1	0.364738538250064
1	0.383990640260527
1	0.403213957272549
1	0.422404535416404
1	0.441558570774
1	0.46067240500001
1	0.479742521061926
1	0.498765539095902
1	0.517738212375298
1	0.536657423388952
1	0.555520180026265
1	0.574323611866268
1	0.59306496656791
1	0.611741606358887
1	0.63035100462039
1	0.648890742565232
1	0.667358506006865
1	0.685752082216888
1	0.704069356868673
1	0.722308311064849
1	0.74046701844638
1	0.758543642381096
1	0
1	0.0189392461729736
1	0.0379559191273618
1	0.0570423184591541
1	0.076191001196987
1	0.0953947745211995
1	0.114646688678538
1	0.133940030087345
1	0.153268314628209
1	0.172625281115174
1	0.192004884942738
1	0.211401291904016
1	0.230808872175521
1	0.250222194464178
1	0.269636020312282
1	0.289045298556217
1	0.308445159934885
1	0.327830911843872
1	0.347198033231503
1	0.366542169633041
1	0.385859128339356
1	0.405144873696522
1	0.424395522532874
1	0.443607339710137
1	0.462776733795358
1	0.481900252850431
1	0.500974580336106
1	0.519996531127434
1	0.538963047637719
1	0.557871196048066
1	0.576718162639764
1	0.595501250226734
1	0.61421787468542
1	0.632865561579523
1	0.651441942877052
1	0.669944753757258
1	0.688371829505047
1	0.706721102490555
1	0.724990599231624
1	0.743178437536959
1	0.761282823727848
1	0
1	0.0189888195026325
1	0.0380534257898214
1	0.0571861647073405
1	0.0763796382920462
1	0.0956266975236866
1	0.1149204352715
1	0.134254179430463
1	0.153621486242183
1	0.173016133795558
1	0.19243211570246
1	0.211863634943819
1	0.231305097881599
1	0.2507511084323
1	0.270196462397696
1	0.289636141948671
1	0.309065310258096
1	0.328479306278807
1	0.347873639662849
1	0.367243985818249
1	0.386586181099674
1	0.405896218129436
1	0.425170241245393
1	0.444404542072384
1	0.463595555213921
1	0.482739854060968
1	0.50183414671469
1	0.52087527202015
1	0.53986019570803
1	0.558786006641493
1	0.5776499131654
1	0.596449239555184
1	0.615181422562709
1	0.633844008056559
1	0.652434647754246
1	0.670951096043888
1	0.689391206892986
1	0.707752930841989
1	0.72603431208038
1	0.744233485603106
1	0.762348674445191
1	0
1	0.0191878887452709
1	0.0384449786183604
1	0.0577638011880824
1	0.0771371392286449
1	0.0965580196029822
1	0.11601970633743
1	0.135515693882693
1	0.155039700556186
1	0.174585662160963
1	0.194147725776564
1	0.213720243717242
1	0.233297767653153
1	0.252875042890188
1	0.272447002804276
1	0.292008763426047
1	0.311555618171907
1	0.331083032717631
1	0.350586640010718
1	0.370062235417821
1	0.389505772003704
1	0.408913355938209
1	0.428281242027872
1	0.447605829368878
1	0.466883657118129
1	0.486111400379319
1	0.505285866200944
1	0.524403989683295
1	0.543462830191538
1	0.562459567672069
1	0.581391499069402
1	0.600256034840921
1	0.619050695566911
1	0.637773108653311
1	0.656421005124756
1	0.67499221650549
1	0.693484671785822
1	0.711896394471846
1	0.730225499716222
1	0.748470191527841
1	0.766628760058304
1	0
1	0.0196097013951969
1	0.0392746494103068
1	0.0589877691472019
1	0.0787422263488508
1	0.0985314205613399
1	0.118348978479933
1	0.138188747474308
1	0.158044789288246
1	0.177911373909152
1	0.197782973602929
1	0.217654257109839
1	0.237520083997086
1	0.25737549916398
1	0.27721572749566
1	0.297036168661424
1	0.316832392053867
1	0.336600131865075
1	0.356335282296271
1	0.376033892897362
1	0.395692164032963
1	0.415306442471531
1	0.434873217094371
1	0.454389114721307
1	0.47385089604996
1	0.493255451705593
1	0.512599798398608
1	0.531881075186831
1	0.551096539839809
1	0.570243565302415
1	0.58931963625511
1	0.608322345768316
1	0.627249392048386
1	0.646098575272741
1	0.664867794511807
1	0.683555044735437
1	0.702158413901585
1	0.720676080125026
1	0.739106308924012
1	0.757447450542765
1	0.775697937347817
1	0
1	0.0196486964984172
1	0.0393513495713296
1	0.0591009207013634
1	0.078890611035609
1	0.0987138545734056
1	0.11856431153749
1	0.138435861923665
1	0.158322599224277
1	0.178218824320902
1	0.198119039541789
1	0.218017942879673
1	0.237910422365764
1	0.257791550595737
1	0.277656579403733
1	0.297500934680457
1	0.317320211331532
1	0.337110168372441
1	0.356866724156397
1	0.376585951731661
1	0.396264074324852
1	0.415897460946929
1	0.435482622118588
1	0.455016205711908
1	0.474494992905174
1	0.493915894247863
1	0.513275945832887
1	0.532572305573231
1	0.551802249580236
1	0.570963168640804
1	0.59005256479093
1	0.609068047982973
1	0.628007332844193
1	0.646868235524131
1	0.665648670628456
1	0.684346648236998
1	0.702960271003711
1	0.721487731336405
1	0.7399273086541
1	0.758277366719966
1	0.776536351047808
1	0
1	0.0197127506087515
1	0.0394773387384583
1	0.0592867856314762
1	0.07913435059039
1	0.0990135242081185
1	0.118918021780274
1	0.138841776894961
1	0.158778935195333
1	0.178723848310335
1	0.198671067949195
1	0.218615340155337
1	0.238551599715492
1	0.258474964719915
1	0.278380731269709
1	0.298264368327359
1	0.31812151270669
1	0.337947964198569
1	0.35773968082874
1	0.377492774244311
1	0.397203505225474
1	0.416868279319148
1	0.436483642591314
1	0.456046277494891
1	0.475552998850097
1	0.49500074993431
1	0.514386598678527
1	0.533707733967584
1	0.5529614620414
1	0.572145202994549
1	0.591256487371556
1	0.610292952855374
1	0.629252341046566
1	0.648132494330783
1	0.666931352832189
1	0.685646951450549
1	0.704277416979756
1	0.722820965305629
1	0.741275898680867
1	0.759640603075118
1	0.777913545598152
1	0
1	0.0197627333020299
1	0.0395756505854907
1	0.0594318197244412
1	0.0793245454013525
1	0.0992473623702364
1	0.119194028901163
1	0.139158520401373
1	0.159135023208329
1	0.179117928550155
1	0.199101826669039
1	0.219081501103307
1	0.239051923123953
1	0.259008246321557
1	0.278945801339609
1	0.298860090750358
1	0.318746784069433
1	0.33860171290554
1	0.358420866241687
1	0.378200385844427
1	0.397936561797752
1	0.417625828158314
1	0.437264758728787
1	0.456850062946204
1	0.476378581882251
1	0.495847284352538
1	0.515253263131949
1	0.534593731273271
1	0.553866018526352
1	0.573067567855122
1	0.592195932049878
1	0.611248770432306
1	0.630223845650773
1	0.649119020563486
1	0.667932255207198
1	0.686661603849162
1	0.705305212120143
1	0.723861314226317
1	0.742328230237956
1	0.760704363452864
1	0.77898819783257
1	0
1	0.0198446606253684
1	0.0397367948926809
1	0.0596695471106645
1	0.0796362963445893
1	0.0996306497335252
1	0.119646435987569
1	0.139677699060287
1	0.159718691991747
1	0.179763870917631
1	0.199807889240037
1	0.219845591955703
1	0.239872010137483
1	0.25988235556503
1	0.279872015500735
1	0.299836547607081
1	0.319771675001669
1	0.339673281446272
1	0.359537406666372
1	0.379360241797726
1	0.399138124956583
1	0.418867536930298
1	0.438545096985137
1	0.45816755878817
1	0.477731806440228
1	0.497234850616986
1	0.516673824815292
1	0.536045981701952
1	0.555348689562264
1	0.574579428845635
1	0.593735788805715
1	0.612815464232537
1	0.631816252274212
1	0.6507360493458
1	0.66957284812305
1	0.688324734618736
1	0.706989885339399
1	0.725566564520364
1	0.744053121436933
1	0.762447987789731
1	0.78074967516224
1	0
1	0.0199116489869116
1	0.0398685554906204
1	0.0598639263171135
1	0.0798912013511971
1	0.0999440469180129
1	0.120016349323363
1	0.140102208568124
1	0.160195932232143
1	0.180292029523152
1	0.200385205486324
1	0.220470355370231
1	0.240542559145073
1	0.260597076169144
1	0.280629339999615
1	0.300634953343824
1	0.320609683147343
1	0.340549455815209
1	0.36045035256279
1	0.380308604892862
1	0.400120590195538
1	0.419882827467806
1	0.439591973149509
1	0.459244817072668
1	0.47883827852115
1	0.498369402397762
1	0.517835355495904
1	0.537233422873022
1	0.556561004323151
1	0.575815610945921
1	0.59499486180946
1	0.614096480704705
1	0.633118292988685
1	0.652058222514423
1	0.670914288645135
1	0.689684603350506
1	0.708367368382842
1	0.726960872530979
1	0.745463488949884
1	0.763873672563917
1	0.782189957541812
1	0
1	0.0202257047900577
1	0.0404862774270235
1	0.0607752177174396
1	0.0810862506811405
1	0.101413320120263
1	0.121750582361628
1	0.142092400167913
1	0.162433336813153
1	0.182768150318233
1	0.203091787842127
1	0.223399380224787
1	0.243686236677654
1	0.263947839617887
1	0.28417983964252
1	0.30437805063883
1	0.324538445027315
1	0.344657149133773
1	0.364730438687058
1	0.38475473443919
1	0.404726597904567
1	0.42464272721514
1	0.44449995308845
1	0.464295234905561
1	0.484025656895959
1	0.503688424426579
1	0.523280860392204
1	0.542800401704541
1	0.562244595877345
1	0.581611097705064
1	0.600897666032488
1	0.620102160613008
1	0.639222539053122
1	0.65825685384089
1	0.677203249456106
1	0.696059959560022
1	0.714825304262494
1	0.733497687464489
1	0.752075594273963
1	0.770557588493126
1	0.78894231017522
1	0
1	0.020332775539617
1	0.0406968767857596
1	0.0610859034373737
1	0.0814936777251105
1	0.101914238051078
1	0.122341832800108
1	0.142770914318014
1	0.163196133052409
1	0.18361233185181
1	0.204014540418825
1	0.224397969913351
1	0.24475800770183
1	0.265090212248671
1	0.285390308146104
1	0.305654181278783
1	0.325877874119581
1	0.346057581153092
1	0.366189644423469
1	0.386270549203299
1	0.406296919780302
1	0.42626551535874
1	0.446173226072487
1	0.466017069106804
1	0.48579418492593
1	0.505501833603684
1	0.525137391254348
1	0.544698346561157
1	0.564182297399816
1	0.583586947554507
1	0.602910103523948
1	0.622149671415082
1	0.641303653922094
1	0.660370147388464
1	0.679347338949866
1	0.698233503755743
1	0.717027002267478
1	0.73572627763111
1	0.754329853122621
1	0.772836329663844
1	0.791244383407128
1	0
1	0.0204385735043315
1	0.0409049726813815
1	0.0613928959350461
1	0.0818962615512167
1	0.102409201407431
1	0.122926054852212
1	0.143441362749599
1	0.163949861684526
1	0.184446478324769
1	0.204926323935345
1	0.225384689041308
1	0.245817038235047
1	0.266219005124222
1	0.286586387416653
1	0.306915142138519
1	0.327201380982327
1	0.347441365781244
1	0.367631504106411
1	0.387768344984005
1	0.407848574728859
1	0.427869012891561
1	0.447826608316018
1	0.467718435304547
1	0.487541689887662
1	0.507293686195749
1	0.526971852929948
1	0.546573729929601
1	0.566096964833687
1	0.585539309833774
1	0.604898618516024
1	0.624172842789915
1	0.643360029901344
1	0.662458319527893
1	0.681465940954046
1	0.700381210324257
1	0.719202527971762
1	0.737928375821153
1	0.756557314862724
1	0.775087982696678
1	0.793519091145347
1	0
1	0.0208247100538434
1	0.0416644715178654
1	0.0625133430447533
1	0.0833655934983999
1	0.104215695918673
1	0.125058321649184
1	0.145888334623743
1	0.166700785807305
1	0.187490907787333
1	0.20825410951157
1	0.228985971168379
1	0.249682239205857
1	0.270338821486049
1	0.290951782570702
1	0.311517339135046
1	0.332031855506247
1	0.352491839323189
1	0.372893937314403
1	0.393234931190989
1	0.413511733651487
1	0.433721384495735
1	0.453861046844812
1	0.473928003464253
1	0.493919653187801
1	0.513833507439013
1	0.533667186848136
1	0.55341841796171
1	0.573085030042439
1	0.592664951956924
1	0.612156209148935
1	0.631556920695925
1	0.650865296446592
1	0.670079634237319
1	0.689198317185394
1	0.708219811056963
1	0.727142661707733
1	0.745965492594472
1	0.764687002355433
1	0.783305962457848
1	0.801821214910716
1	0
1	0.020960716210447
1	0.0419319844425696
1	0.0629079902369487
1	0.0838831259390971
1	0.104851984754087
1	0.12580935496182
1	0.146750214288695
1	0.167669724431531
1	0.188563225729723
1	0.209426231981705
1	0.230254425401907
1	0.251043651714476
1	0.271789915380148
1	0.292489374952745
1	0.313138338561859
1	0.333733259518378
1	0.354270732039604
1	0.374747487090789
1	0.395160388340005
1	0.415506428223331
1	0.435782724117446
1	0.455986514616768
1	0.476115155912363
1	0.496166118269926
1	0.516136982604198
1	0.536025437147263
1	0.555829274208223
1	0.575546387021826
1	0.595174766683677
1	0.614712499169738
1	0.634157762437862
1	0.653508823609185
1	0.672764036227253
1	0.691921837592794
1	0.710980746172153
1	0.729939359077389
1	0.748796349616153
1	0.767550464909468
1	0.786200523575607
1	0.804745413478303
1	0
1	0.0216600057716785
1	0.0433074294989676
1	0.0649371091295288
1	0.0865440719022493
1	0.108123528863885
1	0.129670869534238
1	0.151181656715937
1	0.172651621444987
1	0.194076658078376
1	0.215452819515086
1	0.236776312546995
1	0.258043493336218
1	0.279250863015534
1	0.300395063408643
1	0.321472872867071
1	0.342481202220621
1	0.363417090838383
1	0.384277702797329
1	0.405060323155677
1	0.425762354328214
1	0.446381312560885
1	0.466914824501996
1	0.487360623867486
1	0.507716548197739
1	0.527980535703524
1	0.548150622198681
1	0.568224938117249
1	0.588201705612781
1	0.608079235737667
1	0.627855925700331
1	0.647530256198217
1	0.667100788824564
1	0.686566163546978
1	0.705925096255905
1	0.725176376381136
1	0.744318864574513
1	0.763351490457093
1	0.782273250429024
1	0.801083205540476
1	0.81978047942198
1	0
1	0.0217066910928529
1	0.0433992556862519
1	0.0650725752832552
1	0.0867217195089126
1	0.108341940657753
1	0.129928668389001
1	0.151477504565599
1	0.172984218233249
1	0.194444740735747
1	0.215855160963006
1	0.237211720728257
1	0.258510810271001
1	0.279748963882376
1	0.300922855649697
1	0.32202929531701
1	0.343065224258573
1	0.364027711562286
1	0.384913950220123
1	0.405721253422762
1	0.426447050955608
1	0.447088885693545
1	0.467644410191773
1	0.488111383370197
1	0.508487667288852
1	0.528771224011975
1	0.548960112558336
1	0.569052485935556
1	0.589046588256163
1	0.608940751933203
1	0.628733394953313
1	0.648423018225159
1	0.668008203001251
1	0.687487608371173
1	0.706859968824321
1	0.726124091880294
1	0.745278855785134
1	0.764323207271656
1	0.783256159382149
1	0.802076789351798
1	0.820784236551176
1	0
1	0.0217463241598189
1	0.0434772106694957
1	0.0651875780080351
1	0.0868725317838233
1	0.108527359308302
1	0.130147524316679
1	0.15172866183179
1	0.173266573167312
1	0.194757221066645
1	0.216196724973867
1	0.237581356433259
1	0.258907534614001
1	0.280171821956709
1	0.301370919938593
1	0.322501664954085
1	0.343561024307873
1	0.364546092317361
1	0.385454086521648
1	0.406282343994196
1	0.427028317756442
1	0.44768957328966
1	0.468263785142465
1	0.488748733631432
1	0.509142301632327
1	0.529442471459563
1	0.549647321831519
1	0.56975502491945
1	0.589763843477746
1	0.609672128053386
1	0.629478314272476
1	0.649180920201808
1	0.668778543783448
1	0.688269860340405
1	0.707653620151478
1	0.72692864609344
1	0.746093831348766
1	0.765148137177135
1	0.78409059074903
1	0.802920283039748
1	0.821636366782228
1	0
1	0.0218657681485356
1	0.0437121471720619
1	0.0655341669856873
1	0.0873270416424271
1	0.109086163985793
1	0.130807100447352
1	0.152485585985421
1	0.17411751916115
1	0.195698957348369
1	0.217226112073639
1	0.23869534448307
1	0.260103160932537
1	0.281446208698029
1	0.302721271802935
1	0.323925266959179
1	0.345055239619168
1	0.366108360135625
1	0.387081920026433
1	0.407973328341705
1	0.428780108130366
1	0.449499893003601
1	0.47013042379259
1	0.490669545298033
1	0.511115203129013
1	0.531465440628829
1	0.551718395885476
1	0.571872298824523
1	0.591925468382202
1	0.611876309756549
1	0.631723311734549
1	0.651465044093223
1	0.671100155072717
1	0.690627368919455
1	0.710045483497482
1	0.729353367966196
1	0.748549960522674
1	0.76763426620688
1	0.786605354768071
1	0.805462358590761
1	0.824204470678658
1	0
1	0.0220140817294006
1	0.0440038677881085
1	0.0659645264614235
1	0.0878914064580384
1	0.109780031660619
1	0.131626096018785
1	0.153425458580722
1	0.175174138659753
1	0.196868311132295
1	0.218504301863714
1	0.240078583258695
1	0.26158776993282
1	0.283028614502145
1	0.304398003487636
1	0.325692953331432
1	0.346910606521952
1	0.368048227824961
1	0.389103200617785
1	0.410073023323933
1	0.43095530594545
1	0.451747766690422
1	0.472448228693075
1	0.493054616824039
1	0.513564954588347
1	0.533977361108855
1	0.554290048192796
1	0.574501317479269
1	0.594609557665483
1	0.614613241809686
1	0.634510924708715
1	0.654301240348176
1	0.673982899423334
1	0.693554686928804
1	0.713015459815228
1	0.732364144711128
1	0.751599735708207
1	0.770721292208401
1	0.789727936831025
1	0.80861885337841
1	0.827393284858467
1	0
1	0.0220965643526143
1	0.0441661043244844
1	0.0662038651536495
1	0.0882052704357648
1	0.110165916929177
1	0.132081569500972
1	0.153948156210264
1	0.17576176352509
1	0.197518631669366
1	0.219215150096462
1	0.240847853086037
1	0.262413415460869
1	0.283908648420487
1	0.305330495488523
1	0.326676028570747
1	0.347942444120862
1	0.36912705941119
1	0.390227308905464
1	0.411240740731015
1	0.432165013247711
1	0.452997891711075
1	0.473737245027078
1	0.494381042596176
1	0.514927351244196
1	0.535374332237785
1	0.555720238382152
1	0.575963411198916
1	0.596102278181929
1	0.616135350128991
1	0.636061218547437
1	0.655878553131625
1	0.675586099310401
1	0.69518267586268
1	0.714667172599327
1	0.734038548109552
1	0.75329582757011
1	0.772438100615624
1	0.791464519268387
1	0.810374295926066
1	0.829166701405743
1	0
1	0.0221538385800638
1	0.0442787580195657
1	0.0663700569909353
1	0.0884232110897854
1	0.110433867677828
1	0.132397840865771
1	0.15431110663249
1	0.176169798076866
1	0.197970200798767
1	0.219708748405757
1	0.241382018142198
1	0.262986726637499
1	0.284519725770342
1	0.305977998645829
1	0.327358655682529
1	0.348658930806523
1	0.369876177749599
1	0.391007866448835
1	0.412051579544868
1	0.433005008976237
1	0.453865952667233
1	0.47463231130678
1	0.495302085215923
1	0.515873371301554
1	0.536344360094096
1	0.556713332866903
1	0.576978658835194
1	0.597138792432404
1	0.617192270661899
1	0.637137710522026
1	0.65697380650256
1	0.676699328150627
1	0.696313117704263
1	0.715814087791789
1	0.735201219195257
1	0.75447355867624
1	0.773630216862313
1	0.79267036619259
1	0.811593238920746
1	0.830398125173976
1	0
1	0.022442687058656
1	0.0448468992216566
1	0.0672082046446371
1	0.0895223411722063
1	0.111785211371702
1	0.133992877701928
1	0.15614155781329
1	0.17822761997586
1	0.200247578631956
1	0.222198090069965
1	0.244075948216159
1	0.265878080541403
1	0.287601544079687
1	0.309243521555521
1	0.3308013176173
1	0.352272355173826
1	0.373654171831239
1	0.394944416427704
1	0.41614084566323
1	0.437241320822123
1	0.458243804585572
1	0.479146357932005
1	0.499947137122853
1	0.520644390771455
1	0.541236456992899
1	0.561721760632624
1	0.582098810571702
1	0.602366197106741
1	0.622522589402422
1	0.642566733014746
1	0.662497447483071
1	0.682313623989143
1	0.702014223081292
1	0.721598272462083
1	0.7410648648377
1	0.760413155827436
1	0.779642361931655
1	0.798751758556682
1	0.817740678095088
1	0.83660850805988
1	0
1	0.022470688938285
1	0.0449019766159734
1	0.0672894573132497
1	0.0896288942979649
1	0.111916214877893
1	0.134147505587481
1	0.156319007505535
1	0.17842711170036
1	0.200468354798982
1	0.222439414677165
1	0.244337106267009
1	0.266158377479011
1	0.287900305235562
1	0.309560091612905
1	0.331135060088685
1	0.352622651892282
1	0.374020422455196
1	0.395326037958823
1	0.416537271977039
1	0.437652002211056
1	0.458668207314118
1	0.479583963803621
1	0.500397443058347
1	0.521106908398534
1	0.541710712246593
1	0.562207293366291
1	0.582595174178348
1	0.602872958150373
1	0.623039327259184
1	0.643093039523561
1	0.663032926605565
1	0.682857891478583
1	0.702566906160317
1	0.722159009508991
1	0.741633305081067
1	0.760988959048846
1	0.780225198176334
1	0.799341307851822
1	0.818336630175659
1	0.83721056210174
1	0
1	0.022561660857083
1	0.0450809108985922
1	0.0675534292775992
1	0.0899750618564503
1	0.112341816319128
1	0.13464985741653
1	0.15689550234115
1	0.179075216227718
1	0.201185607776471
1	0.223223424995796
1	0.245185551061077
1	0.267069000286666
1	0.28887091420797
1	0.310588557770738
1	0.332219315624686
1	0.353760688518707
1	0.37521028979495
1	0.396565841979144
1	0.417825173464616
1	0.438986215287494
1	0.46004699799069
1	0.481005648574273
1	0.501860387529958
1	0.522609525957454
1	0.543251462760492
1	0.563784681920421
1	0.584207749845277
1	0.60451931279235
1	0.624718094362247
1	0.644802893062577
1	0.664772579939374
1	0.684626096274464
1	0.704362451347005
1	0.72398072025749
1	0.743480041812535
1	0.762859616468838
1	0.782118704334704
1	0.801256623227626
1	0.820272746786381
1	0.839166502636219
1	0
1	0.0226051894896073
1	0.0451665281389123
1	0.0676797357113284
1	0.0901406975893691
1	0.112545459915768
1	0.134890224866766
1	0.157171346054058
1	0.179385324051994
1	0.201528802046709
1	0.223598561603947
1	0.245591518552431
1	0.267504718979712
1	0.289335335337511
1	0.311080662653645
1	0.332738114847705
1	0.354305221147735
1	0.375779622605218
1	0.397159068705761
1	0.418441414072936
1	0.439624615262792
1	0.460706727646626
1	0.481685902379675
1	0.502560383453421
1	0.523328504829296
1	0.543988687651615
1	0.564539437537625
1	0.584979341942606
1	0.605307067598032
1	0.625521358020843
1	0.645621031091912
1	0.665604976701887
1	0.685472154462579
1	0.705221591482167
1	0.7248523802025
1	0.744363676296839
1	0.763754696626424
1	0.783024717254286
1	0.802173071514779
1	0.821199148137324
1	0.840102389422929
1	0
1	0.0227326100514117
1	0.0454171539047377
1	0.0680494702012944
1	0.0906255600102508
1	0.113141582053934
1	0.135593848063095
1	0.157978818258689
1	0.180293096956809
1	0.202533428293523
1	0.224696692066405
1	0.246779899689694
1	0.268780190260041
1	0.290694826729918
1	0.312521192185828
1	0.334256786228525
1	0.355899221452544
1	0.377446220022392
1	0.398895610342828
1	0.420245323820736
1	0.44149339171615
1	0.462637942080055
1	0.483677196776658
1	0.504609468587871
1	0.52543315839783
1	0.546146752455298
1	0.56674881971189
1	0.587238009234085
1	0.607613047687072
1	0.627872736888491
1	0.648015951430225
1	0.668041636366404
1	0.687948804965869
1	0.707736536527361
1	0.727403974255761
1	0.746950323197746
1	0.766374848235274
1	0.785676872135347
1	0.804855773654539
1	0.823910985696832
1	0.842841993523319
1	0
1	0.0227480476615506
1	0.0454475184142703
1	0.068094265302102
1	0.0906843034102057
1	0.113213805100465
1	0.135679095376682
1	0.158076647376035
1	0.180403077983425
1	0.202655143565485
1	0.224829735821046
1	0.24692387774499
1	0.268934719702465
1	0.290859535610541
1	0.31269571922445
1	0.334440780525631
1	0.356092342208868
1	0.377648136265896
1	0.399106000662909
1	0.420463876109455
1	0.441719802916313
1	0.462871917939961
1	0.483918451611332
1	0.504857725046632
1	0.525688147238
1	0.546408212321915
1	0.567016496923252
1	0.587511657572983
1	0.607892428197552
1	0.628157617678008
1	0.648306107477042
1	0.668336849332107
1	0.688248863012848
1	0.708041234141141
1	0.727713112072053
1	0.747263707834084
1	0.766692292127133
1	0.785998193376612
1	0.805180795842213
1	0.824239537779877
1	0.843173909655517
1	0
1	0.022762144329483
1	0.0454752454007637
1	0.06813516940937
1	0.0907379442389955
1	0.11327975470632
1	0.135756937935275
1	0.158165978857329
1	0.18050350583444
1	0.202766286401436
1	0.224951223124637
1	0.247055349573649
1	0.26907582640331
1	0.291009937542884
1	0.312855086489626
1	0.334608792703969
1	0.356268688103618
1	0.377832513653927
1	0.399298116051993
1	0.420663444501986
1	0.441926547579261
1	0.463085570180923
1	0.484138750560516
1	0.505084417444597
1	0.525920987229036
1	0.546646961252882
1	0.567260923147758
1	0.587761536260746
1	0.608147541148817
1	0.628417753142889
1	0.648571059979649
1	0.668606419499343
1	0.688522857407748
1	0.708319465100637
1	0.727995397549041
1	0.747549871243694
1	0.766982162197077
1	0.786291604001507
1	0.805477585941786
1	0.824539551160932
1	0.843476994877576
1	0
1	0.0231903527108322
1	0.046317496070426
1	0.0693776957743092
1	0.0923673684816978
1	0.115283077343229
1	0.138121527650728
1	0.160879562605769
1	0.183554159203874
1	0.20614242423129
1	0.228641590371339
1	0.251049012417439
1	0.273362163589967
1	0.295578631954187
1	0.31769611693657
1	0.339712425936888
1	0.36162547103352
1	0.383433265779509
1	0.405133922086935
1	0.42672564719727
1	0.448206740735406
1	0.469575591845139
1	0.490830676403933
1	0.511970554314849
1	0.532993866873581
1	0.553899334208593
1	0.574685752792411
1	0.595351993022157
1	0.615896996867488
1	0.636319775584136
1	0.656619407491282
1	0.676795035811076
1	0.696845866568621
1	0.716771166550816
1	0.736570261322476
1	0.756242533298189
1	0.775787419868423
1	0.795204411578433
1	0.814493050358528
1	0.83365292780435
1	0.852683683505794
1	0
1	0.0234733452382346
1	0.0468741190981281
1	0.0701988512950636
1	0.0934442154205646
1	0.116607024657
1	0.13968422760942
1	0.162672904251416
1	0.185570261981976
1	0.208373631790373
1	0.231080464526245
1	0.253688327272034
1	0.276194899815093
1	0.29859797121679
1	0.320895436476033
1	0.343085293284715
1	0.365165638872605
1	0.387134666939333
1	0.408990664671128
1	0.430732009840053
1	0.452357167983543
1	0.473864689662107
1	0.495253207793091
1	0.516521435058497
1	0.537668161384855
1	0.558692251493245
1	0.579592642517577
1	0.600368341689321
1	0.621018424086893
1	0.641542030447977
1	0.6619383650431
1	0.682206693608815
1	0.702346341338888
1	0.722356690931961
1	0.742237180694137
1	0.761987302695053
1	0.781606600975977
1	0.801094669808545
1	0.820451152002782
1	0.839675737263063
1	0.858768160590751
1	0
1	0.023494429636094
1	0.0469155903747074
1	0.0702600316020596
1	0.0935244460524514
1	0.116705665536901
1	0.139800656788544
1	0.162806517421707
1	0.185720472001615
1	0.208539868221824
1	0.231262173186481
1	0.253884969794652
1	0.276405953223993
1	0.298822927511112
1	0.321133802226071
1	0.343336589238503
1	0.365429399572908
1	0.387410440350763
1	0.409278011817121
1	0.431030504449451
1	0.452666396146525
1	0.474184249495226
1	0.495582709113181
1	0.516860499065206
1	0.538016420351593
1	0.559049348466314
1	0.579958231023278
1	0.600742085448815
1	0.621399996738627
1	0.641931115277471
1	0.662334654719896
1	0.682609889930406
1	0.702756154981448
1	0.722772841207682
1	0.742659395315018
1	0.762415317542957
1	0.782040159878799
1	0.801533524322331
1	0.820895061199633
1	0.840124467524687
1	0.859221485407499
1	0
1	0.0236376607505102
1	0.0471973141972384
1	0.0706756433548725
1	0.0940694709989592
1	0.11737575548917
1	0.140591586706857
1	0.163714182103855
1	0.186740882859583
1	0.209669150143558
1	0.232496561480527
1	0.255220807215481
1	0.277839687075895
1	0.300351106828611
1	0.322753075028845
1	0.345043699858849
1	0.367221186053869
1	0.389283831913041
1	0.411230026392987
1	0.433058246281889
1	0.454767053451899
1	0.4763550921878
1	0.497821086589874
1	0.519163838048999
1	0.540382222792049
1	0.561475189495711
1	0.582441756966893
1	0.603281011887945
1	0.623992106624956
1	0.644574257097431
1	0.665026740707722
1	0.685348894328593
1	0.705540112347373
1	0.725599844765174
1	0.745527595349698
1	0.765322919840197
1	0.78498542420318
1	0.804514762937507
1	0.823910637427545
1	0.843172794343088
1	0.862301024084784
1	0
1	0.0236568188930435
1	0.0472349966880091
1	0.0707312342733077
1	0.0941423718183931
1	0.117465384609687
1	0.140697379000456
1	0.163835588471626
1	0.18687736980056
1	0.209820199334964
1	0.232661669369097
1	0.255399484619576
1	0.278031458798131
1	0.300555511278722
1	0.322969663856504
1	0.345272037596204
1	0.36746084976752
1	0.389534410865226
1	0.411491121711723
1	0.433329470639842
1	0.455048030753751
1	0.476645457265885
1	0.498120484907876
1	0.519471925413492
1	0.540698665071679
1	0.561799662347812
1	0.58277394557135
1	0.603620610688112
1	0.624338819075435
1	0.644927795418548
1	0.665386825646506
1	0.685715254926104
1	0.705912485712199
1	0.725977975852942
1	0.745911236748442
1	0.765711831561422
1	0.78537937347848
1	0.804913524020586
1	0.824313991401504
1	0.843580528932831
1	0.86271293347442
1	0
1	0.0240040490690948
1	0.0479179698876103
1	0.0717387872947755
1	0.095463656714483
1	0.119089860220626
1	0.142614802710378
1	0.166036008182543
1	0.189351116118188
1	0.212557877960824
1	0.235654153693501
1	0.258637908510228
1	0.281507209579208
1	0.304260222895442
1	0.326895210220323
1	0.349410526105897
1	0.371804615001535
1	0.394076008440822
1	0.416223322306511
1	0.438245254171472
1	0.460140580713594
1	0.481908155202674
1	0.503546905057361
1	0.525055829470291
1	0.546433997099574
1	0.567680543824879
1	0.588794670566365
1	0.609775641164793
1	0.630622780321167
1	0.651335471594316
1	0.67191315545486
1	0.692355327394048
1	0.712661536085993
1	0.732831381601873
1	0.752864513674701
1	0.772760630013303
1	0.792519474664181
1	0.812140836419975
1	0.831624547273264
1	0.850970480914492
1	0.870178551272822
1	0
1	0.0240081827595159
1	0.047926100516708
1	0.0717507819673609
1	0.0954793862883942
1	0.119109199205931
1	0.142637629171237
1	0.166062203641661
1	0.189380565463788
1	0.212590469356077
1	0.235689778488349
1	0.258676461155532
1	0.281548587543166
1	0.304304326582215
1	0.326941942890812
1	0.349459793800613
1	0.371856326465508
1	0.394130075050493
1	0.416279657998563
1	0.438303775373539
1	0.460201206276807
1	0.481970806335987
1	0.503611505263621
1	0.525122304483995
1	0.546502274826281
1	0.567750554282222
1	0.588866345826627
1	0.609848915299005
1	0.630697589344688
1	0.651411753413857
1	0.671990849816911
1	0.692434375834676
1	0.712741881881967
1	0.732912969723095
1	0.752947290737892
1	0.772844544236921
1	0.792604475824541
1	0.812226875808529
1	0.831711577655022
1	0.851058456487542
1	0.870267427628936
1	0
1	0.0242116921296735
1	0.0483263867109149
1	0.0723413023049971
1	0.0962537828574362
1	0.120061293900517
1	0.143761418860165
1	0.16735185546439
1	0.190830412250594
1	0.214195005169117
1	0.237443654280458
1	0.260574480543664
1	0.283585702693483
1	0.306475634203885
1	0.329242680335668
1	0.351885335265902
1	0.37440217929702
1	0.396791876143443
1	0.419053170293653
1	0.441184884445711
1	0.463185917014248
1	0.485055239707029
1	0.506791895169218
1	0.528394994693533
1	0.549863715994543
1	0.571197301045362
1	0.592395053975099
1	0.613456339025406
1	0.634380578564566
1	0.655167251157554
1	0.675815889690584
1	0.696326079548677
1	0.716697456844812
1	0.7369297066993
1	0.757022561567997
1	0.776975799618073
1	0.796789243150031
1	0.816462757064756
1	0.835996247374349
1	0.855389659755603
1	0.87464297814493
1	0
1	0.0242591416302569
1	0.0484197159762498
1	0.0724789858675943
1	0.096434338329777
1	0.12028328081803
1	0.14402343755473
1	0.167652545967573
1	0.191168453225824
1	0.21456911287206
1	0.237852581546836
1	0.261017015803809
1	0.284060669012915
1	0.306981888349242
1	0.32977911186532
1	0.352450865644593
1	0.374995761033924
1	0.397412491953001
1	0.419699832278614
1	0.441856633301771
1	0.463881821255748
1	0.485774394913129
1	0.507533423250035
1	0.529158043175707
1	0.550647457325721
1	0.57200093191711
1	0.593217794663746
1	0.614297432750369
1	0.635239290863672
1	0.656042869278935
1	0.676707722000699
1	0.697233454956036
1	0.717619724238997
1	0.737866234404871
1	0.757972736812907
1	0.777939028016188
1	0.797764948197414
1	0.817450379649323
1	0.836995245298571
1	0.856399507271891
1	0.875663165503384
1	0
1	0.0243433829870104
1	0.0485854117968577
1	0.07272342785272
1	0.096754894663821
1	0.120677394114963
1	0.144488622858127
1	0.168186388803419
1	0.191768607706724
1	0.215233299851487
1	0.238578586822121
1	0.261802688366585
1	0.284903919345777
1	0.307880686767404
1	0.330731486902096
1	0.353454902479553
1	0.376049599962594
1	0.398514326897036
1	0.42084790933536
1	0.44304924933221
1	0.465117322509788
1	0.487051175691287
1	0.508849924600538
1	0.530512751626094
1	0.552038903648031
1	0.573427689925784
1	0.594678480045378
1	0.615790701924468
1	0.63676383987363
1	0.657597432712396
1	0.678291071938566
1	0.69884439994936
1	0.719257108313018
1	0.739528936089493
1	0.759659668198916
1	0.779649133836543
1	0.799497204932934
1	0.819203794658149
1	0.838768855968769
1	0.858192380196582
1	0.877474395677824
1	0
1	0.0245511342591775
1	0.0489940414634572
1	0.0733262568590179
1	0.0975454325749534
1	0.121649334050066
1	0.145635836558127
1	0.169502921828985
1	0.193248674762963
1	0.216871280236069
1	0.240369019993583
1	0.263740269629683
1	0.286983495650796
1	0.310097252620458
1	0.333080180383487
1	0.35593100136737
1	0.378648517958789
1	0.40123160995328
1	0.423679232076076
1	0.445990411572219
1	0.468164245864097
1	0.490199900274594
1	0.512096605814102
1	0.533853657029681
1	0.555470409914696
1	0.576946279877319
1	0.598280739766311
1	0.619473317952541
1	0.640523596464762
1	0.661431209178164
1	0.682195840054303
1	0.702817221431018
1	0.723295132360985
1	0.743629396997611
1	0.76381988302698
1	0.783866500144622
1	0.803769198575881
1	0.823527967638725
1	0.843142834347831
1	0.862613862058851
1	0.881941149151755
1	0
1	0.0247029213810512
1	0.0492925942489992
1	0.0737666954608783
1	0.0981230149551295
1	0.122359452278679
1	0.146474013209854
1	0.170464806474589
1	0.194330040553426
1	0.2180680205769
1	0.241677145306938
1	0.265155904201997
1	0.288502874563682
1	0.311716718762684
1	0.334796181541917
1	0.357740087394792
1	0.380547338016607
1	0.40321690982712
1	0.425747851562378
1	0.448139281933964
1	0.470390387353852
1	0.492500419723105
1	0.514468694282721
1	0.536294587524947
1	0.55797753516344
1	0.579517030160706
1	0.600912620811267
1	0.622163908879069
1	0.643270547787664
1	0.664232240861755
1	0.685048739618718
1	0.705719842108759
1	0.726245391302384
1	0.746625273523933
1	0.766859416929908
1	0.786947790030904
1	0.806890400255958
1	0.826687292558179
1	0.846338548060534
1	0.865844282740709
1	0.885204646153989
1	0
1	0.0247461019670598
1	0.0493775269104469
1	0.0738919919728246
1	0.0982873262968059
1	0.12256146758056
1	0.146712458728509
1	0.17073844459459
1	0.194637668815597
1	0.218408470732218
1	0.242049282395422
1	0.265558625655913
1	0.288935109334443
1	0.312177426470816
1	0.335284351649485
1	0.358254738399698
1	0.381087516668191
1	0.403781690362498
1	0.426336334962977
1	0.448750595201726
1	0.471023682806583
1	0.493154874308479
1	0.515143508910437
1	0.536988986416572
1	0.558690765219465
1	0.580248360344375
1	0.601661341548727
1	0.622929331475418
1	0.644052003858481
1	0.6650290817797
1	0.685860335974816
1	0.706545583187965
1	0.727084684573079
1	0.74747754414096
1	0.767724107250809
1	0.787824359145001
1	0.80777832352595
1	0.82758606117392
1	0.847247668604668
1	0.866763276765861
1	0.886133049771201
1	0
1	0.0249903577787553
1	0.0498579580041148
1	0.0746007456989077
1	0.0992167717685258
1	0.123704189717909
1	0.148061252459391
1	0.172286309208988
1	0.196377802468761
1	0.220334265092965
1	0.244154317435739
1	0.267836664578165
1	0.291380093632575
1	0.314783471122032
1	0.33804574043299
1	0.361165919339162
1	0.384143097594695
1	0.406976434594801
1	0.429665157102027
1	0.452208557036414
1	0.474605989327827
1	0.496856869828789
1	0.518960673286201
1	0.540916931370358
1	0.562725230759722
1	0.584385211279973
1	0.605896564095846
1	0.62725902995436
1	0.64847239747805
1	0.669536501506846
1	0.690451221487302
1	0.711216479907882
1	0.731832240779084
1	0.752298508157164
1	0.772615324710307
1	0.792782770326083
1	0.812800960759079
1	0.832670046317621
1	0.852390210588514
1	0.871961669198795
1	0.891384668613475
1	0
1	0.0249938716450199
1	0.0498648694900721
1	0.0746109418362717
1	0.099230142779292
1	0.123720628928671
1	0.148080656217918
1	0.172308576803003
1	0.196402836046866
1	0.220361969587649
1	0.244184600488423
1	0.267869436466223
1	0.291415267198285
1	0.314820961703405
1	0.338085465796422
1	0.361207799613872
1	0.384187055208895
1	0.407022394213547
1	0.429713045566724
1	0.452258303305913
1	0.474657524421085
1	0.496910126769045
1	0.519015587046629
1	0.540973438821159
1	0.562783270616622
1	0.584444724054075
1	0.605957492044819
1	0.627321317034923
1	0.648535989299707
1	0.669601345286856
1	0.690517266006837
1	0.711283675469354
1	0.7319005391646
1	0.752367862588086
1	0.772685689807885
1	0.792854102073133
1	0.812873216462682
1	0.832743184572806
1	0.852464191242919
1	0.872036453318254
1	0.891460218448528
1	0
1	0.025618627427269
1	0.051093712732973
1	0.0764237870884983
1	0.101607471812781
1	0.126643475504386
1	0.151530591253568
1	0.176267693932175
1	0.200853737559316
1	0.22528775274076
1	0.24956884418009
1	0.273696188259706
1	0.297669030689777
1	0.321486684223352
1	0.345148526435828
1	0.368653997567068
1	0.392002598424476
1	0.415193888345389
1	0.438227483217209
1	0.461103053553703
1	0.483820322625966
1	0.506379064646588
1	0.528779103005571
1	0.551020308556618
1	0.573102597952432
1	0.595025932027702
1	0.616790314228483
1	0.638395789086731
1	0.659842440738763
1	0.681130391486453
1	0.702259800400017
1	0.723230861961253
1	0.744043804746144
1	0.764698890145754
1	0.785196411124387
1	0.805536691013989
1	0.825720082343803
1	0.845746965704347
1	0.865617748644742
1	0.885332864602516
1	0.904892771864978
1	0
1	0.0256655218280226
1	0.0511859501625947
1	0.0765598599255614
1	0.101785915011847
1	0.126862865452518
1	0.151789544657013
1	0.176564866732429
1	0.201187823877795
1	0.225657483851332
1	0.249972987508741
1	0.274133546410617
1	0.29813844049713
1	0.321987015828187
1	0.345678682387293
1	0.369212911947422
1	0.392589235997223
1	0.415807243725942
1	0.438866580065478
1	0.461766943788047
1	0.484508085657942
1	0.50708980663595
1	0.529511956134988
1	0.551774430325604
1	0.573877170489963
1	0.595820161423045
1	0.617603429879761
1	0.639227043066746
1	0.660691107177632
1	0.681995765970614
1	0.703141199387177
1	0.724127622210854
1	0.744955282764944
1	0.765624461648128
1	0.786135470506953
1	0.806488650844188
1	0.826684372862074
1	0.846723034339518
1	0.866605059542316
1	0.886330898165493
1	0.905901024306896
1	0
1	0.0258702986656925
1	0.0515887293611601
1	0.0771540580562287
1	0.102565134565168
1	0.12782088984505
1	0.152920333369723
1	0.1778625505774
1	0.20264670038986
1	0.227272012801366
1	0.251737786535419
1	0.276043386767535
1	0.300188242912265
1	0.324171846472741
1	0.347993748951066
1	0.371653559817908
1	0.395150944539717
1	0.418485622662002
1	0.441657365947168
1	0.464665996565443
1	0.487511385337458
1	0.510193450027095
1	0.532712153683245
1	0.555067503029154
1	0.577259546898071
1	0.599288374713953
1	0.621154115016001
1	0.64285693402585
1	0.664397034256249
1	0.685774653160111
1	0.706990061818847
1	0.728043563668903
1	0.748935493265475
1	0.769666215082391
1	0.790236122347167
1	0.8106456359103
1	0.830895203147847
1	0.85098529689639
1	0.870916414419513
1	0.890689076404915
1	0.910303825991342
1	0
1	0.0259652297063691
1	0.0517754509109102
1	0.0774295181500271
1	0.102926367427019
1	0.128265013573159
1	0.153444547682749
1	0.178464134620175
1	0.203323010597033
1	0.228020480817441
1	0.252555917189714
1	0.276928756102618
1	0.301138496264471
1	0.325184696603398
1	0.349066974227103
1	0.372785002440553
1	0.396338508820013
1	0.419727273341929
1	0.442951126565159
1	0.46600994786514
1	0.488903663718567
1	0.511632246037243
1	0.53419571054975
1	0.556594115229677
1	0.578827558769116
1	0.600896179096227
1	0.622800151935671
1	0.644539689410741
1	0.666115038686082
1	0.687526480649879
1	0.708774328634452
1	0.729858927174223
1	0.75078065080002
1	0.771539902868755
1	0.792137114427487
1	0.812572743110964
1	0.832847272071702
1	0.852961208941739
1	0.872915084825185
1	0.89270945332073
1	0.912344889573301
1	0
1	0.0260654873784339
1	0.0519726495065316
1	0.0777204344567921
1	0.103307869257657
1	0.128734057320828
1	0.153998175940825
1	0.179099473864854
1	0.2040372689311
1	0.228810945773602
1	0.253419953591927
1	0.277863803983905
1	0.302142068839732
1	0.326254378295777
1	0.350200418746513
1	0.373979930912977
1	0.397592707966271
1	0.421038593704584
1	0.444317480782331
1	0.467429308989971
1	0.490374063583157
1	0.513151773659878
1	0.535762510584297
1	0.558206386456026
1	0.580483552623608
1	0.602594198241005
1	0.624538548865934
1	0.646316865098918
1	0.667929441261938
1	0.689376604115624
1	0.710658711613931
1	0.731776151695283
1	0.752729341109196
1	0.773518724277415
1	0.794144772188619
1	0.814607981325787
1	0.834908872625335
1	0.855047990467146
1	0.875025901694667
1	0.894843194664232
1	0.91450047832283
1	0
1	0.0261037422108821
1	0.0520478936158266
1	0.0778314379774459
1	0.103453437056202
1	0.128913028063001
1	0.154209421183359
1	0.179341897171244
1	0.204309805010701
1	0.229112559643457
1	0.253749639760726
1	0.278220585657497
1	0.302524997147616
1	0.326662531538039
1	0.350632901660651
1	0.374435873960115
1	0.398071266636232
1	0.421538947839346
1	0.444838833917371
1	0.467970887713032
1	0.490935116909983
1	0.513731572426468
1	0.536360346855248
1	0.558821572948539
1	0.58111542214675
1	0.603242103149821
1	0.62520186053003
1	0.646994973385118
1	0.668621754030662
1	0.690082546730618
1	0.711377726465
1	0.732507697733688
1	0.753472893395377
1	0.77427377354072
1	0.794910824398726
1	0.815384557275505
1	0.835695507524491
1	0.855844233547265
1	0.875831315824158
1	0.895657355973809
1	0.915322975840897
1	0
1	0.0261512071020457
1	0.0521412531531669
1	0.0779691661986776
1	0.103634051092984
1	0.129135086983536
1	0.154471524865536
1	0.179642685205512
1	0.204647955631905
1	0.229486788690872
1	0.254158699665548
1	0.278663264457074
1	0.303000117525723
1	0.327168949890499
1	0.351169507185653
1	0.375001587772573
1	0.398665040905558
1	0.422159764950019
1	0.445485705651707
1	0.468642854455572
1	0.491631246872932
1	0.514450960895631
1	0.537102115455927
1	0.55958486893087
1	0.581899417689956
1	0.60404599468491
1	0.626024868080422
1	0.647836339924762
1	0.669480744859157
1	0.690958448864911
1	0.712269848047214
1	0.733415367454659
1	0.754395459933495
1	0.775210605015658
1	0.795861307839676
1	0.816348098103544
1	0.836671529048687
1	0.856832176474183
1	0.876830637780402
1	0.89666753104126
1	0.916343494104315
1	0
1	0.0262101818111411
1	0.0522572515557957
1	0.0781402923001445
1	0.103858462442439
1	0.129410993235917
1	0.154797186381454
1	0.180016411688086
1	0.205068104799576
1	0.229951764985251
1	0.254666952993387
1	0.279213288965459
1	0.303590450409614
1	0.327798170231781
1	0.351836234822863
1	0.375704482200499
1	0.399402800203924
1	0.422931124740505
1	0.446289438082548
1	0.469477767213014
1	0.492496182218849
1	0.515344794730607
1	0.53802375640714
1	0.560533257464124
1	0.582873525245231
1	0.605044822834811
1	0.627047447710922
1	0.64888173043766
1	0.670548033395679
1	0.692046749549895
1	0.713378301253343
1	0.734543139086212
1	0.755541740729109
1	0.776374609869593
1	0.797042275141106
1	0.817545289093393
1	0.837884227193553
1	0.858059686856901
1	0.878072286506806
1	0.897922664662722
1	0.917611479055639
1	0
1	0.0262505803933025
1	0.0523367122444717
1	0.0782575163098276
1	0.104012187665979
1	0.129599993259428
1	0.155020269525218
1	0.18027242007276
1	0.20535591343705
1	0.230270280893505
1	0.255015114334722
1	0.279590064207484
1	0.303994837508393
1	0.328229195836567
1	0.35229295350184
1	0.376185975686992
1	0.399908176662536
1	0.423459518052654
1	0.446840007150901
1	0.470049695284325
1	0.493088676224707
1	0.515957084645636
1	0.538655094624181
1	0.561182918185968
1	0.583540803892458
1	0.605729035469306
1	0.627747930474684
1	0.649597839006464
1	0.671279142447235
1	0.692792252246101
1	0.714137608736273
1	0.735315679987479
1	0.756326960692239
1	0.777171971085089
1	0.797851255893847
1	0.818365383322055
1	0.838714944061745
1	0.858900550335683
1	0.878922834968317
1	0.898782450484607
1	0.918480068236003
1	0
1	0.0262859473076092
1	0.0524062760562887
1	0.0783601399981685
1	0.104146766319903
1	0.129765453215641
1	0.155215567528432
1	0.180496542458204
1	0.205607875334564
1	0.230549125452642
1	0.25531991197031
1	0.279919911865115
1	0.304348857949311
1	0.328606536941448
1	0.352692787592975
1	0.376607498868375
1	0.400350608177408
1	0.423922099658026
1	0.447322002508623
1	0.470550389368262
1	0.493607374743599
1	0.516493113481231
1	0.539207799284246
1	0.561751663271776
1	0.584124972580379
1	0.606328029006136
1	0.628361167686335
1	0.650224755819683
1	0.671919191424002
1	0.693444902130366
1	0.714802344012723
1	0.735992000452003
1	0.7570143810338
1	0.777870020478686
1	0.798559477604293
1	0.819083334318272
1	0.839442194641309
1	0.859636683759349
1	0.879667447104252
1	0.899535149462092
1	0.919240474108341
1	0
1	0.0264615124498958
1	0.0527515982524455
1	0.0788695749545047
1	0.104814829140425
1	0.130586814121018
1	0.156185047687916
1	0.181609109931546
1	0.206858641121035
1	0.231933339644363
1	0.256832960007146
1	0.281557310888473
1	0.306106253252253
1	0.33047969851259
1	0.354677606751707
1	0.378699984989018
1	0.402546885499966
1	0.426218404183271
1	0.449714678975285
1	0.47303588831019
1	0.496182249624777
1	0.519154017906621
1	0.541951484284454
1	0.564574974659614
1	0.587024848377434
1	0.609301496937505
1	0.631405342741737
1	0.653336837879214
1	0.675096462946819
1	0.696684725904666
1	0.718102160965394
1	0.739349327516388
1	0.760426809074039
1	0.781335212269163
1	0.802075165862725
1	0.822647319791042
1	0.843052344239665
1	0.863290928745133
1	0.883363781323862
1	0.9032716276274
1	0.923015210123336
1	0
1	0.0266420467555679
1	0.0531066943843105
1	0.0793934288638251
1	0.105501800687723
1	0.131431422673873
1	0.15718196783491
1	0.182753167309321
1	0.208144808351488
1	0.2333567323791
1	0.258388833076372
1	0.283241054551593
1	0.30791338954751
1	0.332405877703136
1	0.356718603865594
1	0.380851696450635
1	0.404805325850523
1	0.428579702887998
1	0.452175077315073
1	0.475591736355452
1	0.49883000328938
1	0.521890236079777
1	0.54477282603854
1	0.56747819653191
1	0.590006801723855
1	0.612359125356427
1	0.634535679566082
1	0.656537003734999
1	0.678363663376428
1	0.700016249053139
1	0.721495375328087
1	0.742801679746383
1	0.763935821847741
1	0.784898482208551
1	0.805690361512777
1	0.826312179650873
1	0.846764674845972
1	0.867048602806577
1	0.887164735905039
1	0.907113862381103
1	0.926896785569844
1	0
1	0.0267398733419187
1	0.0532991112342684
1	0.0796772909226431
1	0.105874051718584
1	0.131889092872459
1	0.157722171506903
1	0.183373100609203
1	0.208841747081018
1	0.234128029843908
1	0.259231917999157
1	0.284153429040419
1	0.308892627117775
1	0.3334496213518
1	0.357824564196293
1	0.382017649848348
1	0.406029112704493
1	0.429859225861641
1	0.453508299661644
1	0.476976680278264
1	0.500264748345406
1	0.523372917625507
1	0.546301633716969
1	0.569051372799593
1	0.591622640416961
1	0.614015970294784
1	0.636231923194206
1	0.65827108579914
1	0.680134069636683
1	0.701821510029721
1	0.723334065080837
1	0.74467241468667
1	0.765837259581887
1	0.786829320411957
1	0.807649336833941
1	0.828298066644522
1	0.848776284934531
1	0.869084783269242
1	0.889224368893722
1	0.909195863962544
1	0.929000104793199
1	0
1	0.0271666122358387
1	0.0541384715430099
1	0.0809155532961396
1	0.107497884248126
1	0.13388554068496
1	0.160078646633727
1	0.186077372122338
1	0.211881931489607
1	0.237492581744302
1	0.26290962097184
1	0.288133386787342
1	0.313164254833791
1	0.338002637324057
1	0.362648981625612
1	0.387103768886763
1	0.411367512703281
1	0.435440757824327
1	0.459324078896594
1	0.483018079245638
1	0.50652338969337
1	0.529840667410733
1	0.552970594804597
1	0.57591387843793
1	0.598671247982352
1	0.621243455202164
1	0.643631272969005
1	0.665835494306291
1	0.687856931462618
1	0.709696415013326
1	0.731354792989468
1	0.752832930033412
1	0.774131706580345
1	0.795252018064972
1	0.816194774152707
1	0.836960897994685
1	0.857551325505925
1	0.877967004666018
1	0.898208894841703
1	0.918277966130731
1	0.938175198726419
1	0
1	0.0273858792046876
1	0.0545697516379156
1	0.0815517972409603
1	0.108332241841829
1	0.13491135545495
1	0.161289450630241
1	0.187466880850222
1	0.213444038973857
1	0.239221355725875
1	0.264799298230313
1	0.290178368587098
1	0.315359102490488
1	0.340342067888229
1	0.36512786368033
1	0.389717118456363
1	0.41411048927025
1	0.438308660451502
1	0.462312342451921
1	0.48612227072679
1	0.509739204649616
1	0.533163926459498
1	0.556397240240223
1	0.579439970930237
1	0.602292963362619
1	0.624957081334257
1	0.647433206703399
1	0.66972223851482
1	0.691825092151829
1	0.713742698514382
1	0.735476003222572
1	0.757025965844813
1	0.77839355915001
1	0.799579768383069
1	0.820585590563093
1	0.841412033803635
1	0.862060116654397
1	0.88253086746377
1	0.902825323761648
1	0.922944531661941
1	0.942889545284241
1	0
1	0.0273985925853456
1	0.0545947578121039
1	0.0815886874825883
1	0.108380618967437
1	0.134970833513701
1	0.161359654602097
1	0.187547446352076
1	0.213534611973431
1	0.239321592263165
1	0.264908864146392
1	0.290296939260079
1	0.315486362578464
1	0.340477711079
1	0.365271592447747
1	0.389868643823112
1	0.414269530576905
1	0.438474945131684
1	0.462485605813406
1	0.486302255738406
1	0.509925661733778
1	0.533356613290232
1	0.556595921546541
1	0.579644418304711
1	0.602502955075033
1	0.625172402150186
1	0.647653647707603
1	0.669947596939314
1	0.692055171208511
1	0.713977307232098
1	0.73571495628851
1	0.757269083450091
1	0.778640666839376
1	0.799830696908581
1	0.820840175741689
1	0.841670116378484
1	0.862321542159931
1	0.882795486094307
1	0.903092990243508
1	0.923215105128959
1	0.94316288915659
1	0
1	0.0274510881764029
1	0.0546980123224032
1	0.081741013216443
1	0.108580375890536
1	0.135216427973043
1	0.161649538079691
1	0.187880114251543
1	0.213908602438621
1	0.239735485027969
1	0.265361279414919
1	0.290786536616412
1	0.316011839925206
1	0.341037803603872
1	0.365865071617486
1	0.390494316403965
1	0.414926237681013
1	0.439161561288685
1	0.463201038066587
1	0.487045442764767
1	0.510695572987376
1	0.534152248168195
1	0.55741630857716
1	0.58048861435703
1	0.603370044589366
1	0.62606149638902
1	0.648563884026349
1	0.670878138076387
1	0.693005204594224
1	0.714946044315885
1	0.73670163188399
1	0.758272955097515
1	0.77966101418498
1	0.800866821100427
1	0.821891398841536
1	0.842735780789288
1	0.863401010068551
1	0.883888138929023
1	0.904198228145955
1	0.924332346440108
1	0.944291569916401
1	0
1	0.0274986417650608
1	0.0547915463204203
1	0.0818789988099729
1	0.108761327440206
1	0.135438901854391
1	0.161912131554203
1	0.188181464367474
1	0.214247384960839
1	0.24011041339604
1	0.265771103728711
1	0.291230042648484
1	0.316487848159285
1	0.34154516829873
1	0.366402679895562
1	0.391061087364063
1	0.415521121534467
1	0.43978353851836
1	0.463849118608119
1	0.487718665209467
1	0.511393003806219
1	0.53487298095635
1	0.558159463318515
1	0.581253336708187
1	0.604155505182603
1	0.626866890153717
1	0.649388429528389
1	0.671721076875064
1	0.693865800616206
1	0.715823583245769
1	0.737595420571027
1	0.759182320978068
1	0.780585304720316
1	0.801805403229425
1	0.822843658447934
1	0.843701122183073
1	0.864378855481131
1	0.884877928021813
1	0.905199417532028
1	0.925344409218563
1	0.94531399521912
1	0
1	0.0275543607760005
1	0.0549011410325299
1	0.0820406778969231
1	0.108973350163625
1	0.135699576705197
1	0.162219814929778
1	0.188534559283759
1	0.214644339798409
1	0.24054972067929
1	0.266251298937275
1	0.291749703060038
1	0.317045591722926
1	0.342139652538113
1	0.36703260084102
1	0.391725178512959
1	0.416218152839022
1	0.440512315400243
1	0.464608480999108
1	0.488507486617476
1	0.512210190406043
1	0.535717470704468
1	0.559030225091328
1	0.582149369463074
1	0.605075837141188
1	0.627810578006778
1	0.650354557661828
1	0.672708756616395
1	0.694874169501011
1	0.716851804303616
1	0.738642681630314
1	0.76024783398932
1	0.781668305097433
1	0.802905149208422
1	0.823959430462702
1	0.844832222257722
1	0.865524606638478
1	0.886037673707588
1	0.906372521054383
1	0.926530253202495
1	0.946511981075394
1	0
1	0.0276317156063777
1	0.055053291622113
1	0.0822651373432704
1	0.109267701795673
1	0.136061472197014
1	0.162646972464094
1	0.189024761763947
1	0.215195433107672
1	0.241159611985796
1	0.266917955044047
1	0.292471148798422
1	0.31781990838849
1	0.342964976367874
1	0.367907121530909
1	0.392647137774465
1	0.417185842993997
1	0.441524078012861
1	0.465662705543999
1	0.489602609183101
1	0.513344692432365
1	0.536889877754038
1	0.560239105652896
1	0.583393333786877
1	0.606353536105084
1	0.629120702012415
1	0.651695835560059
1	0.674079954661173
1	0.696274090331014
1	0.718279285950876
1	0.740096596555138
1	0.761727088140819
1	0.783171836998976
1	0.80443192906737
1	0.825508459303779
1	0.846402531079404
1	0.867115255591793
1	0.887647751296738
1	0.908001143358624
1	0.928176563118693
1	0.948175147580745
1	0
1	0.0276617717638567
1	0.0551124096120141
1	0.0823523508816388
1	0.109382071886899
1	0.136202086400936
1	0.162812944182436
1	0.189215229545588
1	0.215409559972253
1	0.241396584765183
1	0.26717698374118
1	0.2927514659631
1	0.31812076850964
1	0.343285655281881
1	0.368246915845573
1	0.393005364308193
1	0.417561838229809
1	0.441917197566843
1	0.466072323647808
1	0.490028118180158
1	0.513785502287383
1	0.537345415575524
1	0.560708815228299
1	0.583876675130038
1	0.606849985015675
1	0.629629749647043
1	0.652216988014739
1	0.674612732564865
1	0.696818028449935
1	0.7188339328033
1	0.74066151403642
1	0.76230185115836
1	0.783756033116881
1	0.805025158160532
1	0.826110333221154
1	0.847012673316225
1	0.867733300970493
1	0.888273345656354
1	0.908633943252457
1	0.928816235520006
1	0.948821369596293
1	0
1	0.0276997350529002
1	0.0551870802794092
1	0.082462508434809
1	0.109526530300593
1	0.13637969319152
1	0.163022579506607
1	0.18945580532288
1	0.215680019030692
1	0.241695900009508
1	0.267504157343019
1	0.293105528572532
1	0.318500778487591
1	0.343690697952791
1	0.368676102769815
1	0.39345783257372
1	0.418036749762532
1	0.442413738459234
1	0.46658970350527
1	0.490565569484676
1	0.514342279778017
1	0.537920795645296
1	0.561302095337043
1	0.584487173232796
1	0.607477039006234
1	0.630272716816208
1	0.652875244522963
1	0.675285672928848
1	0.697505065042846
1	0.719534495368237
1	0.741375049212785
1	0.763027822020792
1	0.784493918726431
1	0.805774453127744
1	0.826870547280753
1	0.847783330913101
1	0.868513940856678
1	0.88906352049872
1	0.909433219250829
1	0.929624192035445
1	0.949637598789252
1	0
1	0.0279390628976311
1	0.0556578184673406
1	0.0831569627469951
1	0.110437223806707
1	0.137499360414009
1	0.164344160738832
1	0.190972441097183
1	0.217385044732494
1	0.243582840633574
1	0.269566722388185
1	0.295337607071264
1	0.32089643416682
1	0.346244164522609
1	0.371381779336661
1	0.396310279174795
1	0.421030683018264
1	0.445544027340699
1	0.469851365213547
1	0.493953765439208
1	0.517852311711109
1	0.541548101799975
1	0.565042246765554
1	0.588335870193108
1	0.611430107453975
1	0.634326104989522
1	0.657025019617859
1	0.679528017862657
1	0.701836275303474
1	0.723950975946967
1	0.745873311618427
1	0.767604481373046
1	0.789145690926384
1	0.810498152103478
1	0.831663082306086
1	0.852641703997534
1	0.873435244204696
1	0.8940449340366
1	0.914472008219201
1	0.934717704645865
1	0.954783263943112
1	0
1	0.0281285226556678
1	0.0560304702299653
1	0.0837067155185637
1	0.11115815860436
1	0.13838572564783
1	0.165390367713889
1	0.192173059634289
1	0.21873479890453
1	0.245076604614389
1	0.271199516411095
1	0.297104593494277
1	0.32279291364181
1	0.348265572265684
1	0.373523681497092
1	0.398568369299912
1	0.423400778611808
1	0.448022066512172
1	0.472433403416175
1	0.496635972294195
1	0.520630967915918
1	0.544419596118421
1	0.568003073097581
1	0.591382624722141
1	0.61455948586982
1	0.637534899784831
1	0.660310117456223
1	0.682886397016455
1	0.705265003159639
1	0.72744720657889
1	0.749434283422259
1	0.771227514766713
1	0.792828186109658
1	0.814237586877511
1	0.835457009950832
1	0.856487751205555
1	0.877331109069854
1	0.897988384096198
1	0.918460878548181
1	0.938749896001669
1	0.958856740959899
1	0
1	0.0282187067574488
1	0.0562078549413027
1	0.0839684014851206
1	0.111501328351027
1	0.138807641379646
1	0.165888369174993
1	0.192744562023357
1	0.219377290845254
1	0.245787646179514
1	0.271976737198639
1	0.29794569075456
1	0.323695650453945
1	0.349227775762254
1	0.374543241135733
1	0.399643235180584
1	0.424528959838543
1	0.449201629598144
1	0.47366247073095
1	0.497912720552054
1	0.521953626704177
1	0.545786446464698
1	0.569412446074988
1	0.592832900091407
1	0.616049090757371
1	0.639062307395888
1	0.661873845822
1	0.684485007774558
1	0.706897100366791
1	0.729111435555145
1	0.751129329625863
1	0.772952102698821
1	0.794581078248114
1	0.816017582638929
1	0.837262944680238
1	0.858318495192863
1	0.879185566592469
1	0.899865492487068
1	0.920359607288613
1	0.94066924583828
1	0.960795743045043
1	0
1	0.0282516981211915
1	0.056272746240529
1	0.0840641320710948
1	0.111626867528268
1	0.138961987601455
1	0.166070549260209
1	0.192953630393782
1	0.219612328783201
1	0.24604776110496
1	0.272261061965465
1	0.298253382965371
1	0.324025891792995
1	0.349579771345987
1	0.374916218880497
1	0.400036445187044
1	0.424941673792376
1	0.449633140186576
1	0.474112091074727
1	0.498379783652435
1	0.52243748490456
1	0.546286470926498
1	0.569928026267379
1	0.593363443294585
1	0.616594021578963
1	0.639621067300179
1	0.662445892671626
1	0.685069815384348
1	0.707494158069438
1	0.729720247778391
1	0.751749415480902
1	0.773582995579615
1	0.795222325441349
1	0.816668744944321
1	0.837923596040919
1	0.858988222335588
1	0.87986396867738
1	0.900552180766761
1	0.921054204776278
1	0.941371386984653
1	0.961505073423963
1	0
1	0.0283029661376364
1	0.0563735862125233
1	0.0842128957685969
1	0.111821953268083
1	0.1392018389971
1	0.166353654004762
1	0.193278519074852
1	0.219977573729176
1	0.246451975261712
1	0.272702897802717
1	0.298731531411942
1	0.324539081200174
1	0.350126766478293
1	0.375495819933102
1	0.400647486829175
1	0.425583024236
1	0.45030370027971
1	0.474810793418726
1	0.499105591742634
1	0.523189392293649
1	0.547063500410041
1	0.57072922909089
1	0.5941878983816
1	0.617440834779552
1	0.640489370659367
1	0.663334843717197
1	0.685978596433523
1	0.708421975553935
1	0.730666331587375
1	0.752713018321371
1	0.774563392353747
1	0.796218812640376
1	0.817680640058493
1	0.838950236985134
1	0.860028966890273
1	0.880918193944231
1	0.901619282638949
1	0.922133597422726
1	0.942462502348044
1	0.96260736073209
1	0
1	0.0288115355716996
1	0.0573739004638692
1	0.085688604693851
1	0.113757168460156
1	0.141581121384074
1	0.169162001775982
1	0.196501355925637
1	0.223600737415807
1	0.250461706458561
1	0.277085829253583
1	0.303474677367904
1	0.329629827136424
1	0.355552859082651
1	0.381245357359079
1	0.406708909206648
1	0.431945104432739
1	0.456955534907188
1	0.481741794075791
1	0.506305476490808
1	0.530648177357978
1	0.554771492099572
1	0.578677015933025
1	0.602366343464694
1	0.62584106829831
1	0.649102782657702
1	0.672153077023371
1	0.694993539782526
1	0.717625756892179
1	0.740051311554924
1	0.762271783907036
1	0.784288750718515
1	0.806103785104742
1	0.827718456249398
1	0.849134329138315
1	0.870352964303932
1	0.891375917580063
1	0.91220473986664
1	0.932840976904165
1	0.953286169057564
1	0.97354185110917
1	0
1	0.0288998322140318
1	0.0575475726976984
1	0.0859448138453108
1	0.11409315602096
1	0.141994206858464
1	0.169649580584482
1	0.197060897364129
1	0.224229782668476
1	0.25115786666329
1	0.277846783618441
1	0.304298171337365
1	0.330513670606029
1	0.356494924660838
1	0.382243578674941
1	0.407761279262419
1	0.433049673999833
1	0.458110410964649
1	0.482945138290036
1	0.507555503735592
1	0.531943154273513
1	0.55610973568978
1	0.580056892199922
1	0.603786266078931
1	0.627299497304921
1	0.650598223216135
1	0.673684078180906
1	0.696558693280197
1	0.71922369600235
1	0.741680709949692
1	0.763931354556637
1	0.785977244818969
1	0.807819991033945
1	0.829461198550925
1	0.850902467532209
1	0.872145392723765
1	0.893191563235575
1	0.914042562331292
1	0.934699967226951
1	0.955165348898434
1	0.975440271897453
1	0
1	0.0289951084618717
1	0.0577349732415485
1	0.0862212756219825
1	0.114455702469712
1	0.142439945597757
1	0.170175701150033
1	0.197664669006655
1	0.224908552209567
1	0.251909056407884
1	0.278667889322419
1	0.305186760228818
1	0.331467379458795
1	0.357511457918931
1	0.383320706626547
1	0.408896836262147
1	0.434241556737965
1	0.459356576782154
1	0.484243603538144
1	0.508904342178762
1	0.533340495534657
1	0.557553763736633
1	0.581545843871476
1	0.605318429650886
1	0.628873211093128
1	0.652211874217029
1	0.675336100747965
1	0.698247567835476
1	0.720947947782172
1	0.743438907783597
1	0.765722109678719
1	0.787799209710744
1	0.80967185829793
1	0.831341699814115
1	0.852810372378669
1	0.874079507655571
1	0.895150730661363
1	0.916025659581683
1	0.93670590559615
1	0.957193072711313
1	0.977488757601452
1	0
1	0.0292206651381473
1	0.0581786246736883
1	0.086875770324252
1	0.115313993741986
1	0.143495186025479
1	0.171421237249285
1	0.199094036010554
1	0.226515468992256
1	0.253687420542539
1	0.280611772269734
1	0.307290402652566
1	0.333725186665119
1	0.359917995416131
1	0.385870695802194
1	0.411585150174452
1	0.43706321601841
1	0.462306745646456
1	0.487317585902718
1	0.512097577879915
1	0.536648556647813
1	0.560972350992969
1	0.585070783169413
1	0.608945668659938
1	0.632598815947694
1	0.656032026297767
1	0.679247093548441
1	0.702245803911852
1	0.725029935783763
1	0.747601259562155
1	0.769961537474398
1	0.792112523412711
1	0.814055962777675
1	0.835793592329552
1	0.857327140047153
1	0.878658324994038
1	0.899788857191818
1	0.920720437500324
1	0.941454757504452
1	0.961993499407446
1	0.982338335930446
1	0
1	0.0292220239101957
1	0.0581812972665602
1	0.0868797130543983
1	0.115319164159503
1	0.143501542880976
1	0.171428740461626
1	0.199102646635448
1	0.226525149191683
1	0.253698133554975
1	0.280623482381169
1	0.307303075168283
1	0.33373878788222
1	0.359932492596789
1	0.385886057147611
1	0.411601344799508
1	0.437080213926979
1	0.462324517707372
1	0.487336103826386
1	0.512116814195533
1	0.536668484681197
1	0.560992944844969
1	0.585092017694896
1	0.60896751944733
1	0.632621259299065
1	0.656055039209438
1	0.67927065369211
1	0.702269889616222
1	0.725054526016647
1	0.74762633391307
1	0.769987076137607
1	0.792138507170722
1	0.814082372985179
1	0.835820410897782
1	0.857354349428663
1	0.878685908167885
1	0.899816797649136
1	0.920748719230284
1	0.941483364980592
1	0.962022417574368
1	0.982367550190865
1	0
1	0.0293962584287402
1	0.0585240022352487
1	0.0873852869581411
1	0.115982163672819
1	0.144316678619402
1	0.172390872845231
1	0.200206781861503
1	0.227766435313629
1	0.255071856664904
1	0.282125062893105
1	0.308928064199615
1	0.335482863730721
1	0.361791457310703
1	0.387855833186383
1	0.413677971782763
1	0.43925984546945
1	0.464603418337513
1	0.489710645986476
1	0.514583475321138
1	0.539223844357904
1	0.563633682040363
1	0.587814908063809
1	0.611769432708439
1	0.635499156680961
1	0.659005970964353
1	0.682291756675511
1	0.705358384930561
1	0.728207716717564
1	0.750841602776424
1	0.773261883485726
1	0.795470388756331
1	0.817468937931473
1	0.839259339693184
1	0.860843391974823
1	0.882222881879524
1	0.90339958560437
1	0.924375268370105
1	0.945151684356213
1	0.965730576641171
1	0.986113677147728
1	0
1	0.0294117962615626
1	0.0585545638745573
1	0.0874303728737296
1	0.116041288441465
1	0.14438937054599
1	0.172476673593868
1	0.200305246096369
1	0.227877130349312
1	0.255194362125961
1	0.282258970382612
1	0.309072976976474
1	0.335638396395487
1	0.361957235499714
1	0.388031493273968
1	0.413863160591328
1	0.439454219987221
1	0.464806645443746
1	0.489922402183935
1	0.514803446475644
1	0.539451725444782
1	0.563869176897597
1	0.588057729151726
1	0.612019300875766
1	0.635755800937067
1	0.659269128257529
1	0.682561171677127
1	0.705633809824937
1	0.728488910997418
1	0.751128333043738
1	0.773553923257899
1	0.79576751827747
1	0.817770943988695
1	0.839566015437791
1	0.861154536748231
1	0.882538301043806
1	0.903719090377312
1	0.924698675664637
1	0.94547881662411
1	0.966061261720913
1	0.986447748116404
1	0
1	0.0294329722995178
1	0.0585962153996685
1	0.08749181909153
1	0.116121867783467
1	0.14448844015332
1	0.172593608814531
1	0.200439439995775
1	0.228027993233723
1	0.25536132107852
1	0.282441468811621
1	0.309270474175604
1	0.335850367115601
1	0.362183169532006
1	0.388270895044115
1	0.41411554876437
1	0.439719127082884
1	0.465083617461939
1	0.49021099824015
1	0.515103238446
1	0.539762297620464
1	0.564190125648433
1	0.588388662598679
1	0.612359838572085
1	0.636105573557896
1	0.659627777297727
1	0.682928349157098
1	0.706009178004258
1	0.728872142096057
1	0.751519108970663
1	0.773951935346888
1	0.796172467029925
1	0.818182538823287
1	0.839983974446747
1	0.861578586460091
1	0.882968176192485
1	0.904154533677293
1	0.925139437592141
1	0.945924655204082
1	0.966511942319674
1	0.986903043239818
1	0
1	0.0294711913174085
1	0.0586713890646743
1	0.0876027186895752
1	0.11626729929998
1	0.144667243341291
1	0.172804656287152
1	0.200681636343037
1	0.228300274162315
1	0.255662652574447
1	0.282770846324925
1	0.309626921826617
1	0.336232936922166
1	0.362590940657112
1	0.388702973063415
1	0.414571064953057
1	0.440197237721422
1	0.465583503160145
1	0.490731863279159
1	0.515644310137632
1	0.540322825683542
1	0.564769381601607
1	0.588985939169321
1	0.612974449120838
1	0.636736851518457
1	0.660275075631474
1	0.683591039822166
1	0.706686651438684
1	0.729563806714628
1	0.752224390675105
1	0.774670277049047
1	0.796903328187597
1	0.818925394988365
1	0.840738316825365
1	0.862343921484441
1	0.883744025104016
1	0.904940432120972
1	0.925934935221508
1	0.946729315296793
1	0.967325341403274
1	0.987724770727465
1	0
1	0.0295762692417361
1	0.0588780687000724
1	0.08790762185597
1	0.116667143218805
1	0.145158838073233
1	0.173384902237508
1	0.201347521832893
1	0.229048873063843
1	0.256491122008621
1	0.28367642442003
1	0.310606925535951
1	0.337284759899388
1	0.363712051187724
1	0.389890912050898
1	0.415823443958239
1	0.441511737053673
1	0.466957870019046
1	0.492163909945314
1	0.51713191221134
1	0.541863920370071
1	0.566361966041847
1	0.590628068814624
1	0.614664236150887
1	0.638472463301034
1	0.66205473322303
1	0.685413016508116
1	0.708549271312388
1	0.731465443294046
1	0.754163465556126
1	0.77664525859454
1	0.79891273025124
1	0.820967775672342
1	0.842812277271033
1	0.864448104695115
1	0.885877114799014
1	0.907101151620109
1	0.928122046359231
1	0.948941617365183
1	0.969561670123158
1	0.98998399724689
1	0
1	0.0300553501758311
1	0.059820381497156
1	0.0892977644068398
1	0.118490148377581
1	0.147400161975301
1	0.176030412925695
1	0.204383488183787
1	0.232461954006404
1	0.260268356027402
1	0.287805219335562
1	0.315075048555016
1	0.34208032792811
1	0.368823521400577
1	0.395307072708931
1	0.42153340546997
1	0.447504923272296
1	0.473224009769752
1	0.49869302877668
1	0.523914324364923
1	0.548890220962465
1	0.573623023453641
1	0.598115017280827
1	0.622368468547531
1	0.646385624122811
1	0.670168711746941
1	0.69371994013826
1	0.717041499101123
1	0.740135559634902
1	0.763004274043953
1	0.785649776048505
1	0.808074180896389
1	0.830279585475568
1	0.852268068427397
1	0.874041690260558
1	0.895602493465626
1	0.916952502630202
1	0.93809372455457
1	0.959028148367829
1	0.979757745644449
1	1.00028447052121
1	0
1	0.0300797073208662
1	0.0598682899982747
1	0.0893684411992591
1	0.118582832510661
1	0.147514114018617
1	0.176164914390768
1	0.204537840961091
1	0.232635479817219
1	0.260460395890147
1	0.288015133046213
1	0.31530221418125
1	0.342324141316807
1	0.369083395698336
1	0.395582437895255
1	0.421823707902792
1	0.447809625245514
1	0.473542589082466
1	0.499024978313825
1	0.524259151688986
1	0.549247447916013
1	0.573992185772367
1	0.598495664216833
1	0.622760162502592
1	0.646787940291345
1	0.670581237768442
1	0.694142275758937
1	0.717473255844507
1	0.740576360481183
1	0.763453753117824
1	0.786107578315281
1	0.808539961866191
1	0.830753010915354
1	0.85274881408064
1	0.874529441574366
1	0.896096945325106
1	0.917453359099889
1	0.938600698626721
1	0.959540961717409
1	0.980276128390636
1	1.00080816099524
1	0
1	0.0300905041838859
1	0.0598895265398855
1	0.089399770308041
1	0.118623916877796
1	0.147564625874613
1	0.176224535249133
1	0.204606261368772
1	0.232712399111621
1	0.260545521962574
1	0.288108182111552
1	0.315402910553739
1	0.342432217191723
1	0.369198590939453
1	0.395704499827918
1	0.42195239111246
1	0.447944691381628
1	0.473683806667504
1	0.499172122557406
1	0.524412004306892
1	0.549405796953999
1	0.574155825434633
1	0.598664394699038
1	0.622933789829289
1	0.64696627615772
1	0.670764099386246
1	0.694329485706499
1	0.717664641920724
1	0.740771755563381
1	0.763652995023384
1	0.786310509666938
1	0.808746429960907
1	0.83096286759667
1	0.852961915614415
1	0.874745648527818
1	0.896316122449064
1	0.917675375214172
1	0.938825426508566
1	0.959768277992863
1	0.980505913428835
1	1.0010402988055
1	0
1	0.0301043180458751
1	0.0599166972703469
1	0.0894398538011969
1	0.118676481569639
1	0.147629252406066
1	0.176300816138095
1	0.204693800690816
1	0.232810812189126
1	0.260654435062058
1	0.288227232149
1	0.31553174480771
1	0.342570493024038
1	0.369345975523261
1	0.395860669882947
1	0.422117032647267
1	0.448117499442662
1	0.473864485094803
1	0.499360383746755
1	0.524607568978277
1	0.54960839392618
1	0.57436519140569
1	0.59888027403272
1	0.623155934347022
1	0.647194444936125
1	0.670998058560021
1	0.694569008276517
1	0.717909507567226
1	0.741021750464114
1	0.763907911676567
1	0.786570146718917
1	0.809010592038388
1	0.831231365143403
1	0.853234564732208
1	0.875022270821778
1	0.89659654487695
1	0.917959429939742
1	0.939112950758828
1	0.96005911391912
1	0.980799907971424
1	1.00133730356213
1	0
1	0.0301161585967266
1	0.0599399866600885
1	0.0894742113645918
1	0.118721537391629
1	0.147684647033046
1	0.176366200296809
1	0.20476883501467
1	0.232895166951724
1	0.260747789917771
1	0.28832927588039
1	0.315642175079618
1	0.342689016144172
1	0.369472306209109
1	0.395994531034847
1	0.422258155127475
1	0.448265621860262
1	0.474019353596303
1	0.499521751812225
1	0.52477519722287
1	0.549782049906917
1	0.574544649433345
1	0.599065314988699
1	0.623346345505079
1	0.647390019788803
1	0.67119859664969
1	0.694774315030893
1	0.718119394139241
1	0.74123603357604
1	0.764126413468266
1	0.786792694600119
1	0.809237018544888
1	0.831461507797071
1	0.853468265904724
1	0.875259377601973
1	0.896836908941677
1	0.918202907428178
1	0.939359402150115
1	0.960308403913259
1	0.981051905373332
1	1.00159188116879
1	0
1	0.030214130054576
1	0.0601326884603696
1	0.0897584937950428
1	0.119094339689449
1	0.148142994995929
1	0.17690720395701
1	0.205389686374453
1	0.233593137778579
1	0.261520229597839
1	0.289173609328558
1	0.31655590070482
1	0.343669703868424
1	0.370517595538883
1	0.397102129183408
1	0.423425835186848
1	0.44949122102152
1	0.475300771416916
1	0.500856948529226
1	0.52616219211065
1	0.551218919678463
1	0.576029526683796
1	0.60059638668009
1	0.624921851491215
1	0.649008251379195
1	0.672857895211526
1	0.696473070628059
1	0.719856044207405
1	0.743009061632861
1	0.7659343478578
1	0.788634107270532
1	0.811110523858591
1	0.833365761372435
1	0.855401963488534
1	0.87722125397183
1	0.898825736837544
1	0.920217496512314
1	0.941398597994652
1	0.962371087014684
1	0.983136990193188
1	1.00369831519988
1	0
1	0.0302770284000992
1	0.0602564043331664
1	0.0899410050583145
1	0.119333681312558
1	0.148437257520669
1	0.177254532004337
1	0.205788277190629
1	0.234041239819687
1	0.262016141151664
1	0.289715677172861
1	0.317142518801039
1	0.344299312089883
1	0.371188678432604
1	0.39781321476464
1	0.424175493765449
1	0.450278064059379
1	0.476123450415572
1	0.501714153946913
1	0.527052652307991
1	0.552141399892051
1	0.576982828026946
1	0.601579345170039
1	0.625933337102076
1	0.650047167119995
1	0.673923176228665
1	0.697563683331547
1	0.720970985420264
1	0.744147357763061
1	0.767095054092169
1	0.789816306790032
1	0.81231332707442
1	0.834588305182398
1	0.856643410553155
1	0.87848079200968
1	0.900102577939292
1	0.921510876472995
1	0.942707775663684
1	0.963695343663163
1	0.984475628898003
1	1.00505066024422
1	0
1	0.0305317854530673
1	0.060757490504781
1	0.0906802300916258
1	0.120303086247599
1	0.149629108482378
1	0.178661314154396
1	0.207402688838894
1	0.235856186691057
1	0.264024730804294
1	0.291911213563758
1	0.319518496995175
1	0.346849413109064
1	0.373906764240425
1	0.400693323383967
1	0.427211834524945
1	0.453465012965684
1	0.479455545647857
1	0.50518609147058
1	0.530659281604409
1	0.555877719801271
1	0.580843982700437
1	0.605560620130558
1	0.630030155407857
1	0.654255085630522
1	0.678237881969363
1	0.70198098995479
1	0.725486829760176
1	0.748757796481647
1	0.771796260414373
1	0.794604567325396
1	0.817185038723059
1	0.839539972123082
1	0.861671641311343
1	0.883582296603402
1	0.905274165100834
1	0.926749450944398
1	0.948010335564111
1	0.969058977926255
1	0.989897514777373
1	1.0105280608853
1	0
1	0.030588665655853
1	0.0608693691857536
1	0.0908452785929691
1	0.120519527553714
1	0.149895215832901
1	0.178975409693806
1	0.207763142301764
1	0.236261414121999
1	0.264473193311706
1	0.292401416106466
1	0.320048987201127
1	0.347418780125227
1	0.374513637613062
1	0.401336371968505
1	0.427889765424657
1	0.454176570498425
1	0.480199510340121
1	0.505961279078164
1	0.531464542158976
1	0.556711936682149
1	0.581706071730971
1	0.606449528698393
1	0.630944861608506
1	0.655194597433614
1	0.679201236406982
1	0.702967252331314
1	0.726495092883061
1	0.749787179912601
1	0.772845909740383
1	0.795673653449093
1	0.818272757171908
1	0.840645542376906
1	0.862794306147691
1	0.884721321460309
1	0.906428837456497
1	0.927919079713337
1	0.949194250509372
1	0.970256529087247
1	0.991108071912912
1	1.01175101293147
1	0
1	0.0306470256967977
1	0.0609841585866811
1	0.0910146211203253
1	0.120741599959726
1	0.150168246432506
1	0.179297676979132
1	0.208132973593171
1	0.236677184254727
1	0.264933323357187
1	0.292904372127411
1	0.320593279039481
1	0.348002960222142
1	0.375136299860045
1	0.401996150588924
1	0.428585333884811
1	0.454906640447398
1	0.480962830577666
1	0.50675663454989
1	0.532290752978105
1	0.557567857177163
1	0.582590589518462
1	0.60736156378045
1	0.631883365494003
1	0.656158552282775
1	0.680189654198591
1	0.703979174052007
1	0.727529587738089
1	0.750843344557525
1	0.773922867533139
1	0.796770553721892
1	0.819388774522451
1	0.841779875978414
1	0.863946179077247
1	0.885889980045031
1	0.907613550637077
1	0.929119138424494
1	0.950408967076767
1	0.971485236640423
1	0.992350123813856
1	1.01300578221837
1	0
1	0.0307230147858072
1	0.0611336228753145
1	0.0912351176137485
1	0.121030754654509
1	0.150523752463684
1	0.179717292816151
1	0.208614521283445
1	0.237218547713556
1	0.265532446702817
1	0.293559258060058
1	0.32130198726316
1	0.348763605908186
1	0.375947052151215
1	0.402855231143049
1	0.429491015456914
1	0.455857245509312
1	0.481956729974146
1	0.507792246190264
1	0.533366540562537
1	0.558682328956616
1	0.583742297087476
1	0.60854910090188
1	0.633105366954872
1	0.65741369278042
1	0.681476647256328
1	0.705296770963514
1	0.728876576539774
1	0.752218549028127
1	0.775325146219863
1	0.798198798992368
1	0.82084191164185
1	0.84325686221105
1	0.865446002812026
1	0.887411659944126
1	0.909156134807211
1	0.930681703610236
1	0.951990617875271
1	0.973085104737041
1	0.993967367238076
1	1.01463958461954
1	0
1	0.0308033492195932
1	0.0612916340997562
1	0.0914682229342868
1	0.12133644431318
1	0.15089958768022
1	0.180160903880766
1	0.209123605699951
1	0.23779086839149
1	0.266165830197297
1	0.294251592858111
1	0.322051222115307
1	0.349567748204096
1	0.376804166338277
1	0.403763437186729
1	0.430448487341808
1	0.45686220977982
1	0.483007464313737
1	0.508887078038311
1	0.534503845767743
1	0.559860530466068
1	0.584959863670388
1	0.609804545907125
1	0.634397247101406
1	0.658740606979742
1	0.682837235466129
1	0.706689713071703
1	0.730300591278074
1	0.753672392914479
1	0.776807612528863
1	0.799708716753021
1	0.822378144661908
1	0.844818308127236
1	0.867031592165484
1	0.889020355280403
1	0.910786929800155
1	0.932333622209163
1	0.953662713474801
1	0.974776459368996
1	0.995677090784871
1	1.0163668140485
1	0
1	0.0309225916594673
1	0.0615261741723248
1	0.0918142270804374
1	0.121790187235441
1	0.151457449435115
1	0.180819367047889
1	0.209879252625747
1	0.238640378505783
1	0.267105977400663
1	0.295279242978227
1	0.323163330430487
1	0.350761357032231
1	0.378076402689481
1	0.405111510478008
1	0.43186968717213
1	0.458353903764008
1	0.484567095973632
1	0.510512164749706
1	0.536191976761629
1	0.561609364882759
1	0.586767128665152
1	0.611668034805944
1	0.636314817605581
1	0.660710179418035
1	0.684856791093208
1	0.708757292411669
1	0.732414292511893
1	0.755830370310155
1	0.779008074913241
1	0.80194992602412
1	0.82465841434072
1	0.847136001947964
1	0.869385122703189
1	0.891408182615101
1	0.913207560216386
1	0.934785606930115
1	0.956144647430069
1	0.977286979995106
1	0.998214876857691
1	1.01893058454671
1	0
1	0.0310203717191587
1	0.0617184995081699
1	0.0920979541334882
1	0.122162261222438
1	0.151914901964187
1	0.181359313797166
1	0.210498891083229
1	0.239336985768866
1	0.267876908033756
1	0.296121926926936
1	0.324075270990881
1	0.351740128873754
1	0.379119649930092
1	0.406216944810186
1	0.433035086038414
1	0.459577108580759
1	0.485846010401768
1	0.511844753011164
1	0.537576262000368
1	0.563043427569124
1	0.588249105042461
1	0.613196115378207
1	0.637887245665243
1	0.662325249612724
1	0.686512848030438
1	0.710452729300515
1	0.734147549840666
1	0.75759993455913
1	0.78081247730152
1	0.803787741289727
1	0.826528259553063
1	0.849036535351813
1	0.871315042593334
1	0.893366226240894
1	0.91519250271538
1	0.936796260290027
1	0.958179859478333
1	0.979345633415287
1	1.00029588823205
1	1.02103290342424
1	0
1	0.0312272552852595
1	0.0621254224682986
1	0.0926982653290397
1	0.122949497326876
1	0.152882782438335
1	0.182501735977593
1	0.211809925400263
1	0.240810871090815
1	0.26950804713404
1	0.297904882070909
1	0.326004759639198
1	0.35381101949923
1	0.381326957945075
1	0.408555828601556
1	0.435500843107367
1	0.462165171784647
1	0.488551944295299
1	0.514664250284378
1	0.540505140010824
1	0.566077624965848
1	0.591384678479239
1	0.616429236313874
1	0.641214197248693
1	0.665742423650409
1	0.690016742034201
1	0.714039943613642
1	0.7378147848401
1	0.761343987931854
1	0.784630241393159
1	0.807676200523473
1	0.830484487917078
1	0.8530576939533
1	0.875398377277544
1	0.897509065273347
1	0.919392254525647
1	0.941050411275454
1	0.962485971866127
1	0.983701343181438
1	1.00469890307559
1	1.02548100079539
1	0
1	0.0314321705155424
1	0.0625284738737519
1	0.0932928650316465
1	0.123729243493613
1	0.153841454284457
1	0.183633288901755
1	0.213108486248024
1	0.242270733543159
1	0.271123667217634
1	0.299670873786913
1	0.327915890707508
1	0.35586220721514
1	0.383513265145401
1	0.41087245973735
1	0.437943140420436
1	0.464728611585142
1	0.491232133337733
1	0.517456922239485
1	0.543406152030745
1	0.569082954340199
1	0.594490419379669
1	0.619631596624801
1	0.644509495481951
1	0.669127085941599
1	0.693487299218612
1	0.717593028379641
1	0.741447128957969
1	0.765052419556088
1	0.788411682436293
1	0.811527664099562
1	0.834403075853002
1	0.857040594366114
1	0.879442862216134
1	0.901612488422705
1	0.923552048972115
1	0.945264087331346
1	0.966751114952158
1	0.988015611765445
1	1.00906002666606
1	1.02988677798838
1	0
1	0.0315320269677664
1	0.0627248833029433
1	0.0935826171243233
1	0.124109218597163
1	0.154308620972207
1	0.184184701602288
1	0.213741282937053
1	0.242982133496324
1	0.271910968822629
1	0.300531452413371
1	0.32884719663315
1	0.356861763606697
1	0.384578666092882
1	0.412001368340253
1	0.439133286924542
1	0.465977791568562
1	0.492538205944918
1	0.518817808461938
1	0.544819833033221
1	0.570547469831181
1	0.596003866024977
1	0.621192126503186
1	0.646115314581582
1	0.670776452696371
1	0.69517852308322
1	0.719324468442413
1	0.743217192590461
1	0.766859561098474
1	0.790254401917615
1	0.813404505991927
1	0.83631262785882
1	0.85898148623753
1	0.88141376460579
1	0.903612111765018
1	0.925579142394269
1	0.947317437593218
1	0.968829545414409
1	0.990117981385047
1	1.01118522901854
1	1.03203374031604
1	0
1	0.0315344930420445
1	0.062729733868235
1	0.0935897728981052
1	0.12411860253589
1	0.15432015821118
1	0.184198319397104
1	0.213756910606605
1	0.242999702367307
1	0.271930412175502
1	0.300552705429753
1	0.328870196344607
1	0.356886448844874
1	0.384604977440961
1	0.412029248085687
1	0.439162679013041
1	0.466008641559296
1	0.492570460966903
1	0.518851417171579
1	0.544854745572972
1	0.570583637789302
1	0.59604124239636
1	0.621230665651209
1	0.646154972200981
1	0.670817185777093
1	0.695220289875231
1	0.719367228421441
1	0.743260906424644
1	0.766904190615899
1	0.790299910074709
1	0.81345085684269
1	0.836359786524879
1	0.859029418878978
1	0.881462438392806
1	0.903661494850242
1	0.925629203885904
1	0.94736814752885
1	0.968880874735526
1	0.990169901912229
1	1.01123771342731
1	1.03208676211337
1	0
1	0.0320313532904721
1	0.0637070171144154
1	0.0950315054406029
1	0.126009261778645
1	0.156644660547913
1	0.186942008415398
1	0.216905545603264
1	0.246539447166854
1	0.275847824243853
1	0.304834725275342
1	0.333504137199406
1	0.361859986617993
1	0.38990614093766
1	0.417646409484852
1	0.445084544596338
1	0.472224242685405
1	0.499069145284407
1	0.525622840064237
1	0.551888861831291
1	0.577870693502465
1	0.603571767058725
1	0.628995464477757
1	0.65414511864622
1	0.679024014252084
1	0.703635388657534
1	0.727982432752917
1	0.752068291792184
1	0.775896066210264
1	0.799468812422829
1	0.822789543608841
1	0.845861230476317
1	0.868686802011709
1	0.891269146213284
1	0.913611110808895
1	0.935715503958509
1	0.957585094941856
1	0.979222614831562
1	1.0006307571521
1	1.02181217852488
1	1.04276949929987
1	0
1	0.0321807334933919
1	0.0640008356883233
1	0.0954649599188711
1	0.126577685318722
1	0.157343518288793
1	0.187766893931191
1	0.217852177450368
1	0.247603665522244
1	0.277025587632135
1	0.306122107382212
1	0.334897323769269
1	0.36335527243353
1	0.391499926879188
1	0.419335199667395
1	0.446864943582363
1	0.474092952771239
1	0.501022963858407
1	0.527658657034828
1	0.554003657123034
1	0.580061534618383
1	0.605835806707131
1	0.631329938261909
1	0.656547342815141
1	0.681491383510949
1	0.706165374036056
1	0.730572579530214
1	0.754716217476638
1	0.778599458572939
1	0.802225427583025
1	0.825597204170431
1	0.848717823713527
1	0.871590278103038
1	0.894217516522308
1	0.916602446210714
1	0.938747933210646
1	0.960656803098437
1	0.982331841699638
1	1.003775795789
1	1.02499137377554
1	1.04598124637304
1	0
1	0.0322950117839187
1	0.0642256116873841
1	0.0957965596612028
1	0.127012538593691
1	0.157878155853798
1	0.188397944798593
1	0.218576366246009
1	0.248417809913697
1	0.277926595824835
1	0.307106975681706
1	0.335963134207847
1	0.364499190459536
1	0.392719199107391
1	0.420627151688796
1	0.448226977831893
1	0.475522546451828
1	0.502517666919937
1	0.529216090206541
1	0.555621509997985
1	0.581737563788575
1	0.607567833948006
1	0.633115848764893
1	0.658385083466984
1	0.683378961218637
1	0.70810085409609
1	0.732554084041101
1	0.75674192379345
1	0.780667597802844
1	0.804334283120706
1	0.827745110272354
1	0.850903164110031
1	0.873811484647259
1	0.896473067874959
1	0.918890866559798
1	0.941067791025162
1	0.963006709915203
1	0.984710450942352
1	1.00618180161869
1	1.0274235099716
1	1.04843828524399
1	0
1	0.0323987021619435
1	0.0644295621333184
1	0.0960974366035934
1	0.127407102602822
1	0.158363259113273
1	0.188970528643628
1	0.219233458766691
1	0.249156523621501
1	0.278744125380746
1	0.308000595684321
1	0.3369301970399
1	0.3655371241913
1	0.393825505455471
1	0.421799404028864
1	0.44946281926394
1	0.476819687916571
1	0.503873885365021
1	0.530629226801243
1	0.557089468395148
1	0.583258308432521
1	0.609139388427233
1	0.634736294208375
1	0.660052556982933
1	0.68509165437461
1	0.709857011439357
1	0.734352001658216
1	0.758579947907999
1	0.782544123410362
1	0.806247752659793
1	0.829694012331036
1	0.85288603216644
1	0.875826895843732
1	0.898519641824682
1	0.920967264185126
1	0.943172713426803
1	0.965138897271441
1	0.986868681437519
1	1.00836489040013
1	1.02963030813435
1	1.05066767884252
1	0
1	0.0327299777334248
1	0.0650811539378591
1	0.0970586943686301
1	0.128667676824854
1	0.159913092979934
1	0.190799850168903
1	0.221332773133668
1	0.251516605727242
1	0.281356012577956
1	0.310855580714681
1	0.340019821154009
1	0.36885317045036
1	0.397359992209931
1	0.425544578569391
1	0.453411151640198
1	0.480963864919396
1	0.508206804667723
1	0.535143991255847
1	0.561779380479512
1	0.588116864844377
1	0.614160274821293
1	0.639913380072745
1	0.665379890651188
1	0.690563458169953
1	0.715467676947417
1	0.740096085125086
1	0.764452165760245
1	0.788539347893783
1	0.812361007593836
1	0.835920468975801
1	0.859221005199343
1	0.882265839442932
1	0.90505814585647
1	0.92760105049255
1	0.949897632216862
1	0.97195092359826
1	0.993763911778984
1	1.01533953932553
1	1.03668070506063
1	1.05779026487681
1	0
1	0.032785931236147
1	0.0651912098760199
1	0.0972210538771571
1	0.12888059183953
1	0.160174864873012
1	0.191108828420715
1	0.221687354039294
1	0.251915231137312
1	0.281797168672701
1	0.311337796810343
1	0.340541668540782
1	0.36941326126102
1	0.397956978318362
1	0.426177150518211
1	0.45407803759673
1	0.48166382965924
1	0.508938648585204
1	0.53590654940063
1	0.562571521618702
1	0.588937490549439
1	0.615008318579127
1	0.640787806420301
1	0.666279694332986
1	0.691487663317918
1	0.716415336282437
1	0.74106627917973
1	0.765444002122073
1	0.789551960468726
1	0.813393555889093
1	0.836972137401771
1	0.860291002390069
1	0.883353397594578
1	0.906162520083358
1	0.928721518200298
1	0.951033492492171
1	0.973101496614908
1	0.994928538219611
1	1.01651757981879
1	1.03787153963332
1	1.05899329242055
1	0
1	0.0332210949659008
1	0.0660471411439763
1	0.0984837624808063
1	0.130536482666728
1	0.162210727290817
1	0.193511825944191
1	0.224445014272962
1	0.25501543598208
1	0.285228144791321
1	0.31508810634463
1	0.344600200073974
1	0.373769221018862
1	0.402599881602654
1	0.431096813366719
1	0.459264568663531
1	0.487107622309708
1	0.514630373200018
1	0.541837145883312
1	0.568732192101356
1	0.595319692291476
1	0.621603757053927
1	0.647588428584869
1	0.673277682075804
1	0.698675427080322
1	0.723785508848954
1	0.748611709632943
1	0.773157749957701
1	0.797427289866699
1	0.821423930136547
1	0.845151213463947
1	0.868612625625254
1	0.891811596609292
1	0.914751501724112
1	0.937435662678325
1	0.95986734863764
1	0.982049777257227
1	1.0039861156905
1	1.02567948157487
1	1.04713294399515
1	1.06834952442496
1	0
1	0.0333635216466358
1	0.0663272827116141
1	0.0988970400194814
1	0.131078446571466
1	0.162877053794556
1	0.194298313736445
1	0.225347581207708
1	0.25603011587254
1	0.286351084289364
1	0.316315561902564
1	0.345928534986578
1	0.375194902543551
1	0.404119478155725
1	0.432706991793687
1	0.460962091581609
1	0.488889345520543
1	0.516493243170831
1	0.543778197294662
1	0.570748545459765
1	0.59740855160522
1	0.623762407570342
1	0.649814234587543
1	0.675568084740102
1	0.701027942385689
1	0.726197725546534
1	0.751081287267036
1	0.775682416939659
1	0.800004841599889
1	0.824052227191019
1	0.847828179799524
1	0.87133624686176
1	0.894579918342685
1	0.917562627887312
1	0.940287753945565
1	0.9627586208712
1	0.98497849999543
1	1.00695061067589
1	1.02867812132152
1	1.05016415039406
1	1.07141176738654
1	0
1	0.0334294969143683
1	0.0664570506373464
1	0.0990884795455674
1	0.131329496539996
1	0.163185711338596
1	0.194662632713722
1	0.22576567067563
1	0.256500138603466
1	0.286871255325074
1	0.316884147146891
1	0.346543849835209
1	0.375855310550023
1	0.404823389732663
1	0.433452862948362
1	0.461748422684913
1	0.48971468010851
1	0.517356166777848
1	0.54467733631753
1	0.571682566051818
1	0.5983761585997
1	0.624762343432263
1	0.650845278393305
1	0.676629051184117
1	0.702117680813317
1	0.727315119012634
1	0.752225251619463
1	0.77685189992705
1	0.801198822003097
1	0.825269713977584
1	0.849068211300568
1	0.872597889970713
1	0.895862267735283
1	0.918864805262294
1	0.941608907285534
1	0.964097923723111
1	0.9863351507702
1	1.00832383196661
1	1.03006715923982
1	1.05156827392406
1	1.07283026775606
1	0
1	0.0334480261274585
1	0.0664934960756267
1	0.0991422455080963
1	0.131400004148727
1	0.163272398086555
1	0.194764952025107
1	0.225883091477517
1	0.256632144908828
1	0.287017345826793
1	0.317043834822503
1	0.346716661562083
1	0.376040786730704
1	0.405021083930111
1	0.433662341530834
1	0.461969264480231
1	0.489946476067463
1	0.517598519646499
1	0.544929860318191
1	0.571944886572457
1	0.598647911891571
1	0.625043176315537
1	0.651134847970496
1	0.676927024561087
1	0.702423734827679
1	0.727628939969344
1	0.752546535033419
1	0.777180350272513
1	0.801534152469755
1	0.825611646233082
1	0.849416475259339
1	0.87295222356894
1	0.896222416711835
1	0.919230522945475
1	0.941979954385493
1	0.964474068129771
1	0.986716167356547
1	1.00870950239722
1	1.03045727178446
1	1.05196262327627
1	1.07322865485655
1	0
1	0.0334703333698275
1	0.0665373725867878
1	0.0992069741261705
1	0.131484887964848
1	0.163376759900922
1	0.194888133817391
1	0.226024453891243
1	0.256791066749361
1	0.287193223572587
1	0.317236082149245
1	0.34692470887941
1	0.376264080731155
1	0.405259087149995
1	0.433914531922706
1	0.462235134996661
1	0.490225534255812
1	0.517890287254411
1	0.545233872909513
1	0.572260693153326
1	0.59897507454639
1	0.625381269852584
1	0.651483459576915
1	0.677285753467015
1	0.702792191979266
1	0.728006747710434
1	0.752933326795667
1	0.777575770273715
1	0.801937855420172
1	0.826023297049553
1	0.849835748786975
1	0.873378804310206
1	0.896655998562816
1	0.919670808939143
1	0.942426656441796
1	0.964926906812354
1	0.987174871635938
1	1.00917380942031
1	1.03092692665011
1	1.05243737881689
1	1.07370827142546
1	0
1	0.033525082825843
1	0.0666450602640991
1	0.0993658398689451
1	0.13169322132494
1	0.163632898802848
1	0.195190463258522
1	0.226371404676305
1	0.257181114258338
1	0.287624886561142
1	0.317707921580826
1	0.34743532678819
1	0.376812119115011
1	0.405843226892734
1	0.434533491744767
1	0.462887670433554
1	0.490910436663563
1	0.5186063828413
1	0.545980021793424
1	0.573035788444027
1	0.5997780414521
1	0.626211064810182
1	0.652339069405169
1	0.678166194542237
1	0.703696509432796
1	0.728934014647376
1	0.753882643534335
1	0.778546263605226
1	0.802928677887674
1	0.82703362624656
1	0.850864786674316
1	0.874425776551092
1	0.897720153875549
1	0.92075141846702
1	0.943523013139728
1	0.966038324849784
1	0.988300685815623
1	1.01031337461254
1	1.03207961724199
1	1.05360258817622
1	1.07488541137894
1	0
1	0.0336190966266616
1	0.0668299776784838
1	0.0996386384204756
1	0.132050963893453
1	0.164072731331974
1	0.195709612523714
1	0.226967176111761
1	0.257850889841284
1	0.288366122751971
1	0.318518147317618
1	0.348312141534202
1	0.377753190957739
1	0.406846290693195
1	0.435596347335687
1	0.464008180865178
1	0.49208652649584
1	0.519836036481217
1	0.547261281876322
1	0.574366754257729
1	0.601156867402737
1	0.627635958928615
1	0.653808291892953
1	0.679678056356081
1	0.705249370906505
1	0.730526284150304
1	0.755512776165381
1	0.780212759921438
1	0.804630082666563
1	0.828768527281227
1	0.852631813600538
1	0.876223599705524
1	0.899547483184229
1	0.922607002363374
1	0.945405637511307
1	0.967946812012972
1	0.990233893517588
1	1.01227019505971
1	1.03405897615433
1	1.05560344386671
1	1.07690675385749
1	0
1	0.0336293557808844
1	0.0668501565911129
1	0.0996684072670441
1	0.132090002163903
1	0.164120727580495
1	0.195766264125179
1	0.227032189024595
1	0.257923978376587
1	0.288447009348736
1	0.318606562323889
1	0.348407822994007
1	0.37785588440365
1	0.406955748944373
1	0.43571233030126
1	0.464130455352819
1	0.492214866025399
1	0.51997022110329
1	0.547401097995609
1	0.574511994461073
1	0.601307330291703
1	0.627791448956513
1	0.653968619206161
1	0.679843036639578
1	0.705418825233493
1	0.730700038835813
1	0.75569066262375
1	0.780394614527579
1	0.804815746620897
1	0.828957846478205
1	0.852824638500648
1	0.876419785210693
1	0.899746888516534
1	0.922809490946967
1	0.945611076857481
1	0.968155073608279
1	0.990444852714923
1	1.0124837309723
1	1.03427497155253
1	1.05582178507755
1	1.07712733066689
1	0
1	0.0338882630570477
1	0.0673594059104322
1	0.100419674945864
1	0.133075199583587
1	0.165331994874152
1	0.197195964030965
1	0.228672900901219
1	0.259768492376779
1	0.29048832074653
1	0.320837865991685
1	0.350822508025491
1	0.380447528878748
1	0.409718114832508
1	0.438639358499289
1	0.467216260854121
1	0.495453733216669
1	0.523356599185687
1	0.550929596527009
1	0.578177379016228
1	0.605104518237239
1	0.631715505337726
1	0.658014752742703
1	0.684006595827155
1	0.709695294548805
1	0.735085035042022
1	0.760179931173833
1	0.784984026063008
1	0.809501293563128
1	0.833735639710551
1	0.857690904138155
1	0.881370861455714
1	0.904779222597744
1	0.927919636139633
1	0.950795689582846
1	0.973410910609987
1	0.995768768310458
1	1.01787267437746
1	1.03972598427706
1	1.06133199838996
1	1.08269396312678
1	0
1	0.034289284091509
1	0.068148181304691
1	0.101583312160632
1	0.134601170171379
1	0.167208124700668
1	0.199410423754475
1	0.231214196703202
1	0.262625456937208
1	0.29365010445741
1	0.324293928402587
1	0.354562609515005
1	0.384461722545923
1	0.413996738602517
1	0.443173027437705
1	0.471995859684316
1	0.50047040903503
1	0.528601754369445
1	0.556394881829632
1	0.583854686845461
1	0.610985976110994
1	0.637793469513157
1	0.664281802013924
1	0.690455525487171
1	0.716319110511348
1	0.741876948119096
1	0.767133351504879
1	0.792092557691707
1	0.81675872915797
1	0.841135955425392
1	0.865228254609085
1	0.889039574930661
1	0.912573796195318
1	0.935834731233825
1	0.958826127310275
1	0.981551667496464
1	1.00401497201375
1	1.02621959954318
1	1.04816904850471
1	1.0698667583063
1	1.09131611056355
1	0
1	0.0343253167306834
1	0.0682190545425728
1	0.101687867573656
1	0.134738282050447
1	0.167376699172513
1	0.199609397926219
1	0.231442537829476
1	0.262882161609266
1	0.293934197813646
1	0.324604463359896
1	0.354898666020441
1	0.384822406848131
1	0.414381182542409
1	0.443580387757877
1	0.472425317356725
1	0.500921168606434
1	0.52907304332416
1	0.556885949969135
1	0.584364805684408
1	0.611514438289216
1	0.63833958822322
1	0.664844910443839
1	0.691034976277857
1	0.716914275228472
1	0.742487216738892
1	0.767758131913599
1	0.792731275198335
1	0.81741082601985
1	0.841800890386441
1	0.865905502450248
1	0.889728626032296
1	0.913274156111193
1	0.936545920276423
1	0.959547680147107
1	0.98228313275711
1	1.00475591190733
1	1.02696958948601
1	1.04892767675784
1	1.07063362562267
1	1.09209082984458
1	0
1	0.034410657426574
1	0.0683869126728523
1	0.101935499496021
1	0.135063021604435
1	0.167775955598528
1	0.200080653839465
1	0.231983347247357
1	0.263490148030849
1	0.294607052349829
1	0.325339942912942
1	0.355694591511594
1	0.385676661492046
1	0.415291710167168
1	0.444545191169403
1	0.473442456746419
1	0.501988760000914
1	0.530189257075983
1	0.558049009287439
1	0.585572985204424
1	0.612766062679621
1	0.639633030830354
1	0.666178591971804
1	0.692407363503566
1	0.718323879750724
1	0.743932593760585
1	0.769237879056211
1	0.794244031347818
1	0.818955270203126
1	0.84337574067768
1	0.867509514906165
1	0.891360593655682
1	0.914932907841962
1	0.938230320009434
1	0.96125662577607
1	0.984015555243879
1	1.00651077437593
1	1.02874588634073
1	1.05072443282478
1	1.0724498953141
1	1.09392569634557
1	0
1	0.0345937969541466
1	0.0687471330619386
1	0.102466912941864
1	0.135759906576848
1	0.168632752376169
1	0.20109196016193
1	0.233143914082018
1	0.264794875451423
1	0.296050985523746
1	0.326918268194667
1	0.357402632639121
1	0.387509875883852
1	0.417245685317008
1	0.446615641136366
1	0.475625218737755
1	0.504279791045192
1	0.532584630784219
1	0.560544912699878
1	0.588165715720734
1	0.615452025070309
1	0.642408734327272
1	0.669040647435671
1	0.695352480666487
1	0.721348864531728
1	0.747034345652279
1	0.772413388580673
1	0.797490377579914
1	0.822269618359484
1	0.846755339769595
1	0.870951695454748
1	0.894862765467637
1	0.918492557844379
1	0.94184501014206
1	0.964923990939541
1	0.987733301302451
1	1.01027667621327
1	1.03255778596736
1	1.05458023753585
1	1.07634757589618
1	1.09786328533102
1	0
1	0.0346544171905147
1	0.0688663680813821
1	0.102642813847163
1	0.135990579508623
1	0.168916357034696
1	0.201426708367961
1	0.233528068375581
1	0.265226747727602
1	0.296528935704478
1	0.32744070293561
1	0.35796800407067
1	0.388116680385411
1	0.417892462323646
1	0.447300971977005
1	0.476347725504065
1	0.505038135490389
1	0.533377513250979
1	0.561371071076605
1	0.589023924425433
1	0.616341094061352
1	0.643327508140336
1	0.669988004246173
1	0.69632733137684
1	0.722350151882769
1	0.74806104335824
1	0.77346450048706
1	0.798564936843719
1	0.823366686651117
1	0.847874006495978
1	0.872091077003026
1	0.896022004468939
1	0.919670822457126
1	0.943041493354293
1	0.966137909889776
1	0.988963896618569
1	1.01152321136897
1	1.03381954665572
1	1.05585653105956
1	1.07763773057389
1	1.09916664991966
1	0
1	0.03466847554655
1	0.068894019711525
1	0.102683606785327
1	0.136044074552472
1	0.16898212740284
1	0.201504339366198
1	0.233617157071947
1	0.265326902635997
1	0.296639776476644
1	0.327561860061242
1	0.358099118585445
1	0.388257403586736
1	0.418042455493907
1	0.447459906114134
1	0.476515281059228
1	0.505214002112606
1	0.533561389538499
1	0.561562664334855
1	0.589222950431371
1	0.616547276834052
1	0.64354057971765
1	0.670207704467296
1	0.696553407670642
1	0.722582359061725
1	0.748299143417822
1	0.773708262410444
1	0.798814136411666
1	0.823621106256894
1	0.848133434965194
1	0.872355309418231
1	0.896290841998893
1	0.919944072190587
1	0.943318968138222
1	0.966419428171838
1	0.989249282293815
1	1.01181229363059
1	1.03411215984979
1	1.05615251454357
1	1.07793692857916
1	1.09946891141729
1	0
1	0.0347106109734261
1	0.0689768966309142
1	0.102805870573407
1	0.13620440884068
1	0.169179253050429
1	0.201737013459903
1	0.233884171952048
1	0.265627084948092
1	0.296971986248449
1	0.327924989803773
1	0.358492092417933
1	0.388679176384657
1	0.418492012059521
1	0.447936260368947
1	0.477017475257787
1	0.505741106077089
1	0.534112499913534
1	0.562136903862053
1	0.589819467243046
1	0.61716524376563
1	0.644179193638272
1	0.670866185628143
1	0.697230999070513
1	0.723278325829417
1	0.749012772210865
1	0.774438860829778
1	0.79956103243182
1	0.824383647671274
1	0.84891098884608
1	0.873147261591099
1	0.897096596530675
1	0.920763050891521
1	0.944150610076921
1	0.96726318920323
1	0.990104634599628
1	1.01267872527205
1	1.03498917433216
1	1.05703963039237
1	1.07883367892754
1	1.10037484360442
1	0
1	0.0347866749051812
1	0.0691265081290732
1	0.103026584236995
1	0.136493848328078
1	0.169535109224606
1	0.20215704258259
1	0.234366193925562
1	0.266168981603571
1	0.297571699679272
1	0.328580520742985
1	0.359201498658525
1	0.389440571241567
1	0.419303562872274
1	0.448796187043853
1	0.477924048848684
1	0.506692647403588
1	0.535107378215812
1	0.563173535491213
1	0.590896314386128
1	0.618280813204353
1	0.64533203554062
1	0.672054892371949
1	0.698454204098179
1	0.724534702532973
1	0.750301032846558
1	0.775757755461417
1	0.800909347902131
1	0.82576020660052
1	0.850314648657232
1	0.874576913560865
1	0.898551164865704
1	0.922241491829121
1	0.945651911009648
1	0.968786367826723
1	0.991648738083077
1	1.01424282945069
1	1.03657238292127
1	1.05864107422207
1	1.08045251519804
1	1.10201025516106
1	0
1	0.0348922794454726
1	0.0693342235747623
1	0.103333015477682
1	0.13689569613299
1	0.170029167667506
1	0.202740196534624
1	0.235035416614276
1	0.266921332236345
1	0.298404321129507
1	0.329490637297375
1	0.36018641382382
1	0.390497665609278
1	0.420430292039781
1	0.449990079590457
1	0.47918270436514
1	0.508013734573742
1	0.53648863294895
1	0.564612759103809
1	0.592391371831691
1	0.619829631350102
1	0.646932601489775
1	0.673705251830424
1	0.700152459784523
1	0.726279012630419
1	0.752089609496077
1	0.777588863294699
1	0.802781302613444
1	0.82767137355643
1	0.852263441543188
1	0.876561793063674
1	0.900570637390969
1	0.924294108252708
1	0.947736265462295
1	0.970901096510925
1	0.993792518121386
1	1.01641437776462
1	1.03877045513999
1	1.06086446362011
1	1.08270005166124
1	1.10428080418003
1	0
1	0.0349145434716088
1	0.0693780150831478
1	0.103397618695809
1	0.136980415502125
1	0.170133327299802
1	0.202863139684547
1	0.235176505163985
1	0.26707994619466
1	0.298579858144095
1	0.329682512179818
1	0.360394058087235
1	0.390720527018135
1	0.42066783417163
1	0.450241781409224
1	0.479448059805707
1	0.508292252137507
1	0.536779835310083
1	0.564916182725921
1	0.592706566594637
1	0.620156160186666
1	0.647270040031966
1	0.674053188065137
1	0.700510493718314
1	0.726646755963158
1	0.752466685303249
1	0.77797490571812
1	0.803175956560172
1	0.828074294405663
1	0.852674294860926
1	0.876980254324958
1	0.900996391709483
1	0.924726850117557
1	0.948175698481773
1	0.971346933163081
1	0.994244479511222
1	1.01687219338774
1	1.0392338626525
1	1.06133320861471
1	1.08317388744918
1	1.10475949157891
1	0
1	0.0349990809663552
1	0.0695442933828331
1	0.103642919980472
1	0.137302098704409
1	0.170528826043566
1	0.20332996027787
1	0.235712224645129
1	0.267682210429609
1	0.299246379974319
1	0.330411069618949
1	0.361182492565355
1	0.391566741672451
1	0.421569792182299
1	0.451197504379162
1	0.480455626183217
1	0.5093497956806
1	0.537885543591413
1	0.56606829567725
1	0.593903375089813
1	0.621396004662085
1	0.648551309143547
1	0.675374317380843
1	0.701869964445294
1	0.7280430937086
1	0.753898458868051
1	0.779440725922526
1	0.804674475100535
1	0.829604202741508
1	0.854234323131527
1	0.878569170294651
1	0.902612999740957
1	0.926369990172394
1	0.949844245147514
1	0.973039794706132
1	0.995960596954905
1	1.01861053961484
1	1.04099344153168
1	1.06311305415011
1	1.08497306295268
1	1.10657708886434
1	0
1	0.0351674226092239
1	0.0698754075497052
1	0.104131394607994
1	0.137942674568623
1	0.171316392655015
1	0.204259551885011
1	0.236779016343214
1	0.268881514372271
1	0.300573641685166
1	0.331861864400548
1	0.362752522003053
1	0.393251830230543
1	0.423365883890126
1	0.453100659604774
1	0.482462018492311
1	0.511455708778492
1	0.540087368345869
1	0.568362527220055
1	0.596286609995004
1	0.623864938198852
1	0.651102732601828
1	0.678005115467714
1	0.704577112750294
1	0.730823656236179
1	0.756749585635382
1	0.782359650620969
1	0.80765851281907
1	0.832650747750524
1	0.857340846725373
1	0.881733218691408
1	0.905832192037929
1	0.929642016355855
1	0.953166864155287
1	0.976410832541605
1	0.999377944851143
1	1.02207215224747
1	1.04449733527926
1	1.06665730540077
1	1.08855580645573
1	1.11019651612583
1	0
1	0.0352008833759812
1	0.069941222126057
1	0.104228487254233
1	0.138069999924474
1	0.171472934923716
1	0.204444324038924
1	0.236991059350399
1	0.269119896443473
1	0.300837457540684
1	0.332150234556456
1	0.363064592076279
1	0.393586770262296
1	0.423722887687204
1	0.453478944098272
1	0.482860823113284
1	0.51187429485012
1	0.540525018491691
1	0.568818544787859
1	0.596760318495953
1	0.624355680761449
1	0.651609871440335
1	0.678528031364639
1	0.705115204552581
1	0.731376340364741
1	0.757316295607625
1	0.782939836585966
1	0.808251641105058
1	0.833256300424392
1	0.857958321163834
1	0.882362127163541
1	0.906472061298799
1	0.930292387250917
1	0.953827291235289
1	0.977080883687719
1	1.00005720091005
1	1.02276020667614
1	1.04519379379917
1	1.0673617856613
1	1.08926793770659
1	1.11091593889805
1	0
1	0.0353799731095405
1	0.0702934769033799
1	0.104748149468542
1	0.138751474566706
1	0.172310785215546
1	0.205433267181007
1	0.238125962382814
1	0.270395772215433
1	0.302249460786633
1	0.333693658075784
1	0.364734863013915
1	0.39537944648756
1	0.425633654268315
1	0.455503609870026
1	0.484995317335438
1	0.514114663954126
1	0.54286742291344
1	0.571259255884191
1	0.599295715542736
1	0.626982248031083
1	0.654324195356593
1	0.681326797732826
1	0.707995195863028
1	0.734334433167706
1	0.760349457957737
1	0.786045125554375
1	0.811426200357521
1	0.836497357863561
1	0.86126318663406
1	0.885728190216555
1	0.909896789018669
1	0.933773322136721
1	0.957362049139995
1	0.980667151811788
1	1.00369273584833
1	1.02644283251665
1	1.04892140027242
1	1.07113232633877
1	1.09307942824713
1	1.11476645534099
1	0
1	0.0357768996495489
1	0.0710741987637866
1	0.105899905745125
1	0.140261864729607
1	0.174167759430491
1	0.207625116885902
1	0.240641311113022
1	0.273223566671204
1	0.305378962136356
1	0.337114433488861
1	0.368436777417251
1	0.399352654539789
1	0.429868592546076
1	0.4599909892607
1	0.489726115630958
1	0.519080118640562
1	0.548059024151246
1	0.576668739674093
1	0.604915057072406
1	0.632803655197842
1	0.660340102461538
1	0.687529859341874
1	0.714378280830493
1	0.740890618818157
1	0.767072024421966
1	0.792927550255446
1	0.818462152642939
1	0.843680693779751
1	0.868587943839394
1	0.893188583029305
1	0.917487203596336
1	0.94148831178329
1	0.965196329737757
1	0.988615597374457
1	1.01175037419226
1	1.03460484104707
1	1.05718310188162
1	1.07948918541339
1	1.10152704678152
1	1.12330056915403
1	0
1	0.0358942693752471
1	0.0713050553615859
1	0.106240475862333
1	0.140708481574914
1	0.174716859911986
1	0.208273238824612
1	0.241385090529974
1	0.274059735146101
1	0.30630434423598
1	0.338125944263373
1	0.369531419962616
1	0.400527517624587
1	0.431120848301005
1	0.461317890929145
1	0.491124995379002
1	0.520548385424894
1	0.549594161643446
1	0.578268304239811
1	0.606576675803994
1	0.634525023999047
1	0.662118984182873
1	0.689364081965355
1	0.71626573570243
1	0.742829258928752
1	0.769059862730481
1	0.794962658059742
1	0.820542657992237
1	0.845804779929455
1	0.870753847746899
1	0.895394593889691
1	0.919731661416914
1	0.943769605995976
1	0.967512897848277
1	0.990965923647419
1	1.01413298837116
1	1.03701831710826
1	1.05962605682148
1	1.08196027806762
1	1.10402497667596
1	1.12582407538593
1	0
1	0.0360524904888165
1	0.0716162632796528
1	0.106699583889319
1	0.141310546666085
1	0.175457078815343
1	0.209146944324571
1	0.242387747790182
1	0.275186938148773
1	0.307551812315237
1	0.339489518730116
1	0.371007060818533
1	0.402111300362958
1	0.432808960792024
1	0.463106630387549
1	0.493010765411848
1	0.522527693157377
1	0.551663614920711
1	0.580424608902774
1	0.60881663303722
1	0.636845527748799
1	0.664517018643493
1	0.691836719132178
1	0.718810132989493
1	0.745442656849587
1	0.771739582640348
1	0.797706099957676
1	0.823347298381354
1	0.848668169733974
1	0.873673610284392
1	0.898368422897127
1	0.92275731912906
1	0.946844921274794
1	0.970635764361982
1	0.994134298097877
1	1.01734488876837
1	1.04027182109068
1	1.06291930002099
1	1.08529145251794
1	1.1073923292634
1	1.12922590634134
1	0
1	0.0365621736781829
1	0.0726187681960833
1	0.108178524583003
1	0.143249999934689
1	0.177841571775739
1	0.211961442312485
1	0.245617642579162
1	0.278818036480116
1	0.311570324730707
1	0.343882048699532
1	0.375760594154484
1	0.407213194915117
1	0.438246936413742
1	0.468868759167569
1	0.499085462164195
1	0.528903706162664
1	0.558330016912242
1	0.587370788291043
1	0.616032285366542
1	0.644320647379981
1	0.672241890656626
1	0.699801911443755
1	0.727006488678244
1	0.753861286685549
1	0.780371857811828
1	0.806543644990925
1	0.832381984247878
1	0.857892107140569
1	0.883079143141102
1	0.90794812195844
1	0.932503975803809
1	0.95675154160033
1	0.980695563138285
1	1.00434069317743
1	1.02769149549768
1	1.05075244689951
1	1.07352793915529
1	1.0960222809129
1	1.11823969955278
1	1.14018434299956
1	0
1	0.0365794307517356
1	0.0726527114405158
1	0.10822859919575
1	0.143315666781088
1	0.177922306968231
1	0.212056736800913
1	0.245727001751887
1	0.278940979775654
1	0.311706385259626
1	0.344030772876327
1	0.375921541339177
1	0.407385937064322
1	0.438431057740951
1	0.469063855812409
1	0.499291141870438
1	0.529119587964735
1	0.558555730830025
1	0.587605975032758
1	0.616276596039477
1	0.644573743208885
1	0.672503442709543
1	0.700071600365128
1	0.727284004429079
1	0.754146328290459
1	0.780664133112779
1	0.806842870407509
1	0.832687884543939
1	0.85820441519701
1	0.883397599734722
1	0.908272475546636
1	0.932833982314988
1	0.957086964229884
1	0.981036172149981
1	1.00468626571008
1	1.02804181537692
1	1.05110730445462
1	1.07388713104086
1	1.09638560993524
1	1.11860697450091
1	1.14055537848077
1	0
1	0.0366007943482702
1	0.0726947318779275
1	0.108290589649698
1	0.143396959823496
1	0.178022254046354
1	0.212174707730141
1	0.24586238422194
1	0.27909317886981
1	0.311874822986638
1	0.344214887714702
1	0.376120787793487
1	0.40759978523324
1	0.438658992896693
1	0.469305377991294
1	0.499545765474266
1	0.529386841372707
1	0.55883515602092
1	0.587897127217103
1	0.61657904330145
1	0.644887066157689
1	0.67282723414001
1	0.700405464927302
1	0.72762755830655
1	0.754499198887217
1	0.781025958748363
1	0.807213300020229
1	0.833066577401965
1	0.858591040617126
1	0.883791836808527
1	0.908674012874016
1	0.933242517744653
1	0.957502204606792
1	0.98145783306947
1	1.00511407127852
1	1.02847549797874
1	1.05154660452549
1	1.07433179684695
1	1.09683539735828
1	1.11906164682905
1	1.14101470620494
1	0
1	0.0366853658055421
1	0.0728610769791073
1	0.108535989482953
1	0.143718772260435
1	0.178417911679806
1	0.212641715866357
1	0.246398318925768
1	0.279695685061472
1	0.312541612588752
1	0.344943737848225
1	0.376909539021307
1	0.408446339850159
1	0.439561313264586
1	0.470261484918267
1	0.500553736636646
1	0.530444809778752
1	0.559941308515149
1	0.589049703024181
1	0.617776332608592
1	0.646127408734569
1	0.674109017995197
1	0.701727125000255
1	0.728987575194253
1	0.755896097604527
1	0.7824583075212
1	0.808679709110741
1	0.83456569796483
1	0.86012156358617
1	0.885352491812864
1	0.910263567182936
1	0.934859775240505
1	0.959146004785118
1	0.983127050065682
1	1.00680761292042
1	1.03019230486422
1	1.0532856491247
1	1.07609208262835
1	1.09861595793793
1	1.12086154514252
1	1.1428330337012
1	0
1	0.0367422507577899
1	0.0729729650018812
1	0.108701051765745
1	0.143935231639267
1	0.17868404125013
1	0.212955837632552
1	0.246758802486281
1	0.280100946328657
1	0.312990112542508
1	0.345433981322545
1	0.377440073522867
1	0.409015754408119
1	0.440168237310777
1	0.470904587196967
1	0.501231724143172
1	0.53115642672611
1	0.560685335328009
1	0.589824955359455
1	0.618581660401922
1	0.646961695272045
1	0.674971179009636
1	0.702616107791411
1	0.729902357772309
1	0.756835687856279
1	0.783421742398323
1	0.809666053839569
1	0.835574045277069
1	0.861151032970009
1	0.886402228783949
1	0.911332742574669
1	0.935947584513178
1	0.960251667353379
1	0.984249808643856
1	1.00794673288521
1	1.03134707363432
1	1.05445537555692
1	1.07727609642978
1	1.09981360909371
1	1.12207220335884
1	1.14405608786311
1	0
1	0.0369111071752325
1	0.0733050916880046
1	0.109191020107561
1	0.144577766330554
1	0.179474016173984
1	0.213888271852581
1	0.247828856343584
1	0.281303917641826
1	0.314321432907946
1	0.346889212512467
1	0.379014903978429
1	0.410705995825181
1	0.441969821315863
1	0.472813562111063
1	0.503244251831062
1	0.533268779528993
1	0.562893893077229
1	0.592126202469203
1	0.620972183038847
1	0.649438178599748
1	0.67753040450609
1	0.705254950637388
1	0.732617784308955
1	0.759624753110016
1	0.786281587671319
1	0.812593904364043
1	0.83856720793177
1	0.864206894057225
1	0.889518251865458
1	0.914506466365093
1	0.939176620829222
1	0.963533699117491
1	0.987582587940877
1	1.01132807907063
1	1.03477487149277
1	1.05792757350961
1	1.0807907047895
1	1.10336869836636
1	1.12566590258995
1	1.14768658302851
1	0
1	0.0369115229273946
1	0.0733059094383154
1	0.109192226489887
1	0.144579348356225
1	0.179475961221662
1	0.213890567658384
1	0.247831490991478
1	0.281306879554272
1	0.314324710836785
1	0.346892795530055
1	0.379018781469003
1	0.410710157476449
1	0.441974257110822
1	0.472818262320034
1	0.503249207003925
1	0.533273980487643
1	0.562899330908217
1	0.592131868516582
1	0.620978068897199
1	0.649444276107403
1	0.67753670573852
1	0.705261447900775
1	0.732624470133935
1	0.759631620245581
1	0.786288629078887
1	0.81260111321168
1	0.838574577588571
1	0.864214418087838
1	0.889525924024758
1	0.914514280592991
1	0.939184571245619
1	0.963541780017362
1	0.987590793789489
1	1.01133640449887
1	1.03478331129265
1	1.05793612262979
1	1.08079935833106
1	1.10337745157855
1	1.12567475086619
1	1.14769552190236
1	0
1	0.0369329456986126
1	0.0733480462674628
1	0.109254388650199
1	0.144660866570928
1	0.179576185141593
1	0.214008865353396
1	0.247967248455264
1	0.281459500222258
1	0.314493615116756
1	0.347077420345168
1	0.379218579812871
1	0.41092459797998
1	0.442202823620496
1	0.473060453487328
1	0.50350453588559
1	0.533541974156543
1	0.563179530074466
1	0.592423827158693
1	0.621281353902992
1	0.649758466924418
1	0.677861394033676
1	0.705596237229044
1	0.73296897561578
1	0.759985468252946
1	0.786651456929495
1	0.812972568871443
1	0.838954319381871
1	0.864602114415505
1	0.889921253089511
1	0.914916930132174
1	0.939594238271018
1	0.96395817056193
1	0.988013622660795
1	1.0117653950391
1	1.03521819514495
1	1.05837663951088
1	1.08124525580982
1	1.10382848486056
1	1.12613068258392
1	1.14815612191102
1	0
1	0.0370662786566401
1	0.0736103012304153
1	0.109641279058888
1	0.145168226920757
1	0.180199967731324
1	0.214745137119701
1	0.248812187890814
1	0.28240939437515
1	0.315544856669162
1	0.348226504769111
1	0.380462102601121
1	0.412259251950086
1	0.443625396290053
1	0.474567824518596
1	0.505093674597654
1	0.535209937103239
1	0.564923458686348
1	0.594240945447367
1	0.623168966226174
1	0.65171395581012
1	0.679882218061982
1	0.707679928969949
1	0.735113139621631
1	0.762187779104051
1	0.788909657331497
1	0.815284467803109
1	0.841317790291968
1	0.867015093467474
1	0.892381737452687
1	0.917422976318327
1	0.942143960515023
1	0.966549739245412
1	0.990645262777616
1	1.01443538470159
1	1.03792486412982
1	1.06111836784374
1	1.08402047238736
1	1.10663566610929
1	1.12896835115466
1	1.15102284540805
1	0
1	0.0371350937477578
1	0.0737456548551952
1	0.109840958861395
1	0.145430083023101
1	0.180521911055653
1	0.215125137754468
1	0.249248273500152
1	0.282899648650241
1	0.316087417820477
1	0.348819564058468
1	0.381103902912509
1	0.412948086398238
1	0.444359606865783
1	0.475345800769926
1	0.505913852345806
1	0.536070797192567
1	0.565823525767323
1	0.595178786791749
1	0.624143190573525
1	0.652723212244838
1	0.680925194920052
1	0.708755352774632
1	0.736219774047334
1	0.763324423967635
1	0.790075147610306
1	0.816477672679017
1	0.842537612220759
1	0.868260467272893
1	0.893651629444515
1	0.918716383433842
1	0.943459909483244
1	0.967887285773517
1	0.992003490758959
1	1.01581340544474
1	1.03932181560809
1	1.06253341396465
1	1.08545280228149
1	1.10808449343806
1	1.13043291343654
1	1.15250240336263
1	0
1	0.0371495399335066
1	0.0737740693144887
1	0.109882877159699
1	0.145485053841747
1	0.180589495839576
1	0.215204910369243
1	0.249339819898079
1	0.283002566545242
1	0.316201316371574
1	0.348944063561628
1	0.381238634500614
1	0.413092691748991
1	0.444513737917322
1	0.47550911944396
1	0.506086030278064
1	0.536251515470377
1	0.566012474674124
1	0.595375665558364
1	0.624347707136015
1	0.652935083008754
1	0.681144144530939
1	0.708981113894595
1	0.73645208713753
1	0.763563037076518
1	0.790319816167487
1	0.816728159294579
1	0.842793686489898
1	0.868521905585732
1	0.893918214800965
1	0.918987905263371
1	0.943736163469427
1	0.968168073683244
1	0.992288620276176
1	1.01610269000861
1	1.03961507425543
1	1.06283047117658
1	1.08575348783414
1	1.1083886422573
1	1.13074036545645
1	1.15281300338787
1	0
1	0.0373924658958288
1	0.0742518847038082
1	0.110587772080164
1	0.146409438952898
1	0.181725996432768
1	0.216546360600352
1	0.250879257172414
1	0.284733226050659
1	0.318116625755911
1	0.351037637750678
1	0.383504270652951
1	0.415524364344061
1	0.447105593973303
1	0.478255473861988
1	0.508981361309512
1	0.539290460303959
1	0.569189825139681
1	0.59868636394427
1	0.627786842117222
1	0.656497885682581
1	0.68482598455776
1	0.712777495740693
1	0.740358646417425
1	0.767575536992159
1	0.794434144041768
1	0.820940323196703
1	0.847099811950173
1	0.872918232397459
1	0.898401093907122
1	0.923553795725876
1	0.948381629518801
1	0.972889781846572
1	0.997083336581298
1	1.02096727726255
1	1.04454648939512
1	1.06782576268994
1	1.09080979324974
1	1.11350318570066
1	1.13591045527144
1	1.15803602982132
1	0
1	0.037548217844098
1	0.074558235976797
1	0.111039715364191
1	0.147002108343344
1	0.182454663636168
1	0.217406431236706
1	0.251866267175066
1	0.285842838161206
1	0.319344626111644
1	0.352379932562122
1	0.384956882969156
1	0.41708343090333
1	0.448767362137122
1	0.48001629862998
1	0.510837702413284
1	0.541238879377771
1	0.571226982965932
1	0.600809017771826
1	0.629991843050688
1	0.658782176140638
1	0.687186595798776
1	0.715211545453827
1	0.742863336377509
1	0.77014815077669
1	0.79707204480837
1	0.823640951519477
1	0.849860683713395
1	0.875736936745106
1	0.901275291246774
1	0.926481215785553
1	0.951360069455362
1	0.975917104404302
1	1.00015746829938
1	1.02408620673013
1	1.04770826555272
1	1.07102849317598
1	1.09405164279103
1	1.11678237454566
1	1.1392252576652
1	1.16138477252092
1	0
1	0.0377733437841749
1	0.0750010401862586
1	0.111692960205163
1	0.147858760572491
1	0.183507888915156
1	0.2186495887875
1	0.253292904576278
1	0.287446686281784
1	0.321119594178314
1	0.354320103357063
1	0.387056508154506
1	0.419336926469186
1	0.451169303969806
1	0.48256141819741
1	0.513520882564379
1	0.544055150252905
1	0.574171518015518
1	0.603877129880196
1	0.633178980762502
1	0.662083919987144
1	0.690598654721285
1	0.718729753321869
1	0.746483648599165
1	0.773866640998699
1	0.800884901703647
1	0.827544475659749
1	0.853851284524714
1	0.879811129544073
1	0.905429694355348
1	0.930712547722385
1	0.955665146201641
1	0.980292836742158
1	1.00460085922094
1	1.02859434891536
1	1.05227833891425
1	1.07565776246921
1	1.09873745528764
1	1.12152215776909
1	1.14401651718623
1	1.16622508981198
1	0
1	0.0378361532902361
1	0.0751245813191399
1	0.111875213684191
1	0.148097764142496
1	0.183801735814904
1	0.218996426258539
1	0.253690932411132
1	0.287894155410469
1	0.321614805292163
1	0.354861405568896
1	0.387642297694176
1	0.419965645413587
1	0.45183943900643
1	0.483271499420579
1	0.514269482303289
1	0.544840881930655
1	0.574993035038306
1	0.604733124555892
1	0.634068183247829
1	0.663005097262711
1	0.69155060959375
1	0.719711323452511
1	0.747493705558179
1	0.774904089344535
1	0.801948678086735
1	0.828633547949973
1	0.85496465096201
1	0.880947817911543
1	0.9065887611743
1	0.931893077468724
1	0.956866250543046
1	0.981513653795504
1	1.00584055282943
1	1.02985210794486
1	1.0535533765683
1	1.07694931562222
1	1.10004478383586
1	1.12284454399876
1	1.1453532651586
1	1.16757552476465
1	0
1	0.0378643098306761
1	0.0751799629185525
1	0.11195691512995
1	0.148204905785635
1	0.18393346288354
1	0.21915190818941
1	0.253869362198774
1	0.288094748973571
1	0.321836800856654
1	0.355104063067315
1	0.387904898180908
1	0.420247490495543
1	0.45213985028877
1	0.48358981796708
1	0.514605068110977
1	0.545193113418322
1	0.575361308548558
1	0.605116853870357
1	0.634466799115196
1	0.663418046939256
1	0.691977356396018
1	0.720151346321839
1	0.747946498636754
1	0.775369161562672
1	0.802425552761094
1	0.829121762392416
1	0.85546375609883
1	0.881457377912782
1	0.907108353092898
1	0.932422290889238
1	0.95740468723969
1	0.982060927399263
1	1.00639628850401
1	1.03041594207124
1	1.05412495643765
1	1.07752829913704
1	1.10063083921895
1	1.12343734951003
1	1.14595250881936
1	1.16818090408922
1	0
1	0.0380917900390809
1	0.0756273977801964
1	0.112616991318917
1	0.149070516508016
1	0.184997702330489
1	0.220408066136548
1	0.25531091874812
1	0.289715369434251
1	0.323630330760759
1	0.357064523317356
1	0.390026480325426
1	0.42252455212951
1	0.454566910575507
1	0.486161553278506
1	0.517316307783091
1	0.548038835618886
1	0.578336636254046
1	0.6082170509493
1	0.637687266515133
1	0.666754318974569
1	0.695425097134009
1	0.723706346064472
1	0.751604670495541
1	0.779126538124273
1	0.806278282841238
1	0.833066107875831
1	0.85949608886292
1	0.885574176832859
1	0.911306201126815
1	0.936697872239354
1	0.961754784590121
1	0.986482419226453
1	1.01088614645869
1	1.03497122842989
1	1.0587428216217
1	1.08220597929786
1	1.10536565388718
1	1.12822669930726
1	1.15079387323073
1	1.17307183929527
1	0
1	0.0381896473678736
1	0.0758198750980091
1	0.112900942582655
1	0.149442884520428
1	0.18545551635398
1	0.220948439569959
1	0.255931046864811
1	0.290412527179891
1	0.324401870609242
1	0.357907873183345
1	0.390939141532011
1	0.423504097429557
1	0.455610982225276
1	0.48726786116218
1	0.518482627586868
1	0.549263007053343
1	0.5796165613235
1	0.609550692266951
1	0.63907264566276
1	0.668189514905639
1	0.696908244619039
1	0.725235634177545
1	0.753178341140895
1	0.780742884601907
1	0.807935648450519
1	0.834762884556094
1	0.861230715870098
1	0.887345139451191
1	0.913112029414724
1	0.938537139808573
1	0.963626107417221
1	0.988384454495903
1	1.01281759143663
1	1.0369308193678
1	1.06072933268921
1	1.08421822154388
1	1.10740247422865
1	1.13028697954481
1	1.15287652909047
1	1.17517581949609
1	0
1	0.0383969411106811
1	0.0762276048419863
1	0.113502443982309
1	0.15023168143474
1	0.186425315791691
1	0.222093126768224
1	0.257244680497724
1	0.291889334693479
1	0.326036243679614
1	0.359694363294754
1	0.392872455671711
1	0.425579093896364
1	0.457822666548872
1	0.489611382130243
1	0.520953273377207
1	0.551856201468286
1	0.582327860123843
1	0.612375779602864
1	0.642007330599107
1	0.671229728039229
1	0.700050034785401
1	0.728475165244875
1	0.756511888888889
1	0.784166833683252
1	0.811446489432866
1	0.838357211042415
1	0.864905221695354
1	0.891096615953315
1	0.916937362777965
1	0.942433308477306
1	0.967590179578362
1	0.992413585628139
1	1.0169090219247
1	1.04108187218013
1	1.06493741111719
1	1.08848080700128
1	1.11171712410944
1	1.13465132513797
1	1.1572882735502
1	1.17963273586609
1	0
1	0.038400392343415
1	0.0762343931329396
1	0.113512458376819
1	0.15024481411156
1	0.186441461978833
1	0.222112184661025
1	0.257266551179072
1	0.291913922056144
1	0.326063454350632
1	0.35972410656181
1	0.392904643411454
1	0.425613640504631
1	0.457859488872746
1	0.489650399401907
1	0.520994407149553
1	0.551899375552216
1	0.582373000527236
1	0.612422814471152
1	0.642056190157426
1	0.671280344536102
1	0.700102342437906
1	0.728529100185267
1	0.756567389112639
1	0.784223838998456
1	0.811504941410999
1	0.838417052970385
1	0.864966398528833
1	0.8911590742713
1	0.917001050738549
1	0.942498175774621
1	0.967656177400663
1	0.992480666617002
1	1.0169771401353
1	1.04115098304258
1	1.0650074713989
1	1.08855177477031
1	1.11178895869886
1	1.13472398711111
1	1.1573617246669
1	1.17970693904974
1	0
1	0.0384411194063733
1	0.0763144999163285
1	0.113630635534709
1	0.150399789274609
1	0.186631998761187
1	0.222337081693419
1	0.257524641167449
1	0.292204070865118
1	0.326384560111149
1	0.360075098802369
1	0.393284482212276
1	0.426021315674163
1	0.458294019145928
1	0.49011083165962
1	0.521479815658697
1	0.55240886122588
1	0.58290569020443
1	0.612977860215583
1	0.64263276857483
1	0.671877656109628
1	0.700719610881103
1	0.729165571812186
1	0.757222332224614
1	0.784896543287131
1	0.812194717377163
1	0.839123231358207
1	0.865688329775089
1	0.891896127969205
1	0.917752615115802
1	0.943263657185294
1	0.968434999830572
1	0.993272271202203
1	1.01778098469337
1	1.04196654161633
1	1.06583423381222
1	1.08938924619583
1	1.11263665923704
1	1.13558145138059
1	1.15822850140571
1	1.18058259072713
1	0
1	0.0384707811326449
1	0.0763728420924831
1	0.113716704557473
1	0.150512658470945
1	0.186770767665015
1	0.222500875341417
1	0.257712609413441
1	0.292415387712556
1	0.32661842306322
1	0.360330728229257
1	0.393561120735137
1	0.426318227565373
1	0.458610489745171
1	0.490446166805413
1	0.521833341134934
1	0.55277992222301
1	0.58329365079488
1	0.613382102843055
1	0.643052693557109
1	0.672312681154545
1	0.7011691706153
1	0.729629117322368
1	0.757699330610938
1	0.785386477228422
1	0.812697084707652
1	0.839637544655482
1	0.866214115958963
1	0.892432927911225
1	0.9182999832591
1	0.943821161174534
1	0.969002220151706
1	0.99384880083179
1	1.0183664287572
1	1.04256051705712
1	1.06643636906613
1	1.08999918087757
1	1.11325404383335
1	1.13620594695188
1	1.15885977929559
1	1.18122033227973
1	0
1	0.0385502268362514
1	0.0765291052577522
1	0.113947231061885
1	0.150814966321686
1	0.18714244506175
1	0.222939578790175
1	0.258216061890272
1	0.292981376875661
1	0.327244799512276
1	0.361015403810704
1	0.394302066892222
1	0.427113473731774
1	0.459458121781063
1	0.491344325474858
1	0.522780220623517
1	0.553773768694657
1	0.58433276098684
1	0.614464822698039
1	0.64417741689161
1	0.673477848362395
1	0.702373267405537
1	0.730870673490507
1	0.75897691884278
1	0.78669871193554
1	0.814042620893721
1	0.841015076812652
1	0.867622376993475
1	0.89387068809751
1	0.919766049221614
1	0.945314374896594
1	0.97052145801062
1	0.995392972659595
1	1.01993447692633
1	1.04415141559036
1	1.0680491227702
1	1.09163282449971
1	1.11490764124036
1	1.13787859033096
1	1.16055058837641
1	1.18292845357724
1	0
1	0.0385524835986396
1	0.0765335441237705
1	0.113953779478237
1	0.150823553784019
1	0.187153003059621
1	0.222952040753475
1	0.258230363137065
1	0.292997454561394
1	0.327262592580333
1	0.361034852944265
1	0.394323114467397
1	0.427136063771968
1	0.459482199912551
1	0.491369838883537
1	0.52280711801279
1	0.553802000244446
1	0.584362278313668
1	0.614495578816177
1	0.644209366175249
1	0.673510946508818
1	0.702407471399267
1	0.730905941568401
1	0.759013210460053
1	0.786735987732683
1	0.8140808426643
1	0.841054207471954
1	0.867662380547993
1	0.89391152961523
1	0.919807694803095
1	0.945356791646808
1	0.97056461401155
1	0.995436836943549
1	1.01997901944997
1	1.04419660720942
1	1.06809493521487
1	1.09167923035068
1	1.11495461390552
1	1.13792610402264
1	1.16059861808936
1	1.18297697506706
1	0
1	0.0387305148022982
1	0.0768837168598336
1	0.114470370170906
1	0.151501000494157
1	0.18798590114359
1	0.223935138636507
1	0.259358558198173
1	0.294265789126902
1	0.32866625002317
1	0.362569153886256
1	0.395983513081844
1	0.428918144183898
1	0.461381672694073
1	0.493382537641795
1	0.524928996068109
1	0.556029127396285
1	0.586690837692092
1	0.61692186381659
1	0.646729777474214
1	0.676121989158834
1	0.705105752000431
1	0.733688165514937
1	0.761876179259743
1	0.789676596397284
1	0.817096077169094
1	0.8441411422826
1	0.870818176212932
1	0.897133430421905
1	0.923093026496322
1	0.948702959207666
1	0.973969099495189
1	0.998897197374381
1	1.02349288477273
1	1.04776167829463
1	1.07170898191728
1	1.09534008961928
1	1.11866018794379
1	1.14167435849771
1	1.16438758038876
1	1.1868047326019
1	0
1	0.0388658681918056
1	0.0771499458453439
1	0.114863123237805
1	0.152016049016795
1	0.188619136084784
1	0.224682567334125
1	0.260216301236518
1	0.295230077290678
1	0.329733421331856
1	0.363735650706785
1	0.397245879317538
1	0.43027302253765
1	0.462825802003837
1	0.494912750286483
1	0.526542215442053
1	0.557722365450461
1	0.588461192540354
1	0.618766517405219
1	0.648645993313105
1	0.678107110112717
1	0.707157198138546
1	0.735803432017625
1	0.764052834380465
1	0.791912279478615
1	0.819388496711266
1	0.846488074063225
1	0.873217461456552
1	0.899582974018071
1	0.92559079526492
1	0.951246980210244
1	0.976557458391098
1	1.00152803682053
1	1.02616440286582
1	1.05047212705475
1	1.07445666581176
1	1.09812336412584
1	1.12147745815172
1	1.14452407774641
1	1.16726824894237
1	1.18971489635918
1	0
1	0.0389509268303094
1	0.0773172491919405
1	0.115109936718134
1	0.152339715282254
1	0.189017072938431
1	0.225152265711309
1	0.260755323238799
1	0.295836054271637
1	0.330404052033441
1	0.364468699444866
1	0.398039174215377
1	0.431124453806036
1	0.463733320266654
1	0.495874364950529
1	0.527555993109943
1	0.558786428375485
1	0.589573717122191
1	0.619925732725434
1	0.649850179709388
1	0.679354597790843
1	0.708446365821064
1	0.737132705628329
1	0.765420685763685
1	0.793317225152427
1	0.820829096653731
1	0.847962930530787
1	0.874725217833748
1	0.901122313697737
1	0.927160440558086
1	0.952845691284952
1	0.978184032239354
1	1.00318130625269
1	1.02784323553165
1	1.05217542449051
1	1.07618336251256
1	1.09987242664264
1	1.1232478842124
1	1.14631489540008
1	1.16907851572654
1	1.19154369848906
1	0
1	0.0393267915259501
1	0.0780565441366312
1	0.116200578130877
1	0.153769960634115
1	0.190775511787338
1	0.227227810778674
1	0.263137201721628
1	0.298513799383945
1	0.33336749477097
1	0.36770796056725
1	0.401544656440042
1	0.434886834208305
1	0.467743542880626
1	0.500123633565483
1	0.532035764257131
1	0.563488404500324
1	0.594489839936993
1	0.625048176737925
1	0.655171345922425
1	0.684867107568818
1	0.714143054918636
1	0.743006618377211
1	0.771465069413349
1	0.799525524360684
1	0.827194948123246
1	0.854480157787707
1	0.881387826144709
1	0.907924485121614
1	0.93409652912895
1	0.959910218322787
1	0.985371681785188
1	1.01048692062485
1	1.035261811
1	1.05970210706549
1	1.08381344384615
1	1.10760134003815
1	1.13107120074032
1	1.15422832011722
1	1.17707788399566
1	1.19962497239641
1	0
1	0.0396060567387778
1	0.0786058358431046
1	0.117010918154245
1	0.15483262434586
1	0.192082021297489
1	0.22876992830579
1	0.264906923137744
1	0.300503347929899
1	0.335569314937636
1	0.370114712138331
1	0.404149208692194
1	0.43768226026445
1	0.470723114212456
1	0.503280814641228
1	0.535364207330793
1	0.566981944538653
1	0.598142489680601
1	0.628854121893026
1	0.659124940479751
1	0.688962869246402
1	0.71837566072519
1	0.747370900292948
1	0.775956010185159
1	0.804138253408666
1	0.831924737555675
1	0.859322418521583
1	0.886338104129125
1	0.912978457661233
1	0.939250001304976
1	0.965159119508854
1	0.990712062255686
1	1.01591494825326
1	1.04077376804485
1	1.06529438704168
1	1.08948254847937
1	1.11334387630015
1	1.13688387796308
1	1.16010794718372
1	1.18302136660543
1	1.20562931040375
1	0
1	0.0397841864744147
1	0.0789562023834656
1	0.117527794755798
1	0.155510445991196
1	0.19291538035175
1	0.229753570287705
1	0.266035742602265
1	0.301772384459508
1	0.336973749239484
1	0.371649862244423
1	0.40581052625993
1	0.439465326974877
1	0.472623638263682
1	0.505294627334494
1	0.537487259746775
1	0.569210304301628
1	0.600472337808174
1	0.631281749729166
1	0.661646746708965
1	0.691575356986898
1	0.721075434698977
1	0.750154664070839
1	0.778820563504718
1	0.807080489563186
1	0.834941640852313
1	0.862411061806853
1	0.889495646379962
1	0.916202141639923
1	0.94253715127626
1	0.968507139017588
1	0.994118431963455
1	1.0193772238324
1	1.04428957812838
1	1.06886143122767
1	1.09309859538828
1	1.11700676168383
1	1.14059150286397
1	1.16385827614304
1	1.18681242591897
1	1.20945918642408
1	0
1	0.0401186331765244
1	0.0796140315411542
1	0.118498254146922
1	0.156783087041781
1	0.19448004998074
1	0.231600402966888
1	0.268155152625732
1	0.304155058417155
1	0.339610638689206
1	0.374532176577795
1	0.408929725756294
1	0.442813116038908
1	0.476191958841603
1	0.509075652504276
1	0.541473387477739
1	0.573394151379021
1	0.604846733918387
1	0.635839731701374
1	0.666381552909091
1	0.696480421859907
1	0.726144383455603
1	0.755381307514952
1	0.784198892997651
1	0.812604672121414
1	0.840606014374999
1	0.868210130429835
1	0.895424075952874
1	0.922254755323214
1	0.948708925254958
1	0.974793198328751
1	1.00051404643431
1	1.0258778041263
1	1.05089067189568
1	1.07555871935881
1	1.09988788836643
1	1.12388399603438
1	1.14755273769839
1	1.17089968979465
1	1.1939303126681
1	1.21664995331042
1	0
1	0.0401481970548435
1	0.0796721812584334
1	0.118584039245629
1	0.156895583905783
1	0.19461836111441
1	0.231763656293229
1	0.268342500803025
1	0.304365678173647
1	0.339843730175355
1	0.374786962735624
1	0.409205451705397
1	0.443109048478674
1	0.476507385469235
1	0.509409881448187
1	0.541825746745924
1	0.573763988322012
1	0.605233414706405
1	0.636242640815313
1	0.666800092644964
1	0.696914011846407
1	0.726592460184425
1	0.755843323883552
1	0.784674317864112
1	0.813092989871099
1	0.841106724498681
1	0.868722747113008
1	0.895948127675947
1	0.922789784472302
1	0.949254487742996
1	0.975348863226653
1	1.00107939561192
1	1.02645243190287
1	1.05147418469959
1	1.07615073539643
1	1.10048803729961
1	1.12449191866668
1	1.14816808566953
1	1.17152212528311
1	1.19455950810167
1	1.21728559108441
1	0
1	0.0401511771035144
1	0.0796780427690858
1	0.118592686411831
1	0.156906923626724
1	0.194632302922234
1	0.231780112282289
1	0.268361385560996
1	0.304386908714466
1	0.339867225873923
1	0.374812645264243
1	0.409233244971872
1	0.443138878566063
1	0.476539180577181
1	0.509443571835806
1	0.541861264676201
1	0.573801268007665
1	0.605272392257184
1	0.636283254186689
1	0.66684228158818
1	0.696957717859843
1	0.726637626466257
1	0.755889895285665
1	0.784722240847225
1	0.813142212461087
1	0.841157196244049
1	0.868774419043494
1	0.896000952262222
1	0.922843715586733
1	0.949309480621462
1	0.975404874431361
1	1.00113638299522
1	1.02651035457199
1	1.0515330029824
1	1.07621041080799
1	1.10054853250973
1	1.12455319746822
1	1.14823011294767
1	1.17158486698534
1	1.19462293120859
1	1.21734966358137
1	0
1	0.0405812452993457
1	0.0805239515408806
1	0.119840609374848
1	0.158543424860293
1	0.19664432648284
1	0.234154971993353
1	0.271086755072101
1	0.30745081182296
1	0.343258027102027
1	0.378519040684956
1	0.413244253277164
1	0.447443832370988
1	0.481127717953732
1	0.514305628070487
1	0.546987064245444
1	0.579181316765385
1	0.610897469828898
1	0.642144406564793
1	0.672930813923091
1	0.703265187441884
1	0.733155835893267
1	0.762610885811462
1	0.791638285906187
1	0.820245811364212
1	0.848441068042006
1	0.876231496552275
1	0.903624376247127
1	0.930626829100537
1	0.9572458234927
1	0.983488177898811
1	1.00936056448472
1	1.03486951261188
1	1.06002141225391
1	1.08482251732707
1	1.10927894893681
1	1.13339669854266
1	1.15718163104342
1	1.18063948778485
1	1.2037758894917
1	1.22659633912621
1	0
1	0.0407219806166276
1	0.0808007663357061
1	0.120248979107477
1	0.159078952766265
1	0.197302740141244
1	0.234932119985639
1	0.271978603729067
1	0.308453442057593
1	0.344367631325967
1	0.379731919806365
1	0.414556813777888
1	0.448852583460914
1	0.482629268800338
1	0.515896685101588
1	0.548664428523233
1	0.580941881429893
1	0.612738217609049
1	0.644062407355284
1	0.674923222425371
1	0.705329240867547
1	0.735288851728224
1	0.764810259639299
1	0.793901489289146
1	0.822570389780297
1	0.85082463887673
1	0.878671747143615
1	0.906119061982295
1	0.933173771563205
1	0.95984290865935
1	0.986133354382922
1	1.01205184182754
1	1.03760495961855
1	1.06279915537378
1	1.08764073907696
1	1.11213588636622
1	1.13629064173971
1	1.16011092168052
1	1.18360251770298
1	1.20677109932243
1	1.22962221695029
1	0
1	0.0408087307089277
1	0.0809713966328123
1	0.120500700656
1	0.159409055374264
1	0.197708590262886
1	0.235411158661671
1	0.272528344581638
1	0.309071469338003
1	0.345051598013949
1	0.380479545759561
1	0.415365883930187
1	0.44972094606839
1	0.483554833733519
1	0.516877422182857
1	0.549698365908172
1	0.582027104031413
1	0.61387286556319
1	0.645244674527592
1	0.676151354956781
1	0.706601535758743
1	0.736603655461458
1	0.766165966836698
1	0.795296541406536
1	0.824003273835622
1	0.852293886212151
1	0.880175932220414
1	0.907656801207709
1	0.934743722148366
1	0.961443767507501
1	0.987763857007128
1	1.01371076129711
1	1.03929110553341
1	1.06451137286608
1	1.08937790783919
1	1.11389691970514
1	1.1380744856554
1	1.16191655396991
1	1.18542894708723
1	1.20861736459751
1	1.2314873861601
1	0
1	0.0408144256946537
1	0.0809825982013719
1	0.120517225717677
1	0.159430726009889
1	0.197735233584967
1	0.235442606679188
1	0.272564434068408
1	0.30911204170452
1	0.345096499182603
1	0.380528626043154
1	0.41541899791366
1	0.449777952493668
1	0.483615595387406
1	0.516941805787886
1	0.549766242016344
1	0.582098346920744
1	0.613947353136997
1	0.645322288216433
1	0.676231979622999
1	0.706685059603531
1	0.736689969934386
1	0.766254966547628
1	0.795388124039879
1	0.824097340066859
1	0.852390339626567
1	0.880274679233985
1	0.907757750990089
1	0.934846786547907
1	0.961548860978273
1	0.987870896537864
1	1.01381966634204
1	1.03940179794494
1	1.06462377682923
1	1.08949194980782
1	1.11401252833981
1	1.13819159176293
1	1.16203509044453
1	1.1855488488533
1	1.20873856855372
1	1.23160983112523
1	0
1	0.0409570480261222
1	0.0812631245979118
1	0.120931070973392
1	0.159973434407406
1	0.198402475417691
1	0.236230174865316
1	0.273468240854296
1	0.310128115455062
1	0.346220981256344
1	0.381757767749912
1	0.416749157552492
1	0.451205592469081
1	0.485137279401749
1	0.518554196107939
1	0.551466096812145
1	0.583882517674773
1	0.615812782121853
1	0.647266006039233
1	0.678251102834721
1	0.708776788371612
1	0.738851585776922
1	0.768483830127539
1	0.797681673017486
1	0.826453087009322
1	0.854805869972711
1	0.882747649313038
1	0.910285886092937
1	0.937427879049473
1	0.964180768509685
1	0.9905515402071
1	1.01654702900178
1	1.04217392250639
1	1.0674387646207
1	1.09234795897686
1	1.11690777229784
1	1.14112433767115
1	1.16500365774007
1	1.18855160781457
1	1.21177393890387
1	1.23467628067281
1	0
1	0.0411131010618916
1	0.0815700680852519
1	0.121383887918873
1	0.160567249500022
1	0.199132551223611
1	0.237091908123042
1	0.274457158867587
1	0.311239872581067
1	0.347451355486443
1	0.383102657380836
1	0.418204577945361
1	0.45276767289404
1	0.486802259965978
1	0.52031842476483
1	0.553326026449536
1	0.585834703280143
1	0.617853878022487
1	0.649392763215364
1	0.680460366303753
1	0.711065494641552
1	0.741216760367196
1	0.77092258515545
1	0.800191204848554
1	0.829030673969869
1	0.857448870123022
1	0.885453498279534
1	0.913052094957794
1	0.940252032296191
1	0.967060522023123
1	0.993484619326569
1	1.01953122662578
1	1.04520709724762
1	1.07051883901009
1	1.09547291771526
1	1.12007566055413
1	1.14433325942559
1	1.16825177417167
1	1.1918371357313
1	1.21509514921468
1	1.23803149690022
1	0
1	0.0411393723304748
1	0.0816217415099695
1	0.12146011889724
1	0.160667217281552
1	0.199255458269212
1	0.237236979481309
1	0.274623641567561
1	0.311427035041013
1	0.347658486938244
1	0.38332906730958
1	0.418449595543731
1	0.453030646531114
1	0.487082556670064
1	0.520615429719966
1	0.553639142505298
1	0.586163350474414
1	0.618197493116839
1	0.649750799242732
1	0.680832292128073
1	0.71145079452905
1	0.741614933569025
1	0.771333145501367
1	0.800613680351368
1	0.829464606440349
1	0.857893814795018
1	0.885909023445027
1	0.913517781611615
1	0.940727473790161
1	0.967545323729365
1	0.993978398309744
1	1.02003361132402
1	1.04571772716196
1	1.07103736440206
1	1.0959989993126
1	1.12060896926429
1	1.1448734760568
1	1.16879858916148
1	1.19239024888231
1	1.21565426943729
1	1.23859634196223
1	0
1	0.04116122148852
1	0.0816647170069392
1	0.121523518298338
1	0.160750357989096
1	0.199357676989853
1	0.237357631707317
1	0.27476210107179
1	0.311582693385204
1	0.347830752994303
1	0.383517366793499
1	0.418653370561814
1	0.453249355138197
1	0.487315672439395
1	0.520862441324464
1	0.553899553309867
1	0.586436678139043
1	0.618483269210192
1	0.650048568865961
1	0.681141613548577
1	0.711771238823929
1	0.741946084277965
1	0.771674598288719
1	0.800965042677169
1	0.829825497240059
1	0.858263864167738
1	0.886287872349976
1	0.913905081572658
1	0.941122886608161
1	0.967948521202172
1	0.994389061959599
1	1.0204514321322
1	1.04614240531046
1	1.07146860902215
1	1.09643652824002
1	1.12105250880096
1	1.14532276073891
1	1.16925336153366
1	1.19285025927788
1	1.2161192757643
1	1.23906610949521
1	0
1	0.0412599308682227
1	0.0818588702388181
1	0.121809941946472
1	0.161125968236992
1	0.199819477233488
1	0.237902710211685
1	0.275387628689292
1	0.31228592133426
1	0.348609010696606
1	0.384368059768376
1	0.419573978376193
1	0.454237429410724
1	0.488368834897285
1	0.521978381911695
1	0.555076028345373
1	0.587671508523602
1	0.619774338680722
1	0.651393822295984
1	0.682539055293642
1	0.713218931110808
1	0.743442145636487
1	0.773217202025103
1	0.802552415387785
1	0.831455917364544
1	0.859935660580446
1	0.88799942298874
1	0.915654812103897
1	0.942909269127377
1	0.969770072968896
1	0.996244344165899
1	1.02233904870386
1	1.04806100173994
1	1.0734168712326
1	1.09841318147937
1	1.12305631656544
1	1.14735252372515
1	1.17130791661863
1	1.19492847852596
1	1.21822006546074
1	1.24118840920533
1	0
1	0.0414215665223504
1	0.0821767942773467
1	0.122278957898787
1	0.161741026383427
1	0.200575670663952
1	0.238795270988279
1	0.276411924110198
1	0.313437450296238
1	0.34988340015352
1	0.385761061283228
1	0.421081464764216
1	0.455855391471145
1	0.49009337823143
1	0.523805723825177
1	0.55700249483216
1	0.589693531329804
1	0.621888452446019
1	0.653596661770653
1	0.684827352629204
1	0.715589513222357
1	0.745891931634821
1	0.775743200716831
1	0.80515172284162
1	0.834125714542055
1	0.862673211029554
1	0.890802070598342
1	0.918519978917991
1	0.945834453217129
1	0.972752846361136
1	0.99928235082656
1	1.02543000257491
1	1.05120268482842
1	1.07660713175036
1	1.10164993203224
1	1.12633753239046
1	1.15067624097465
1	1.17467223068991
1	1.19833154243534
1	1.22166008826092
1	1.24466365444477
1	0
1	0.0415808597559932
1	0.0824901109674253
1	0.12274117688183
1	0.162347171120198
1	0.201320905355196
1	0.239674896792954
1	0.277421375463503
1	0.314572291324826
1	0.351139321185347
1	0.387133875449556
1	0.422567104691351
1	0.457449906059566
1	0.491792929520007
1	0.525606583938253
1	0.558901043007319
1	0.591686251024215
1	0.62397192851929
1	0.655767577742192
1	0.687082488008122
1	0.717925740908026
1	0.74830621538622
1	0.778232592688881
1	0.807713361186747
1	0.83675682107527
1	0.865371088955386
1	0.893564102297995
1	0.921343623795144
1	0.948717245600848
1	0.975692393464389
1	1.00227633075887
1	1.02847616240776
1	1.05429883871195
1	1.07975115908009
1	1.10483977566447
1	1.12957119690507
1	1.15395179098399
1	1.17798778919273
1	1.20168528921444
1	1.22505025832336
1	1.24808853650362
1	0
1	0.0416611180822311
1	0.0826479724945791
1	0.122974061362144
1	0.162652571173412
1	0.201696384511504
1	0.240118087587594
1	0.277929977581635
1	0.315144069795372
1	0.351772104622511
1	0.387825554340777
1	0.423315629730472
1	0.458253286524022
1	0.4926492316909
1	0.526513929562163
1	0.559857607798778
1	0.592690263207767
1	0.625021667410099
1	0.656861372364188
1	0.688218715748703
1	0.719102826208353
1	0.749522628466171
1	0.779486848305758
1	0.809004017426848
1	0.838082478177462
1	0.866730388165842
1	0.894955724755276
1	0.922766289444827
1	0.950169712138928
1	0.977173455308696
1	1.00378481804777
1	1.03001094002541
1	1.05585880533943
1	1.08133524627174
1	1.10644694694871
1	1.13120044690911
1	1.15560214458185
1	1.17965830067584
1	1.20337504148427
1	1.22675836210562
1	1.24981412958324
1	0
1	0.04167085526025
1	0.0826671247229431
1	0.123002315597547
1	0.162689623213051
1	0.201741938755639
1	0.240171856808384
1	0.277991682698065
1	0.315213439654127
1	0.351848875784631
1	0.387909470873945
1	0.42340644300679
1	0.45835075502313
1	0.492753120808288
1	0.526624011422559
1	0.559973661074464
1	0.592812072941692
1	0.625149024843679
1	0.656994074769654
1	0.688356566265884
1	0.719245633685781
1	0.749670207306387
1	0.779639018314716
1	0.809160603667305
1	0.838243310826247
1	0.866895302374915
1	0.895124560516458
1	0.922938891458121
1	0.95034592968433
1	0.977353142121403
1	1.0039678321967
1	1.03019714379494
1	1.0560480651143
1	1.08152743242495
1	1.10664193373245
1	1.13139811234858
1	1.15580237037187
1	1.17986097208024
1	1.20358004723795
1	1.22696559431917
1	1.25002348365019
1	0
1	0.041752457574545
1	0.0828276297640739
1	0.123239099909504
1	0.163000137427541
1	0.202123705602276
1	0.240622469177369
1	0.278508801753999
1	0.315794792999602
1	0.352492255672308
1	0.388612732465838
1	0.424167502679514
1	0.459167588717926
1	0.49362376242463
1	0.527546551254215
1	0.560946244286888
1	0.59383289808967
1	0.626216342428171
1	0.658106185832795
1	0.689511821023165
1	0.720442430194403
1	0.750906990168872
1	0.780914277416823
1	0.810472872949364
1	0.83959116708704
1	0.868277364107225
1	0.896539486773485
1	0.924385380749937
1	0.951822718903584
1	0.978859005497513
1	1.00550158027779
1	1.03175762245677
1	1.05763415459552
1	1.08313804638793
1	1.10827601834908
1	1.13305464541035
1	1.15748036042354
1	1.1815594575766
1	1.20529809572297
1	1.22870230162696
1	1.25177797312723
1	0
1	0.0418824977873222
1	0.083083408167919
1	0.123616435804632
1	0.163494968179237
1	0.202732083469949
1	0.241340558227283
1	0.279332874853465
1	0.316721228890513
1	0.353517536121925
1	0.389733439492811
1	0.425380315853162
1	0.460469282528848
1	0.495011203724792
1	0.529016696764673
1	0.562496138171389
1	0.595459669592392
1	0.627917203573924
1	0.659878429188049
1	0.691352817516295
1	0.722349626993619
1	0.752877908616296
1	0.78294651101726
1	0.812564085412321
1	0.841739090420595
1	0.870479796762392
1	0.898794291837745
1	0.92669048418864
1	0.954176107847975
1	0.981258726578151
1	1.00794573800217
1	1.03424437762997
1	1.0601617227828
1	1.0857046964181
1	1.11088007085763
1	1.13569447142124
1	1.16015437996873
1	1.18426613835219
1	1.20803595178114
1	1.23146989210264
1	1.25457390099864
1	0
1	0.0420245736144546
1	0.0833628596353752
1	0.124028695276239
1	0.164035597011167
1	0.203396768546302
1	0.242125108587071
1	0.280233218406615
1	0.317733409220545
1	0.354637709373037
1	0.390957871339159
1	0.426705378548179
1	0.4618914520325
1	0.496527056906731
1	0.530622908681301
1	0.564189479414881
1	0.597237003709806
1	0.629775484554549
1	0.661814699017206
1	0.693364203793843
1	0.724433340615476
1	0.755031241517314
1	0.785166833973846
1	0.814848845903242
1	0.844085810544429
1	0.872886071210147
1	0.901257785919195
1	0.929208931910967
1	0.956747310045342
1	0.983880549090876
1	1.01061610990419
1	1.03696128950333
1	1.06292322503793
1	1.08850889765869
1	1.1137251362889
1	1.13857862130052
1	1.16307588809715
1	1.18722333060652
1	1.21102720468459
1	1.23449363143372
1	1.25762860043699
1	0
1	0.0421539544070168
1	0.083617341013889
1	0.124404117740808
1	0.164527918528267
1	0.204002061393921
1	0.242839556283087
1	0.281053112718237
1	0.318655147252683
1	0.35565779073354
1	0.392072895378902
1	0.427912041674033
1	0.463186545091283
1	0.497907462638273
1	0.532085599238804
1	0.565731513950826
1	0.598855526025671
1	0.631467720812674
1	0.663577955513169
1	0.695195864787767
1	0.726330866220709
1	0.756992165644992
1	0.787188762331858
1	0.816929454048178
1	0.846222841985114
1	0.875077335561419
1	0.903501157104592
1	0.931502346413051
1	0.959088765202403
1	0.986268101438804
1	1.01304787356232
1	1.03943543460311
1	1.0654379761933
1	1.09106253247704
1	1.1163159839216
1	1.1412050610319
1	1.16573634797102
1	1.18991628608914
1	1.21375117736322
1	1.23724718774975
1	1.26041035045281
1	0
1	0.0424643303773026
1	0.0842278250216904
1	0.125304731420784
1	0.165708965309141
1	0.205454118930177
1	0.244553469086356
1	0.283019984983138
1	0.320866335872018
1	0.35810489849789
1	0.39474776435577
1	0.430806746761846
1	0.466293387743659
1	0.501218964754087
1	0.535594497213708
1	0.569430752885988
1	0.60273825408961
1	0.635527283752172
1	0.667807891309352
1	0.699589898453547
1	0.73088290473588
1	0.761696293025357
1	0.792039234828886
1	0.821920695475752
1	0.851349439170048
1	0.880334033914475
1	0.908882856308855
1	0.937004096226569
1	0.964705761372096
1	0.991995681722717
1	1.01888151385737
1	1.0453707451756
1	1.0714706980094
1	1.09718853363073
1	1.12253125615743
1	1.1475057163601
1	1.17211861537258
1	1.19637650830838
1	1.22028580778569
1	1.24385278736312
1	1.26708358488858
1	0
1	0.0425537862174812
1	0.0844037773023492
1	0.125564304200676
1	0.166049363865047
1	0.205872627575591
1	0.245047449047718
1	0.283586872332112
1	0.321503639512354
1	0.358810198205422
1	0.395518708870169
1	0.431641051928773
1	0.467188834705983
1	0.502173398190897
1	0.536605823625855
1	0.570496938926942
1	0.603857324940439
1	0.636697321539492
1	0.669027033565115
1	0.700856336615572
1	0.732194882688055
1	0.763052105676478
1	0.793437226729113
1	0.823359259469694
1	0.852827015085519
1	0.881849107285989
1	0.910433957134935
1	0.938589797759994
1	0.966324678942219
1	0.993646471589006
1	1.02056287209336
1	1.04708140658246
1	1.0732094350583
1	1.09895415543333
1	1.12432260746366
1	1.1493216765826
1	1.17395809763702
1	1.19823845852905
1	1.22216920376561
1	1.24575663791815
1	1.26900692899479
1	0
1	0.0425901800609879
1	0.0844753609994468
1	0.125669907715339
1	0.166187850203657
1	0.206042891899497
1	0.245248417809214
1	0.283817502433214
1	0.321762917485781
1	0.359097139417198
1	0.395832356743281
1	0.43198047718733
1	0.46755313463934
1	0.502561695937221
1	0.537017267474624
1	0.570930701639875
1	0.604312603090382
1	0.63717333486678
1	0.669523024350961
1	0.70137156907203
1	0.73272864236412
1	0.763603698879906
1	0.794005979963547
1	0.823944518886692
1	0.853428145951091
1	0.88246549346127
1	0.911065000570611
1	0.939234918004136
1	0.966983312661156
1	0.994318072100905
1	1.02124690891418
1	1.04777736498394
1	1.07391681563771
1	1.09967247369458
1	1.1250513934096
1	1.15006047431812
1	1.17470646498265
1	1.19899596664493
1	1.22293543678536
1	1.24653119259252
1	1.26978941434479
1	0
1	0.0427589697859166
1	0.0848073565068802
1	0.126159682536406
1	0.166830131115701
1	0.206832554810255
1	0.246180483749593
1	0.284887133655813
1	0.322965413666395
1	0.360427933956592
1	0.397287013166618
1	0.433554685638685
1	0.46924270846881
1	0.504362568378197
1	0.538925488408872
1	0.572942434448109
1	0.606424121586101
1	0.63938102031117
1	0.671823362546751
1	0.703761147534214
1	0.735204147565546
1	0.766161913569754
1	0.796643780556787
1	0.82665887292266
1	0.856216109619375
1	0.885324209193123
1	0.913991694694192
1	0.942226898461885
1	0.970037966787681
1	0.997432864459793
1	1.02441937919218
1	1.051005125941
1	1.07719755111144
1	1.10300393665768
1	1.12843140407884
1	1.15348691831357
1	1.17817729153581
1	1.20250918685447
1	1.22648912191925
1	1.25012347243526
1	1.27341847558867
1	0
1	0.043008954313553
1	0.0852990555136663
1	0.126885059198666
1	0.167781375573709
1	0.208002078072535
1	0.247560911758051
1	0.286471301507498
1	0.324746359987757
1	0.362398895426267
1	0.39944141918283
1	0.435886153127477
1	0.47174503682941
1	0.507029734561927
1	0.541751642128095
1	0.575921893511803
1	0.609551367358738
1	0.642650693291672
1	0.675230258064362
1	0.707300211558233
1	0.738870472625923
1	0.769950734785646
1	0.80055047177024
1	0.830678942934661
1	0.860345198525573
1	0.88955808481663
1	0.918326249112886
1	0.946658144627751
1	0.974562035235774
1	1.00204600010446
1	1.02911793820826
1	1.05578557272776
1	1.08205645533708
1	1.10793797038231
1	1.13343733895381
1	1.15856162285519
1	1.18331772847157
1	1.20771241053966
1	1.23175227582235
1	1.2554437866902
1	1.27879326461211
1	0
1	0.0430352967466301
1	0.0853508689130906
1	0.126961496674065
1	0.16788161415132
1	0.208125318052865
1	0.247706376090482
1	0.286638235181396
1	0.324934029439654
1	0.362606587962694
1	0.399668442418386
1	0.436131834437739
1	0.472008722818296
1	0.50731079054313
1	0.542049451620219
1	0.576235857746843
1	0.609880904803556
1	0.64299523918212
1	0.675589263951734
1	0.707673144867705
1	0.739256816226685
1	0.770349986572404
1	0.800962144255799
1	0.831102562853291
1	0.860780306446889
1	0.890004234769683
1	0.918783008220232
1	0.947125092749205
1	0.975038764621615
1	1.00253211505783
1	1.02961305475651
1	1.05628931830253
1	1.08256846846287
1	1.10845790037326
1	1.13396484561864
1	1.15909637620988
1	1.18385940845972
1	1.20826070676026
1	1.23230688726482
1	1.25600442147642
1	1.27935963974537
1	0
1	0.0434771612574945
1	0.0862199800664102
1	0.128243648842012
1	0.169563002880153
1	0.210192529288367
1	0.250146375687691
1	0.28943835869116
1	0.32808197216477
1	0.366090395276551
1	0.403476500339242
1	0.440252860451916
1	0.476431756945779
1	0.512025186639204
1	0.547044868906958
1	0.581502252568424
1	0.615408522599522
1	0.648774606672886
1	0.68161118153075
1	0.713928679194877
1	0.745737293017752
1	0.777046983579147
1	0.807867484432059
1	0.838208307701937
1	0.868078749542964
1	0.897487895455129
1	0.92644462546567
1	0.954957619178395
1	0.983035360694318
1	1.01068614340692
1	1.03791807467529
1	1.06473908037828
1	1.09115690935279
1	1.11717913771917
1	1.14281317309658
1	1.16806625871129
1	1.19294547740056
1	1.21745775551488
1	1.24160986672115
1	1.26540843570934
1	1.28885994180525
1	0
1	0.0439082157733349
1	0.0870678288485463
1	0.129494433796221
1	0.171203257271773
1	0.212209167231333
1	0.2525266819109
1	0.292169978574896
1	0.331152902040114
1	0.369488972980875
1	0.407191396021077
1	0.444273067618659
1	0.480746583747863
1	0.516624247384538
1	0.551918075799594
1	0.586639807665572
1	0.620800909981187
1	0.654412584818544
1	0.687485775897641
1	0.720031174992619
1	0.752059228174126
1	0.783580141892037
1	0.814603888902669
1	0.845140214044507
1	0.875198639866384
1	0.904788472111913
1	0.933918805063902
1	0.962598526752382
1	0.990836324029767
1	1.01864068751659
1	1.04601991642115
1	1.07298212323637
1	1.099535238317
1	1.12568701434026
1	1.15144503065296
1	1.17681669750806
1	1.20180926019344
1	1.22642980305572
1	1.25068525342187
1	1.27458238542121
1	1.29812782371037
1	0
1	0.0441555656917743
1	0.0875543457957159
1	0.130212165649246
1	0.172144476479733
1	0.21336636478381
1	0.253892561465655
1	0.293737450740527
1	0.332915078809608
1	0.371439162312114
1	0.409323096560442
1	0.446579963563977
1	0.483222539847047
1	0.519263304066356
1	0.554714444433111
1	0.589587865944883
1	0.623895197432156
1	0.657647798424352
1	0.69085676584002
1	0.723532940505748
1	0.755686913508219
1	0.787329032383754
1	0.818469407149547
1	0.849117916180678
1	0.87928421193692
1	0.908977726543213
1	0.938207677227601
1	0.96698307162032
1	0.995312712917633
1	1.02320520491391
1	1.05066895690537
1	1.07771218846876
1	1.10434293411834
1	1.13056904784411
1	1.15639820753452
1	1.18183791928664
1	1.20689552160659
1	1.23157818950316
1	1.25589293847733
1	1.27984662841046
1	1.30344596735368
1	0
1	0.0443424639023114
1	0.0879219592050742
1	0.1307544856137
1	0.172855664042684
1	0.2142407461184
1	0.254924623437633
1	0.294921836588203
1	0.334246583937835
1	0.372912730197306
1	0.410933814763715
1	0.448323059849579
1	0.485093378403314
1	0.521257381826518
1	0.556827387493307
1	0.591815426076857
1	0.626233248688136
1	0.660092333831705
1	0.693403894183319
1	0.726178883193961
1	0.758428001524789
1	0.790161703317395
1	0.821390202303628
1	0.852123477759152
1	0.882371280304767
1	0.912143137559456
1	0.941448359648987
1	0.970296044573809
1	0.998695083439884
1	1.02665416555602
1	1.05418178340111
1	1.08128623746476
1	1.10797564096437
1	1.13425792444212
1	1.1601408402448
1	1.18563196688952
1	1.21073871331832
1	1.23546832304454
1	1.25982787819369
1	1.28382430344158
1	1.3074643698524
1	0
1	0.0443443340158987
1	0.0879256375646996
1	0.13075991209655
1	0.172862780223844
1	0.214249495225251
1	0.254934950305457
1	0.294933687616952
1	0.33425990705005
1	0.372927474797139
1	0.410949931697037
1	0.448340501365141
1	0.485112098114935
1	0.521277334676268
1	0.556848529715668
1	0.591837715163827
1	0.62625664335526
1	0.660116793984997
1	0.693429380887069
1	0.726205358639382
1	0.758455428999503
1	0.790190047175723
1	0.821419427937665
1	0.852153551570609
1	0.882402169677559
1	0.912174810833019
1	0.941480786092295
1	0.970329194360084
1	0.99872892762198
1	1.02668867604245
1	1.05421693293273
1	1.08132199959201
1	1.10801199002524
1	1.13429483554056
1	1.1601782892298
1	1.18566993033471
1	1.21077716850212
1	1.23550724793083
1	1.25986725141298
1	1.28386410427274
1	1.3075045782048
1	0
1	0.0443658959282861
1	0.0879680480730839
1	0.130822478000878
1	0.17294482790038
1	0.214350370100807
1	0.255054016345491
1	0.295070326827178
1	0.3344135189912
1	0.37309747611254
1	0.411135755652654
1	0.448541597401774
1	0.485327931412242
1	0.521507385728306
1	0.55709229391765
1	0.5920947024098
1	0.626526377646421
1	0.660398813048367
1	0.693723235804244
1	0.726510613485114
1	0.758771660489839
1	0.790516844325454
1	0.821756391726846
1	0.852500294619906
1	0.882758315932197
1	0.912539995255096
1	0.941854654361255
1	0.970711402581123
1	0.999119142042187
1	1.02708657277447
1	1.05462219768575
1	1.08173432740991
1	1.10843108503164
1	1.13472041069072
1	1.160610066069
1	1.18610763876312
1	1.21122054654592
1	1.23595604151935
1	1.26032121416185
1	1.28432299727273
1	1.30796816981633
