group	y
1	0
1	0.172153778984577
1	0.357753178748547
1	0.547489500333497
1	0.735060114041762
1	0.916326470186525
1	1.0886976105584
1	1.25067974406287
1	1.40154802339793
1	1.54110816165978
1	1.6695240218799
1	1.78719358449651
1	1.89466032823535
1	1.99255047778426
1	2.08152909392792
1	2.16226984261607
1	2.23543465176053
1	2.30166047619096
1	2.36155113655115
1	2.41567274672311
1	2.4645516481321
1	2.50867406605337
1	2.54848692090251
1	2.58439938718872
1	2.61678490965618
1	2.64598347143589
1	2.67230397111939
1	2.69602661069792
1	2.71740522882444
1	2.73666953719424
1	2.75402723446694
1	2.76966598388187
1	2.78375524888416
1	2.79644798666052
1	2.80788220320149
1	2.81818237588697
1	2.82746075102099
1	2.83581852449997
1	2.84334691409127
1	2.85012813177384
1	2.85623626435704
1	0
1	0.172240462087522
1	0.357897868241078
1	0.547671606662891
1	0.735264963837708
1	0.916543707992397
1	1.08892002316373
1	1.25090239657666
1	1.40176762519802
1	1.54132260177366
1	1.66973202917564
1	1.7873944797505
1	1.89485384377607
1	1.99273662678706
1	2.0817080761434
1	2.16244197679076
1	2.2356003275747
1	2.30182012043192
1	2.361705189638
1	2.41582164672942
1	2.46469582021306
1	2.50881391574399
1	2.54862283016591
1	2.58453171239723
1	2.61691398091105
1	2.6461095927957
1	2.67242742142718
1	2.69614764478545
1	2.71752407893614
1	2.73678641452058
1	2.75414233071071
1	2.76977947280593
1	2.78386728780654
1	2.79655871787594
1	2.80799175531684
1	2.81829086506505
1	2.82756828213088
1	2.83592519217545
1	2.84345280370061
1	2.85023332030547
1	2.85634082122624
1	0
1	0.174995647477851
1	0.36249676194021
1	0.553459778534789
1	0.741776027076455
1	0.923448518833657
1	1.09598931279455
1	1.25797931159536
1	1.40874757458533
1	1.54813848917021
1	1.6763434521963
1	1.79377984956255
1	1.90100465255505
1	1.99865329330592
1	2.08739694938917
1	2.1679131879861
1	2.24086626254039
1	2.3068943444204
1	2.36660170118198
1	2.42055436980996
1	2.46927826820632
1	2.51325897840708
1	2.5529426480337
1	2.58873761261145
1	2.62101645559929
1	2.65011830632981
1	2.67635123671414
1	2.69999466154358
1	2.72130167895593
1	2.74050131040045
1	2.75780061564231
1	2.77338666976695
1	2.78742839708405
1	2.80007826224642
1	2.81147382249539
1	2.82173914723654
1	2.83098611251415
1	2.83931557866492
1	2.84681845969054
1	2.85357669284011
1	2.85966411664027
1	0
1	0.178379566654
1	0.368145123982267
1	0.560568812235721
1	0.749772916080023
1	0.931929008711194
1	1.10467181555007
1	1.2666711798536
1	1.4173203496382
1	1.55650976325748
1	1.6844636031015
1	1.80162236187757
1	1.90855907696841
1	2.00592014415463
1	2.09438402450021
1	2.1746329305289
1	2.24733388478219
1	2.3131265072066
1	2.37261559751289
1	2.42636710112156
1	2.47490643162956
1	2.51871840514389
1	2.55824824909111
1	2.59390329998691
1	2.62605511572573
1	2.65504180899043
1	2.68117046733281
1	2.70471956819579
1	2.725941327958
1	2.74506394616697
1	2.76229372183231
1	2.77781702970258
1	2.79180215211876
1	2.80440096725508
1	2.8157504980104
1	2.825974328
1	2.83518389238602
1	2.84347965194164
1	2.85095215896343
1	2.85768302356931
1	2.86374578864645
1	0
1	0.184863330646948
1	0.378967677512963
1	0.5741900881396
1	0.765095368620375
1	0.948178065514346
1	1.12130793946571
1	1.28332524855638
1	1.4337462296058
1	1.57254955696315
1	1.70002223181447
1	1.81664902070581
1	1.92303374449121
1	2.01984380586826
1	2.1077716214441
1	2.18750830445863
1	2.25972618318781
1	2.3250676531288
1	2.38413853362867
1	2.43750459466589
1	2.48569028356291
1	2.52917894886721
1	2.56841405486431
1	2.60380102391598
1	2.63570944888203
1	2.66447549449187
1	2.69040436221402
1	2.71377273348341
1	2.73483113518259
1	2.75380619205287
1	2.7709027454569
1	2.78630582826164
1	2.80018249276281
1	2.81268349341139
1	2.82394482927847
1	2.83408915318001
1	2.8432270555252
1	2.85145823150284
1	2.85887254036382
1	2.86555096542583
1	2.87156648311551
1	0
1	0.18565375393134
1	0.380287034342816
1	0.575850631868408
1	0.76696329954369
1	0.950158956993524
1	1.12333601755727
1	1.28535551426267
1	1.43574867725923
1	1.57450493757781
1	1.70191895452389
1	1.81848089198265
1	1.9247983235623
1	2.02154121287358
1	2.10940367781722
1	2.18907791670244
1	2.26123690461716
1	2.32652337542059
1	2.38554327276174
1	2.43886234523127
1	2.48700492235495
1	2.53045417377288
1	2.56965334882944
1	2.60500763653552
1	2.63688639019734
1	2.66562553707301
1	2.69153004870225
1	2.71487638757208
1	2.73591487460181
1	2.75487194255113
1	2.77195225508374
1	2.78734068148037
1	2.80120412408428
1	2.81369320035549
1	2.82494378455219
1	2.83507841601839
1	2.84420758218106
1	2.85243088489807
1	2.85983809893241
1	2.86651013118979
1	2.87251988904071
1	0
1	0.186214224396087
1	0.381222559080251
1	0.577028084169971
1	0.768287805202083
1	0.951563560311607
1	1.12477407978667
1	1.28679512767795
1	1.43716856555086
1	1.57589145174496
1	1.70326387575716
1	1.8197798285982
1	1.9260495448656
1	2.02274480405304
1	2.11056093040833
1	2.19019089163768
1	2.26230812146808
1	2.3275555936833
1	2.38653934007188
1	2.43982509405891
1	2.48793710164331
1	2.53135840560619
1	2.57053210288224
1	2.60586321701879
1	2.63772093146023
1	2.66644100507941
1	2.69232824637896
1	2.71565896259512
1	2.73668332860354
1	2.75562764103429
1	2.77269643754891
1	2.78807447143304
1	2.80192853870218
1	2.81440915967929
1	2.82565212012071
1	2.83577987891015
1	2.84490285045232
1	2.85312057042634
1	2.86052275368685
1	2.8671902529576
1	2.87319592664302
1	0
1	0.188118452736839
1	0.384401054345482
1	0.581028541256562
1	0.772787883923163
1	0.956335775109787
1	1.1296599730232
1	1.29168629115138
1	1.44199271186311
1	1.58060220768663
1	1.70783331748433
1	1.8241930351305
1	1.93030063607587
1	2.02683406937345
1	2.11449275789971
1	2.19397228342822
1	2.26594763793671
1	2.33106261036541
1	2.38992353196168
1	2.44309608462474
1	2.49110423056661
1	2.5344305815582
1	2.57351771671411
1	2.60877009741036
1	2.64055632997678
1	2.66921160118826
1	2.69504016562023
1	2.7183178030361
1	2.73929419212037
1	2.75819516699542
1	2.77522483722385
1	2.79056756199166
1	2.80438977606012
1	2.81684166972392
1	2.82805872804955
1	2.8381631365526
1	2.84726506154075
1	2.85546381384728
1	2.86284890478498
1	2.86950100299151
1	2.8754928005065
1	0
1	0.189392461729736
1	0.386527601600935
1	0.583705015603121
1	0.7757986261943
1	0.959528587882711
1	1.13292884146112
1	1.29495868559984
1	1.44522026900704
1	1.58375390189503
1	1.71089046652908
1	1.82714565624706
1	1.93314479521141
1	2.0295699601703
1	2.11712331615543
1	2.19650219386161
1	2.26838262780195
1	2.3334089522907
1	2.39218769892582
1	2.44528451513351
1	2.49322317326041
1	2.53648599671344
1	2.57551521816376
1	2.61071492287109
1	2.6424533310513
1	2.67106524672164
1	2.6968545538569
1	2.72009667931894
1	2.74104096981949
1	2.7599129500438
1	2.77691644313821
1	2.79223554461948
1	2.80603644755459
1	2.81846912143538
1	2.82966885015419
1	2.8397576363318
1	2.84884548028854
1	2.85703154242632
1	2.86440519787989
1	2.87104699212555
1	2.87702950589786
1	0
1	0.189888195026325
1	0.387355068508294
1	0.584746466219603
1	0.776970144762515
1	0.960770952426555
1	1.13420080024311
1	1.29623201639792
1	1.44647615303283
1	1.58498026667619
1	1.7120800425702
1	1.82829455912597
1	1.93425149413751
1	2.03063453049232
1	2.11814690022999
1	2.19748661457309
1	2.26933011369867
1	2.33432194413302
1	2.39306871543309
1	2.44613606161121
1	2.49404768113495
1	2.53728578520508
1	2.57629247168716
1	2.61147167948922
1	2.64319147858522
1	2.67178652405648
1	2.69756055567232
1	2.72078886297607
1	2.74172066350456
1	2.76058136153708
1	2.77757466877173
1	2.79288457812815
1	2.80667718862699
1	2.81910238384284
1	2.83029536938858
1	2.8403780767183
1	2.84946044156448
1	2.85764156579427
1	2.86501077155378
1	2.87164855639565
1	2.87762745774419
1	0
1	0.191878887452709
1	0.390677887687266
1	0.588928569517786
1	0.781674555697104
1	0.965759856148084
1	1.13930854412757
1	1.30134526982157
1	1.45151934628967
1	1.58990492091799
1	1.7168569660328
1	1.83290815332153
1	1.93869561194368
1	2.03490947448334
1	2.12225725771257
1	2.2014397056166
1	2.27313488737772
1	2.33798820169198
1	2.39660657117249
1	2.4495555759661
1	2.49735861786774
1	2.54049745749736
1	2.57941365138816
1	2.61451055075065
1	2.64615562223958
1	2.67468292286141
1	2.70039561330644
1	2.72356843169456
1	2.7444500768412
1	2.76326546951719
1	2.78021787388325
1	2.79549087086475
1	2.80925018182489
1	2.82164534532457
1	2.83281125263362
1	2.84286954942533
1	2.85192991207
1	2.86009120737948
1	2.86744254471595
1	2.87406422918727
1	2.88002862429892
1	0
1	0.196097013951969
1	0.397718689895234
1	0.597790129702021
1	0.791642846209284
1	0.976330965331562
1	1.1501314666167
1	1.31217986660703
1	1.46220549088722
1	1.60033989031943
1	1.72697890510056
1	1.84268401004113
1	1.94811236102837
1	2.04396775706502
1	2.13096679394675
1	2.20981600617595
1	2.28119691467365
1	2.34575672381906
1	2.40410301956761
1	2.45680126792925
1	2.50437424207208
1	2.54730274786943
1	2.58602719481215
1	2.62094968882431
1	2.65243641817286
1	2.68082017258898
1	2.70640288573835
1	2.72945812731633
1	2.75023349700704
1	2.76895289106345
1	2.78581862534847
1	2.80101340780282
1	2.81470215956219
1	2.82703368812958
1	2.83814221870567
1	2.84814879141592
1	2.85716253306177
1	2.86528181239074
1	2.87259528789191
1	2.8791828568973
1	2.88511651439154
1	0
1	0.196486964984172
1	0.398369587417869
1	0.59860934992725
1	0.792564379779982
1	0.977308227378669
1	1.15113200792261
1	1.31318148716078
1	1.46319338755575
1	1.60130456672015
1	1.72791464294248
1	1.84358775378119
1	1.94898290652438
1	2.0448051635874
1	2.13177196008985
1	2.21059036584718
1	2.28194222088157
1	2.34647489650134
1	2.40479603998557
1	2.45747110679268
1	2.5050228119764
1	2.54793187314709
1	2.58663859375553
1	2.62154496460344
1	2.65301705577528
1	2.68138753984706
1	2.70695823705035
1	2.73000260906373
1	2.75076815396048
1	2.76947867328049
1	2.78633639521984
1	2.8015239470149
1	2.8152061758231
1	2.82753182156371
1	2.83863504786164
1	2.8486368388616
1	2.85764627055927
1	2.86576166565788
1	2.87307164096489
1	2.87965605611485
1	2.88558687202394
1	0
1	0.197127506087515
1	0.399438764270556
1	0.599955016904936
1	0.794078108636677
1	0.978913496907959
1	1.15277551641242
1	1.31482676844394
1	1.46481612571977
1	1.6028891628234
1	1.72945170400965
1	1.84507226071819
1	1.950412881384
1	2.04618070372833
1	2.13309454156056
1	2.2118623440117
1	2.28316647526565
1	2.34765458083169
1	2.40593440872036
1	2.45857139705789
1	2.50608816543825
1	2.54896528648931
1	2.58764288947842
1	2.62252277610506
1	2.65397082232488
1	2.68231950827254
1	2.70787046785051
1	2.73089698530698
1	2.75164639180726
1	2.7703423333137
1	2.78718689401918
1	2.80236256859351
1	2.81603408267603
1	2.82835006517165
1	2.83944457855976
1	2.84943851502993
1	2.85844086712342
1	2.86654988191017
1	2.87385410773059
1	2.88043334229666
1	2.88635949056304
1	0
1	0.197627333020299
1	0.400273064183696
1	0.601005067548827
1	0.795259301299503
1	0.980166120573993
1	1.15405797869809
1	1.31611061407545
1	1.4660823805081
1	1.60412565460489
1	1.73065110325928
1	1.84623065093725
1	1.95152871914102
1	2.04725406499425
1	2.13412657812529
1	2.21285489381251
1	2.28412178525364
1	2.34857511192238
1	2.40682270043204
1	2.45942997538418
1	2.50691948188365
1	2.54977167942559
1	2.58842656135859
1	2.62328578182186
1	2.65471506528851
1	2.68304674172739
1	2.70858229964469
1	2.73159488483611
1	2.7523316982254
1	2.77101626437466
1	2.78785055510821
1	2.80301696165152
1	2.81668011482099
1	2.82898855689481
1	2.84007627142649
1	2.85006407885122
1	2.85906090658909
1	2.8671649426919
1	2.87446468207385
1	2.88103987412752
1	2.88696238013967
1	0
1	0.198446606253684
1	0.401640576701768
1	0.602726220071458
1	0.797195410517819
1	0.98221931333688
1	1.15616008035481
1	1.31821498319345
1	1.46815791623193
1	1.60615240537287
1	1.73261705514565
1	1.84812938435484
1	1.95335770423001
1	2.04901342627963
1	2.13581820352181
1	2.21448179590857
1	2.28568764705781
1	2.35008396715534
1	2.40827871165329
1	2.4608372829848
1	2.50828210415852
1	2.55109344923222
1	2.5897110887681
1	2.62453643503739
1	2.65593496421601
1	2.68423876013397
1	2.7097490729764
1	2.73273882159964
1	2.75345499344666
1	2.77212091409075
1	2.78893837117136
1	2.80408958635696
1	2.81773903503829
1	2.83003511750251
1	2.84111168793467
1	2.85108944915631
1	2.86007722184653
1	2.86817309731968
1	2.87546548291832
1	2.88203404883404
1	2.88795058477697
1	0
1	0.199116489869116
1	0.402758731417953
1	0.604133530633534
1	0.798778481696254
1	0.983898118569533
1	1.15787887623441
1	1.3199356330762
1	1.46985499031904
1	1.60780959015165
1	1.73422452735851
1	1.84968189498828
1	1.95485318472912
1	2.05045197846304
1	2.1372013710542
1	2.21581204205069
1	2.28696798324347
1	2.35131769158014
1	2.4094692278587
1	2.46198797638611
1	2.50939626033836
1	2.55217420214926
1	2.59076139021839
1	2.62555903905219
1	2.6569324218049
1	2.68521342104967
1	2.71070309210699
1	2.7336741682749
1	2.75437346244254
1	2.7730241374788
1	2.78982783042331
1	2.80496662430522
1	2.8186048674306
1	2.83089084398678
1	2.8419583023799
1	2.85192784926404
1	2.86090821804088
1	2.86899742092681
1	2.87628379366095
1	2.8828469416757
1	2.88875859615614
1	0
1	0.202257047900577
1	0.408000880491965
1	0.610731304316413
1	0.806200258836758
1	0.991768717484348
1	1.16593695987725
1	1.32800240868338
1	1.47781123754089
1	1.61557882774267
1	1.74176070178068
1	1.85696039774075
1	1.96186431798303
1	2.05719621956584
1	2.14368595703694
1	2.22204852120802
1	2.29297047382277
1	2.35710165622963
1	2.41505062311055
1	2.4673826737932
1	2.5146196634166
1	2.55724100356884
1	2.5956854286322
1	2.63035322594925
1	2.6616087168652
1	2.68978284041781
1	2.71517573836037
1	2.73805927405374
1	2.75867944204138
1	2.77725864239906
1	2.79399780612209
1	2.80907836626886
1	2.82266407534512
1	2.8349026732374
1	2.84592741243763
1	2.85585844874618
1	2.86480410638946
1	2.87286202675575
1	2.88012020989175
1	2.88665795762499
1	2.89254672676255
1	0
1	0.20332775539617
1	0.409788081444896
1	0.612980677092118
1	0.808730558336197
1	0.99445203336913
1	1.16868419475401
1	1.33075260690336
1	1.48052375342243
1	1.61822758660668
1	1.74433000263776
1	1.85944185083785
1	1.96425461704847
1	2.05949552734124
1	2.1458967408365
1	2.22417471818097
1	2.2950168972899
1	2.35907357785706
1	2.4169534829438
1	2.46922188290584
1	2.51640047331483
1	2.55896842341088
1	2.59736417641696
1	2.63198770357855
1	2.66320300174149
1	2.69134068826491
1	2.71670059344048
1	2.73955428404221
1	2.76014747561572
1	2.77870230817847
1	2.79541947201471
1	2.81048017858893
1	2.82404797728124
1	2.8362704224102
1	2.84728059739619
1	2.85719850433043
1	2.86613232793959
1	2.87417958318588
1	2.88142815566871
1	2.88795724370787
1	2.893838210567
1	0
1	0.204385735043315
1	0.411554037358477
1	0.615203310841607
1	0.81123077934203
1	0.997103451804739
1	1.17139877235574
1	1.33347011262209
1	1.48320402474493
1	1.62084485881206
1	1.74686876137939
1	1.86189380609442
1	1.96661650185103
1	2.06176750249684
1	2.14808124432957
1	2.22627564035856
1	2.2970389942553
1	2.36102205861037
1	2.41883372286294
1	2.47103922874121
1	2.51816011414626
1	2.56067530885109
1	2.59902296838049
1	2.63360275164036
1	2.66477833483462
1	2.69288001746766
1	2.718207322072
1	2.74103152236041
1	2.76159805819721
1	2.78012881263293
1	2.79682423810221
1	2.81186532710975
1	2.82541542832468
1	2.83762191270347
1	2.84861769660477
1	2.85852263023784
1	2.8674447604879
1	2.87548147739395
1	2.88272055346856
1	2.88924108475424
1	2.89511434208317
1	0
1	0.208247100538434
1	0.417999342094733
1	0.623315377356048
1	0.820355971067742
1	1.00678047696114
1	1.18130631293405
1	1.34338834010726
1	1.49298635584194
1	1.63039725862663
1	1.75613460636218
1	1.87084283970659
1	1.97523680045947
1	2.07005965300775
1	2.15605414478645
1	2.23394348957131
1	2.30441915083113
1	2.36813353411848
1	2.4256961361106
1	2.47767209405231
1	2.52458237038587
1	2.56690502088832
1	2.6050771510567
1	2.6394972798344
1	2.67052791316114
1	2.69849819044969
1	2.72370651098736
1	2.74642307888548
1	2.76689232783944
1	2.78533520303369
1	2.80195128881022
1	2.81692077852449
1	2.83040628829976
1	2.8425545198661
1	2.85349777984785
1	2.86335536412252
1	2.87223481648794
1	2.88023307104406
1	2.88743748756439
1	2.89392678880445
1	2.89977190824436
1	0
1	0.20960716210447
1	0.420269526376498
1	0.626172633397044
1	0.823570073064701
1	1.01018894735987
1	1.18479597615592
1	1.34688176750305
1	1.49643191741027
1	1.63376183311916
1	1.75939824966502
1	1.87399489477221
1	1.97827306751057
1	2.07298033876618
1	2.15886238334738
1	2.23664428208153
1	2.30701861139057
1	2.37063835903821
1	2.42811323558492
1	2.48000834147403
1	2.52684443645804
1	2.5690992684725
1	2.60720957317061
1	2.64157346797478
1	2.67255304663082
1	2.70047703994059
1	2.72564345155867
1	2.7483221088582
1	2.76875709113878
1	2.78716901324689
1	2.80375715376238
1	2.81870142456197
1	2.83216418374948
1	2.84429189733806
1	2.85521665718965
1	2.86505756393338
1	2.87392198416814
1	2.8819066914017
1	2.8890989000314
1	2.8955772013325
1	2.90141240996199
1	0
1	0.216600057716785
1	0.431941910994625
1	0.640863507495171
1	0.84009570713403
1	1.02771394644167
1	1.20273843644012
1	1.36484358167233
1	1.51414762453329
1	1.65106113691073
1	1.77617860542425
1	1.89020150819955
1	1.99388434502159
1	2.08799734324236
1	2.17330122905956
1	2.25053068293726
1	2.32038400365985
1	2.3835171724892
1	2.44054099968809
1	2.49202039648144
1	2.53847508047139
1	2.58038121679523
1	2.61817363951608
1	2.65224840159525
1	2.68296547744137
1	2.71065149694161
1	2.73560242956429
1	2.75808616564469
1	2.77834496232021
1	2.79659773597087
1	2.8130421930692
1	2.82785679824028
1	2.84120258295451
1	2.85322480126244
1	2.8640544408031
1	2.87380959831614
1	2.88259672931406
1	2.89051178160344
1	2.89764122211513
1	2.90406296610528
1	2.90984721728956
1	0
1	0.217066910928529
1	0.432721171911674
1	0.641844286007574
1	0.841198976190095
1	1.0288839341779
1	1.20393629433399
1	1.36604273165234
1	1.51533034414291
1	1.6522160569873
1	1.77729887997356
1	1.89128347909537
1	1.99492657065307
1	2.08899989456861
1	2.17426518188659
1	2.25145775395312
1	2.32127629158363
1	2.38437697588916
1	2.44137069054979
1	2.49282233415801
1	2.5392515547409
1	2.58113441176641
1	2.6189056123455
1	2.65296107161382
1	2.68366062249078
1	2.71133075460424
1	2.73626730161807
1	2.75873802454881
1	2.77898505888435
1	2.79722720761329
1	2.81366207225257
1	2.82846802080721
1	2.84180599618013
1	2.85382117150998
1	2.86464446071665
1	2.87439389351908
1	2.88317586460464
1	2.89108626665523
1	2.89821151670003
1	2.90462948486345
1	2.91041033407403
1	0
1	0.217463241598189
1	0.433382718182162
1	0.642676908756719
1	0.842135586141161
1	1.02987718432876
1	1.20495320459464
1	1.36706073881742
1	1.51633440289866
1	1.65319651558935
1	1.77824992657913
1	1.89220200817241
1	1.99581135835951
1	2.08985100114453
1	2.17508352062743
1	2.25224478222516
1	2.32203379107483
1	2.38510689794755
1	2.44207504885034
1	2.4935031316515
1	2.539910735313
1	2.58177382959583
1	2.61952701383607
1	2.65356608616357
1	2.68425075938181
1	2.71190740404679
1	2.73683173853246
1	2.75929141407145
1	2.77952846287844
1	2.79776159167941
1	2.81418831289026
1	2.8289869124913
1	2.84231825819693
1	2.85432745445636
1	2.86514535260636
1	2.87488992546923
1	2.88366751609544
1	2.89157397036929
1	2.89869566295641
1	2.90511042566701
1	2.91088838680381
1	0
1	0.218657681485356
1	0.435376450469784
1	0.645186222061674
1	0.844958290438129
1	1.03287058778941
1	1.20801791361155
1	1.37012875362546
1	1.51936038074678
1	1.65615136857364
1	1.78111613928283
1	1.89497022131138
1	1.99847788358491
1	2.0924160200046
1	2.1775497855625
1	2.25461668536669
1	2.32431670197742
1	2.38730669747811
1	2.44419780571331
1	2.49555488223139
1	2.54189733798708
1	2.58370087238736
1	2.62139975996223
1	2.65538944621584
1	2.68602928195271
1	2.71364527887662
1	2.73853280790698
1	2.76095918941559
1	2.78116614437792
1	2.79937208940895
1	2.81577426839665
1	2.83055072011972
1	2.84386208569345
1	2.85585326255461
1	2.86665491343028
1	2.87638483967076
1	2.88514922870603
1	2.89304378538433
1	2.90015475669833
1	2.90655985898901
1	2.91232911620565
1	0
1	0.220140817294006
1	0.437852067518748
1	0.648302035973858
1	0.848463241892817
1	1.03658749636717
1	1.21182336228662
1	1.37393830710083
1	1.52311773693603
1	1.65982040903133
1	1.7846751151189
1	1.89840751110428
1	2.00178890751248
1	2.09560100349528
1	2.18061214632098
1	2.25756187710188
1	2.32715139206436
1	2.39003818818826
1	2.44683363255598
1	2.49810254058418
1	2.5443641021961
1	2.58609368110015
1	2.62372514851468
1	2.65765351208858
1	2.68823767313233
1	2.71580319776293
1	2.74064502546557
1	2.7630300657822
1	2.78319965322265
1	2.80137184417108
1	2.81774354908439
1	2.83249249979107
1	2.84577905603836
1	2.85774785821569
1	2.86852933485352
1	2.87824107438542
1	2.88698907100743
1	2.89486885444333
1	2.90196651315428
1	2.90835962010315
1	2.91411806966358
1	0
1	0.220965643526143
1	0.439228848977872
1	0.650034854394287
1	0.850412473976172
1	1.03865460558233
1	1.21393971189799
1	1.37605693954224
1	1.52520734055176
1	1.66186089702888
1	1.78665439214263
1	1.90031911405535
1	2.00363028938376
1	2.0973722896558
1	2.1823152374817
1	2.25919980627039
1	2.32872786721252
1	2.39155727037711
1	2.44829951255868
1	2.49951938685521
1	2.54573596026616
1	2.5874244098057
1	2.62501838239575
1	2.65891264217783
1	2.68946584048231
1	2.71700329561902
1	2.74181970713675
1	2.76418175609993
1	2.78433056209062
1	2.80248398115545
1	2.81883873831804
1	2.83357239470064
1	2.84684515357137
1	2.8588015123662
1	2.86957176937027
1	2.87927339460636
1	2.88801227480599
1	2.89588384229983
1	2.90297409738385
1	2.90936053328309
1	2.91511297230942
1	0
1	0.221538385800638
1	0.440184857545082
1	0.651238087662988
1	0.851765980416005
1	1.04008996346425
1	1.21540926129253
1	1.37752807408674
1	1.52665831808016
1	1.66327776968794
1	1.7880287611676
1	1.90164649160405
1	2.00490890686715
1	2.09860223412754
1	2.18349782875616
1	2.2603371504053
1	2.32982253894684
1	2.39261208962763
1	2.4493173893116
1	2.50050321559908
1	2.54668855013385
1	2.5883484402934
1	2.6259163772529
1	2.65978695606736
1	2.69031865448613
1	2.71783661874689
1	2.74263538179155
1	2.76498146603444
1	2.78511584181628
1	2.80325622607342
1	2.81959921506848
1	2.83432225138879
1	2.84758542964661
1	2.85953314801403
1	2.87029561433649
1	2.87999021641477
1	2.88872276635927
1	2.8965886288729
1	2.90367374303151
1	2.91005554669188
1	2.91580381212765
1	0
1	0.22442687058656
1	0.44500625160758
1	0.657306298698428
1	0.858592057227862
1	1.0473288378916
1	1.2228205722038
1	1.38494737931191
1	1.53397596635259
1	1.67042341844051
1	1.79496005329608
1	1.90834079378036
1	2.01135729964738
1	2.10480515654543
1	2.18946193697085
1	2.26607306580097
1	2.33534324658613
1	2.39793181106725
1	2.4544508003512
1	2.50546491387975
1	2.55149270282617
1	2.59300856077745
1	2.63044519343814
1	2.66419634311715
1	2.69461961215062
1	2.7220392789726
1	2.74674903628424
1	2.7690146063872
1	2.78907620696004
1	2.80715085337072
1	2.82343449250737
1	2.8381039691557
1	2.85131882994889
1	2.86322297244588
1	2.87394614838189
1	2.88360533089123
1	2.89230595575103
1	2.90014304660014
1	2.907202233766
1	2.91356067586897
1	2.91928789282735
1	0
1	0.22470688938285
1	0.445473652706039
1	0.657894570154127
1	0.859253798574591
1	1.04803059713697
1	1.22353904798405
1	1.38566663008609
1	1.53468536218216
1	1.67111614009588
1	1.79563199454639
1	1.90898976047963
1	2.01198242711668
1	2.10540648734606
1	2.19004011637181
1	2.26662912347264
1	2.33587844134131
1	2.39844752158835
1	2.45494844935637
1	2.50594591651022
1	2.551958432492
1	2.59346032750818
1	2.63088423111734
1	2.66462380296048
1	2.69503656050845
1	2.72244669806768
1	2.74714782688373
1	2.76940559169284
1	2.78946013720812
1	2.80752841078529
1	2.82380629636007
1	2.83847058076541
1	2.85168075751168
1	2.86358067562678
1	2.87430004262921
1	2.88395579145418
1	2.8926533213959
1	2.9004876230294
1	2.90754429675107
1	2.91390047411122
1	2.91962565056403
1	0
1	0.22561660857083
1	0.446992135584275
1	0.659805734111978
1	0.861403649972334
1	1.05031045784388
1	1.2258732170186
1	1.38800331690463
1	1.53699003246353
1	1.67336663967007
1	1.79781498317679
1	1.91109810987084
1	2.01401332811793
1	2.10736007822963
1	2.19191849347407
1	2.26843563196509
1	2.33761717082854
1	2.40012295110486
1	2.45656520099906
1	2.50750858776018
1	2.55347148525499
1	2.59492801778071
1	2.63231056751441
1	2.66601252552741
1	2.6963911335819
1	2.72377031267231
1	2.74844340941301
1	2.77067581654727
1	2.79070744173963
1	2.80875501138906
1	2.82501420491282
1	2.83966162086812
1	2.85285658018104
1	2.86474277421297
1	2.8754497668319
1	2.88509436037517
1	2.89378183561199
1	2.90160707570034
1	2.90865558379728
1	2.91500440350849
1	2.92072295080962
1	0
1	0.226051894896073
1	0.447718705761914
1	0.660720196010925
1	0.862432320057682
1	1.05140133533915
1	1.22699008019459
1	1.38912138480066
1	1.53809278095002
1	1.67444346832506
1	1.79885950890686
1	1.91210692189872
1	2.01498508230916
1	2.10829484074533
1	2.19281726737822
1	2.26930001786965
1	2.33844912554499
1	2.40092461778078
1	2.45733879123512
1	2.50825630137878
1	2.55419545720788
1	2.59563028449528
1	2.6329930470499
1	2.66667700743669
1	2.69703927549558
1	2.72440364144551
1	2.749063325279
1	2.77128359916461
1	2.7913042573429
1	2.80934192048849
1	2.82559217015979
1	2.84023151482701
1	2.85341919283739
1	2.86529882011134
1	2.87599989178238
1	2.88563914769877
1	2.89432181191741
1	2.90214271619892
1	2.90918731717284
1	2.91553261636474
1	2.92124799172104
1	0
1	0.227326100514117
1	0.449845581219656
1	0.66339708343319
1	0.865443526994018
1	1.05459464087726
1	1.23025945313581
1	1.39239428429661
1	1.54132083622144
1	1.67759564895259
1	1.80191712977904
1	1.91505999871031
1	2.01782968040017
1	2.11103115378796
1	2.19544823162315
1	2.27183031875869
1	2.34088449121624
1	2.40327132183054
1	2.45960330764118
1	2.51044506964064
1	2.55631472693031
1	2.59768601687458
1	2.63499085678546
1	2.66862213305353
1	2.6989365693452
1	2.72625757306268
1	2.75087799354065
1	2.77306274999168
1	2.79305130463228
1	2.81105996865222
1	2.82728403714944
1	2.8418997548842
1	2.85506611847216
1	2.8669265229968
1	2.87761026238643
1	2.8872338935663
1	2.89590247458033
1	2.90371068673455
1	2.91074385045943
1	2.91707884410019
1	2.922784934281
1	0
1	0.227480476615506
1	0.450103262347926
1	0.663721401140044
1	0.865808349108065
1	1.05498152510735
1	1.23065555329539
1	1.39279081171516
1	1.54171193054782
1	1.67797755070319
1	1.80228757516327
1	1.91541777808188
1	2.0181743170562
1	2.11136267119278
1	2.19576698551756
1	2.27213687680635
1	2.34117954740848
1	2.40355563624353
1	2.45987766462827
1	2.51071024937797
1	2.55657148658739
1	2.59793507867882
1	2.63523290098455
1	2.66885779431981
1	2.69916643556424
1	2.72648218573998
1	2.75109784927475
1	2.7732783026188
1	2.79326296776236
1	2.81126811839961
1	2.82748901492244
1	2.8421018701414
1	2.85526565138519
1	2.86712372698187
1	2.87780536648276
1	2.88742710465111
1	2.89609397941758
1	2.90390065385991
1	2.9109324319074
1	2.91726617698139
1	2.9229711422188
1	0
1	0.22762144329483
1	0.450338560769442
1	0.664017547951435
1	0.866141482031481
1	1.05533480378655
1	1.23101724738971
1	1.39315289595586
1	1.5420690536258
1	1.67832627969119
1	1.80262584290819
1	1.91574448000975
1	2.01848901787154
1	2.11166539232173
1	2.19605805180056
1	2.27241680659866
1	2.3414489744199
1	2.40381525452849
1	2.4601281904096
1	2.51095239506413
1	2.55680594357858
1	2.59816250646833
1	2.63545392073234
1	2.66907298556931
1	2.6993763351361
1	2.72668728810342
1	2.75129860789275
1	2.77347513190644
1	2.79345624540258
1	2.8114581878367
1	2.82767618790928
1	2.84228642925638
1	2.85544785246368
1	2.86730380142782
1	2.87798352344057
1	2.88760353302824
1	2.89626884975528
1	2.9040741200545
1	2.91110463278736
1	2.91743723774761
1	2.92314117575649
1	0
1	0.231903527108322
1	0.457486119092796
1	0.673013471481434
1	0.876260916680463
1	1.06606619734082
1	1.24200427236716
1	1.40415177224107
1	1.55291722681781
1	1.6889194692449
1	1.81290125580793
1	1.92566856309008
1	2.02804854834989
1	2.12086102105118
1	2.2048996463184
1	2.28092011275803
1	2.34963324214964
1	2.41170156681926
1	2.4677383036523
1	2.51830794978218
1	2.563927942137
1	2.60507098200918
1	2.64216774196333
1	2.67560975703003
1	2.70575236359481
1	2.73291759383806
1	2.75739696555186
1	2.77945412999785
1	2.79932735663718
1	2.81723184487331
1	2.83336186073034
1	2.84789270162306
1	2.86098249577619
1	2.8727738449438
1	2.88339532024927
1	2.89296282148945
1	2.9015808103271
1	2.90934342757878
1	2.91633550439653
1	2.92263347661533
1	2.92830621094788
1	0
1	0.234733452382346
1	0.46220976693058
1	0.67895865902786
1	0.882948605459872
1	1.07315831490961
1	1.24926533053983
1	1.41142066265543
1	1.56008652121516
1	1.69592025114369
1	1.81969202682795
1	1.9322271487586
1	2.03436621005078
1	2.12693818891744
1	2.21074284156597
1	2.28653974143913
1	2.35504202607507
1	2.41691343922591
1	2.47276764281092
1	2.52316905738952
1	2.56863469814642
1	2.60963662583811
1	2.64660474348277
1	2.67992975065297
1	2.70996612606868
1	2.7370350517
1	2.76142722213283
1	2.78340550473716
1	2.80320743157103
1	2.82104751469274
1	2.83711938391693
1	2.85159775097626
1	2.86464020722579
1	2.87638886395559
1	2.88697184542576
1	2.89650464517338
1	2.90509135615749
1	2.91282578504516
1	2.91979246049938
1	2.92606754477983
1	2.93171965735995
1	0
1	0.23494429636094
1	0.462561702973817
1	0.679401606058045
1	0.883446872648336
1	1.07368671412163
1	1.24980631669518
1	1.41196223235305
1	1.56062067049759
1	1.69644184537883
1	1.82019797417318
1	1.93271579710172
1	2.03483690831997
1	2.12739096915982
1	2.21117818964565
1	2.28695843266049
1	2.3554450082784
1	2.41730175050897
1	2.4731423544288
1	2.52353123489213
1	2.56898537566163
1	2.60997678977056
1	2.64693532290194
1	2.68025161238244
1	2.71028007303151
1	2.73734182347425
1	2.76172749696344
1	2.78369990246511
1	2.803496517097
1	2.82133180170665
1	2.83739933870782
1	2.85187379619685
1	2.86491272552924
1	2.876658201453
1	2.88723831493458
1	2.89676852924263
1	2.90535290986589
1	2.91308523857555
1	2.92005002149763
1	2.92632340050903
1	2.9319739766626
1	0
1	0.236376607505102
1	0.464952484631997
1	0.682410646068763
1	0.886831715087591
1	1.07727625025629
1	1.25348135880127
1	1.41564123859457
1	1.56424926816954
1	1.69998515375645
1	1.82363498966568
1	1.93603529653486
1	2.03803446881469
1	2.1304668084195
1	2.21413560825576
1	2.28980269744016
1	2.35818255812251
1	2.41993963745197
1	2.47568785575026
1	2.52599158911522
1	2.57136760785236
1	2.61228760080026
1	2.64918102415112
1	2.68243809238092
1	2.71241278621852
1	2.73942579397177
1	2.7637673322438
1	2.78569981324926
1	2.80546034088378
1	2.82326302810863
1	2.83930113533263
1	2.85374903422061
1	2.86676400440204
1	2.87848787238618
1	2.88904850296841
1	2.89856115379697
1	2.90712970374844
1	2.91484776547081
1	2.92179969199121
1	2.92806148672176
1	2.93370162558001
1	0
1	0.236568188930435
1	0.465272268053078
1	0.682813125778906
1	0.887284460946395
1	1.07775637529879
1	1.25397292085307
1	1.41613333087664
1	1.56473461796018
1	1.70045909551983
1	1.82409471402769
1	1.93647930231907
1	2.03846216443074
1	2.13087822298669
1	2.21453118325002
1	2.29018313733461
1	2.35854872416345
1	2.4202924728973
1	2.47602833398597
1	2.52632067834335
1	2.57168624772362
1	2.61259668760207
1	2.64948140207385
1	2.68273054905577
1	2.71269805121409
1	2.73970453929879
1	2.76404017418324
1	2.78596731501389
1	2.80572301576536
1	2.82352134286673
1	2.83955551365647
1	2.85399986014967
1	2.86701162563056
1	2.87873260340478
1	2.88929062801579
1	2.89880092960867
1	2.90736736209937
1	2.91508351551448
1	2.9220337224031
1	2.92829396765675
1	2.93393271045526
1	0
1	0.240040490690948
1	0.47106815632396
1	0.690107836128161
1	0.895490215966029
1	1.08645836207771
1	1.2628821967649
1	1.42505221690322
1	1.57353130025637
1	1.70904901396582
1	1.83242695035368
1	1.94452664857669
1	2.04621389838912
1	2.1383348724165
1	2.22170074964507
1	2.29707838886012
1	2.36518527040688
1	2.42668740985881
1	2.4821993037197
1	2.53228522894756
1	2.5774614098199
1	2.61819870587817
1	2.65492557698857
1	2.68803115596579
1	2.71786831312549
1	2.74475663601459
1	2.76898527543728
1	2.79081562870955
1	2.81048384501672
1	2.82820314741937
1	2.84416597263068
1	2.8585459340372
1	2.87149961618723
1	2.88316821058995
1	2.89367900349017
1	2.90314672655462
1	2.91167478130195
1	2.91935634775929
1	2.92627538732342
1	2.93250754921057
1	2.93812098923945
1	0
1	0.240081827595159
1	0.471137154957947
1	0.690194677872843
1	0.895587903474953
1	1.0865619571045
1	1.26298825951819
1	1.42515839406257
1	1.57363602261017
1	1.70915127484649
1	1.83252614359166
1	1.944622450268
1	2.04630618088822
1	2.13842364200638
1	2.22178610158155
1	2.29716047514509
1	2.36526427686866
1	2.42676354002112
1	2.48227276760687
1	2.53235623546542
1	2.57753016171384
1	2.61826539653723
1	2.65499038856097
1	2.68809425839617
1	2.7179298638305
1	2.74481677999181
1	2.76904414565967
1	2.7908733466997
1	2.81054052152594
1	2.82825888315885
1	2.84422085901848
1	2.85860005393627
1	2.87155304461844
1	2.88322101540991
1	2.89373124602816
1	2.90319846220563
1	2.9117260600753
1	2.91940721478335
1	2.9263258833081
1	2.93255771086963
1	2.93817084967522
1	0
1	0.242116921296735
1	0.474534087750264
1	0.694470060633469
1	0.900397243650119
1	1.09166213551825
1	1.26820992875787
1	1.43038569572863
1	1.57879170145679
1	1.71418577073198
1	1.837409613646
1	1.94933894808784
1	2.0508494222431
1	2.14279393621929
1	2.2259881382765
1	2.30120173766148
1	2.36915391388518
1	2.43051157139337
1	2.48588953322918
1	2.53585202016518
1	2.58091494702869
1	2.62154870337405
1	2.65818118442014
1	2.69120090997231
1	2.72096012104231
1	2.74777778134342
1	2.77194243766015
1	2.79371491213549
1	2.81333081289229
1	2.83100285865817
1	2.84692301933372
1	2.86126447856682
1	2.8741834269828
1	2.88582069621757
1	2.89630324463428
1	2.90574550581042
1	2.91425061073185
1	2.92191149424667
1	2.92881189580324
1	2.93502726388452
1	2.94062557289976
1	0
1	0.242591416302569
1	0.475326104178727
1	0.695466893244359
1	0.901518571819287
1	1.09285127446763
1	1.26942739406398
1	1.43160447427067
1	1.57999378068415
1	1.71535959538326
1	1.83854822566673
1	1.95043862947294
1	2.05190870778436
1	2.14381289803734
1	2.22696786978692
1	2.30214398365232
1	2.37006080742891
1	2.43138544868289
1	2.48673280507644
1	2.53666708454292
1	2.58170413119573
1	2.62231422719022
1	2.65892513871504
1	2.69192524549386
1	2.72166664473322
1	2.74846815759122
1	2.77261819282495
1	2.79437744114189
1	2.81398138702415
1	2.83164263395184
1	2.84755304515197
1	2.86188570607081
1	2.87479671731649
1	2.88642682828856
1	2.89690292242438
1	2.90633936518367
1	2.91483922573153
1	2.92249538288906
1	2.92939152538613
1	2.93560305583517
1	2.94119790719074
1	0
1	0.243433829870104
1	0.476732242023897
1	0.697236659639472
1	0.903509366351899
1	1.09496245956405
1	1.27158886948366
1	1.43376828119596
1	1.58212793981741
1	1.71744359163186
1	1.84056970577216
1	1.95239099252708
1	2.05378935247162
1	2.14562195239991
1	2.22870727506362
1	2.30381683752197
1	2.37167089692649
1	2.43293692146131
1	2.48822994126651
1	2.53811414148088
1	2.583105240673
1	2.6236733303232
1	2.66024594754114
1	2.69321122335096
1	2.72292099964886
1	2.74969384450192
1	2.77381792161483
1	2.79555368834579
1	2.81513640966639
1	2.83277848444748
1	2.84867158652893
1	2.86298862701087
1	2.87588554668579
1	2.88750294895167
1	2.8979675842234
1	2.90739369702506
1	2.91588424676587
1	2.92353201279714
1	2.93042059380364
1	2.93662531095978
1	2.94221402362179
1	0
1	0.245511342591775
1	0.48019997969378
1	0.701601157484624
1	0.908418951295829
1	1.10016894491121
1	1.27691937798329
1	1.43910453952295
1	1.58739108243556
1	1.72258302537941
1	1.84555496574123
1	1.95720579993121
1	2.05842729209331
1	2.1500833400096
1	2.23299689803475
1	2.30794233517493
1	2.37564160863291
1	2.43676307592833
1	2.4919220939108
1	2.54168279150439
1	2.58656057766622
1	2.62702507364458
1	2.66350325160755
1	2.69638262925047
1	2.72601441883766
1	2.75271656427747
1	2.77677662494011
1	2.79845448271104
1	2.81798486121743
1	2.83557965473432
1	2.85143007004572
1	2.86570858828912
1	2.87857075612877
1	2.89015681690184
1	2.90059319297065
1	2.90999383061474
1	2.91846141856952
1	2.92608849087952
1	2.9329584241654
1	2.9391463387637
1	2.94471991252666
1	0
1	0.247029213810512
1	0.482733576310707
1	0.704789944534779
1	0.912005989586669
1	1.10397290441374
1	1.28081395121426
1	1.44300331368967
1	1.59123643684272
1	1.72633799567858
1	1.84919729367792
1	1.96072359190729
1	2.06181586102603
1	2.15334291660701
1	2.23613098004502
1	2.3109565040342
1	2.3785426878678
1	2.43955853883132
1	2.4946196524747
1	2.54429011665043
1	2.58908511410749
1	2.62947392253347
1	2.66588310133916
1	2.69869972010992
1	2.72827453108881
1	2.75492502216163
1	2.77893831116007
1	2.80057385951802
1	2.82006599534584
1	2.83762624425111
1	2.8534454717777
1	2.86769584492407
1	2.88053262239668
1	2.89209578446524
1	2.90251151381054
1	2.91189353880881
1	2.92034435043592
1	2.9279563035105
1	2.93481261240886
1	2.94098825073146
1	2.94655076372021
1	0
1	0.247461019670598
1	0.483454336973917
1	0.705697094573483
1	0.913026434625232
1	1.10505505946381
1	1.28192188416859
1	1.44411244173134
1	1.59233036796587
1	1.72740621422019
1	1.85023346758254
1	1.96172433766957
1	2.06277984525895
1	2.15427020494267
1	2.2370225675271
1	2.31181397847647
1	2.37936799043546
1	2.44035379553576
1	2.49538705723305
1	2.54503185169574
1	2.58980329732085
1	2.6301705740594
1	2.66656012390046
1	2.69935888895055
1	2.72891749058528
1	2.75555328696062
1	2.77955327029884
1	2.80117678242326
1	2.82065803892713
1	2.83820846053905
1	2.85401881572649
1	2.86826118212124
1	2.88109073651119
1	2.8926473843283
1	2.90305724006845
1	2.91243397011848
1	2.92088000919539
1	2.92848766113139
1	2.93534009414732
1	2.9415122401
1	2.94707160650618
1	0
1	0.249903577787553
1	0.487531400235525
1	0.71082849017309
1	0.918798696056216
1	1.11117639047317
1	1.28818903077495
1	1.45038634848281
1	1.59851831164899
1	1.73344871181151
1	1.85609470110259
1	1.96738516794217
1	2.06823272983132
1	2.15951551507014
1	2.24206593178548
1	2.31666437851187
1	2.38403640666581
1	2.44485225398208
1	2.49972796803291
1	2.54922755889434
1	2.59386578094926
1	2.63411126129091
1	2.67038977769935
1	2.70308755118264
1	2.73255446285021
1	2.75910713702664
1	2.78303185541048
1	2.80458728323443
1	2.82400699962623
1	2.84150183205477
1	2.857261999864
1	2.87145907517321
1	2.88424777138865
1	2.89576757061423
1	2.90614420165027
1	2.9154909802337
1	2.92391002284687
1	2.93149334491171
1	2.93832385356546
1	2.94447624453728
1	2.95001781194741
1	0
1	0.249938716450199
1	0.48759005290362
1	0.710902310475513
1	0.91888173586015
1	1.11126445199515
1	1.28827919000139
1	1.45047660496075
1	1.59860733146148
1	1.73353563923523
1	1.85617902085978
1	1.96746660469647
1	2.06831117507694
1	2.15959097414797
1	2.24213848566825
1	2.31673415640962
1	2.38410356654293
1	2.44491696884502
1	2.49979041641403
1	2.54928791837516
1	2.59392422387463
1	2.63416795205223
1	2.67044487113273
1	2.70314119175045
1	2.73260678436534
1	2.75915826274508
1	2.78308189836662
1	2.80463634672923
1	2.82405517780443
1	2.84154921052649
1	2.85730865633965
1	2.8715050800909
1	2.88429318852028
1	2.8958124576417
1	2.90618861070685
1	2.91553495840822
1	2.92395361265002
1	2.93153658470512
1	2.9383667779548
1	2.9445188847313
1	2.95006019608491
1	0
1	0.25618627427269
1	0.498018336388886
1	0.724027357734811
1	0.933645985196236
1	1.12692154902228
1	1.304309253128
1	1.46652395913859
1	1.61443480991296
1	1.748991096705
1	1.87117084237405
1	1.9819458362062
1	2.08225852454993
1	2.17300739117847
1	2.25503836698751
1	2.32914047520833
1	2.39604440845619
1	2.4564230939441
1	2.51089356726074
1	2.56001966848072
1	2.60431521567755
1	2.64424741389525
1	2.68024033244955
1	2.71267833755421
1	2.74190940622159
1	2.76824827523066
1	2.79197939868586
1	2.81335970150779
1	2.83262112572092
1	2.84997297282413
1	2.86560404971737
1	2.87968462825133
1	2.89236822993185
1	2.90379324798727
1	2.91408441913998
1	2.92335415719254
1	2.93170376007093
1	2.93922450135418
1	2.94599861662582
1	2.95210019425245
1	2.95759597946022
1	0
1	0.256655218280226
1	0.498801087215409
1	0.725012528650512
1	0.934754195227843
1	1.12809677653276
1	1.30551247561225
1	1.46772847949555
1	1.61562282631634
1	1.75015118907551
1	1.87229613405777
1	1.98303265269403
1	2.0833054177748
1	2.17401443241727
1	2.25600663686423
1	2.33007169809919
1	2.39694069247937
1	2.45728674796195
1	2.51172697388173
1	2.56082519762433
1	2.60509516737656
1	2.64500398203992
1	2.68097558340938
1	2.71339419925582
1	2.7426076644687
1	2.76893057493954
1	2.79264724836014
1	2.81401447975319
1	2.83326408894886
1	2.85060526354678
1	2.86622670502128
1	2.88029858817026
1	2.89297434553544
1	2.90439228907088
1	2.91467708144973
1	2.92394106915364
1	2.93228548901108
1	2.93980155922951
1	2.94657146526731
1	2.95266925015721
1	2.95816161815559
1	0
1	0.258702986656925
1	0.502219176291354
1	0.729314538729319
1	0.939593488237234
1	1.13322871913722
1	1.31076666569418
1	1.47298833708291
1	1.62081061501342
1	1.75521704007733
1	1.87721001863128
1	1.98777852512082
1	2.08787695468587
1	2.17841194506209
1	2.26023484407404
1	2.33413812982004
1	2.40085455436843
1	2.46105812227904
1	2.51536626491859
1	2.56434275426282
1	2.60850103331988
1	2.64830773749169
1	2.68418625172005
1	2.71652019922826
1	2.74565679428853
1	2.77191001756987
1	2.79556359108206
1	2.81687374261426
1	2.83607175840279
1	2.85336632867591
1	2.86894569453908
1	2.88297960698345
1	2.89562111006535
1	2.90700816083311
1	2.91726509860414
1	2.92650397588561
1	2.93482576270749
1	2.94232143548259
1	2.94907296078454
1	2.95515418368364
1	2.96063162953092
1	0
1	0.259652297063691
1	0.503803743944593
1	0.731308877046234
1	0.941836901734324
1	1.13560779998287
1	1.3132024183802
1	1.47542671712754
1	1.62321558515275
1	1.75756548198603
1	1.87948801150213
1	1.98997863043312
1	2.08999624103386
1	2.18045055673571
1	2.26219496864277
1	2.33602325803812
1	2.40266895382112
1	2.46280646692961
1	2.5170533780188
1	2.56597343337736
1	2.61007993453783
1	2.64983930203164
1	2.68567466265299
1	2.71796935936724
1	2.74707031873908
1	2.77329123623089
1	2.79691555770442
1	2.81819924798908
1	2.83737334595619
1	2.85464631126118
1	2.87020617159034
1	2.88422248146528
1	2.89684810484713
1	2.90822083425599
1	2.91846485910711
1	2.92769209562607
1	2.93600339015964
1	2.94348960702876
1	2.95023261133584
1	2.95630615637918
1	2.96177668457236
1	0
1	0.260654873784339
1	0.505477222535061
1	0.733415118751146
1	0.944206194360783
1	1.13812037232527
1	1.31577484245019
1	1.47800191597865
1	1.62575549945092
1	1.76004569622437
1	1.88189382376948
1	1.99230218482941
1	2.0922344416706
1	2.18260355599902
1	2.26426507684781
1	2.33801416180723
1	2.40458516019605
1	2.46465291213219
1	2.51883515593604
1	2.56769561076784
1	2.61174742874629
1	2.65145680347582
1	2.68724658911822
1	2.71949983265551
1	2.74856315680142
1	2.77474995580858
1	2.79834338389595
1	2.81959912817834
1	2.8387479662823
1	2.85599811435286
1	2.87153737468208
1	2.88553509429802
1	2.89814394696136
1	2.90950155143223
1	2.91973193881259
1	2.92894688139965
1	2.93724709491701
1	2.94472332530423
1	2.95145733049886
1	2.95752276687785
1	2.96298598926367
1	0
1	0.261037422108821
1	0.506115763623893
1	0.734218787157338
1	0.945110233828081
1	1.13907908233712
1	1.31675638979472
1	1.47898452208291
1	1.62672464219989
1	1.76099205951177
1	1.88281179785859
1	1.99318877218262
1	2.09308846100479
1	2.18342506545942
1	2.26505495797015
1	2.33877382127807
1	2.40531631774538
1	2.4653574512502
1	2.5195150202724
1	2.56835273362101
1	2.61238368640358
1	2.65207398563712
1	2.6878463814564
1	2.72008380790652
1	2.74913277176226
1	2.77530655234513
1	2.79888819259335
1	2.82013327365553
1	2.83927247347634
1	2.8565139152857
1	2.8720453153731
1	2.88603594159431
1	2.89863839513614
1	2.90999022845796
1	2.92021541225491
1	2.92942566390615
1	2.93772164929403
1	2.9451940691879
1	2.95192464063496
1	2.95798698303033
1	2.96344741777474
1	0
1	0.261512071020457
1	0.50690803694847
1	0.735215943097916
1	0.946231925707949
1	1.1402686069921
1	1.31797424999429
1	1.48020369594437
1	1.62792711133013
1	1.76216626490135
1	1.88395077919615
1	1.99428881025712
1	2.09414809013278
1	2.18444435778492
1	2.26603500726339
1	2.33971637289304
1	2.40622350544643
1	2.46623161198798
1	2.52035856564082
1	2.56916806237063
1	2.61317312654807
1	2.65283975775633
1	2.68859057705812
1	2.72080837837141
1	2.74983952461911
1	2.77599715252133
1	2.79956416694409
1	2.82079601755789
1	2.83992325862651
1	2.85715389809499
1	2.87267554554467
1	2.88665737059782
1	2.89925188439487
1	2.91059655713216
1	2.92081528455474
1	2.93001971590187
1	2.93831045521514
1	2.9457781472187
1	2.95250445822479
1	2.95856296174317
1	2.96401993770638
1	0
1	0.262101818111411
1	0.507892429574169
1	0.736454900568937
1	0.947625617986353
1	1.14174658089597
1	1.31948743056265
1	1.48171850872607
1	1.62942116863046
1	1.76362520475291
1	1.88536595347342
1	1.99565559787314
1	2.09546466998877
1	2.18571081951918
1	2.26725270987581
1	2.34088748497057
1	2.40735067817248
1	2.46731774900314
1	2.52140666332928
1	2.57018110115881
1	2.61415399897247
1	2.65379122286786
1	2.68951523353675
1	2.72170865079043
1	2.75071765881712
1	2.77685521715593
1	2.80040405911942
1	2.82161947101765
1	2.84073185344204
1	2.85794907109716
1	2.87345860098038
1	2.88742949065977
1	2.90001413939388
1	2.91134991516798
1	2.92156062060227
1	2.93075782027284
1	2.93904204138462
1	2.94650385902611
1	2.95322487647185
1	2.95927861021938
1	2.96473128867742
1	0
1	0.262505803933025
1	0.508566753652715
1	0.737303605479147
1	0.948580318617867
1	1.14275901573632
1	1.32052398250931
1	1.48275617876394
1	1.63044462084458
1	1.76462460097488
1	1.88633536960434
1	1.99659186839739
1	2.09636654742573
1	2.18657836527244
1	2.2680868548812
1	2.34168971474347
1	2.40812280881426
1	2.46806176955225
1	2.52212462635496
1	2.57087504829895
1	2.61482591165902
1	2.6544429910931
1	2.69014863743642
1	2.72232535123448
1	2.75131919423953
1	2.77744300461894
1	2.80097939816852
1	2.82218354929393
1	2.84128575331865
1	2.85849377682532
1	2.87399500598927
1	2.88795840476956
1	2.90053629578393
1	2.9118659770015
1	2.92207118725052
1	2.93126343311149
1	2.93954318915506
1	2.94700098276825
1	2.95371837404379
1	2.95976884042498
1	2.96521857502592
1	0
1	0.262859473076092
1	0.509157090259223
1	0.738046603679211
1	0.949416110708004
1	1.14364535120465
1	1.32143143128375
1	1.48366460637066
1	1.63134060146611
1	1.76549952179264
1	1.88718404436952
1	1.99741152586129
1	2.09715609548216
1	2.18733785767716
1	2.26881710662139
1	2.3423920263127
1	2.40879877011738
1	2.46871312189175
1	2.52275316665132
1	2.57148256390285
1	2.61541413721386
1	2.65501358119149
1	2.69070315049709
1	2.72286524126504
1	2.75184580806107
1	2.77795758279773
1	2.8014830783909
1	2.82267737127955
1	2.84177066463043
1	2.85897063912541
1	2.87446460142971
1	2.8884214423069
1	2.90099341727963
1	2.91231776302137
1	2.92251816251377
1	2.93170607156512
1	2.93998191866744
1	2.94743618944749
1	2.95415040619451
1	2.96019801216182
1	2.96564516956484
1	0
1	0.264615124498958
1	0.512087584263305
1	0.741734926148676
1	0.953565071964696
1	1.14804521519225
1	1.32593610397931
1	1.48817413809426
1	1.63578834502499
1	1.76984272223493
1	1.8913969566019
1	2.00148039310899
1	2.1010754964134
1	2.19110805914125
1	2.27244215430186
1	2.3458783759985
1	2.41215431426613
1	2.47194650451514
1	2.52587330785468
1	2.57449833628592
1	2.61833415173187
1	2.65784605141893
1	2.69345581259116
1	2.72554531307489
1	2.75445997535049
1	2.78051200387035
1	2.80398340084317
1	2.82512875639103
1	2.84417781620471
1	2.86133783454544
1	2.87679572338178
1	2.89072001012721
1	2.90326261723691
1	2.91456047710644
1	2.92473699548885
1	2.93390337615379
1	2.94215981885397
1	2.94959660191381
1	2.95629505996204
1	2.96232846652913
1	2.96776283044629
1	0
1	0.266420467555679
1	0.515101022428834
1	0.74552764221661
1	0.957831464655076
1	1.15256961211813
1	1.33056827609947
1	1.4928113067715
1	1.6403619766967
1	1.77430885182096
1	1.89572911032459
1	2.00566442482433
1	2.10510583134524
1	2.19498497169177
1	2.27616980466284
1	2.34946340268238
1	2.41560483311717
1	2.47527140420356
1	2.52908176095882
1	2.57759946653393
1	2.62133681380189
1	2.66075869136094
1	2.69628638552512
1	2.72830124114262
1	2.7571481335484
1	2.78313872480558
1	2.80655449196068
1	2.82764952505428
1	2.84665309935289
1	2.86377203062774
1	2.87919282497935
1	2.89308363618688
1	2.90559604421098
1	2.91686666855706
1	2.92701862990296
1	2.93616287284602
1	2.94439936192543
1	2.95181816229587
1	2.95850041561399
1	2.96451922088367
1	2.9699404292105
1	0
1	0.267398733419187
1	0.516733921881465
1	0.747582810981033
1	0.960143305783433
1	1.15502125866203
1	1.33307832306377
1	1.49532406123298
1	1.64284030219835
1	1.77672892489226
1	1.89807658555186
1	2.00793163680032
1	2.10728975925172
1	2.19708576421973
1	2.27818971610608
1	2.35140603026862
1	2.41747457459972
1	2.47707307610889
1	2.53082033365544
1	2.57927988391977
1	2.62296387398406
1	2.66233697102216
1	2.69782019532662
1	2.72979460293937
1	2.75860477271232
1	2.78456207280269
1	2.80794769568606
1	2.82901546042257
1	2.84799438736868
1	2.86509105468998
1	2.88049174855819
1	2.8943644202903
1	2.90686046425859
1	2.91811633042186
1	2.92825498498352
1	2.93738723210255
1	2.9456129088624
1	2.9530219649069
1	2.95969543732644
1	2.96570633055372
1	2.97112041022713
1	0
1	0.271666122358387
1	0.523856951850018
1	0.756547863100948
1	0.970228013456821
1	1.16571582517457
1	1.34402764374632
1	1.50628519255303
1	1.65365124759467
1	1.78728576168044
1	1.90831673620371
1	2.01782166329519
1	2.1168164841838
1	2.20624983620856
1	2.2870009688264
1	2.35988015553838
1	2.42563075628754
1	2.48493232485471
1	2.53840433118851
1	2.5866101964995
1	2.63006143190141
1	2.66922173867124
1	2.70451097666317
1	2.73630894208931
1	2.7649589204838
1	2.79077099792836
1	2.81402512554389
1	2.83497394032023
1	2.85384535064605
1	2.870844898204
1	2.88615790979306
1	2.89995145355022
1	2.91237611427455
1	2.92356760232912
1	2.93364821006937
1	2.9427281290344
1	2.95090664032049
1	2.95827318969038
1	2.96490835809577
1	2.97088473743116
1	2.97626772051024
1	0
1	0.273858792046876
1	0.527516906947799
1	0.761154285978995
1	0.9754097377261
1	1.17121090709883
1	1.34965362345246
1	1.51191724080067
1	1.65920612731436
1	1.79271007532084
1	1.91357833018068
1	2.02290335648572
1	2.12171150577353
1	2.21095851947116
1	2.29152836650042
1	2.36423433039335
1	2.42982156537841
1	2.48897056386802
1	2.5423011406299
1	2.59037665754388
1	2.63370829895041
1	2.6727592698294
1	2.70794883377861
1	2.73965613968439
1	2.76822380854842
1	2.79396126769639
1	2.81714783041635
1	2.83803552632685
1	2.85685169246525
1	2.8738013379486
1	2.88906929663096
1	2.90282218285381
1	2.91521016544134
1	2.92636857473756
1	2.93641935686134
1	2.94547238857545
1	2.95362666529889
1	2.96097137389019
1	2.96758686092789
1	2.97354550633613
1	2.97891251136381
1	0
1	0.273985925853456
1	0.52772911584818
1	0.761421372297686
1	0.975710180758838
1	1.17152951901113
1	1.34997982498639
1	1.51224379419643
1	1.6595282063797
1	1.79302458399709
1	1.91388340416172
1	2.02319799958795
1	2.12199532541644
1	2.21123153497837
1	2.29179087083622
1	2.36448679104747
1	2.43006455387557
1	2.489204706156
1	2.54252708264953
1	2.59059504179592
1	2.63391974898891
1	2.67296438043242
1	2.70814816515253
1	2.73985021450281
1	2.76841311095447
1	2.79414624363771
1	2.81732888885819
1	2.83821304101829
1	2.85702600402771
1	2.87397275612463
1	2.88923810258157
1	2.90298863142832
1	2.91537448737034
1	2.92653097871764
1	2.93658003151385
1	2.94563150427059
1	2.95378437584294
1	2.96112781807783
1	2.96774216396453
1	2.97369978113689
1	2.97906585973661
1	0
1	0.274510881764029
1	0.528605360487808
1	0.762524214613209
1	0.976950758305195
1	1.17284511877993
1	1.3513267635221
1	1.51359218562618
1	1.66085812258034
1	1.79432324084508
1	1.91514310363755
1	2.02441462828953
1	2.12316726231573
1	2.21235885986579
1	2.29287479340831
1	2.36552924164447
1	2.43106789241483
1	2.49017151727647
1	2.54346003354468
1	2.59149678545461
1	2.63479286016589
1	2.67381131506196
1	2.70897123641672
1	2.74065158060488
1	2.76919477099925
1	2.79491003901457
1	2.81807650825038
1	2.83894602769583
1	2.8577457644711
1	2.87468056931069
1	2.88993512946918
1	2.90367592433134
1	2.91605299901242
1	2.92720157084051
1	2.93724348296536
1	2.94628851853671
1	2.95443558801448
1	2.96177380126031
1	2.96838343515125
1	2.97433680657244
1	2.97969905980231
1	0
1	0.274986417650608
1	0.52939911433108
1	0.763523233935988
1	0.978074546287187
1	1.17403686629593
1	1.35254689953323
1	1.51481363775404
1	1.6620628387609
1	1.79549964046861
1	1.91628421338599
1	2.02551672200176
1	2.12422887156938
1	2.21338005693968
1	2.29385667411661
1	2.36647355460271
1	2.43197677537471
1	2.4910473115557
1	2.5443051552437
1	2.59231363780652
1	2.63558377553472
1	2.67457851817715
1	2.70971682269445
1	2.74137750507234
1	2.76990284456297
1	2.79560192971317
1	2.81875374579229
1	2.83961001006565
1	2.85839776574145
1	2.87532174805387
1	2.8905665373499
1	2.9042985145973
1	2.91666763469662
1	2.92780903255922
1	2.93784447624468
1	2.94688368063555
1	2.95502549423538
1	2.9623589707559
1	2.9689643362444
1	2.9749138616149
1	2.98027264960016
1	0
1	0.275543607760005
1	0.530329163572892
1	0.764693794773685
1	0.979391299798956
1	1.17543324866698
1	1.35397654498525
1	1.51624482531308
1	1.66347441664468
1	1.79687803956199
1	1.91762126298312
1	2.02680805612272
1	2.12547276964915
1	2.21457660366807
1	2.29500715346994
1	2.3675800154511
1	2.43304172254303
1	2.49207348838908
1	2.545295392711
1	2.59327075179974
1	2.6365104989079
1	2.67547745766784
1	2.71059043352252
1	2.74222807796254
1	2.7707325013724
1	2.79641262489922
1	2.81954727172948
1	2.84038800478638
1	2.85916172208925
1	2.87607302353935
1	2.89130636421905
1	2.90502800977987
1	2.91738780941694
1	2.9285208014731
1	2.93854866602405
1	2.94758103796298
1	2.95571669319856
1	2.96304461965111
1	2.96964498381019
1	2.975590002725
1	2.98094473044881
1	0
1	0.276317156063777
1	0.531620353063325
1	0.766318887062995
1	0.981219351712181
1	1.17737184950773
1	1.35596132503744
1	1.51823174627595
1	1.66543411345053
1	1.79879167417722
1	1.91947749199809
1	2.02860081823754
1	2.12719967619944
1	2.21623777222889
1	2.29660436658855
1	2.3691161175786
1	2.43452019113348
1	2.49349813203485
1	2.54667014165259
1	2.59459951534648
1	2.6377970710873
1	2.6767254574196
1	2.71180326943402
1	2.74340893025217
1	2.77188431581926
1	2.79753811488095
1	2.82064892560373
1	2.84146809663729
1	2.86022232443488
1	2.87711602101482
1	2.89233346755427
1	2.90604076961097
1	2.91838762962898
1	2.92950895188482
1	2.93952629430599
1	2.94854918073625
1	2.95667628630066
1	2.96399650758114
1	2.97058992838315
1	2.9765286909752
1	2.98187778182875
1	0
1	0.276617717638567
1	0.532122043707213
1	0.76695031537235
1	0.981929639821092
1	1.17812509131402
1	1.3567325097394
1	1.51900376282705
1	1.66619555207719
1	1.79953521537655
1	1.92019872829735
1	2.0292973945235
1	2.12787066435847
1	2.21688321794469
1	2.29722496246843
1	2.36971296883175
1	2.43509464892191
1	2.49405167618406
1	2.5472042992544
1	2.59511580535989
1	2.63829696767869
1	2.67721036672507
1	2.71227451585747
1	2.74386774946493
1	2.77233185240143
1	2.79797542311325
1	2.82107697233553
1	2.84188776546217
1	2.86063442062806
1	2.87752127684978
1	2.89273254773375
1	2.9064342766334
1	2.91877610897276
1	2.92989289693703
1	2.93990615099309
1	2.94892535183654
1	2.95704913543305
1	2.96436636287509
1	2.97095708584126
1	2.97689341754411
1	2.98224031819623
1	0
1	0.276997350529002
1	0.53275571841888
1	0.767747858951732
1	0.982826789524995
1	1.17907649491349
1	1.35770657662626
1	1.51997888040474
1	1.66715730890499
1	1.80047436634705
1	1.9211097064261
1	2.03017722511739
1	2.12871817513704
1	2.21769846661006
1	2.29800882383804
1	2.3704668388717
1	2.43582023425598
1	2.49475084594818
1	2.54787898228553
1	2.59576792022265
1	2.63892837636104
1	2.67782284528745
1	2.71286973712609
1	2.74444727418977
1	2.77289712627712
1	2.79852777777919
1	2.82161762899847
1	2.84241784017023
1	2.86115493050716
1	2.87803314681886
1	2.89323661736459
1	2.90693130692889
1	2.919266788915
1	2.93037784971265
1	2.94038593984227
1	2.94940048549992
1	2.9575200731899
1	2.96483351917869
1	2.97142083456618
1	2.97735409586491
1	2.98269823012049
1	0
1	0.279390628976311
1	0.536750525160463
1	0.772775726419003
1	0.988482593077473
1	1.18507432541417
1	1.363847280831
1	1.52612620836574
1	1.67322040813983
1	1.80639495392809
1	1.92685268701715
1	2.03572384568344
1	2.13406104539758
1	2.22283795033017
1	2.30295043603459
1	2.37521937998217
1	2.44039446316361
1	2.49915854604382
1	2.55213231332683
1	2.59987897720833
1	2.64290889761985
1	2.68168402744451
1	2.7166221259982
1	2.74810070904376
1	2.77646072104881
1	2.80200992737838
1	2.82502603214639
1	2.84575953264799
1	2.8644363244713
1	2.88126007313551
1	2.89641436885516
1	2.91006468110121
1	2.92236012924422
1	2.93343508488665
1	2.94341062063498
1	2.95239581910987
1	2.96048895500147
1	2.96777856198481
1	2.97434439534363
1	2.98025830022682
1	2.98558499458881
1	0
1	0.281285226556678
1	0.539912944976322
1	0.776755950930116
1	0.992959912353718
1	1.18982240442136
1	1.36870846334035
1	1.53099263445742
1	1.67802015601404
1	1.81108188491099
1	1.9313990184915
1	2.04011473213272
1	2.13829063643377
1	2.22690653392162
1	2.3068623780492
1	2.37898164713441
1	2.44401557253774
1	2.50264782575783
1	2.55549938944302
1	2.60313342452371
1	2.64606000857981
1	2.68474066566408
1	2.71959263989126
1	2.75099288769609
1	2.77928177935042
1	2.80476651101474
1	2.82772423567729
1	2.84840492582813
1	2.86703398337374
1	2.88381461366481
1	2.89892998098204
1	2.91254516268995
1	2.92480891873195
1	2.93585529235135
1	2.94580505698555
1	2.95476702326965
1	2.96283921905157
1	2.97010995429765
1	2.97665878177921
1	2.98255736349008
1	2.98787025186128
1	0
1	0.282187067574488
1	0.54141827778949
1	0.778650564203884
1	0.995091146033623
1	1.19208252152953
1	1.37102241846592
1	1.53330908556297
1	1.6803048678457
1	1.81331289515392
1	1.93356310243556
1	2.04220482321356
1	2.14030394982787
1	2.22884320670383
1	2.30872448840161
1	2.38077251125934
1	2.44573924462378
1	2.50430874605104
1	2.55710214001292
1	2.6046825630372
1	2.64755995830254
1	2.68619564573561
1	2.721006624212
1	2.75236958392253
1	2.78062462181806
1	2.80607866311398
1	2.82900859845902
1	2.84966415053252
1	2.86827048624527
1	2.88503059190465
1	2.90012742904406
1	2.91372588838274
1	2.9259745587744
1	2.93700732716122
1	2.94694482457411
1	2.95589573218127
1	2.96395796033206
1	2.97121971250599
1	2.97776044507715
1	2.98365173285635
1	2.98895804948434
1	0
1	0.282516981211915
1	0.541968962238437
1	0.779343656161693
1	0.995870799034162
1	1.19290932297396
1	1.3718689150626
1	1.53415649524501
1	1.68114066659068
1	1.81412904865531
1	1.93435477279828
1	2.04296942533014
1	2.14104046494751
1	2.22955168497159
1	2.30940569006302
1	2.38142764945545
1	2.44636980246757
1	2.50491634788394
1	2.55768846205856
1	2.60524927259218
1	2.64810867349648
1	2.68672791002422
1	2.72152389133703
1	2.75287321022775
1	2.7811158636603
1	2.80655867773226
1	2.82947844712272
1	2.85012480312468
1	2.86872282668219
1	2.88547542397173
1	2.90056548235719
1	2.91415782427878
1	2.92640097600177
1	2.93742876728987
1	2.94736177707853
1	2.95630863917405
1	2.96436722094219
1	2.97162568690719
1	2.97816345817887
1	2.98405207767454
1	2.98935599021171
1	0
1	0.283029661376364
1	0.542824716477782
1	0.780420709240429
1	0.997082366496626
1	1.1941941583139
1	1.37318435633315
1	1.53547335543464
1	1.6824394835822
1	1.81539733727342
1	1.93558501503656
1	2.04415760397569
1	2.14218499687897
1	2.2306526481135
1	2.31046426582399
1	2.38244572303599
1	2.44734967859993
1	2.50586055076699
1	2.55859959651521
1	2.60612992957292
1	2.64896136754712
1	2.68755503964864
1	2.72232771562508
1	2.75365583691452
1	2.78187924510287
1	2.80730461226034
1	2.83020858393081
1	2.85084064939445
1	2.86942575600454
1	2.88616668541544
1	2.9012462097329
1	2.91482904529268
1	2.92706362109869
1	2.93808367806029
1	2.94800971415746
1	2.95695028959691
1	2.9650032049486
1	2.97225656420099
1	2.9787897336638
1	2.98467420669238
1	2.98997438331345
1	0
1	0.288115355716996
1	0.551313643481003
1	0.791104880634066
1	1.00910089620465
1	1.20693949209136
1	1.38623329539691
1	1.54853636991856
1	1.69532351280997
1	1.82797853056833
1	1.94778879513708
1	2.05594412085763
1	2.15353854626529
1	2.24157400300163
1	2.3209651455732
1	2.39254482849373
1	2.45706987229258
1	2.51522687228999
1	2.56763788523997
1	2.61486588725873
1	2.65741993803293
1	2.69576001565817
1	2.73030150692054
1	2.76141935184597
1	2.78945185069878
1	2.81470414762562
1	2.83745140877614
1	2.85794171468895
1	2.87639868752095
1	2.89302387368983
1	2.90799890196129
1	2.92148743613441
1	2.93363694039785
1	2.94458027424194
1	2.95443713258303
1	2.96331534553326
1	2.97131205106055
1	2.97851475264907
1	2.98500227300166
1	2.99084561382806
1	2.99610873083819
1	0
1	0.288998322140318
1	0.552787471244106
1	0.792959841622625
1	1.01118752538036
1	1.20915230729923
1	1.38849882184848
1	1.55080434011184
1	1.69756040799935
1	1.83016284808737
1	1.94990758705508
1	2.05799046850608
1	2.15550972310413
1	2.24347014323687
1	2.32278828389274
1	2.39429821169523
1	2.45875746971467
1	2.51685303124901
1	2.56920709190748
1	2.61638260391442
1	2.65888849536808
1	2.69718454451015
1	2.73168589802014
1	2.7627672352523
1	2.79076658887029
1	2.81598883774621
1	2.83870889118072
1	2.85917458513002
1	2.87760931167347
1	2.89421440276986
1	2.90917128868086
1	2.92264345046654
1	2.93477818480661
1	2.94570819816148
1	2.95555304602145
1	2.96442043174134
1	2.97240737824965
1	2.97960128477239
1	2.98608087963263
1	2.99191707918176
1	2.99717376198842
1	0
1	0.289951084618717
1	0.554377801017942
1	0.794961432149863
1	1.01343909682457
1	1.21154003943264
1	1.3909434319037
1	1.55325158707979
1	1.69997412357025
1	1.83251982986842
1	1.95219386361746
1	2.06019857427965
1	2.15763671602337
1	2.24551616811642
1	2.32475553625694
1	2.39619019499211
1	2.46057846704814
1	2.51860773357872
1	2.57090034002448
1	2.61801921282923
1	2.6604731381012
1	2.69872167843021
1	2.73317972140945
1	2.7642216651161
1	2.79218525346007
1	2.8173750790697
1	2.84006577409346
1	2.86050491057156
1	2.87891563231886
1	2.89549903988282
1	2.9104363493299
1	2.92389084453618
1	2.93600964143127
1	2.94692528134907
1	2.95675716933258
1	2.96561287195951
1	2.97358928802536
1	2.98077370425667
1	2.98724474713631
1	2.99307324090992
1	2.99832298090713
1	0
1	0.292206651381473
1	0.558142742502323
1	0.799699990991384
1	1.01876945966805
1	1.21719274864464
1	1.396730793721
1	1.55904519151566
1	1.70568834588683
1	1.83809974079722
1	1.95760638724373
1	2.06542603663718
1	2.16267215207593
1	2.25035992069768
1	2.32941280304405
1	2.40066927003641
1	2.46488949015575
1	2.52276181011214
1	2.5749089300565
1	2.62189371540001
1	2.66422461610407
1	2.70236068422504
1	2.73671619399599
1	2.76766487759972
1	2.79554379535142
1	2.8206568622269
1	2.84327805424547
1	2.86365431865346
1	2.88200821152515
1	2.89854028556566
1	2.91343124975634
1	2.92684392116055
1	2.93892498780073
1	2.9498066000908
1	2.95960780690535
1	2.96843585101635
1	2.97638733734731
1	2.98354928629387
1	2.9900000832427
1	2.99581033438868
1	3.00104363800157
1	0
1	0.292220239101957
1	0.558165422820801
1	0.79972853646124
1	1.0188015702141
1	1.21722680103183
1	1.39676565726661
1	1.55908009266732
1	1.70572276883405
1	1.83813335464154
1	1.95763899273312
1	2.0654575273022
1	2.16270248595862
1	2.25038909986331
1	2.32944085880386
1	2.40069625235444
1	2.46491546011503
1	2.5227868346123
1	2.57493307813395
1	2.62191705572352
1	2.66424721531742
1	2.70238260589652
1	2.73673749799896
1	2.76768561979613
1	2.79556402748518
1	2.82067663195971
1	2.84329740528643
1	2.86367329094788
1	2.88202684147773
1	2.89855860628085
1	2.91344929128388
1	2.92686171073806
1	2.93894255008806
1	2.94982395739289
1	2.95962497938155
1	2.96845285687536
1	2.97640419302754
1	2.98356600662932
1	2.99001668161499
1	2.99582682286587
1	3.00106002746463
1	0
1	0.293962584287402
1	0.561073706351625
1	0.803388904808479
1	1.02291908612645
1	1.22159331806111
1	1.40123618864937
1	1.56355544625112
1	1.7101368025511
1	1.84244363758352
1	1.96181997493107
1	2.06949555624514
1	2.16659218140354
1	2.25413072663703
1	2.33303843192732
1	2.40415617868761
1	2.46824557229788
1	2.5259957111428
1	2.57802957151116
1	2.62490997130096
1	2.66714509878713
1	2.70519360858158
1	2.73946929742355
1	2.77034537910468
1	2.79815838176949
1	2.82321169284908
1	2.84577877757368
1	2.86610609679477
1	2.88441574903731
1	2.90090786051741
1	2.91576274545649
1	2.92914285750954
1	2.94119455157816
1	2.95204967374954
1	2.96182699562526
1	2.97063350789821
1	2.97856558671592
1	2.98571004513847
1	2.99214508086192
1	2.9979411303311
1	3.00316163840695
1	0
1	0.294117962615626
1	0.561333060374464
1	0.803715328021988
1	1.02328627670627
1	1.22198271398669
1	1.40163486033529
1	1.56395454796981
1	1.71053043590539
1	1.8428280186828
1	1.96219282528797
1	2.06985565836022
1	2.16693905547911
1	2.25446439628975
1	2.33335925520749
1	2.40446472694424
1	2.46854254402776
1	2.5262818713566
1	2.57830570965435
1	2.62517687261467
1	2.66740352535649
1	2.70544428732279
1	2.73971291300052
1	2.77058257031012
1	2.79838974030561
1	2.82343776373689
1	2.84600006063568
1	2.86632304881354
1	2.88462878630799
1	2.90111736159613
1	2.91596905396801
1	2.92934628492148
1	2.94139537988108
1	2.95224815800483
1	2.9620233663591
1	2.97082797333089
1	2.97875833482389
1	2.98590124555156
1	2.99233488660164
1	2.99812967939821
1	3.00334905522741
1	0
1	0.294329722995178
1	0.56168652605364
1	0.804160200253385
1	1.02378670953651
1	1.22251340980469
1	1.40217819780384
1	1.56449847151691
1	1.7110669067856
1	1.84335187994714
1	1.9627009716556
1	2.07034643053828
1	2.16741179956601
1	2.25491914447189
1	2.33379649546071
1	2.40488523794267
1	2.46894727773133
1	2.526671870375
1	2.5786820498987
1	2.62554062426614
1	2.66775572703763
1	2.7057859297255
1	2.74004492923235
1	2.77090583096215
1	2.79870505179068
1	2.82374586884752
1	2.8463016405647
1	2.86661872609599
1	2.88491912829978
1	2.90140288421986
1	2.91625022553938
1	2.92962352993021
1	2.94166908264347
1	2.95251866613629
1	2.96229099403669
1	2.97109300433171
1	2.9790210253353
1	2.98616182675686
1	2.9925935670492
1	2.99838664716503
1	3.00360447988983
1	0
1	0.294711913174085
1	0.562324469333904
1	0.80496311625716
1	1.024689902633
1	1.22347122226261
1	1.40315882621391
1	1.56548015769549
1	1.71203514221341
1	1.84429735723975
1	1.96361808632816
1	2.07123218785952
1	2.16826501935874
1	2.2557398848269
1	2.33458563708843
1	2.40564418621269
1	2.46967775076364
1	2.52737574989642
1	2.57936127773926
1	2.62619713191431
1	2.66839138902412
1	2.70640253407468
1	2.74064416003893
1	2.77148925948967
1	2.79927413347229
1	2.82430194429281
1	2.84684593920674
1	2.86715237150084
1	2.88544314444493
1	2.9019182022547
1	2.91675769069124
1	2.93012390832824
1	2.9421630679109
1	2.95300688565768
1	2.96277401484633
1	2.97157133859723
1	2.97949513542976
1	2.9866321299254
1	2.99306043968487
1	2.99885042871368
1	3.00406547640691
1	0
1	0.295762692417361
1	0.564078406494738
1	0.807170623193302
1	1.02717310762057
1	1.22610459565963
1	1.40585492892803
1	1.56817916859841
1	1.71469717213018
1	1.84689681679915
1	1.96613956677119
1	2.07366745558513
1	2.17061082963234
1	2.25799639736113
1	2.33675527327526
1	2.40773080992224
1	2.47168608573007
1	2.52931096966839
1	2.58122872111092
1	2.62800210924711
1	2.67013905408202
1	2.7080978027843
1	2.74229166258672
1	2.77309331584824
1	2.80083874515454
1	2.82583079712017
1	2.84834241333602
1	2.86861955602213
1	2.88688385464328
1	2.90333499819707
1	2.91815289621375
1	2.93149962979742
1	2.94352121234829
1	2.95434917797067
1	2.96410201401755
1	2.97288645276104
1	2.98079863581721
1	2.9879251636945
1	2.99434404167646
1	3.0001255321874
1	3.00533292281998
1	0
1	0.300553501758311
1	0.572075118066007
1	0.817235291788107
1	1.03849476412078
1	1.23811091377961
1	1.41814724831827
1	1.58048474727044
1	1.72683414368986
1	1.85874851183241
1	1.97763573224722
1	2.084770552113
1	2.18130606351975
1	2.26828449678462
1	2.34664727806775
1	2.4172443365956
1	2.48084267116749
1	2.53813420158861
1	2.58974294063505
1	2.63623152786336
1	2.67810716930489
1	2.7158270277585
1	2.74980310768397
1	2.78040667708488
1	2.80797226659612
1	2.83280128350262
1	2.8551652757811
1	2.87530887859344
1	2.8934524730472
1	2.90979458452634
1	2.9245140455156
1	2.93777194561188
1	2.94971338934324
1	2.96046908050251
1	2.97015674994325
1	2.97888244217628
1	2.98674167463538
1	2.99382048214392
1	3.00019635789866
1	3.00593910118548
1	3.01111158104318
1	0
1	0.300797073208662
1	0.572481682071552
1	0.817746993622282
1	1.03907037297888
1	1.23872133179246
1	1.41877220703588
1	1.5811103801085
1	1.72745120430641
1	1.85935106859119
1	1.97822021338584
1	2.0853350490763
1	2.18184982417571
1	2.26880755815475
1	2.34715020143262
1	2.41772801760332
1	2.48130820478332
1	2.53858278704519
1	2.59017581546904
1	2.63664992302068
1	2.67851227943207
1	2.71621999237117
1	2.75018500006298
1	2.78077849860325
1	2.80833494480766
1	2.83315567278364
1	2.85551215965458
1	2.87564897311289
1	2.89378643079789
1	2.91012299893379
1	2.92483745524684
1	2.93809083892432
1	2.95002820828596
1	2.9607802249104
1	2.9704645811897
1	2.97918728666793
1	2.98704382704459
1	2.99412020838281
1	3.00049389784415
1	3.00623467116788
1	3.01140537611294
1	0
1	0.300905041838859
1	0.57266190088908
1	0.817973817193047
1	1.03932552480332
1	1.23899191357288
1	1.41904923431709
1	1.58138770620905
1	1.72772473057322
1	1.85961816569048
1	1.97847929805205
1	2.08558527529858
1	2.1820908585543
1	2.2690394171003
1	2.34737313374559
1	2.41794242030027
1	2.48151456323272
1	2.5387816328344
1	2.59036769716455
1	2.63683538626751
1	2.67869185378468
1	2.71639418294599
1	2.75035428261635
1	2.78094331701672
1	2.80849571024075
1	2.83331276395821
1	2.85566592388517
1	2.87579972780663
1	2.89393446522816
1	2.91026857615007
1	2.92498081402564
1	2.93823219569693
1	2.95016775900078
1	2.9609181468034
1	2.97060103444793
1	2.97932241597861
1	2.987177763028
1	2.9942530689106
1	3.00062578924726
1	3.00636568933967
1	3.01153560751401
1	0
1	0.301043180458751
1	0.57289247877718
1	0.818264022736704
1	1.03965197444732
1	1.23933810481053
1	1.41940367214064
1	1.58174252635189
1	1.72807468908369
1	1.85995989851238
1	1.97881077950328
1	2.08590542296502
1	2.18239924587333
1	2.26933606506821
1	2.34765836068591
1	2.41821673416906
1	2.48177858502637
1	2.53903604268328
1	2.59061319692269
1	2.63707267405111
1	2.67892160712314
1	2.71661704810191
1	2.75057086828805
1	2.78115419112089
1	2.80870139882837
1	2.83351375157853
1	2.85586265490383
1	2.87599260832477
1	2.89412386535168
1	2.91045483243311
1	2.92516423196673
1	2.9384130522054
1	2.95034630477944
1	2.96109460861381
1	2.97077561723865
1	2.97949530486726
1	2.98734912513446
1	2.99442305504373
1	3.00079453545037
1	3.0065333183019
1	3.01170222985586
1	0
1	0.301161585967266
1	0.573090118598066
1	0.818512772398441
1	1.03993179073717
1	1.239634842606
1	1.41970747849665
1	1.58204666041287
1	1.72837465599681
1	1.86025281477711
1	1.97909490880634
1	2.08617983751524
1	2.18266358004257
1	2.26959033685346
1	2.34790284293814
1	2.41845186228278
1	2.48200489128859
1	2.5392541100677
1	2.59082362702346
1	2.63727606525846
1	2.67911854018136
1	2.71680807695494
1	2.75075651468162
1	2.78133494184473
1	2.80887770478707
1	2.83368602810343
1	2.85603128288292
1	2.8761579358476
1	2.89428620965449
1	2.91061448199327
1	2.92532144864229
1	2.93856807334916
1	2.95049934528131
1	2.96124586284243
1	2.97092526086569
1	2.97964349656625
1	2.98749600815219
1	2.99456875864602
1	3.00093917624673
1	3.00667700145531
1	3.0118450501847
1	0
1	0.30214130054576
1	0.57472543621328
1	0.820570984664532
1	1.04224705547358
1	1.24209011979594
1	1.42222124259225
1	1.58456313601518
1	1.7308566516534
1	1.86267647173726
1	1.98144586041224
1	2.08845040700792
1	2.18485074213027
1	2.27169424044737
1	2.34992574567044
1	2.42039736670833
1	2.48387740167334
1	2.54105845007092
1	2.59256477437428
1	2.63895897117624
1	2.68074800987874
1	2.71838869389224
1	2.75229259590373
1	2.7828305151626
1	2.81033650108952
1	2.83511148393815
1	2.85742654980522
1	2.87752589403106
1	2.89562948398517
1	2.91193545939969
1	2.92662229579848
1	2.93985075416716
1	2.95176563780995
1	2.96249737533285
1	2.97216344686584
1	2.98086966897775
1	2.98871135223215
1	2.99577434396965
1	3.00213596766814
1	3.00786586911736
1	3.01302677863651
1	0
1	0.302770284000992
1	0.575775321298791
1	0.82189237100617
1	1.04373347125798
1	1.24366642453242
1	1.42383509632188
1	1.58617873055066
1	1.73245010982808
1	1.86423247607011
1	1.98295518741075
1	2.08990812814037
1	2.18625491513868
1	2.27304496093375
1	2.35122446305007
1	2.42164639384604
1	2.48507956613798
1	2.54221684868471
1	2.59368260287334
1	2.64003940827725
1	2.68179414056103
1	2.71940346076868
1	2.75327877054664
1	2.78379068345414
1	2.8112730582858
1	2.83602663632628
1	2.85832232070527
1	2.87840413253413
1	2.89649187528605
1	2.9127835359228
1	2.92745744856336
1	2.94067424401877
1	2.95257860626779
1	2.96330085490513
1	2.97295837074029
1	2.98165688004617
1	2.98949161143772
1	2.99654833798697
1	3.00290431594012
1	3.00862913028169
1	3.01378545637907
1	0
1	0.305317854530673
1	0.580027668925985
1	0.827244379670754
1	1.04975389837048
1	1.25005092870189
1	1.43037168510915
1	1.59272237012061
1	1.73890409053667
1	1.87053475755216
1	1.98906841177156
1	2.09581233335698
1	2.19194223448715
1	2.27851578163072
1	2.35648465565957
1	2.42670532616031
1	2.48994869065385
1	2.54690870845553
1	2.59821014158325
1	2.64441550067649
1	2.68603128173577
1	2.72351356917839
1	2.75727307188556
1	2.78767965131603
1	2.8150663941721
1	2.83973327635758
1	2.86195045993105
1	2.88196126032474
1	2.89998481718285
1	2.91621849870157
1	2.93084006626802
1	2.94400962344729
1	2.95587137091448
1	2.96655518673616
1	2.97617804944415
1	2.98484531958601
1	2.99265189386026
1	2.99968324452906
1	3.00601635553031
1	3.01172056556908
1	3.01685832744172
1	0
1	0.30588665655853
1	0.580977100521821
1	0.82843933515719
1	1.05109809320641
1	1.25147641187347
1	1.43183112456888
1	1.59418338382507
1	1.74034508589756
1	1.8719418826721
1	1.99043332566606
1	2.09713057905851
1	2.19321205557386
1	2.27973726455739
1	2.35765911116075
1	2.42783484580486
1	2.49103583146752
1	2.54795627095517
1	2.59922101573546
1	2.64539256105687
1	2.68697731815142
1	2.72443124269161
1	2.75816488888335
1	2.78854795026216
1	2.81591334114347
1	2.84056086654273
1	2.86276052305783
1	2.88275546856238
1	2.90076469448593
1	2.91698543087142
1	2.9315953112308
1	2.94475432140973
1	2.95660655417495
1	2.96728178901203
1	2.97689691463531
1	2.98555720993599
1	2.99335749750483
1	3.00038318244147
1	3.00671118788492
1	3.01241079755283
1	3.01754441454762
1	0
1	0.306470256967977
1	0.58195123324452
1	0.829665379504786
1	1.05247725962672
1	1.25293898148793
1	1.43332853390385
1	1.59568240836151
1	1.74182357127812
1	1.87338561661804
1	1.99183375018756
1	2.09848312123221
1	2.19451491328153
1	2.28099052650306
1	2.35886412218003
1	2.42899375188246
1	2.49215125615469
1	2.5490310876291
1	2.60025818955032
1	2.64639504137537
1	2.68794796736237
1	2.72537279108952
1	2.75907990806327
1	2.78943883952708
1	2.81678232292459
1	2.84140998793691
1	2.86359166139651
1	2.88357033951919
1	2.90156486166379
1	2.91777231612574
1	2.93237020521487
1	2.94551839399475
1	2.95736086451637
1	2.96802729511949
1	2.97763448236424
1	2.98628762136102
1	2.9940814586648
1	3.00110133046534
1	3.00742409752094
1	3.01311898713129
1	3.01824835141196
1	0
1	0.307230147858072
1	0.583219626086159
1	0.831261779910797
1	1.05427303629472
1	1.25484335528235
1	1.43527827159075
1	1.59763424916016
1	1.74374866857697
1	1.87526546497914
1	1.99365720647533
1	2.10024423116227
1	2.19621133036267
1	2.2826223662345
1	2.36043313563718
1	2.43050273329609
1	2.49360362158255
1	2.55043057842078
1	2.60160866655581
1	2.64770034488303
1	2.6892118244141
1	2.72659875673068
1	2.76027133070079
1	2.79059884323088
1	2.81791380146443
1	2.84251560678429
1	2.86467386497578
1	2.8846313617643
1	2.90260673850138
1	2.91879689891667
1	2.93337917448519
1	2.94651327300329
1	2.95834303236181
1	2.96899799920126
1	2.97859485009011
1	2.98723867105001
1	2.99502410963168
1	3.00203641229914
1	3.00835235858639
1	3.01404110233275
1	3.01916492926515
1	0
1	0.308033492195932
1	0.584560550448848
1	0.832949468556422
1	1.05617150229438
1	1.25685662840465
1	1.43733950268523
1	1.59969770363032
1	1.74578385025241
1	1.8772528102107
1	1.99558493492057
1	2.10210604804823
1	2.19800475501685
1	2.2843475207608
1	2.36209187124417
1	2.43209800399927
1	2.49513903878281
1	2.55191009741231
1	2.60303636896666
1	2.64908029060383
1	2.69054795361319
1	2.7278948277444
1	2.76153088341069
1	2.79182518035308
1	2.81910998224543
1	2.84368444911738
1	2.86581795306678
1	2.88575305729199
1	2.90370819381442
1	2.91988007124378
1	2.93444584045126
1	2.94756504297287
1	2.9593813642957
1	2.97002421182992
1	2.9796101352908
1	2.98824410537307
1	2.99602066496179
1	3.00302496566438
1	3.00933370114584
1	3.01501594758435
1	3.02013392052188
1	0
1	0.309225916594673
1	0.586550918528365
1	0.835454547665939
1	1.05898944358242
1	1.25984498081996
1	1.44039904033637
1	1.60276054149442
1	1.74880472208943
1	1.88020267719941
1	1.99844631119961
1	2.10486959012623
1	2.20066678076866
1	2.28690821142832
1	2.36455397462329
1	2.43446590481019
1	2.4974180975196
1	2.55410618501853
1	2.60515554390649
1	2.65112857907601
1	2.69253120410962
1	2.72981861885916
1	2.76340046947984
1	2.793645463682
1	2.82088550375141
1	2.84541939147096
1	2.86751615207029
1	2.8874180184452
1	2.90534311190309
1	2.92148785143218
1	2.93602911982887
1	2.94912621184466
1	2.96092258674991
1	2.97154744529165
1	2.9811171488937
1	2.98973649706818
1	2.99749987734223
1	3.00449230052518
1	3.01079033282451
1	3.01646293514402
1	3.02157221884831
1	0
1	0.310203717191587
1	0.588183041368425
1	0.83750873898506
1	1.06130018519122
1	1.26229546135236
1	1.44290789351374
1	1.60527210088127
1	1.75128186889098
1	1.88262159927567
1	2.00079266995962
1	2.10713572380843
1	2.20284966999154
1	2.28900800481217
1	2.36657292538973
1	2.4364076084761
1	2.49928694974669
1	2.55590700004253
1	2.60689328973198
1	2.65280819724959
1	2.6941574904564
1	2.73139614788517
1	2.76493354979614
1	2.79513811523077
1	2.82234145013275
1	2.8468420625189
1	2.86890869318321
1	2.88878330416994
1	2.90668376199771
1	2.92280624816206
1	2.93732742563521
1	2.95040638680278
1	2.96218640543502
1	2.97279651281299
1	2.98235291595955
1	2.99096027401526
1	2.99871284711212
1	3.00569553060357
1	3.01198478618054
1	3.01764948022064
1	3.02275163866193
1	0
1	0.312272552852595
1	0.591636295483139
1	0.841855007814251
1	1.06618926447666
1	1.26748020098951
1	1.44821613830103
1	1.61058607148086
1	1.75652302916106
1	1.88773956736483
1	2.00575710820148
1	2.11193042140747
1	2.20746823852441
1	2.29345075873046
1	2.37084463207165
1	2.44051587533523
1	2.50324107714727
1	2.5597171739699
1	2.61057002151644
1	2.65636194224151
1	2.69759839568784
1	2.73473389212013
1	2.76817724921663
1	2.79829627525164
1	2.82542194916676
1	2.84985215742694
1	2.87185503901582
1	2.89167198290847
1	2.90952031654006
1	2.92559571891789
1	2.94007438790903
1	2.9531149877323
1	2.96486039967581
1	2.97543929646366
1	2.98496755843635
1	2.99354954773551
1	3.00127925494987
1	3.00824133115066
1	3.01451201689217
1	3.02015997855297
1	3.02524706132523
1	0
1	0.314321705155424
1	0.595056694577558
1	0.846159925284451
1	1.07103182798486
1	1.2726156118717
1	1.45347387927818
1	1.61584948379366
1	1.76171432387786
1	1.89280884197825
1	2.01067431368439
1	2.11667950119742
1	2.21204286497894
1	2.29785124330938
1	2.37507569679528
1	2.44458505523853
1	2.50715758410879
1	2.56349109706326
1	2.61421177206484
1	2.6598818761208
1	2.70100656338898
1	2.73803988032124
1	2.77139008736634
1	2.80142438784242
1	2.82847313965442
1	2.85283361362899
1	2.87477335266519
1	2.89453317812118
1	2.91232988347769
1	2.92835865003452
1	2.94279521497871
1	2.95579781843595
1	2.9675089529464
1	2.97805693608856
1	2.9875573246287
1	2.99611418653525
1	3.00382124541816
1	3.01076291039057
1	3.01701520297413
1	3.02264659145118
1	3.02771874198764
1	0
1	0.315320269677664
1	0.596723476096373
1	0.848257738048774
1	1.07339163897076
1	1.27511812918435
1	1.4560360087986
1	1.61841437699083
1	1.76424407372688
1	1.8952791306803
1	2.01307049816371
1	2.11899375699236
1	2.2142721085904
1	2.29999562651365
1	2.37713752066191
1	2.4465679916364
1	2.50906612204297
1	2.56533015300142
1	2.61598641950879
1	2.66159716155256
1	2.70266738447461
1	2.73965090870797
1	2.77295572316002
1	2.80294873635006
1	2.82996000354803
1	2.85428649557626
1	2.87619546485812
1	2.89592745614858
1	2.91369900272905
1	2.92970504336343
1	2.94412109074655
1	2.9571051783409
1	2.96879960924736
1	2.97933252797982
1	2.98881933362481
1	2.99736395079838
1	3.00505997301005
1	3.01199169146533
1	3.01823502094987
1	3.02385833321252
1	3.02892320717863
1	0
1	0.315344930420445
1	0.59676463925548
1	0.848309546038975
1	1.07344991731977
1	1.27517993183644
1	1.45609928364531
1	1.61847772008983
1	1.76430654891896
1	1.89534013740838
1	2.01312967479956
1	2.11905091030155
1	2.21432716242225
1	2.30004858461645
1	2.37718843986332
1	2.44661696261761
1	2.50911325566532
1	2.56537557068294
1	2.61603024654566
1	2.66163952257369
1	2.70270840043371
1	2.73969069497693
1	2.77299438840471
1	2.80298638195594
1	2.82999672342662
1	2.85432237623014
1	2.87623058561619
1	2.8959618895087
1	2.91373281476317
1	2.92973829415377
1	2.94415383483123
1	2.95713746515424
1	2.96883148354526
1	2.97936403024414
1	2.98885050044333
1	2.9973948152186
1	3.0050905648665
1	3.01202203768066
1	3.01826514581077
1	3.02388825862168
1	3.02895295288419
1	0
1	0.320313532904721
1	0.605058119156555
1	0.858747727528714
1	1.08519173516508
1	1.28763181998152
1	1.46884778693843
1	1.63123997473388
1	1.77689393922221
1	1.90763166420361
1	2.02505247787495
1	2.13056605713071
1	2.22541931029978
1	2.31071848874248
1	2.38744754977328
1	2.45648354859495
1	2.51860965385487
1	2.57452624417424
1	2.6248604397904
1	2.67017434557976
1	2.71097222273883
1	2.74770676150666
1	2.78078459296403
1	2.81057115150588
1	2.83739497909364
1	2.86155154639569
1	2.88330665332874
1	2.90289946150971
1	2.92054520310871
1	2.93643760410306
1	2.95075105462745
1	2.96364255473722
1	2.97525346025329
1	2.98571105029007
1	2.99512993546592
1	3.00361332357158
1	3.01125415755714
1	3.01813613903782
1	3.02433464907234
1	3.02991757669941
1	3.03494606460294
1	0
1	0.321807334933919
1	0.607551540021787
1	0.861885949340551
1	1.08872189306749
1	1.29137545933229
1	1.47268060313751
1	1.63507692525362
1	1.78067831707028
1	1.91132709118268
1	2.02863704868416
1	2.13402806677111
1	2.22875414601265
1	2.31392637757747
1	2.39053193401407
1	2.45944992117172
1	2.5214647300922
1	2.57727737885912
1	2.627515222625
1	2.67274032584598
1	2.71345672709743
1	2.75011677850564
1	2.78312670493926
1	2.81285149978903
1	2.83961925228975
1	2.86372498431851
1	2.88543406125505
1	2.90498523093192
1	2.92259333627422
1	2.9384517404378
1	2.95273449772838
1	2.96559829904358
1	2.97718421681276
1	2.98761927125442
1	2.99701783710599
1	3.00548290771031
1	3.01310723139381
1	3.01997433338784
1	3.02615943507948
1	3.03173028109823
1	3.03674788362046
1	0
1	0.322950117839187
1	0.609459047633056
1	0.864286740187938
1	1.09142252141376
1	1.29423940446687
1	1.47561277001486
1	1.63801225495368
1	1.78357342781943
1	1.91415415306692
1	2.03137930379122
1	2.13667656058595
1	2.23130534969966
1	2.31638046483332
1	2.39289153824192
1	2.46171924455268
1	2.52364890995907
1	2.57938204174383
1	2.62954617477346
1	2.67470334258191
1	2.71535741343577
1	2.75196048079953
1	2.78491845878294
1	2.81459600340136
1	2.84132085754632
1	2.86538769976226
1	2.88706156300107
1	2.90658087854348
1	2.92416019153583
1	2.93999258756964
1	2.95425186403596
1	2.96709447532176
1	2.97866127705721
1	2.98907909140119
1	2.99846211263845
1	3.00691317005561
1	3.01452486308887
1	3.02138058203303
1	3.02755542612378
1	3.03311702951521
1	3.03812630454329
1	0
1	0.323987021619435
1	0.611189824182006
1	0.866465097156499
1	1.09387293586115
1	1.29683800436085
1	1.47827327088991
1	1.64067562561511
1	1.78620030582591
1	1.91671928695302
1	2.03386748826948
1	2.13907967077942
1	2.23362018372023
1	2.31860718028464
1	2.39503252454164
1	2.4637783145488
1	2.52563072500921
1	2.58129170708031
1	2.63138895869203
1	2.67648448532109
1	2.71708200070444
1	2.75363336360988
1	2.78654420618013
1	2.81617887831308
1	2.84286480864578
1	2.86689636419989
1	2.88853827629896
1	2.90802868900051
1	2.92558187726142
1	2.94139067482526
1	2.95562864597162
1	2.9684520304896
1	2.98000148729667
1	2.9904036588424
1	2.99977257567778
1	3.00821091823312
1	3.01581115084908
1	3.02265654138582
1	3.02882207824499
1	3.03437529534084
1	3.03937701441922
1	0
1	0.327299777334248
1	0.616719401769451
1	0.873424628632768
1	1.10170165113722
1	1.3051401504358
1	1.48677318153345
1	1.64918470480584
1	1.79459279632876
1	1.92491451403419
1	2.04181687326246
1	2.14675725589232
1	2.24101573938949
1	2.3257212100308
1	2.40187266220423
1	2.4703567416187
1	2.53196233384129
1	2.58739280814417
1	2.63727638342101
1	2.68217497550978
1	2.72259180444788
1	2.7589779791815
1	2.79173823101007
1	2.82123593183096
1	2.84779750628423
1	2.8717163261218
1	2.8932561590089
1	2.912654231367
1	2.93012395493711
1	2.94585735884558
1	2.96002726261503
1	2.97278922042572
1	2.98428326272693
1	2.99463545782324
1	3.00395931316034
1	3.01235703359435
1	3.01992065185551
1	3.02673304464322
1	3.03286884626063
1	3.03839527037037
1	3.04337284929605
1	0
1	0.32785931236147
1	0.617653365095536
1	0.874600115740559
1	1.10302394616655
1	1.30654240944007
1	1.48820884360537
1	1.65062191547469
1	1.79601031479562
1	1.92629871407872
1	2.04315954979262
1	2.14805402455412
1	2.24226487237693
1	2.32692279239013
1	2.40302798331532
1	2.47146785897431
1	2.53303176280775
1	2.58842330361191
1	2.63827078827292
1	2.68313611748846
1	2.72352242790852
1	2.75988070183201
1	2.79261551840305
1	2.8220900843316
1	2.8486306546794
1	2.87253043309416
1	2.89405302447615
1	2.91343550025513
1	2.93089112637223
1	2.94661179605135
1	2.96077020302332
1	2.97352178566683
1	2.98500646828091
1	2.9953502221952
1	3.00466646650123
1	3.01305732572913
1	3.02061475970874
1	3.02742157907119
1	3.03355235831124
1	3.039074257
1	3.04404775857674
1	0
1	0.332210949659008
1	0.624917020535494
1	0.883742159209113
1	1.11330774983937
1	1.31744811200903
1	1.49937432979464
1	1.6617994454714
1	1.80703469384299
1	1.93706396781256
1	2.05360186525623
1	2.15813930358116
1	2.25197967740842
1	2.33626778485087
1	2.41201319102011
1	2.48010928353469
1	2.54134896682733
1	2.59643771253039
1	2.64600451186821
1	2.69061114778896
1	2.73076010841869
1	2.76690139109035
1	2.7994383915999
1	2.82873303195543
1	2.85511024836781
1	2.87886193709801
1	2.90025043718431
1	2.91951161464937
1	2.9368576015136
1	2.95247923405537
1	2.96654822769246
1	2.9792191201875
1	2.99063101028343
1	3.00090911511278
1	3.01016616661574
1	3.01850366460802
1	3.02601300195579
1	3.03277647546126
1	3.03886819447526
1	3.04435489788621
1	3.04929668894824
1	0
1	0.333635216466358
1	0.627294374766973
1	0.886734299448141
1	1.11667358187523
1	1.32101748811227
1	1.50302873163928
1	1.66545778918756
1	1.8106429121009
1	1.94058737578925
1	2.05701957732407
1	2.16144015959901
1	2.25515927933757
1	2.33932634917201
1	2.41495399978151
1	2.48293757397528
1	2.54407114167902
1	2.59906078422103
1	2.64853571680577
1	2.69305768384264
1	2.73312896119938
1	2.76919922383506
1	2.80167148024232
1	2.83090723195343
1	2.85723098352667
1	2.88093420332258
1	2.90227881606981
1	2.92150029326793
1	2.9388103958114
1	2.95439961404615
1	2.96843934319351
1	2.98108382624946
1	2.99247189175699
1	3.00272851000412
1	3.01196618803019
1	3.02028622118533
1	3.02777981677165
1	3.03452910341798
1	3.04060803823614
1	3.04608322242742
1	3.05101463481346
1	0
1	0.334294969143683
1	0.628395619148344
1	0.888120326647147
1	1.11823271158718
1	1.32267090405115
1	1.50472153342935
1	1.6671524169419
1	1.81231432060649
1	1.94221949824969
1	2.05860273904311
1	2.16296919094623
1	2.25663214304173
1	2.34074314551187
1	2.41631624907626
1	2.48424770223272
1	2.54533211478973
1	2.6002758505006
1	2.64970822832243
1	2.6941909748126
1	2.734226267516
1	2.77026363206078
1	2.80270589753192
1	2.83191437068778
1	2.85821335613532
1	2.88189412402194
1	2.90321840715866
1	2.92242149429303
1	2.93971497440552
1	2.95528917759833
1	2.96931535077053
1	2.98194760037552
1	2.99332462979354
1	3.00357129496862
1	3.01279999876095
1	3.02111194180754
1	3.02859824545304
1	3.03534096042457
1	3.04141397331336
1	3.04688382154091
1	3.05181042628892
1	0
1	0.334480261274585
1	0.62870490462013
1	0.888509593628578
1	1.11867059456456
1	1.32313526739989
1	1.5051969583297
1	1.66762835466596
1	1.81278373718372
1	1.94267788130592
1	2.05904737143122
1	2.16339862077089
1	2.25704579813348
1	2.34114105403409
1	2.41669883801196
1	2.48461565292836
1	2.54568626021835
1	2.60061710295454
1	2.65003752923305
1	2.69450926059752
1	2.73453444697876
1	2.77056257206523
1	2.80299641455508
1	2.83219722650423
1	2.85848925636317
1	2.88216371861094
1	2.90348229215832
1	2.92268021442679
1	2.93996902611464
1	2.95553901231946
1	2.96956137828389
1	2.98219019211321
1	2.9935641220356
1	3.00380799188147
1	3.0130341752522
1	3.02134384618456
1	3.02882810188194
1	3.03556897119271
1	3.04164032090232
1	3.04710867051969
1	3.05203392503824
1	0
1	0.334703333698275
1	0.629077252109833
1	0.888978230524203
1	1.11919776005497
1	1.32369431249896
1	1.50576932038463
1	1.6682013341072
1	1.81334886584349
1	1.94322972675577
1	2.05958266250907
1	2.163915609546
1	2.25754379577342
1	2.34162009444464
1	2.41715943523618
1	2.48505862723642
1	2.54611261442301
1	2.60102793536075
1	2.6504339732261
1	2.69489244352667
1	2.73490546294882
1	2.77092246468995
1	2.80334616678774
1	2.83253775544209
1	2.85882141149692
1	2.88248828241237
1	2.90379998220896
1	2.92299168651692
1	2.94027487790781
1	2.95583978729837
1	2.96985756978124
1	2.98248224729456
1	2.99385244574708
1	3.00409295030777
1	3.01331609935346
1	3.02162303489696
1	3.02910482507815
1	3.03584347240563
1	3.04191281982077
1	3.04737936526756
1	3.05230299425052
1	0
1	0.33525082825843
1	0.629991117758165
1	0.890128422676147
1	1.12049160101266
1	1.3250663967107
1	1.5071740888734
1	1.66960761786909
1	1.81473588115401
1	1.94458414061312
1	2.06089644638416
1	2.16518447343042
1	2.25876604904134
1	2.3427958203122
1	2.41828989533749
1	2.48614583478965
1	2.54715903066708
1	2.60203625590442
1	2.65140697977712
1	2.6958329029783
1	2.73581606060128
1	2.77180576192146
1	2.80420457609543
1	2.83337352769027
1	2.85963663162072
1	2.88328487086005
1	2.90457970016631
1	2.92375614351328
1	2.94102554081004
1	2.95657798999534
1	2.97058452307686
1	2.98319904868313
1	2.99456008885683
1	3.00479233387878
1	3.0140080356729
1	3.02230825765453
1	3.02978399663189
1	3.03651719046697
1	3.04258162357979
1	3.04804374098678
1	3.05296338036005
1	0
1	0.336190966266616
1	0.631560375049285
1	0.89210349135711
1	1.12271333826705
1	1.32742249047266
1	1.50958630690277
1	1.67202243787109
1	1.8171176140629
1	1.94690989147675
1	2.06315242890052
1	2.16736332095106
1	2.26086485848426
1	2.34481473457317
1	2.42023108084932
1	2.48801274857833
1	2.54895589908372
1	2.60376770775168
1	2.65307779170367
1	2.69744782619394
1	2.73737970620717
1	2.77332252822438
1	2.80567860574883
1	2.83480868579757
1	2.86103649835767
1	2.88465274395148
1	2.90591860385726
1	2.92506884162976
1	2.94231455220317
1	2.95784560517121
1	2.97183282118451
1	2.98442991430037
1	2.99577522820638
1	3.00599329024483
1	3.01519620388586
1	3.02348489758001
1	3.03095024564734
1	3.03767407494102
1	3.04373006939027
1	3.04918458312625
1	3.05409737168496
1	0
1	0.336293557808844
1	0.631731618552097
1	0.892319018588454
1	1.1229557829394
1	1.32767959665342
1	1.50984953758344
1	1.67228595248921
1	1.81737751808781
1	1.94716368652159
1	2.06339861055
1	2.16760108532765
1	2.26109388879227
1	2.34503504640596
1	2.42044291061651
1	2.48821647352415
1	2.54915198040417
1	2.60395665055981
1	2.65326011724612
1	2.69762405294132
1	2.7375503373409
1	2.77348804370494
1	2.80583945763878
1	2.83496529587214
1	2.86118925729966
1	2.88480201162155
1	2.90606471027286
1	2.92521208839043
1	2.94245521417579
1	2.95798393230479
1	2.97196904036394
1	2.98456423117815
1	2.99590782897223
1	3.00612434330797
1	3.01532586145563
1	3.0236132971379
1	3.03107751130841
1	3.03780031870665
1	3.04385539229588
1	3.0493090762895
1	3.05422111726049
1	0
1	0.338882630570477
1	0.636053240774638
1	0.897758216322945
1	1.1290742882639
1	1.33416811017998
1	1.51649261332401
1	1.6789361938761
1	1.82393663998926
1	1.95356863787866
1	2.06961142487405
1	2.17360147539627
1	2.26687385972547
1	2.35059499172848
1	2.42578879652921
1	2.49335782042906
1	2.55410042736968
1	2.60872494497699
1	2.65786141366342
1	2.70207143585036
1	2.74185650538411
1	2.77766510950428
1	2.80989882976523
1	2.83891761854378
1	2.86504439006419
1	2.88856903617706
1	2.90975195517362
1	2.9288271650154
1	2.94600505926059
1	2.96147485373921
1	2.97540676397555
1	2.98795394695932
1	2.99925423573816
1	3.00943169115285
1	3.01859799164252
1	3.02685367924647
1	3.03428927759474
1	3.04098629571644
1	3.0470181298304
1	3.05245087385847
1	3.05734404817669
1	0
1	0.34289284091509
1	0.642746993997479
1	0.90618298033286
1	1.13855123063086
1	1.34421815761433
1	1.52678206190562
1	1.68923674131497
1	1.83409605261394
1	1.9634892560125
1	2.0792344422881
1	2.18289546924669
1	2.27582644675638
1	2.35920678146969
1	2.43406903001894
1	2.50132124380164
1	2.56176506835813
1	2.61611054799336
1	2.6649883537652
1	2.70895997958407
1	2.74852632165517
1	2.784134959532
1	2.81618638426557
1	2.84503936432782
1	2.87101559856836
1	2.89440377402792
1	2.91546312245454
1	2.93442655097815
1	2.95150340820303
1	2.96688193594099
1	2.98073144816114
1	2.99320427189895
1	3.00443747941864
1	3.01455443653774
1	3.02366618845754
1	3.03187270151764
1	3.03926397686806
1	3.04592105002374
1	3.05191688855445
1	3.05731719870591
1	3.06218115049812
1	0
1	0.343253167306834
1	0.643348442734264
1	0.90693996427039
1	1.13940275515312
1	1.34512117691199
1	1.52770659193319
1	1.69016226859974
1	1.83500889861919
1	1.96438064579729
1	2.08009909198089
1	2.1837305554345
1	2.27663085677591
1	2.35998057008856
1	2.43481302756514
1	2.50203677524842
1	2.56245375353772
1	2.61677416098546
1	2.66562872531441
1	2.70957893068505
1	2.74912561960317
1	2.78471629006463
1	2.8167513351363
1	2.84558941691359
1	2.87155212504198
1	2.89492803830733
1	2.91597628364114
1	2.93492966836267
1	2.95199744718471
1	2.96736777440137
1	2.98120988297501
1	2.99367602536782
1	3.00490320548596
1	3.01501472669754
1	3.02412157730602
1	3.03232367192309
1	3.03971096475277
1	3.04636444876368
1	3.05235705301052
1	3.05775444890544
1	3.06261577498816
1	0
1	0.34410657426574
1	0.644772930501905
1	0.908732825894933
1	1.14141952930463
1	1.34725991270906
1	1.52989627433592
1	1.69235431293395
1	1.83717090826139
1	1.96649183793548
1	2.08214695214809
1	2.18570839658157
1	2.2785360436404
1	2.3618132323836
1	2.43657513186248
1	2.5037314596512
1	2.56408485450125
1	2.618345880289
1	2.66714539894395
1	2.71104487153451
1	2.75054501338334
1	2.78609312932299
1	2.81808938035189
1	2.84689217662038
1	2.8728228491319
1	2.89616972027845
1	2.91719166874122
1	2.93612126544501
1	2.95316754272752
1	2.96851844760348
1	2.98234302117661
1	2.99479333928778
1	3.00600624394192
1	3.0161048906003
1	3.02520013280794
1	3.03339176266274
1	3.04076962318051
1	3.047414606562
1	3.05339955064178
1	3.05879004433118
1	3.06364515161116
1	0
1	0.345937969541466
1	0.647829854447466
1	0.912580273205917
1	1.14574748868524
1	1.35184959948617
1	1.53459529157014
1	1.69705839882866
1	1.84181054027222
1	1.97102241653892
1	2.08654162153346
1	2.18995280646724
1	2.28262453880274
1	2.36574609118459
1	2.44035657452804
1	2.50736822049162
1	2.56758516647746
1	2.62171876034023
1	2.67040015201452
1	2.71419075301364
1	2.75359100572766
1	2.78904780046421
1	2.82096080020728
1	2.84968787443787
1	2.87554979911835
1	2.89883434642444
1	2.91979986229675
1	2.93867841036209
1	2.95567854574536
1	2.97098777064363
1	2.98477471443563
1	2.99719107393614
1	3.00837334371317
1	3.01844436182261
1	3.02751469262048
1	3.03568386529235
1	3.04304148424624
1	3.04966822543698
1	3.05563673094236
1	3.06101241262857
1	3.0658541744749
1	0
1	0.346544171905147
1	0.648841713845572
1	0.913853800382146
1	1.14718006811864
1	1.3533688121923
1	1.53615069328604
1	1.69861547830032
1	1.84334628513781
1	1.9725220640998
1	2.0879962823619
1	2.19135773053755
1	2.28397785420339
1	2.36704789005497
1	2.44160825378722
1	2.508572009235
1	2.56874378986244
1	2.62283520302552
1	2.67147749399019
1	2.71523205786672
1	2.75459924670292
1	2.79002581359629
1	2.8219112566852
1	2.85061326648597
1	2.8764524352392
1	2.89971635299584
1	2.92066318935632
1	2.93952484002888
1	2.95650970217827
1	2.97180513076433
1	2.98557961888247
1	2.99798473788765
1	3.00915686734425
1	3.01921874024518
1	3.02828082522322
1	3.03644256443846
1	3.04379348331835
1	3.05041418623908
1	3.05637725048184
1	3.06174802930986
1	3.06658537374093
1	0
1	0.3466847554655
1	0.649076372773492
1	0.914149142326303
1	1.14751229565404
1	1.35372113073138
1	1.53651140436885
1	1.69897657846917
1	1.84370243762737
1	1.97286984531283
1	2.0883336307634
1	2.19168354455554
1	2.28429169972545
1	2.36734978844902
1	2.44189852901084
1	2.50885117823466
1	2.56901248462566
1	2.62309411572041
1	2.67172733889303
1	2.71547354544979
1	2.75483306648734
1	2.79025262328299
1	2.82213167574595
1	2.85082787288911
1	2.8766617643464
1	2.89992089793247
1	2.92086340235293
1	2.93972113437426
1	2.95670245452889
1	2.97199468363107
1	2.98576628317093
1	2.99816879540823
1	3.009338573237
1	3.01939832528515
1	3.0284584979864
1	3.03661851331887
1	3.04396787839377
1	3.05058718098758
1	3.05654898335457
1	3.06191862516745
1	3.06675494516181
1	0
1	0.347106109734261
1	0.649779687874721
1	0.91503433536453
1	1.14850804145737
1	1.35477709289392
1	1.53759252049755
1	1.70005886075887
1	1.84476989083048
1	1.97391220829139
1	2.08934472472539
1	2.19266006789128
1	2.28523235132169
1	2.3682546323493
1	2.44276853617441
1	2.50968789804326
1	2.56981781125979
1	2.62387012373268
1	2.67247616909819
1	2.7161973272613
1	2.75553386652429
1	2.79093241279355
1	2.82279231139873
1	2.85147108695938
1	2.87728916140957
1	2.90053395597414
1	2.92146347678958
1	2.94030946390691
1	2.95728016806482
1	2.97256280773716
1	2.9863257496873
1	2.9987204489714
1	3.00988317854773
1	3.01993657401781
1	3.02899101528086
1	3.03714586382601
1	3.04449057186731
1	3.05110567742891
1	3.05706369772679
1	3.06242993170039
1	3.06726318127324
1	0
1	0.347866749051812
1	0.651049329974697
1	0.91663230808824
1	1.15030558681161
1	1.35668334233345
1	1.53954417850911
1	1.70201262395357
1	1.84669688418532
1	1.97579390814215
1	2.09116997696146
1	2.19442291236381
1	2.28693043922839
1	2.36988807930313
1	2.44433909497546
1	2.51119836567437
1	2.57127160714323
1	2.62527099290296
1	2.67382797620789
1	2.71750391638114
1	2.756798968367
1	2.7921595859059
1	2.82398490748552
1	2.85263223316749
1	2.87842175435888
1	2.90164066376141
1	2.92254674624671
1	2.94137153116808
1	2.95832307106188
1	2.97358839965441
1	2.98733571270596
1	2.99971630785057
1	3.01086631374439
1	3.02090823415997
1	3.0299523288867
1	3.03809785021751
1	3.04543415126467
1	3.05204168023824
1	3.05799287304991
1	3.06335295510636
1	3.06818066187713
1	0
1	0.348922794454726
1	0.652812057291162
1	0.918850878322407
1	1.15280123680507
1	1.35932991333099
1	1.54225379320245
1	1.70472516141059
1	1.84937225531966
1	1.97840639533709
1	2.09370409423437
1	2.19687038484954
1	2.28928800593082
1	2.37215590073531
1	2.44651960466459
1	2.51329544685501
1	2.57329000722335
1	2.62721591135933
1	2.67570477859095
1	2.71931793966611
1	2.75855539214681
1	2.79386335074419
1	2.82564066677371
1	2.85424432852845
1	2.87999420735979
1	2.90317717869581
1	2.92405072021166
1	2.94284606873517
1	2.95977100162545
1	2.97501229611162
1	2.98873791053923
1	3.00109892398285
1	3.01223126475458
1	3.02225725360013
1	3.03128698355258
1	3.03941955530056
1	3.04674418436693
1	3.05334119426691
1	3.0592829080321
1	3.0646344489789
1	3.06945446031437
1	0
1	0.349145434716088
1	0.653183683425194
1	0.919318607319116
1	1.15332738100803
1	1.35988787538166
1	1.54282504640979
1	1.70529703080817
1	1.84993628914523
1	1.97895717168655
1	2.09423834828292
1	2.19738637205274
1	2.28978503879073
1	2.37263401309202
1	2.4469793095653
1	2.51373756298076
1	2.57371553544413
1	2.62762594785233
1	2.67610045454573
1	2.71970038024789
1	2.75892568934078
1	2.79422254614228
1	2.82598974142491
1	2.85458419775331
1	2.88032571900326
1	2.9035011137138
1	2.9243677947955
1	2.94315693740467
1	2.96007626088628
1	2.97531248839361
1	2.98903352821932
1	3.0013904133603
1	3.01251902989121
1	3.02254165997121
1	3.03156836147706
1	3.03969820313552
1	3.04702037146218
1	3.05361516368355
1	3.05955487903336
1	3.06490461930485
1	3.06972300825389
1	0
1	0.349990809663552
1	0.654594764339365
1	0.921094595065456
1	1.1553251738835
1	1.3620064820361
1	1.54499412017566
1	1.70746844427572
1	1.85207795059833
1	1.98104849391482
1	2.09626693460179
1	2.19934559834958
1	2.2916722946054
1	2.37444942691684
1	2.44872482946322
1	2.51541629752003
1	2.57533128497249
1	2.62918287460315
1	2.67760285369599
1	2.72115252409985
1	2.76033172421058
1	2.79558642700071
1	2.82731519335851
1	2.8558746962748
1	2.88158448341753
1	2.90473110934501
1	2.92557174105396
1	2.94433731953112
1	2.96123534383928
1	2.97645233180317
1	2.99015600166256
1	3.00249721145531
1	3.01361168687863
1	3.02362156357688
1	3.03263676593669
1	3.04075624132409
1	3.04806906611295
1	3.0546554377103
1	3.06058756498823
1	3.0659304680157
1	3.07074269669151
1	0
1	0.351674226092239
1	0.657404685310229
1	0.924631164203568
1	1.15930342916273
1	1.36622531683682
1	1.54931345140667
1	1.71179243461362
1	1.85634269500037
1	1.98521299655036
1	2.10030650964057
1	2.20324705502926
1	2.29543043465093
1	2.37806450619821
1	2.45220072720726
1	2.51875920389699
1	2.57854876771059
1	2.63228322206253
1	2.68059461897077
1	2.72404421473315
1	2.76313159686616
1	2.79830235731155
1	2.82995459918328
1	2.85844449848952
1	2.88409109270513
1	2.90718043063022
1	2.927969189567
1	2.94668784419447
1	2.96354345492198
1	2.97872213069837
1	2.99239121130627
1	3.00470120638321
1	3.01578752226276
1	3.02577200283064
1	3.03476430665128
1	3.04286313942199
1	3.05015735818864
1	3.05672696158524
1	3.06264397854452
1	3.06797326639571
1	3.07277322796429
1	0
1	0.352008833759812
1	0.657963204929085
1	0.925334117513486
1	1.16009417511085
1	1.36706388205959
1	1.55017199200545
1	1.7126519012892
1	1.85719038553781
1	1.98604076233056
1	2.10110944393459
1	2.20402253594859
1	2.29617742894991
1	2.37878306473538
1	2.45289162104496
1	2.51942366343692
1	2.57918829716754
1	2.63289946888915
1	2.68118928324009
1	2.72461898746416
1	2.76368811921133
1	2.79884219468697
1	2.83047922601462
1	2.85895529041868
1	2.88458932396446
1	2.90766727492401
1	2.92844572326443
1	2.94715505097812
1	2.96400223128457
1	2.97917329186161
1	2.99283549726706
1	3.00513928788794
1	3.01622000657888
1	3.0261994392336
1	3.03518719157984
1	3.04328192127913
1	3.05057244178218
1	3.0571387122135
1	3.06305272573976
1	3.06837930734293
1	3.07317683061515
1	0
1	0.353799731095405
1	0.660952530620692
1	0.929096485599396
1	1.16432642962523
1	1.37155207635018
1	1.55476709911107
1	1.71725196497119
1	1.86172742061508
1	1.99047115551609
1	2.10540693328458
1	2.20817308851152
1	2.30017551455703
1	2.38262895559318
1	2.45658944405685
1	2.52298000399629
1	2.58261120617851
1	2.63619776389792
1	2.68437206342925
1	2.72769530355701
1	2.76666675503396
1	2.80173152870705
1	2.83328714969802
1	2.86168916651786
1	2.88725597246452
1	2.91027297776078
1	2.93099624141375
1	2.94965564933578
1	2.96645770808628
1	2.98158801036173
1	2.99521341809948
1	3.00748400104195
1	3.01853476228977
1	3.02848717735014
1	3.03745056915664
1	3.04552333827233
1	3.05279406481648
1	3.05934249644955
1	3.06524043491027
1	3.07055253205049
1	3.07533700499879
1	0
1	0.357768996495489
1	0.667577939459859
1	0.937435231304679
1	1.17370661076368
1	1.38149951105368
1	1.56495149063452
1	1.72744734203064
1	1.87178310387132
1	2.00029048241473
1	2.11493169801851
1	2.21737218906957
1	2.30903669411854
1	2.39115281746454
1	2.46478513492367
1	2.53086211943232
1	2.59019758985048
1	2.643507958624
1	2.69142623623404
1	2.73451351406208
1	2.77326847132179
1	2.80813532044163
1	2.83951050717424
1	2.86774840821357
1	2.89316621389216
1	2.9160481419242
1	2.93664909668422
1	2.95519786459477
1	2.9718999179305
1	2.98693988531456
1	3.00048373633419
1	3.01268071925153
1	3.02366508415151
1	3.03355761861439
1	3.04246701880141
1	3.05049111545389
1	3.05771797154571
1	3.06422686605779
1	3.07008917645642
1	3.07536917087555
1	3.0801247196649
1	0
1	0.358942693752471
1	0.6695370486141
1	0.939900967901873
1	1.1764802960083
1	1.38444093110215
1	1.56796297794773
1	1.73046207772665
1	1.87475653262081
1	2.003194021454
1	2.11774813610334
1	2.22009232944907
1	2.31165691249566
1	2.39367329223478
1	2.46720857072851
1	2.53319283212951
1	2.59244085574698
1	2.64566955645966
1	2.69351212932426
1	2.73652963396356
1	2.77522057467528
1	2.81002889822884
1	2.84135073121139
1	2.86954010381486
1	2.8949138506593
1	2.9177558368385
1	2.93832062530634
1	2.95683667737029
1	2.97350915947074
1	2.98852241515792
1	3.00204215015438
1	3.01421736981356
1	3.0251821015564
1	3.03505692954568
1	3.04395036460835
1	3.05196006899153
1	3.0591739527511
1	3.06567115628115
1	3.07152293159218
1	3.07679343335413
1	3.0815404293755
1	0
1	0.360524904888165
1	0.672178039978304
1	0.943224922080483
1	1.18021938260397
1	1.38840613382181
1	1.57202263535394
1	1.73452611413895
1	1.878764884903
1	2.0071081584033
1	2.12154485597664
1	2.22375923449931
1	2.31518911696284
1	2.39707103660625
1	2.47047550101589
1	2.5363347663563
1	2.59546490667721
1	2.64858351416565
1	2.69632403269676
1	2.73924747908079
1	2.77785212181876
1	2.81258154955644
1	2.84383145862762
1	2.87195541211967
1	2.89726976513186
1	2.92005790740542
1	2.94057394163969
1	2.95904589086833
1	2.9756785092497
1	2.99065575603934
1	3.00414298125513
1	3.01628886279563
1	3.02722712791799
1	3.03707808656658
1	3.04594999972709
1	3.05394030250681
1	3.06113669881941
1	3.06761814223599
1	3.07345571564543
1	3.07871342076174
1	3.08344888716195
1	0
1	0.365621736781829
1	0.68068555753541
1	0.953932491562468
1	1.1922642326142
1	1.40117937958559
1	1.58510015129258
1	1.7476177363226
1	1.89167712985692
1	2.01971690422067
1	2.13377536207344
1	2.23557156358074
1	2.32656753035985
1	2.4080163090091
1	2.48099937744898
1	2.54645598862152
1	2.60520638736933
1	2.65797034771625
1	2.70538211506487
1	2.74800256831198
1	2.78632921637837
1	2.82080449427375
1	2.85182271234167
1	2.87973592896933
1	2.90485895455895
1	2.92747364758208
1	2.94783262810398
1	2.96616250733166
1	2.98266671132493
1	2.99752796139752
1	3.01091046172339
1	3.02296183535937
1	3.03381484263444
1	3.04358891014368
1	3.05239149405041
1	3.06031929776851
1	3.06745936115849
1	3.07389003597208
1	3.07968186030082
1	3.08489834313637
1	3.08959666876595
1	0
1	0.365794307517356
1	0.680973608739172
1	0.954295033074483
1	1.1926720523479
1	1.4016118616573
1	1.58554293547528
1	1.74806099812063
1	1.89211431822324
1	2.02014381658215
1	2.1341894678311
1	2.23597151052041
1	2.32695278559487
1	2.40838689876927
1	2.48135569940241
1	2.54679867733623
1	2.60553621862985
1	2.65828817118069
1	2.70568880752979
1	2.7482990019044
1	2.78661623750715
1	2.8210829102874
1	2.85209328366127
1	2.87999936506916
1	2.90511591261227
1	2.92772473291577
1	2.94807839584525
1	2.96640346480547
1	2.98290332088893
1	2.99776064349457
1	3.0111395979999
1	3.02318777174642
1	3.03403789232448
1	3.04380935642031
1	3.05260959294723
1	3.06053528054511
1	3.06767343659066
1	3.07410239245897
1	3.07989266779557
1	3.08510775490934
1	3.08980482301066
1	0
1	0.366007943482702
1	0.681330205104115
1	0.954743845589888
1	1.19317691756871
1	1.4021472579086
1	1.58609108534566
1	1.74860973926052
1	1.89265554068713
1	2.02067231774536
1	2.13470211490897
1	2.23646662952353
1	2.32742971682997
1	2.40884567470784
1	2.48179681234235
1	2.54722291284845
1	2.60594453710591
1	2.6586816244648
1	2.70606848106254
1	2.74866597534567
1	2.78697155867868
1	2.82142757865577
1	2.85242824059866
1	2.88032548887758
1	2.90543401684708
1	2.92803556694845
1	2.94838264690204
1	2.96670176093528
1	2.9831962344728
1	2.9980486950247
1	3.01142325993989
1	3.02346747234576
1	3.0343140193034
1	3.04408226047308
1	3.05287959103364
1	3.06080265895568
1	3.06793845378184
1	3.07436528166168
1	3.08015363940531
1	3.08536699866892
1	3.0900625099984
1	0
1	0.366853658055421
1	0.68274185291315
1	0.956520546830629
1	1.1951755130477
1	1.40426671570292
1	1.58826103052632
1	1.75078202508282
1	1.89479806254225
1	2.02276448015211
1	2.13673151620248
1	2.23842664292997
1	2.32931773084045
1	2.4106618178663
1	2.48354303349436
1	2.54890232181112
1	2.60756093575376
1	2.66023917670334
1	2.70757148379432
1	2.75011870258933
1	2.78837815841612
1	2.82279200744667
1	2.8537542250261
1	2.88161650585054
1	2.90669328696379
1	2.9292660567244
1	2.94958707684004
1	2.96788261727448
1	2.98435578308171
1	2.99918899636078
1	3.01254618433136
1	3.0245747150915
1	3.03540711526043
1	3.04516259792475
1	3.05394842471954
1	3.06186112220592
1	3.06898756974056
1	3.07540597361343
1	3.08118674023672
1	3.08639325950948
1	3.09108260809088
1	0
1	0.367422507577899
1	0.683691363785942
1	0.957715602095115
1	1.19651982012307
1	1.40569231790146
1	1.58972059184835
1	1.75224316078103
1	1.89623917822536
1	2.02417172276613
1	2.13809654406645
1	2.2397449987042
1	2.33058765795645
1	2.41188340278604
1	2.48471758706185
1	2.55003193576986
1	2.60864816734302
1	2.6612868266738
1	2.7085824423539
1	2.75109584455366
1	2.78932427382523
1	2.82370975758507
1	2.85464611649007
1	2.8824848772991
1	2.90754030465472
1	2.93009371601283
1	2.95039720760659
1	2.96867689182802
1	2.98513572550406
1	2.999955992569
1	3.01330149235663
1	3.02531947523576
1	3.03614235990826
1	3.04588926087146
1	3.0546673499355
1	3.06257307199831
1	3.0696932323026
1	3.07610596997023
1	3.0818816306094
1	3.08708354912718
1	3.09176875248463
1	0
1	0.369111071752325
1	0.686509877258613
1	0.961262985763965
1	1.20051024057208
1	1.40992405354388
1	1.59405313123069
1	1.75658037351742
1	1.90051696385681
1	2.02834896010019
1	2.14214847178567
1	2.24365838571
1	2.3343572900779
1	2.41550953667555
1	2.48820411380861
1	2.55338506447314
1	2.6118754888725
1	2.66439665473474
1	2.71158335619507
1	2.7539963777335
1	2.79213270825572
1	2.82643399298219
1	2.85729359339569
1	2.88506253775269
1	2.91005457894253
1	2.93255052711635
1	2.95280198731538
1	2.97103460419794
1	2.98745089459617
1	3.00223273231816
1	3.01554353708329
1	3.02753020979462
1	3.03832484881384
1	3.04804627598745
1	3.05680139649051
1	3.06468641281324
1	3.07178791019967
1	3.07818382839082
1	3.08394433250525
1	3.0891325942127
1	3.09380549295112
1	0
1	0.369115229273946
1	0.686516816900517
1	0.961271720003697
1	1.20052006564094
1	1.40993447277028
1	1.59406379865242
1	1.75659105244571
1	1.90052749646583
1	2.02835924514283
1	2.14215844829551
1	2.24366802110991
1	2.33436657152973
1	2.41551846481123
1	2.48821269820863
1	2.55339332042533
1	2.61188343506681
1	2.66440431164089
1	2.71159074493656
1	2.75400351932136
1	2.79213962308137
1	2.82644070049603
1	2.85730011191754
1	2.885068884375
1	2.91006076949772
1	2.93255657618777
1	2.95280790827698
1	2.97104040927204
1	2.98745659492175
1	3.00223833802441
1	3.0155490573647
1	3.02753565298527
1	3.03833022245906
1	3.04805158691203
1	3.05680665086273
1	3.06469161620454
1	3.07179306763981
1	3.07818894441865
1	3.08394941121524
1	3.08913763929738
1	3.09381050773981
1	0
1	0.369329456986126
1	0.686874400996013
1	0.96172177567769
1	1.20102632927982
1	1.41047135200707
1	1.59461346683433
1	1.75714131353487
1	1.90107021805314
1	2.02888921019294
1	2.14267251534629
1	2.24416451153522
1	2.33484482380901
1	2.41597851150592
1	2.48865503298022
1	2.55381873102069
1	2.61229288453767
1	2.66479885474494
1	2.71197147012094
1	2.75437150923648
1	2.79249592845132
1	2.82678632355579
1	2.85763599664679
1	2.88539591150853
1	2.91037975484434
1	2.93286827119465
1	2.9531130020739
1	2.97133953164751
1	2.98775031984226
1	3.00252718742384
1	3.01583350501536
1	3.02781612832281
1	3.03860711427768
1	3.04832524687737
1	3.05707739681251
1	3.06495973522228
1	3.07205881889785
1	3.07845256179395
1	3.08421110568605
1	3.08939760113209
1	3.09406890849061
1	0
1	0.370662786566401
1	0.689099964846314
1	0.96452287240229
1	1.2041772581595
1	1.41381282898106
1	1.59803454078798
1	1.76056607767766
1	1.90444805717046
1	2.03218765403398
1	2.14587201179837
1	2.24725461301489
1	2.33782141308552
1	2.41884179123799
1	2.49140807566245
1	2.55646643950241
1	2.61484125274629
1	2.66725444737566
1	2.71434106154831
1	2.75666183775691
1	2.79471353365528
1	2.82893744324294
1	2.85972650604218
1	2.88743129220814
1	2.91236508435188
1	2.9348082264342
1	2.95501187211291
1	2.97320123622008
1	2.98957843125229
1	3.00432495413009
1	3.01760387572417
1	3.02956177579427
1	3.04033045832376
1	3.05002847622619
1	3.05876248965089
1	3.06662847832629
1	3.07371282532747
1	3.08009328717339
1	3.08583986312072
1	3.09101557483142
1	3.0956771661763
1	0
1	0.371350937477578
1	0.690248610923116
1	0.965968559419098
1	1.20580349867174
1	1.41553741415366
1	1.59980020712677
1	1.76233364857708
1	1.90619140937743
1	2.03389002917682
1	2.14752331874556
1	2.2488494596157
1	2.33935767437689
1	2.42031957181507
1	2.49282896128466
1	2.55783296060206
1	2.61615650287703
1	2.66852181467278
1	2.71556404236565
1	2.75784390982787
1	2.79585807215823
1	2.83004766759756
1	2.86080544853812
1	2.88848178197732
1	2.91338974196828
1	2.93580946572678
1	2.95599190673218
1	2.97416208919815
1	2.99052194630751
1	3.00525280783955
1	3.01851758995838
1	3.03046273000382
1	3.04121990140905
1	3.05090753782181
1	3.05963219072803
1	3.06748974106623
1	3.07456648225406
1	3.0809400895556
1	3.08668048867148
1	3.09185063473852
1	3.09650721150658
1	0
1	0.371495399335066
1	0.690489743417683
1	0.966272049000238
1	1.20614489141177
1	1.41589945215053
1	1.60017086919356
1	1.76270471046369
1	1.90655738709247
1	2.03424740467583
1	2.14786997362169
1	2.24918426190778
1	2.33968017799657
1	2.42062979871974
1	2.49312724436898
1	2.55811983107355
1	2.61643261015795
1	2.66878787002617
1	2.71582077977262
1	2.7580920593606
1	2.79609834235974
1	2.83028073431286
1	2.86103194832844
1	2.88870230875547
1	2.91360484586504
1	2.93601965347142
1	2.956197643031
1	2.9743637987414
1	2.99072001614252
1	3.00544758992611
1	3.01870940377907
1	3.03065186514338
1	3.04140662004612
1	3.05109207709785
1	3.05981476497305
1	3.06767054387151
1	3.07474568838933
1	3.08111785673293
1	3.08685695916152
1	3.09202593684644
1	3.0966814609165
1	0
1	0.373924658958289
1	0.694544609131624
1	0.971375506745779
1	1.21188572579832
1	1.42198745560813
1	1.60640389435597
1	1.76894445896564
1	1.91271164055151
1	2.04025700392349
1	2.15369929568928
1	2.25481427182225
1	2.34510337437
1	2.42584655078615
1	2.49814315005943
1	2.56294382313363
1	2.62107560922276
1	2.67326183664114
1	2.7201380565084
1	2.76226492305529
1	2.80013870781922
1	2.83419996649522
1	2.86484075159907
1	2.89241067030732
1	2.91722201665522
1	2.93955415462103
1	2.95965728900584
1	2.97775573110037
1	2.9940507434442
1	3.0087230306994
1	3.02193493041905
1	3.03383234728487
1	3.0445464664652
1	3.05419527554734
1	3.06288491961015
1	3.07071091011259
1	3.07775920514877
1	3.08410717608506
1	3.08982447351852
1	3.09497380377847
1	3.09961162575901
1	0
1	0.37548217844098
1	0.697144385742071
1	0.974647587997113
1	1.21556646099784
1	1.42589077821114
1	1.61040019760564
1	1.77294507288356
1	1.91665743933408
1	2.04411005767778
1	2.15743676475366
1	2.25842395192631
1	2.34858045599986
1	2.42919127067617
1	2.50135909732235
1	2.56603672499808
1	2.6240524674525
1	2.67613031973826
1	2.72290607791042
1	2.76494035405533
1	2.80272918759345
1	2.83671278168503
1	2.86728276530689
1	2.89478828582056
1	2.91954116522381
1	2.94182029956061
1	2.96187544056013
1	2.97993046807889
1	2.99618623880842
1	3.01082307911334
1	3.02400297639309
1	3.03587151298472
1	3.04655957857707
1	3.05618489081841
1	3.06485334884532
1	3.07266024052163
1	3.07969132101624
1	3.08602377778806
1	3.09172709495182
1	3.09686382826788
1	3.10149030055608
1	0
1	0.377733437841749
1	0.70090213747437
1	0.97937709781
1	1.22088664466921
1	1.43153269267958
1	1.61617650753891
1	1.77872761351412
1	1.92236074943809
1	2.04967931288287
1	2.1628389523088
1	2.26364143161651
1	2.35360627608972
1	2.43402577334469
1	2.50600747032087
1	2.57050724653916
1	2.62835525797867
1	2.68027646340459
1	2.72690701290487
1	2.76880745764977
1	2.80647350155489
1	2.84034483822193
1	2.8708124844389
1	2.89822492294458
1	2.92289329344747
1	2.94509581563308
1	2.9650815863544
1	2.98307386186723
1	2.9992729122449
1	3.01385851705585
1	3.02699215758281
1	3.03881895024156
1	3.04946935763089
1	3.05906070722564
1	3.06769854267414
1	3.07547782865284
1	3.08248402701984
1	3.08879405941175
1	3.0944771693075
1	3.09959569483312
1	3.10420576212488
1	0
1	0.378361532902361
1	0.701950539671493
1	0.980696617786939
1	1.22237096099651
1	1.43310677099717
1	1.61778808181436
1	1.78034092613664
1	1.92395195696586
1	2.05123311946971
1	2.16434614748974
1	2.26509709382102
1	2.35500846580313
1	2.43537458603396
1	2.5073043533541
1	2.57175450951443
1	2.62955572447108
1	2.68143322586232
1	2.72802326255028
1	2.76988636870983
1	2.80751815465162
1	2.84135817181196
1	2.87179726617991
1	2.89918373506635
1	2.92382852782299
1	2.94600967543324
1	2.96597609204144
1	2.98395085992055
1	3.00013408547909
1	3.01470539573089
1	3.02782613075351
1	3.03964127697203
1	3.05028117782831
1	3.05986305193988
1	3.06849234377487
1	3.07626392784135
1	3.0832631841645
1	3.08956696021729
1	3.09524443234193
1	3.10035787794506
1	3.10496336828882
1	0
1	0.378643098306761
1	0.702420522333544
1	0.981288138400968
1	1.22303635729264
1	1.43381240621999
1	1.61851052590132
1	1.781064149498
1	1.92466527095149
1	2.05192966718584
1	2.16502180002587
1	2.26574964491239
1	2.35563704599498
1	2.43597923812269
1	2.50788572617266
1	2.5723136384203
1	2.63009387522977
1	2.68195178477104
1	2.72852366018518
1	2.77037002802828
1	2.80798645664934
1	2.84181243375409
1	2.87223872876502
1	2.89961355586856
1	2.92424777908234
1	2.94641934479753
1	2.96637708525298
1	2.98434400472781
1	3.00052013626208
1	3.01508503848175
1	3.02819998816427
1	3.04000991346184
1	3.05064510440013
1	3.0602227307976
1	3.06884819266138
1	3.07661632407846
1	3.08361246838959
1	3.08991343982129
1	3.09558838461941
1	3.10069955297102
1	3.10530299153903
1	0
1	0.380917900390809
1	0.706217570985086
1	0.986067107352834
1	1.2284121771111
1	1.43951332135506
1	1.62434724195004
1	1.78690716140191
1	1.93042822377076
1	2.05755716321886
1	2.17048048128874
1	2.2710216867165
1	2.36071542390673
1	2.44086429789941
1	2.51258270981696
1	2.57683091071462
1	2.63444166245181
1	2.68614128698908
1	2.73256643520275
1	2.77427757209578
1	2.81176992700371
1	2.84548247274501
1	2.87580536015137
1	2.90308613183611
1	2.92763496239252
1	2.94972911478025
1	2.96961675951357
1	2.98752027074951
1	3.00363908877536
1	3.01815221970274
1	3.03122042889964
1	3.04298817372459
1	3.05358531264689
1	3.06312862123131
1	3.07172314027919
1	3.07946337731039
1	3.08643437928753
1	3.09271269183498
1	3.09836721804636
1	3.10345998819844
1	3.10804685021376
1	0
1	0.381896473678736
1	0.707850983583666
1	0.988122921963224
1	1.23072474474586
1	1.44196573833984
1	1.62685807770782
1	1.7894207055077
1	1.93290732809727
1	2.05997799680894
1	2.17282869422059
1	2.27328961117397
1	2.3629000381223
1	2.44296575061082
1	2.51460325602639
1	2.57877414878025
1	2.63631199150897
1	2.68794352507785
1	2.7343055542536
1	2.77595851756029
1	2.81339749849681
1	2.84706124838767
1	2.87733965195945
1	2.90457996292848
1	2.9290920593118
1	2.95115291007083
1	2.97101040105945
1	2.98888663536909
1	3.00498079829691
1	3.01947165827418
1	3.03251976067102
1	3.04426936032014
1	3.05485013004414
1	3.06437867580793
1	3.07295988388986
1	3.08068812132729
1	3.08764830758705
1	3.09391687274636
1	3.09956261529972
1	3.104647470923
1	3.1092272020447
1	0
1	0.383969411106811
1	0.711311084276031
1	0.992477807901392
1	1.23562351734082
1	1.44716075747607
1	1.6321768468611
1	1.79474521182553
1	1.93815887972853
1	2.06510611201289
1	2.17780297518204
1	2.27809381495712
1	2.36752776363785
1	2.44741731293379
1	2.51888343198702
1	2.5828905608749
1	2.64027395854121
1	2.69176125322823
1	2.73798957569265
1	2.77951930836762
1	2.81684522582245
1	2.85040561018518
1	2.88058978248498
1	2.90774438446012
1	2.93217866588239
1	2.95416897292906
1	2.97396258845045
1	2.99178104133261
1	3.00782297672047
1	3.02226665956079
1	3.03527216919637
1	3.04698333144426
1	3.05752942586675
1	3.06702669916089
1	3.07557971027498
1	3.08328252865862
1	3.09021980370095
1	3.09646772071265
1	3.10209485661316
1	3.10716294668277
1	3.11172757224573
1	0
1	0.38400392343415
1	0.711368691479269
1	0.992550312380777
1	1.23570507698708
1	1.44724724932987
1	1.63226539902846
1	1.79483385951092
1	1.93824631279162
1	2.06519148998338
1	2.1778857919668
1	2.2781738001276
1	2.36760481062232
1	2.44749142697794
1	2.51895469262027
1	2.58295909500417
1	2.64033992131523
1	2.69182481456965
1	2.73805091095154
1	2.7795785919602
1	2.81690262702155
1	2.850461290452
1	2.88064389389571
1	2.90779706890213
1	2.93223005478342
1	2.95421918734809
1	2.97401173940707
1	2.99182923028646
1	3.00787029613821
1	3.02231319352655
1	3.03531799403542
1	3.04702851633916
1	3.05757403345269
1	3.0670707860916
1	3.07562332775448
1	3.08332572293639
1	3.09026261652995
1	3.09651018977071
1	3.10213701588913
1	3.1072048268291
1	3.11176920089967
1	0
1	0.384411194063733
1	0.712048498485654
1	0.993405918109046
1	1.23666754028767
1	1.44826791627604
1	1.63331037917707
1	1.79587996684195
1	1.93927808669381
1	2.06619901229418
1	2.17886309041849
1	2.27911768346576
1	2.36851402122305
1	2.44836602674412
1	2.51979562005715
1	2.58376784770587
1	2.64111833014984
1	2.69257488474848
1	2.73877471173325
1	2.78027818158325
1	2.81758000302892
1	2.85111835820348
1	2.88128244800132
1	2.90841878373636
1	2.93283648128924
1	2.95481175410987
1	2.97459175653691
1	2.99239789508216
1	3.00842869977368
1	3.02286232825598
1	3.03585876055245
1	3.04756173104859
1	3.05810043549538
1	3.06759104402294
1	3.0761380458192
1	3.0838354469121
1	3.09076783913199
1	3.09701135562509
1	3.10263452608891
1	3.1076990430956
1	3.11226044937257
1	0
1	0.384707811326449
1	0.712543605372233
1	0.994029060095351
1	1.23736850718522
1	1.44901127318352
1	1.63407144351307
1	1.79664185211061
1	1.94002953285363
1	2.06693279589715
1	2.17957486183174
1	2.27980511848256
1	2.36917620390953
1	2.44900300218446
1	2.52040807176948
1	2.58435686639557
1	2.64168524924742
1	2.6931211646595
1	2.73930185950927
1	2.78078769624976
1	2.81807333940659
1	2.85159690397552
1	2.88174751019128
1	2.90887158179967
1	2.93327814478551
1	2.95524332348436
1	2.97501418595088
1	2.99281205653366
1	3.00883538797022
1	3.02326226586128
1	3.03625260354626
1	3.04795007402269
1	3.05848381676977
1	3.0679699505099
1	3.07651291759325
1	3.08420668146581
1	3.09113579531246
1	3.09737635725568
1	3.10299686528775
1	3.10805898330614
1	3.112618228124
1	0
1	0.385502268362514
1	0.713869695249966
1	0.995698078044461
1	1.23924597068385
1	1.4510022737074
1	1.63610987145585
1	1.79868247883213
1	1.94204219955896
1	2.06889815536741
1	2.18148126404903
1	2.28164633831222
1	2.37094978812245
1	2.45070907153372
1	2.52204845698394
1	2.58593448881082
1	2.64320368031186
1	2.69458431591036
1	2.74071376742006
1	2.78215237579702
1	2.81939468716904
1	2.85287863671149
1	2.88299312862103
1	2.91008435210177
1	2.9344610923624
1	2.95639923505529
1	2.97614561713293
1	2.99392134287864
1	3.0099246580156
1	3.02433345518319
1	3.03730746911504
1	3.04899020838759
1	3.05951066176236
1	3.06898481027167
1	3.07751697081586
1	3.08520099278987
1	3.0921213258708
1	3.09835397437393
1	3.10396735137249
1	3.10902304396196
1	3.11357649954699
1	0
1	0.385524835986396
1	0.713907364621922
1	0.995745488750916
1	1.23929930256734
1	1.45105883076327
1	1.63616777575153
1	1.79874044558709
1	1.94209937207194
1	2.06895398405456
1	2.18153541797587
1	2.2816986406454
1	2.37100016917469
1	2.45075753473518
1	2.52209505433894
1	2.58597930330384
1	2.64324681339471
1	2.69462587869553
1	2.74075387456902
1	2.7821911413606
1	2.81943222183482
1	2.85291504605899
1	2.88302851209295
1	2.91011880247831
1	2.93449469558419
1	2.95643207028286
1	2.97617775696203
1	2.99395285365376
1	3.00995560020073
1	3.02436388376098
1	3.0373374339946
1	3.04901975480743
1	3.05953983067965
1	3.06901363873232
1	3.07754549230218
1	3.08522923754442
1	3.09214932119585
1	3.09838174490704
1	3.10399491933897
1	3.10905042940547
1	3.11360372053953
1	0
1	0.387305148022982
1	0.716879021569685
1	0.999485618939447
1	1.24350654186804
1	1.45552049707952
1	1.64073572296265
1	1.80331332007819
1	1.94660959049594
1	2.07335819090565
1	2.1858075065344
1	2.28582466090319
1	2.37497462364966
1	2.45458069402492
1	2.52577102095434
1	2.58951462371457
1	2.64664949091913
1	2.69790467876275
1	2.74391784257989
1	2.78524927454311
1	2.82239325209727
1	2.85578730234718
1	2.88581983922937
1	2.91283651969702
1	2.93714558256004
1	2.95902237182157
1	2.97871319998856
1	2.99643867194516
1	3.01239656363217
1	3.02676432979733
1	3.03970129985998
1	3.0513506092721
1	3.06184090476802
1	3.07128785491684
1	3.07979549193267
1	3.08745740639178
1	3.09435781307873
1	3.10057250342989
1	3.10616969780975
1	3.11121080902533
1	3.11575112697087
1	0
1	0.388658681918056
1	0.71913831000939
1	1.00232916146353
1	1.24670521765137
1	1.45891260838554
1	1.64420863740355
1	1.80678998062669
1	1.95003861495098
1	2.07670661698566
1	2.18905548584808
1	2.28896158755194
1	2.3779963180132
1	2.45748736183291
1	2.52856578125975
1	2.59220245366097
1	2.64923647526158
1	2.70039748167311
1	2.74632334108669
1	2.78757430905004
1	2.82464446129105
1	2.85797101855057
1	2.88794202669636
1	2.91490274308773
1	2.93916099631902
1	2.96099172374363
1	2.98064084413459
1	2.99832858744607
1	3.01425237692399
1	3.02858933856361
1	3.04149849748963
1	3.05312270902629
1	3.06359036312683
1	3.07301689377477
1	3.08150611945255
1	3.08915143642522
1	3.09603688312883
1	3.10223809117836
1	3.10782313625985
1	3.11285330033113
1	3.11738375503358
1	0
1	0.389509268303094
1	0.720558089738352
1	1.00411609754623
1	1.24871532621337
1	1.46104427550074
1	1.64639108274207
1	1.80897478009032
1	1.95219347898951
1	2.07881083147584
1	2.19109657768417
1	2.290932891786
1	2.37989520809252
1	2.45931396704192
1	2.53032206167051
1	2.59389153700496
1	2.65086218531436
1	2.70196400632673
1	2.74783500199637
1	2.78903540485528
1	2.82605916386856
1	2.85934330725214
1	2.88927564957237
1	2.9162011970762
1	2.94042752057072
1	2.96222930186291
1	2.98185221229595
1	2.99951624621087
1	3.01541860521347
1	3.02973620870467
1	3.04262789058468
1	3.05423633014013
1	3.06468975595815
1	3.07410345460424
1	3.08258111024782
1	3.09021599704503
1	3.09709204261124
1	3.10328477812657
1	3.10886218835842
1	3.11388547303647
1	3.11840972948981
1	0
1	0.393267915259501
1	0.72683193899211
1	1.01201237003149
1	1.25759777314822
1	1.47046387620861
1	1.65603506679051
1	1.8186291667567
1	1.96171558433043
1	2.0881091220766
1	2.20011593627302
1	2.29964386669674
1	2.38828619287987
1	2.46738553299943
1	2.5380828701394
1	2.60135540908393
1	2.65804601784371
1	2.70888630513731
1	2.75451486400361
1	2.79549182527063
1	2.8323105777528
1	2.86540729891975
1	2.89516878124255
1	2.92193892133048
1	2.94602415085731
1	2.96769802239874
1	2.98720511393284
1	3.00476437865233
1	3.0205720387598
1	3.03480410073882
1	3.04761855348965
1	3.05915729840829
1	3.06954785102294
1	3.07890484647517
1	3.08733137542003
1	3.09492017242801
1	3.10175467541
1	3.10790997173584
1	3.11345364441335
1	3.11844652981528
1	3.12294339689274
1	0
1	0.396060567387778
1	0.731493371330451
1	1.01787925309266
1	1.26419737790617
1	1.47746258299577
1	1.66320048905293
1	1.8258023181018
1	1.9687904514447
1	2.09501769618233
1	2.2068172655681
1	2.30611606876999
1	2.39452064421209
1	2.47338265805831
1	2.54384910424949
1	2.60690102123858
1	2.66338356229387
1	2.71402953160422
1	2.7594779613808
1	2.80028890688619
1	2.83695534074625
1	2.86991280833121
1	2.89954734270147
1	2.92620201601217
1	2.95018241356789
1	2.97176124893224
1	2.9911822877196
1	3.00866370955574
1	3.02440100895253
1	3.03856951410145
1	3.05132658607285
1	3.06281354829466
1	3.07315738649658
1	3.08247225181613
1	3.09086079393071
1	3.09841534650192
1	3.1052189835932
1	3.11134646282596
1	3.1168650687031
1	3.12183536762534
1	3.12631188456092
1	0
1	0.397841864744147
1	0.73446667295191
1	1.02162145326903
1	1.26840694571784
1	1.4819267186365
1	1.66777096441005
1	1.83037772346592
1	1.9733031660645
1	2.09942434055675
1	2.21109171852865
1	2.31024437258779
1	2.39849729836247
1	2.47720793328863
1	2.54752710534117
1	2.61043829828448
1	2.66678812304181
1	2.71731014633455
1	2.76264368050059
1	2.80334873260296
1	2.83991800980102
1	2.87278665427945
1	2.90234021470743
1	2.92892123736077
1	2.9528347676862
1	2.97435298408219
1	2.99371913399574
1	3.01115090363176
1	3.02684332334353
1	3.04097128867286
1	3.05369176022787
1	3.0651456927787
1	3.07545973412228
1	3.08474772667338
1	3.09311203883119
1	3.10064474853696
1	3.10742869777346
1	3.1135384338316
1	3.11904105081246
1	3.12399694291468
1	3.12846047948169
1	0
1	0.401186331765244
1	0.74004918234103
1	1.02864760475994
1	1.27631060125794
1	1.49030833688497
1	1.67635224032559
1	1.83896825569444
1	1.9817759935616
1	2.10769801633091
1	2.21911719889478
1	2.31799545127342
1	2.40596364788167
1	2.4843900619819
1	2.55443272012284
1	2.61707969725259
1	2.67318034110808
1	2.72346965010031
1	2.76858746251784
1	2.80909369492688
1	2.8454805560613
1	2.87818243110653
1	2.90758395926512
1	2.93402669945049
1	2.95781468350161
1	2.97921908502005
1	2.99848217856986
1	3.01582072393582
1	3.03142887999224
1	3.04548072996152
1	3.05813248256564
1	3.06952440040291
1	3.07978249678607
1	3.08902003448891
1	3.0973388537979
1	3.10483055252767
1	3.11157753691898
1	3.11765395935762
1	3.12312655645654
1	3.12805539909718
1	3.13249456443023
1	0
1	0.401481970548435
1	0.740542655971518
1	1.02926869112862
1	1.27700925580944
1	1.49104924161045
1	1.6771107940664
1	1.83972762765983
1	1.98252496085463
1	2.10842937933224
1	2.2198266223201
1	2.31868061858306
1	2.40662364616325
1	2.48502493617088
1	2.55504315148256
1	2.61766677289043
1	2.67374539005582
1	2.72401412794593
1	2.76911287134145
1	2.80960152880899
1	2.84597226502343
1	2.8786593982542
1	2.90804748731028
1	2.93447800382584
1	2.95825489004059
1	2.97964923073567
1	2.99890321447582
1	3.01623351915362
1	3.03183422660781
1	3.04587934825467
1	3.05852502635218
1	3.06991146231317
1	3.08016461336425
1	3.08939769104107
1	3.09771248894683
1	3.10520056245472
1	3.11194427928747
1	3.11801775692268
1	3.12348770037266
1	3.12841415193877
1	3.13285116294293
1	0
1	0.401511771035144
1	0.740592398275989
1	1.02933129683913
1	1.27707968041832
1	1.49112392505078
1	1.67718725653329
1	1.83980417260403
1	1.98260045700443
1	2.10850310096364
1	2.21989813243501
1	2.31874968367352
1	2.4066901742074
1	2.48508893169822
1	2.55510468316466
1	2.61772595030806
1	2.67380234717584
1	2.72406901149208
1	2.7691658327239
1	2.80965271863156
1	2.84602182944875
1	2.87870747669976
1	2.90809421108989
1	2.93452349545551
1	2.95829926300469
1	2.97969258956547
1	2.9989456550338
1	3.01627512904753
1	3.03187508568015
1	3.0459195291099
1	3.05856459489514
1	3.06995047828119
1	3.08020313084118
1	3.0894357589459
1	3.09775015149289
1	3.10523785957722
1	3.11198124703899
1	3.11805442783705
1	3.12352410379835
1	3.12845031434335
1	3.13288710819045
1	0
1	0.405812452993458
1	0.74777100020582
1	1.03836629188101
1	1.28724306626473
1	1.50190192769075
1	1.68822200086669
1	1.85085081971833
1	1.99349574648488
1	2.11914229934903
1	2.23021817398414
1	2.3287168694913
1	2.41629122408145
1	2.49432449930842
1	2.56398467890546
1	2.62626618842073
1	2.68202216119638
1	2.73198957597978
1	2.77680899856304
1	2.81704022033566
1	2.85317476060129
1	2.88564595745167
1	2.91483719210032
1	2.9410886577249
1	2.96470298412563
1	2.98594995505264
1	3.00507049936246
1	3.02228009540047
1	3.03777169659709
1	3.05171826256126
1	3.06427496199383
1	3.07558110006977
1	3.08576181247296
1	3.09492956020833
1	3.10318545306824
1	3.11062042474839
1	3.11731627876409
1	3.12334662126192
1	3.12877769437146
1	3.13366912175649
1	3.13807457640199
1	0
1	0.407219806166276
1	0.750120122577639
1	1.0413228994753
1	1.29056892794346
1	1.50542891628443
1	1.69183300549325
1	1.85446571940541
1	1.99706111596993
1	2.12262386570271
1	2.23359529960249
1	2.3319785267635
1	2.41943306719694
1	2.49734674217711
1	2.56689056460023
1	2.62906089198658
1	2.68471200933068
1	2.73458149783551
1	2.77931014461344
1	2.81945770297289
1	2.85551548247983
1	2.88791650268041
1	2.91704376208416
1	2.94323703838626
1	2.96679853486032
1	2.9879976124375
1	3.00707479058476
1	3.0242451578095
1	3.03970130082341
1	3.05361583741106
1	3.06614361987929
1	3.07742366213688
1	3.08758083287646
1	3.09672734918981
1	3.1049640986392
1	3.11238181288288
1	3.11906211207569
1	3.12507843618798
1	3.13049687691818
1	3.13537692187805
1	3.13977212109774
1	0
1	0.408087307089277
1	0.751568135674247
1	1.04314537010069
1	1.29261900899759
1	1.50760297317329
1	1.69405885036787
1	1.85669396521866
1	1.99925883107006
1	2.12476992405085
1	2.23567698005597
1	2.33398903183699
1	2.42136971810678
1	2.49920967077865
1	2.56868176994303
1	2.63078356399934
1	2.68637004782756
1	2.73617917398789
1	2.78085186601585
1	2.82094785374644
1	2.85695831746208
1	2.88931608035549
1	2.91840390503522
1	2.94456131309049
1	2.9680902448814
1	2.98925980071096
1	3.00831024769595
1	3.02545643404529
1	3.04089072042305
1	3.05478551391122
1	3.06729547178948
1	3.07855942842837
1	3.08870208794554
1	3.09783551708321
1	3.10606046641973
1	3.11346754307622
1	3.12013825418306
1	3.12614593727856
1	3.1315565913345
1	3.13642962009934
1	3.14081849781314
1	0
1	0.408144256946537
1	0.751663195099518
1	1.04326501198143
1	1.29275359308886
1	1.50774569605256
1	1.69420497303418
1	1.85684024550222
1	1.99940310706785
1	2.12491080887686
1	2.23581363859033
1	2.33412101783714
1	2.42149685571546
1	2.49933196865192
1	2.56879935931486
1	2.63089665428274
1	2.68647889503823
1	2.73628405852048
1	2.78095307722091
1	2.82104567943354
1	2.85705303695357
1	2.88940796008347
1	2.9184931959453
1	2.94464824931543
1	2.96817504329415
1	2.98934266107468
1	3.0083913532075
1	3.02553595212637
1	3.04096880365573
1	3.05486230104534
1	3.0673710887717
1	3.07863398941899
1	3.08877569630081
1	3.0979082662892
1	3.10613244096979
1	3.11353881928803
1	3.12020890095447
1	3.12621601678295
1	3.13162615965789
1	3.13649872782228
1	3.14088719054073
1	0
1	0.409570480261222
1	0.754043815089186
1	1.04626126250674
1	1.29612404874934
1	1.51131997538776
1	1.69786439491016
1	1.86050361466465
1	2.00301628191498
1	2.12843905693935
1	2.23923604555009
1	2.33742640822241
1	2.42468082544597
1	2.50239473450573
1	2.57174420784878
1	2.63372882993007
1	2.68920480932627
1	2.73891073351001
1	2.78348775926051
1	2.82349557628009
1	2.85942514381406
1	2.89170894934814
1	2.92072935216907
1	2.94682543599979
1	2.97029869169502
1	2.99141777395976
1	3.01042251846571
1	3.02752736258161
1	3.04292428049612
1	3.05678531905135
1	3.06926480208752
1	3.08050125701722
1	3.09061910658294
1	3.09973016047312
1	3.10793493506357
1	3.11532382455332
1	3.12197814283394
1	3.12797105231487
1	3.13336839343239
1	3.13822942655323
1	3.14260749633855
1	0
1	0.411131010618916
1	0.756648617384703
1	1.04953966908996
1	1.29981189925863
1	1.51523084358913
1	1.7018684235011
1	1.8645119622569
1	2.00696970840754
1	2.13229955911618
1	2.24298073959773
1	2.34104306627809
1	2.42816462869844
1	2.50574592014697
1	2.57496637192975
1	2.63682771075082
1	2.69218742218581
1	2.74178476173459
1	2.78626113158529
1	2.82617617921435
1	2.86202063130144
1	2.89422662211599
1	2.92317608658704
1	2.94920764773362
1	2.97262232346047
1	2.99368829963373
1	3.01264495797732
1	3.02970630359179
1	3.04506390403318
1	3.05888942711485
1	3.07133684584649
1	3.08254436467292
1	3.0926361102859
1	3.10172362191301
1	3.10990716951238
1	3.11727692325564
1	3.12391399371689
1	3.12989135904258
1	3.13527469286483
1	3.14012310469035
1	3.144489802843
1	0
1	0.411393723304748
1	0.757087131511483
1	1.05009158337634
1	1.30043274274782
1	1.51588923173522
1	1.70254249504357
1	1.86518676089604
1	2.00763526117105
1	2.13294946822595
1	2.24361115260189
1	2.34165192463631
1	2.42875112117188
1	2.50631008666651
1	2.57550881788456
1	2.63734940217417
1	2.6926895400916
1	2.74226859959799
1	2.78672802419565
1	2.82662745425237
1	2.8624575772958
1	2.89465046813195
1	2.92358799024998
1	2.94960868911018
1	2.97301350299695
1	2.99407053884818
1	3.01301910196646
1	3.03007312468068
1	3.04542410609097
1	3.05924365020184
1	3.07168567096124
1	3.08288831844288
1	3.09297566949891
1	3.10205921782526
1	3.11023919189604
1	3.11760572416827
1	3.12423989098785
1	3.13021463948091
1	3.13559561519834
1	3.14044190224981
1	3.14480668600705
1	0
1	0.411612214885199
1	0.757451832760328
1	1.05055059670613
1	1.30094908277431
1	1.51643679671532
1	1.7031031035128
1	1.86574797407341
1	2.00818878478455
1	2.13348998140328
1	2.24413545135503
1	2.34215829692868
1	2.42923889231639
1	2.50677928987267
1	2.57595995663944
1	2.63778327990351
1	2.69310713901516
1	2.74267099546677
1	2.78711632712064
1	2.82700276843244
1	2.86282097436806
1	2.89500297027931
1	2.92393056024055
1	2.94994222520843
1	2.97333883724906
1	2.99438843765772
1	3.01333026817925
1	3.0303782006202
1	3.04572367714761
1	3.05953824869777
1	3.07197578009845
1	3.08317437620429
1	3.09325807241703
1	3.10233832456511
1	3.1105153266214
1	3.11787917967661
1	3.12451093160994
1	3.13048350374864
1	3.13586251828917
1	3.14070703821914
1	3.14507022982151
1	0
1	0.412599308682227
1	0.75909946760172
1	1.05262431144451
1	1.3032817861044
1	1.51891056707392
1	1.70563580130093
1	1.86828340379134
1	2.01068947485352
1	2.13593189336826
1	2.24650411034841
1	2.34444596837007
1	2.43144252812752
1	2.50889904008634
1	2.57799809589232
1	2.63974343788493
1	2.69499375316404
1	2.74448892577424
1	2.78887058880811
1	2.8286983500119
1	2.86446271724504
1	2.89659549243682
1	2.92547821123948
1	2.95144906319724
1	2.97480862121766
1	2.99582463003791
1	3.01473604426388
1	3.03175646227633
1	3.04707706903197
1	3.06086917571724
1	3.07328642524648
1	3.08446671818511
1	3.09453390267176
1	3.10359926345824
1	3.11176283864903
1	3.11911458762913
1	3.12573542967184
1	3.13169816955118
1	3.13706832395374
1	3.14190486044252
1	3.14626085906207
1	0
1	0.414215665223504
1	0.761797453711593
1	1.05601999926283
1	1.30710156523562
1	1.52296134209934
1	1.709783069422
1	1.87243514542103
1	2.01478433064419
1	2.13993050058239
1	2.25038276653035
1	2.3481920082193
1	2.43505096044534
1	2.51237011055002
1	2.58133552919738
1	2.64295317761255
1	2.69808306557751
1	2.74746576906198
1	2.79174317534668
1	2.83147484844142
1	2.86715105532021
1	2.89920323206011
1	2.92801247477479
1	2.9539164958234
1	2.97721537824426
1	2.99817638116352
1	3.01703798899983
1	3.03401335240185
1	3.04929323514687
1	3.06304855583325
1	3.07543259399425
1	3.08658291567371
1	3.09662306236864
1	3.1056640386946
1	3.11380562752304
1	3.12113755619728
1	3.12774053339966
1	3.13368717304944
1	3.1390428190618
1	3.1438662827429
1	3.14821050292266
1	0
1	0.415808597559932
1	0.764456340663758
1	1.05936647684504
1	1.31086598820836
1	1.52695341337867
1	1.71387023542108
1	1.87652672009874
1	2.01881984387125
1	2.14387116006524
1	2.25420521330885
1	2.35188376053818
1	2.43860709943825
1	2.51579087833386
1	2.5846245964895
1	2.64611640185985
1	2.70112760774074
1	2.75039947199968
1	2.79457413242183
1	2.83421110991436
1	2.86980043405678
1	2.90177318037588
1	2.93051001181649
1	2.95634817046807
1	2.97958725659888
1	3.0004940507615
1	3.01930657400129
1	3.03623753572335
1	3.05147728462925
1	3.06519635241866
1	3.07754766050987
1	3.08866844527301
1	3.09868194600732
1	3.10769889125186
1	3.11581881234385
1	3.12313120794767
1	3.12971657920661
1	3.13564735195102
1	3.14098869982847
1	3.14579928015275
1	3.15013189258562
1	0
1	0.416611180822311
1	0.765795994656313
1	1.06105256660163
1	1.31276265563192
1	1.52896477915846
1	1.71592951373844
1	1.87858821968538
1	2.02085309744837
1	2.14585662251794
1	2.25613111545522
1	2.35374381356881
1	2.44039882503081
1	2.51751439847657
1	2.5862817606371
1	2.64771016122927
1	2.70266157031149
1	2.75187758931876
1	2.79600048225042
1	2.83558974829683
1	2.8711352974286
1	2.9030680235128
1	2.93176837124645
1	2.95757334577824
1	2.98078230413749
1	3.0016617857522
1	3.02044957820167
1	3.03735816857478
1	3.05257769644128
1	3.06627849856575
1	3.0786133159338
1	3.08971921881267
1	3.09971929424228
1	3.10872413166322
1	3.11683313567969
1	3.12413568973845
1	3.13071219041626
1	3.13663496877673
1	3.14196911267979
1	3.14677320185167
1	3.15109996583565
1	0
1	0.4167085526025
1	0.765958525449324
1	1.06125712800835
1	1.31299276494533
1	1.5292088040164
1	1.71617935148745
1	1.87883832692536
1	2.02109977779876
1	2.14609750470747
1	2.25636477161185
1	2.35396948071555
1	2.44061620249024
1	2.51772350104866
1	2.5864828127032
1	2.64790352083975
1	2.70284767519712
1	2.75205691889294
1	2.79617353123922
1	2.83575700879157
1	2.8712972470093
1	2.90322511771999
1	2.93192103914217
1	2.95772198767819
1	2.9809272908469
1	3.00180345882235
1	3.02058825085904
1	3.03749412707379
1	3.05271120166385
1	3.06640978774371
1	3.07874260440835
1	3.08984670177291
1	3.09984514840477
1	3.10884851686866
1	3.11695619639317
1	3.12425755644652
1	3.13083298091913
1	3.13675478937725
1	3.14208805927279
1	3.14689136091881
1	3.15121741535164
1	0
1	0.41752457574545
1	0.767320612989289
1	1.06297145264851
1	1.31492119353917
1	1.5312538516796
1	1.7182731140209
1	1.88093434792497
1	2.02316707978746
1	2.14811621527223
1	2.25832292448666
1	2.35586068177999
1	2.44243793192055
1	2.51947588287584
1	2.58816772735256
1	2.64952396894863
1	2.70440732516346
1	2.75355978843545
1	2.79762376640439
1	2.83715873354536
1	2.87265446370586
1	2.90454164401172
1	2.9332004707789
1	2.95896767950125
1	2.98214235038544
1	3.00299074844314
1	3.02175039555321
1	3.03863352579337
1	3.05383004072701
1	3.06751005526919
1	3.07982610506067
1	3.09091507133226
1	3.10089986784224
1	3.10989092572762
1	3.1179875053617
1	3.12527885906566
1	3.13184526441237
1	3.13775894461437
1	3.14308488989937
1	3.1478815916936
1	3.15220169974071
1	0
1	0.418824977873222
1	0.769491215073903
1	1.06570337444388
1	1.31799430815405
1	1.53451280867805
1	1.72160970229914
1	1.88427453526071
1	2.02646150094215
1	2.1513332018693
1	2.26144340726573
1	2.35887447116758
1	2.44534101236362
1	2.52226845202834
1	2.59085278183179
1	2.65210629052485
1	2.70689275974007
1	2.7559547385882
1	2.79993483921016
1	2.8393925008939
1	2.87481730368815
1	2.90663964038084
1	2.93523935366736
1	2.96095279513338
1	2.98407865087268
1	3.00488279520982
1	3.02360237174547
1	3.04044925434486
1	3.05561300572125
1	3.06926342494209
1	3.08155275529835
1	3.09261760888921
1	3.10258065277161
1	3.11155209270543
1	3.11963098372215
1	3.1269063914592
1	3.13345842406339
1	3.13935915119951
1	3.14467342409602
1	3.14945960846635
1	3.15377024044319
1	0
1	0.420245736144546
1	0.771862712935687
1	1.06868814385058
1	1.32135184880595
1	1.53807339198728
1	1.72525510189753
1	1.88792386702023
1	2.03006083072237
1	2.15484793028978
1	2.26485270014845
1	2.36216719586327
1	2.44851278166769
1	2.52531948188819
1	2.59378634621074
1	2.65492761376039
1	2.70960822879164
1	2.75857134860924
1	2.8024598087825
1	2.84183301015551
1	2.87718032104161
1	2.90893181264893
1	2.93746694132364
1	2.96312163921143
1	2.98619416181676
1	3.00694995661789
1	3.02562575392645
1	3.04243303405646
1	3.05756098950946
1	3.07117907427261
1	3.08343921222922
1	3.09447772143796
1	3.10441699942141
1	3.11336700570301
1	3.12142657096742
1	3.12868455689017
1	3.13522088651114
1	3.141107461736
1	3.14640898192924
1	3.15118367545632
1	3.15548395432397
1	0
1	0.421539544070168
1	0.774022308125875
1	1.07140621235842
1	1.32440937998047
1	1.54131582315823
1	1.72857477068823
1	1.89124711661798
1	2.03333854621456
1	2.15804860388683
1	2.2679573592882
1	2.36516570264247
1	2.45140114089577
1	2.52809789021681
1	2.59645778506167
1	2.65749684065602
1	2.71208105999143
1	2.76095415422215
1	2.80475916238162
1	2.84405545030523
1	2.87933219349028
1	2.91101917029955
1	2.93949548525183
1	2.96509668853138
1	2.98812064352828
1	3.00883240901481
1	3.0274683389426
1	3.04423955523981
1	3.0593349132761
1	3.07292355279269
1	3.0851571068055
1	3.09617162560638
1	3.10608926126754
1	3.11501974907813
1	3.1230617154223
1	3.13030383623846
1	3.13682586599957
1	3.14269955384218
1	3.14798946083638
1	3.1527536902723
1	3.15704454112185
1	0
1	0.424643303773026
1	0.779203034254576
1	1.07792667906541
1	1.33174419518896
1	1.54909420123768
1	1.73653843671267
1	1.89921937276187
1	2.04120156904865
1	2.16572680830636
1	2.27540523137046
1	2.37235892222764
1	2.45833012378571
1	2.53476310816583
1	2.60286639030358
1	2.66366024617259
1	2.7180132186047
1	2.76667034740247
1	2.8102751596964
1	2.84938693733827
1	2.88449439327249
1	2.91602660334519
1	2.94436182806448
1	2.96983470131447
1	2.99274214582865
1	3.01334828789946
1	3.03188857861571
1	3.04857328016157
1	3.06359043914963
1	3.07710844146578
1	3.08927822235444
1	3.10023518975244
1	3.1101009069128
1	3.11898457120148
1	3.12698431889913
1	3.13418838037314
1	3.14067610571559
1	3.14651887757991
1	3.15178092527718
1	3.15652005205001
1	3.16078828570723
1	0
1	0.425537862174812
1	0.780696211088309
1	1.07980599281219
1	1.33385821856656
1	1.55133606727416
1	1.73883370600965
1	1.9015171178831
1	2.04346783119942
1	2.16793980252359
1	2.27755183973724
1	2.37443213524406
1	2.46032717911648
1	2.53668414177888
1	2.60471346359911
1	2.66543664857365
1	2.7197229715612
1	2.76831785530425
1	2.81186496761149
1	2.85092356612916
1	2.88598223048574
1	2.91746983404963
1	2.94576439407015
1	2.97120028033754
1	2.99407414447142
1	3.01464984400704
1	3.03316256981221
1	3.04982233627767
1	3.06481695691796
1	3.07831460034452
1	3.09046600069167
1	3.10140638075821
1	3.11125713408904
1	3.12012730301115
1	3.12811488254871
1	3.13530797464765
1	3.14178581285035
1	3.14761967418333
1	3.15287369233884
1	3.15760558408051
1	3.16186729906316
1	0
1	0.425901800609879
1	0.78130368896685
1	1.08057056503312
1	1.33471827908156
1	1.552248138767
1	1.7397675038638
1	1.90245192299133
1	2.04438982790636
1	2.16884012792507
1	2.27842515699427
1	2.37527559264075
1	2.46113965283577
1	2.53746568713741
1	2.60546491924839
1	2.66615935276893
1	2.7204185603725
1	2.7689881205953
1	2.81251175847895
1	2.85154872182198
1	2.88658753601519
1	2.9180569920518
1	2.9463350082147
1	2.97175584685128
1	2.99461604928232
1	3.01517936370301
1	3.03368087511393
1	3.05033049709457
1	3.0653159483268
1	3.07880530902703
1	3.0909492315108
1	3.10188286325612
1	3.11172752876452
1	3.12059220728759
1	3.12857483638129
1	3.13576346574512
1	3.14223728150483
1	3.14806751771415
1	3.15331826916414
1	3.1580472174357
1	3.16230628038779
1	0
1	0.427589697859166
1	0.784121089223027
1	1.08411654760666
1	1.33870712345087
1	1.55647820301847
1	1.74409833204116
1	1.90678742267692
1	2.04866592395868
1	2.17301571539315
1	2.28247548434053
1	2.37918743399244
1	2.46490779608137
1	2.54109038882797
1	2.60895006893624
1	2.66951115710097
1	2.72364460722028
1	2.77209672038045
1	2.81551148706171
1	2.85444810939036
1	2.88939486121007
1	2.92078015146905
1	2.94898143945743
1	2.97433248921708
1	2.99712933051772
1	3.01763520445012
1	3.03608470501692
1	3.05268727824868
1	3.06763020300624
1	3.0810811495418
1	3.09319039070642
1	3.10409272465039
1	3.11390915566157
1	3.12274837045633
1	3.13070804006085
1	3.13787597186266
1	3.14433113207572
1	3.15014455545167
1	3.15538015636324
1	3.16009545321843
1	3.1643422164114
1	0
1	0.43008954313553
1	0.788293774927092
1	1.08936829370097
1	1.34461476608669
1	1.562743102225
1	1.75051246676795
1	1.91320847609962
1	2.05499899815629
1	2.17919993224198
1	2.28847418579498
1	2.38498103199079
1	2.47048857127201
1	2.54645872117355
1	2.61411171902382
1	2.67447531722997
1	2.72842251534067
1	2.7767006845686
1	2.81995420851952
1	2.85874222167723
1	2.89355262533379
1	2.92481326261303
1	2.95290091301788
1	2.97814860257928
1	3.00085160343873
1	3.02127240564454
1	3.03964487601117
1	3.05617776810997
1	3.07105770940875
1	3.08445176298585
1	3.09650963968979
1	3.10736562030219
1	3.11714023486127
1	3.12594173682665
1	3.133867402483
1	3.14100468034385
1	3.14743221092473
1	3.15322073380268
1	3.15843389614345
1	3.16312897468931
1	3.16735752143293
1	0
1	0.430352967466301
1	0.788733476915652
1	1.08992170303128
1	1.34523729133754
1	1.56340327383499
1	1.75118836425803
1	1.91388510265595
1	2.05566635379145
1	2.17985160184735
1	2.28910630648304
1	2.38559153964496
1	2.47107665245594
1	2.54702441592629
1	2.61465563437444
1	2.67499842182856
1	2.72892599340029
1	2.77718583306824
1	2.82042236586425
1	2.85919471914422
1	2.89399075494212
1	2.9252382567573
1	2.95331393245928
1	2.97855073031018
1	3.00124384261547
1	3.02165568028141
1	3.0400200334941
1	3.05654558285614
1	3.07141888719396
1	3.08480694560423
1	3.09685940971371
1	3.10771050578567
1	3.11748071388367
1	3.12627824181237
1	3.13420032426004
1	3.14133437192341
1	3.14775899099716
1	3.15354488995391
1	3.15875568780214
1	3.16344863581831
1	3.16767526298073
1	0
1	0.434771612574945
1	0.796108980292004
1	1.09920451841624
1	1.35567944809148
1	1.57447690567006
1	1.7625257799392
1	1.92523474759871
1	2.06686048952079
1	2.19078262217417
1	2.29970941583967
1	2.39583211481132
1	2.48094104895749
1	2.55651330537265
1	2.62377919899168
1	2.68377290962584
1	2.73737126821203
1	2.78532365024946
1	2.82827517564582
1	2.86678485219436
1	2.90133988341895
1	2.93236705268619
1	2.96024186629587
1	2.98529596802603
1	3.00782321102319
1	3.02808467867536
1	3.04631287581454
1	3.06271525907498
1	3.07747723590197
1	3.09076473217146
1	3.10272640613283
1	3.1134955695653
1	3.1231918642642
1	3.13192273222374
1	3.13978471039988
1	3.14686457515539
1	3.15324035699099
1	3.15898224263831
1	3.16415337879945
1	3.16881058959041
1	3.17300501795015
1	0
1	0.439082157733349
1	0.803304045654353
1	1.10826023434954
1	1.36586614268501
1	1.58527962662159
1	1.77358583139652
1	1.93630672913482
1	2.07778076629888
1	2.20144622053695
1	2.31005312541069
1	2.40582215941034
1	2.49056411791523
1	2.56577005386815
1	2.63267956014793
1	2.69233273395253
1	2.74560993358479
1	2.79326237978938
1	2.83593587035008
1	2.87418929642251
1	2.90850921913055
1	2.93932144617581
1	2.96700031168417
1	2.99187618686313
1	3.0142416184621
1	3.03435639482795
1	3.05245176688409
1	3.06873399724022
1	3.08338737012844
1	3.09657676445981
1	3.10844986940877
1	3.11913910464295
1	3.12876329419722
1	3.13742913299053
1	3.14523247731619
1	3.15225948472166
1	3.1585876240978
1	3.16428657319937
1	3.16941901797683
1	3.17404136583599
1	3.1782043831207
1	0
1	0.441555656917743
1	0.80743275505222
1	1.11345663182411
1	1.37171152414903
1	1.59147849949752
1	1.77993236698627
1	1.94266011050373
1	2.08404709566359
1	2.20756526137372
1	2.31598860601635
1	2.41155469816349
1	2.49608607681919
1	2.57108180888112
1	2.63778681114561
1	2.69724457635589
1	2.75033748690604
1	2.797817822389
1	2.84033176957084
1	2.87843815267762
1	2.91262316420795
1	2.94331205200231
1	2.97087847756376
1	2.99565208186679
1	3.01792466201735
1	3.0379552632351
1	3.05597441691921
1	3.07218770051805
1	3.08677875373577
1	3.09991185470863
1	3.11173413653155
1	3.12237750695604
1	3.13196032076551
1	3.14058884418832
1	3.14835854293645
1	3.15535521946557
1	3.16165602040068
1	3.16733033143282
1	3.17244057412158
1	3.17704291675396
1	3.18118790957411
1	0
1	0.443424639023114
1	0.810552418091359
1	1.11738304261642
1	1.37612830884993
1	1.59616238318411
1	1.78472782498488
1	1.94746074119
1	2.08878194964005
1	2.21218882377395
1	2.32047346985166
1	2.41588621863278
1	2.50025848263327
1	2.57509538411494
1	2.64164586263936
1	2.70095597663215
1	2.75390963789576
1	2.80125992609149
1	2.84365332190142
1	2.88164859897944
1	2.91573167129
1	2.94632736364114
1	2.97380882930041
1	2.9985051574765
1	3.02070757884283
1	3.04067457711035
1	3.05863614000392
1	3.07479732726232
1	3.08934129158277
1	3.10243185715463
1	3.11421573689772
1	3.12482445175851
1	3.13437600195281
1	3.14297632978932
1	3.15072060585579
1	3.15769436429967
1	3.16397450824109
1	3.16963020268698
1	3.17472366942257
1	3.1793108960561
1	3.18344226954621
1	0
1	0.443443340158987
1	0.810583633608193
1	1.11742233049484
1	1.37617250343616
1	1.59620925037721
1	1.78477580859658
1	1.94750877655989
1	2.08882932684462
1	2.212235087389
1	2.32051834564139
1	2.4159295600605
1	2.50030023195116
1	2.57513554416547
1	2.64168447651699
1	2.70099311310374
1	2.75394538103146
1	2.80129436796701
1	2.84368655753341
1	2.8816807228785
1	2.91576277517972
1	2.94635753501223
1	2.97383815055813
1	2.99853370550511
1	3.02073542485886
1	3.04070178671183
1	3.05866277334884
1	3.07482343932844
1	3.08936693247485
1	3.10245707243518
1	3.11424056792499
1	3.12484893602034
1	3.13440017338922
1	3.14300021909917
1	3.15074424078492
1	3.1577177699092
1	3.16399770715562
1	3.16965321532295
1	3.17474651419744
1	3.17933358957947
1	3.18346482679383
1	0
1	0.443658959282861
1	0.810943540216901
1	1.11787530928611
1	1.37668205526376
1	1.59674961665141
1	1.78532904688027
1	1.94806261160178
1	2.08937557341549
1	2.21276849456879
1	2.32103575156415
1	2.41642927519739
1	2.50078159048503
1	2.57559857886924
1	2.64212968425851
1	2.70142128674628
1	2.7543574898818
1	2.8016914736335
1	2.84406975553266
1	2.88205110289276
1	2.91612139475754
1	2.94670540289812
1	2.97417621686293
1	2.99886285668401
1	3.02105648201934
1	3.04101550618172
1	3.05896984873382
1	3.07512450450751
1	3.08966256514242
1	3.10274779791511
1	3.11452686306673
1	3.12513123304874
1	3.13467886362369
1	3.14327565648943
1	3.15101674523305
1	3.15798763036334
1	3.16426518447144
1	3.16991854489642
1	3.17500990837714
1	3.17959523986958
1	3.18372490586076
