group	y
1	0
1	0.00172153778984577
1	0.00344442014176948
1	0.00516863774707218
1	0.00689418132711559
1	0.00862104163323794
1	0.01034920944667
1	0.0120786755784512
1	0.0138094308693465
1	0.0155414661897624
1	0.0172747724396646
1	0.0190093405484947
1	0.0207451614750876
1	0.0224822262075893
1	0.0242205257633746
1	0.025960051188965
1	0.027700793559947
1	0.0294427439808909
1	0.0311858935852689
1	0.0329302335353745
1	0.0346757550222414
1	0.0364224492655629
1	0.0381703075136114
1	0.0399193210431581
1	0.0416694811593934
1	0.0434207791958465
1	0.0451732065143061
1	0.0469267545047413
1	0.0486814145852219
1	0.0504371782018398
1	0.0521940368286302
1	0.0539519819674932
1	0.055711005148115
1	0.0574710979278904
1	0.0592322518918448
1	0.0609944586525559
1	0.0627577098500771
1	0.0645219971518595
1	0.0662873122526755
1	0.0680536468745413
1	0.0698209927666406
1	0
1	0.00172240462087522
1	0.00344615093615704
1	0.00517122964523367
1	0.00689763147753229
1	0.00862534719243493
1	0.0103543675791945
1	0.0120846834568513
1	0.0138162856741492
1	0.0155491651094526
1	0.0172833126706636
1	0.0190187192951388
1	0.020755375949607
1	0.0224932736300869
1	0.0242324033618045
1	0.0259727561991119
1	0.027714323225405
1	0.0294570955530423
1	0.0312010643232636
1	0.032946220706109
1	0.0346925559003379
1	0.0364400611333486
1	0.038188727661098
1	0.0399385467680209
1	0.0416895097669506
1	0.043441607999039
1	0.045194832833677
1	0.0469491756684151
1	0.0487046279288844
1	0.0504611810687178
1	0.0522188265694713
1	0.0539775559405451
1	0.0557373607191059
1	0.0574982324700089
1	0.0592601627857191
1	0.0610231432862348
1	0.0627871656190093
1	0.0645522214588742
1	0.0663183025079621
1	0.0680854004956299
1	0.0698535071783824
1	0
1	0.00174995647477851
1	0.00350116349625547
1	0.00525361202086603
1	0.00700729303439428
1	0.00876219755189094
1	0.0105183166175913
1	0.0122756413048331
1	0.0140341627159754
1	0.0157938719823165
1	0.0175547602640132
1	0.0193168187499994
1	0.0210800386579058
1	0.0228444112339789
1	0.0246099277530007
1	0.0263765795182087
1	0.0281443578612161
1	0.0299132541419318
1	0.0316832597484808
1	0.0334543660971254
1	0.0352265646321859
1	0.0369998468259613
1	0.0387742041786514
1	0.040549628218278
1	0.0423261105006065
1	0.044103642609068
1	0.0458822161546819
1	0.0476618227759775
1	0.0494424541389175
1	0.05122410193682
1	0.053006757890282
1	0.0547904137471027
1	0.0565750612822065
1	0.058360692297567
1	0.0601472986221308
1	0.0619348721117414
1	0.0637234046490636
1	0.0655128881435079
1	0.067303314531155
1	0.0690946757746811
1	0.0708869638632825
1	0
1	0.00178379566654
1	0.00356872993214743
1	0.00535479406896254
1	0.00714197937762702
1	0.00893027718720392
1	0.0107196788550978
1	0.012510175766975
1	0.0143017593366843
1	0.0160944210061777
1	0.0178881522454311
1	0.0196829445523659
1	0.0214787894527704
1	0.023275678500221
1	0.0250736032760043
1	0.0268725553890393
1	0.0286725264757993
1	0.0304735082002345
1	0.0322754922536949
1	0.0340784703548528
1	0.0358824342496259
1	0.037687375711101
1	0.0394932865394569
1	0.0413001585618886
1	0.0431079836325308
1	0.0449167536323826
1	0.0467264604692309
1	0.0485370960775756
1	0.0503486524185543
1	0.0521611214798668
1	0.0539744952757005
1	0.0557887658466558
1	0.0576039252596713
1	0.0594199656079499
1	0.0612368790108844
1	0.0630546576139837
1	0.0648732935887992
1	0.0666927791328513
1	0.068513106469556
1	0.070334267848152
1	0.0721562555436276
1	0
1	0.00184863330646948
1	0.00369819071456086
1	0.00554866410132169
1	0.0074000453706771
1	0.00925232645335399
1	0.0111054993068055
1	0.0129595559151354
1	0.0148144882890233
1	0.0166702884656492
1	0.0185269485086191
1	0.0203844605078901
1	0.0222428165796961
1	0.0241020088664738
1	0.0259620295367884
1	0.0278228707852602
1	0.0296845248324905
1	0.0315469839249886
1	0.0334102403350986
1	0.0352742863609261
1	0.0371391143262657
1	0.0390047165805281
1	0.0408710854986682
1	0.0427382134811121
1	0.0446060929536858
1	0.0464747163675431
1	0.0483440761990936
1	0.050214164949932
1	0.0520849751467662
1	0.0539564993413464
1	0.0558287301103947
1	0.0577016600555334
1	0.0595752818032157
1	0.0614495880046546
1	0.0633245713357528
1	0.0652002244970333
1	0.0670765402135692
1	0.0689535112349144
1	0.0708311303350339
1	0.0727093903122351
1	0.0745882839890984
1	0
1	0.0018565375393134
1	0.00371397303127482
1	0.00557229842667489
1	0.00743150570298386
1	0.00929158686427634
1	0.0111525339411562
1	0.0130143389906817
1	0.0148769940962908
1	0.0167404913677267
1	0.0186048229409637
1	0.0204699809781328
1	0.022335957667448
1	0.0242027452231329
1	0.0260703358853467
1	0.0279387219201113
1	0.0298078956192381
1	0.0316778493002551
1	0.033548575306334
1	0.0354200660062183
1	0.0372923137941502
1	0.0391653110897993
1	0.04103905033819
1	0.0429135240096302
1	0.0447887245996395
1	0.0466646446288781
1	0.0485412766430756
1	0.0504186132129599
1	0.0522966469341865
1	0.0541753704272682
1	0.0560547763375042
1	0.0579348573349103
1	0.0598156061141488
1	0.0616970153944586
1	0.0635790779195858
1	0.0654617864577138
1	0.0673451338013945
1	0.0692291127674792
1	0.0711137161970494
1	0.0729989369553482
1	0.0748847679317122
1	0
1	0.00186214224396087
1	0.00372516389895055
1	0.00558905696804915
1	0.00745381348087605
1	0.00931942549351496
1	0.0111858850884392
1	0.0130531843744374
1	0.0149213154865387
1	0.0167902705859391
1	0.0186600418599276
1	0.0205306215218119
1	0.0224020018108457
1	0.0242741749921547
1	0.0261471333566637
1	0.0280208692210241
1	0.0298953749275403
1	0.031770642844098
1	0.0336466653640916
1	0.0355234349063516
1	0.0374009439150735
1	0.0392791848597454
1	0.0411581502350765
1	0.0430378325609262
1	0.0449182243822321
1	0.0467993182689401
1	0.0486811068159325
1	0.0505635826429583
1	0.052446738394562
1	0.054330566740014
1	0.0562150603732403
1	0.0581002120127528
1	0.0599860144015793
1	0.0618724603071943
1	0.0637595425214497
1	0.0656472538605057
1	0.0675355871647617
1	0.069424535298788
1	0.0713140911512567
1	0.0732042476348737
1	0.0750949976863104
1	0
1	0.00188118452736839
1	0.00376318546962396
1	0.00564599500750314
1	0.00752960534780471
1	0.00941400872331611
1	0.0112991973927401
1	0.0131851636406212
1	0.0150718997772732
1	0.0169593981387056
1	0.0188476510865515
1	0.0207366510079949
1	0.0226263903156984
1	0.0245168614477311
1	0.0264080568674969
1	0.0282999690636626
1	0.0301925905500864
1	0.0320859138657468
1	0.0339799315746713
1	0.0358746362658654
1	0.0377700205532422
1	0.0396660770755513
1	0.0415627984963092
1	0.0434601775037282
1	0.0453582068106474
1	0.047256879154462
1	0.0491561872970546
1	0.0510561240247248
1	0.0529566821481208
1	0.0548578545021699
1	0.05675963394601
1	0.0586620133629203
1	0.0605649856602537
1	0.0624685437693675
1	0.0643726806455562
1	0.0662773892679829
1	0.068182662639612
1	0.0700884937871413
1	0.0719948757609347
1	0.073901801634955
1	0.0758092645066972
1	0
1	0.00189392461729736
1	0.00378862350240886
1	0.0056840889549305
1	0.00758031330020153
1	0.00947728888923165
1	0.0113750080986284
1	0.0132734633305248
1	0.015172647012507
1	0.0170725515975424
1	0.0189731695639075
1	0.0208744934151168
1	0.0227765156798509
1	0.0246792289118854
1	0.0265826256900197
1	0.0284866986180064
1	0.0303914403244804
1	0.0322968434628883
1	0.0342029007114185
1	0.0361096047729308
1	0.0380169483748863
1	0.039924924269278
1	0.0418335252325612
1	0.0437427440655838
1	0.0456525735935176
1	0.047563006665789
1	0.0494740361560102
1	0.0513856549619108
1	0.053297856005269
1	0.0552106322318437
1	0.0571239766113062
1	0.0590378821371726
1	0.0609523418267355
1	0.0628673487209972
1	0.064782895884602
1	0.0666989764057689
1	0.0686155833962249
1	0.0705327099911381
1	0.0724503493490511
1	0.0743684946518143
1	0.0762871391045203
1	0
1	0.00189888195026325
1	0.00379852176837206
1	0.00569891180017221
1	0.00760004441712859
1	0.00950191201625269
1	0.0114045070200304
1	0.0133078218763497
1	0.0152118490584292
1	0.0171165810647458
1	0.0190220104189639
1	0.0209281296698634
1	0.022834931391269
1	0.0247424081819791
1	0.0266505526656953
1	0.0285593574909513
1	0.0304688153310431
1	0.0323789188839585
1	0.0342896608723073
1	0.0362010340432512
1	0.0381130311684347
1	0.040025645043915
1	0.0419388684900934
1	0.0438526943516458
1	0.0457671154974541
1	0.0476821248205374
1	0.0495977152379835
1	0.0515138796908807
1	0.0534306111442493
1	0.0553479025869742
1	0.0572657470317369
1	0.0591841375149477
1	0.0611030670966785
1	0.0630225288605958
1	0.0649425159138931
1	0.0668630213872247
1	0.0687840384346385
1	0.0707055602335097
1	0.0726275799844745
1	0.0745500909113642
1	0.0764730862611386
1	0
1	0.00191878887452709
1	0.00383826976033237
1	0.00575843518898465
1	0.00767927771717328
1	0.00960078992663699
1	0.0115229644240929
1	0.0134457938411658
1	0.0153692708343173
1	0.0172933880847759
1	0.0192181382984663
1	0.0211435142059397
1	0.0230695085623038
1	0.0249961141471531
1	0.0269233237644996
1	0.0288511302427034
1	0.0307795264344037
1	0.0327085052164499
1	0.0346380594898328
1	0.036568182179616
1	0.0384988662348677
1	0.0404301046285926
1	0.0423618903576638
1	0.0442942164427548
1	0.0462270759282722
1	0.0481604618822884
1	0.0500943673964737
1	0.0520287855860299
1	0.0539637095896231
1	0.0558991325693168
1	0.0578350477105061
1	0.0597714482218503
1	0.0617083273352076
1	0.0636456783055687
1	0.065583494410991
1	0.0675217689525331
1	0.0694604952541892
1	0.071399666662824
1	0.0733392765481071
1	0.0752793183024489
1	0.0772197853409349
1	0
1	0.00196097013951969
1	0.00392249274523851
1	0.00588456074225834
1	0.00784716707974515
1	0.00981030473086065
1	0.0117739666926941
1	0.0137381459861942
1	0.0157028356561016
1	0.0176680287708806
1	0.0196337184226523
1	0.0215998977271272
1	0.0235665598235379
1	0.0255336978745721
1	0.0275013050663064
1	0.029469374608139
1	0.0314378997327239
1	0.0334068736959046
1	0.0353762897766476
1	0.0373461412769772
1	0.0393164215219096
1	0.0412871238593871
1	0.0432582416602133
1	0.0452297683179874
1	0.0472016972490399
1	0.0491740218923671
1	0.0511467357095671
1	0.0531198321847749
1	0.0550933048245983
1	0.0570671471580541
1	0.0590413527365036
1	0.0610159151335892
1	0.062990827945171
1	0.0649660847892629
1	0.0669416793059699
1	0.0689176051574243
1	0.0708938560277239
1	0.0728704256228682
1	0.0748473076706965
1	0.0768244959208251
1	0.0788019841445856
1	0
1	0.00196486964984172
1	0.00393027886542839
1	0.00589622060824263
1	0.00786268786373353
1	0.00982967364124848
1	0.0117971709739653
1	0.0137651729188243
1	0.015733672556461
1	0.0177026629911386
1	0.0196721373506806
1	0.021642088786404
1	0.0236125104730525
1	0.0255833956087295
1	0.0275547374148319
1	0.0295265291359838
1	0.0314987640399702
1	0.033471435417671
1	0.0354445365829956
1	0.0374180608728169
1	0.039392001646906
1	0.041366352287867
1	0.043341106201072
1	0.045316256814596
1	0.0472917975791524
1	0.0492677219680283
1	0.0512440234770202
1	0.0532206956243697
1	0.0551977319506996
1	0.0571751260189502
1	0.059152871414315
1	0.061130961744178
1	0.0631093906380498
1	0.0650881517475047
1	0.0670672387461174
1	0.0690466453294008
1	0.0710263652147425
1	0.0730063921413429
1	0.0749867198701529
1	0.0769673421838112
1	0.0789482528865831
1	0
1	0.00197127506087515
1	0.00394306849695986
1	0.00591537332949647
1	0.00788818260353338
1	0.00986148938785727
1	0.0118352867749257
1	0.0138095678807995
1	0.0157843258450762
1	0.0177595538308223
1	0.019735245024507
1	0.0217113926359355
1	0.0236879898981824
1	0.0256650300675256
1	0.0276425064233802
1	0.0296204122682326
1	0.0315987409275747
1	0.0335774857498384
1	0.0355566401063302
1	0.0375361973911663
1	0.0395161510212071
1	0.0414964944359928
1	0.0434772210976782
1	0.0454583244909689
1	0.0474397981230565
1	0.0494216355235547
1	0.0514038302444348
1	0.0533863758599629
1	0.0553692659666353
1	0.0573524941831156
1	0.0593360541501711
1	0.0613199395306099
1	0.063304144009218
1	0.0652886612926964
1	0.0672734851095983
1	0.0692586092102671
1	0.0712440273667739
1	0.0732297333728552
1	0.0752157210438516
1	0.0772019842166451
1	0.0791885167495984
1	0
1	0.00197627333020299
1	0.00395304850022029
1	0.00593031857792595
1	0.00790807665487489
1	0.00988631584623546
1	0.0118650292907223
1	0.0138442101505294
1	0.0158238516112632
1	0.0178039468818757
1	0.0197844891945986
1	0.0217654718048765
1	0.0237468879913008
1	0.0257287310555442
1	0.0277109943222944
1	0.0296936711391889
1	0.0316767548767494
1	0.0336602389283169
1	0.0356441167099862
1	0.0376283816605412
1	0.0396130272413904
1	0.0415980469365021
1	0.0435834342523402
1	0.0455691827178001
1	0.0475552858841443
1	0.0495417373249393
1	0.0515285306359912
1	0.0535156594352825
1	0.0555031173629089
1	0.0574908980810161
1	0.0594789952737366
1	0.0614674026471272
1	0.0634561139291063
1	0.0654451228693911
1	0.067434423239436
1	0.0694240088323698
1	0.0714138734629338
1	0.0734040109674204
1	0.0753944152036114
1	0.077385080050716
1	0.0793759994093102
1	0
1	0.00198446606253684
1	0.00396940686149313
1	0.00595481554117758
1	0.00794068526937458
1	0.00992700923727733
1	0.0119137806594212
1	0.0139009927736174
1	0.0158886388408863
1	0.0178767121453918
1	0.0198652059943751
1	0.0218541137180891
1	0.0238434286697326
1	0.0258331442253852
1	0.0278232537839418
1	0.0298137507670477
1	0.0318046286190339
1	0.0337958808068518
1	0.0357875008200095
1	0.0377794821705066
1	0.0397718183927709
1	0.0417645030435937
1	0.043757529702066
1	0.0457508919695156
1	0.0477445834694425
1	0.0497385978474564
1	0.0517329287712135
1	0.053727569930353
1	0.0557225150364347
1	0.0577177578228764
1	0.0597132920448912
1	0.0617091114794253
1	0.063705209925096
1	0.0657015812021295
1	0.0676982191522993
1	0.0696951176388644
1	0.0716922705465082
1	0.0736896717812765
1	0.0756873152705171
1	0.0776851949628184
1	0.0796833048279489
1	0
1	0.00199116489869116
1	0.00398278237255029
1	0.00597484562838339
1	0.00796734789630431
1	0.00996028242966842
1	0.0119536425050064
1	0.0139474214219581
1	0.015941612503207
1	0.017936209094414
1	0.0199312045641525
1	0.0219265923038428
1	0.0239223657276868
1	0.0259185182726035
1	0.0279150433981637
1	0.0299119345865256
1	0.0319091853423706
1	0.0339067891928385
1	0.0359047396874639
1	0.0379030303981119
1	0.0399016549189147
1	0.0419006068662077
1	0.0438998798784664
1	0.0458994676162428
1	0.0478993637621025
1	0.0498995620205621
1	0.051900056118026
1	0.053900839802724
1	0.0559019068446492
1	0.0579032510354952
1	0.0599048661885946
1	0.0619067461388569
1	0.0639088847427067
1	0.0659112758780221
1	0.0679139134440738
1	0.0699167913614631
1	0.0719199035720615
1	0.0739232440389496
1	0.0759268067463561
1	0.0779305856995978
1	0.0799345749250185
1	0
1	0.00202257047900577
1	0.00404548963648062
1	0.00606875097223109
1	0.00809234800858506
1	0.0101162742903274
1	0.0121405233846359
1	0.0141650888810173
1	0.0161899643912433
1	0.0182151435492874
1	0.0202406200112608
1	0.0222663874553498
1	0.0242924395817522
1	0.0263187701126147
1	0.0283453727919697
1	0.0303722413856733
1	0.0323993696813423
1	0.0344267514882925
1	0.0364543806374758
1	0.0384822509814194
1	0.0405103563941628
1	0.0425386907711974
1	0.0445672480294041
1	0.0465960221069926
1	0.0486250069634401
1	0.0506541965794306
1	0.0526835849567937
1	0.0547131661184445
1	0.0567429341083228
1	0.0587728829913329
1	0.0608030068532837
1	0.0628332998008286
1	0.0648637559614055
1	0.0668943694831775
1	0.0689251345349735
1	0.0709560453062284
1	0.0729870960069245
1	0.0750182808675323
1	0.0770495941389514
1	0.0790810300924524
1	0.081112583019618
1	0
1	0.0020332775539617
1	0.00406686836498866
1	0.00610076603277982
1	0.0081349641792873
1	0.0101694564486528
1	0.0122042365071441
1	0.0142392980430919
1	0.0162746347668268
1	0.018310240410616
1	0.020346108728601
1	0.0223822334967349
1	0.0244186085127198
1	0.0264552275959447
1	0.0284920845874235
1	0.0305291733497328
1	0.0325664877669507
1	0.0346040217445945
1	0.03664176920956
1	0.0386797241100598
1	0.0407178804155623
1	0.0427562321167309
1	0.0447947732253633
1	0.0468334977743306
1	0.0488723998175174
1	0.050911473429761
1	0.0529507127067917
1	0.0549901117651725
1	0.0570296647422397
1	0.0590693657960432
1	0.0611092091052869
1	0.0631491888692695
1	0.0651892993078253
1	0.0672295346612654
1	0.0692698891903189
1	0.071310357176074
1	0.0733509329199196
1	0.0753916107434871
1	0.0774323849885923
1	0.079473250017177
1	0.0815142002112516
1	0
1	0.00204385735043315
1	0.00408799295759349
1	0.0061324005198849
1	0.0081770737576995
1	0.0102220064133547
1	0.0122671922510303
1	0.0143126250567065
1	0.0163582986381007
1	0.0184042068246058
1	0.0204503434672282
1	0.0224967024385254
1	0.0245432776325448
1	0.026590062964762
1	0.0286370523720191
1	0.030684239812464
1	0.0327316192654889
1	0.0347791847316695
1	0.0368269302327045
1	0.0388748498113548
1	0.0409229375313832
1	0.0429711874774938
1	0.0450195937552728
1	0.0470681504911275
1	0.0491168518322274
1	0.051165691946444
1	0.053214665022292
1	0.0552637652688693
1	0.0573129869157984
1	0.0593623242131673
1	0.0614117714314708
1	0.0634613228615516
1	0.0655109728145421
1	0.067560715621806
1	0.0696105456348801
1	0.0716604572254162
1	0.0737104447851236
1	0.0757605027257109
1	0.077810625478829
1	0.0798608074960134
1	0.0819110432486268
1	0
1	0.00208247100538434
1	0.00416509252487047
1	0.00624785861711107
1	0.00833076336177995
1	0.0104138008595117
1	0.0124969652318414
1	0.0145802506211449
1	0.0166636511905785
1	0.0187471611240196
1	0.020830774626007
1	0.0229144859216816
1	0.0249982892567271
1	0.027082178897311
1	0.0291661491300258
1	0.03125019426183
1	0.0333343086199896
1	0.0354184865520198
1	0.0375027224256268
1	0.0395870106286494
1	0.0416713455690012
1	0.0437557216746128
1	0.0458401333933744
1	0.0479245751930778
1	0.0500090415613594
1	0.0520935270056432
1	0.0541780260530833
1	0.0562625332505075
1	0.0583470431643603
1	0.0604315503806463
1	0.0625160495048743
1	0.0646005351620004
1	0.0666850019963721
1	0.0687694446716728
1	0.0708538578708652
1	0.0729382362961365
1	0.0750225746688421
1	0.0771068677294509
1	0.0791911102374899
1	0.081275296971489
1	0.0833594227289261
1	0
1	0.0020960716210447
1	0.00419224876230616
1	0.00628852560932495
1	0.00838489636832215
1	0.0104813552661399
1	0.012577896550182
1	0.014674514488355
1	0.0167712033690089
1	0.0188679575008788
1	0.0209647712130256
1	0.0230616388547783
1	0.025158554795675
1	0.0272555134254048
1	0.0293525091537503
1	0.0314495364105291
1	0.0335465896455365
1	0.0356436633284877
1	0.0377407519489606
1	0.0398378500163384
1	0.0419349520597525
1	0.0440320526280259
1	0.0461291462896159
1	0.0482262276325578
1	0.0503232912644084
1	0.0524203318121897
1	0.0545173439223325
1	0.0566143222606208
1	0.0587112615121355
1	0.0608081563811989
1	0.0629050015913192
1	0.0650017918851349
1	0.0670985220243597
1	0.0691951867897275
1	0.0712917809809369
1	0.073388299416597
1	0.0754847369341725
1	0.0775810883899291
1	0.0796773486588791
1	0.0817735126347275
1	0.0838695752298175
1	0
1	0.00216600057716785
1	0.00433187533389181
1	0.00649761910811953
1	0.00866322675672781
1	0.0108286931554677
1	0.0129940131989099
1	0.0151591818003902
1	0.0173241938919549
1	0.0194890444243069
1	0.0216537283667515
1	0.0238182407071422
1	0.0259825764518271
1	0.0281467306255955
1	0.0303106982716239
1	0.0324744744514228
1	0.0346380542447838
1	0.0368014327497259
1	0.0389646050824433
1	0.0411275663772519
1	0.0432903117865373
1	0.0454528364807017
1	0.0476151356481121
1	0.0497772044950477
1	0.0519390382456477
1	0.05410063214186
1	0.0562619814433887
1	0.0584230814276428
1	0.0605839273896848
1	0.0627445146421789
1	0.0649048385153402
1	0.0670648943568833
1	0.0692246775319715
1	0.0713841834231661
1	0.0735434074303752
1	0.0757023449708039
1	0.0778609914789032
1	0.0800193424063203
1	0.0821773932218481
1	0.0843351394113751
1	0.086492576477836
1	0
1	0.00217066910928529
1	0.00434119695357603
1	0.0065115784143753
1	0.00868180839199835
1	0.0108518818055181
1	0.0130217935927108
1	0.0151915387100017
1	0.0173611121324111
1	0.0195305088535004
1	0.0216997238853181
1	0.0238687522583464
1	0.0260375890214476
1	0.0282062292418108
1	0.0303746680048985
1	0.032542900414394
1	0.0347109215921478
1	0.0368787266781254
1	0.0390463108303544
1	0.041213669224872
1	0.0433807970556728
1	0.0455476895346565
1	0.0477143418915757
1	0.0498807493739842
1	0.0520469072471852
1	0.0542128107941795
1	0.0563784553156139
1	0.0585438361297304
1	0.0607089485723143
1	0.0628737879966435
1	0.0650383497734374
1	0.0672026292908062
1	0.0693666219542001
1	0.071530323186359
1	0.0736937284272618
1	0.0758568331340763
1	0.0780196327811092
1	0.0801821228597557
1	0.0823442988784502
1	0.0845061563626163
1	0.086667690854617
1	0
1	0.00217463241598189
1	0.00434911045546236
1	0.00652342903692041
1	0.00869758309754799
1	0.0108715675931957
1	0.0130453774983188
1	0.0152190078059229
1	0.0173924535275106
1	0.0195657096930276
1	0.021738771350809
1	0.0239116335675262
1	0.0260842914281334
1	0.0282567400358147
1	0.0304289745119311
1	0.0326009899959677
1	0.0347727816454809
1	0.036944344636046
1	0.0391156741612048
1	0.0412867654324134
1	0.04345761367899
1	0.045628214148063
1	0.0477985621045193
1	0.0499686528309522
1	0.0521384816276105
1	0.0543080438123467
1	0.0564773347205656
1	0.0586463497051738
1	0.0608150841365279
1	0.0629835334023844
1	0.0651516929078485
1	0.0673195580753238
1	0.0694871243444618
1	0.0716543871721116
1	0.0738213420322697
1	0.07598798441603
1	0.0781543098315342
1	0.0803203138039215
1	0.0824859918752794
1	0.0846513396045942
1	0.0868163525677015
1	0
1	0.00218657681485356
1	0.00437295973845703
1	0.00655914380072551
1	0.0087451240499879
1	0.0109308955529334
1	0.0131164533945583
1	0.0153017926781125
1	0.0174869085250468
1	0.0196717960749598
1	0.0218564504855454
1	0.0240408669325397
1	0.026225040609669
1	0.0284089667285973
1	0.0305926405188742
1	0.0327760572278826
1	0.0349592121207872
1	0.0371421004804824
1	0.0393247176075407
1	0.0415070588201616
1	0.0436891194541199
1	0.0458708948627143
1	0.0480523804167171
1	0.0502335715043224
1	0.052414463531096
1	0.0545950519199242
1	0.0567753321109639
1	0.0589552995615916
1	0.0611349497463537
1	0.0633142781569158
1	0.0654932803020136
1	0.0676719517074021
1	0.0698502879158067
1	0.0720282844868732
1	0.0742059369971183
1	0.076383241039881
1	0.0785601922252724
1	0.0807367861801276
1	0.0829130185479564
1	0.0850888849888945
1	0.087264381179655
1	0
1	0.00220140817294006
1	0.00440257338917319
1	0.00660349081698469
1	0.00880415564270221
1	0.0110045630706432
1	0.0132047083230627
1	0.0154045866401009
1	0.0176041932797314
1	0.0198035235177088
1	0.0220025726475174
1	0.0242013359803194
1	0.0263998088449033
1	0.0285979865876325
1	0.0307958645723942
1	0.0329934381805483
1	0.0351907028108765
1	0.0373876538795313
1	0.0395842868199854
1	0.0417805970829814
1	0.043976580136481
1	0.0461722314656151
1	0.0483675465726336
1	0.0505625209768549
1	0.0527571502146171
1	0.0549514298392272
1	0.0571453554209123
1	0.0593389225467696
1	0.0615321268207174
1	0.0637249638634459
1	0.0659174293123681
1	0.0681095188215709
1	0.0703012280617663
1	0.0724925527202426
1	0.0746834885008165
1	0.0768740311237837
1	0.0790641763258716
1	0.0812539198601908
1	0.0834432574961869
1	0.085632185019593
1	0.0878206982323818
1	0
1	0.00220965643526143
1	0.00441904262671541
1	0.00662815381959999
1	0.00883698527698897
1	0.01104553227974
1	0.0132537901264426
1	0.0154617541333668
1	0.0176694196344113
1	0.0198767819810524
1	0.0220838365422924
1	0.0242905787046087
1	0.0264970038719027
1	0.0287031074654494
1	0.0309088849238461
1	0.033114331702962
1	0.0353194432758882
1	0.0375242151328869
1	0.0397286427813416
1	0.0419327217457068
1	0.0441364475674584
1	0.0463398158050438
1	0.0485428220338324
1	0.050745461846066
1	0.0529477308508095
1	0.055149624673902
1	0.0573511389579071
1	0.0595522693620646
1	0.0617530115622413
1	0.0639533612508827
1	0.066153314136964
1	0.0683528659459421
1	0.0705520124197069
1	0.0727507493165339
1	0.0749490724110352
1	0.0771469774941125
1	0.0793444603729088
1	0.0815415168707612
1	0.0837381428271529
1	0.0859343340976662
1	0.0881300865539354
1	0
1	0.00221538385800638
1	0.00443047852460715
1	0.00664527929847472
1	0.00885978149597385
1	0.01107398045111
1	0.0132878715154781
1	0.0155014500582108
1	0.017714711465928
1	0.0199276511426852
1	0.0221402645099229
1	0.0243525470064159
1	0.0265644940882227
1	0.028776101228635
1	0.0309873639181273
1	0.0331982776643067
1	0.035408837991863
1	0.0376190404425189
1	0.0398288805749796
1	0.0420383539648841
1	0.0442474562047547
1	0.0464561829039485
1	0.0486645296886074
1	0.0508724922016097
1	0.0530800661025205
1	0.0552872470675434
1	0.0574940307894712
1	0.0597004129776379
1	0.06190638935787
1	0.0641119556724381
1	0.0663171076800089
1	0.0685218411555971
1	0.0707261518905173
1	0.0729300356923366
1	0.0751334883848265
1	0.0773365058079156
1	0.0795390838176422
1	0.0817412182861072
1	0.0839429051014264
1	0.0861441401676842
1	0.0883449194048862
1	0
1	0.0022442687058656
1	0.00448815266277464
1	0.00673164743888277
1	0.00897474861931451
1	0.0112174518061136
1	0.0134597526181936
1	0.0157016466912882
1	0.0179431296779023
1	0.0201841972472627
1	0.0224248450852691
1	0.0246650688944453
1	0.0269048643938904
1	0.0291442273192303
1	0.0313831534225694
1	0.0336216384724417
1	0.0358596782537633
1	0.0380972685677839
1	0.0403344052320389
1	0.0425710840803018
1	0.0448073009625363
1	0.0470430517448489
1	0.0492783323094415
1	0.0515131385545638
1	0.0537474663944667
1	0.0559813117593549
1	0.0582146705953398
1	0.0604475388643933
1	0.0626799125443007
1	0.0649117876286144
1	0.0671431601266072
1	0.0693740260632265
1	0.0716043814790478
1	0.073834222430229
1	0.076063544988464
1	0.0782923452409374
1	0.0805206192902788
1	0.082748363254517
1	0.084975573267035
1	0.0872022454765244
1	0.0894283760469405
1	0
1	0.0022470688938285
1	0.00449374377505104
1	0.00674002023794779
1	0.00898589389369771
1	0.011231360370329
1	0.01347641531267
1	0.0157210543822994
1	0.017965273257498
1	0.020209067633199
1	0.0224524332209396
1	0.0246953657488123
1	0.0269378609614162
1	0.0291799146198088
1	0.0314215225014575
1	0.0336626804001916
1	0.0359033841261542
1	0.0381436295057544
1	0.0403834123816195
1	0.0426227286125472
1	0.0448615740734585
1	0.04709994465535
1	0.0493378362652468
1	0.0515752448261552
1	0.0538121662770161
1	0.0560485965726577
1	0.0582845316837491
1	0.0605199675967537
1	0.0627549003138825
1	0.0649893258530477
1	0.0672232402478169
1	0.0694566395473668
1	0.0716895198164368
1	0.0739218771352841
1	0.076153707599637
1	0.0783850073206499
1	0.0806157724248577
1	0.0828459990541302
1	0.0850756833656273
1	0.0873048215317538
1	0.089533409740114
1	0
1	0.0022561660857083
1	0.00451190806326087
1	0.00676722161181077
1	0.009022102427182
1	0.0112765462218206
1	0.013530548724746
1	0.0157841056815021
1	0.0180372128541093
1	0.0202898660210158
1	0.0225420609770492
1	0.024793793533369
1	0.0270450595174182
1	0.0292958547728755
1	0.0315461751596079
1	0.0337960165536228
1	0.0360453748470207
1	0.0382942459479479
1	0.0405426257805494
1	0.0427905102849218
1	0.0450378954170662
1	0.0472847771488418
1	0.0495311514679188
1	0.0517770143777321
1	0.0540223618974349
1	0.0562671900618524
1	0.0585114949214357
1	0.0607552725422154
1	0.0629985190057563
1	0.0652412304091111
1	0.0674834028647748
1	0.0697250325006398
1	0.0719661154599494
1	0.0742066479012536
1	0.0764466259983631
1	0.0786860459403049
1	0.0809249039312768
1	0.0831631961906032
1	0.0854009189526899
1	0.0876380684669799
1	0.0898746409979089
1	0
1	0.00226051894896073
1	0.00452059938951844
1	0.00678023704143654
1	0.00903942764104035
1	0.0112981669411685
1	0.0135564507111246
1	0.0158142747366285
1	0.0180716348197688
1	0.020328526778954
1	0.0225849464488653
1	0.0248408896804082
1	0.0270963523406652
1	0.029351330312848
1	0.0316058194962505
1	0.0338598158062009
1	0.0361133151740152
1	0.0383663135469496
1	0.0406188068881542
1	0.0428707911766255
1	0.0451222624071605
1	0.0473732165903096
1	0.0496236497523306
1	0.0518735579351421
1	0.0541229371962778
1	0.0563717836088401
1	0.0586200932614544
1	0.0608678622582232
1	0.0631150867186807
1	0.0653617627777469
1	0.0676078865856828
1	0.0698534543080446
1	0.0720984621256387
1	0.0743429062344769
1	0.0765867828457312
1	0.0788300881856891
1	0.0810728184957093
1	0.0833149700321768
1	0.0855565390664582
1	0.0877975218848584
1	0.0900379147885754
1	0
1	0.00227326100514117
1	0.00454604134830149
1	0.00681833686812226
1	0.0090901434194876
1	0.0113614568734766
1	0.0136322731173159
1	0.015902588054332
1	0.0181723976039039
1	0.020441697701416
1	0.022710484298211
1	0.0249787533615429
1	0.02724650087453
1	0.0295137228361084
1	0.0317804152609853
1	0.0340465741795926
1	0.0363121956380404
1	0.038577275698071
1	0.0408418104370129
1	0.0431057959477343
1	0.0453692283385979
1	0.0476321037334149
1	0.0498944182713994
1	0.052156168107123
1	0.0544173494104695
1	0.0566779583665895
1	0.0589379911758556
1	0.0611974440538172
1	0.0634563132311558
1	0.0657145949536401
1	0.0679722854820817
1	0.0702293810922902
1	0.0724858780750293
1	0.0747417727359724
1	0.0769970613956581
1	0.0792517403894468
1	0.0815058060674767
1	0.0837592547946195
1	0.0860120829504375
1	0.0882642869291396
1	0.0905158631395383
1	0
1	0.00227480476615506
1	0.00454912376322181
1	0.00682295284424419
1	0.00909628787847027
1	0.0113691247513046
1	0.0136414593642607
1	0.0159132876349136
1	0.0181846054968527
1	0.0204554088996346
1	0.0227256938087361
1	0.0249954562055072
1	0.0272646920871248
1	0.0295333974665453
1	0.0318015683724589
1	0.0340692008492427
1	0.036336290956915
1	0.0386028347710883
1	0.0408688283829245
1	0.0431342678990879
1	0.0453991494417002
1	0.0476634691482948
1	0.0499272231717708
1	0.0521904076803484
1	0.0544530188575229
1	0.0567150529020205
1	0.0589765060277522
1	0.0612373744637698
1	0.0634976544542208
1	0.0657573422583038
1	0.0680164341502241
1	0.0702749264191491
1	0.0725328153691643
1	0.0747900973192291
1	0.0770467686031324
1	0.0793028255694493
1	0.0815582645814971
1	0.0838130820172914
1	0.0860672742695026
1	0.088320837745413
1	0.0905737688668729
1	0
1	0.0022762144329483
1	0.00455193843331457
1	0.00682716786729435
1	0.00910189861725198
1	0.0113761265816731
1	0.0136498476751171
1	0.01592305782817
1	0.0181957529873972
1	0.0204679291152964
1	0.0227395821902509
1	0.0250107082064824
1	0.0272813031740047
1	0.0295513631185773
1	0.0318208840816585
1	0.0340898621203595
1	0.0363582933073982
1	0.0386261737310532
1	0.0408934994951177
1	0.0431602667188539
1	0.0454264715369475
1	0.0476921100994618
1	0.0499571785717926
1	0.0522216731346228
1	0.0544855899838775
1	0.0567489253306784
1	0.0590116754012995
1	0.0612738364371221
1	0.0635354046945899
1	0.0657963764451649
1	0.0680567479752827
1	0.0703165155863083
1	0.0725756755944916
1	0.0748342243309241
1	0.0770921581414941
1	0.0793494733868436
1	0.0816061664423241
1	0.0838622336979532
1	0.0861176715583714
1	0.0883724764427983
1	0.0906266447849895
1	0
1	0.00231903527108322
1	0.00463743844865406
1	0.00695520579840804
1	0.00927233360113706
1	0.0115888181526847
1	0.0139046557639014
1	0.0162198427606005
1	0.0185343754835133
1	0.0208482502882451
1	0.0231614635452312
1	0.0254740116396925
1	0.0277858909715921
1	0.0300970979555913
1	0.032407629021006
1	0.0347174806117631
1	0.0370266491863572
1	0.0393351312178073
1	0.0416429231936138
1	0.043950021615715
1	0.0462564230004448
1	0.0485621238784893
1	0.0508671207948444
1	0.0531714103087734
1	0.055474988993764
1	0.0577778534374867
1	0.0600800002417519
1	0.062381426022468
1	0.0646821274095997
1	0.0669821010471257
1	0.0692813435929972
1	0.071579851719096
1	0.0738776221111934
1	0.0761746514689082
1	0.0784709365056659
1	0.0807664739486571
1	0.0830612605387968
1	0.0853552930306831
1	0.0876485681925563
1	0.0899410828062587
1	0.0922328336671932
1	0
1	0.00234733452382346
1	0.00469394333386351
1	0.00703982295983553
1	0.00938496994584252
1	0.0117293808503322
1	0.0140730522460545
1	0.0164159807200184
1	0.0187581628734501
1	0.0210995953217502
1	0.0234402746944516
1	0.0257801976351773
1	0.0281193608015981
1	0.0304577608653912
1	0.0327953945121982
1	0.0351322584415831
1	0.0374683493669909
1	0.0398036640157064
1	0.0421381991288124
1	0.044471951461149
1	0.0468049177812717
1	0.0491370948714112
1	0.051468479527432
1	0.0537990685587917
1	0.0561288587885003
1	0.05845784705308
1	0.0607860302025241
1	0.0631134051002572
1	0.0654399686230945
1	0.0677657176612022
1	0.070090649118057
1	0.0724147599104067
1	0.0747380469682297
1	0.077060507234696
1	0.0793821376661272
1	0.0817029352319573
1	0.0840228969146931
1	0.086342019709875
1	0.0886603006260381
1	0.0909777366846728
1	0.093294324920186
1	0
1	0.0023494429636094
1	0.004698153238244
1	0.00704612737329
1	0.00939336193246845
1	0.0117398534937925
1	0.0140855986495247
1	0.0164305940061347
1	0.0187748361842568
1	0.0211183218186477
1	0.0234610475581444
1	0.0258030100656221
1	0.0281442060179523
1	0.0304846321059613
1	0.0328242850343879
1	0.0351631615218427
1	0.0375012583007657
1	0.0398385721173858
1	0.0421750997316791
1	0.044510837917328
1	0.04684578346168
1	0.049179933165707
1	0.0515132838439646
1	0.0538458323245511
1	0.0561775754490674
1	0.0585085100725761
1	0.0608386330635616
1	0.0631679413038896
1	0.0654964316887671
1	0.0678241011267024
1	0.0701509465394653
1	0.0724769648620471
1	0.0748021530426211
1	0.077126508042503
1	0.0794500268361115
1	0.0817727064109289
1	0.0840945437674619
1	0.0864155359192023
1	0.0887356798925883
1	0.0910549727269655
1	0.0933734114745477
1	0
1	0.00236376607505102
1	0.00472675207706422
1	0.00708895468905429
1	0.009450370608012
1	0.0118109965448624
1	0.0141708292244234
1	0.0165298653853637
1	0.018888101780162
1	0.0212455351750652
1	0.0236021623500475
1	0.0259579800987692
1	0.0283129852285356
1	0.0306671745602565
1	0.033020544928405
1	0.0353730931809772
1	0.0377248161794515
1	0.0400757107987482
1	0.0424257739271895
1	0.0447750024664586
1	0.0471233933315605
1	0.0494709434507811
1	0.0518176497656484
1	0.0541635092308916
1	0.0565085188144023
1	0.0588526754971947
1	0.061195976273366
1	0.0635384181500573
1	0.0658799981474144
1	0.0682207132985483
1	0.0705605606494969
1	0.0728995372591854
1	0.0752376401993879
1	0.0775748665546887
1	0.0799112134224437
1	0.0822466779127418
1	0.0845812571483666
1	0.0869149482647584
1	0.0892477484099757
1	0.0915796547446571
1	0.093910664441984
1	0
1	0.00236568188930435
1	0.00473057736762792
1	0.00709468313585912
1	0.00945799590881446
1	0.0118205124151969
1	0.0141822293975545
1	0.0165431436122385
1	0.0189032518293626
1	0.0212625508327616
1	0.0236210374199501
1	0.0259787084020817
1	0.0283355606039084
1	0.0306915908637392
1	0.0330467960334003
1	0.035401172978194
1	0.0377547185768583
1	0.040107429721527
1	0.0424593033176894
1	0.0448103362841497
1	0.0471605255529879
1	0.0495098680695193
1	0.0518583607922549
1	0.054206000692862
1	0.0565527847561243
1	0.0588987099799028
1	0.0612437733750965
1	0.0635879719656028
1	0.0659313027882789
1	0.0682737628929023
1	0.0706153493421326
1	0.072956059211472
1	0.0752958895892271
1	0.0776348375764703
1	0.0799729002870009
1	0.0823100748473076
1	0.0846463583965292
1	0.0869817480864175
1	0.0893162410812984
1	0.0916498345580346
1	0.0939825257059873
1	0
1	0.00240040490690948
1	0.00479990853131317
1	0.0071985078980503
1	0.00959620004501856
1	0.0119929820231348
1	0.0143888508962956
1	0.0167838037413385
1	0.0191778376480027
1	0.0215709497188902
1	0.0239631370694268
1	0.026354396827824
1	0.0287447261350397
1	0.03113412214474
1	0.033522582023261
1	0.0359101029495702
1	0.0382966821152286
1	0.0406823167243524
1	0.0430670039935751
1	0.0454507411520097
1	0.047833525441211
1	0.0502153541151379
1	0.0525962244401155
1	0.0549761336947983
1	0.0573550791701323
1	0.0597330581693182
1	0.0621100680077738
1	0.0644861060130974
1	0.0668611695250305
1	0.0692352558954212
1	0.0716083624881875
1	0.0739804866792804
1	0.0763516258566476
1	0.078721777420197
1	0.0810909387817605
1	0.0834591073650575
1	0.085826280605659
1	0.0881924559509514
1	0.0905576308601007
1	0.0929218028040167
1	0.095284969265317
1	0
1	0.00240081827595159
1	0.00480073390187993
1	0.00719974390648083
1	0.00959784533149817
1	0.0119950352316846
1	0.0143913106747625
1	0.0167866687413846
1	0.0191811065250951
1	0.0215746211322907
1	0.0239672096821823
1	0.0263588693067555
1	0.0287495971507327
1	0.0311393903715343
1	0.0335282461392405
1	0.0359161616365529
1	0.0383031340587566
1	0.0406891606136818
1	0.0430742385216662
1	0.045458365015517
1	0.0478415373404732
1	0.0502237527541677
1	0.0526050085265905
1	0.0549853019400505
1	0.0573646302891386
1	0.0597429908806903
1	0.0621203810337487
1	0.0644967980795276
1	0.0668722393613744
1	0.0692467022347331
1	0.071620184067108
1	0.0739926822380272
1	0.0763641941390053
1	0.078734717173508
1	0.081104248756915
1	0.0834727863164842
1	0.0858403272913155
1	0.0882068691323148
1	0.0905724093021582
1	0.0929369452752559
1	0.0953004745377168
1	0
1	0.00242116921296735
1	0.00484136845045037
1	0.00726059493101035
1	0.00967884588574698
1	0.0120961185582604
1	0.0145124102046134
1	0.0169277180932934
1	0.0193420395051751
1	0.0217553717334829
1	0.0241677120837531
1	0.026579057873797
1	0.0289894064336633
1	0.031398755105601
1	0.0338071012440227
1	0.0362144422154672
1	0.0386207753985629
1	0.041026098183991
1	0.0434304079744489
1	0.0458337021846137
1	0.0482359782411055
1	0.0506372335824515
1	0.0530374656590493
1	0.0554366719331311
1	0.0578348498787275
1	0.0602319969816317
1	0.0626281107393634
1	0.0650231886611334
1	0.0674172282678076
1	0.0698102270918717
1	0.0722021826773958
1	0.0745930925799987
1	0.0769829543668132
1	0.0793717656164502
1	0.0817595239189644
1	0.0841462268758189
1	0.0865318720998504
1	0.0889164572152346
1	0.0912999798574512
1	0.0936824376732496
1	0.0960638283206144
1	0
1	0.00242591416302569
1	0.00485084265320875
1	0.00727478273337877
1	0.00969773167878498
1	0.0121196867770585
1	0.0145406453281748
1	0.0169606046444163
1	0.019379562050335
1	0.0217975148827152
1	0.0242144604905363
1	0.0266303962349359
1	0.0290453194891728
1	0.03145922763859
1	0.0338721180805783
1	0.0362839882245393
1	0.038694835491849
1	0.0411046573158216
1	0.0435134511416728
1	0.0459212144264837
1	0.0483279446391647
1	0.0507336392604196
1	0.0531382957827091
1	0.0555419117102157
1	0.0579444845588077
1	0.0603460118560031
1	0.0627464911409348
1	0.0651459199643146
1	0.067544295888398
1	0.0699416164869491
1	0.0723378793452054
1	0.0747330820598425
1	0.0771272222389394
1	0.0795202975019435
1	0.081912305479636
1	0.0843032438140971
1	0.0866931101586713
1	0.0890819021779331
1	0.0914696175476526
1	0.0938562539547612
1	0.0962418090973174
1	0
1	0.00243433829870104
1	0.00486766305563045
1	0.00729997161221141
1	0.0097312613220757
1	0.0121615295510266
1	0.0145907736770019
1	0.0170189910900369
1	0.019446179192228
1	0.0218723353976952
1	0.0242974571325464
1	0.0267215418348403
1	0.0291445869545505
1	0.0315665899535285
1	0.0339875483054682
1	0.0364074594958694
1	0.038826321022002
1	0.04124413039287
1	0.0436608851291758
1	0.0460765827632843
1	0.0484912208391874
1	0.0509047969124687
1	0.0533173085502678
1	0.0557287533312451
1	0.0581391288455467
1	0.0605484326947691
1	0.0629566624919242
1	0.0653638158614046
1	0.0677698904389485
1	0.0701748838716052
1	0.0725787938177003
1	0.0749816179468011
1	0.0773833539396825
1	0.0797839994882923
1	0.082183552295717
1	0.084582010076148
1	0.0869793705548471
1	0.0893756314681125
1	0.0917707905632454
1	0.0941648455985158
1	0.0965577943431289
1	0
1	0.00245511342591775
1	0.00490914458128652
1	0.00736209100135249
1	0.00981395023305013
1	0.0122647198349665
1	0.0147143973773055
1	0.0171629804418525
1	0.0196104666219388
1	0.0220568535224063
1	0.0245021387595723
1	0.0269463199611943
1	0.0293893947664351
1	0.0318313608258274
1	0.0342722158012396
1	0.0367119573658406
1	0.0391505832040652
1	0.0415880910115796
1	0.0440244784952471
1	0.0464597433730931
1	0.0488938833742717
1	0.0513268962390309
1	0.0537587797186785
1	0.0561895315755485
1	0.0586191495829668
1	0.0610476315252177
1	0.06347497519751
1	0.0659011784059432
1	0.0683262389674745
1	0.0707501547098848
1	0.0731729234717456
1	0.075594543102386
1	0.0780150114618589
1	0.0804343264209085
1	0.0828524858609371
1	0.0852694876739722
1	0.0876853297626338
1	0.0901000100401015
1	0.092513526430082
1	0.0949258768667768
1	0.0973370592948493
1	0
1	0.00247029213810512
1	0.00493945179107921
1	0.00740747663577929
1	0.00987436436037056
1	0.0123401126642916
1	0.0148047192582198
1	0.0172681818640366
1	0.0197304982147937
1	0.0221916660546777
1	0.0246516831389767
1	0.0271105472340459
1	0.0295682561172733
1	0.032024807577046
1	0.0344801994127161
1	0.0369344294345672
1	0.0393874954637806
1	0.0418393953324015
1	0.0442901268833058
1	0.0467396879701664
1	0.0491880764574202
1	0.0516352902202345
1	0.0540813271444743
1	0.056526185126669
1	0.0589698620739792
1	0.0614123559041645
1	0.0638536645455501
1	0.0662937859369944
1	0.0687327180278565
1	0.0711704587779635
1	0.0736070061575781
1	0.0760423581473664
1	0.0784765127383659
1	0.0809094679319526
1	0.0833412217398098
1	0.0857717721838957
1	0.0882011172964114
1	0.0906292551197696
1	0.0930561837065625
1	0.0954819011195302
1	0.0979064054315294
1	0
1	0.00247461019670598
1	0.00494807362317524
1	0.00742038799655043
1	0.00989155104517421
1	0.0123615605085548
1	0.0148304141373316
1	0.017298109693241
1	0.0197646449490821
1	0.0222300176886828
1	0.0246942257068657
1	0.0271572668094143
1	0.0296191388130393
1	0.0320798395453445
1	0.0345393668447939
1	0.0369977185606775
1	0.0394548925530782
1	0.0419108866928387
1	0.0443656988615278
1	0.0468193269514077
1	0.0492717688654006
1	0.051723022517056
1	0.0541730858305177
1	0.0566219567404912
1	0.0590696331922106
1	0.0615161131414067
1	0.0639613945542738
1	0.0664054754074377
1	0.0688483536879235
1	0.0712900273931227
1	0.0737304945307619
1	0.0761697531188702
1	0.0786078011857474
1	0.0810446367699321
1	0.0834802579201699
1	0.0859146626953819
1	0.0883478491646327
1	0.0907798154070993
1	0.0932105595120394
1	0.0956400795787599
1	0.0980683737165863
1	0
1	0.00249903577787553
1	0.00499684398021711
1	0.00749342255204755
1	0.00998876944897795
1	0.0124828826371748
1	0.0149757600933274
1	0.0174673998046148
1	0.0199577997686739
1	0.0224469579935663
1	0.0249348724977464
1	0.0274215413100289
1	0.0299069624695567
1	0.0323911340257687
1	0.0348740540383677
1	0.0373557205772887
1	0.0398361317226671
1	0.0423152855648063
1	0.0447931802041471
1	0.0472698137512352
1	0.04974518432669
1	0.0522192900611733
1	0.0546921290953581
1	0.057163699579897
1	0.0596339996753913
1	0.0621030275523598
1	0.064570781391208
1	0.0670372593821972
1	0.0695024597254135
1	0.0719663806307373
1	0.0744290203178124
1	0.0768903770160159
1	0.0793504489644272
1	0.0818092344117983
1	0.0842667316165226
1	0.0867229388466057
1	0.0891778543796344
1	0.0916314765027471
1	0.0940838035126041
1	0.096534833715357
1	0.0989845654266195
1	0
1	0.002499387164502
1	0.00499754559100431
1	0.00749447322780807
1	0.00999016803379383
1	0.0124846279783888
1	0.0149778510415342
1	0.0174698352136524
1	0.0199605784956147
1	0.0224500788987086
1	0.0249383344446057
1	0.0274253431653292
1	0.0299111031032218
1	0.0323956123109138
1	0.0348788688512908
1	0.037360870797462
1	0.0398416162327283
1	0.0423211032505506
1	0.0447993299545181
1	0.0472762944583167
1	0.0497519948856979
1	0.0522264293704466
1	0.054699596056351
1	0.0571714930971701
1	0.0596421186566035
1	0.0621114709082601
1	0.064579548035627
1	0.0670463482320388
1	0.0695118697006467
1	0.071976110654388
1	0.0744390693159552
1	0.0769007439177657
1	0.0793611327019313
1	0.081820233920228
1	0.0842780458340655
1	0.0867345667144569
1	0.089189794841989
1	0.091643728506792
1	0.0940963660085098
1	0.0965477056562696
1	0.098997745768653
1	0
1	0.0025618627427269
1	0.00512229006423814
1	0.00768128049570512
1	0.010238832577314
1	0.0127949448582369
1	0.0153496158966037
1	0.0179028442594729
1	0.0204546285228037
1	0.0230049672714274
1	0.0255538590990192
1	0.0281013026080701
1	0.0306472964098584
1	0.033191839124422
1	0.0357349293805304
1	0.0382765658156568
1	0.04081674707595
1	0.0433554718162072
1	0.0458927386998457
1	0.048428546398876
1	0.0509628935938739
1	0.0534957789739529
1	0.0560272012367373
1	0.0585571590883348
1	0.061085651243309
1	0.0636126764246526
1	0.0661382333637605
1	0.0686623208004021
1	0.0711849374826954
1	0.0737060821670793
1	0.0762257536182875
1	0.0787439506093215
1	0.081260671921424
1	0.0837759163440525
1	0.086289682674853
1	0.0888019697196331
1	0.0913127762923363
1	0.0938221012150155
1	0.0963299433178069
1	0.0988363014389037
1	0.101341174424531
1	0
1	0.00256655218280226
1	0.00513165343067001
1	0.0076953023185251
1	0.0102574974301867
1	0.0128182373583429
1	0.0153775207045224
1	0.0179353460790664
1	0.0204917121011003
1	0.023046617398506
1	0.0256000606078935
1	0.028152040374573
1	0.0307025553525276
1	0.033251604204385
1	0.0357991856013901
1	0.0383452982233774
1	0.0408899407587434
1	0.0434331119044193
1	0.0459748103658435
1	0.0485150348569343
1	0.051053784100063
1	0.0535910568260265
1	0.05612685177402
1	0.0586611676916108
1	0.0611940033347105
1	0.0637253574675488
1	0.0662552288626466
1	0.0687836163007893
1	0.0713105185709998
1	0.0738359344705129
1	0.0763598628047478
1	0.0788823023872825
1	0.0814032520398271
1	0.0839227105921977
1	0.0864406768822903
1	0.0889571497560546
1	0.0914721280674678
1	0.0939856106785093
1	0.096497596459134
1	0.0990080842872473
1	0.101517073048679
1	0
1	0.00258702986656925
1	0.00517254105343626
1	0.00775653232657084
1	0.0103390024603273
1	0.0129199502374172
1	0.0154993744488829
1	0.0180772738940702
1	0.0206536473806016
1	0.02322849372435
1	0.0258018117494115
1	0.0283736002880793
1	0.030943858180817
1	0.0335125842762321
1	0.0360797774310498
1	0.0386454365100869
1	0.041209560386225
1	0.043772147940385
1	0.0463331980615009
1	0.0488927096464936
1	0.0514506816002452
1	0.054007112835573
1	0.0565620022732041
1	0.0591153488417493
1	0.0616671514776776
1	0.0642174091252909
1	0.0667661207366982
1	0.0693132852717904
1	0.071858901698215
1	0.0744029689913505
1	0.0769454861342816
1	0.0794864521177743
1	0.08202586594025
1	0.0845637266077612
1	0.0871000331339668
1	0.0896347845401063
1	0.0921679798549762
1	0.0946996181149043
1	0.0972296983637259
1	0.0997582196527586
1	0.102285181040778
1	0
1	0.00259652297063691
1	0.00519149585625553
1	0.00778491751139228
1	0.0103767867987303
1	0.0129671025890728
1	0.0155558637613174
1	0.0181430692024291
1	0.0207287178074146
1	0.0233128084792961
1	0.0258953401290852
1	0.0284763116757571
1	0.0310557220462245
1	0.0336335701753122
1	0.0362098550057307
1	0.0387845754880514
1	0.0413577305806801
1	0.0439293192498323
1	0.0464993404695073
1	0.0490677932214628
1	0.0516346764951898
1	0.0541999892878875
1	0.0567637306044377
1	0.0593258994573799
1	0.0618864948668866
1	0.0644455158607379
1	0.067002961474297
1	0.0695588307504848
1	0.0721131227397562
1	0.0746658365000741
1	0.0772169710968861
1	0.0797665256030991
1	0.0823144990990551
1	0.0848608906725068
1	0.0874056994185936
1	0.0899489244398166
1	0.0924905648460152
1	0.0950306197543426
1	0.0975690882892416
1	0.100105969582421
1	0.102641262772832
1	0
1	0.00260654873784339
1	0.00521151422318341
1	0.00781489540409257
1	0.010416691236539
1	0.0130169006843605
1	0.0156155227192395
1	0.0182125563206766
1	0.0208080004759658
1	0.0234018541801687
1	0.0259941164360892
1	0.0285847862542483
1	0.0311738626528587
1	0.0337613446577996
1	0.0363472313025922
1	0.0389315216283737
1	0.0415142146838733
1	0.0440953095253867
1	0.0466748052167517
1	0.0492527008293232
1	0.0518289954419485
1	0.054403688140943
1	0.0569767780200655
1	0.0595482641804937
1	0.0621181457307998
1	0.0646864217869265
1	0.0672530914721622
1	0.0698181539171172
1	0.0723816082596996
1	0.0749434536450912
1	0.0775036892257232
1	0.0800623141612529
1	0.0826193276185392
1	0.0851747287716195
1	0.0877285168016855
1	0.0902806908970595
1	0.0928312502531713
1	0.0953801940725343
1	0.0979275215647221
1	0.100473231946346
1	0.103017324441029
1	0
1	0.00261037422108821
1	0.00521915253411704
1	0.00782633392284911
1	0.0104319173788468
1	0.0130359019014469
1	0.0156382864977349
1	0.01823907018252
1	0.0208382519783098
1	0.023435830915285
1	0.0260318060312741
1	0.0286261763717287
1	0.0312189409896985
1	0.0338100989458062
1	0.0363996493082226
1	0.0389875911526422
1	0.0415739235622581
1	0.0441586456277377
1	0.0467417564471979
1	0.0493232551261807
1	0.0519031407776287
1	0.0544814125218611
1	0.057058069486549
1	0.0596331108066912
1	0.0622065356245903
1	0.0647783430898286
1	0.0673485323592438
1	0.0699171025969055
1	0.0724840529740909
1	0.0750493826692611
1	0.0776130908680378
1	0.0801751767631788
1	0.0827356395545551
1	0.0852944784491271
1	0.0878516926609211
1	0.0904072814110059
1	0.0929612439274696
1	0.095513579445396
1	0.0980642872068418
1	0.100613366460813
1	0.103160816463243
1	0
1	0.00261512071020457
1	0.00522862980989989
1	0.00784052632713128
1	0.010450809297625
1	0.0130594777647629
1	0.0156665307795578
1	0.0182719674006278
1	0.0208757866941719
1	0.0234779877339449
1	0.0260785696012327
1	0.0286775313848271
1	0.0312748721810019
1	0.0338705910934877
1	0.0364646872334476
1	0.0390571597194527
1	0.0416480076774578
1	0.0442372302407767
1	0.0468248265500587
1	0.0494107957532635
1	0.0519951370056377
1	0.0545778494696907
1	0.0571589323151705
1	0.0597383847190397
1	0.0623162058654521
1	0.0648923949457286
1	0.0674669511583333
1	0.0700398737088504
1	0.0726111618099601
1	0.0751808146814154
1	0.0777488315500186
1	0.0803152116495975
1	0.0828799542209831
1	0.085443058511985
1	0.0880045237773694
1	0.0905643492788354
1	0.0931225342849919
1	0.0956790780713349
1	0.0982339799202244
1	0.100787239120862
1	0.103338854969266
1	0
1	0.00262101818111411
1	0.00524040524156336
1	0.00785816026441393
1	0.0104742823402652
1	0.013088770567225
1	0.0157016240508849
1	0.0183128419042955
1	0.0209224232479421
1	0.0235303672097199
1	0.0261366729249097
1	0.0287413395361538
1	0.0313443661934313
1	0.033945752054034
1	0.0365454962825424
1	0.0391435980508017
1	0.0417400565378973
1	0.0443348709301314
1	0.0469280404209988
1	0.0495195642111632
1	0.0521094415084335
1	0.05469767152774
1	0.0572842534911108
1	0.0598691866276483
1	0.062452470173506
1	0.0650341033718644
1	0.0676140854729084
1	0.0701924157338036
1	0.0727690934186731
1	0.0753441177985745
1	0.0779174881514768
1	0.0804892037622372
1	0.0830592639225784
1	0.0856276679310655
1	0.0881944150930834
1	0.0907595047208138
1	0.0933229361332127
1	0.0958847086559876
1	0.0984448216215751
1	0.101003274369118
1	0.103560066244444
1	0
1	0.00262505803933025
1	0.00524847159323917
1	0.00787023978248307
1	0.0104903617352503
1	0.0131088365871368
1	0.0157256634811214
1	0.0183408415675419
1	0.0209543700040703
1	0.0235662479556891
1	0.0261764745946665
1	0.0287850491005328
1	0.0313919706600562
1	0.033997238467219
1	0.0366008517231933
1	0.0392028096363178
1	0.0418031114220733
1	0.0444017563030597
1	0.0469987435089719
1	0.0495940722765767
1	0.0521877418496889
1	0.0547797514791478
1	0.0573701004227944
1	0.0599587879454477
1	0.0625458133188814
1	0.0651311758218012
1	0.0677148747398211
1	0.0702969093654408
1	0.0728772789980227
1	0.0754559829437689
1	0.0780330205156982
1	0.0806083910336237
1	0.08318209382413
1	0.0857541282205502
1	0.0883244935629438
1	0.0908931891980741
1	0.0934602144793853
1	0.0960255687669808
1	0.0985892514276004
1	0.101151261834598
1	0.10371159936792
1	0
1	0.00262859473076092
1	0.00525553327593254
1	0.00788081478926699
1	0.0105044384318599
1	0.0131264033721259
1	0.0157467087857749
1	0.0183653538557874
1	0.0209823377723908
1	0.0235976597330352
1	0.0262113189423697
1	0.0288233146122182
1	0.031433645961556
1	0.0340423122164857
1	0.0366493126102138
1	0.039254646383027
1	0.0418583127822685
1	0.0444603110623152
1	0.0470606404845533
1	0.0496593003173557
1	0.0522562898360587
1	0.0548516083229385
1	0.0574452550671881
1	0.0600372293648944
1	0.0626275305190154
1	0.0652161578393566
1	0.0678031106425489
1	0.0703883882520251
1	0.0729719899979977
1	0.075553915217436
1	0.0781341632540434
1	0.0807127334582349
1	0.0832896251871149
1	0.0858648378044542
1	0.0884383706806684
1	0.0910102231927947
1	0.0935803947244705
1	0.0961488846659108
1	0.098715692413886
1	0.1012808173717
1	0.103844258949169
1	0
1	0.00264615124498958
1	0.0052905882235057
1	0.00793331025309522
1	0.0105743166582087
1	0.0132136067701775
1	0.0158511799271903
1	0.0184870354742707
1	0.0211211727632538
1	0.0237535911527635
1	0.0263842900081901
1	0.0290132687016667
1	0.0316405266120477
1	0.0342660631248851
1	0.0368898776324068
1	0.0395119695334936
1	0.042132338233657
1	0.044750983145017
1	0.0473679036862797
1	0.0499830992827149
1	0.0525965693661342
1	0.0552083133748691
1	0.0578183307537483
1	0.0604266209540765
1	0.0630331834336119
1	0.065638017656545
1	0.0682411230934761
1	0.0708424992213941
1	0.0734421455236548
1	0.0760400614899589
1	0.0786362466163311
1	0.0812307004050982
1	0.0838234223648677
1	0.0864144120105068
1	0.0890036688631206
1	0.0915911924500315
1	0.0941769823047573
1	0.0967610379669908
1	0.0993433589825784
1	0.101923944903499
1	0.104502795287843
1	0
1	0.00266420467555679
1	0.00532663535984532
1	0.0079872915388432
1	0.0106461727049796
1	0.0133032783571135
1	0.0159586080005115
1	0.0186121611468263
1	0.0212639373140751
1	0.0239139360266176
1	0.0265621568151343
1	0.0292085992166056
1	0.0318532627742896
1	0.034496147037701
1	0.0371372515625899
1	0.03977657591092
1	0.042414119650848
1	0.0450498823567019
1	0.04768386360896
1	0.05031606299423
1	0.0529464801052278
1	0.0555751145407569
1	0.058201965905687
1	0.0608270338109336
1	0.0634503178734369
1	0.0660718177161417
1	0.0686915329679759
1	0.0713094632638306
1	0.0739256082445393
1	0.0765399675568574
1	0.0791525408534418
1	0.0817633277928308
1	0.0843723280394234
1	0.0869795412634594
1	0.089584967140999
1	0.0921886053539029
1	0.0947904555898119
1	0.0973905175421272
1	0.0999887909099905
1	0.102585275398264
1	0.10517997071751
1	0
1	0.00267398733419187
1	0.00534616831388806
1	0.00801654251633414
1	0.0106851095249823
1	0.0133518689294701
1	0.0160168203255991
1	0.0186799633153139
1	0.0213412975066811
1	0.0240008225138677
1	0.0266585379571212
1	0.0293144434627475
1	0.031968538663091
1	0.0346208231965132
1	0.0372712967073723
1	0.0399199588460023
1	0.0425668092686927
1	0.0452118476376675
1	0.0478550736210651
1	0.0504964868929177
1	0.053136087133131
1	0.0557738740274636
1	0.0584098472675071
1	0.0610440065506658
1	0.0636763515801363
1	0.0663068820648879
1	0.0689355977196419
1	0.0715624982648522
1	0.0741875834266853
1	0.076810852937
1	0.0794323065333282
1	0.0820519439588547
1	0.0846697649623977
1	0.0872857692983892
1	0.0898999567268552
1	0.0925123270133965
1	0.095122879929169
1	0.0977316152508643
1	0.10033853276069
1	0.102943632246353
1	0.105546913501034
1	0
1	0.00271666122358387
1	0.00543137491788107
1	0.00814414105826622
1	0.0108549596252518
1	0.0135638306044696
1	0.0162707539866524
1	0.0189757297676157
1	0.0216787579482392
1	0.0243798385344489
1	0.0270789715371985
1	0.0297761569724515
1	0.0324713948611633
1	0.0351646852292627
1	0.0378560281076344
1	0.0405454235321006
1	0.0432328715434038
1	0.0459183721871881
1	0.0486019255139822
1	0.0512835315791811
1	0.0539631904430291
1	0.0566409021706015
1	0.0593166668317872
1	0.0619904845012716
1	0.0646623552585187
1	0.0673322791877537
1	0.070000256377946
1	0.0726662869227914
1	0.0753303709206953
1	0.077992508474755
1	0.080652699692743
1	0.0833109446870896
1	0.0859672435748659
1	0.0886215964777669
1	0.0912740035220943
1	0.0939244648387398
1	0.0965729805631681
1	0.0992195508354001
1	0.101864175799996
1	0.10450685560604
1	0.10714759040712
1	0
1	0.00273858792046876
1	0.00547515577322292
1	0.00820970373820376
1	0.0109422319999412
1	0.013672740747537
1	0.0164012301746473
1	0.0191277004794663
1	0.0218521518647092
1	0.0245745845375951
1	0.0272949987098308
1	0.0300133945975936
1	0.0327297724215148
1	0.0354441324066632
1	0.0381564747825283
1	0.0408667997830043
1	0.0435751076463727
1	0.046281398615287
1	0.0489856729367555
1	0.0516879308621251
1	0.0543881726470656
1	0.0570863985515527
1	0.0597826088398522
1	0.062476803780504
1	0.0651689836463057
1	0.0678591487142967
1	0.0705472992657423
1	0.0732334355861177
1	0.0759175579650918
1	0.0785996666965119
1	0.0812797620783874
1	0.0839578444128744
1	0.0866339140062596
1	0.089307971168945
1	0.0919800162154323
1	0.0946500494643067
1	0.0973180712382223
1	0.0999840818638857
1	0.102648081672041
1	0.105310070997455
1	0.107970050178901
1	0
1	0.00273985925853456
1	0.00547769424348324
1	0.00821350514664837
1	0.0109472921643891
1	0.0136790554976044
1	0.0164087953517165
1	0.0191365119366537
1	0.0218622054668337
1	0.0245858761611471
1	0.0273075242429404
1	0.0300271499399996
1	0.0327447534845335
1	0.0354603351131572
1	0.0381738950668759
1	0.0408854335910677
1	0.0435949509354682
1	0.0463024473541535
1	0.049007923105524
1	0.0517113784522884
1	0.0544128136614472
1	0.0571122290042768
1	0.0598096247563133
1	0.0625050011973364
1	0.0651983586113536
1	0.0678896972865838
1	0.0705790175154419
1	0.0732663195945226
1	0.0759516038245848
1	0.0786348705105354
1	0.0813161199614141
1	0.0839953524903775
1	0.0866725684146835
1	0.0893477680556754
1	0.0920209517387668
1	0.094692119793426
1	0.0973612725531602
1	0.1000284103555
1	0.102693533541986
1	0.10535664245815
1	0.108017737453503
1	0
1	0.00274510881764029
1	0.00548817599497655
1	0.00822920177278722
1	0.0109681863962761
1	0.0137051301150558
1	0.0164400331831312
1	0.0191728958588828
1	0.0219037184050506
1	0.0246325010887177
1	0.0273592441812937
1	0.0300839479584984
1	0.0328066127003461
1	0.0355272386911286
1	0.0382458262193999
1	0.0409623755779595
1	0.0436768870638364
1	0.0463893609782736
1	0.0490997976267114
1	0.0518081973187722
1	0.0545145603682441
1	0.0572188870930655
1	0.0599211778153089
1	0.0626214328611656
1	0.0653196525609298
1	0.0680158372489829
1	0.070709987263778
1	0.0734021029478247
1	0.0760921846476727
1	0.0787802327138976
1	0.0814662475010842
1	0.0841502293678122
1	0.0868321786766402
1	0.0895120957940909
1	0.0921899810906355
1	0.0948658349406786
1	0.0975396577225434
1	0.100211449818456
1	0.102881211614531
1	0.105548943500756
1	0.108214645870978
1	0
1	0.00274986417650608
1	0.00549767098091515
1	0.0082434206983711
1	0.0109871136183241
1	0.0137287500345143
1	0.0164683302449556
1	0.0192058545519196
1	0.0219413232619194
1	0.0246747366856935
1	0.0274060951381899
1	0.0301353989385499
1	0.0328626484100925
1	0.0355878438802982
1	0.0383109856807933
1	0.0410320741473342
1	0.0437511096197915
1	0.0464680924421343
1	0.0491830229624148
1	0.0518959015327523
1	0.054606728509318
1	0.0573155042523193
1	0.0600222291259842
1	0.0627269034985464
1	0.0654295277422293
1	0.0681301022332309
1	0.0708286273517087
1	0.0735251034817642
1	0.0762195310114279
1	0.0789119103326438
1	0.0816022418412548
1	0.0842905259369872
1	0.086976763023436
1	0.0896609535080497
1	0.0923430978021153
1	0.0950231963207437
1	0.0977012494828546
1	0.100377257711162
1	0.103051221432159
1	0.105723141076103
1	0.108393017077003
1	0
1	0.00275543607760005
1	0.0055087963500054
1	0.00826008115434336
1	0.011009290831908
1	0.0137564257281442
1	0.0165014861926317
1	0.0192444725790697
1	0.0219853852452605
1	0.0247242245530943
1	0.0274609908685335
1	0.0301956845615966
1	0.0329283060063433
1	0.0356588555808585
1	0.038387333667237
1	0.0411137406515682
1	0.0438380769239204
1	0.0465603428783257
1	0.0492805389127645
1	0.0519986654291507
1	0.0547147228333159
1	0.0574287115349946
1	0.0601406319478089
1	0.0628504844892538
1	0.0655582695806817
1	0.0682639876472875
1	0.070967639118094
1	0.0736692244259367
1	0.076368744007449
1	0.0790661983030473
1	0.0817615877569166
1	0.0844549128169954
1	0.0871461739349611
1	0.0898353715662155
1	0.09252250616987
1	0.0952075782087313
1	0.0978905881492867
1	0.10057153646169
1	0.103250423619746
1	0.105927250100897
1	0.10860201638621
1	0
1	0.00276317156063776
1	0.00552424172536911
1	0.00828321090349009
1	0.0110400795082698
1	0.0137948479569347
1	0.0165475166706539
1	0.0192980860745232
1	0.0220465565975502
1	0.0247929286726391
1	0.0275372027365753
1	0.0302793792300106
1	0.033019458597448
1	0.0357574412872267
1	0.038493327751507
1	0.0412271184462557
1	0.0439588138312306
1	0.0466884143699664
1	0.0494159205297592
1	0.0521413327816525
1	0.0548646516004217
1	0.0575858774645599
1	0.0603050108562632
1	0.063022052261416
1	0.0657370021695766
1	0.0684498610739626
1	0.0711606294714366
1	0.0738693078624914
1	0.0765758967512361
1	0.0792803966453816
1	0.081982808056226
1	0.0846831314986409
1	0.0873813674910569
1	0.0900775165554493
1	0.0927715792173243
1	0.0954635560057048
1	0.0981534474531161
1	0.100841254095572
1	0.103526976472563
1	0.106210615127036
1	0.108892170605389
1	0
1	0.00276617717638567
1	0.00553024301361434
1	0.00829219794902319
1	0.0110520424238471
1	0.0138097768832034
1	0.0165654017760769
1	0.0193189175553047
1	0.022070324677561
1	0.0248196236033425
1	0.027566814796953
1	0.0303118987264886
1	0.0330548758638231
1	0.0357957466845928
1	0.0385345116681821
1	0.0412711712977084
1	0.0440057260600074
1	0.046738176445619
1	0.049468522948772
1	0.0521967660673699
1	0.0549229063029762
1	0.0576469441608001
1	0.0603688801496822
1	0.0630887147820794
1	0.0658064485740516
1	0.0685220820452463
1	0.0712356157188851
1	0.0739470501217494
1	0.0766563857841656
1	0.0793636232399919
1	0.0820687630266032
1	0.0847718056848779
1	0.0874727517591834
1	0.0901716017973623
1	0.0928683563507182
1	0.0955630159740023
1	0.0982555812253991
1	0.100946052666513
1	0.103634430862353
1	0.106320716381323
1	0.109004909795203
1	0
1	0.00276997350529002
1	0.00553782311231613
1	0.00830354929383361
1	0.0110671525264004
1	0.013828633290362
1	0.0165879920698369
1	0.0193452293527014
1	0.0221003456305751
1	0.0248533413988059
1	0.0276042171564554
1	0.0303529734062844
1	0.0330996106547379
1	0.0358441294119309
1	0.0385865301916335
1	0.0413268135112567
1	0.0440649798918379
1	0.0468010298580264
1	0.049534963938069
1	0.0522667826637957
1	0.0549964865706056
1	0.0577240761974525
1	0.0604495520868306
1	0.0631729147847605
1	0.0658941648407752
1	0.0686133028079056
1	0.0713303292426669
1	0.0740452447050446
1	0.0767580497584801
1	0.0794687449698572
1	0.0821773309094883
1	0.0848838081511002
1	0.0875881772718206
1	0.0902904388521643
1	0.0929905934760194
1	0.0956886417306339
1	0.0983845842066016
1	0.101078421497849
1	0.103770154201622
1	0.10645978291847
1	0.109147308252238
1	0
1	0.00279390628976311
1	0.005585609506247
1	0.00837511034548955
1	0.0111624095067318
1	0.0139475076924048
1	0.0167304056081161
1	0.0195111039626364
1	0.0222896034678867
1	0.0250659048389248
1	0.0278400087939321
1	0.0306119160542009
1	0.0333816273441208
1	0.0361491433911659
1	0.0389144649258821
1	0.0416775926818735
1	0.0444385273957902
1	0.0471972698073148
1	0.0499538206591499
1	0.0527081806970053
1	0.0554603506695851
1	0.0582103313285752
1	0.0609581234286302
1	0.0637037277273611
1	0.0664471449853228
1	0.0691883759660011
1	0.0719274214358003
1	0.0746642821640312
1	0.0773989589228979
1	0.0801314524874857
1	0.0828617636357488
1	0.0855898931484981
1	0.0883158418093883
1	0.0910396104049062
1	0.0937611997243583
1	0.0964806105598584
1	0.0991978437063156
1	0.101912899961422
1	0.104625780125642
1	0.107336485002197
1	0.110045015397057
1	0
1	0.00281285226556678
1	0.00562343878031986
1	0.00843176041705491
1	0.0112378180512963
1	0.0140416125612851
1	0.0168431448279669
1	0.0196424157349797
1	0.0224394261686424
1	0.0252341770179421
1	0.0280266691745228
1	0.0308169035326734
1	0.0336048809893156
1	0.0363906024439923
1	0.0391740687988557
1	0.041955280958656
1	0.044734239830729
1	0.0475109463249848
1	0.0502854013538964
1	0.0530576058324876
1	0.0558275606783219
1	0.0585952668114907
1	0.061360725154602
1	0.0641239366327685
1	0.066884902173597
1	0.0696436227071761
1	0.0724000991660656
1	0.0751543324852847
1	0.0779063236023009
1	0.0806560734570188
1	0.0834035829917688
1	0.0861488531512959
1	0.0888918848827487
1	0.091632679135668
1	0.0943712368619761
1	0.0971075590159656
1	0.0998416465542882
1	0.102573500435944
1	0.10530312162227
1	0.108030511076931
1	0.110755669765905
1	0
1	0.00282187067574488
1	0.00564144576575381
1	0.00845872622696034
1	0.0112737130188009
1	0.0140864071032033
1	0.0168968094445751
1	0.0197049210097925
1	0.0225107427681887
1	0.0253142756915425
1	0.0281155207540672
1	0.0309144789323992
1	0.0337111512055866
1	0.0365055385550782
1	0.0392976419647121
1	0.0420874624207049
1	0.0448750009116401
1	0.0476602584284572
1	0.050443235964441
1	0.05322393451521
1	0.0560023550787058
1	0.0587784986551819
1	0.0615523662471932
1	0.0643239588595845
1	0.0670932774994802
1	0.0698603231762731
1	0.0726250969016141
1	0.0753875996894006
1	0.0781478325557667
1	0.080905796519072
1	0.083661492599891
1	0.0864149218210026
1	0.0891660852073794
1	0.0919149837861771
1	0.0946616185867243
1	0.0974059906405115
1	0.100148100981181
1	0.102887950644517
1	0.105625540668433
1	0.108360872092964
1	0.111093945960257
1	0
1	0.00282516981211915
1	0.00564803312421975
1	0.0084685909240149
1	0.0112868442016379
1	0.014102793949631
1	0.0169164411629342
1	0.0197277868388739
1	0.0225368319771519
1	0.025343577579834
1	0.0281480246513393
1	0.0309501741984286
1	0.0337500272301937
1	0.0365475847580466
1	0.0393428477957078
1	0.0421358173591961
1	0.0449264944668172
1	0.0477148801391531
1	0.0505009753990513
1	0.0532847812716136
1	0.0560662987841857
1	0.0588455289663463
1	0.0616224728498966
1	0.0643971314688492
1	0.0671695058594179
1	0.0699395970600066
1	0.0727074061111995
1	0.0754729340557496
1	0.0782361819385689
1	0.0809971508067174
1	0.0837558417093934
1	0.086512255697922
1	0.0892663938257457
1	0.0920182571484137
1	0.0947678467235712
1	0.0975151636109496
1	0.100260208872356
1	0.103002983571664
1	0.1057434887748
1	0.108481725549739
1	0.111217694966489
1	0
1	0.00283029661376364
1	0.00565826976689978
1	0.00848392049495236
1	0.0113072498357572
1	0.0141282588294308
1	0.0169469485183599
1	0.0197633199471903
1	0.0225773741628158
1	0.0253891122143679
1	0.0281985351532047
1	0.0310056440329002
1	0.0338104399092335
1	0.0366129238401786
1	0.0394130968858929
1	0.0422109601087074
1	0.0450065145731157
1	0.0477997613457636
1	0.0505907014954383
1	0.0533793360930585
1	0.0561656662116633
1	0.0589496929264022
1	0.0617314173145246
1	0.0645108404553694
1	0.0672879634303547
1	0.0700627873229675
1	0.0728353132187536
1	0.075605542205307
1	0.0783734753722602
1	0.0811391138112735
1	0.0839024586160254
1	0.0866635108822019
1	0.0894222717074872
1	0.0921787421915528
1	0.0949329234360481
1	0.0976848165445904
1	0.100434422622755
1	0.103181742778063
1	0.105926778119977
1	0.108669529759886
1	0.111409998811096
1	0
1	0.00288115355716996
1	0.00575981540754461
1	0.00863598706114131
1	0.0115096700289955
1	0.0143808658231532
1	0.0172495759566634
1	0.0201158019435704
1	0.0229795452989066
1	0.0258408075386848
1	0.0286995901798907
1	0.0315558947404757
1	0.0344097227393492
1	0.0372610756963713
1	0.0401099551323456
1	0.0429563625690118
1	0.0458002995290382
1	0.0486417675360145
1	0.0514807681144446
1	0.0543173027897395
1	0.0571513730882096
1	0.0599829805370581
1	0.0628121266643732
1	0.0656388129991215
1	0.0684630410711407
1	0.0712848124111323
1	0.0741041285506547
1	0.0769209910221162
1	0.0797354013587678
1	0.0825473610946964
1	0.0853568717648173
1	0.0881639349048681
1	0.0909685520514011
1	0.0937707247417764
1	0.0965704545141554
1	0.0993677429074935
1	0.102162591461534
1	0.104955001716799
1	0.107744975214587
1	0.110532513496961
1	0.113317618106746
1	0
1	0.00288998322140318
1	0.00577744552550271
1	0.0086623885046929
1	0.011544813752165
1	0.0144247228619004
1	0.0173021174286632
1	0.0201769990479938
1	0.0230493693162017
1	0.0259192298303584
1	0.0287865821882909
1	0.0316514279885746
1	0.0345137688305266
1	0.0373736063141987
1	0.0402309420403707
1	0.0430857776105437
1	0.0459381146269332
1	0.0487879546924627
1	0.0516352994107564
1	0.0544801503861331
1	0.0573225092235993
1	0.0601623775288425
1	0.0629997569082247
1	0.0658346489687758
1	0.0686670553181869
1	0.071496977564804
1	0.0743244173176211
1	0.0771493761862742
1	0.0799718557810341
1	0.0827918577128009
1	0.0856093835930966
1	0.0884244350340593
1	0.0912370136484365
1	0.094047121049579
1	0.0968547588514343
1	0.0996599286685402
1	0.102462632116019
1	0.10526287080957
1	0.108060646365465
1	0.110855960400541
1	0.113648814532194
1	0
1	0.00289951084618717
1	0.00579646925555239
1	0.00869087690937861
1	0.0115827354895072
1	0.0144720466783313
1	0.01735881215879
1	0.0202430336143615
1	0.023124712729057
1	0.0260038511874146
1	0.0288804506744926
1	0.0317545128758636
1	0.0346260394776083
1	0.0374950321663092
1	0.0403614926290441
1	0.0432254225533807
1	0.0460868236273696
1	0.0489456975395388
1	0.0518020459788875
1	0.0546558706348797
1	0.0575071731974385
1	0.06035595535694
1	0.0632022188042069
1	0.0660459652305033
1	0.0688871963275279
1	0.0717259137874085
1	0.074562119302696
1	0.0773958145663585
1	0.0802270012717754
1	0.0830556811127312
1	0.0858818557834104
1	0.0887055269783908
1	0.0915266963926384
1	0.0943453657215012
1	0.0971615366607035
1	0.0999752109063403
1	0.102786390154871
1	0.105595076103116
1	0.108401270448245
1	0.111204974887781
1	0.114006191119585
1	0
1	0.00292206651381473
1	0.0058415059716034
1	0.00875832026508363
1	0.0116725112859665
1	0.0145840809259517
1	0.0174930310767225
1	0.0203993636299412
1	0.0233030804772441
1	0.0262041835102366
1	0.0291026746204886
1	0.0319985556995297
1	0.0348918286388443
1	0.0377824953298671
1	0.0406705576639781
1	0.0435560175324981
1	0.0464388768266839
1	0.0493191374377236
1	0.0521968012567322
1	0.0550718701747464
1	0.0579443460827208
1	0.0608142308715225
1	0.063681526431927
1	0.0665462346546135
1	0.0694083574301602
1	0.0722678966490399
1	0.0751248542016156
1	0.0779792319781357
1	0.0808310318687299
1	0.0836802557634042
1	0.086526905552037
1	0.0893709831243742
1	0.0922124903700252
1	0.095051429178458
1	0.0978878014389953
1	0.10072160904081
1	0.10355285387292
1	0.106381537824186
1	0.109207662783305
1	0.112031230638806
1	0.114852243279047
1	0
1	0.00292220239101957
1	0.00584177727650082
1	0.00875872654942907
1	0.0116730521027797
1	0.0145847558295131
1	0.0174938396225703
1	0.0204003053748676
1	0.023304154979292
1	0.0262053903286963
1	0.0291040133158945
1	0.0320000258336568
1	0.0348934297747052
1	0.0377842270317082
1	0.0406724194972767
1	0.0435580090639588
1	0.0464409976242354
1	0.0493213870705156
1	0.0521991792951318
1	0.0550743761903352
1	0.0579469796482913
1	0.0608169915610749
1	0.0636844138206662
1	0.0665492483189455
1	0.0694114969476892
1	0.0722711615985649
1	0.0751282441631273
1	0.0779827465328133
1	0.0808346705989376
1	0.0836840182526884
1	0.0865307913851229
1	0.0893749918871629
1	0.09221662164959
1	0.095055682563042
1	0.0978921765180076
1	0.100726105404823
1	0.103557471113666
1	0.106386275534554
1	0.109212520557337
1	0.112036208071697
1	0.114857339967138
1	0
1	0.00293962584287402
1	0.00587656653952573
1	0.00881082414549374
1	0.0117424007158703
1	0.0146712983052978
1	0.0175975189679646
1	0.0205210647576018
1	0.0234419377274793
1	0.0263601399304024
1	0.0292756734187078
1	0.0321885402442601
1	0.0350987424584483
1	0.0380062821121822
1	0.0409111612558886
1	0.0438133819395079
1	0.0467129462124903
1	0.0496098561237928
1	0.052504113721875
1	0.055395721054696
1	0.0582846801697107
1	0.0611709931138665
1	0.0640546619335996
1	0.0669356886748316
1	0.0698140753829662
1	0.0726898241028855
1	0.075562936878947
1	0.0784334157549796
1	0.0813012627742806
1	0.0841664799796124
1	0.0870290694131988
1	0.0898890331167219
1	0.0927463731313185
1	0.0956010914975772
1	0.0984531902555347
1	0.101302671444672
1	0.104149537103914
1	0.10699378927162
1	0.109835429985589
1	0.112674461283048
1	0.115510885200654
1	0
1	0.00294117962615626
1	0.00587966896582684
1	0.00881547008904649
1	0.0117485850653647
1	0.0146790159638422
1	0.0176067648530471
1	0.0205318338010515
1	0.0234542248754281
1	0.0263739401432461
1	0.0292909816710682
1	0.0322053515249467
1	0.0351170517704202
1	0.03802608447251
1	0.0409324516957165
1	0.0438361555040161
1	0.0467371979608573
1	0.0496355811291573
1	0.0525313070712991
1	0.0554243778491273
1	0.0583147955239452
1	0.0612025621565113
1	0.0640876798070359
1	0.0669701505351777
1	0.0698499764000405
1	0.0727271594601698
1	0.0756017017735495
1	0.0784736053975985
1	0.0813428723891678
1	0.0842095048045366
1	0.0870735046994094
1	0.0899348741289128
1	0.092793615147592
1	0.0956497298094078
1	0.0985032201677332
1	0.10135408827535
1	0.104202336184447
1	0.107047965946614
1	0.109890979612841
1	0.112731379233515
1	0.115569166858417
1	0
1	0.00294329722995178
1	0.00588389716790989
1	0.00882180190366541
1	0.0117570135264711
1	0.0146895341250381
1	0.0176193657875323
1	0.0205465106015707
1	0.0234709706542184
1	0.0263927480319852
1	0.0293118448208214
1	0.0322282631061155
1	0.0351420049726901
1	0.0380530725047986
1	0.0409614677861221
1	0.043867192899766
1	0.0467702499282565
1	0.0496706409535373
1	0.0525683680569666
1	0.0554634333193134
1	0.0583558388207546
1	0.0612455866408715
1	0.0641326788586465
1	0.0670171175524602
1	0.0698989048000878
1	0.0727780426786961
1	0.0756545332648404
1	0.0785283786344609
1	0.0813995808628802
1	0.0842681420247994
1	0.0871340641942956
1	0.0899973494448182
1	0.0928579998491864
1	0.0957160174795854
1	0.0985714044075642
1	0.101424162704031
1	0.104274294439253
1	0.10712180168285
1	0.109966686503792
1	0.112808950970399
1	0.115648597150336
1	0
1	0.00294711913174085
1	0.00589152832778027
1	0.00883322971356604
1	0.011772225413912
1	0.0147085175529946
1	0.01764210825435
1	0.0205729996408709
1	0.0235011938348028
1	0.0264266929577414
1	0.0293494991306295
1	0.0322696144737531
1	0.0351870411067392
1	0.0381017811485521
1	0.0410138367174904
1	0.043923209931184
1	0.0468299029065909
1	0.0497339177599945
1	0.0526352566069998
1	0.055533921562531
1	0.0584299147408285
1	0.0613232382554452
1	0.0642138942192443
1	0.0671018847443958
1	0.0699872119423737
1	0.0728698779239531
1	0.0757498847992069
1	0.0786272346775035
1	0.0815019296675031
1	0.0843739718771553
1	0.0872433634136961
1	0.090110106383645
1	0.092974202892802
1	0.0958356550462447
1	0.0986944649483258
1	0.10155063470267
1	0.104404166412171
1	0.107255062178988
1	0.110103324104547
1	0.11294895428953
1	0.115791954833881
1	0
1	0.00295762692417361
1	0.00591250915051323
1	0.00886464890249981
1	0.0118140484027172
1	0.0147607098728494
1	0.0177046355336784
1	0.0206458276050813
1	0.0235842883060282
1	0.0265200198545794
1	0.0294530244678828
1	0.0323833043621719
1	0.0353108617527632
1	0.0382356988540534
1	0.0411578178795174
1	0.0440772210417058
1	0.0469939105522421
1	0.049907888621821
1	0.0528191574602054
1	0.0557277192762243
1	0.0586335762777704
1	0.0615367306717978
1	0.0644371846643194
1	0.0673349404604051
1	0.0702300002641789
1	0.073122366278817
1	0.0760120407065451
1	0.0788990257486366
1	0.08178332360541
1	0.0846649364762266
1	0.0875438665594887
1	0.0904201160526365
1	0.0932936871521469
1	0.0961645820535304
1	0.0990328029513293
1	0.101898352039116
1	0.104761231509489
1	0.107621443554073
1	0.110478990363515
1	0.113333874127484
1	0.116186097034667
1	0
1	0.00300553501758311
1	0.00600816684662115
1	0.009007898157557
1	0.0120047316187365
1	0.0149986698964091
1	0.0179897156547286
1	0.0209778715557535
1	0.023963140259448
1	0.0269455244236824
1	0.029925026704234
1	0.0329016497547873
1	0.0358753962269352
1	0.0388462687701793
1	0.0418142700319306
1	0.0447794026575103
1	0.0477416692901504
1	0.0507010725709944
1	0.0536576151390978
1	0.0566112996314291
1	0.0595621286828702
1	0.0625101049262171
1	0.0654552309921808
1	0.0683975095093878
1	0.0713369431043809
1	0.0742735344016198
1	0.0772072860234817
1	0.0801382005902624
1	0.0830662807201766
1	0.0859915290293587
1	0.0889139481318637
1	0.0918335406396676
1	0.0947503091626684
1	0.0976642563086866
1	0.100575384683466
1	0.103483696890675
1	0.106389195531906
1	0.109291883206677
1	0.112191762512433
1	0.115088836044544
1	0.117983106396311
1	0
1	0.00300797073208662
1	0.00601303021773867
1	0.00901518115012317
1	0.0120144262202491
1	0.0150107681169684
1	0.0180042095269762
1	0.0209947531348125
1	0.0239824016228619
1	0.0269671576713556
1	0.0299490239583711
1	0.0329280031598338
1	0.0359040979495173
1	0.0388773109990446
1	0.0418476449778887
1	0.0448151025533734
1	0.0477796863906743
1	0.0507413991528194
1	0.0537002435006902
1	0.0566562220930224
1	0.0596093375864065
1	0.062559592635289
1	0.0655069898919731
1	0.0684515320066196
1	0.0713932216272476
1	0.0743320613997353
1	0.0772680539678213
1	0.0802012019731048
1	0.0831315080550471
1	0.0860589748509719
1	0.0889836049960664
1	0.0919054011233824
1	0.0948243658638367
1	0.0977405018462122
1	0.100653811697159
1	0.103564298041195
1	0.106471963500706
1	0.109376810695949
1	0.112278842245051
1	0.115178060764008
1	0.118074468866691
1	0
1	0.00300905041838859
1	0.00601518601849832
1	0.00901840950356923
1	0.0120187235746563
1	0.0150161309306303
1	0.0180106342681787
1	0.0210022362818066
1	0.0239909396638373
1	0.0269767471044136
1	0.0299596612914984
1	0.0329396849108756
1	0.0359168206461511
1	0.0388910711787537
1	0.0418624391879358
1	0.0448309273507745
1	0.0477965383421722
1	0.050759274834858
1	0.0537191394993881
1	0.0566761350041468
1	0.0596302640153477
1	0.0625815291970345
1	0.0655299332110814
1	0.0684754787171947
1	0.0714181683729136
1	0.0743580048336105
1	0.0772949907524927
1	0.080229128780603
1	0.0831604215668203
1	0.0860888717578612
1	0.0890144819982804
1	0.0919372549304717
1	0.0948571931946691
1	0.0977742994289478
1	0.100688576269225
1	0.10360002634926
1	0.106508652300657
1	0.109414456752864
1	0.112317442333177
1	0.115217611666736
1	0.11811496737653
1	0
1	0.00301043180458751
1	0.00601794422096098
1	0.0090225399652482
1	0.0120242217513573
1	0.0150229922909777
1	0.0180188542935811
1	0.0210118104664224
1	0.0240018635145406
1	0.0269890161407601
1	0.0299732710456912
1	0.0329546309277314
1	0.0359330984830662
1	0.0389086764056702
1	0.0418813673873079
1	0.044851174117535
1	0.047818099283699
1	0.0507821455709406
1	0.0537433156621941
1	0.056701612238189
1	0.0596570379774507
1	0.0626095955563016
1	0.0655592876488617
1	0.0685061169270502
1	0.0714500860605863
1	0.0743911977169898
1	0.0773294545615827
1	0.0802648592574898
1	0.0831974144656399
1	0.0861271228447666
1	0.0890539870514097
1	0.0919780097399157
1	0.0948991935624393
1	0.0978175411689442
1	0.100733055207204
1	0.103645738322803
1	0.106555593159139
1	0.109462622357421
1	0.112366828556673
1	0.115268214393735
1	0.118166782503261
1	0
1	0.00301161585967266
1	0.00602030841401167
1	0.00902608039019154
1	0.0120289345131375
1	0.0150288735055264
1	0.0180259000877879
1	0.0210200169781056
1	0.0240112268924177
1	0.0269995325444186
1	0.0299849366455592
1	0.0329674419050488
1	0.0359470510298556
1	0.0389237667247077
1	0.0418975916920946
1	0.0448685286322678
1	0.0478365802432421
1	0.0508017492207968
1	0.0537640382584763
1	0.0567234500475917
1	0.0596799872772213
1	0.0626336526342122
1	0.0655844488031811
1	0.0685323784665154
1	0.0714774443043743
1	0.0744196489946898
1	0.0773589952131679
1	0.0802954856332898
1	0.0832291229263124
1	0.0861599097612701
1	0.0890878488049756
1	0.0920129427220206
1	0.0949351941747776
1	0.0978546058234006
1	0.100771180325826
1	0.103684920337774
1	0.106595828512751
1	0.109503907502046
1	0.112409159954738
1	0.115311588517693
1	0.118211195835567
1	0
1	0.0030214130054576
1	0.00603987029442738
1	0.00905537468548699
1	0.0120679289947194
1	0.0150775360357147
1	0.0180841986195714
1	0.0210879195548986
1	0.0240887016478174
1	0.0270865477019626
1	0.0300814605184846
1	0.0330734428960505
1	0.0360624976308467
1	0.0390486275165797
1	0.0420318353444783
1	0.0450121239032952
1	0.0479894959793086
1	0.0509639543563239
1	0.0539355018156754
1	0.056904141136228
1	0.0598698750943791
1	0.0628327064640598
1	0.065792638016737
1	0.0687496725214149
1	0.0717038127446368
1	0.0746550614504868
1	0.0776034214005912
1	0.0805488953541208
1	0.0834914860677918
1	0.0864311962958681
1	0.0893680287901629
1	0.09230198630004
1	0.0952330715724161
1	0.0981612873517618
1	0.101086636380104
1	0.104009121397027
1	0.106928745139675
1	0.109845510342752
1	0.112759419738527
1	0.11567047605683
1	0.11857868202506
1	0
1	0.00302770284000992
1	0.00605242915534951
1	0.0090741818232779
1	0.012092963718402
1	0.0151087777126786
1	0.0181216266754164
1	0.0211315134732784
1	0.0241384409702835
1	0.0271424120278092
1	0.030143429504593
1	0.0331414962567351
1	0.0361366151377003
1	0.0391287889983199
1	0.042118020686794
1	0.0451043130486936
1	0.0480876689269626
1	0.0510680911619197
1	0.0540455825912611
1	0.0570201460500619
1	0.0599917843707786
1	0.0629605003832511
1	0.0659262969147045
1	0.0688891767897519
1	0.0718491428303956
1	0.0748061978560298
1	0.0777603446834425
1	0.0807115861268175
1	0.0836599249977367
1	0.086605364105182
1	0.0895479062555372
1	0.0924875542525906
1	0.0954243108975365
1	0.098358178988978
1	0.101289161322928
1	0.104217260692813
1	0.107142479889472
1	0.110064821701163
1	0.112984288913562
1	0.115900884309765
1	0.118814610670291
1	0
1	0.00305317854530673
1	0.00610329628659992
1	0.00915035633881606
1	0.0121943618136014
1	0.0152353158193157
1	0.018273221461036
1	0.0213080818405605
1	0.0243399000564122
1	0.0273686792038427
1	0.030394422374836
1	0.0334171326581122
1	0.0364368131391313
1	0.0394534669000967
1	0.0424670970199595
1	0.0454777065744216
1	0.0484852986359397
1	0.0514898762737292
1	0.0544914425537676
1	0.0574900005387983
1	0.0604855532883344
1	0.0634781038586625
1	0.0664676553028461
1	0.0694542106707294
1	0.072437773008941
1	0.0754183453608979
1	0.0783959307668085
1	0.0813705322636769
1	0.0843421528853063
1	0.0873107956623026
1	0.0902764636220782
1	0.0932391597888555
1	0.0961988871836708
1	0.0991556488243776
1	0.102109447725651
1	0.105060286898989
1	0.10800816935272
1	0.110953098092004
1	0.113895076118835
1	0.116834106432048
1	0.119770192027319
1	0
1	0.0030588665655853
1	0.00611465350991107
1	0.00916736400098059
1	0.0122170012033644
1	0.0152635682782046
1	0.0183070683832186
1	0.021347504672704
1	0.024384880297542
1	0.0274191984052018
1	0.0304504621397448
1	0.0334786746418288
1	0.0365038390487118
1	0.0395259584942565
1	0.0425450361089339
1	0.045561075019828
1	0.0485740783506394
1	0.0515840492216896
1	0.0545909907499251
1	0.0575949060489214
1	0.0605957982288871
1	0.063593670396668
1	0.0665885256557508
1	0.069580367106268
1	0.072569197845001
1	0.0755550209653845
1	0.0785378395575109
1	0.0815176567081339
1	0.0844944755006722
1	0.0874682990152146
1	0.0904391303285228
1	0.0934069725140363
1	0.0963718286418757
1	0.0993337017788474
1	0.102292594988447
1	0.105248511330864
1	0.108201453862983
1	0.111151425638394
1	0.11409842970739
1	0.117042469116971
1	0.119983546910855
1	0
1	0.00306470256967977
1	0.00612630621129041
1	0.00918481414728257
1	0.0122402295965281
1	0.0152925557743244
1	0.0183417958923992
1	0.021387953158915
1	0.0244310307784734
1	0.02747103195212
1	0.0305079598773484
1	0.0335418177481052
1	0.0365726087547943
1	0.0396003360842812
1	0.0426250029198977
1	0.0456466124414464
1	0.0486651678252051
1	0.051680672243931
1	0.0546931288668658
1	0.0577025408597393
1	0.0607089113847746
1	0.063712243600692
1	0.0667125406627139
1	0.0697098057225686
1	0.0727040419284954
1	0.0756952524252484
1	0.0786834403541013
1	0.0816686088528516
1	0.0846507610558251
1	0.0876299000938801
1	0.090606029094412
1	0.0935791511813575
1	0.096549269475199
1	0.0995163870929689
1	0.102480507148254
1	0.1054416327512
1	0.108399767008516
1	0.111354913023477
1	0.114307073895931
1	0.117256252722302
1	0.120202452595594
1	0
1	0.00307230147858072
1	0.00614147889019844
1	0.00920753552819838
1	0.0122704746821566
1	0.015330299637885
1	0.0183870136774364
1	0.0214406200791095
1	0.024491122117454
1	0.0275385230632755
1	0.0305828261836407
1	0.0336240347418821
1	0.0366621519976031
1	0.0396971812066833
1	0.042729125621283
1	0.0457579884898483
1	0.0487837730571161
1	0.0518064825641193
1	0.0548261202481913
1	0.057842689342971
1	0.0608561930784082
1	0.0638666346807677
1	0.066874017372635
1	0.0698783443729208
1	0.0728796188968658
1	0.0758778441560459
1	0.0788730233583767
1	0.0818651597081188
1	0.0848542564058821
1	0.0878403166486312
1	0.09082334362969
1	0.0938033405387464
1	0.0967803105618574
1	0.0997542568814536
1	0.102725182676344
1	0.105693091121722
1	0.108657985389168
1	0.111619868646656
1	0.114578744058558
1	0.117534614785646
1	0.120487483985104
1	0
1	0.00308033492195932
1	0.00615751920052434
1	0.00923155620398885
1	0.0123024492966763
1	0.0153702018389452
1	0.0184348171871951
1	0.0214962986938715
1	0.0245546497074721
1	0.0276098735725519
1	0.0306619736297286
1	0.0337109532156886
1	0.0367568156631923
1	0.0397995643010793
1	0.0428392024542744
1	0.0458757334437926
1	0.0489091605867449
1	0.0519394871963437
1	0.054966716581908
1	0.0579908520488694
1	0.0610118968987767
1	0.0640298544293022
1	0.0670447279342464
1	0.070056520703544
1	0.0730652360232687
1	0.0760708771756391
1	0.0790734474390237
1	0.0820729500879467
1	0.0850693883930926
1	0.0880627656213125
1	0.0910530850356287
1	0.0940403498952404
1	0.0970245634555288
1	0.100005728968063
1	0.102983849680603
1	0.10595892883711
1	0.108930969677746
1	0.111899975438882
1	0.114865949353103
1	0.117828894649214
1	0.120788814552242
1	0
1	0.00309225916594673
1	0.00618132824042736
1	0.00926721070298376
1	0.0123499100288888
1	0.0154294296891526
1	0.018505773150529
1	0.0215789438755221
1	0.024648945322392
1	0.0277157809451616
1	0.030779454193623
1	0.0338399685133434
1	0.0368973273456714
1	0.0399515341277436
1	0.0430025922924908
1	0.046050505268644
1	0.0490952764807406
1	0.0521369093491311
1	0.0551754072899847
1	0.0582107737152962
1	0.0612430120328913
1	0.0642721256464336
1	0.0672981179554303
1	0.0703209923552385
1	0.0733407522370713
1	0.0763574009880042
1	0.0793709419909806
1	0.0823813786248185
1	0.0853887142642163
1	0.0883929522797591
1	0.0913940960379246
1	0.0943921489010891
1	0.0973871142275336
1	0.10037899537145
1	0.103367795682948
1	0.106353518508058
1	0.109336167188741
1	0.112315745062892
1	0.115292255464347
1	0.11826570172289
1	0.121236087164257
1	0
1	0.00310203717191587
1	0.00620085190453027
1	0.00929644776860964
1	0.0123888283304065
1	0.0154779971516666
1	0.0185639577896355
1	0.0216467137970662
1	0.0247262687222254
1	0.027802626108901
1	0.0308757894964088
1	0.0339457624195994
1	0.0370125484088654
1	0.0400761509901478
1	0.0431365736849434
1	0.0461938200103113
1	0.0492478934788801
1	0.0522987975988544
1	0.0553465358740218
1	0.0583911118037599
1	0.0614325288830426
1	0.0644707906024477
1	0.0675059004481628
1	0.0705378619019927
1	0.0735666784413658
1	0.0765923535393412
1	0.0796148906646149
1	0.0826342932815271
1	0.0856505648500686
1	0.0886637088258874
1	0.0916737286602956
1	0.0946806278002761
1	0.0976844096884889
1	0.100685077763278
1	0.103682635458678
1	0.106677086204422
1	0.109668433425944
1	0.112656680544391
1	0.115641830976626
1	0.118623888135235
1	0.121602855428536
1	0
1	0.00312272552852595
1	0.0062421601760297
1	0.00935830770629117
1	0.0124711718780582
1	0.0155807564450551
1	0.0186870651559906
1	0.0217901017545666
1	0.0248898699794865
1	0.027986373564463
1	0.0310796162382272
1	0.0341696017245361
1	0.0372563337421812
1	0.0403398160049968
1	0.0434200522218682
1	0.0464970460967398
1	0.0495708013286232
1	0.0526413216116059
1	0.0557086106348586
1	0.0587726720826442
1	0.0618335096343253
1	0.0648911269643726
1	0.067945527742373
1	0.0709967156330376
1	0.0740446942962097
1	0.077089467386873
1	0.0801310385551594
1	0.0831694114463573
1	0.0862045897009193
1	0.0892365769544705
1	0.092265376837816
1	0.0952909929769493
1	0.09831342899306
1	0.101332688502542
1	0.104348775117
1	0.107361692443261
1	0.110371444083376
1	0.113378033634636
1	0.116381464689572
1	0.119381740835966
1	0.122378865656862
1	0
1	0.00314321705155424
1	0.00628307543153515
1	0.00941957909489975
1	0.0125527319910598
1	0.0156825380638915
1	0.0188090012517453
1	0.0219321254874554
1	0.0250519146983496
1	0.028168372806259
1	0.0312815037275272
1	0.0343913113730206
1	0.0374977996481374
1	0.0406009724528172
1	0.0437008336815511
1	0.0467973872233905
1	0.0498906369619572
1	0.0529805867754525
1	0.0560672405366668
1	0.0591506021129891
1	0.0622306753664164
1	0.0653074641535628
1	0.0683809723256696
1	0.0714512037286138
1	0.0745181622029183
1	0.0775818515837604
1	0.0806422757009817
1	0.0836994383790971
1	0.0867533434373043
1	0.0898039946894929
1	0.0928513959442534
1	0.0958955510048868
1	0.0989364636694137
1	0.101974137730583
1	0.105008576975883
1	0.108039785187546
1	0.111067766142563
1	0.114092523612689
1	0.117114061364454
1	0.120132383159171
1	0.123147492752944
1	0
1	0.00315320269677664
1	0.00630301368722739
1	0.00944943701947104
1	0.012592476735831
1	0.0157321368728458
1	0.0188684214612793
1	0.0220013345261311
1	0.0251308800866469
1	0.0282570621563289
1	0.0313798847429456
1	0.0344993518485429
1	0.0376154674694534
1	0.0407282355963072
1	0.0438376602140422
1	0.0469437453019136
1	0.0500464948335048
1	0.0531459127767369
1	0.0562420030938794
1	0.0593347697415597
1	0.0624242166707735
1	0.0655103478268949
1	0.0685931671496861
1	0.0716726785733078
1	0.0747488860263286
1	0.0778217934317357
1	0.0808914047069443
1	0.0839577237638074
1	0.0870207545086262
1	0.0900805008421597
1	0.0931369666596344
1	0.0961901558507545
1	0.099240072299711
1	0.102286719885193
1	0.105330102480394
1	0.108370223953028
1	0.111407088165331
1	0.114440698974079
1	0.117471060230589
1	0.120498175780739
1	0.123522049464966
1	0
1	0.00315344930420445
1	0.00630350608625037
1	0.00945017439655727
1	0.0125934582797432
1	0.015733361774635
1	0.0188698889142788
1	0.0220030437259503
1	0.0251328302311654
1	0.02825925244569
1	0.0313823143795507
1	0.0345020200370449
1	0.0376183734167512
1	0.0407313785115393
1	0.0438410393085806
1	0.0469473597893583
1	0.0500503439296774
1	0.0531499956996747
1	0.0562463190638294
1	0.059339317980973
1	0.0624289964042989
1	0.0655153582813734
1	0.0685984075541447
1	0.0716781481589538
1	0.0747545840265438
1	0.0778277190820703
1	0.0808975572451113
1	0.0839641024296768
1	0.0870273585442191
1	0.0900873294916425
1	0.093144019169313
1	0.0961974314690687
1	0.0992475702772289
1	0.102294439474604
1	0.105338042936507
1	0.108378384532759
1	0.111415468127704
1	0.114449297580216
1	0.117479876743709
1	0.120507209466145
1	0.123531299590047
1	0
1	0.00320313532904721
1	0.00640271376342913
1	0.00959873981711454
1	0.0127912179970263
1	0.015980152803055
1	0.0191655487280728
1	0.0223474102579467
1	0.0255257418715525
1	0.0287005480407882
1	0.0318718332305877
1	0.0350396018989337
1	0.0382038584968722
1	0.0413646074685251
1	0.0445218532511037
1	0.0476756002749227
1	0.0508258529634128
1	0.0539726157331343
1	0.0571158929937908
1	0.0602556891482417
1	0.0633920085925161
1	0.0665248557158256
1	0.0696542349005775
1	0.0727801505223882
1	0.0759026069500962
1	0.079021608545775
1	0.0821371596647462
1	0.085249264655593
1	0.0883579278601723
1	0.0914631536136285
1	0.094564946244406
1	0.0976633100742623
1	0.100758249418281
1	0.103849768584883
1	0.106937871875843
1	0.110022563586299
1	0.113103848004765
1	0.116181729413147
1	0.119256212086752
1	0.122327300294303
1	0.125394998297949
1	0
1	0.00321807334933919
1	0.00643254038569377
1	0.00964340576239783
1	0.0128506741253654
1	0.0160543501131051
1	0.019254438356735
1	0.0224509434799969
1	0.0256438700992711
1	0.0288332228235908
1	0.0320190062546571
1	0.0352012249868525
1	0.0383798836072565
1	0.041554986695659
1	0.0447265388245755
1	0.0478945445592608
1	0.0510590084577236
1	0.0542199350707408
1	0.0573773289418717
1	0.0605311946074723
1	0.0636815365967092
1	0.066828359431574
1	0.0699716676268975
1	0.0731114656903633
1	0.0762477581225226
1	0.0793805494168074
1	0.0825098440595453
1	0.0856356465299727
1	0.0887579613002492
1	0.0918767928354713
1	0.0949921455936865
1	0.0981040240259068
1	0.101212432576123
1	0.104317375681317
1	0.107418857771477
1	0.110516883269613
1	0.113611456591766
1	0.116702582147023
1	0.119790264337535
1	0.122874507558524
1	0.125955316198302
1	0
1	0.00322950117839187
1	0.0064553582379792
1	0.00967757593871281
1	0.0128961590328372
1	0.0161111122649063
1	0.0193224403717982
1	0.0225301480827312
1	0.0257342401192789
1	0.0289347211953854
1	0.0321315960173804
1	0.0353248692839949
1	0.0385145456863761
1	0.0417006299081023
1	0.0448831266251986
1	0.0480620405061514
1	0.0512373762119237
1	0.0544091383959702
1	0.0575773317042523
1	0.0607419607752527
1	0.0639030302399905
1	0.0670605447220363
1	0.0702145088375268
1	0.0733649271951794
1	0.0765118043963074
1	0.0796551450348345
1	0.0827949536973097
1	0.0859312349629215
1	0.089063993403513
1	0.0921932335835964
1	0.0953189600603674
1	0.09844117738372
1	0.101559890096261
1	0.104675102733323
1	0.107786819822982
1	0.110895045886069
1	0.113999785436186
1	0.117101042979718
1	0.120198823015851
1	0.123293130036582
1	0.126383968526738
1	0
1	0.00323987021619435
1	0.00647606201048301
1	0.00970858023955546
1	0.0129374297521352
1	0.016162615388996
1	0.0193841419829777
1	0.0226020143590027
1	0.0258162373340914
1	0.0290268157173787
1	0.0322337543101296
1	0.0354370579057552
1	0.0386367312898286
1	0.0418327792401005
1	0.0450252065265154
1	0.0482140179112268
1	0.0513992181486135
1	0.0545808119852948
1	0.0577588041601463
1	0.0609331994043157
1	0.0641040024412378
1	0.067271217986651
1	0.0704348507486115
1	0.0735949054275101
1	0.0767513867160866
1	0.0799042992994455
1	0.0830536478550718
1	0.0861994370528456
1	0.0893416715550578
1	0.0924803560164252
1	0.0956154950841058
1	0.0987470933977141
1	0.101875155589336
1	0.104999686283543
1	0.10812069009741
1	0.111238171640528
1	0.114352135515018
1	0.11746258631555
1	0.120569528629355
1	0.123672967036239
1	0.1267729061086
1	0
1	0.00327299777334248
1	0.00654220753139505
1	0.00980763443991305
1	0.0130692836558562
1	0.0163271603274068
1	0.0195812695939883
1	0.0228316165862832
1	0.0260782064262512
1	0.0293210442271478
1	0.0325601350935417
1	0.0357954841213335
1	0.0390270963977733
1	0.0422549770014788
1	0.0454791310024531
1	0.0486995634621028
1	0.0519162794332557
1	0.0551292839601785
1	0.0583385820785949
1	0.0615441788157028
1	0.0647460791901924
1	0.0679442882122635
1	0.0711388108836435
1	0.0743296521976045
1	0.0775168171389812
1	0.0807003106841878
1	0.0838801378012363
1	0.0870563034497528
1	0.0902288125809958
1	0.093397670137873
1	0.0965628810549585
1	0.0997244502585105
1	0.102882382666488
1	0.106036683188568
1	0.109187356726162
1	0.112334408172435
1	0.115477842412322
1	0.118617664322541
1	0.121753878771616
1	0.12488649061989
1	0.128015504719544
1	0
1	0.0032785931236147
1	0.00655337972126665
1	0.0098243650109134
1	0.0130915542015767
1	0.0163549524933613
1	0.0196145650774735
1	0.0228703971362395
1	0.0261224538431246
1	0.0293707403627508
1	0.0326152618509161
1	0.0358560234546124
1	0.039093030312044
1	0.042326287552646
1	0.0455558002971024
1	0.0487815736573647
1	0.0520036127366695
1	0.0552219226295572
1	0.05843650842189
1	0.0616473751908698
1	0.0648545280050561
1	0.0680579719243845
1	0.0712577120001843
1	0.0744537532751961
1	0.0776461007835903
1	0.0808347595509844
1	0.0840197345944612
1	0.087201030922586
1	0.0903786535354248
1	0.0935526074245615
1	0.0967228975731159
1	0.0998895289557611
1	0.103052506538741
1	0.106211835279888
1	0.109367520128639
1	0.112519566026055
1	0.115667977904839
1	0.11881276068935
1	0.12195391929562
1	0.125091458631379
1	0.12822538359606
1	0
1	0.00332210949659008
1	0.0066402685053019
1	0.00995448265008205
1	0.0132647575448515
1	0.0165710987935271
1	0.0198735119900432
1	0.0231720027183729
1	0.0264665765525497
1	0.0297572390566886
1	0.0330439957850076
1	0.0363268522818488
1	0.0396058140816996
1	0.0428808867092139
1	0.0461520756792332
1	0.0494193864968076
1	0.0526828246572167
1	0.0559423956459907
1	0.0591981049389312
1	0.0624499580021322
1	0.0656979602920004
1	0.0689421172552766
1	0.072182434329056
1	0.0754189169408089
1	0.0786515705084012
1	0.0818804004401151
1	0.0851054121346696
1	0.0883266109812409
1	0.0915440023594826
1	0.0947575916395464
1	0.0979673841821021
1	0.101173385338358
1	0.104375600450081
1	0.107574034849617
1	0.11076869385991
1	0.113959582794525
1	0.117146706957663
1	0.120330071644187
1	0.123509682139637
1	0.126685543720251
1	0.129857661652988
1	0
1	0.00333635216466358
1	0.00666870672351058
1	0.00999706943336556
1	0.0133214460406707
1	0.0166418422815084
1	0.0199582638816237
1	0.0232707165564464
1	0.0265792060111139
1	0.0298837379404929
1	0.0331843180292021
1	0.0364809519516342
1	0.0397736453719778
1	0.0430624039442397
1	0.046347233312267
1	0.0496281391097688
1	0.0529051269603382
1	0.0561782024774742
1	0.0594473712646034
1	0.062712638915102
1	0.0659740110123171
1	0.0692314931295885
1	0.0724850908302706
1	0.0757348096677534
1	0.0789806551854844
1	0.0822226329169898
1	0.0854607483858961
1	0.0886950071059511
1	0.0919254145810456
1	0.0951519763052342
1	0.0983746977627568
1	0.10159358442806
1	0.104808641765816
1	0.108019875230949
1	0.111227290268648
1	0.114430892314397
1	0.117630686793987
1	0.120826679123543
1	0.124018874709545
1	0.127207278948841
1	0.130391897228679
1	0
1	0.00334294969143683
1	0.00668187995095976
1	0.0100167965969454
1	0.0133477054372229
1	0.0166746122690965
1	0.0199975228793691
1	0.0233164430443643
1	0.0266313785299495
1	0.0299423350915589
1	0.0332493184742156
1	0.0365523344125545
1	0.0398513886308451
1	0.0431464868430132
1	0.0464376347526642
1	0.0497248380531051
1	0.0530081024273665
1	0.0562874335482257
1	0.059562837078228
1	0.0628343186697095
1	0.066101883964819
1	0.06936553859554
1	0.0726252881837128
1	0.0758811383410565
1	0.0791330946691906
1	0.0823811627596573
1	0.0856253481939429
1	0.0888656565434999
1	0.0921020933697683
1	0.0953346642241975
1	0.0985633746482679
1	0.101788230173512
1	0.105009236321537
1	0.108226398604045
1	0.111439722522854
1	0.114649213569922
1	0.117854877227365
1	0.121056718967479
1	0.124254744252763
1	0.127448958535939
1	0.130639367259972
1	0
1	0.00334480261274585
1	0.0066855796636988
1	0.0100223369885224
1	0.0133550804122864
1	0.0166838157494893
1	0.020008548804082
1	0.0233292853694903
1	0.0266460312286377
1	0.0299587921539687
1	0.0332675739074712
1	0.0365723822406992
1	0.0398732228947957
1	0.043170101600515
1	0.0464630240782457
1	0.0497519960380328
1	0.0530370231796001
1	0.0563181111923732
1	0.0595952657555009
1	0.0628684925378783
1	0.0661377971981688
1	0.0694031853848258
1	0.0726646627361156
1	0.075922234880139
1	0.0791759074348532
1	0.0824256860080942
1	0.0856715761975985
1	0.0889135835910246
1	0.0921517137659756
1	0.0953859722900202
1	0.0986163647207147
1	0.101842896605625
1	0.105065573482347
1	0.10828440087853
1	0.111499384311896
1	0.114710529290264
1	0.117917841311568
1	0.121121325863881
1	0.124320988425436
1	0.127516834464644
1	0.13070886944012
1	0
1	0.00334703333698275
1	0.00669003373243683
1	0.0100290070428375
1	0.0133639591140103
1	0.0166948957811539
1	0.0200218228688637
1	0.0233447461911546
1	0.0266636715514839
1	0.0299786047427749
1	0.033289551547439
1	0.0365965177373993
1	0.0398995090741127
1	0.0431985313085934
1	0.0464935901814349
1	0.0497846914228332
1	0.0530718407526091
1	0.0563550438802306
1	0.0596343065048359
1	0.0629096343152551
1	0.0661810329900334
1	0.0694485081974526
1	0.0727120655955538
1	0.0759717108321599
1	0.0792274495448969
1	0.082479287361217
1	0.0857272298984197
1	0.0889712827636746
1	0.092211451554043
1	0.0954477418564996
1	0.0986801592479546
1	0.101908709295275
1	0.105133397555309
1	0.108354229574901
1	0.111571210890922
1	0.114784347030285
1	0.117993643509968
1	0.121199105837037
1	0.124400739508665
1	0.127598550012156
1	0.130792542824963
1	0
1	0.0033525082825843
1	0.00670096551129273
1	0.0100453775936795
1	0.0133857504265117
1	0.0167220898957933
1	0.0200544018767882
1	0.0233826922340437
1	0.0267069668214143
1	0.0300272314820846
1	0.0333434920485929
1	0.0366557543428539
1	0.0399640241761827
1	0.043268307349317
1	0.0465686096524408
1	0.0498649368652072
1	0.0531572947567611
1	0.0564456890857626
1	0.0597301256004092
1	0.0630106100384591
1	0.0662871481272537
1	0.0695597455837402
1	0.0728284081144944
1	0.076093141415743
1	0.0793539511733865
1	0.0826108430630211
1	0.0858638227499616
1	0.0891128958892633
1	0.0923580681257448
1	0.0955993450940098
1	0.0988367324184693
1	0.102070235713364
1	0.105299860582786
1	0.108525612620702
1	0.111747497410972
1	0.114965520527377
1	0.118179687533633
1	0.121390003983422
1	0.124596475420404
1	0.127799107378248
1	0.130997905380646
1	0
1	0.00336190966266616
1	0.00671973716958393
1	0.0100734885160183
1	0.0134231696862119
1	0.016768786653409
1	0.02011034537988
1	0.0234478518169449
1	0.0267813119049978
1	0.0301107315735309
1	0.0334361167411578
1	0.0367574733156381
1	0.0400748071939004
1	0.0433881242620667
1	0.0466974303954757
1	0.0500027314587062
1	0.0533040333056013
1	0.0566013417792913
1	0.0598946627122172
1	0.0631840019261543
1	0.0664693652322354
1	0.0697507584309741
1	0.073028187312288
1	0.0763016576555217
1	0.07957117522947
1	0.0828367457924011
1	0.0860983750920792
1	0.089356068865788
1	0.0926098328403528
1	0.095859672732164
1	0.0991055942471996
1	0.102347603081048
1	0.105585704918929
1	0.108819905435722
1	0.112050210295979
1	0.115276625153957
1	0.118499155653634
1	0.121717807428733
1	0.124932586102747
1	0.128143497288956
1	0.131350546590453
1	0
1	0.00336293557808844
1	0.00672178560647032
1	0.010076556089982
1	0.0134272530224117
1	0.0167738823865239
1	0.0201164501540831
1	0.0234549622858787
1	0.0267894247317482
1	0.0301198434306019
1	0.0334462243104464
1	0.0367685732884089
1	0.0400868962707607
1	0.0434011991529411
1	0.0467114878195812
1	0.0500177681445274
1	0.0533200459908653
1	0.0566183272109427
1	0.0599126176463939
1	0.0632029231281623
1	0.0664892494765245
1	0.0697716025011131
1	0.0730499880009402
1	0.0763244117644207
1	0.079594879569395
1	0.0828613971831529
1	0.0861239703624559
1	0.0893826048535605
1	0.0926373063922411
1	0.095888080703813
1	0.0991349335031549
1	0.102377870494732
1	0.105616897372619
1	0.108852019820521
1	0.112083243511799
1	0.11531057410949
1	0.118534017266331
1	0.12175357862478
1	0.12496926381704
1	0.12818107846508
1	0.131389028180658
1	0
1	0.00338882630570477
1	0.0067734814093729
1	0.0101539715573901
1	0.0135303029844456
1	0.0169024819135578
1	0.0202705145561008
1	0.0236344071118295
1	0.0269941657689058
1	0.0303497967039243
1	0.0337013060819378
1	0.0370487000564828
1	0.0403919847696055
1	0.0437311663518864
1	0.0470662509224668
1	0.0503972445890729
1	0.0537241534480424
1	0.0570469835843483
1	0.0603657410716254
1	0.0636804319721944
1	0.0669910623370873
1	0.0702976382060724
1	0.0736001656076792
1	0.0768986505592231
1	0.0801930990668304
1	0.0834835171254627
1	0.086769910718942
1	0.0900522858199749
1	0.0933306483901774
1	0.0966050043800991
1	0.0998753597292481
1	0.103141720366115
1	0.106404092208197
1	0.109662481162023
1	0.112916893123177
1	0.116167333976322
1	0.119413809595225
1	0.12265632584278
1	0.125894888571034
1	0.129129503621207
1	0.13236017682372
1	0
1	0.0034289284091509
1	0.00685355294951853
1	0.010273880241624
1	0.0136899168932874
1	0.0171016694996568
1	0.0205091446432361
1	0.0239123488939143
1	0.0273112888089932
1	0.0307059709332163
1	0.0340964017987967
1	0.0374825879254451
1	0.0408645358203987
1	0.0442422519784484
1	0.0476157428819672
1	0.050985015000938
1	0.0543500747929817
1	0.0577109287033846
1	0.0610675831651262
1	0.0644200445989072
1	0.0677683194131764
1	0.071112414004159
1	0.0744523347558834
1	0.0777880880402088
1	0.0811196802168526
1	0.0844471176334175
1	0.0877704066254188
1	0.0910895535163112
1	0.0944045646175164
1	0.0977154462284494
1	0.101022204636546
1	0.104324846117289
1	0.107623376934236
1	0.110917803339045
1	0.114208131571502
1	0.117494367859545
1	0.120776518419296
1	0.124054589455082
1	0.127328587159463
1	0.13059851771326
1	0.13386438728558
1	0
1	0.00343253167306834
1	0.00686074755694874
1	0.0102846543057792
1	0.0137042585609065
1	0.0171195669509153
1	0.0205305860916565
1	0.0239373225862763
1	0.0273397830252448
1	0.0307379739863842
1	0.0341319020348979
1	0.0375215737233983
1	0.0409069955919356
1	0.0442881741680259
1	0.0476651159666795
1	0.0510378274904289
1	0.0544063152293569
1	0.0577705856611249
1	0.0611306452510003
1	0.0644865004518849
1	0.0678381577043426
1	0.0711856234366266
1	0.0745289040647079
1	0.0778680059923022
1	0.0812029356108979
1	0.0845336992997833
1	0.087860303426074
1	0.0911827543447404
1	0.0945010583986349
1	0.0978152219185189
1	0.10112525122309
1	0.10443115261901
1	0.10773293240093
1	0.111030596851518
1	0.114324152241487
1	0.117613604829623
1	0.120898960862804
1	0.124180226576039
1	0.127457408192483
1	0.13073051192347
1	0.133999543968539
1	0
1	0.0034410657426574
1	0.00687778746351184
1	0.0103101718963205
1	0.0137382257618357
1	0.0171619557678343
1	0.0205813686091469
1	0.0239964709676874
1	0.0274072695124819
1	0.030813770899698
1	0.0342159817726738
1	0.0376139087619467
1	0.0410075584852828
1	0.0443969375477052
1	0.0477820525415229
1	0.0511629100463598
1	0.0545395166291829
1	0.0579118788443311
1	0.0612800032335438
1	0.064643896325989
1	0.0680035646382917
1	0.0713590146745624
1	0.0747102529264252
1	0.0780572858730458
1	0.0814001199811597
1	0.0847387617051004
1	0.0880732174868267
1	0.0914034937559513
1	0.0947295969297681
1	0.0980515334132801
1	0.101369309599227
1	0.104682931868113
1	0.107992406588234
1	0.111297740115706
1	0.114598938794489
1	0.117896008956421
1	0.121188956921237
1	0.124477788996605
1	0.127762511478145
1	0.131043130649461
1	0.134319652782166
1	0
1	0.00345937969541466
1	0.00691435478236578
1	0.0103649321654718
1	0.0138111187358878
1	0.0172529213713356
1	0.0206903469361348
1	0.0241234022812332
1	0.0275520942442369
1	0.0309764296494409
1	0.034396415307859
1	0.0378120580172544
1	0.0412233645621697
1	0.0446303417139565
1	0.048032996230806
1	0.0514313348577783
1	0.0548253643268324
1	0.0582150913568562
1	0.0616005226536959
1	0.0649816649101852
1	0.0683585248061757
1	0.0717311090085656
1	0.0750994241713293
1	0.0784634769355467
1	0.0818232739294325
1	0.0851788217683652
1	0.0885301270549161
1	0.0918771963788786
1	0.095220036317297
1	0.0985586534344952
1	0.101893054282106
1	0.105223245399098
1	0.108549233311808
1	0.111871024533966
1	0.115188625566724
1	0.118502042898687
1	0.12181128300594
1	0.125116352352073
1	0.128417257388217
1	0.131714004553065
1	0.1350066002729
1	0
1	0.00346544171905147
1	0.00692645877510646
1	0.0103830581293395
1	0.0138352467293099
1	0.0172830315089923
1	0.0207264193888083
1	0.0241654172756566
1	0.0276000320629443
1	0.0310302706306175
1	0.0344561398451919
1	0.0378776465597832
1	0.041294797614138
1	0.0447075998346636
1	0.0481160600344591
1	0.0515201850133449
1	0.0549199815578936
1	0.0583154564414594
1	0.0617066164242089
1	0.0650934682531503
1	0.0684760186621639
1	0.0718542743720317
1	0.0752282420904668
1	0.0785979285121438
1	0.0819633403187279
1	0.0853244841789044
1	0.0886813667484083
1	0.0920339946700538
1	0.0953823745737633
1	0.098726513076597
1	0.102066416782782
1	0.10540209228374
1	0.10873354615812
1	0.112060784971822
1	0.115383815278032
1	0.118702643617244
1	0.122017276517295
1	0.125327720493389
1	0.128633982048129
1	0.131936067671544
1	0.135233983841116
1	0
1	0.003466847554655
1	0.00692926579549426
1	0.0103872616968082
1	0.0138408422192365
1	0.0172900143097997
1	0.0207347849019296
1	0.0241751609155006
1	0.0276111492568605
1	0.0310427568188614
1	0.0344699904808902
1	0.0378928571088995
1	0.041311363555438
1	0.0447255166596811
1	0.0481353232474614
1	0.0515407901312988
1	0.0549419241104311
1	0.0583387319708439
1	0.0617312204853009
1	0.0651193964133741
1	0.0685032665014733
1	0.0718828374828767
1	0.0752581160777601
1	0.0786291089932269
1	0.0819958229233379
1	0.0853582645491408
1	0.0887164405386999
1	0.092070357547125
1	0.0954200222166018
1	0.0987654411764202
1	0.102106621043004
1	0.105443568419941
1	0.108776289898009
1	0.11210479205521
1	0.115429081456794
1	0.11874916465529
1	0.122065048190537
1	0.125376738589708
1	0.128684242367343
1	0.131987566025377
1	0.135286716053164
1	0
1	0.00347106109734261
1	0.00693767894152584
1	0.0103998605461506
1	0.0138576129110618
1	0.0173109430223795
1	0.0207598578525303
1	0.0242043643602789
1	0.0276444694907586
1	0.0310801801755031
1	0.0345115033324769
1	0.0379384458661068
1	0.0413610146673121
1	0.044779216613536
1	0.0481930585687759
1	0.0516025473836143
1	0.0550076898952491
1	0.058408492927524
1	0.0618049632909594
1	0.0651971077827823
1	0.0685849331869565
1	0.071968446274213
1	0.0753476538020803
1	0.0787225625149137
1	0.0820931791439261
1	0.0854595104072171
1	0.0888215630098036
1	0.0921793436436489
1	0.0955328589876925
1	0.0988821157078799
1	0.102227120457192
1	0.105567879875675
1	0.108904400590467
1	0.112236689215834
1	0.115564752353189
1	0.118888596591133
1	0.122208228505472
1	0.125523654659257
1	0.128834881602805
1	0.13214191587373
1	0.135444763996976
1	0
1	0.00347866749051812
1	0.00695286656422336
1	0.010422604305681
1	0.0138878877855098
1	0.0173487240604137
1	0.0208051201732137
1	0.0242570831528799
1	0.0277046200145624
1	0.0311477377596238
1	0.0345864433756701
1	0.0380207438365822
1	0.0414506461025475
1	0.0448761571200908
1	0.048297283822106
1	0.0517140331278867
1	0.0551264119431573
1	0.0585344271601045
1	0.0619380856574074
1	0.065337394300269
1	0.0687323599404464
1	0.072122989416282
1	0.0755092895527333
1	0.0788912671614044
1	0.0822689290405756
1	0.0856422819752341
1	0.0890113327371042
1	0.0923760880846777
1	0.0957365547632439
1	0.0990927395049194
1	0.102444649028679
1	0.105792290040383
1	0.109135669232812
1	0.112474793285691
1	0.115809668865723
1	0.119140302626617
1	0.122466701209119
1	0.125788871241037
1	0.129106819337278
1	0.132420552099871
1	0.135730076117997
1	0
1	0.00348922794454726
1	0.00697395253593269
1	0.0104541809572461
1	0.0139299203773662
1	0.0174011779509932
1	0.0208679608186813
1	0.024330276106871
1	0.0277881309279219
1	0.0312415323801442
1	0.0346904875478318
1	0.0381350035012936
1	0.041575087296886
1	0.0450107459770447
1	0.0484419865703167
1	0.051868816091392
1	0.0552912415411351
1	0.058709269906617
1	0.0621229081611467
1	0.0655321632643025
1	0.0689370421619635
1	0.0723375517863408
1	0.0757336990560091
1	0.0791254908759374
1	0.0825129341375206
1	0.0858960357186101
1	0.0892748024835448
1	0.0926492412831822
1	0.0960193589549291
1	0.099385162322772
1	0.102746658197308
1	0.106103853375776
1	0.109456754642086
1	0.11280536876685
1	0.116149702507413
1	0.11948976260788
1	0.122825555799154
1	0.126157088798956
1	0.129484368311862
1	0.132807401029332
1	0.136126193629737
1	0
1	0.00349145434716088
1	0.00697839797572106
1	0.0104608380895417
1	0.0139387818782172
1	0.0174122365171077
1	0.020881209167372
1	0.0243457069759998
1	0.0278057370758447
1	0.031261306585656
1	0.0347124226101116
1	0.0381590922398499
1	0.0416013225515021
1	0.0450391206077243
1	0.0484724934572294
1	0.0519014481348193
1	0.0553259916614165
1	0.0587461310440959
1	0.0621618732761167
1	0.0655732253369539
1	0.0689801941923297
1	0.0723827867942453
1	0.0757810100810119
1	0.0791748709772824
1	0.0825643763940823
1	0.0859495332288411
1	0.0893303483654232
1	0.092706828674159
1	0.0960789810118759
1	0.099446812221929
1	0.102810329134232
1	0.106169538565287
1	0.109524447318218
1	0.112875062182798
1	0.11622138993548
1	0.11956343733943
1	0.122901211144555
1	0.126234718087533
1	0.129563964891845
1	0.132888958267804
1	0.136209704912585
1	0
1	0.00349990809663552
1	0.00699527750777227
1	0.0104861155161413
1	0.013972429389995
1	0.0174542263831406
1	0.0209315137349731
1	0.0244042986705088
1	0.0278725884004177
1	0.0313363901210572
1	0.0347957110145046
1	0.0382505582485899
1	0.0417009389769286
1	0.0451468603389544
1	0.0485883294599515
1	0.0520253534510876
1	0.0554579394094456
1	0.0588860944180567
1	0.0623098255459318
1	0.0657291398480945
1	0.0691440443656125
1	0.07255454612563
1	0.0759606521413995
1	0.0793623694123136
1	0.082759704923937
1	0.0861526656480378
1	0.0895412585426193
1	0.0929254905519517
1	0.0963053686066033
1	0.099680899623472
1	0.103052090505817
1	0.106418948143288
1	0.10978147941196
1	0.113139691174361
1	0.116493590279505
1	0.119843183562922
1	0.123188477846688
1	0.126529479939459
1	0.129866196636497
1	0.133198634719705
1	0.136526800957654
1	0
1	0.00351674226092239
1	0.00702889014515735
1	0.0105364510924914
1	0.014039432527811
1	0.0175378418611366
1	0.0210316864876573
1	0.024520973787765
1	0.0280057111270884
1	0.0314859058565273
1	0.0349615653122865
1	0.0384326968159097
1	0.041899307674313
1	0.0453614051798192
1	0.0488189966101913
1	0.0522720892286655
1	0.0557206902839856
1	0.0591648070104355
1	0.0626044466278733
1	0.0660396163417638
1	0.0694703233432124
1	0.0728965748089975
1	0.0763183779016039
1	0.0797357397692556
1	0.0831486675459485
1	0.0865571683514833
1	0.0899612492914982
1	0.0933609174575013
1	0.0967561799269032
1	0.100147043763049
1	0.103533516015252
1	0.106915603718825
1	0.110293313895111
1	0.113666653551517
1	0.117035629681548
1	0.120400249264835
1	0.123760519267169
1	0.127116446640531
1	0.130468038323128
1	0.133815301239419
1	0.137158242300151
1	0
1	0.00352008833759812
1	0.00703557122893719
1	0.0105464561450212
1	0.0140527505418702
1	0.0175544618605547
1	0.0210515975272307
1	0.0245441649531734
1	0.0280321715348124
1	0.0315156246537653
1	0.0349945316768724
1	0.0384688999562304
1	0.0419387368292269
1	0.0454040496185739
1	0.0488648456323419
1	0.0523211321639936
1	0.0557729164924178
1	0.0592202058819625
1	0.0626630075824692
1	0.0661013288293057
1	0.0695351768433996
1	0.0729645588312719
1	0.0763894819850697
1	0.0798099534825998
1	0.0832259804873614
1	0.0866375701485792
1	0.0900447296012363
1	0.0934474659661067
1	0.0968457863497886
1	0.100239697844736
1	0.103629207529294
1	0.107014322467725
1	0.110395049710249
1	0.113771396293072
1	0.117143369238416
1	0.120510975554555
1	0.123874222235846
1	0.12723311626276
1	0.130587664601914
1	0.133937874206105
1	0.137283752014338
1	0
1	0.00353799731095405
1	0.00707132992875109
1	0.0106000054914781
1	0.0141240316217897
1	0.0176434159269435
1	0.0211581659988364
1	0.0246682894140397
1	0.0281737937338351
1	0.0316746865042497
1	0.0351709752560919
1	0.0386626675049862
1	0.0421497707514086
1	0.0456322924807218
1	0.0491102401632101
1	0.0525836212541142
1	0.0560524431936663
1	0.0595167134071249
1	0.0629764393048092
1	0.0664316282821337
1	0.069882287719643
1	0.0733284249830459
1	0.0767700474232501
1	0.0802071623763959
1	0.0836397771638909
1	0.0870678990924438
1	0.0904915354540982
1	0.0939106935262672
1	0.0973253805717663
1	0.100735603838848
1	0.104141370561235
1	0.107542687958153
1	0.110939563234366
1	0.114332003580208
1	0.117720016171619
1	0.121103608170173
1	0.124482786723117
1	0.127857558963401
1	0.13122793200971
1	0.134593912966501
1	0.137955508924031
1	0
1	0.00357768996495489
1	0.00715058392455667
1	0.0107186898872077
1	0.0142820158448839
1	0.0178405697731727
1	0.0213943596313119
1	0.0249433933622275
1	0.0284876788925722
1	0.0320272241327632
1	0.0355620369770202
1	0.0390921253034035
1	0.0426174969738514
1	0.0461381598342179
1	0.0496541217143109
1	0.0531653904279289
1	0.0566719737728986
1	0.0601738795311126
1	0.0636711154685663
1	0.0671636893353947
1	0.0706516088659103
1	0.0741348817786389
1	0.0776135157763576
1	0.0810875185461305
1	0.0845568977593462
1	0.0880216610717538
1	0.0914818161234994
1	0.0949373705391631
1	0.0983883319277945
1	0.101834707882949
1	0.105276505982725
1	0.108713733789799
1	0.11214639885146
1	0.115574508699648
1	0.11899807085099
1	0.122417092806832
1	0.125831582053278
1	0.129241546061225
1	0.132646992286398
1	0.136047928169383
1	0.139444361135667
1	0
1	0.00358942693752472
1	0.00717401904116035
1	0.0107537844288102
1	0.014328731201657
1	0.0178988674442022
1	0.0214642012243047
1	0.0250247405932205
1	0.028580493585641
1	0.0321314682197322
1	0.0356776724971734
1	0.0392191144031955
1	0.0427558019066201
1	0.0462877429598973
1	0.0498149454991445
1	0.0533374174441845
1	0.0568551666985836
1	0.0603682011496897
1	0.0638765286686701
1	0.0673801571105498
1	0.0708790943142488
1	0.0743733481026198
1	0.0778629262824862
1	0.0813478366446793
1	0.0848280869640755
1	0.0883036849996339
1	0.0917746384944335
1	0.0952409551757101
1	0.0987026427548936
1	0.102159708927645
1	0.105612161373892
1	0.109060007757867
1	0.112503255728146
1	0.115941912917678
1	0.119375986943831
1	0.12280548540842
1	0.126230415897749
1	0.129650785982643
1	0.133066603218488
1	0.136477875145264
1	0.139884609287582
1	0
1	0.00360524904888165
1	0.00720561092078351
1	0.0108010938812224
1	0.0143917061785982
1	0.0179774560442343
1	0.0215583516924177
1	0.0251344013204389
1	0.0287056131086319
1	0.0322719952204143
1	0.0358335558023268
1	0.039390302984073
1	0.0429422448785588
1	0.0464893895819319
1	0.0500317451736214
1	0.0535693197163767
1	0.057102121256307
1	0.06063015782292
1	0.0641534374291613
1	0.0676719680714528
1	0.071185757729732
1	0.07469481436749
1	0.0781991459318108
1	0.0816987603534093
1	0.0851936655466699
1	0.0886838694096847
1	0.0921693798242917
1	0.0956502046561129
1	0.0991263517545925
1	0.102597828953034
1	0.10606464406864
1	0.109526804902548
1	0.112984319239867
1	0.116437194849719
1	0.119885439485272
1	0.123329060883781
1	0.126768066766624
1	0.130202464839337
1	0.133632262791655
1	0.137057468297544
1	0.140478089015243
1	0
1	0.00365621736781829
1	0.00730737894403375
1	0.0109534934696757
1	0.0145945696673801
1	0.0182306162414331
1	0.0218616418778147
1	0.0254876552442422
1	0.0291086649902131
1	0.0327246797470489
1	0.0363357081279376
1	0.0399417587279771
1	0.0435428401242177
1	0.0471389608757052
1	0.0507301295235234
1	0.0543163545908365
1	0.0578976445829317
1	0.0614740079872615
1	0.0650454532734861
1	0.068611988893515
1	0.0721736232815497
1	0.0757303648541249
1	0.079282222010151
1	0.082829203130955
1	0.086371316580323
1	0.0899085707045409
1	0.0934409738324364
1	0.0969685342754195
1	0.100491260327525
1	0.104009160265451
1	0.107522242348604
1	0.111030514819136
1	0.114533985901986
1	0.118032663804923
1	0.121526556718583
1	0.125015672816512
1	0.128500020255207
1	0.131979607174154
1	0.135454441695867
1	0.138924531925933
1	0.142389885953049
1	0
1	0.00365794307517356
1	0.00731082464971757
1	0.0109586534807614
1	0.014601438306998
1	0.0182391878487272
1	0.0218719108078999
1	0.0254996158681612
1	0.0291223116948938
1	0.0327400069352617
1	0.0363527102182528
1	0.0399604301547225
1	0.0435631753374364
1	0.0471609543411133
1	0.0507537757224677
1	0.0543416480202529
1	0.0579245797553032
1	0.0615025794305764
1	0.0650756555311961
1	0.0686438165244942
1	0.0722070708600526
1	0.0757654269697455
1	0.0793188932677813
1	0.0828674781507443
1	0.0864111899976363
1	0.0899500371699187
1	0.0934840280115531
1	0.0970131708490436
1	0.100537473991478
1	0.104056945730567
1	0.10757159434069
1	0.111081428078929
1	0.114586455185118
1	0.118086683881875
1	0.121582122374651
1	0.125072778851762
1	0.128558661484438
1	0.132039778426856
1	0.135516137816187
1	0.13898774777263
1	0.142454616399455
1	0
1	0.00366007943482702
1	0.00731509030146791
1	0.0109650413769834
1	0.0146099414199441
1	0.0182497991704745
1	0.0218846233502967
1	0.0255144226627737
1	0.0291392057929537
1	0.0327589814076128
1	0.036373758155299
1	0.0399835446663746
1	0.0435883495530601
1	0.0471881814094768
1	0.0507830488116899
1	0.0543729603177511
1	0.0579579244677412
1	0.061537949783813
1	0.0651130447702336
1	0.0686832179134268
1	0.0722484776820152
1	0.0758088325268626
1	0.0793642908811158
1	0.0829148611602466
1	0.086460551762094
1	0.0900013710669052
1	0.0935373274373779
1	0.0970684292187016
1	0.100594684738599
1	0.104116102307367
1	0.107632690217918
1	0.111144456745821
1	0.114651410149345
1	0.118153558669496
1	0.121650910530057
1	0.125143473937637
1	0.1286312570817
1	0.132114268134615
1	0.135592515251691
1	0.13906600657122
1	0.142534750214514
1	0
1	0.00366853658055421
1	0.00733197661478866
1	0.0109903289586656
1	0.0146436024494454
1	0.0182918059057309
1	0.0219349481275121
1	0.0255730378962096
1	0.0292060839747197
1	0.0328340951074575
1	0.0364570800204014
1	0.0400750474211366
1	0.0436880059988987
1	0.0472959644246175
1	0.0508989313509602
1	0.0544969154123748
1	0.0580899252251334
1	0.0616779693873754
1	0.0652610564791502
1	0.0688391950624605
1	0.0724123936813046
1	0.0759806608617195
1	0.0795440051118234
1	0.0831024349218581
1	0.0866559587642312
1	0.0902045850935588
1	0.0937483223467073
1	0.0972871789428354
1	0.100821163283436
1	0.104350283752379
1	0.107874548715952
1	0.111393966522901
1	0.114908545504475
1	0.118418293974463
1	0.121923220229241
1	0.125423332547807
1	0.128918639191828
1	0.132409148405675
1	0.13589486841647
1	0.139375807434122
1	0.14285197365137
1	0
1	0.00367422507577899
1	0.00734333478642099
1	0.0110073380409595
1	0.0146662437295836
1	0.0183200607236828
1	0.021968797875892
1	0.0256124640201355
1	0.029251067971672
1	0.0328846185271389
1	0.0365131244645962
1	0.0401365945435711
1	0.0437550375051017
1	0.0473684620717809
1	0.0509768769478007
1	0.0545802908189952
1	0.0581787123528848
1	0.0617721501987192
1	0.0653606129875211
1	0.0689441093321294
1	0.0725226478272422
1	0.0760962370494599
1	0.0796648855573285
1	0.0832286018913817
1	0.0867873945741843
1	0.0903412721103746
1	0.0938902429867067
1	0.0974343156720932
1	0.100973498617647
1	0.104507800256725
1	0.108037229004967
1	0.111561793260341
1	0.115081501403185
1	0.118596361796245
1	0.122106382784721
1	0.125611572696306
1	0.129111939841229
1	0.132607492512294
1	0.136098238984924
1	0.139584187517201
1	0.143065346349908
1	0
1	0.00369111071752325
1	0.00737705020842189
1	0.0110578275392652
1	0.0147334517573551
1	0.0184039318907723
1	0.0220692769484219
1	0.0257294959200793
1	0.0293845977764355
1	0.0330345914691428
1	0.0366794859308602
1	0.0403192900752985
1	0.0439540127972652
1	0.0475836629727102
1	0.0512082494587698
1	0.0548277810938124
1	0.0584422666974824
1	0.0620517150707453
1	0.0656561349959318
1	0.0692555352367825
1	0.0728499245384915
1	0.0764393116277514
1	0.0800237052127966
1	0.0836031139834472
1	0.0871775466111535
1	0.0907470117490389
1	0.0943115180319436
1	0.0978710740764685
1	0.101425688481018
1	0.104975369825844
1	0.108520126673087
1	0.112059967566823
1	0.115594901033102
1	0.119124935579994
1	0.122650079697631
1	0.126170341858246
1	0.129685730516222
1	0.133196254108131
1	0.136701921052774
1	0.140202739751226
1	0.143698718586879
1	0
1	0.00369115229273946
1	0.00737713322131418
1	0.0110579518526813
1	0.0147336172345296
1	0.0184041383953256
1	0.0220695243443591
1	0.0257297840717893
1	0.0293849265486899
1	0.0330349607270949
1	0.0366798955400438
1	0.0403197399016271
1	0.043954502707031
1	0.0475841928325828
1	0.0512088191357957
1	0.0548283904554133
1	0.0584429156114548
1	0.0620524034052591
1	0.0656568626195295
1	0.0692563020183781
1	0.0728507303473697
1	0.0764401563335663
1	0.0800245886855708
1	0.0836040360935712
1	0.087178507229384
1	0.0907480107464983
1	0.094312555280119
1	0.0978721494472106
1	0.10142680184654
1	0.104976521058721
1	0.108521315646255
1	0.112061194153578
1	0.115596165107097
1	0.119126237015242
1	0.1226514183685
1	0.126171717639461
1	0.129687143282864
1	0.133197703735632
1	0.136703407416921
1	0.140204262728158
1	0.143700278053087
1	0
1	0.00369329456986126
1	0.00738141068842489
1	0.0110643574426345
1	0.0147421439001119
1	0.0184147791092028
1	0.0220822720990232
1	0.0257446318795047
1	0.029401867441441
1	0.0330539877565327
1	0.0367010017774332
1	0.0403429184377942
1	0.0439797466523108
1	0.0476114953167664
1	0.0512381733080782
1	0.054859789484342
1	0.0584763526848769
1	0.0620878717302698
1	0.0656943554224205
1	0.069295812544586
1	0.0728922518614244
1	0.0764836821190399
1	0.0800701120450263
1	0.0836515503485116
1	0.0872280057202013
1	0.0907994868324227
1	0.0943660023391686
1	0.0979275608761404
1	0.101484171060792
1	0.105035841492374
1	0.108582580751974
1	0.112124397402563
1	0.115661299989038
1	0.119193297038264
1	0.122720397059115
1	0.126242608542521
1	0.129759939961507
1	0.133272399771238
1	0.136779996409059
1	0.140282738294539
1	0.143780633829515
1	0
1	0.00370662786566401
1	0.00740803317049937
1	0.0111042251258436
1	0.0147952129233785
1	0.0184810057351767
1	0.0221616127137489
1	0.0258370429920903
1	0.0295073056837275
1	0.0331724098827646
1	0.03683236466393
1	0.0404871790826222
1	0.0441368621749563
1	0.0477814229578099
1	0.0514208704288687
1	0.055055213566673
1	0.0586844613306625
1	0.0623086226612226
1	0.0659277064797295
1	0.0695417216885953
1	0.0731506771713136
1	0.0767545817925047
1	0.08035344439796
1	0.0839472738146874
1	0.0875360788509559
1	0.0911198682963402
1	0.0946986509217651
1	0.0982724354795504
1	0.101841230703455
1	0.10540504530872
1	0.108963887992114
1	0.112517767431979
1	0.11606669228827
1	0.119610671202601
1	0.123149712798289
1	0.126683825680396
1	0.130213018435776
1	0.133737299633114
1	0.13725667782297
1	0.140771161537826
1	0.144280759292123
1	0
1	0.00371350937477578
1	0.00742177342314836
1	0.0111248014206568
1	0.014822602623012
1	0.0185151862661439
1	0.0222025615662491
1	0.0258847377198377
1	0.0295617239037804
1	0.0332335292753557
1	0.0369001629722965
1	0.0405616341128369
1	0.0442179517957584
1	0.047869125100437
1	0.0515151630868892
1	0.0551560747958181
1	0.0587918692486596
1	0.0624225554476288
1	0.0660481423757652
1	0.0696686389969789
1	0.0732840542560963
1	0.0768943970789053
1	0.0804996763722009
1	0.0840999010238306
1	0.0876950799027397
1	0.0912852218590157
1	0.0948703357239341
1	0.0984504303100029
1	0.102025514411007
1	0.105595596802054
1	0.109160686239617
1	0.11272079146158
1	0.116275921187282
1	0.119826084117562
1	0.123371288934801
1	0.126911544302969
1	0.130446858867666
1	0.133977241256167
1	0.137502700077465
1	0.141023243922316
1	0.144538881363281
1	0
1	0.00371495399335066
1	0.00742465788117607
1	0.011129120952493
1	0.0148283524764538
1	0.0185223617023938
1	0.022211157859879
1	0.0258947501587531
1	0.0295731477891845
1	0.0332463599217137
1	0.0369143957073
1	0.0405772642773682
1	0.0442349747438556
1	0.0478875361992582
1	0.0515349577166773
1	0.0551772483498657
1	0.0588144171332743
1	0.0624464730820977
1	0.0660734251923203
1	0.0696952824407623
1	0.0733120537851255
1	0.0769237481640387
1	0.0805303744971031
1	0.0841319416849384
1	0.087728458609227
1	0.0913199341327602
1	0.0949063770994826
1	0.0984877963345373
1	0.102064200644311
1	0.105635598816477
1	0.109201999620044
1	0.112763411805394
1	0.116319844104334
1	0.119871305230135
1	0.123417803877578
1	0.126959348722998
1	0.130495948424329
1	0.134027611621143
1	0.137554346934703
1	0.141076162967996
1	0.144593068305785
1	0
1	0.00373924658958288
1	0.00747316270828727
1	0.0112017578717694
1	0.0149250415752126
1	0.0186430232933767
1	0.0223557124806466
1	0.0260631185710814
1	0.029765250978463
1	0.0334621190963449
1	0.0371537322981006
1	0.040840099936972
1	0.0445212313461173
1	0.0481971358386597
1	0.0518678227077351
1	0.0555333012265401
1	0.0591935806483794
1	0.0628486702067141
1	0.0664985791152085
1	0.0701433165677782
1	0.0737828917386368
1	0.0774173137823433
1	0.0810465918338493
1	0.0846707350085458
1	0.0882897524023098
1	0.0919036530915513
1	0.0955124461332598
1	0.0991161405650507
1	0.102714745405211
1	0.106308269652748
1	0.109896722287432
1	0.113480112269843
1	0.11705844854142
1	0.120631740024503
1	0.124199995622378
1	0.127763224219328
1	0.131321434680673
1	0.134874635852815
1	0.138422836563289
1	0.141966045620801
1	0.14550427181528
1	0
1	0.0037548217844098
1	0.0075042615717056
1	0.0112483290228535
1	0.0149870337779567
1	0.0187203854563057
1	0.022448393656428
1	0.0261710679561385
1	0.029888417912589
1	0.0336004530623175
1	0.0373071829212985
1	0.0410086169849916
1	0.0447047647283912
1	0.0483956356060753
1	0.0520812390522552
1	0.0557615844808235
1	0.0594366812854033
1	0.0631065388393971
1	0.0667711664960347
1	0.0704305735884222
1	0.0740847694295899
1	0.0777337633125406
1	0.0813775645102974
1	0.085016182275952
1	0.0886496258427124
1	0.09227790442395
1	0.0959010272132481
1	0.0995190033844487
1	0.1031318420917
1	0.106739552469502
1	0.110342143632759
1	0.113939624676818
1	0.117532004677523
1	0.121119292691258
1	0.124701497754995
1	0.12827862888634
1	0.131850695083578
1	0.135417705325723
1	0.138979668572559
1	0.14253659376469
1	0.146088489823585
1	0
1	0.00377733437841749
1	0.00754921228301407
1	0.0113156435847886
1	0.0150766381333134
1	0.0188322057567854
1	0.0225823562620782
1	0.0263270994347929
1	0.0300664450393097
1	0.033800402818839
1	0.0375289824954722
1	0.0412521937702326
1	0.0449700463231262
1	0.048682549813192
1	0.0523897138785531
1	0.0560915481364663
1	0.0597880621833729
1	0.0634792655949482
1	0.0671651679261522
1	0.0708457787112786
1	0.0745211074640052
1	0.0781911636774431
1	0.0818559568241862
1	0.0855154963563607
1	0.0891697917056739
1	0.092818852283464
1	0.0964626874807482
1	0.100101306668272
1	0.103734719196559
1	0.107362934395955
1	0.110985961576684
1	0.114603810028891
1	0.118216489022689
1	0.121824007808212
1	0.125426375615662
1	0.129023601655352
1	0.132615695117759
1	0.136202665173571
1	0.139784520973732
1	0.14336127164949
1	0.146932926312446
1	0
1	0.00378361532902361
1	0.0075617534054339
1	0.0113344241588283
1	0.0151016374972204
1	0.0188634033070915
1	0.022619731453443
1	0.0263706317798479
1	0.0301161141085027
1	0.0338561882402786
1	0.0375908639547731
1	0.0413201510103611
1	0.0450440591442463
1	0.048762598072512
1	0.0524757774901718
1	0.0561836070712207
1	0.0598860964686856
1	0.0635832553146755
1	0.0672750932204324
1	0.0709616197763809
1	0.0746428445521789
1	0.078318777096767
1	0.081989426938419
1	0.0856548035847908
1	0.0893149165229711
1	0.0929697752195296
1	0.0966193891205673
1	0.100263767651766
1	0.103902920218435
1	0.107536856205564
1	0.111165584977868
1	0.11478911587984
1	0.118407458235796
1	0.122020621349924
1	0.125628614506336
1	0.129231446969111
1	0.132829127982348
1	0.136421666770208
1	0.140009072536971
1	0.143591354467073
1	0.147168521725161
1	0
1	0.00378643098306761
1	0.00756737539870723
1	0.0113428432027852
1	0.0151128443295132
1	0.0188773886915007
1	0.022636486179807
1	0.026390146663993
1	0.0301383799921731
1	0.0338811959910671
1	0.0376186044660516
1	0.0413506152012115
1	0.0450772379593913
1	0.0487984824822461
1	0.0525143584902929
1	0.0562248756829616
1	0.0599300437386455
1	0.0636298723147519
1	0.0673243710477531
1	0.0710135495532366
1	0.0746974174259549
1	0.0783759842398766
1	0.0820492595482355
1	0.0857172528835811
1	0.0893799737578281
1	0.0930374316623062
1	0.0966896360678095
1	0.100336596424646
1	0.103978322162687
1	0.107614822691415
1	0.111246107399975
1	0.114872185657223
1	0.118493066811772
1	0.122108760192043
1	0.125719275106314
1	0.129324620842767
1	0.132924806669538
1	0.136519841834762
1	0.140109735566625
1	0.143694497073409
1	0.14727413554354
1	0
1	0.00380917900390809
1	0.00761279618483652
1	0.0114108617108809
1	0.0152033857279124
1	0.0189903783596319
1	0.0227718497076232
1	0.0265478098514065
1	0.0303182688484919
1	0.0340832367344325
1	0.0378427235228777
1	0.0415967392056255
1	0.0453452937526759
1	0.0490883971122833
1	0.052826059211009
1	0.0565582899537737
1	0.0602850992239095
1	0.0640064968832126
1	0.0677224927719944
1	0.0714330967091342
1	0.0751383184921304
1	0.0788381678971524
1	0.0825326546790918
1	0.0862217885716139
1	0.089905579287209
1	0.0935840365172433
1	0.0972571699320097
1	0.100924989180779
1	0.104587503891851
1	0.108244723672602
1	0.111896658109542
1	0.115543316768357
1	0.119184709193964
1	0.12282084491056
1	0.126451733421673
1	0.130077384210208
1	0.133697806738502
1	0.13731301044837
1	0.140923004761154
1	0.144527799077775
1	0.148127402778781
1	0
1	0.00381896473678736
1	0.00763233527719733
1	0.0114401218806222
1	0.0152423347839848
1	0.019038984201793
1	0.0228300803261941
1	0.0266156333270284
1	0.0303956533518839
1	0.0341701505261495
1	0.037939134953069
1	0.0417026167137947
1	0.0454606058674404
1	0.0492131124511354
1	0.052960146480077
1	0.0567017179475839
1	0.0604378368251488
1	0.0641685130624913
1	0.0678937565876108
1	0.0716135773068382
1	0.0753279851048892
1	0.0790369898449158
1	0.0827406013685587
1	0.086438829495999
1	0.0901316840260107
1	0.0938191747360113
1	0.0975013113821143
1	0.10117810369918
1	0.104849561400868
1	0.108515694179686
1	0.112176511707043
1	0.115832023633301
1	0.11948223958782
1	0.123127169179018
1	0.126766821994414
1	0.13040120760068
1	0.134030335543693
1	0.137654215348586
1	0.141272856519793
1	0.144886268541105
1	0.148494460875715
1	0
1	0.00383969411106811
1	0.00767372544834246
1	0.0115021044646114
1	0.0153248415896749
1	0.0191419472304
1	0.0229534317707765
1	0.0267593055719727
1	0.0305595789723904
1	0.0343542622877201
1	0.0381433658109962
1	0.041926899812652
1	0.0457048745405741
1	0.0494773002201572
1	0.0532441870543588
1	0.0570055452237533
1	0.0607613848865862
1	0.0645117161788283
1	0.0682565492142296
1	0.0719958940843732
1	0.0757297608587286
1	0.0794581595847057
1	0.0831811002877079
1	0.0868985929711855
1	0.0906106476166886
1	0.0943172741839204
1	0.0980184826107899
1	0.101714282813465
1	0.105404684686423
1	0.109089698102507
1	0.112769332912976
1	0.116443598947554
1	0.120112506014488
1	0.123776063900597
1	0.127434282371323
1	0.131087171170783
1	0.134734740021823
1	0.138376998626064
1	0.14201395666396
1	0.145645623794846
1	0.149272009656985
1	0
1	0.0038400392343415
1	0.00767441455314409
1	0.011503136412416
1	0.0153262152451684
1	0.0191436614614708
1	0.0229554854485072
1	0.0267616975706312
1	0.0305623081694214
1	0.0343573275637367
1	0.0381467660497714
1	0.04193063390111
1	0.045708941368782
1	0.0494816986813166
1	0.0532489160447974
1	0.0570106036429162
1	0.0607667716370278
1	0.064517430166204
1	0.0682625893472874
1	0.0720022592749451
1	0.0757364500217228
1	0.0794651716380981
1	0.0831884341525338
1	0.0869062475715314
1	0.0906186218796842
1	0.0943255670397301
1	0.0980270929926049
1	0.101723209657495
1	0.105413926931888
1	0.10909925469163
1	0.112779202790973
1	0.11645378106263
1	0.120122999317824
1	0.123786867346344
1	0.127445394916594
1	0.131098591775647
1	0.134746467649294
1	0.138389032242096
1	0.142026295237436
1	0.145658266297571
1	0.149284955063681
1	0
1	0.00384411194063733
1	0.00768254649231048
1	0.0115153141490243
1	0.0153424253816844
1	0.0191638906381535
1	0.0229797203433066
1	0.0267899248990877
1	0.0305945146845647
1	0.0343935000559852
1	0.0381868913468315
1	0.0419746988678762
1	0.0457569329072372
1	0.0495336037304323
1	0.053304721580434
1	0.0570702966777248
1	0.0608303392203506
1	0.0645848593839761
1	0.0683338673219383
1	0.072077373165301
1	0.0758153870229084
1	0.0795479189814394
1	0.0832749791054605
1	0.0869965774374804
1	0.0907127239980024
1	0.0944234287855782
1	0.0981287017768608
1	0.101828552926658
1	0.105522992167984
1	0.109212029412114
1	0.112895674548635
1	0.1165739374455
1	0.120246827949078
1	0.123914355884209
1	0.127576531054253
1	0.131233363241146
1	0.134884862205446
1	0.138531037686392
1	0.142171899401947
1	0.145807457048859
1	0.149437720302704
1	0
1	0.00384707811326449
1	0.00768846902480091
1	0.0115241832562872
1	0.0153542313062279
1	0.0191786236500103
1	0.0229973707399604
1	0.0268104830053993
1	0.0306179708526984
1	0.0344198446653357
1	0.0382161148039508
1	0.0420067916064005
1	0.0457918853878141
1	0.0495714064406486
1	0.0533453650347431
1	0.0571137714173744
1	0.0608766358133112
1	0.0646339684248688
1	0.0683857794319632
1	0.0721320789921661
1	0.0758728772407583
1	0.079608184290784
1	0.0833380102331046
1	0.0870623651364526
1	0.0907812590474849
1	0.0944947019908365
1	0.0982027039691737
1	0.101905274963247
1	0.105602424931945
1	0.109294163812347
1	0.112980501519774
1	0.116661447947844
1	0.120337012968523
1	0.124007206432179
1	0.127672038167632
1	0.131331517982206
1	0.134985655661784
1	0.138634460970857
1	0.142277943652576
1	0.145916113428807
1	0.149548980000177
1	0
1	0.00385502268362514
1	0.00770433188310278
1	0.0115479381942303
1	0.0153858521894326
1	0.0192180844178191
1	0.0230446454052398
1	0.0268655456543425
1	0.0306807956446284
1	0.034490405832509
1	0.0382943866513613
1	0.0420927485115847
1	0.0458855018006557
1	0.0496726568831845
1	0.0534542241009696
1	0.057230213773054
1	0.0610006361957796
1	0.0647655016428428
1	0.0685248203653491
1	0.0722786025918681
1	0.0760268585284881
1	0.0797695983588703
1	0.0835068322443036
1	0.0872385703237587
1	0.0909648227139418
1	0.0946855995093493
1	0.0984009107823207
1	0.102110766583093
1	0.105815176939854
1	0.109514151858796
1	0.113207701324169
1	0.116895835298331
1	0.120578563721807
1	0.124255896513338
1	0.127927843569931
1	0.131594414766919
1	0.135255619958007
1	0.138911468975327
1	0.142561971629489
1	0.146207137709636
1	0.14984697698349
1	0
1	0.00385524835986396
1	0.00770478248899284
1	0.0115486129852895
1	0.0153867504232786
1	0.0192192053541637
1	0.0230459883058836
1	0.0268671097831687
1	0.0306825802675978
1	0.034492410217654
1	0.0382966100687807
1	0.0420951902334377
1	0.0458881611011569
1	0.0496755330385979
1	0.0534573163896035
1	0.0572335214752552
1	0.0610041585939279
1	0.0647692380213459
1	0.0685287700106369
1	0.0722827647923872
1	0.0760312325746965
1	0.079774183543232
1	0.0835116278612832
1	0.087243575669816
1	0.0909700370875265
1	0.0946910222108954
1	0.0984065411142416
1	0.102116603849776
1	0.105821220447655
1	0.109520400916033
1	0.113214155241119
1	0.116902493387225
1	0.120585425296821
1	0.124262960890591
1	0.127935110067481
1	0.131601882704753
1	0.13526328865804
1	0.138919337761395
1	0.142570039827345
1	0.146215404646943
1	0.149855441989818
1	0
1	0.00387305148022982
1	0.00774032983301202
1	0.0116018458223449
1	0.0154576101884028
1	0.0193076336475939
1	0.0231519268926186
1	0.0269905005925262
1	0.0308233653927733
1	0.0346505319152806
1	0.0384720107584907
1	0.0422878124974244
1	0.0460979476837382
1	0.049902426845781
1	0.0537012604886506
1	0.0574944590942501
1	0.0612820331213448
1	0.0650639930056176
1	0.0688403491597258
1	0.0726111119733565
1	0.0763762918132828
1	0.080135899023419
1	0.0838899439248765
1	0.0876384368160191
1	0.0913813879725178
1	0.0951188076474066
1	0.0988507060711367
1	0.102577093451632
1	0.106297979974343
1	0.110013375802302
1	0.113723291076176
1	0.117427735914326
1	0.121126720412852
1	0.124820254645655
1	0.12850834866449
1	0.132191012499013
1	0.135868256156844
1	0.139540089623612
1	0.143206522863016
1	0.14686756581687
1	0.150523228405163
1	0
1	0.00388658681918056
1	0.00776735573297844
1	0.0116423176316708
1	0.015511483381372
1	0.019374863824092
1	0.0232324697777956
1	0.0270843120364606
1	0.0309304013701363
1	0.0347707485250019
1	0.0386053642234243
1	0.0424342591640164
1	0.0462574440216947
1	0.0500749294477369
1	0.0538867260698396
1	0.0576928444921755
1	0.0614932952954508
1	0.065288089036962
1	0.0690772362506532
1	0.0728607474471727
1	0.0766386331139293
1	0.0804109037151497
1	0.0841775696919337
1	0.0879386414623115
1	0.0916941294212989
1	0.0954440439409538
1	0.0991883953704318
1	0.102927194036042
1	0.106660450241301
1	0.110388174266993
1	0.114110376371217
1	0.11782706678945
1	0.121538255734598
1	0.125243953397049
1	0.128944169944732
1	0.132638915523169
1	0.13632820025553
1	0.140012034242687
1	0.143690427563268
1	0.147363390273711
1	0.151030932408317
1	0
1	0.00389509268303094
1	0.0077843393213751
1	0.0116677508846657
1	0.01554533831816
1	0.0194171125427988
1	0.0232830844552652
1	0.0271432649280445
1	0.0309976648094825
1	0.0348462949238446
1	0.0386891660713744
1	0.0425262890283522
1	0.0463576745471534
1	0.0501833333563066
1	0.0540032761605517
1	0.057817513640898
1	0.0616260564546817
1	0.0654289152356236
1	0.0692261005938867
1	0.0730176231161334
1	0.0768034933655828
1	0.0805837218820676
1	0.0843583191820911
1	0.0881272957588836
1	0.0918906620824599
1	0.0956484285996747
1	0.0994006057342795
1	0.103147203886979
1	0.106888233435486
1	0.110623704734579
1	0.114353628116156
1	0.118078013889292
1	0.121796872340294
1	0.125510213732755
1	0.129218048307611
1	0.132920386283193
1	0.136617237855287
1	0.140308613197184
1	0.143994522459738
1	0.147674975771416
1	0.151349983238359
1	0
1	0.00393267915259501
1	0.00785938791603732
1	0.0117801376106258
1	0.0156949395313419
1	0.0196038049479117
1	0.0235067451048674
1	0.0274037712216094
1	0.031294894492467
1	0.0351801260867602
1	0.0390594771488608
1	0.0429329587982528
1	0.0468005821295939
1	0.0506623582127759
1	0.0545182980929848
1	0.0583684127907617
1	0.0622127133020627
1	0.066051210598319
1	0.0698839156264966
1	0.0737108393091562
1	0.0775319925445129
1	0.0813473862064952
1	0.0851570311448047
1	0.088960938184975
1	0.0927591181284307
1	0.0965515817525462
1	0.100338339810704
1	0.104119403032355
1	0.107894782123074
1	0.111664487764619
1	0.115428530614992
1	0.119186921308493
1	0.122939670455779
1	0.126686788643922
1	0.130428286436469
1	0.134164174373493
1	0.137894462971657
1	0.141619162724267
1	0.145338284101329
1	0.14905183754961
1	0.152759833492687
1	0
1	0.00396060567387778
1	0.00791514857141106
1	0.0118636402734411
1	0.0158060923347924
1	0.0197425162843364
1	0.0236729236250552
1	0.0275973258341047
1	0.0315157343628782
1	0.0354281606370691
1	0.0393346160567341
1	0.043235111996356
1	0.047129659804906
1	0.0510182708059064
1	0.0549009562974931
1	0.058777727552477
1	0.0626485958184069
1	0.0665135723176305
1	0.0703726682473567
1	0.0742258947797165
1	0.078073263061825
1	0.0819147842158421
1	0.0857504693390336
1	0.0895803295038322
1	0.0934043757578983
1	0.0972226191241803
1	0.101035070600975
1	0.104841741161989
1	0.108642641756397
1	0.112437783308902
1	0.116227176719796
1	0.120010832865021
1	0.123788762596226
1	0.127560976740824
1	0.13132748610206
1	0.13508830145906
1	0.138843433566897
1	0.142592893156645
1	0.146336690935441
1	0.150074837586542
1	0.153807343769382
1	0
1	0.00397841864744147
1	0.0079507155892293
1	0.0119169025723921
1	0.0158769913174957
1	0.0198309935187079
1	0.0237789208438632
1	0.0277207849345275
1	0.0316565974060624
1	0.0355863698476898
1	0.0395101138225554
1	0.0434278408677931
1	0.0473395624945885
1	0.0512452901882427
1	0.0551450354082356
1	0.0590388095882892
1	0.0629266241364308
1	0.0668084904350559
1	0.0706844198409908
1	0.0745544236855556
1	0.0784185132746265
1	0.0822766998886981
1	0.0861289947829455
1	0.0899754091872864
1	0.0938159543064431
1	0.0976506413200038
1	0.101479481382484
1	0.105302485623389
1	0.109119665147275
1	0.112931031033806
1	0.116736594337822
1	0.120536366089394
1	0.124330357293888
1	0.128118578932022
1	0.13190104195993
1	0.135677757309219
1	0.139448735887031
1	0.143213988576103
1	0.146973526234824
1	0.150727359697298
1	0.154475499773401
1	0
1	0.00401186331765244
1	0.00801749428718594
1	0.0120169049676535
1	0.0160101073908077
1	0.0199971135611677
1	0.023977935456086
1	0.0279525850258159
1	0.0319210741935773
1	0.0358834148556236
1	0.0398396188813078
1	0.0437896981131487
1	0.0477336643668969
1	0.0516715294316004
1	0.0556033050696701
1	0.0595290030169456
1	0.0634486349827602
1	0.0673622126500059
1	0.0712697476751987
1	0.0751712516885431
1	0.0790667362939966
1	0.0829562130693343
1	0.0868396935662134
1	0.0907171893102368
1	0.0945887118010174
1	0.0984542725122418
1	0.102313882891734
1	0.106167554361518
1	0.110015298317884
1	0.113857126131446
1	0.117693049147212
1	0.12152307868464
1	0.125347226037704
1	0.129165502474958
1	0.132977919239596
1	0.136784487549512
1	0.140585218597367
1	0.14438012355065
1	0.148169213551734
1	0.151952499717945
1	0.15572999314162
1	0
1	0.00401481970548435
1	0.00802339728245616
1	0.0120257448175503
1	0.0160218743700271
1	0.0200117979718395
1	0.0239955276277007
1	0.0279730753151504
1	0.0319444529846223
1	0.0359096725595102
1	0.0398687459362347
1	0.0438216849843096
1	0.0477685015464079
1	0.0517092074384276
1	0.0556438144495578
1	0.0595723343423442
1	0.0634947788527543
1	0.067411159690243
1	0.0713214885378179
1	0.0752257770521035
1	0.0791240368634068
1	0.0830162795757815
1	0.0869025167670926
1	0.0907827599890806
1	0.0946570207674255
1	0.0985253106018114
1	0.102387640965989
1	0.106244023307842
1	0.110094469049445
1	0.113938989587135
1	0.117777596291567
1	0.121610300507781
1	0.125437113555264
1	0.129258046728011
1	0.133073111294592
1	0.136882318498209
1	0.140685679556761
1	0.144483205662907
1	0.148274907984126
1	0.152060797662777
1	0.155840885816166
1	0
1	0.00401511771035144
1	0.00802399230632345
1	0.0120266358773312
1	0.0160230604854076
1	0.0200132781652713
1	0.0239973009243932
1	0.0279751407430635
1	0.0319468095744591
1	0.0359123193447095
1	0.0398716819529638
1	0.043824909271457
1	0.0477720131455757
1	0.0517130053939245
1	0.0556478978083917
1	0.0595767021542148
1	0.0634994301700464
1	0.0674160935680189
1	0.0713267040338099
1	0.0752312732267075
1	0.0791298127796744
1	0.0830223342994134
1	0.0869088493664311
1	0.0907893695351027
1	0.094663906333736
1	0.0985324712646352
1	0.102395075804165
1	0.106251731402815
1	0.11010244948526
1	0.113947241450429
1	0.117786118671563
1	0.121619092496279
1	0.125446174246637
1	0.129267375219197
1	0.133082706685086
1	0.136892179890057
1	0.140695806054553
1	0.144493596373771
1	0.14828556201772
1	0.152071714131282
1	0.155852063834281
1	0
1	0.00405812452993457
1	0.00810986366929104
1	0.0121552299087196
1	0.0161942357104115
1	0.0202268935081688
1	0.0242532157074748
1	0.0282732146855636
1	0.0322869027914897
1	0.036294292346198
1	0.0402953956425921
1	0.0442902249456045
1	0.0482787924922646
1	0.0522611104917682
1	0.0562371911255454
1	0.0602070465473298
1	0.0641706888832258
1	0.0681281302317776
1	0.0720793826640364
1	0.0760244582236283
1	0.0799633689268221
1	0.0838961267625963
1	0.0878227436927064
1	0.0917432316517522
1	0.0956576025472441
1	0.0995658682596704
1	0.103468040642563
1	0.107364131522566
1	0.111254152699497
1	0.11513811594642
1	0.119016033009703
1	0.122887915609093
1	0.126753775437773
1	0.130613624162433
1	0.134467473423332
1	0.138315334834364
1	0.142157219983125
1	0.145993140430973
1	0.149823107713097
1	0.153647133338579
1	0.157465228790458
1	0
1	0.00407219806166276
1	0.00813796417435003
1	0.0121973109600121
1	0.0162502510117875
1	0.0202967968940745
1	0.0243369611426016
1	0.0283707562644988
1	0.0323981947383674
1	0.0364192890143512
1	0.0404340515142063
1	0.044442494631371
1	0.0484446307310358
1	0.0524404721502134
1	0.0564300311978075
1	0.0604133201546826
1	0.0643903512737332
1	0.0683611367799524
1	0.0723256888705008
1	0.0762840197147754
1	0.0802361414544775
1	0.0841820662036816
1	0.0881218060489029
1	0.0920553730491655
1	0.0959827792360703
1	0.099904036613862
1	0.103819157159497
1	0.107728152822711
1	0.111631035526084
1	0.115527817165111
1	0.119418509608265
1	0.123303124697064
1	0.12718167424614
1	0.131054170043303
1	0.134920623849607
1	0.138781047399417
1	0.142635452400475
1	0.146483850533962
1	0.150326253454567
1	0.154162672790554
1	0.15799312014382
1	0
1	0.00408087307089277
1	0.00815528549393511
1	0.0122232499720114
1	0.016284779178977
1	0.0203398857597304
1	0.0243885823302841
1	0.0284308814778365
1	0.0324667957608425
1	0.0364963377090849
1	0.040519519823745
1	0.0445363545774731
1	0.048546854414459
1	0.0525510317505023
1	0.0565488989730822
1	0.0605404684414278
1	0.0645257524865873
1	0.0685047634114979
1	0.0724775134910548
1	0.0764440149721808
1	0.0804042800738947
1	0.0843583209873809
1	0.0883061498760572
1	0.0922477788756436
1	0.096183220094231
1	0.100112485612348
1	0.104035587483032
1	0.107952537731891
1	0.111863348357179
1	0.115768031329856
1	0.119666598593661
1	0.123559062065174
1	0.127445433633889
1	0.131325725162274
1	0.135199948485842
1	0.139068115413218
1	0.1429302377262
1	0.146786327179831
1	0.150636395502462
1	0.154480454395818
1	0.158318515535062
1	0
1	0.00408144256946537
1	0.00815642260705139
1	0.0122249528209556
1	0.0162870458903323
1	0.0203427144653646
1	0.0243919711673357
1	0.0284348285887
1	0.032471299293155
1	0.0365013958157114
1	0.0405251306627648
1	0.0445425163121655
1	0.0485535652132895
1	0.0525582897871087
1	0.0565567024262605
1	0.0605488154951185
1	0.0645346413298617
1	0.068514192238544
1	0.0724874805011638
1	0.0764545183697334
1	0.0804153180683474
1	0.0843698917932521
1	0.0883182517129139
1	0.092260409968088
1	0.0961963786718863
1	0.100126169909846
1	0.104049795739998
1	0.107967268192932
1	0.111878599271869
1	0.115783800952725
1	0.119682885184178
1	0.123575863887737
1	0.12746274895781
1	0.131343552261766
1	0.135218285640007
1	0.139086960906031
1	0.1429495898465
1	0.146806184221305
1	0.150656755763633
1	0.15450131618003
1	0.158339877150472
1	0
1	0.00409570480261222
1	0.00818489989068111
1	0.0122675981054647
1	0.0163438122588207
1	0.0204135551332791
1	0.0244768394821149
1	0.0285336780294199
1	0.0325840834701755
1	0.0366280684703238
1	0.0406656456668401
1	0.044696827667804
1	0.0487216270524709
1	0.0527400563713433
1	0.0567521281462415
1	0.0607578548703747
1	0.0647572490084116
1	0.0687503229965508
1	0.0727370892425912
1	0.0767175601260018
1	0.0806917479979921
1	0.0846596651815814
1	0.0886213239716687
1	0.0925767366351019
1	0.0965259154107469
1	0.100468872509557
1	0.104405620114642
1	0.108336170381335
1	0.112260535437265
1	0.116178727382419
1	0.120090758289217
1	0.123996640202574
1	0.127896385139974
1	0.131790005091532
1	0.135677512020062
1	0.13955891786115
1	0.143434234523213
1	0.147303473887574
1	0.151166647808522
1	0.155023768113381
1	0.15887484660258
1	0
1	0.00411131010618916
1	0.008216058871993
1	0.0123142592842603
1	0.0164059243000488
1	0.0204910668466985
1	0.0245696998219058
1	0.0286418360937961
1	0.0327074885009977
1	0.0367666698527139
1	0.0408193929287964
1	0.0448656704798177
1	0.0489055152271433
1	0.0529389398630041
1	0.0569659570505684
1	0.0609865794240136
1	0.0650008195885979
1	0.0690086901207319
1	0.0730102035680496
1	0.0770053724494799
1	0.0809942092553171
1	0.0849767264472919
1	0.0889529364586419
1	0.0929228516941818
1	0.096886484530374
1	0.100843847315398
1	0.104794952369221
1	0.108739811983667
1	0.112678438422487
1	0.116610843921426
1	0.120537040688295
1	0.124457040903041
1	0.128370856717809
1	0.132278500257019
1	0.136179983617428
1	0.140075318868204
1	0.143964518050988
1	0.147847593179967
1	0.151724556241937
1	0.155595419196375
1	0.159460193975504
1	0
1	0.00411393723304748
1	0.00822130443458517
1	0.0123221146159718
1	0.0164163807587092
1	0.0205041158145161
1	0.0245853327054018
1	0.0286600443237397
1	0.0327282635323405
1	0.0367900031645256
1	0.0408452760241997
1	0.0448940948859235
1	0.0489364724949867
1	0.05297242156748
1	0.0570019547903672
1	0.0610250848215575
1	0.0650418242899771
1	0.0690521857956412
1	0.0730561819097248
1	0.0770538251746344
1	0.0810451281040793
1	0.0850301031831418
1	0.0890087628683486
1	0.092981119587741
1	0.0969471857409454
1	0.100906973699243
1	0.104860495805642
1	0.108807764374942
1	0.112748791693811
1	0.11668359002085
1	0.120612171586662
1	0.124534548593924
1	0.128450733217455
1	0.132360737604282
1	0.136264573873714
1	0.140162254117404
1	0.144053790399423
1	0.147939194756324
1	0.151818479197212
1	0.155691655703811
1	0.159558736230532
1	0
1	0.00411612214885199
1	0.00822566703800298
1	0.012328647699196
1	0.0164250771342626
1	0.0205149683151964
1	0.0245983341842273
1	0.0286751876538951
1	0.0327455416071226
1	0.0368094088972894
1	0.0408668023483043
1	0.0449177347546789
1	0.0489622188815997
1	0.0530002674650009
1	0.0570318932116367
1	0.0610571087991534
1	0.0650759268761613
1	0.0690883600623068
1	0.0730944209483433
1	0.0770941220962035
1	0.0810874760390697
1	0.0850744952814456
1	0.0890551922992269
1	0.0930295795397717
1	0.0969976694219714
1	0.100959474336321
1	0.104915006644988
1	0.108864278681886
1	0.112807302752738
1	0.116744091135155
1	0.120674656078695
1	0.124599009804941
1	0.128517164507567
1	0.132429132352404
1	0.136334925477513
1	0.140234555993251
1	0.144128035982342
1	0.148015377499942
1	0.151896592573708
1	0.155771693203866
1	0.159640691363281
1	0
1	0.00412599308682227
1	0.00824537625866827
1	0.0123581626393727
1	0.0164643653226113
1	0.0205639973719757
1	0.0246570718210477
1	0.0287436016734737
1	0.0328235999030385
1	0.0368970794537397
1	0.040964053239861
1	0.0450245341460459
1	0.0490785350273708
1	0.0531260687094186
1	0.0571671479883513
1	0.0612017856309828
1	0.0652299943748517
1	0.0692517869282934
1	0.0732671759705127
1	0.0772761741516554
1	0.0812787940928805
1	0.0852750483864317
1	0.089264949595709
1	0.0932485102553398
1	0.0972257428712502
1	0.101196659920736
1	0.105161273852533
1	0.109119597086888
1	0.113071642015629
1	0.117017421002237
1	0.120956946381912
1	0.124890230461647
1	0.128817285520296
1	0.132738123808643
1	0.136652757549473
1	0.140561198937638
1	0.144463460140131
1	0.148359553296148
1	0.152249490517165
1	0.156133283886998
1	0.160010945461877
1	0
1	0.00414215665223504
1	0.00827764991679654
1	0.0124064930683183
1	0.0165286993508704
1	0.020644281978035
1	0.0247532541329817
1	0.0288556289685432
1	0.03295141960729
1	0.0370406391416059
1	0.0411233006337622
1	0.0451994171159928
1	0.0492690015905682
1	0.0533320670298698
1	0.057388626376464
1	0.0614386925431759
1	0.0654822784131632
1	0.0695193968399891
1	0.0735500606476961
1	0.0775742826308787
1	0.0815920755547565
1	0.0856034521552467
1	0.0896084251390367
1	0.0936070071836566
1	0.0975992109375511
1	0.101585049020151
1	0.105564534021947
1	0.109537678504557
1	0.113504495000804
1	0.11746499601478
1	0.121419194021922
1	0.125367101469083
1	0.129308730774598
1	0.133244094328361
1	0.137173204491889
1	0.141096073598397
1	0.145012713952865
1	0.148923137832109
1	0.152827357484852
1	0.156725385131789
1	0.160617232965661
1	0
1	0.00415808597559932
1	0.00830945586575303
1	0.0124541230937087
1	0.0165921010517511
1	0.0207234031012793
1	0.0248480425728831
1	0.0289660327664192
1	0.0330773869510878
1	0.0371821183655083
1	0.0412802402177953
1	0.0453717656856338
1	0.0494567079163554
1	0.0535350800270128
1	0.057606895104455
1	0.0616721662054024
1	0.0657309063565212
1	0.069783128554498
1	0.0738288457661139
1	0.0778680709283189
1	0.0819008169483052
1	0.0859270967035817
1	0.0899469230420466
1	0.0939603087820618
1	0.0979672667125249
1	0.101967809592943
1	0.105961950153505
1	0.109949701095154
1	0.113931075089661
1	0.117906084779696
1	0.121874742778898
1	0.125837061671953
1	0.129793054014657
1	0.133742732333995
1	0.13768610912821
1	0.141623196866871
1	0.145554007990948
1	0.149478554912881
1	0.153396850016651
1	0.157308905657849
1	0.161214734163748
1	0
1	0.00416611180822311
1	0.00832548097974739
1	0.0124781210126979
1	0.0166240453740362
1	0.0207632674996373
1	0.024895800794367
1	0.0290216586321589
1	0.0331408543560909
1	0.0372534012784619
1	0.0413593126808681
1	0.0454586018142789
1	0.0495512818991132
1	0.0536373661253149
1	0.0577168676524285
1	0.0617897996096746
1	0.0658561750960249
1	0.069916007180277
1	0.0739693089011297
1	0.0780160932672571
1	0.0820563732573834
1	0.0860901618203565
1	0.0901174718752228
1	0.0941383163113004
1	0.0981527079882532
1	0.102160659736164
1	0.106162184355607
1	0.110157294617725
1	0.114146003264294
1	0.118128323007805
1	0.122104266531531
1	0.126073846489601
1	0.130037075507072
1	0.133993966180001
1	0.137944531075517
1	0.141888782731891
1	0.145826733658609
1	0.149758396336445
1	0.153683783217528
1	0.157602906725415
1	0.161515779255163
1	0
1	0.004167085526025
1	0.00832742519407442
1	0.0124810325113578
1	0.0166279209538964
1	0.0207681039666011
1	0.0249015949633492
1	0.0290284073270613
1	0.0331485544097785
1	0.0372620495327386
1	0.0413689059864529
1	0.0454691370307819
1	0.0495627558950115
1	0.0536497757779292
1	0.057730209847899
1	0.0618040712429375
1	0.0658713730707886
1	0.0699321284089988
1	0.073986350304992
1	0.0780340517761442
1	0.0820752458098579
1	0.0861099453636364
1	0.0901381633651576
1	0.0941599127123486
1	0.0981752062734585
1	0.102184056887133
1	0.106186477362486
1	0.110182480479174
1	0.114172078987471
1	0.118155285608337
1	0.122132113033492
1	0.126102573925491
1	0.130066680917794
1	0.134024446614837
1	0.137975883592107
1	0.141921004396211
1	0.145859821544948
1	0.149792347527381
1	0.153718594803907
1	0.157638575806329
1	0.161552302937928
1	0
1	0.0041752457574545
1	0.00834371866105884
1	0.0125054322941539
1	0.0166604002086883
1	0.0208086359252959
1	0.0249501529333739
1	0.0290849646911603
1	0.0332130846258111
1	0.0373345261334774
1	0.0414493025793824
1	0.0455574272978982
1	0.0496589135926223
1	0.0537537747364537
1	0.0578420239716694
1	0.06192367451
1	0.0659987395327058
1	0.0700672321906521
1	0.0741291656043847
1	0.0781845528642048
1	0.0822334070302445
1	0.0862757411325411
1	0.0903115681711118
1	0.0943409011160284
1	0.0983637529074912
1	0.102380136455903
1	0.106390064641943
1	0.110393550316641
1	0.11439060630145
1	0.11838124538832
1	0.12236548033977
1	0.126343323888962
1	0.130314788739776
1	0.134279887566877
1	0.138238633015792
1	0.142191037702979
1	0.146137114215902
1	0.150076875113101
1	0.154010332924264
1	0.157937500150297
1	0.161858389263398
1	0
1	0.00418824977873222
1	0.00836968368339718
1	0.0125443154186577
1	0.0167121586574586
1	0.0208732270411052
1	0.0250275341793422
1	0.0291750936504318
1	0.0333159190012321
1	0.0374500237472748
1	0.0415774213728434
1	0.0456981253310502
1	0.0498121490439142
1	0.0539195059024379
1	0.0580202092666845
1	0.0621142724658546
1	0.0662017087983629
1	0.0702825315319143
1	0.0743567539035805
1	0.0784243891198755
1	0.082485450356832
1	0.0865399507600764
1	0.0905879034449048
1	0.0946293214963577
1	0.0986642179692954
1	0.102692605888473
1	0.106714498248613
1	0.110729908014485
1	0.114738848120974
1	0.118741331473156
1	0.122737370946375
1	0.126726979386314
1	0.130710169609069
1	0.134686954401222
1	0.138657346519915
1	0.142621358692921
1	0.14657900361872
1	0.15053029396657
1	0.154475242376578
1	0.158413861459773
1	0.16234616379818
1	0
1	0.00420245736144546
1	0.00839805184695558
1	0.0125867972937438
1	0.0167687075069498
1	0.0209437962597187
1	0.0251120772932812
1	0.0292735643170326
1	0.0334282710086116
1	0.0375762110139799
1	0.0417173979475001
1	0.045851845392015
1	0.049979566898925
1	0.0541005759882672
1	0.0582148861487924
1	0.0623225108380434
1	0.0664234634824322
1	0.0705177574773172
1	0.0746054061870808
1	0.0786864229452058
1	0.0827608210543522
1	0.0868286137864339
1	0.090889814382695
1	0.0949444360537857
1	0.0989924919798383
1	0.103033995310543
1	0.107068959165224
1	0.111097396632913
1	0.115119320772427
1	0.119134744612441
1	0.123143681151564
1	0.127146143358413
1	0.131142144171687
1	0.135131696500244
1	0.13911481322317
1	0.143091507189857
1	0.147061791220076
1	0.151025678104048
1	0.15498318060252
1	0.158934311446837
1	0.162879083339014
1	0
1	0.00421539544070168
1	0.00842388520340191
1	0.0126254832460209
1	0.0168202034940808
1	0.0210080598407866
1	0.0251890661471059
1	0.0293632362418496
1	0.0335305839217518
1	0.0376911229515493
1	0.041844867064061
1	0.045991829960268
1	0.0501320253093918
1	0.0542654667489739
1	0.0583921678849542
1	0.0625121422917497
1	0.0666254035123326
1	0.0707319650583088
1	0.0748318404099953
1	0.0789250430164986
1	0.0830115862957916
1	0.0870914836347912
1	0.0911647483894356
1	0.0952313938847608
1	0.099291433414978
1	0.103344880243549
1	0.107391747603265
1	0.111432048696318
1	0.115465796694383
1	0.119493004738688
1	0.123513685940094
1	0.127527853379168
1	0.131535520106258
1	0.135536699141569
1	0.139531403475238
1	0.143519646067407
1	0.1475014398483
1	0.151476797718293
1	0.155445732547994
1	0.159408257178312
1	0.163364384420532
1	0
1	0.00424643303773026
1	0.00848585771813137
1	0.012718288288691
1	0.0169437389637213
1	0.0211622239244421
1	0.0253737573190627
1	0.0295783532628643
1	0.033776025838282
1	0.0379667890949868
1	0.0421506570499668
1	0.0463276436876085
1	0.0504977629597785
1	0.0546610287859039
1	0.0588174550530532
1	0.062967055616017
1	0.067109844297388
1	0.0712458348876413
1	0.0753750411452145
1	0.0794974767965869
1	0.0836131555363595
1	0.0877220910273341
1	0.0918242969005923
1	0.0959197867555744
1	0.100008574160158
1	0.104090672650738
1	0.108166095732302
1	0.112234856878509
1	0.116296969531772
1	0.120352447103328
1	0.12440130297332
1	0.128443550490877
1	0.132479202974184
1	0.136508273710564
1	0.140530775956553
1	0.144546722937978
1	0.148556127850031
1	0.152559003857347
1	0.156555364094078
1	0.160545221663971
1	0.164528589640443
1	0
1	0.00425537862174812
1	0.0085037192921701
1	0.012745036342212
1	0.0169793440694206
1	0.0212066567380265
1	0.025426988579027
1	0.0296403537902693
1	0.0338467665365327
1	0.038046240949611
1	0.0422387911283949
1	0.0464244311389537
1	0.0506031750146169
1	0.0547750367560561
1	0.0589400303313662
1	0.0630981696761463
1	0.0672494686935807
1	0.0713939412545196
1	0.0755316011975597
1	0.0796624623291242
1	0.0837865384235432
1	0.0879038432231333
1	0.0920143904382773
1	0.0961181937475038
1	0.100215266797566
1	0.104305623203522
1	0.108389276548813
1	0.112466240385338
1	0.116536528233542
1	0.120600153582483
1	0.124657129889918
1	0.128707470582376
1	0.132751189055241
1	0.136788298672823
1	0.14081881276844
1	0.144842744644492
1	0.148860107572541
1	0.152870914793384
1	0.156875179517134
1	0.160872914923292
1	0.164864134160824
1	0
1	0.00425901800609879
1	0.0085109860209723
1	0.0127559184095205
1	0.0169938295031528
1	0.0212247335998716
1	0.0254486449643557
1	0.0296655778280427
1	0.0338755463892126
1	0.0380785648130697
1	0.0422746472318257
1	0.0464638077447811
1	0.0506460604184078
1	0.0548214192864305
1	0.0589898983499083
1	0.0631515115773163
1	0.0673062729046263
1	0.071454196235388
1	0.0755952954408096
1	0.0797295843598385
1	0.0838570767992414
1	0.0879777865336843
1	0.0920917273058127
1	0.096198912826331
1	0.100299356774082
1	0.104393072796127
1	0.108480074507823
1	0.112560375492904
1	0.116633989303557
1	0.120700929460503
1	0.124761209453073
1	0.128814842739288
1	0.132861842745937
1	0.136902222868651
1	0.140935996471986
1	0.144963176889496
1	0.148983777423812
1	0.152997811346718
1	0.157005291899227
1	0.161006232291662
1	0.165000645703725
1	0
1	0.00427589697859166
1	0.00854468812653379
1	0.0128063879661999
1	0.0170610109860503
1	0.0213085716407166
1	0.025549084351086
1	0.0297825635043858
1	0.0340090234542667
1	0.0382284785208871
1	0.0424409429909962
1	0.0466464311180174
1	0.0508449571221313
1	0.0550365351903587
1	0.0592211794766432
1	0.0633989041019333
1	0.0675697231542652
1	0.0717336506888442
1	0.075890700728127
1	0.0800408872619028
1	0.084184224247375
1	0.0883207256092425
1	0.0924504052397801
1	0.0965732769989198
1	0.100689354714331
1	0.104798652181501
1	0.108901183163815
1	0.112996961392637
1	0.117086000567386
1	0.121168314355622
1	0.125243916393118
1	0.129312820283945
1	0.133375039600546
1	0.137430587883821
1	0.141479478643197
1	0.145521725356714
1	0.149557341471099
1	0.153586340401846
1	0.157608735533292
1	0.161624540218694
1	0.165633767780309
1	0
1	0.0043008954313553
1	0.0085946023315762
1	0.012881135456261
1	0.0171605095264688
1	0.0214327392288054
1	0.0256978392155097
1	0.0299558241045391
1	0.0342067084796554
1	0.0384505068905097
1	0.0426872338527282
1	0.0469169038479962
1	0.0511395313241436
1	0.055355130695229
1	0.0595637163416238
1	0.0637653026100966
1	0.0679599038138966
1	0.0721475342328376
1	0.0763282081133812
1	0.0805019396687199
1	0.0846687430788602
1	0.0888286324907053
1	0.0929816220181375
1	0.0971277257421009
1	0.101266957710683
1	0.105399331939197
1	0.109524862410263
1	0.113643563073891
1	0.117755447847559
1	0.121860530616298
1	0.125958825232771
1	0.130050345517351
1	0.134135105258206
1	0.138213118211378
1	0.14228439810086
1	0.146348958618681
1	0.150406813424981
1	0.154457976148091
1	0.158502460384615
1	0.162540279699508
1	0.166571447626153
1	0
1	0.00430352967466301
1	0.00859986210352432
1	0.0128890120667586
1	0.0171709943099353
1	0.0214458235441048
1	0.025713514445885
1	0.0299740816575468
1	0.0342275397871002
1	0.0384739034083794
1	0.0427131870611288
1	0.0469454052510871
1	0.051170572450073
1	0.0553887030960694
1	0.059599811593308
1	0.0638039123123533
1	0.0680010195901868
1	0.0721911477302906
1	0.076374311002731
1	0.0805505236442421
1	0.0847197998583084
1	0.0888821538152482
1	0.093037599652296
1	0.0971861514736853
1	0.10132782335073
1	0.105462629321909
1	0.109590583392944
1	0.113711699536883
1	0.117825991694186
1	0.121933473772798
1	0.126034159648236
1	0.130128063163668
1	0.134215198129994
1	0.138295578325927
1	0.142369217498071
1	0.146436129361001
1	0.150496327597348
1	0.154549825857871
1	0.158596637761543
1	0.162636776895625
1	0.166670256815747
1	0
1	0.00434771612574945
1	0.00868808882701312
1	0.0130211332962063
1	0.0173468646900322
1	0.0216652981295716
1	0.0259764487003717
1	0.0302803314525349
1	0.0345769614008075
1	0.0388663535246683
1	0.0431485227684165
1	0.0474234840412597
1	0.0516912522174017
1	0.05595184213613
1	0.0602052686019029
1	0.0644515463844369
1	0.0686906902187929
1	0.0729227148054637
1	0.0771476348104594
1	0.0813654648653942
1	0.0855762195675722
1	0.089779913480073
1	0.0939765611318373
1	0.0981661770177521
1	0.102348775598736
1	0.106524371301823
1	0.110692978520249
1	0.114854611613535
1	0.11900928490757
1	0.123157012694699
1	0.127297809233802
1	0.13143168875038
1	0.135558665436639
1	0.139678753451572
1	0.14379196692104
1	0.147898319937859
1	0.15199782656188
1	0.15609050082007
1	0.160176356706597
1	0.164255408182909
1	0.168327669177819
1	0
1	0.00439082157733349
1	0.00877415712768574
1	0.0131500222456273
1	0.0175184324889374
1	0.0218794033786955
1	0.0262329503993741
1	0.0305790889989296
1	0.0349178345888942
1	0.0392492025444672
1	0.0435732082046055
1	0.0478898668721148
1	0.05219919381374
1	0.0565012042602553
1	0.0607959134065545
1	0.0650833364117407
1	0.069363488399216
1	0.0736363844567705
1	0.0779020396366718
1	0.082160468955754
1	0.0864116873955057
1	0.0906557099021595
1	0.094892551386779
1	0.0991222267253479
1	0.103344750758857
1	0.107560138293392
1	0.111768404100221
1	0.115969562915881
1	0.120163629442267
1	0.124350618346713
1	0.128530544262086
1	0.132703421786867
1	0.136869265485239
1	0.14102808988717
1	0.145179909488503
1	0.149324738751039
1	0.153462592102621
1	0.157593483937221
1	0.161717428615023
1	0.165834440462508
1	0.16994453377254
1	0
1	0.00441555656917743
1	0.00882354528247653
1	0.0132239819652347
1	0.0176168824053784
1	0.0220022623535168
1	0.0263801375230355
1	0.0307505235901896
1	0.0351134361941971
1	0.0394688909373315
1	0.0438169033850143
1	0.0481574890659077
1	0.0524906634720065
1	0.05681644205873
1	0.0611348402450135
1	0.0654458734134
1	0.0697495569101314
1	0.0740459060452389
1	0.0783349360926344
1	0.0826166622902006
1	0.0868910998398812
1	0.0911582639077712
1	0.0954181696242064
1	0.099670832083853
1	0.103916266345797
1	0.108154487433633
1	0.112385510335555
1	0.11660935000444
1	0.120826021357942
1	0.125035539278579
1	0.129237918613818
1	0.133433174176164
1	0.137621320743251
1	0.141802373057923
1	0.145976345828327
1	0.150143253727997
1	0.154303111395939
1	0.15845593343672
1	0.162601734420556
1	0.166740528883391
1	0.170872331326991
1	0
1	0.00443424639023114
1	0.0088608630944668
1	0.0132798661124124
1	0.0176912714058942
1	0.0220950948989545
1	0.0264913524779463
1	0.0308800599916279
1	0.0352612332512569
1	0.0396348880306848
1	0.0440010400664505
1	0.0483597050578738
1	0.0527108986671487
1	0.057054636519437
1	0.0613909342029604
1	0.0657198072690937
1	0.0700412712324569
1	0.0743553415710073
1	0.0786620337261317
1	0.0829613631027378
1	0.0872533450693454
1	0.0915379949581784
1	0.095815328065255
1	0.100085359650478
1	0.104348104937728
1	0.10860357911495
1	0.112851797334244
1	0.117092774711958
1	0.121326526328775
1	0.125553067229803
1	0.129772412424661
1	0.133984576887575
1	0.138189575557461
1	0.142387423338012
1	0.146578135097793
1	0.150761725670322
1	0.154938209854164
1	0.159107602413011
1	0.163269918075777
1	0.167425171536681
1	0.171573377455333
1	0
1	0.00443443340158987
1	0.00886123649850876
1	0.0132804252922068
1	0.0176920157462504
1	0.0220960237864172
1	0.0264924653007909
1	0.0308813561398557
1	0.035262712116591
1	0.0396365490065649
1	0.0440028825480285
1	0.0483617284420092
1	0.0527131023524042
1	0.0570570199060735
1	0.0613934966929329
1	0.0657225482660464
1	0.0700441901417189
1	0.0743584377995879
1	0.078665306682716
1	0.0829648121976821
1	0.0872569697146729
1	0.0915417945675746
1	0.0958193020540629
1	0.100089507435695
1	0.104352425937999
1	0.108608072750564
1	0.112856463027133
1	0.117097611885687
1	0.121331534408541
1	0.125558245642429
1	0.129777760598596
1	0.133990094252882
1	0.138195261545818
1	0.142393277382708
1	0.14658415663372
1	0.150767914133975
1	0.154944564683632
1	0.159114123047978
1	0.163276603957514
1	0.167432022108041
1	0.17158039216075
1	0
1	0.00443658959282861
1	0.00886554174782233
1	0.0132868724865477
1	0.0177005977926333
1	0.0221067336118653
1	0.0265052958522823
1	0.0308963003842696
1	0.0352797630406542
1	0.0396556996167989
1	0.044024125870696
1	0.0483850575230612
1	0.052738510257427
1	0.0570844997202363
1	0.0614230415209348
1	0.0657541512320642
1	0.0700778443893548
1	0.0743941364918171
1	0.0787030430018349
1	0.0830045793452562
1	0.0872987609114853
1	0.091585603053574
1	0.0958651210883125
1	0.100137330296321
1	0.104402245922138
1	0.108659883174316
1	0.112910257225505
1	0.117153383212547
1	0.121389276236564
1	0.125617951363047
1	0.129839423621949
1	0.134053708007767
1	0.138260819479639
1	0.142460772961425
1	0.146653583341801
1	0.150839265474344
1	0.155017834177622
1	0.159189304235278
1	0.163353690396122
1	0.167511007374216
1	0.17166126984896
