group	fill	colour
1	#FF6C4A	#FF6C4A
1	#FF6F4E	#FF6F4E
1	#FF7351	#FF7351
1	#FF7655	#FF7655
1	#FF7958	#FF7958
1	#FF7C5B	#FF7C5B
1	#FF7F5E	#FF7F5E
1	#FF8161	#FF8161
1	#FF8464	#FF8464
1	#FF8767	#FF8767
1	#FF8969	#FF8969
1	#FF8B6C	#FF8B6C
1	#FF8E6F	#FF8E6F
1	#FF9071	#FF9071
1	#FF9273	#FF9273
1	#FF9476	#FF9476
1	#FF9678	#FF9678
1	#FF987A	#FF987A
1	#FF9A7C	#FF9A7C
1	#FF9C7F	#FF9C7F
1	#FF9D80	#FF9D80
1	#FF9F82	#FF9F82
1	#FFA084	#FFA084
1	#FFA286	#FFA286
1	#FFA388	#FFA388
1	#FFA589	#FFA589
1	#FFA68B	#FFA68B
1	#FFA78C	#FFA78C
1	#FFA88D	#FFA88D
1	#FFA98F	#FFA98F
1	#FFAA90	#FFAA90
1	#FFAB91	#FFAB91
1	#FFAC92	#FFAC92
1	#FFAD93	#FFAD93
1	#FFAD94	#FFAD94
1	#FFAE95	#FFAE95
1	#FFAE95	#FFAE95
1	#FFAF96	#FFAF96
1	#FFAF96	#FFAF96
1	#FFB097	#FFB097
1	#FFB097	#FFB097
1	#FFB097	#FFB097
1	#FFB098	#FFB098
1	#FFB198	#FFB198
1	#FFB198	#FFB198
1	#FFB198	#FFB198
1	#FFB098	#FFB098
1	#FFB097	#FFB097
1	#FFB097	#FFB097
1	#FFB097	#FFB097
1	#FFAF96	#FFAF96
1	#FFAF96	#FFAF96
1	#FFAE95	#FFAE95
1	#FFAE94	#FFAE94
1	#FFAD94	#FFAD94
1	#FFAC93	#FFAC93
1	#FFAC92	#FFAC92
1	#FFAB91	#FFAB91
1	#FFAA90	#FFAA90
1	#FFA98E	#FFA98E
1	#FFA88D	#FFA88D
1	#FFA78C	#FFA78C
1	#FFA68A	#FFA68A
1	#FFA489	#FFA489
1	#FFA387	#FFA387
1	#FFA286	#FFA286
1	#FFA084	#FFA084
1	#FF9F82	#FF9F82
1	#FF9D80	#FF9D80
1	#FF9B7E	#FF9B7E
1	#FF997C	#FF997C
1	#FF987A	#FF987A
1	#FF9678	#FF9678
1	#FF9475	#FF9475
1	#FF9273	#FF9273
1	#FF8F70	#FF8F70
1	#FF8D6E	#FF8D6E
1	#FF8B6B	#FF8B6B
1	#FF8969	#FF8969
1	#FF8666	#FF8666
1	#FF8363	#FF8363
1	#FF7251	#FF7251
1	#FF7654	#FF7654
1	#FF7958	#FF7958
1	#FF7C5B	#FF7C5B
1	#FF7F5E	#FF7F5E
1	#FF8261	#FF8261
1	#FF8564	#FF8564
1	#FF8767	#FF8767
1	#FF8A6A	#FF8A6A
1	#FF8C6D	#FF8C6D
1	#FF8F70	#FF8F70
1	#FF9172	#FF9172
1	#FF9375	#FF9375
1	#FF9678	#FF9678
1	#FF987A	#FF987A
1	#FF9A7C	#FF9A7C
1	#FF9C7F	#FF9C7F
1	#FF9E81	#FF9E81
1	#FF9F83	#FF9F83
1	#FFA185	#FFA185
1	#FFA387	#FFA387
1	#FFA489	#FFA489
1	#FFA68B	#FFA68B
1	#FFA78C	#FFA78C
1	#FFA98E	#FFA98E
1	#FFAA90	#FFAA90
1	#FFAB91	#FFAB91
1	#FFAC93	#FFAC93
1	#FFAD94	#FFAD94
1	#FFAE95	#FFAE95
1	#FFAF96	#FFAF96
1	#FFB097	#FFB097
1	#FFB198	#FFB198
1	#FFB299	#FFB299
1	#FFB39A	#FFB39A
1	#FFB39B	#FFB39B
1	#FFB49C	#FFB49C
1	#FFB49C	#FFB49C
1	#FFB59D	#FFB59D
1	#FFB59D	#FFB59D
1	#FFB59E	#FFB59E
1	#FFB59E	#FFB59E
1	#FFB69E	#FFB69E
1	#FFB69E	#FFB69E
1	#FFB69E	#FFB69E
1	#FFB69E	#FFB69E
1	#FFB69E	#FFB69E
1	#FFB59E	#FFB59E
1	#FFB59D	#FFB59D
1	#FFB59D	#FFB59D
1	#FFB49D	#FFB49D
1	#FFB49C	#FFB49C
1	#FFB39B	#FFB39B
1	#FFB39B	#FFB39B
1	#FFB29A	#FFB29A
1	#FFB299	#FFB299
1	#FFB198	#FFB198
1	#FFB097	#FFB097
1	#FFAF96	#FFAF96
1	#FFAE95	#FFAE95
1	#FFAD93	#FFAD93
1	#FFAC92	#FFAC92
1	#FFAB91	#FFAB91
1	#FFA98F	#FFA98F
1	#FFA88D	#FFA88D
1	#FFA78C	#FFA78C
1	#FFA58A	#FFA58A
1	#FFA488	#FFA488
1	#FFA286	#FFA286
1	#FFA084	#FFA084
1	#FF9F82	#FF9F82
1	#FF9D80	#FF9D80
1	#FF9B7E	#FF9B7E
1	#FF997B	#FF997B
1	#FF9779	#FF9779
1	#FF9576	#FF9576
1	#FF9274	#FF9274
1	#FF9071	#FF9071
1	#FF8E6F	#FF8E6F
1	#FF8B6C	#FF8B6C
1	#FF8969	#FF8969
1	#FF7857	#FF7857
1	#FF7C5B	#FF7C5B
1	#FF7F5E	#FF7F5E
1	#FF8261	#FF8261
1	#FF8565	#FF8565
1	#FF8868	#FF8868
1	#FF8A6B	#FF8A6B
1	#FF8D6E	#FF8D6E
1	#FF9071	#FF9071
1	#FF9273	#FF9273
1	#FF9476	#FF9476
1	#FF9779	#FF9779
1	#FF997B	#FF997B
1	#FF9B7E	#FF9B7E
1	#FF9D80	#FF9D80
1	#FF9F83	#FF9F83
1	#FFA185	#FFA185
1	#FFA387	#FFA387
1	#FFA589	#FFA589
1	#FFA68B	#FFA68B
1	#FFA88D	#FFA88D
1	#FFAA8F	#FFAA8F
1	#FFAB91	#FFAB91
1	#FFAC93	#FFAC93
1	#FFAE94	#FFAE94
1	#FFAF96	#FFAF96
1	#FFB098	#FFB098
1	#FFB199	#FFB199
1	#FFB39A	#FFB39A
1	#FFB49C	#FFB49C
1	#FFB59D	#FFB59D
1	#FFB59E	#FFB59E
1	#FFB69F	#FFB69F
1	#FFB7A0	#FFB7A0
1	#FFB8A1	#FFB8A1
1	#FFB8A1	#FFB8A1
1	#FFB9A2	#FFB9A2
1	#FFB9A3	#FFB9A3
1	#FFBAA3	#FFBAA3
1	#FFBAA4	#FFBAA4
1	#FFBAA4	#FFBAA4
1	#FFBAA4	#FFBAA4
1	#FFBBA4	#FFBBA4
1	#FFBBA4	#FFBBA4
1	#FFBBA4	#FFBBA4
1	#FFBBA4	#FFBBA4
1	#FFBBA4	#FFBBA4
1	#FFBAA4	#FFBAA4
1	#FFBAA4	#FFBAA4
1	#FFBAA3	#FFBAA3
1	#FFB9A3	#FFB9A3
1	#FFB9A2	#FFB9A2
1	#FFB8A2	#FFB8A2
1	#FFB8A1	#FFB8A1
1	#FFB7A0	#FFB7A0
1	#FFB69F	#FFB69F
1	#FFB69E	#FFB69E
1	#FFB59D	#FFB59D
1	#FFB49C	#FFB49C
1	#FFB39B	#FFB39B
1	#FFB299	#FFB299
1	#FFB198	#FFB198
1	#FFB097	#FFB097
1	#FFAE95	#FFAE95
1	#FFAD93	#FFAD93
1	#FFAC92	#FFAC92
1	#FFAA90	#FFAA90
1	#FFA98E	#FFA98E
1	#FFA78C	#FFA78C
1	#FFA58A	#FFA58A
1	#FFA488	#FFA488
1	#FFA286	#FFA286
1	#FFA084	#FFA084
1	#FF9E81	#FF9E81
1	#FF9C7F	#FF9C7F
1	#FF9A7C	#FF9A7C
1	#FF977A	#FF977A
1	#FF9577	#FF9577
1	#FF9374	#FF9374
1	#FF9072	#FF9072
1	#FF8E6F	#FF8E6F
1	#FF7E5D	#FF7E5D
1	#FF8161	#FF8161
1	#FF8464	#FF8464
1	#FF8767	#FF8767
1	#FF8A6B	#FF8A6B
1	#FF8D6E	#FF8D6E
1	#FF9071	#FF9071
1	#FF9274	#FF9274
1	#FF9577	#FF9577
1	#FF9779	#FF9779
1	#FF9A7C	#FF9A7C
1	#FF9C7F	#FF9C7F
1	#FF9E82	#FF9E82
1	#FFA084	#FFA084
1	#FFA286	#FFA286
1	#FFA489	#FFA489
1	#FFA68B	#FFA68B
1	#FFA88D	#FFA88D
1	#FFAA8F	#FFAA8F
1	#FFAB92	#FFAB92
1	#FFAD93	#FFAD93
1	#FFAF95	#FFAF95
1	#FFB097	#FFB097
1	#FFB199	#FFB199
1	#FFB39B	#FFB39B
1	#FFB49C	#FFB49C
1	#FFB59E	#FFB59E
1	#FFB69F	#FFB69F
1	#FFB7A0	#FFB7A0
1	#FFB8A2	#FFB8A2
1	#FFB9A3	#FFB9A3
1	#FFBAA4	#FFBAA4
1	#FFBBA5	#FFBBA5
1	#FFBCA6	#FFBCA6
1	#FFBCA7	#FFBCA7
1	#FFBDA7	#FFBDA7
1	#FFBEA8	#FFBEA8
1	#FFBEA9	#FFBEA9
1	#FFBEA9	#FFBEA9
1	#FFBFAA	#FFBFAA
1	#FFBFAA	#FFBFAA
1	#FFBFAA	#FFBFAA
1	#FFBFAA	#FFBFAA
1	#FFBFAA	#FFBFAA
1	#FFBFAA	#FFBFAA
1	#FFBFAA	#FFBFAA
1	#FFBFAA	#FFBFAA
1	#FFBFAA	#FFBFAA
1	#FFBFAA	#FFBFAA
1	#FFBFA9	#FFBFA9
1	#FFBEA9	#FFBEA9
1	#FFBEA8	#FFBEA8
1	#FFBDA8	#FFBDA8
1	#FFBDA7	#FFBDA7
1	#FFBCA6	#FFBCA6
1	#FFBBA5	#FFBBA5
1	#FFBAA4	#FFBAA4
1	#FFBAA3	#FFBAA3
1	#FFB9A2	#FFB9A2
1	#FFB8A1	#FFB8A1
1	#FFB79F	#FFB79F
1	#FFB59E	#FFB59E
1	#FFB49C	#FFB49C
1	#FFB39B	#FFB39B
1	#FFB299	#FFB299
1	#FFB097	#FFB097
1	#FFAF96	#FFAF96
1	#FFAD94	#FFAD94
1	#FFAC92	#FFAC92
1	#FFAA90	#FFAA90
1	#FFA88E	#FFA88E
1	#FFA68B	#FFA68B
1	#FFA589	#FFA589
1	#FFA387	#FFA387
1	#FFA184	#FFA184
1	#FF9E82	#FF9E82
1	#FF9C7F	#FF9C7F
1	#FF9A7D	#FF9A7D
1	#FF987A	#FF987A
1	#FF9577	#FF9577
1	#FF9374	#FF9374
1	#FF8463	#FF8463
1	#FF8767	#FF8767
1	#FF8A6A	#FF8A6A
1	#FF8D6D	#FF8D6D
1	#FF9071	#FF9071
1	#FF9274	#FF9274
1	#FF9577	#FF9577
1	#FF987A	#FF987A
1	#FF9A7D	#FF9A7D
1	#FF9C7F	#FF9C7F
1	#FF9F82	#FF9F82
1	#FFA185	#FFA185
1	#FFA387	#FFA387
1	#FFA58A	#FFA58A
1	#FFA78C	#FFA78C
1	#FFA98F	#FFA98F
1	#FFAB91	#FFAB91
1	#FFAD93	#FFAD93
1	#FFAF95	#FFAF95
1	#FFB097	#FFB097
1	#FFB299	#FFB299
1	#FFB39B	#FFB39B
1	#FFB59D	#FFB59D
1	#FFB69F	#FFB69F
1	#FFB8A1	#FFB8A1
1	#FFB9A2	#FFB9A2
1	#FFBAA4	#FFBAA4
1	#FFBBA5	#FFBBA5
1	#FFBCA6	#FFBCA6
1	#FFBDA8	#FFBDA8
1	#FFBEA9	#FFBEA9
1	#FFBFAA	#FFBFAA
1	#FFC0AB	#FFC0AB
1	#FFC0AC	#FFC0AC
1	#FFC1AD	#FFC1AD
1	#FFC2AD	#FFC2AD
1	#FFC2AE	#FFC2AE
1	#FFC3AF	#FFC3AF
1	#FFC3AF	#FFC3AF
1	#FFC3B0	#FFC3B0
1	#FFC4B0	#FFC4B0
1	#FFC4B0	#FFC4B0
1	#FFC4B0	#FFC4B0
1	#FFC4B0	#FFC4B0
1	#FFC4B0	#FFC4B0
1	#FFC4B0	#FFC4B0
1	#FFC4B0	#FFC4B0
1	#FFC4B0	#FFC4B0
1	#FFC3AF	#FFC3AF
1	#FFC3AF	#FFC3AF
1	#FFC3AF	#FFC3AF
1	#FFC2AE	#FFC2AE
1	#FFC2AD	#FFC2AD
1	#FFC1AD	#FFC1AD
1	#FFC0AC	#FFC0AC
1	#FFC0AB	#FFC0AB
1	#FFBFAA	#FFBFAA
1	#FFBEA9	#FFBEA9
1	#FFBDA8	#FFBDA8
1	#FFBCA6	#FFBCA6
1	#FFBBA5	#FFBBA5
1	#FFBAA4	#FFBAA4
1	#FFB9A2	#FFB9A2
1	#FFB8A0	#FFB8A0
1	#FFB69F	#FFB69F
1	#FFB59D	#FFB59D
1	#FFB39B	#FFB39B
1	#FFB299	#FFB299
1	#FFB097	#FFB097
1	#FFAF95	#FFAF95
1	#FFAD93	#FFAD93
1	#FFAB91	#FFAB91
1	#FFA98F	#FFA98F
1	#FFA78C	#FFA78C
1	#FFA58A	#FFA58A
1	#FFA387	#FFA387
1	#FFA185	#FFA185
1	#FF9F82	#FF9F82
1	#FF9C7F	#FF9C7F
1	#FF9A7C	#FF9A7C
1	#FF977A	#FF977A
1	#FF8969	#FF8969
1	#FF8C6D	#FF8C6D
1	#FF8F70	#FF8F70
1	#FF9273	#FF9273
1	#FF9576	#FF9576
1	#FF9779	#FF9779
1	#FF9A7C	#FF9A7C
1	#FF9C7F	#FF9C7F
1	#FF9F82	#FF9F82
1	#FFA185	#FFA185
1	#FFA488	#FFA488
1	#FFA68B	#FFA68B
1	#FFA88D	#FFA88D
1	#FFAA90	#FFAA90
1	#FFAC92	#FFAC92
1	#FFAE95	#FFAE95
1	#FFB097	#FFB097
1	#FFB299	#FFB299
1	#FFB39B	#FFB39B
1	#FFB59D	#FFB59D
1	#FFB79F	#FFB79F
1	#FFB8A1	#FFB8A1
1	#FFBAA3	#FFBAA3
1	#FFBBA5	#FFBBA5
1	#FFBCA6	#FFBCA6
1	#FFBDA8	#FFBDA8
1	#FFBFA9	#FFBFA9
1	#FFC0AB	#FFC0AB
1	#FFC1AC	#FFC1AC
1	#FFC2AD	#FFC2AD
1	#FFC3AF	#FFC3AF
1	#FFC3B0	#FFC3B0
1	#FFC4B1	#FFC4B1
1	#FFC5B2	#FFC5B2
1	#FFC6B2	#FFC6B2
1	#FFC6B3	#FFC6B3
1	#FFC7B4	#FFC7B4
1	#FFC7B4	#FFC7B4
1	#FFC8B5	#FFC8B5
1	#FFC8B5	#FFC8B5
1	#FFC8B6	#FFC8B6
1	#FFC8B6	#FFC8B6
1	#FFC8B6	#FFC8B6
1	#FFC8B6	#FFC8B6
1	#FFC8B6	#FFC8B6
1	#FFC8B6	#FFC8B6
1	#FFC8B6	#FFC8B6
1	#FFC8B5	#FFC8B5
1	#FFC8B5	#FFC8B5
1	#FFC7B5	#FFC7B5
1	#FFC7B4	#FFC7B4
1	#FFC7B4	#FFC7B4
1	#FFC6B3	#FFC6B3
1	#FFC5B2	#FFC5B2
1	#FFC5B1	#FFC5B1
1	#FFC4B0	#FFC4B0
1	#FFC3AF	#FFC3AF
1	#FFC2AE	#FFC2AE
1	#FFC1AD	#FFC1AD
1	#FFC0AC	#FFC0AC
1	#FFBFAA	#FFBFAA
1	#FFBEA9	#FFBEA9
1	#FFBDA7	#FFBDA7
1	#FFBCA6	#FFBCA6
1	#FFBBA4	#FFBBA4
1	#FFB9A2	#FFB9A2
1	#FFB8A1	#FFB8A1
1	#FFB69F	#FFB69F
1	#FFB59D	#FFB59D
1	#FFB39B	#FFB39B
1	#FFB198	#FFB198
1	#FFAF96	#FFAF96
1	#FFAD94	#FFAD94
1	#FFAB92	#FFAB92
1	#FFA98F	#FFA98F
1	#FFA78D	#FFA78D
1	#FFA58A	#FFA58A
1	#FFA387	#FFA387
1	#FFA184	#FFA184
1	#FF9E82	#FF9E82
1	#FF9C7F	#FF9C7F
1	#FF8E6F	#FF8E6F
1	#FF9172	#FF9172
1	#FF9475	#FF9475
1	#FF9779	#FF9779
1	#FF997C	#FF997C
1	#FF9C7F	#FF9C7F
1	#FF9F82	#FF9F82
1	#FFA185	#FFA185
1	#FFA488	#FFA488
1	#FFA68B	#FFA68B
1	#FFA88E	#FFA88E
1	#FFAA90	#FFAA90
1	#FFAD93	#FFAD93
1	#FFAF95	#FFAF95
1	#FFB198	#FFB198
1	#FFB29A	#FFB29A
1	#FFB49C	#FFB49C
1	#FFB69F	#FFB69F
1	#FFB8A1	#FFB8A1
1	#FFB9A3	#FFB9A3
1	#FFBBA5	#FFBBA5
1	#FFBDA7	#FFBDA7
1	#FFBEA9	#FFBEA9
1	#FFBFAA	#FFBFAA
1	#FFC1AC	#FFC1AC
1	#FFC2AD	#FFC2AD
1	#FFC3AF	#FFC3AF
1	#FFC4B0	#FFC4B0
1	#FFC5B2	#FFC5B2
1	#FFC6B3	#FFC6B3
1	#FFC7B4	#FFC7B4
1	#FFC8B5	#FFC8B5
1	#FFC9B6	#FFC9B6
1	#FFC9B7	#FFC9B7
1	#FFCAB8	#FFCAB8
1	#FFCBB9	#FFCBB9
1	#FFCBB9	#FFCBB9
1	#FFCBBA	#FFCBBA
1	#FFCCBA	#FFCCBA
1	#FFCCBB	#FFCCBB
1	#FFCCBB	#FFCCBB
1	#FFCDBB	#FFCDBB
1	#FFCDBB	#FFCDBB
1	#FFCDBB	#FFCDBB
1	#FFCDBB	#FFCDBB
1	#FFCDBB	#FFCDBB
1	#FFCCBB	#FFCCBB
1	#FFCCBB	#FFCCBB
1	#FFCCBB	#FFCCBB
1	#FFCCBA	#FFCCBA
1	#FFCBBA	#FFCBBA
1	#FFCBB9	#FFCBB9
1	#FFCAB8	#FFCAB8
1	#FFCAB7	#FFCAB7
1	#FFC9B7	#FFC9B7
1	#FFC8B6	#FFC8B6
1	#FFC7B5	#FFC7B5
1	#FFC7B4	#FFC7B4
1	#FFC6B2	#FFC6B2
1	#FFC5B1	#FFC5B1
1	#FFC4B0	#FFC4B0
1	#FFC2AE	#FFC2AE
1	#FFC1AD	#FFC1AD
1	#FFC0AB	#FFC0AB
1	#FFBFA9	#FFBFA9
1	#FFBDA8	#FFBDA8
1	#FFBCA6	#FFBCA6
1	#FFBAA4	#FFBAA4
1	#FFB9A2	#FFB9A2
1	#FFB7A0	#FFB7A0
1	#FFB59E	#FFB59E
1	#FFB39B	#FFB39B
1	#FFB299	#FFB299
1	#FFB097	#FFB097
1	#FFAE94	#FFAE94
1	#FFAB92	#FFAB92
1	#FFA98F	#FFA98F
1	#FFA78C	#FFA78C
1	#FFA589	#FFA589
1	#FFA287	#FFA287
1	#FFA084	#FFA084
1	#FF9374	#FF9374
1	#FF9677	#FF9677
1	#FF987B	#FF987B
1	#FF9B7E	#FF9B7E
1	#FF9E81	#FF9E81
1	#FFA184	#FFA184
1	#FFA387	#FFA387
1	#FFA68A	#FFA68A
1	#FFA88D	#FFA88D
1	#FFAA90	#FFAA90
1	#FFAD93	#FFAD93
1	#FFAF96	#FFAF96
1	#FFB198	#FFB198
1	#FFB39B	#FFB39B
1	#FFB59D	#FFB59D
1	#FFB7A0	#FFB7A0
1	#FFB9A2	#FFB9A2
1	#FFBAA4	#FFBAA4
1	#FFBCA6	#FFBCA6
1	#FFBEA8	#FFBEA8
1	#FFBFAA	#FFBFAA
1	#FFC1AC	#FFC1AC
1	#FFC2AE	#FFC2AE
1	#FFC4B0	#FFC4B0
1	#FFC5B1	#FFC5B1
1	#FFC6B3	#FFC6B3
1	#FFC7B4	#FFC7B4
1	#FFC8B6	#FFC8B6
1	#FFC9B7	#FFC9B7
1	#FFCAB8	#FFCAB8
1	#FFCBB9	#FFCBB9
1	#FFCCBB	#FFCCBB
1	#FFCDBC	#FFCDBC
1	#FFCDBC	#FFCDBC
1	#FFCEBD	#FFCEBD
1	#FFCFBE	#FFCFBE
1	#FFCFBF	#FFCFBF
1	#FFD0BF	#FFD0BF
1	#FFD0C0	#FFD0C0
1	#FFD0C0	#FFD0C0
1	#FFD0C0	#FFD0C0
1	#FFD1C1	#FFD1C1
1	#FFD1C1	#FFD1C1
1	#FFD1C1	#FFD1C1
1	#FFD1C1	#FFD1C1
1	#FFD1C1	#FFD1C1
1	#FFD1C0	#FFD1C0
1	#FFD0C0	#FFD0C0
1	#FFD0C0	#FFD0C0
1	#FFD0BF	#FFD0BF
1	#FFCFBF	#FFCFBF
1	#FFCFBE	#FFCFBE
1	#FFCEBD	#FFCEBD
1	#FFCEBD	#FFCEBD
1	#FFCDBC	#FFCDBC
1	#FFCCBB	#FFCCBB
1	#FFCBBA	#FFCBBA
1	#FFCBB9	#FFCBB9
1	#FFCAB7	#FFCAB7
1	#FFC9B6	#FFC9B6
1	#FFC8B5	#FFC8B5
1	#FFC6B3	#FFC6B3
1	#FFC5B2	#FFC5B2
1	#FFC4B0	#FFC4B0
1	#FFC3AE	#FFC3AE
1	#FFC1AD	#FFC1AD
1	#FFC0AB	#FFC0AB
1	#FFBEA9	#FFBEA9
1	#FFBDA7	#FFBDA7
1	#FFBBA5	#FFBBA5
1	#FFB9A3	#FFB9A3
1	#FFB7A0	#FFB7A0
1	#FFB59E	#FFB59E
1	#FFB49B	#FFB49B
1	#FFB299	#FFB299
1	#FFAF96	#FFAF96
1	#FFAD94	#FFAD94
1	#FFAB91	#FFAB91
1	#FFA98E	#FFA98E
1	#FFA68B	#FFA68B
1	#FFA488	#FFA488
1	#FF9779	#FF9779
1	#FF9A7D	#FF9A7D
1	#FF9D80	#FF9D80
1	#FFA083	#FFA083
1	#FFA286	#FFA286
1	#FFA58A	#FFA58A
1	#FFA78D	#FFA78D
1	#FFAA90	#FFAA90
1	#FFAC93	#FFAC93
1	#FFAF95	#FFAF95
1	#FFB198	#FFB198
1	#FFB39B	#FFB39B
1	#FFB59D	#FFB59D
1	#FFB7A0	#FFB7A0
1	#FFB9A2	#FFB9A2
1	#FFBBA5	#FFBBA5
1	#FFBDA7	#FFBDA7
1	#FFBFA9	#FFBFA9
1	#FFC0AB	#FFC0AB
1	#FFC2AD	#FFC2AD
1	#FFC3AF	#FFC3AF
1	#FFC5B1	#FFC5B1
1	#FFC6B3	#FFC6B3
1	#FFC8B5	#FFC8B5
1	#FFC9B6	#FFC9B6
1	#FFCAB8	#FFCAB8
1	#FFCBBA	#FFCBBA
1	#FFCCBB	#FFCCBB
1	#FFCDBC	#FFCDBC
1	#FFCEBD	#FFCEBD
1	#FFCFBF	#FFCFBF
1	#FFD0C0	#FFD0C0
1	#FFD1C1	#FFD1C1
1	#FFD1C2	#FFD1C2
1	#FFD2C2	#FFD2C2
1	#FFD3C3	#FFD3C3
1	#FFD3C4	#FFD3C4
1	#FFD3C4	#FFD3C4
1	#FFD4C5	#FFD4C5
1	#FFD4C5	#FFD4C5
1	#FFD4C5	#FFD4C5
1	#FFD5C6	#FFD5C6
1	#FFD5C6	#FFD5C6
1	#FFD5C6	#FFD5C6
1	#FFD5C6	#FFD5C6
1	#FFD5C6	#FFD5C6
1	#FFD4C5	#FFD4C5
1	#FFD4C5	#FFD4C5
1	#FFD4C5	#FFD4C5
1	#FFD4C4	#FFD4C4
1	#FFD3C4	#FFD3C4
1	#FFD3C3	#FFD3C3
1	#FFD2C2	#FFD2C2
1	#FFD1C2	#FFD1C2
1	#FFD1C1	#FFD1C1
1	#FFD0C0	#FFD0C0
1	#FFCFBF	#FFCFBF
1	#FFCEBE	#FFCEBE
1	#FFCDBC	#FFCDBC
1	#FFCCBB	#FFCCBB
1	#FFCBBA	#FFCBBA
1	#FFCAB8	#FFCAB8
1	#FFC9B7	#FFC9B7
1	#FFC8B5	#FFC8B5
1	#FFC6B3	#FFC6B3
1	#FFC5B1	#FFC5B1
1	#FFC3B0	#FFC3B0
1	#FFC2AE	#FFC2AE
1	#FFC0AC	#FFC0AC
1	#FFBFA9	#FFBFA9
1	#FFBDA7	#FFBDA7
1	#FFBBA5	#FFBBA5
1	#FFB9A3	#FFB9A3
1	#FFB7A0	#FFB7A0
1	#FFB59E	#FFB59E
1	#FFB39B	#FFB39B
1	#FFB198	#FFB198
1	#FFAF96	#FFAF96
1	#FFAC93	#FFAC93
1	#FFAA90	#FFAA90
1	#FFA88D	#FFA88D
1	#FF9B7E	#FF9B7E
1	#FF9E82	#FF9E82
1	#FFA185	#FFA185
1	#FFA488	#FFA488
1	#FFA68B	#FFA68B
1	#FFA98F	#FFA98F
1	#FFAC92	#FFAC92
1	#FFAE95	#FFAE95
1	#FFB098	#FFB098
1	#FFB39A	#FFB39A
1	#FFB59D	#FFB59D
1	#FFB7A0	#FFB7A0
1	#FFB9A2	#FFB9A2
1	#FFBBA5	#FFBBA5
1	#FFBDA7	#FFBDA7
1	#FFBFAA	#FFBFAA
1	#FFC1AC	#FFC1AC
1	#FFC2AE	#FFC2AE
1	#FFC4B0	#FFC4B0
1	#FFC6B2	#FFC6B2
1	#FFC7B4	#FFC7B4
1	#FFC9B6	#FFC9B6
1	#FFCAB8	#FFCAB8
1	#FFCBBA	#FFCBBA
1	#FFCDBB	#FFCDBB
1	#FFCEBD	#FFCEBD
1	#FFCFBF	#FFCFBF
1	#FFD0C0	#FFD0C0
1	#FFD1C1	#FFD1C1
1	#FFD2C2	#FFD2C2
1	#FFD3C4	#FFD3C4
1	#FFD4C5	#FFD4C5
1	#FFD4C6	#FFD4C6
1	#FFD5C7	#FFD5C7
1	#FFD6C7	#FFD6C7
1	#FFD6C8	#FFD6C8
1	#FFD7C9	#FFD7C9
1	#FFD7C9	#FFD7C9
1	#FFD8CA	#FFD8CA
1	#FFD8CA	#FFD8CA
1	#FFD8CA	#FFD8CA
1	#FFD8CB	#FFD8CB
1	#FFD8CB	#FFD8CB
1	#FFD8CB	#FFD8CB
1	#FFD8CB	#FFD8CB
1	#FFD8CB	#FFD8CB
1	#FFD8CA	#FFD8CA
1	#FFD8CA	#FFD8CA
1	#FFD8CA	#FFD8CA
1	#FFD7C9	#FFD7C9
1	#FFD7C9	#FFD7C9
1	#FFD6C8	#FFD6C8
1	#FFD6C7	#FFD6C7
1	#FFD5C6	#FFD5C6
1	#FFD4C6	#FFD4C6
1	#FFD4C5	#FFD4C5
1	#FFD3C3	#FFD3C3
1	#FFD2C2	#FFD2C2
1	#FFD1C1	#FFD1C1
1	#FFD0C0	#FFD0C0
1	#FFCFBE	#FFCFBE
1	#FFCEBD	#FFCEBD
1	#FFCDBB	#FFCDBB
1	#FFCBBA	#FFCBBA
1	#FFCAB8	#FFCAB8
1	#FFC9B6	#FFC9B6
1	#FFC7B4	#FFC7B4
1	#FFC6B2	#FFC6B2
1	#FFC4B0	#FFC4B0
1	#FFC2AE	#FFC2AE
1	#FFC0AC	#FFC0AC
1	#FFBFA9	#FFBFA9
1	#FFBDA7	#FFBDA7
1	#FFBBA5	#FFBBA5
1	#FFB9A2	#FFB9A2
1	#FFB79F	#FFB79F
1	#FFB59D	#FFB59D
1	#FFB29A	#FFB29A
1	#FFB097	#FFB097
1	#FFAE94	#FFAE94
1	#FFAB91	#FFAB91
1	#FF9F83	#FF9F83
1	#FFA286	#FFA286
1	#FFA58A	#FFA58A
1	#FFA88D	#FFA88D
1	#FFAA90	#FFAA90
1	#FFAD93	#FFAD93
1	#FFAF96	#FFAF96
1	#FFB299	#FFB299
1	#FFB49C	#FFB49C
1	#FFB69F	#FFB69F
1	#FFB9A2	#FFB9A2
1	#FFBBA5	#FFBBA5
1	#FFBDA7	#FFBDA7
1	#FFBFAA	#FFBFAA
1	#FFC1AC	#FFC1AC
1	#FFC3AF	#FFC3AF
1	#FFC4B1	#FFC4B1
1	#FFC6B3	#FFC6B3
1	#FFC8B5	#FFC8B5
1	#FFC9B7	#FFC9B7
1	#FFCBB9	#FFCBB9
1	#FFCCBB	#FFCCBB
1	#FFCEBD	#FFCEBD
1	#FFCFBF	#FFCFBF
1	#FFD0C0	#FFD0C0
1	#FFD2C2	#FFD2C2
1	#FFD3C3	#FFD3C3
1	#FFD4C5	#FFD4C5
1	#FFD5C6	#FFD5C6
1	#FFD6C7	#FFD6C7
1	#FFD7C8	#FFD7C8
1	#FFD7C9	#FFD7C9
1	#FFD8CA	#FFD8CA
1	#FFD9CB	#FFD9CB
1	#FFD9CC	#FFD9CC
1	#FFDACD	#FFDACD
1	#FFDACD	#FFDACD
1	#FFDBCE	#FFDBCE
1	#FFDBCE	#FFDBCE
1	#FFDBCF	#FFDBCF
1	#FFDCCF	#FFDCCF
1	#FFDCCF	#FFDCCF
1	#FFDCCF	#FFDCCF
1	#FFDCCF	#FFDCCF
1	#FFDCCF	#FFDCCF
1	#FFDCCF	#FFDCCF
1	#FFDCCF	#FFDCCF
1	#FFDBCF	#FFDBCF
1	#FFDBCE	#FFDBCE
1	#FFDBCE	#FFDBCE
1	#FFDACD	#FFDACD
1	#FFDACD	#FFDACD
1	#FFD9CC	#FFD9CC
1	#FFD9CB	#FFD9CB
1	#FFD8CA	#FFD8CA
1	#FFD7C9	#FFD7C9
1	#FFD6C8	#FFD6C8
1	#FFD5C7	#FFD5C7
1	#FFD4C6	#FFD4C6
1	#FFD3C4	#FFD3C4
1	#FFD2C3	#FFD2C3
1	#FFD1C1	#FFD1C1
1	#FFD0C0	#FFD0C0
1	#FFCFBE	#FFCFBE
1	#FFCDBC	#FFCDBC
1	#FFCCBA	#FFCCBA
1	#FFCAB9	#FFCAB9
1	#FFC9B7	#FFC9B7
1	#FFC7B4	#FFC7B4
1	#FFC6B2	#FFC6B2
1	#FFC4B0	#FFC4B0
1	#FFC2AE	#FFC2AE
1	#FFC0AB	#FFC0AB
1	#FFBEA9	#FFBEA9
1	#FFBCA6	#FFBCA6
1	#FFBAA4	#FFBAA4
1	#FFB8A1	#FFB8A1
1	#FFB69E	#FFB69E
1	#FFB39B	#FFB39B
1	#FFB198	#FFB198
1	#FFAF95	#FFAF95
1	#FFA387	#FFA387
1	#FFA68B	#FFA68B
1	#FFA98E	#FFA98E
1	#FFAC92	#FFAC92
1	#FFAE95	#FFAE95
1	#FFB198	#FFB198
1	#FFB39B	#FFB39B
1	#FFB69E	#FFB69E
1	#FFB8A1	#FFB8A1
1	#FFBAA4	#FFBAA4
1	#FFBCA7	#FFBCA7
1	#FFBEA9	#FFBEA9
1	#FFC1AC	#FFC1AC
1	#FFC3AE	#FFC3AE
1	#FFC4B1	#FFC4B1
1	#FFC6B3	#FFC6B3
1	#FFC8B5	#FFC8B5
1	#FFCAB8	#FFCAB8
1	#FFCBBA	#FFCBBA
1	#FFCDBC	#FFCDBC
1	#FFCFBE	#FFCFBE
1	#FFD0C0	#FFD0C0
1	#FFD1C2	#FFD1C2
1	#FFD3C3	#FFD3C3
1	#FFD4C5	#FFD4C5
1	#FFD5C6	#FFD5C6
1	#FFD6C8	#FFD6C8
1	#FFD7C9	#FFD7C9
1	#FFD8CB	#FFD8CB
1	#FFD9CC	#FFD9CC
1	#FFDACD	#FFDACD
1	#FFDBCE	#FFDBCE
1	#FFDCCF	#FFDCCF
1	#FFDCD0	#FFDCD0
1	#FFDDD1	#FFDDD1
1	#FFDDD1	#FFDDD1
1	#FFDED2	#FFDED2
1	#FFDED2	#FFDED2
1	#FFDFD3	#FFDFD3
1	#FFDFD3	#FFDFD3
1	#FFDFD4	#FFDFD4
1	#FFDFD4	#FFDFD4
1	#FFDFD4	#FFDFD4
1	#FFDFD4	#FFDFD4
1	#FFDFD4	#FFDFD4
1	#FFDFD4	#FFDFD4
1	#FFDFD3	#FFDFD3
1	#FFDFD3	#FFDFD3
1	#FFDED3	#FFDED3
1	#FFDED2	#FFDED2
1	#FFDED2	#FFDED2
1	#FFDDD1	#FFDDD1
1	#FFDCD0	#FFDCD0
1	#FFDCCF	#FFDCCF
1	#FFDBCE	#FFDBCE
1	#FFDACD	#FFDACD
1	#FFDACC	#FFDACC
1	#FFD9CB	#FFD9CB
1	#FFD8CA	#FFD8CA
1	#FFD7C9	#FFD7C9
1	#FFD6C7	#FFD6C7
1	#FFD4C6	#FFD4C6
1	#FFD3C4	#FFD3C4
1	#FFD2C2	#FFD2C2
1	#FFD1C1	#FFD1C1
1	#FFCFBF	#FFCFBF
1	#FFCEBD	#FFCEBD
1	#FFCCBB	#FFCCBB
1	#FFCBB9	#FFCBB9
1	#FFC9B6	#FFC9B6
1	#FFC7B4	#FFC7B4
1	#FFC5B2	#FFC5B2
1	#FFC3AF	#FFC3AF
1	#FFC1AD	#FFC1AD
1	#FFBFAA	#FFBFAA
1	#FFBDA8	#FFBDA8
1	#FFBBA5	#FFBBA5
1	#FFB9A2	#FFB9A2
1	#FFB79F	#FFB79F
1	#FFB49C	#FFB49C
1	#FFB299	#FFB299
1	#FFA78C	#FFA78C
1	#FFAA8F	#FFAA8F
1	#FFAC93	#FFAC93
1	#FFAF96	#FFAF96
1	#FFB299	#FFB299
1	#FFB49C	#FFB49C
1	#FFB79F	#FFB79F
1	#FFB9A2	#FFB9A2
1	#FFBBA5	#FFBBA5
1	#FFBEA8	#FFBEA8
1	#FFC0AB	#FFC0AB
1	#FFC2AE	#FFC2AE
1	#FFC4B0	#FFC4B0
1	#FFC6B3	#FFC6B3
1	#FFC8B5	#FFC8B5
1	#FFCAB8	#FFCAB8
1	#FFCBBA	#FFCBBA
1	#FFCDBC	#FFCDBC
1	#FFCFBE	#FFCFBE
1	#FFD0C0	#FFD0C0
1	#FFD2C2	#FFD2C2
1	#FFD3C4	#FFD3C4
1	#FFD5C6	#FFD5C6
1	#FFD6C8	#FFD6C8
1	#FFD7C9	#FFD7C9
1	#FFD8CB	#FFD8CB
1	#FFD9CC	#FFD9CC
1	#FFDBCE	#FFDBCE
1	#FFDCCF	#FFDCCF
1	#FFDCD0	#FFDCD0
1	#FFDDD1	#FFDDD1
1	#FFDED2	#FFDED2
1	#FFDFD3	#FFDFD3
1	#FFDFD4	#FFDFD4
1	#FFE0D5	#FFE0D5
1	#FFE1D6	#FFE1D6
1	#FFE1D6	#FFE1D6
1	#FFE1D7	#FFE1D7
1	#FFE2D7	#FFE2D7
1	#FFE2D8	#FFE2D8
1	#FFE2D8	#FFE2D8
1	#FFE2D8	#FFE2D8
1	#FFE2D8	#FFE2D8
1	#FFE2D8	#FFE2D8
1	#FFE2D8	#FFE2D8
1	#FFE2D8	#FFE2D8
1	#FFE2D8	#FFE2D8
1	#FFE2D7	#FFE2D7
1	#FFE1D7	#FFE1D7
1	#FFE1D6	#FFE1D6
1	#FFE1D6	#FFE1D6
1	#FFE0D5	#FFE0D5
1	#FFE0D4	#FFE0D4
1	#FFDFD3	#FFDFD3
1	#FFDED3	#FFDED3
1	#FFDDD2	#FFDDD2
1	#FFDDD0	#FFDDD0
1	#FFDCCF	#FFDCCF
1	#FFDBCE	#FFDBCE
1	#FFDACD	#FFDACD
1	#FFD9CB	#FFD9CB
1	#FFD8CA	#FFD8CA
1	#FFD6C8	#FFD6C8
1	#FFD5C6	#FFD5C6
1	#FFD4C5	#FFD4C5
1	#FFD2C3	#FFD2C3
1	#FFD1C1	#FFD1C1
1	#FFCFBF	#FFCFBF
1	#FFCEBD	#FFCEBD
1	#FFCCBA	#FFCCBA
1	#FFCAB8	#FFCAB8
1	#FFC8B6	#FFC8B6
1	#FFC6B3	#FFC6B3
1	#FFC4B1	#FFC4B1
1	#FFC2AE	#FFC2AE
1	#FFC0AC	#FFC0AC
1	#FFBEA9	#FFBEA9
1	#FFBCA6	#FFBCA6
1	#FFBAA3	#FFBAA3
1	#FFB7A0	#FFB7A0
1	#FFB59D	#FFB59D
1	#FFAA90	#FFAA90
1	#FFAD94	#FFAD94
1	#FFB097	#FFB097
1	#FFB29A	#FFB29A
1	#FFB59D	#FFB59D
1	#FFB8A1	#FFB8A1
1	#FFBAA4	#FFBAA4
1	#FFBCA7	#FFBCA7
1	#FFBFAA	#FFBFAA
1	#FFC1AC	#FFC1AC
1	#FFC3AF	#FFC3AF
1	#FFC5B2	#FFC5B2
1	#FFC7B4	#FFC7B4
1	#FFC9B7	#FFC9B7
1	#FFCBB9	#FFCBB9
1	#FFCDBC	#FFCDBC
1	#FFCFBE	#FFCFBE
1	#FFD0C0	#FFD0C0
1	#FFD2C2	#FFD2C2
1	#FFD4C4	#FFD4C4
1	#FFD5C6	#FFD5C6
1	#FFD6C8	#FFD6C8
1	#FFD8CA	#FFD8CA
1	#FFD9CC	#FFD9CC
1	#FFDACD	#FFDACD
1	#FFDCCF	#FFDCCF
1	#FFDDD0	#FFDDD0
1	#FFDED2	#FFDED2
1	#FFDFD3	#FFDFD3
1	#FFE0D4	#FFE0D4
1	#FFE0D5	#FFE0D5
1	#FFE1D6	#FFE1D6
1	#FFE2D7	#FFE2D7
1	#FFE3D8	#FFE3D8
1	#FFE3D9	#FFE3D9
1	#FFE4DA	#FFE4DA
1	#FFE4DA	#FFE4DA
1	#FFE4DB	#FFE4DB
1	#FFE5DB	#FFE5DB
1	#FFE5DC	#FFE5DC
1	#FFE5DC	#FFE5DC
1	#FFE5DC	#FFE5DC
1	#FFE5DC	#FFE5DC
1	#FFE5DC	#FFE5DC
1	#FFE5DC	#FFE5DC
1	#FFE5DC	#FFE5DC
1	#FFE5DC	#FFE5DC
1	#FFE5DB	#FFE5DB
1	#FFE4DB	#FFE4DB
1	#FFE4DA	#FFE4DA
1	#FFE4DA	#FFE4DA
1	#FFE3D9	#FFE3D9
1	#FFE3D8	#FFE3D8
1	#FFE2D7	#FFE2D7
1	#FFE1D6	#FFE1D6
1	#FFE0D5	#FFE0D5
1	#FFE0D4	#FFE0D4
1	#FFDFD3	#FFDFD3
1	#FFDED2	#FFDED2
1	#FFDDD0	#FFDDD0
1	#FFDCCF	#FFDCCF
1	#FFDACD	#FFDACD
1	#FFD9CC	#FFD9CC
1	#FFD8CA	#FFD8CA
1	#FFD7C8	#FFD7C8
1	#FFD5C6	#FFD5C6
1	#FFD4C4	#FFD4C4
1	#FFD2C2	#FFD2C2
1	#FFD0C0	#FFD0C0
1	#FFCFBE	#FFCFBE
1	#FFCDBC	#FFCDBC
1	#FFCBB9	#FFCBB9
1	#FFC9B7	#FFC9B7
1	#FFC7B4	#FFC7B4
1	#FFC5B2	#FFC5B2
1	#FFC3AF	#FFC3AF
1	#FFC1AC	#FFC1AC
1	#FFBFAA	#FFBFAA
1	#FFBCA7	#FFBCA7
1	#FFBAA4	#FFBAA4
1	#FFB8A1	#FFB8A1
1	#FFAE94	#FFAE94
1	#FFB097	#FFB097
1	#FFB39B	#FFB39B
1	#FFB69E	#FFB69E
1	#FFB8A1	#FFB8A1
1	#FFBBA5	#FFBBA5
1	#FFBDA8	#FFBDA8
1	#FFC0AB	#FFC0AB
1	#FFC2AE	#FFC2AE
1	#FFC4B0	#FFC4B0
1	#FFC6B3	#FFC6B3
1	#FFC8B6	#FFC8B6
1	#FFCAB8	#FFCAB8
1	#FFCCBB	#FFCCBB
1	#FFCEBD	#FFCEBD
1	#FFD0C0	#FFD0C0
1	#FFD2C2	#FFD2C2
1	#FFD3C4	#FFD3C4
1	#FFD5C6	#FFD5C6
1	#FFD7C8	#FFD7C8
1	#FFD8CA	#FFD8CA
1	#FFD9CC	#FFD9CC
1	#FFDBCE	#FFDBCE
1	#FFDCD0	#FFDCD0
1	#FFDDD1	#FFDDD1
1	#FFDFD3	#FFDFD3
1	#FFE0D4	#FFE0D4
1	#FFE1D6	#FFE1D6
1	#FFE2D7	#FFE2D7
1	#FFE2D8	#FFE2D8
1	#FFE3D9	#FFE3D9
1	#FFE4DA	#FFE4DA
1	#FFE5DB	#FFE5DB
1	#FFE5DC	#FFE5DC
1	#FFE6DD	#FFE6DD
1	#FFE7DE	#FFE7DE
1	#FFE7DE	#FFE7DE
1	#FFE7DF	#FFE7DF
1	#FFE8DF	#FFE8DF
1	#FFE8DF	#FFE8DF
1	#FFE8E0	#FFE8E0
1	#FFE8E0	#FFE8E0
1	#FFE8E0	#FFE8E0
1	#FFE8E0	#FFE8E0
1	#FFE8E0	#FFE8E0
1	#FFE8E0	#FFE8E0
1	#FFE8DF	#FFE8DF
1	#FFE8DF	#FFE8DF
1	#FFE7DF	#FFE7DF
1	#FFE7DE	#FFE7DE
1	#FFE6DD	#FFE6DD
1	#FFE6DD	#FFE6DD
1	#FFE5DC	#FFE5DC
1	#FFE5DB	#FFE5DB
1	#FFE4DA	#FFE4DA
1	#FFE3D9	#FFE3D9
1	#FFE2D8	#FFE2D8
1	#FFE1D7	#FFE1D7
1	#FFE0D5	#FFE0D5
1	#FFDFD4	#FFDFD4
1	#FFDED3	#FFDED3
1	#FFDDD1	#FFDDD1
1	#FFDCCF	#FFDCCF
1	#FFDBCE	#FFDBCE
1	#FFD9CC	#FFD9CC
1	#FFD8CA	#FFD8CA
1	#FFD6C8	#FFD6C8
1	#FFD5C6	#FFD5C6
1	#FFD3C4	#FFD3C4
1	#FFD1C2	#FFD1C2
1	#FFD0BF	#FFD0BF
1	#FFCEBD	#FFCEBD
1	#FFCCBA	#FFCCBA
1	#FFCAB8	#FFCAB8
1	#FFC8B5	#FFC8B5
1	#FFC6B3	#FFC6B3
1	#FFC4B0	#FFC4B0
1	#FFC1AD	#FFC1AD
1	#FFBFAA	#FFBFAA
1	#FFBDA7	#FFBDA7
1	#FFBAA4	#FFBAA4
1	#FFB198	#FFB198
1	#FFB39B	#FFB39B
1	#FFB69F	#FFB69F
1	#FFB9A2	#FFB9A2
1	#FFBBA5	#FFBBA5
1	#FFBEA8	#FFBEA8
1	#FFC0AB	#FFC0AB
1	#FFC3AE	#FFC3AE
1	#FFC5B1	#FFC5B1
1	#FFC7B4	#FFC7B4
1	#FFC9B7	#FFC9B7
1	#FFCBBA	#FFCBBA
1	#FFCDBC	#FFCDBC
1	#FFCFBF	#FFCFBF
1	#FFD1C1	#FFD1C1
1	#FFD3C4	#FFD3C4
1	#FFD5C6	#FFD5C6
1	#FFD6C8	#FFD6C8
1	#FFD8CA	#FFD8CA
1	#FFD9CC	#FFD9CC
1	#FFDBCE	#FFDBCE
1	#FFDCD0	#FFDCD0
1	#FFDED2	#FFDED2
1	#FFDFD3	#FFDFD3
1	#FFE0D5	#FFE0D5
1	#FFE1D7	#FFE1D7
1	#FFE2D8	#FFE2D8
1	#FFE3D9	#FFE3D9
1	#FFE4DB	#FFE4DB
1	#FFE5DC	#FFE5DC
1	#FFE6DD	#FFE6DD
1	#FFE7DE	#FFE7DE
1	#FFE8DF	#FFE8DF
1	#FFE8E0	#FFE8E0
1	#FFE9E1	#FFE9E1
1	#FFE9E1	#FFE9E1
1	#FFEAE2	#FFEAE2
1	#FFEAE2	#FFEAE2
1	#FFEAE3	#FFEAE3
1	#FFEBE3	#FFEBE3
1	#FFEBE3	#FFEBE3
1	#FFEBE4	#FFEBE4
1	#FFEBE4	#FFEBE4
1	#FFEBE4	#FFEBE4
1	#FFEBE3	#FFEBE3
1	#FFEBE3	#FFEBE3
1	#FFEBE3	#FFEBE3
1	#FFEAE3	#FFEAE3
1	#FFEAE2	#FFEAE2
1	#FFEAE2	#FFEAE2
1	#FFE9E1	#FFE9E1
1	#FFE9E0	#FFE9E0
1	#FFE8E0	#FFE8E0
1	#FFE7DF	#FFE7DF
1	#FFE7DE	#FFE7DE
1	#FFE6DD	#FFE6DD
1	#FFE5DB	#FFE5DB
1	#FFE4DA	#FFE4DA
1	#FFE3D9	#FFE3D9
1	#FFE2D8	#FFE2D8
1	#FFE1D6	#FFE1D6
1	#FFE0D4	#FFE0D4
1	#FFDED3	#FFDED3
1	#FFDDD1	#FFDDD1
1	#FFDCCF	#FFDCCF
1	#FFDACD	#FFDACD
1	#FFD9CB	#FFD9CB
1	#FFD7C9	#FFD7C9
1	#FFD6C7	#FFD6C7
1	#FFD4C5	#FFD4C5
1	#FFD2C3	#FFD2C3
1	#FFD0C0	#FFD0C0
1	#FFCEBE	#FFCEBE
1	#FFCCBB	#FFCCBB
1	#FFCAB9	#FFCAB9
1	#FFC8B6	#FFC8B6
1	#FFC6B3	#FFC6B3
1	#FFC4B0	#FFC4B0
1	#FFC2AD	#FFC2AD
1	#FFBFAA	#FFBFAA
1	#FFBDA7	#FFBDA7
1	#FFB39B	#FFB39B
1	#FFB69F	#FFB69F
1	#FFB9A2	#FFB9A2
1	#FFBCA6	#FFBCA6
1	#FFBEA9	#FFBEA9
1	#FFC1AC	#FFC1AC
1	#FFC3AF	#FFC3AF
1	#FFC5B2	#FFC5B2
1	#FFC8B5	#FFC8B5
1	#FFCAB8	#FFCAB8
1	#FFCCBA	#FFCCBA
1	#FFCEBD	#FFCEBD
1	#FFD0C0	#FFD0C0
1	#FFD2C2	#FFD2C2
1	#FFD4C5	#FFD4C5
1	#FFD6C7	#FFD6C7
1	#FFD7C9	#FFD7C9
1	#FFD9CC	#FFD9CC
1	#FFDBCE	#FFDBCE
1	#FFDCD0	#FFDCD0
1	#FFDED2	#FFDED2
1	#FFDFD4	#FFDFD4
1	#FFE0D5	#FFE0D5
1	#FFE2D7	#FFE2D7
1	#FFE3D9	#FFE3D9
1	#FFE4DA	#FFE4DA
1	#FFE5DC	#FFE5DC
1	#FFE6DD	#FFE6DD
1	#FFE7DE	#FFE7DE
1	#FFE8DF	#FFE8DF
1	#FFE9E1	#FFE9E1
1	#FFE9E2	#FFE9E2
1	#FFEAE2	#FFEAE2
1	#FFEBE3	#FFEBE3
1	#FFEBE4	#FFEBE4
1	#FFECE5	#FFECE5
1	#FFECE5	#FFECE5
1	#FFEDE6	#FFEDE6
1	#FFEDE6	#FFEDE6
1	#FFEDE7	#FFEDE7
1	#FFEDE7	#FFEDE7
1	#FFEDE7	#FFEDE7
1	#FFEDE7	#FFEDE7
1	#FFEDE7	#FFEDE7
1	#FFEDE7	#FFEDE7
1	#FFEDE7	#FFEDE7
1	#FFEDE6	#FFEDE6
1	#FFEDE6	#FFEDE6
1	#FFECE6	#FFECE6
1	#FFECE5	#FFECE5
1	#FFEBE4	#FFEBE4
1	#FFEBE4	#FFEBE4
1	#FFEAE3	#FFEAE3
1	#FFEAE2	#FFEAE2
1	#FFE9E1	#FFE9E1
1	#FFE8E0	#FFE8E0
1	#FFE7DF	#FFE7DF
1	#FFE6DD	#FFE6DD
1	#FFE5DC	#FFE5DC
1	#FFE4DB	#FFE4DB
1	#FFE3D9	#FFE3D9
1	#FFE2D8	#FFE2D8
1	#FFE1D6	#FFE1D6
1	#FFE0D4	#FFE0D4
1	#FFDED2	#FFDED2
1	#FFDDD0	#FFDDD0
1	#FFDBCE	#FFDBCE
1	#FFDACC	#FFDACC
1	#FFD8CA	#FFD8CA
1	#FFD6C8	#FFD6C8
1	#FFD5C6	#FFD5C6
1	#FFD3C3	#FFD3C3
1	#FFD1C1	#FFD1C1
1	#FFCFBE	#FFCFBE
1	#FFCDBC	#FFCDBC
1	#FFCBB9	#FFCBB9
1	#FFC8B6	#FFC8B6
1	#FFC6B3	#FFC6B3
1	#FFC4B0	#FFC4B0
1	#FFC2AD	#FFC2AD
1	#FFBFAA	#FFBFAA
1	#FFB69F	#FFB69F
1	#FFB9A2	#FFB9A2
1	#FFBCA6	#FFBCA6
1	#FFBEA9	#FFBEA9
1	#FFC1AC	#FFC1AC
1	#FFC3AF	#FFC3AF
1	#FFC6B2	#FFC6B2
1	#FFC8B5	#FFC8B5
1	#FFCAB8	#FFCAB8
1	#FFCCBB	#FFCCBB
1	#FFCFBE	#FFCFBE
1	#FFD1C1	#FFD1C1
1	#FFD3C3	#FFD3C3
1	#FFD4C6	#FFD4C6
1	#FFD6C8	#FFD6C8
1	#FFD8CA	#FFD8CA
1	#FFDACD	#FFDACD
1	#FFDCCF	#FFDCCF
1	#FFDDD1	#FFDDD1
1	#FFDFD3	#FFDFD3
1	#FFE0D5	#FFE0D5
1	#FFE1D7	#FFE1D7
1	#FFE3D9	#FFE3D9
1	#FFE4DA	#FFE4DA
1	#FFE5DC	#FFE5DC
1	#FFE6DD	#FFE6DD
1	#FFE7DF	#FFE7DF
1	#FFE8E0	#FFE8E0
1	#FFE9E2	#FFE9E2
1	#FFEAE3	#FFEAE3
1	#FFEBE4	#FFEBE4
1	#FFECE5	#FFECE5
1	#FFEDE6	#FFEDE6
1	#FFEDE7	#FFEDE7
1	#FFEEE7	#FFEEE7
1	#FFEEE8	#FFEEE8
1	#FFEFE9	#FFEFE9
1	#FFEFE9	#FFEFE9
1	#FFEFE9	#FFEFE9
1	#FFEFEA	#FFEFEA
1	#FFF0EA	#FFF0EA
1	#FFF0EA	#FFF0EA
1	#FFF0EA	#FFF0EA
1	#FFF0EA	#FFF0EA
1	#FFF0EA	#FFF0EA
1	#FFF0EA	#FFF0EA
1	#FFEFE9	#FFEFE9
1	#FFEFE9	#FFEFE9
1	#FFEFE9	#FFEFE9
1	#FFEEE8	#FFEEE8
1	#FFEEE7	#FFEEE7
1	#FFEDE7	#FFEDE7
1	#FFEDE6	#FFEDE6
1	#FFECE5	#FFECE5
1	#FFEBE4	#FFEBE4
1	#FFEAE3	#FFEAE3
1	#FFEAE2	#FFEAE2
1	#FFE9E0	#FFE9E0
1	#FFE8DF	#FFE8DF
1	#FFE7DE	#FFE7DE
1	#FFE5DC	#FFE5DC
1	#FFE4DB	#FFE4DB
1	#FFE3D9	#FFE3D9
1	#FFE2D7	#FFE2D7
1	#FFE0D5	#FFE0D5
1	#FFDFD3	#FFDFD3
1	#FFDDD1	#FFDDD1
1	#FFDCCF	#FFDCCF
1	#FFDACD	#FFDACD
1	#FFD8CB	#FFD8CB
1	#FFD7C9	#FFD7C9
1	#FFD5C6	#FFD5C6
1	#FFD3C4	#FFD3C4
1	#FFD1C1	#FFD1C1
1	#FFCFBE	#FFCFBE
1	#FFCDBC	#FFCDBC
1	#FFCBB9	#FFCBB9
1	#FFC8B6	#FFC8B6
1	#FFC6B3	#FFC6B3
1	#FFC4B0	#FFC4B0
1	#FFC1AD	#FFC1AD
1	#FFB9A2	#FFB9A2
1	#FFBBA5	#FFBBA5
1	#FFBEA9	#FFBEA9
1	#FFC1AC	#FFC1AC
1	#FFC3AF	#FFC3AF
1	#FFC6B2	#FFC6B2
1	#FFC8B6	#FFC8B6
1	#FFCAB9	#FFCAB9
1	#FFCDBB	#FFCDBB
1	#FFCFBE	#FFCFBE
1	#FFD1C1	#FFD1C1
1	#FFD3C4	#FFD3C4
1	#FFD5C6	#FFD5C6
1	#FFD7C9	#FFD7C9
1	#FFD9CB	#FFD9CB
1	#FFDBCE	#FFDBCE
1	#FFDCD0	#FFDCD0
1	#FFDED2	#FFDED2
1	#FFDFD4	#FFDFD4
1	#FFE1D6	#FFE1D6
1	#FFE2D8	#FFE2D8
1	#FFE4DA	#FFE4DA
1	#FFE5DC	#FFE5DC
1	#FFE6DD	#FFE6DD
1	#FFE8DF	#FFE8DF
1	#FFE9E1	#FFE9E1
1	#FFEAE2	#FFEAE2
1	#FFEBE3	#FFEBE3
1	#FFECE5	#FFECE5
1	#FFEDE6	#FFEDE6
1	#FFEDE7	#FFEDE7
1	#FFEEE8	#FFEEE8
1	#FFEFE9	#FFEFE9
1	#FFEFEA	#FFEFEA
1	#FFF0EA	#FFF0EA
1	#FFF0EB	#FFF0EB
1	#FFF1EC	#FFF1EC
1	#FFF1EC	#FFF1EC
1	#FFF1EC	#FFF1EC
1	#FFF2ED	#FFF2ED
1	#FFF2ED	#FFF2ED
1	#FFF2ED	#FFF2ED
1	#FFF2ED	#FFF2ED
1	#FFF2ED	#FFF2ED
1	#FFF2ED	#FFF2ED
1	#FFF2ED	#FFF2ED
1	#FFF1EC	#FFF1EC
1	#FFF1EC	#FFF1EC
1	#FFF1EC	#FFF1EC
1	#FFF0EB	#FFF0EB
1	#FFF0EA	#FFF0EA
1	#FFEFEA	#FFEFEA
1	#FFEFE9	#FFEFE9
1	#FFEEE8	#FFEEE8
1	#FFEDE7	#FFEDE7
1	#FFEDE6	#FFEDE6
1	#FFECE5	#FFECE5
1	#FFEBE3	#FFEBE3
1	#FFEAE2	#FFEAE2
1	#FFE9E0	#FFE9E0
1	#FFE8DF	#FFE8DF
1	#FFE6DD	#FFE6DD
1	#FFE5DC	#FFE5DC
1	#FFE4DA	#FFE4DA
1	#FFE2D8	#FFE2D8
1	#FFE1D6	#FFE1D6
1	#FFDFD4	#FFDFD4
1	#FFDED2	#FFDED2
1	#FFDCD0	#FFDCD0
1	#FFDACD	#FFDACD
1	#FFD9CB	#FFD9CB
1	#FFD7C9	#FFD7C9
1	#FFD5C6	#FFD5C6
1	#FFD3C4	#FFD3C4
1	#FFD1C1	#FFD1C1
1	#FFCFBE	#FFCFBE
1	#FFCDBB	#FFCDBB
1	#FFCAB8	#FFCAB8
1	#FFC8B5	#FFC8B5
1	#FFC6B2	#FFC6B2
1	#FFC3AF	#FFC3AF
1	#FFBBA5	#FFBBA5
1	#FFBEA8	#FFBEA8
1	#FFC0AC	#FFC0AC
1	#FFC3AF	#FFC3AF
1	#FFC6B2	#FFC6B2
1	#FFC8B5	#FFC8B5
1	#FFCAB8	#FFCAB8
1	#FFCDBB	#FFCDBB
1	#FFCFBE	#FFCFBE
1	#FFD1C1	#FFD1C1
1	#FFD3C4	#FFD3C4
1	#FFD5C7	#FFD5C7
1	#FFD7C9	#FFD7C9
1	#FFD9CC	#FFD9CC
1	#FFDBCE	#FFDBCE
1	#FFDDD1	#FFDDD1
1	#FFDED3	#FFDED3
1	#FFE0D5	#FFE0D5
1	#FFE2D7	#FFE2D7
1	#FFE3D9	#FFE3D9
1	#FFE5DB	#FFE5DB
1	#FFE6DD	#FFE6DD
1	#FFE7DF	#FFE7DF
1	#FFE9E0	#FFE9E0
1	#FFEAE2	#FFEAE2
1	#FFEBE3	#FFEBE3
1	#FFECE5	#FFECE5
1	#FFEDE6	#FFEDE6
1	#FFEEE7	#FFEEE7
1	#FFEFE9	#FFEFE9
1	#FFEFEA	#FFEFEA
1	#FFF0EB	#FFF0EB
1	#FFF1EC	#FFF1EC
1	#FFF1EC	#FFF1EC
1	#FFF2ED	#FFF2ED
1	#FFF2EE	#FFF2EE
1	#FFF3EE	#FFF3EE
1	#FFF3EF	#FFF3EF
1	#FFF3EF	#FFF3EF
1	#FFF4EF	#FFF4EF
1	#FFF4F0	#FFF4F0
1	#FFF4F0	#FFF4F0
1	#FFF4F0	#FFF4F0
1	#FFF4F0	#FFF4F0
1	#FFF4F0	#FFF4F0
1	#FFF4EF	#FFF4EF
1	#FFF3EF	#FFF3EF
1	#FFF3EF	#FFF3EF
1	#FFF3EE	#FFF3EE
1	#FFF2EE	#FFF2EE
1	#FFF2ED	#FFF2ED
1	#FFF1EC	#FFF1EC
1	#FFF1EB	#FFF1EB
1	#FFF0EA	#FFF0EA
1	#FFEFE9	#FFEFE9
1	#FFEEE8	#FFEEE8
1	#FFEEE7	#FFEEE7
1	#FFEDE6	#FFEDE6
1	#FFECE4	#FFECE4
1	#FFEBE3	#FFEBE3
1	#FFE9E2	#FFE9E2
1	#FFE8E0	#FFE8E0
1	#FFE7DE	#FFE7DE
1	#FFE6DC	#FFE6DC
1	#FFE4DB	#FFE4DB
1	#FFE3D9	#FFE3D9
1	#FFE1D7	#FFE1D7
1	#FFE0D4	#FFE0D4
1	#FFDED2	#FFDED2
1	#FFDCD0	#FFDCD0
1	#FFDACE	#FFDACE
1	#FFD9CB	#FFD9CB
1	#FFD7C9	#FFD7C9
1	#FFD5C6	#FFD5C6
1	#FFD3C3	#FFD3C3
1	#FFD1C0	#FFD1C0
1	#FFCEBE	#FFCEBE
1	#FFCCBB	#FFCCBB
1	#FFCAB8	#FFCAB8
1	#FFC7B5	#FFC7B5
1	#FFC5B1	#FFC5B1
1	#FFBDA8	#FFBDA8
1	#FFC0AB	#FFC0AB
1	#FFC3AE	#FFC3AE
1	#FFC5B2	#FFC5B2
1	#FFC8B5	#FFC8B5
1	#FFCAB8	#FFCAB8
1	#FFCCBB	#FFCCBB
1	#FFCFBE	#FFCFBE
1	#FFD1C1	#FFD1C1
1	#FFD3C4	#FFD3C4
1	#FFD5C7	#FFD5C7
1	#FFD7C9	#FFD7C9
1	#FFD9CC	#FFD9CC
1	#FFDBCE	#FFDBCE
1	#FFDDD1	#FFDDD1
1	#FFDFD3	#FFDFD3
1	#FFE0D5	#FFE0D5
1	#FFE2D8	#FFE2D8
1	#FFE4DA	#FFE4DA
1	#FFE5DC	#FFE5DC
1	#FFE7DE	#FFE7DE
1	#FFE8E0	#FFE8E0
1	#FFE9E1	#FFE9E1
1	#FFEAE3	#FFEAE3
1	#FFECE5	#FFECE5
1	#FFEDE6	#FFEDE6
1	#FFEEE7	#FFEEE7
1	#FFEFE9	#FFEFE9
1	#FFF0EA	#FFF0EA
1	#FFF1EB	#FFF1EB
1	#FFF1EC	#FFF1EC
1	#FFF2ED	#FFF2ED
1	#FFF3EE	#FFF3EE
1	#FFF3EF	#FFF3EF
1	#FFF4F0	#FFF4F0
1	#FFF4F0	#FFF4F0
1	#FFF5F1	#FFF5F1
1	#FFF5F1	#FFF5F1
1	#FFF5F2	#FFF5F2
1	#FFF6F2	#FFF6F2
1	#FFF6F2	#FFF6F2
1	#FFF6F2	#FFF6F2
1	#FFF6F2	#FFF6F2
1	#FFF6F2	#FFF6F2
1	#FFF6F2	#FFF6F2
1	#FFF5F2	#FFF5F2
1	#FFF5F2	#FFF5F2
1	#FFF5F1	#FFF5F1
1	#FFF5F1	#FFF5F1
1	#FFF4F0	#FFF4F0
1	#FFF4EF	#FFF4EF
1	#FFF3EF	#FFF3EF
1	#FFF2EE	#FFF2EE
1	#FFF2ED	#FFF2ED
1	#FFF1EC	#FFF1EC
1	#FFF0EB	#FFF0EB
1	#FFEFE9	#FFEFE9
1	#FFEEE8	#FFEEE8
1	#FFEDE7	#FFEDE7
1	#FFECE5	#FFECE5
1	#FFEBE4	#FFEBE4
1	#FFEAE2	#FFEAE2
1	#FFE9E0	#FFE9E0
1	#FFE7DF	#FFE7DF
1	#FFE6DD	#FFE6DD
1	#FFE4DB	#FFE4DB
1	#FFE3D9	#FFE3D9
1	#FFE1D7	#FFE1D7
1	#FFE0D4	#FFE0D4
1	#FFDED2	#FFDED2
1	#FFDCD0	#FFDCD0
1	#FFDACD	#FFDACD
1	#FFD8CB	#FFD8CB
1	#FFD6C8	#FFD6C8
1	#FFD4C5	#FFD4C5
1	#FFD2C3	#FFD2C3
1	#FFD0C0	#FFD0C0
1	#FFCEBD	#FFCEBD
1	#FFCBBA	#FFCBBA
1	#FFC9B7	#FFC9B7
1	#FFC7B4	#FFC7B4
1	#FFBFAA	#FFBFAA
1	#FFC2AE	#FFC2AE
1	#FFC5B1	#FFC5B1
1	#FFC7B4	#FFC7B4
1	#FFCAB8	#FFCAB8
1	#FFCCBB	#FFCCBB
1	#FFCEBE	#FFCEBE
1	#FFD1C1	#FFD1C1
1	#FFD3C4	#FFD3C4
1	#FFD5C6	#FFD5C6
1	#FFD7C9	#FFD7C9
1	#FFD9CC	#FFD9CC
1	#FFDBCE	#FFDBCE
1	#FFDDD1	#FFDDD1
1	#FFDFD3	#FFDFD3
1	#FFE1D6	#FFE1D6
1	#FFE2D8	#FFE2D8
1	#FFE4DA	#FFE4DA
1	#FFE5DC	#FFE5DC
1	#FFE7DE	#FFE7DE
1	#FFE8E0	#FFE8E0
1	#FFEAE2	#FFEAE2
1	#FFEBE4	#FFEBE4
1	#FFECE5	#FFECE5
1	#FFEDE7	#FFEDE7
1	#FFEFE8	#FFEFE8
1	#FFF0EA	#FFF0EA
1	#FFF1EB	#FFF1EB
1	#FFF1EC	#FFF1EC
1	#FFF2EE	#FFF2EE
1	#FFF3EF	#FFF3EF
1	#FFF4F0	#FFF4F0
1	#FFF4F1	#FFF4F1
1	#FFF5F1	#FFF5F1
1	#FFF6F2	#FFF6F2
1	#FFF6F3	#FFF6F3
1	#FFF6F3	#FFF6F3
1	#FFF7F4	#FFF7F4
1	#FFF7F4	#FFF7F4
1	#FFF7F4	#FFF7F4
1	#FFF7F5	#FFF7F5
1	#FFF7F5	#FFF7F5
1	#FFF7F5	#FFF7F5
1	#FFF7F5	#FFF7F5
1	#FFF7F4	#FFF7F4
1	#FFF7F4	#FFF7F4
1	#FFF7F4	#FFF7F4
1	#FFF7F3	#FFF7F3
1	#FFF6F3	#FFF6F3
1	#FFF6F2	#FFF6F2
1	#FFF5F2	#FFF5F2
1	#FFF5F1	#FFF5F1
1	#FFF4F0	#FFF4F0
1	#FFF3EF	#FFF3EF
1	#FFF3EE	#FFF3EE
1	#FFF2ED	#FFF2ED
1	#FFF1EC	#FFF1EC
1	#FFF0EA	#FFF0EA
1	#FFEFE9	#FFEFE9
1	#FFEEE7	#FFEEE7
1	#FFEDE6	#FFEDE6
1	#FFEBE4	#FFEBE4
1	#FFEAE3	#FFEAE3
1	#FFE9E1	#FFE9E1
1	#FFE7DF	#FFE7DF
1	#FFE6DD	#FFE6DD
1	#FFE4DB	#FFE4DB
1	#FFE3D9	#FFE3D9
1	#FFE1D6	#FFE1D6
1	#FFDFD4	#FFDFD4
1	#FFDED2	#FFDED2
1	#FFDCCF	#FFDCCF
1	#FFDACD	#FFDACD
1	#FFD8CA	#FFD8CA
1	#FFD6C7	#FFD6C7
1	#FFD4C5	#FFD4C5
1	#FFD1C2	#FFD1C2
1	#FFCFBF	#FFCFBF
1	#FFCDBC	#FFCDBC
1	#FFCAB9	#FFCAB9
1	#FFC8B5	#FFC8B5
1	#FFC1AD	#FFC1AD
1	#FFC4B0	#FFC4B0
1	#FFC6B3	#FFC6B3
1	#FFC9B7	#FFC9B7
1	#FFCBBA	#FFCBBA
1	#FFCEBD	#FFCEBD
1	#FFD0C0	#FFD0C0
1	#FFD2C3	#FFD2C3
1	#FFD5C6	#FFD5C6
1	#FFD7C9	#FFD7C9
1	#FFD9CB	#FFD9CB
1	#FFDBCE	#FFDBCE
1	#FFDDD1	#FFDDD1
1	#FFDFD3	#FFDFD3
1	#FFE1D6	#FFE1D6
1	#FFE2D8	#FFE2D8
1	#FFE4DA	#FFE4DA
1	#FFE6DC	#FFE6DC
1	#FFE7DE	#FFE7DE
1	#FFE9E0	#FFE9E0
1	#FFEAE2	#FFEAE2
1	#FFEBE4	#FFEBE4
1	#FFEDE6	#FFEDE6
1	#FFEEE8	#FFEEE8
1	#FFEFE9	#FFEFE9
1	#FFF0EB	#FFF0EB
1	#FFF1EC	#FFF1EC
1	#FFF2ED	#FFF2ED
1	#FFF3EF	#FFF3EF
1	#FFF4F0	#FFF4F0
1	#FFF5F1	#FFF5F1
1	#FFF5F2	#FFF5F2
1	#FFF6F3	#FFF6F3
1	#FFF7F3	#FFF7F3
1	#FFF7F4	#FFF7F4
1	#FFF8F5	#FFF8F5
1	#FFF8F5	#FFF8F5
1	#FFF8F6	#FFF8F6
1	#FFF9F6	#FFF9F6
1	#FFF9F6	#FFF9F6
1	#FFF9F7	#FFF9F7
1	#FFF9F7	#FFF9F7
1	#FFF9F7	#FFF9F7
1	#FFF9F7	#FFF9F7
1	#FFF9F6	#FFF9F6
1	#FFF9F6	#FFF9F6
1	#FFF8F6	#FFF8F6
1	#FFF8F5	#FFF8F5
1	#FFF8F5	#FFF8F5
1	#FFF7F4	#FFF7F4
1	#FFF7F4	#FFF7F4
1	#FFF6F3	#FFF6F3
1	#FFF5F2	#FFF5F2
1	#FFF5F1	#FFF5F1
1	#FFF4F0	#FFF4F0
1	#FFF3EF	#FFF3EF
1	#FFF2EE	#FFF2EE
1	#FFF1EC	#FFF1EC
1	#FFF0EB	#FFF0EB
1	#FFEFE9	#FFEFE9
1	#FFEEE8	#FFEEE8
1	#FFEDE6	#FFEDE6
1	#FFECE4	#FFECE4
1	#FFEAE3	#FFEAE3
1	#FFE9E1	#FFE9E1
1	#FFE7DF	#FFE7DF
1	#FFE6DD	#FFE6DD
1	#FFE4DA	#FFE4DA
1	#FFE2D8	#FFE2D8
1	#FFE1D6	#FFE1D6
1	#FFDFD3	#FFDFD3
1	#FFDDD1	#FFDDD1
1	#FFDBCE	#FFDBCE
1	#FFD9CC	#FFD9CC
1	#FFD7C9	#FFD7C9
1	#FFD5C6	#FFD5C6
1	#FFD3C3	#FFD3C3
1	#FFD0C0	#FFD0C0
1	#FFCEBD	#FFCEBD
1	#FFCCBA	#FFCCBA
1	#FFC9B7	#FFC9B7
1	#FFC3AF	#FFC3AF
1	#FFC5B2	#FFC5B2
1	#FFC8B5	#FFC8B5
1	#FFCBB9	#FFCBB9
1	#FFCDBC	#FFCDBC
1	#FFCFBF	#FFCFBF
1	#FFD2C2	#FFD2C2
1	#FFD4C5	#FFD4C5
1	#FFD6C8	#FFD6C8
1	#FFD8CB	#FFD8CB
1	#FFDACE	#FFDACE
1	#FFDCD0	#FFDCD0
1	#FFDED3	#FFDED3
1	#FFE0D5	#FFE0D5
1	#FFE2D8	#FFE2D8
1	#FFE4DA	#FFE4DA
1	#FFE5DC	#FFE5DC
1	#FFE7DE	#FFE7DE
1	#FFE9E0	#FFE9E0
1	#FFEAE2	#FFEAE2
1	#FFECE4	#FFECE4
1	#FFEDE6	#FFEDE6
1	#FFEEE8	#FFEEE8
1	#FFEFEA	#FFEFEA
1	#FFF1EB	#FFF1EB
1	#FFF2ED	#FFF2ED
1	#FFF3EE	#FFF3EE
1	#FFF4EF	#FFF4EF
1	#FFF5F1	#FFF5F1
1	#FFF5F2	#FFF5F2
1	#FFF6F3	#FFF6F3
1	#FFF7F4	#FFF7F4
1	#FFF7F5	#FFF7F5
1	#FFF8F5	#FFF8F5
1	#FFF9F6	#FFF9F6
1	#FFF9F7	#FFF9F7
1	#FFF9F7	#FFF9F7
1	#FFFAF8	#FFFAF8
1	#FFFAF8	#FFFAF8
1	#FFFAF8	#FFFAF8
1	#FFFAF8	#FFFAF8
1	#FFFAF9	#FFFAF9
1	#FFFAF9	#FFFAF9
1	#FFFAF8	#FFFAF8
1	#FFFAF8	#FFFAF8
1	#FFFAF8	#FFFAF8
1	#FFFAF8	#FFFAF8
1	#FFF9F7	#FFF9F7
1	#FFF9F7	#FFF9F7
1	#FFF8F6	#FFF8F6
1	#FFF8F5	#FFF8F5
1	#FFF7F5	#FFF7F5
1	#FFF7F4	#FFF7F4
1	#FFF6F3	#FFF6F3
1	#FFF5F2	#FFF5F2
1	#FFF4F0	#FFF4F0
1	#FFF4EF	#FFF4EF
1	#FFF3EE	#FFF3EE
1	#FFF2ED	#FFF2ED
1	#FFF0EB	#FFF0EB
1	#FFEFE9	#FFEFE9
1	#FFEEE8	#FFEEE8
1	#FFEDE6	#FFEDE6
1	#FFEBE4	#FFEBE4
1	#FFEAE2	#FFEAE2
1	#FFE8E0	#FFE8E0
1	#FFE7DE	#FFE7DE
1	#FFE5DC	#FFE5DC
1	#FFE4DA	#FFE4DA
1	#FFE2D7	#FFE2D7
1	#FFE0D5	#FFE0D5
1	#FFDED3	#FFDED3
1	#FFDCD0	#FFDCD0
1	#FFDACD	#FFDACD
1	#FFD8CB	#FFD8CB
1	#FFD6C8	#FFD6C8
1	#FFD4C5	#FFD4C5
1	#FFD2C2	#FFD2C2
1	#FFCFBF	#FFCFBF
1	#FFCDBC	#FFCDBC
1	#FFCAB8	#FFCAB8
1	#FFC4B1	#FFC4B1
1	#FFC7B4	#FFC7B4
1	#FFC9B7	#FFC9B7
1	#FFCCBB	#FFCCBB
1	#FFCEBE	#FFCEBE
1	#FFD1C1	#FFD1C1
1	#FFD3C4	#FFD3C4
1	#FFD5C7	#FFD5C7
1	#FFD8CA	#FFD8CA
1	#FFDACD	#FFDACD
1	#FFDCCF	#FFDCCF
1	#FFDED2	#FFDED2
1	#FFE0D5	#FFE0D5
1	#FFE2D7	#FFE2D7
1	#FFE3D9	#FFE3D9
1	#FFE5DC	#FFE5DC
1	#FFE7DE	#FFE7DE
1	#FFE8E0	#FFE8E0
1	#FFEAE2	#FFEAE2
1	#FFEBE4	#FFEBE4
1	#FFEDE6	#FFEDE6
1	#FFEEE8	#FFEEE8
1	#FFEFEA	#FFEFEA
1	#FFF1EB	#FFF1EB
1	#FFF2ED	#FFF2ED
1	#FFF3EE	#FFF3EE
1	#FFF4F0	#FFF4F0
1	#FFF5F1	#FFF5F1
1	#FFF6F2	#FFF6F2
1	#FFF7F3	#FFF7F3
1	#FFF7F4	#FFF7F4
1	#FFF8F5	#FFF8F5
1	#FFF9F6	#FFF9F6
1	#FFF9F7	#FFF9F7
1	#FFFAF8	#FFFAF8
1	#FFFAF8	#FFFAF8
1	#FFFBF9	#FFFBF9
1	#FFFBF9	#FFFBF9
1	#FFFBFA	#FFFBFA
1	#FFFBFA	#FFFBFA
1	#FFFBFA	#FFFBFA
1	#FFFBFA	#FFFBFA
1	#FFFBFA	#FFFBFA
1	#FFFBFA	#FFFBFA
1	#FFFBFA	#FFFBFA
1	#FFFBFA	#FFFBFA
1	#FFFBF9	#FFFBF9
1	#FFFAF9	#FFFAF9
1	#FFFAF8	#FFFAF8
1	#FFFAF8	#FFFAF8
1	#FFF9F7	#FFF9F7
1	#FFF8F6	#FFF8F6
1	#FFF8F5	#FFF8F5
1	#FFF7F4	#FFF7F4
1	#FFF6F3	#FFF6F3
1	#FFF5F2	#FFF5F2
1	#FFF5F1	#FFF5F1
1	#FFF4EF	#FFF4EF
1	#FFF3EE	#FFF3EE
1	#FFF1EC	#FFF1EC
1	#FFF0EB	#FFF0EB
1	#FFEFE9	#FFEFE9
1	#FFEEE7	#FFEEE7
1	#FFECE6	#FFECE6
1	#FFEBE4	#FFEBE4
1	#FFEAE2	#FFEAE2
1	#FFE8E0	#FFE8E0
1	#FFE6DD	#FFE6DD
1	#FFE5DB	#FFE5DB
1	#FFE3D9	#FFE3D9
1	#FFE1D6	#FFE1D6
1	#FFDFD4	#FFDFD4
1	#FFDDD1	#FFDDD1
1	#FFDBCF	#FFDBCF
1	#FFD9CC	#FFD9CC
1	#FFD7C9	#FFD7C9
1	#FFD5C6	#FFD5C6
1	#FFD3C3	#FFD3C3
1	#FFD0C0	#FFD0C0
1	#FFCEBD	#FFCEBD
1	#FFCBBA	#FFCBBA
1	#FFC6B2	#FFC6B2
1	#FFC8B6	#FFC8B6
1	#FFCBB9	#FFCBB9
1	#FFCDBC	#FFCDBC
1	#FFD0BF	#FFD0BF
1	#FFD2C3	#FFD2C3
1	#FFD4C6	#FFD4C6
1	#FFD7C9	#FFD7C9
1	#FFD9CB	#FFD9CB
1	#FFDBCE	#FFDBCE
1	#FFDDD1	#FFDDD1
1	#FFDFD4	#FFDFD4
1	#FFE1D6	#FFE1D6
1	#FFE3D9	#FFE3D9
1	#FFE5DB	#FFE5DB
1	#FFE6DD	#FFE6DD
1	#FFE8E0	#FFE8E0
1	#FFEAE2	#FFEAE2
1	#FFEBE4	#FFEBE4
1	#FFEDE6	#FFEDE6
1	#FFEEE8	#FFEEE8
1	#FFEFEA	#FFEFEA
1	#FFF1EB	#FFF1EB
1	#FFF2ED	#FFF2ED
1	#FFF3EE	#FFF3EE
1	#FFF4F0	#FFF4F0
1	#FFF5F1	#FFF5F1
1	#FFF6F3	#FFF6F3
1	#FFF7F4	#FFF7F4
1	#FFF8F5	#FFF8F5
1	#FFF8F6	#FFF8F6
1	#FFF9F7	#FFF9F7
1	#FFFAF8	#FFFAF8
1	#FFFAF9	#FFFAF9
1	#FFFBF9	#FFFBF9
1	#FFFBFA	#FFFBFA
1	#FFFCFA	#FFFCFA
1	#FFFCFB	#FFFCFB
1	#FFFCFB	#FFFCFB
1	#FFFCFB	#FFFCFB
1	#FFFCFB	#FFFCFB
1	#FFFCFC	#FFFCFC
1	#FFFCFC	#FFFCFC
1	#FFFCFB	#FFFCFB
1	#FFFCFB	#FFFCFB
1	#FFFCFB	#FFFCFB
1	#FFFCFB	#FFFCFB
1	#FFFBFA	#FFFBFA
1	#FFFBFA	#FFFBFA
1	#FFFBF9	#FFFBF9
1	#FFFAF8	#FFFAF8
1	#FFF9F7	#FFF9F7
1	#FFF9F6	#FFF9F6
1	#FFF8F5	#FFF8F5
1	#FFF7F4	#FFF7F4
1	#FFF6F3	#FFF6F3
1	#FFF5F2	#FFF5F2
1	#FFF5F1	#FFF5F1
1	#FFF3EF	#FFF3EF
1	#FFF2EE	#FFF2EE
1	#FFF1EC	#FFF1EC
1	#FFF0EA	#FFF0EA
1	#FFEFE9	#FFEFE9
1	#FFEDE7	#FFEDE7
1	#FFECE5	#FFECE5
1	#FFEAE3	#FFEAE3
1	#FFE9E1	#FFE9E1
1	#FFE7DE	#FFE7DE
1	#FFE5DC	#FFE5DC
1	#FFE4DA	#FFE4DA
1	#FFE2D7	#FFE2D7
1	#FFE0D5	#FFE0D5
1	#FFDED2	#FFDED2
1	#FFDCD0	#FFDCD0
1	#FFDACD	#FFDACD
1	#FFD8CA	#FFD8CA
1	#FFD6C7	#FFD6C7
1	#FFD3C4	#FFD3C4
1	#FFD1C1	#FFD1C1
1	#FFCFBE	#FFCFBE
1	#FFCCBB	#FFCCBB
1	#FFC7B4	#FFC7B4
1	#FFC9B7	#FFC9B7
1	#FFCCBA	#FFCCBA
1	#FFCEBE	#FFCEBE
1	#FFD1C1	#FFD1C1
1	#FFD3C4	#FFD3C4
1	#FFD6C7	#FFD6C7
1	#FFD8CA	#FFD8CA
1	#FFDACD	#FFDACD
1	#FFDCD0	#FFDCD0
1	#FFDED2	#FFDED2
1	#FFE0D5	#FFE0D5
1	#FFE2D8	#FFE2D8
1	#FFE4DA	#FFE4DA
1	#FFE6DC	#FFE6DC
1	#FFE7DF	#FFE7DF
1	#FFE9E1	#FFE9E1
1	#FFEBE3	#FFEBE3
1	#FFECE5	#FFECE5
1	#FFEEE7	#FFEEE7
1	#FFEFE9	#FFEFE9
1	#FFF0EB	#FFF0EB
1	#FFF2ED	#FFF2ED
1	#FFF3EE	#FFF3EE
1	#FFF4F0	#FFF4F0
1	#FFF5F1	#FFF5F1
1	#FFF6F3	#FFF6F3
1	#FFF7F4	#FFF7F4
1	#FFF8F5	#FFF8F5
1	#FFF9F6	#FFF9F6
1	#FFF9F7	#FFF9F7
1	#FFFAF8	#FFFAF8
1	#FFFBF9	#FFFBF9
1	#FFFBFA	#FFFBFA
1	#FFFCFA	#FFFCFA
1	#FFFCFB	#FFFCFB
1	#FFFCFC	#FFFCFC
1	#FFFDFC	#FFFDFC
1	#FFFDFC	#FFFDFC
1	#FFFDFC	#FFFDFC
1	#FFFDFD	#FFFDFD
1	#FFFDFD	#FFFDFD
1	#FFFDFD	#FFFDFD
1	#FFFDFD	#FFFDFD
1	#FFFDFC	#FFFDFC
1	#FFFDFC	#FFFDFC
1	#FFFDFC	#FFFDFC
1	#FFFCFB	#FFFCFB
1	#FFFCFB	#FFFCFB
1	#FFFBFA	#FFFBFA
1	#FFFBF9	#FFFBF9
1	#FFFAF8	#FFFAF8
1	#FFFAF7	#FFFAF7
1	#FFF9F6	#FFF9F6
1	#FFF8F5	#FFF8F5
1	#FFF7F4	#FFF7F4
1	#FFF6F3	#FFF6F3
1	#FFF5F2	#FFF5F2
1	#FFF4F0	#FFF4F0
1	#FFF3EF	#FFF3EF
1	#FFF2ED	#FFF2ED
1	#FFF1EB	#FFF1EB
1	#FFEFEA	#FFEFEA
1	#FFEEE8	#FFEEE8
1	#FFEDE6	#FFEDE6
1	#FFEBE4	#FFEBE4
1	#FFE9E2	#FFE9E2
1	#FFE8DF	#FFE8DF
1	#FFE6DD	#FFE6DD
1	#FFE4DB	#FFE4DB
1	#FFE3D8	#FFE3D8
1	#FFE1D6	#FFE1D6
1	#FFDFD3	#FFDFD3
1	#FFDDD0	#FFDDD0
1	#FFDBCE	#FFDBCE
1	#FFD8CB	#FFD8CB
1	#FFD6C8	#FFD6C8
1	#FFD4C5	#FFD4C5
1	#FFD2C2	#FFD2C2
1	#FFCFBF	#FFCFBF
1	#FFCDBB	#FFCDBB
1	#FFC8B5	#FFC8B5
1	#FFCAB8	#FFCAB8
1	#FFCDBC	#FFCDBC
1	#FFCFBF	#FFCFBF
1	#FFD2C2	#FFD2C2
1	#FFD4C5	#FFD4C5
1	#FFD6C8	#FFD6C8
1	#FFD9CB	#FFD9CB
1	#FFDBCE	#FFDBCE
1	#FFDDD1	#FFDDD1
1	#FFDFD4	#FFDFD4
1	#FFE1D6	#FFE1D6
1	#FFE3D9	#FFE3D9
1	#FFE5DB	#FFE5DB
1	#FFE7DE	#FFE7DE
1	#FFE8E0	#FFE8E0
1	#FFEAE2	#FFEAE2
1	#FFEBE4	#FFEBE4
1	#FFEDE6	#FFEDE6
1	#FFEEE8	#FFEEE8
1	#FFF0EA	#FFF0EA
1	#FFF1EC	#FFF1EC
1	#FFF2EE	#FFF2EE
1	#FFF4EF	#FFF4EF
1	#FFF5F1	#FFF5F1
1	#FFF6F2	#FFF6F2
1	#FFF7F4	#FFF7F4
1	#FFF8F5	#FFF8F5
1	#FFF9F6	#FFF9F6
1	#FFF9F7	#FFF9F7
1	#FFFAF8	#FFFAF8
1	#FFFBF9	#FFFBF9
1	#FFFBFA	#FFFBFA
1	#FFFCFB	#FFFCFB
1	#FFFCFB	#FFFCFB
1	#FFFDFC	#FFFDFC
1	#FFFDFC	#FFFDFC
1	#FFFDFD	#FFFDFD
1	#FFFEFD	#FFFEFD
1	#FFFEFD	#FFFEFD
1	#FFFEFE	#FFFEFE
1	#FFFEFE	#FFFEFE
1	#FFFEFE	#FFFEFE
1	#FFFEFD	#FFFEFD
1	#FFFEFD	#FFFEFD
1	#FFFDFD	#FFFDFD
1	#FFFDFD	#FFFDFD
1	#FFFDFC	#FFFDFC
1	#FFFCFB	#FFFCFB
1	#FFFCFB	#FFFCFB
1	#FFFBFA	#FFFBFA
1	#FFFBF9	#FFFBF9
1	#FFFAF8	#FFFAF8
1	#FFF9F7	#FFF9F7
1	#FFF9F6	#FFF9F6
1	#FFF8F5	#FFF8F5
1	#FFF7F4	#FFF7F4
1	#FFF6F2	#FFF6F2
1	#FFF5F1	#FFF5F1
1	#FFF4EF	#FFF4EF
1	#FFF2EE	#FFF2EE
1	#FFF1EC	#FFF1EC
1	#FFF0EA	#FFF0EA
1	#FFEEE8	#FFEEE8
1	#FFEDE6	#FFEDE6
1	#FFECE4	#FFECE4
1	#FFEAE2	#FFEAE2
1	#FFE8E0	#FFE8E0
1	#FFE7DE	#FFE7DE
1	#FFE5DB	#FFE5DB
1	#FFE3D9	#FFE3D9
1	#FFE1D6	#FFE1D6
1	#FFDFD4	#FFDFD4
1	#FFDDD1	#FFDDD1
1	#FFDBCE	#FFDBCE
1	#FFD9CB	#FFD9CB
1	#FFD7C8	#FFD7C8
1	#FFD4C5	#FFD4C5
1	#FFD2C2	#FFD2C2
1	#FFD0BF	#FFD0BF
1	#FFCDBC	#FFCDBC
1	#FFC8B6	#FFC8B6
1	#FFCBB9	#FFCBB9
1	#FFCEBD	#FFCEBD
1	#FFD0C0	#FFD0C0
1	#FFD3C3	#FFD3C3
1	#FFD5C6	#FFD5C6
1	#FFD7C9	#FFD7C9
1	#FFD9CC	#FFD9CC
1	#FFDCCF	#FFDCCF
1	#FFDED2	#FFDED2
1	#FFE0D5	#FFE0D5
1	#FFE2D7	#FFE2D7
1	#FFE4DA	#FFE4DA
1	#FFE5DC	#FFE5DC
1	#FFE7DF	#FFE7DF
1	#FFE9E1	#FFE9E1
1	#FFEBE3	#FFEBE3
1	#FFECE5	#FFECE5
1	#FFEEE7	#FFEEE7
1	#FFEFE9	#FFEFE9
1	#FFF0EB	#FFF0EB
1	#FFF2ED	#FFF2ED
1	#FFF3EF	#FFF3EF
1	#FFF4F0	#FFF4F0
1	#FFF5F2	#FFF5F2
1	#FFF6F3	#FFF6F3
1	#FFF7F4	#FFF7F4
1	#FFF8F6	#FFF8F6
1	#FFF9F7	#FFF9F7
1	#FFFAF8	#FFFAF8
1	#FFFBF9	#FFFBF9
1	#FFFBFA	#FFFBFA
1	#FFFCFB	#FFFCFB
1	#FFFCFC	#FFFCFC
1	#FFFDFC	#FFFDFC
1	#FFFDFD	#FFFDFD
1	#FFFEFD	#FFFEFD
1	#FFFEFE	#FFFEFE
1	#FFFEFE	#FFFEFE
1	#FFFEFE	#FFFEFE
1	#FFFEFE	#FFFEFE
1	#FFFEFE	#FFFEFE
1	#FFFEFE	#FFFEFE
1	#FFFEFE	#FFFEFE
1	#FFFEFE	#FFFEFE
1	#FFFEFE	#FFFEFE
1	#FFFEFD	#FFFEFD
1	#FFFDFD	#FFFDFD
1	#FFFDFC	#FFFDFC
1	#FFFCFB	#FFFCFB
1	#FFFCFB	#FFFCFB
1	#FFFBFA	#FFFBFA
1	#FFFBF9	#FFFBF9
1	#FFFAF8	#FFFAF8
1	#FFF9F7	#FFF9F7
1	#FFF8F6	#FFF8F6
1	#FFF7F4	#FFF7F4
1	#FFF6F3	#FFF6F3
1	#FFF5F1	#FFF5F1
1	#FFF4F0	#FFF4F0
1	#FFF3EE	#FFF3EE
1	#FFF2ED	#FFF2ED
1	#FFF0EB	#FFF0EB
1	#FFEFE9	#FFEFE9
1	#FFEDE7	#FFEDE7
1	#FFECE5	#FFECE5
1	#FFEAE3	#FFEAE3
1	#FFE9E0	#FFE9E0
1	#FFE7DE	#FFE7DE
1	#FFE5DC	#FFE5DC
1	#FFE3D9	#FFE3D9
1	#FFE1D7	#FFE1D7
1	#FFDFD4	#FFDFD4
1	#FFDDD1	#FFDDD1
1	#FFDBCF	#FFDBCF
1	#FFD9CC	#FFD9CC
1	#FFD7C9	#FFD7C9
1	#FFD5C6	#FFD5C6
1	#FFD2C3	#FFD2C3
1	#FFD0BF	#FFD0BF
1	#FFCDBC	#FFCDBC
1	#FFC9B7	#FFC9B7
1	#FFCCBA	#FFCCBA
1	#FFCEBD	#FFCEBD
1	#FFD1C1	#FFD1C1
1	#FFD3C4	#FFD3C4
1	#FFD6C7	#FFD6C7
1	#FFD8CA	#FFD8CA
1	#FFDACD	#FFDACD
1	#FFDCD0	#FFDCD0
1	#FFDED3	#FFDED3
1	#FFE0D5	#FFE0D5
1	#FFE2D8	#FFE2D8
1	#FFE4DA	#FFE4DA
1	#FFE6DD	#FFE6DD
1	#FFE8DF	#FFE8DF
1	#FFE9E2	#FFE9E2
1	#FFEBE4	#FFEBE4
1	#FFEDE6	#FFEDE6
1	#FFEEE8	#FFEEE8
1	#FFF0EA	#FFF0EA
1	#FFF1EC	#FFF1EC
1	#FFF2ED	#FFF2ED
1	#FFF3EF	#FFF3EF
1	#FFF5F1	#FFF5F1
1	#FFF6F2	#FFF6F2
1	#FFF7F4	#FFF7F4
1	#FFF8F5	#FFF8F5
1	#FFF9F6	#FFF9F6
1	#FFFAF8	#FFFAF8
1	#FFFAF9	#FFFAF9
1	#FFFBFA	#FFFBFA
1	#FFFCFB	#FFFCFB
1	#FFFCFB	#FFFCFB
1	#FFFDFC	#FFFDFC
1	#FFFDFD	#FFFDFD
1	#FFFEFD	#FFFEFD
1	#FFFEFE	#FFFEFE
1	#FFFEFE	#FFFEFE
1	#FFFFFE	#FFFFFE
1	#FFFFFF	#FFFFFF
1	#FFFFFF	#FFFFFF
1	#FFFFFF	#FFFFFF
1	#FFFFFF	#FFFFFF
1	#FFFFFF	#FFFFFF
1	#FFFFFE	#FFFFFE
1	#FFFEFE	#FFFEFE
1	#FFFEFE	#FFFEFE
1	#FFFEFD	#FFFEFD
1	#FFFDFC	#FFFDFC
1	#FFFDFC	#FFFDFC
1	#FFFCFB	#FFFCFB
1	#FFFCFA	#FFFCFA
1	#FFFBF9	#FFFBF9
1	#FFFAF8	#FFFAF8
1	#FFF9F7	#FFF9F7
1	#FFF8F6	#FFF8F6
1	#FFF7F5	#FFF7F5
1	#FFF6F3	#FFF6F3
1	#FFF5F2	#FFF5F2
1	#FFF4F0	#FFF4F0
1	#FFF3EF	#FFF3EF
1	#FFF2ED	#FFF2ED
1	#FFF0EB	#FFF0EB
1	#FFEFE9	#FFEFE9
1	#FFEEE7	#FFEEE7
1	#FFECE5	#FFECE5
1	#FFEAE3	#FFEAE3
1	#FFE9E1	#FFE9E1
1	#FFE7DE	#FFE7DE
1	#FFE5DC	#FFE5DC
1	#FFE3DA	#FFE3DA
1	#FFE2D7	#FFE2D7
1	#FFE0D4	#FFE0D4
1	#FFDED2	#FFDED2
1	#FFDBCF	#FFDBCF
1	#FFD9CC	#FFD9CC
1	#FFD7C9	#FFD7C9
1	#FFD5C6	#FFD5C6
1	#FFD2C3	#FFD2C3
1	#FFD0C0	#FFD0C0
1	#FFCDBC	#FFCDBC
1	#FFCAB7	#FFCAB7
1	#FFCCBB	#FFCCBB
1	#FFCFBE	#FFCFBE
1	#FFD1C1	#FFD1C1
1	#FFD4C4	#FFD4C4
1	#FFD6C8	#FFD6C8
1	#FFD8CB	#FFD8CB
1	#FFDACD	#FFDACD
1	#FFDDD0	#FFDDD0
1	#FFDFD3	#FFDFD3
1	#FFE1D6	#FFE1D6
1	#FFE3D8	#FFE3D8
1	#FFE5DB	#FFE5DB
1	#FFE6DD	#FFE6DD
1	#FFE8E0	#FFE8E0
1	#FFEAE2	#FFEAE2
1	#FFEBE4	#FFEBE4
1	#FFEDE6	#FFEDE6
1	#FFEEE8	#FFEEE8
1	#FFF0EA	#FFF0EA
1	#FFF1EC	#FFF1EC
1	#FFF3EE	#FFF3EE
1	#FFF4F0	#FFF4F0
1	#FFF5F1	#FFF5F1
1	#FFF6F3	#FFF6F3
1	#FFF7F4	#FFF7F4
1	#FFF8F5	#FFF8F5
1	#FFF9F7	#FFF9F7
1	#FFFAF8	#FFFAF8
1	#FFFBF9	#FFFBF9
1	#FFFBFA	#FFFBFA
1	#FFFCFB	#FFFCFB
1	#FFFDFC	#FFFDFC
1	#FFFDFC	#FFFDFC
1	#FFFEFD	#FFFEFD
1	#FFFEFE	#FFFEFE
1	#FFFEFE	#FFFEFE
1	#FFFFFE	#FFFFFE
1	#FFFFFF	#FFFFFF
1	#FFFFFF	#FFFFFF
1	#FFFFFF	#FFFFFF
1	#FFFFFF	#FFFFFF
1	#FFFFFF	#FFFFFF
1	#FFFFFF	#FFFFFF
1	#FFFFFF	#FFFFFF
1	#FFFEFE	#FFFEFE
1	#FFFEFE	#FFFEFE
1	#FFFEFD	#FFFEFD
1	#FFFDFD	#FFFDFD
1	#FFFDFC	#FFFDFC
1	#FFFCFB	#FFFCFB
1	#FFFCFA	#FFFCFA
1	#FFFBF9	#FFFBF9
1	#FFFAF8	#FFFAF8
1	#FFF9F7	#FFF9F7
1	#FFF8F6	#FFF8F6
1	#FFF8F5	#FFF8F5
1	#FFF6F3	#FFF6F3
1	#FFF5F2	#FFF5F2
1	#FFF4F0	#FFF4F0
1	#FFF3EF	#FFF3EF
1	#FFF2ED	#FFF2ED
1	#FFF0EB	#FFF0EB
1	#FFEFE9	#FFEFE9
1	#FFEEE7	#FFEEE7
1	#FFECE5	#FFECE5
1	#FFEAE3	#FFEAE3
1	#FFE9E1	#FFE9E1
1	#FFE7DE	#FFE7DE
1	#FFE5DC	#FFE5DC
1	#FFE3D9	#FFE3D9
1	#FFE2D7	#FFE2D7
1	#FFE0D4	#FFE0D4
1	#FFDDD2	#FFDDD2
1	#FFDBCF	#FFDBCF
1	#FFD9CC	#FFD9CC
1	#FFD7C9	#FFD7C9
1	#FFD5C6	#FFD5C6
1	#FFD2C3	#FFD2C3
1	#FFD0BF	#FFD0BF
1	#FFCDBC	#FFCDBC
1	#FFCAB8	#FFCAB8
1	#FFCCBB	#FFCCBB
1	#FFCFBE	#FFCFBE
1	#FFD1C2	#FFD1C2
1	#FFD4C5	#FFD4C5
1	#FFD6C8	#FFD6C8
1	#FFD8CB	#FFD8CB
1	#FFDBCE	#FFDBCE
1	#FFDDD1	#FFDDD1
1	#FFDFD3	#FFDFD3
1	#FFE1D6	#FFE1D6
1	#FFE3D9	#FFE3D9
1	#FFE5DB	#FFE5DB
1	#FFE7DE	#FFE7DE
1	#FFE8E0	#FFE8E0
1	#FFEAE2	#FFEAE2
1	#FFECE4	#FFECE4
1	#FFEDE7	#FFEDE7
1	#FFEFE9	#FFEFE9
1	#FFF0EA	#FFF0EA
1	#FFF1EC	#FFF1EC
1	#FFF3EE	#FFF3EE
1	#FFF4F0	#FFF4F0
1	#FFF5F1	#FFF5F1
1	#FFF6F3	#FFF6F3
1	#FFF7F4	#FFF7F4
1	#FFF8F6	#FFF8F6
1	#FFF9F7	#FFF9F7
1	#FFFAF8	#FFFAF8
1	#FFFBF9	#FFFBF9
1	#FFFBFA	#FFFBFA
1	#FFFCFB	#FFFCFB
1	#FFFDFC	#FFFDFC
1	#FFFDFC	#FFFDFC
1	#FFFEFD	#FFFEFD
1	#FFFEFE	#FFFEFE
1	#FFFEFE	#FFFEFE
1	#FFFFFE	#FFFFFE
1	#FFFFFF	#FFFFFF
1	#FFFFFF	#FFFFFF
1	#FFFFFF	#FFFFFF
1	#FFFFFF	#FFFFFF
1	#FFFFFF	#FFFFFF
1	#FFFFFF	#FFFFFF
1	#FFFFFE	#FFFFFE
1	#FFFEFE	#FFFEFE
1	#FFFEFE	#FFFEFE
1	#FFFEFD	#FFFEFD
1	#FFFDFD	#FFFDFD
1	#FFFDFC	#FFFDFC
1	#FFFCFB	#FFFCFB
1	#FFFCFA	#FFFCFA
1	#FFFBF9	#FFFBF9
1	#FFFAF8	#FFFAF8
1	#FFF9F7	#FFF9F7
1	#FFF8F6	#FFF8F6
1	#FFF7F5	#FFF7F5
1	#FFF6F3	#FFF6F3
1	#FFF5F2	#FFF5F2
1	#FFF4F0	#FFF4F0
1	#FFF3EE	#FFF3EE
1	#FFF2ED	#FFF2ED
1	#FFF0EB	#FFF0EB
1	#FFEFE9	#FFEFE9
1	#FFEDE7	#FFEDE7
1	#FFECE5	#FFECE5
1	#FFEAE3	#FFEAE3
1	#FFE9E0	#FFE9E0
1	#FFE7DE	#FFE7DE
1	#FFE5DC	#FFE5DC
1	#FFE3D9	#FFE3D9
1	#FFE1D7	#FFE1D7
1	#FFDFD4	#FFDFD4
1	#FFDDD1	#FFDDD1
1	#FFDBCE	#FFDBCE
1	#FFD9CB	#FFD9CB
1	#FFD7C9	#FFD7C9
1	#FFD4C5	#FFD4C5
1	#FFD2C2	#FFD2C2
1	#FFCFBF	#FFCFBF
1	#FFCDBC	#FFCDBC
1	#FFCAB8	#FFCAB8
1	#FFCDBB	#FFCDBB
1	#FFCFBF	#FFCFBF
1	#FFD2C2	#FFD2C2
1	#FFD4C5	#FFD4C5
1	#FFD6C8	#FFD6C8
1	#FFD9CB	#FFD9CB
1	#FFDBCE	#FFDBCE
1	#FFDDD1	#FFDDD1
1	#FFDFD3	#FFDFD3
1	#FFE1D6	#FFE1D6
1	#FFE3D9	#FFE3D9
1	#FFE5DB	#FFE5DB
1	#FFE7DE	#FFE7DE
1	#FFE8E0	#FFE8E0
1	#FFEAE2	#FFEAE2
1	#FFECE4	#FFECE4
1	#FFEDE7	#FFEDE7
1	#FFEFE9	#FFEFE9
1	#FFF0EA	#FFF0EA
1	#FFF1EC	#FFF1EC
1	#FFF3EE	#FFF3EE
1	#FFF4F0	#FFF4F0
1	#FFF5F1	#FFF5F1
1	#FFF6F3	#FFF6F3
1	#FFF7F4	#FFF7F4
1	#FFF8F6	#FFF8F6
1	#FFF9F7	#FFF9F7
1	#FFFAF8	#FFFAF8
1	#FFFBF9	#FFFBF9
1	#FFFBFA	#FFFBFA
1	#FFFCFB	#FFFCFB
1	#FFFDFC	#FFFDFC
1	#FFFDFC	#FFFDFC
1	#FFFDFD	#FFFDFD
1	#FFFEFD	#FFFEFD
1	#FFFEFE	#FFFEFE
1	#FFFEFE	#FFFEFE
1	#FFFFFF	#FFFFFF
1	#FFFFFF	#FFFFFF
1	#FFFFFF	#FFFFFF
1	#FFFFFF	#FFFFFF
1	#FFFFFF	#FFFFFF
1	#FFFFFF	#FFFFFF
1	#FFFEFE	#FFFEFE
1	#FFFEFE	#FFFEFE
1	#FFFEFD	#FFFEFD
1	#FFFDFD	#FFFDFD
1	#FFFDFC	#FFFDFC
1	#FFFDFC	#FFFDFC
1	#FFFCFB	#FFFCFB
1	#FFFBFA	#FFFBFA
1	#FFFBF9	#FFFBF9
1	#FFFAF8	#FFFAF8
1	#FFF9F7	#FFF9F7
1	#FFF8F5	#FFF8F5
1	#FFF7F4	#FFF7F4
1	#FFF6F3	#FFF6F3
1	#FFF5F1	#FFF5F1
1	#FFF4F0	#FFF4F0
1	#FFF3EE	#FFF3EE
1	#FFF1EC	#FFF1EC
1	#FFF0EA	#FFF0EA
1	#FFEFE9	#FFEFE9
1	#FFEDE7	#FFEDE7
1	#FFECE4	#FFECE4
1	#FFEAE2	#FFEAE2
1	#FFE8E0	#FFE8E0
1	#FFE7DE	#FFE7DE
1	#FFE5DB	#FFE5DB
1	#FFE3D9	#FFE3D9
1	#FFE1D6	#FFE1D6
1	#FFDFD3	#FFDFD3
1	#FFDDD1	#FFDDD1
1	#FFDBCE	#FFDBCE
1	#FFD9CB	#FFD9CB
1	#FFD6C8	#FFD6C8
1	#FFD4C5	#FFD4C5
1	#FFD2C2	#FFD2C2
1	#FFCFBF	#FFCFBF
1	#FFCDBB	#FFCDBB
1	#FFCAB8	#FFCAB8
1	#FFCCBB	#FFCCBB
1	#FFCFBE	#FFCFBE
1	#FFD1C2	#FFD1C2
1	#FFD4C5	#FFD4C5
1	#FFD6C8	#FFD6C8
1	#FFD8CB	#FFD8CB
1	#FFDBCE	#FFDBCE
1	#FFDDD1	#FFDDD1
1	#FFDFD3	#FFDFD3
1	#FFE1D6	#FFE1D6
1	#FFE3D9	#FFE3D9
1	#FFE5DB	#FFE5DB
1	#FFE6DD	#FFE6DD
1	#FFE8E0	#FFE8E0
1	#FFEAE2	#FFEAE2
1	#FFEBE4	#FFEBE4
1	#FFEDE6	#FFEDE6
1	#FFEEE8	#FFEEE8
1	#FFF0EA	#FFF0EA
1	#FFF1EC	#FFF1EC
1	#FFF2EE	#FFF2EE
1	#FFF4EF	#FFF4EF
1	#FFF5F1	#FFF5F1
1	#FFF6F2	#FFF6F2
1	#FFF7F4	#FFF7F4
1	#FFF8F5	#FFF8F5
1	#FFF9F6	#FFF9F6
1	#FFFAF8	#FFFAF8
1	#FFFAF9	#FFFAF9
1	#FFFBFA	#FFFBFA
1	#FFFCFA	#FFFCFA
1	#FFFCFB	#FFFCFB
1	#FFFDFC	#FFFDFC
1	#FFFDFD	#FFFDFD
1	#FFFEFD	#FFFEFD
1	#FFFEFD	#FFFEFD
1	#FFFEFE	#FFFEFE
1	#FFFEFE	#FFFEFE
1	#FFFEFE	#FFFEFE
1	#FFFFFE	#FFFFFE
1	#FFFFFE	#FFFFFE
1	#FFFEFE	#FFFEFE
1	#FFFEFE	#FFFEFE
1	#FFFEFE	#FFFEFE
1	#FFFEFD	#FFFEFD
1	#FFFEFD	#FFFEFD
1	#FFFDFC	#FFFDFC
1	#FFFDFC	#FFFDFC
1	#FFFCFB	#FFFCFB
1	#FFFCFA	#FFFCFA
1	#FFFBF9	#FFFBF9
1	#FFFAF8	#FFFAF8
1	#FFF9F7	#FFF9F7
1	#FFF9F6	#FFF9F6
1	#FFF8F5	#FFF8F5
1	#FFF7F4	#FFF7F4
1	#FFF6F2	#FFF6F2
1	#FFF5F1	#FFF5F1
1	#FFF3EF	#FFF3EF
1	#FFF2ED	#FFF2ED
1	#FFF1EC	#FFF1EC
1	#FFF0EA	#FFF0EA
1	#FFEEE8	#FFEEE8
1	#FFEDE6	#FFEDE6
1	#FFEBE4	#FFEBE4
1	#FFE9E2	#FFE9E2
1	#FFE8DF	#FFE8DF
1	#FFE6DD	#FFE6DD
1	#FFE4DB	#FFE4DB
1	#FFE2D8	#FFE2D8
1	#FFE0D5	#FFE0D5
1	#FFDED3	#FFDED3
1	#FFDCD0	#FFDCD0
1	#FFDACD	#FFDACD
1	#FFD8CA	#FFD8CA
1	#FFD6C7	#FFD6C7
1	#FFD3C4	#FFD3C4
1	#FFD1C1	#FFD1C1
1	#FFCEBE	#FFCEBE
1	#FFCCBA	#FFCCBA
1	#FFCAB7	#FFCAB7
1	#FFCCBB	#FFCCBB
1	#FFCFBE	#FFCFBE
1	#FFD1C1	#FFD1C1
1	#FFD4C4	#FFD4C4
1	#FFD6C8	#FFD6C8
1	#FFD8CA	#FFD8CA
1	#FFDACD	#FFDACD
1	#FFDCD0	#FFDCD0
1	#FFDFD3	#FFDFD3
1	#FFE1D6	#FFE1D6
1	#FFE2D8	#FFE2D8
1	#FFE4DB	#FFE4DB
1	#FFE6DD	#FFE6DD
1	#FFE8DF	#FFE8DF
1	#FFE9E2	#FFE9E2
1	#FFEBE4	#FFEBE4
1	#FFEDE6	#FFEDE6
1	#FFEEE8	#FFEEE8
1	#FFEFEA	#FFEFEA
1	#FFF1EC	#FFF1EC
1	#FFF2ED	#FFF2ED
1	#FFF3EF	#FFF3EF
1	#FFF4F0	#FFF4F0
1	#FFF6F2	#FFF6F2
1	#FFF7F3	#FFF7F3
1	#FFF7F5	#FFF7F5
1	#FFF8F6	#FFF8F6
1	#FFF9F7	#FFF9F7
1	#FFFAF8	#FFFAF8
1	#FFFBF9	#FFFBF9
1	#FFFBFA	#FFFBFA
1	#FFFCFB	#FFFCFB
1	#FFFCFB	#FFFCFB
1	#FFFDFC	#FFFDFC
1	#FFFDFC	#FFFDFC
1	#FFFDFD	#FFFDFD
1	#FFFEFD	#FFFEFD
1	#FFFEFD	#FFFEFD
1	#FFFEFE	#FFFEFE
1	#FFFEFE	#FFFEFE
1	#FFFEFE	#FFFEFE
1	#FFFEFE	#FFFEFE
1	#FFFEFD	#FFFEFD
1	#FFFEFD	#FFFEFD
1	#FFFDFD	#FFFDFD
1	#FFFDFC	#FFFDFC
1	#FFFDFC	#FFFDFC
1	#FFFCFB	#FFFCFB
1	#FFFCFA	#FFFCFA
1	#FFFBF9	#FFFBF9
1	#FFFAF9	#FFFAF9
1	#FFFAF8	#FFFAF8
1	#FFF9F7	#FFF9F7
1	#FFF8F5	#FFF8F5
1	#FFF7F4	#FFF7F4
1	#FFF6F3	#FFF6F3
1	#FFF5F1	#FFF5F1
1	#FFF4F0	#FFF4F0
1	#FFF3EE	#FFF3EE
1	#FFF2ED	#FFF2ED
1	#FFF0EB	#FFF0EB
1	#FFEFE9	#FFEFE9
1	#FFEDE7	#FFEDE7
1	#FFECE5	#FFECE5
1	#FFEAE3	#FFEAE3
1	#FFE9E1	#FFE9E1
1	#FFE7DE	#FFE7DE
1	#FFE5DC	#FFE5DC
1	#FFE4DA	#FFE4DA
1	#FFE2D7	#FFE2D7
1	#FFE0D4	#FFE0D4
1	#FFDED2	#FFDED2
1	#FFDCCF	#FFDCCF
1	#FFD9CC	#FFD9CC
1	#FFD7C9	#FFD7C9
1	#FFD5C6	#FFD5C6
1	#FFD3C3	#FFD3C3
1	#FFD0C0	#FFD0C0
1	#FFCEBD	#FFCEBD
1	#FFCBB9	#FFCBB9
1	#FFC9B7	#FFC9B7
1	#FFCCBA	#FFCCBA
1	#FFCEBE	#FFCEBE
1	#FFD1C1	#FFD1C1
1	#FFD3C4	#FFD3C4
1	#FFD5C7	#FFD5C7
1	#FFD8CA	#FFD8CA
1	#FFDACD	#FFDACD
1	#FFDCD0	#FFDCD0
1	#FFDED2	#FFDED2
1	#FFE0D5	#FFE0D5
1	#FFE2D8	#FFE2D8
1	#FFE4DA	#FFE4DA
1	#FFE6DC	#FFE6DC
1	#FFE7DF	#FFE7DF
1	#FFE9E1	#FFE9E1
1	#FFEBE3	#FFEBE3
1	#FFECE5	#FFECE5
1	#FFEEE7	#FFEEE7
1	#FFEFE9	#FFEFE9
1	#FFF0EB	#FFF0EB
1	#FFF2ED	#FFF2ED
1	#FFF3EE	#FFF3EE
1	#FFF4F0	#FFF4F0
1	#FFF5F1	#FFF5F1
1	#FFF6F3	#FFF6F3
1	#FFF7F4	#FFF7F4
1	#FFF8F5	#FFF8F5
1	#FFF9F6	#FFF9F6
1	#FFF9F7	#FFF9F7
1	#FFFAF8	#FFFAF8
1	#FFFBF9	#FFFBF9
1	#FFFBFA	#FFFBFA
1	#FFFCFA	#FFFCFA
1	#FFFCFB	#FFFCFB
1	#FFFCFC	#FFFCFC
1	#FFFDFC	#FFFDFC
1	#FFFDFC	#FFFDFC
1	#FFFDFD	#FFFDFD
1	#FFFDFD	#FFFDFD
1	#FFFDFD	#FFFDFD
1	#FFFDFD	#FFFDFD
1	#FFFDFD	#FFFDFD
1	#FFFDFC	#FFFDFC
1	#FFFDFC	#FFFDFC
1	#FFFDFC	#FFFDFC
1	#FFFCFB	#FFFCFB
1	#FFFCFB	#FFFCFB
1	#FFFBFA	#FFFBFA
1	#FFFBF9	#FFFBF9
1	#FFFAF8	#FFFAF8
1	#FFFAF8	#FFFAF8
1	#FFF9F7	#FFF9F7
1	#FFF8F5	#FFF8F5
1	#FFF7F4	#FFF7F4
1	#FFF6F3	#FFF6F3
1	#FFF5F2	#FFF5F2
1	#FFF4F0	#FFF4F0
1	#FFF3EF	#FFF3EF
1	#FFF2ED	#FFF2ED
1	#FFF1EB	#FFF1EB
1	#FFEFEA	#FFEFEA
1	#FFEEE8	#FFEEE8
1	#FFEDE6	#FFEDE6
1	#FFEBE4	#FFEBE4
1	#FFEAE2	#FFEAE2
1	#FFE8E0	#FFE8E0
1	#FFE6DD	#FFE6DD
1	#FFE4DB	#FFE4DB
1	#FFE3D8	#FFE3D8
1	#FFE1D6	#FFE1D6
1	#FFDFD3	#FFDFD3
1	#FFDDD1	#FFDDD1
1	#FFDBCE	#FFDBCE
1	#FFD9CB	#FFD9CB
1	#FFD6C8	#FFD6C8
1	#FFD4C5	#FFD4C5
1	#FFD2C2	#FFD2C2
1	#FFCFBF	#FFCFBF
1	#FFCDBC	#FFCDBC
1	#FFCAB8	#FFCAB8
1	#FFC9B6	#FFC9B6
1	#FFCBBA	#FFCBBA
1	#FFCEBD	#FFCEBD
1	#FFD0C0	#FFD0C0
1	#FFD3C3	#FFD3C3
1	#FFD5C6	#FFD5C6
1	#FFD7C9	#FFD7C9
1	#FFD9CC	#FFD9CC
1	#FFDBCF	#FFDBCF
1	#FFDDD2	#FFDDD2
1	#FFDFD4	#FFDFD4
1	#FFE1D7	#FFE1D7
1	#FFE3D9	#FFE3D9
1	#FFE5DC	#FFE5DC
1	#FFE7DE	#FFE7DE
1	#FFE8E0	#FFE8E0
1	#FFEAE2	#FFEAE2
1	#FFEBE4	#FFEBE4
1	#FFEDE6	#FFEDE6
1	#FFEEE8	#FFEEE8
1	#FFF0EA	#FFF0EA
1	#FFF1EC	#FFF1EC
1	#FFF2ED	#FFF2ED
1	#FFF3EF	#FFF3EF
1	#FFF4F0	#FFF4F0
1	#FFF5F2	#FFF5F2
1	#FFF6F3	#FFF6F3
1	#FFF7F4	#FFF7F4
1	#FFF8F5	#FFF8F5
1	#FFF9F6	#FFF9F6
1	#FFF9F7	#FFF9F7
1	#FFFAF8	#FFFAF8
1	#FFFAF9	#FFFAF9
1	#FFFBF9	#FFFBF9
1	#FFFBFA	#FFFBFA
1	#FFFCFA	#FFFCFA
1	#FFFCFB	#FFFCFB
1	#FFFCFB	#FFFCFB
1	#FFFCFB	#FFFCFB
1	#FFFCFC	#FFFCFC
1	#FFFDFC	#FFFDFC
1	#FFFDFC	#FFFDFC
1	#FFFCFB	#FFFCFB
1	#FFFCFB	#FFFCFB
1	#FFFCFB	#FFFCFB
1	#FFFCFB	#FFFCFB
1	#FFFBFA	#FFFBFA
1	#FFFBF9	#FFFBF9
1	#FFFBF9	#FFFBF9
1	#FFFAF8	#FFFAF8
1	#FFF9F7	#FFF9F7
1	#FFF9F6	#FFF9F6
1	#FFF8F5	#FFF8F5
1	#FFF7F4	#FFF7F4
1	#FFF6F3	#FFF6F3
1	#FFF5F2	#FFF5F2
1	#FFF4F0	#FFF4F0
1	#FFF3EF	#FFF3EF
1	#FFF2ED	#FFF2ED
1	#FFF1EC	#FFF1EC
1	#FFF0EA	#FFF0EA
1	#FFEEE8	#FFEEE8
1	#FFEDE6	#FFEDE6
1	#FFECE5	#FFECE5
1	#FFEAE3	#FFEAE3
1	#FFE9E0	#FFE9E0
1	#FFE7DE	#FFE7DE
1	#FFE5DC	#FFE5DC
1	#FFE3DA	#FFE3DA
1	#FFE2D7	#FFE2D7
1	#FFE0D5	#FFE0D5
1	#FFDED2	#FFDED2
1	#FFDCCF	#FFDCCF
1	#FFDACC	#FFDACC
1	#FFD7CA	#FFD7CA
1	#FFD5C7	#FFD5C7
1	#FFD3C4	#FFD3C4
1	#FFD1C1	#FFD1C1
1	#FFCEBD	#FFCEBD
1	#FFCCBA	#FFCCBA
1	#FFC9B7	#FFC9B7
1	#FFC8B5	#FFC8B5
1	#FFCBB9	#FFCBB9
1	#FFCDBC	#FFCDBC
1	#FFCFBF	#FFCFBF
1	#FFD2C2	#FFD2C2
1	#FFD4C5	#FFD4C5
1	#FFD6C8	#FFD6C8
1	#FFD9CB	#FFD9CB
1	#FFDBCE	#FFDBCE
1	#FFDDD0	#FFDDD0
1	#FFDFD3	#FFDFD3
1	#FFE1D6	#FFE1D6
1	#FFE2D8	#FFE2D8
1	#FFE4DA	#FFE4DA
1	#FFE6DD	#FFE6DD
1	#FFE8DF	#FFE8DF
1	#FFE9E1	#FFE9E1
1	#FFEBE3	#FFEBE3
1	#FFECE5	#FFECE5
1	#FFEDE7	#FFEDE7
1	#FFEFE9	#FFEFE9
1	#FFF0EA	#FFF0EA
1	#FFF1EC	#FFF1EC
1	#FFF2EE	#FFF2EE
1	#FFF3EF	#FFF3EF
1	#FFF4F0	#FFF4F0
1	#FFF5F2	#FFF5F2
1	#FFF6F3	#FFF6F3
1	#FFF7F4	#FFF7F4
1	#FFF8F5	#FFF8F5
1	#FFF8F6	#FFF8F6
1	#FFF9F7	#FFF9F7
1	#FFFAF7	#FFFAF7
1	#FFFAF8	#FFFAF8
1	#FFFAF9	#FFFAF9
1	#FFFBF9	#FFFBF9
1	#FFFBFA	#FFFBFA
1	#FFFBFA	#FFFBFA
1	#FFFBFA	#FFFBFA
1	#FFFCFA	#FFFCFA
1	#FFFCFA	#FFFCFA
1	#FFFCFA	#FFFCFA
1	#FFFBFA	#FFFBFA
1	#FFFBFA	#FFFBFA
1	#FFFBFA	#FFFBFA
1	#FFFBF9	#FFFBF9
1	#FFFAF9	#FFFAF9
1	#FFFAF8	#FFFAF8
1	#FFF9F7	#FFF9F7
1	#FFF9F7	#FFF9F7
1	#FFF8F6	#FFF8F6
1	#FFF8F5	#FFF8F5
1	#FFF7F4	#FFF7F4
1	#FFF6F3	#FFF6F3
1	#FFF5F2	#FFF5F2
1	#FFF4F0	#FFF4F0
1	#FFF3EF	#FFF3EF
1	#FFF2ED	#FFF2ED
1	#FFF1EC	#FFF1EC
1	#FFF0EA	#FFF0EA
1	#FFEFE9	#FFEFE9
1	#FFEDE7	#FFEDE7
1	#FFECE5	#FFECE5
1	#FFEAE3	#FFEAE3
1	#FFE9E1	#FFE9E1
1	#FFE7DF	#FFE7DF
1	#FFE6DD	#FFE6DD
1	#FFE4DA	#FFE4DA
1	#FFE2D8	#FFE2D8
1	#FFE0D5	#FFE0D5
1	#FFDFD3	#FFDFD3
1	#FFDDD0	#FFDDD0
1	#FFDBCE	#FFDBCE
1	#FFD8CB	#FFD8CB
1	#FFD6C8	#FFD6C8
1	#FFD4C5	#FFD4C5
1	#FFD2C2	#FFD2C2
1	#FFCFBF	#FFCFBF
1	#FFCDBC	#FFCDBC
1	#FFCAB8	#FFCAB8
1	#FFC8B5	#FFC8B5
1	#FFC7B4	#FFC7B4
1	#FFCAB7	#FFCAB7
1	#FFCCBB	#FFCCBB
1	#FFCFBE	#FFCFBE
1	#FFD1C1	#FFD1C1
1	#FFD3C4	#FFD3C4
1	#FFD5C7	#FFD5C7
1	#FFD8CA	#FFD8CA
1	#FFDACD	#FFDACD
1	#FFDCCF	#FFDCCF
1	#FFDED2	#FFDED2
1	#FFE0D4	#FFE0D4
1	#FFE1D7	#FFE1D7
1	#FFE3D9	#FFE3D9
1	#FFE5DB	#FFE5DB
1	#FFE7DE	#FFE7DE
1	#FFE8E0	#FFE8E0
1	#FFEAE2	#FFEAE2
1	#FFEBE4	#FFEBE4
1	#FFECE6	#FFECE6
1	#FFEEE7	#FFEEE7
1	#FFEFE9	#FFEFE9
1	#FFF0EB	#FFF0EB
1	#FFF1EC	#FFF1EC
1	#FFF2EE	#FFF2EE
1	#FFF3EF	#FFF3EF
1	#FFF4F0	#FFF4F0
1	#FFF5F1	#FFF5F1
1	#FFF6F2	#FFF6F2
1	#FFF7F3	#FFF7F3
1	#FFF7F4	#FFF7F4
1	#FFF8F5	#FFF8F5
1	#FFF8F6	#FFF8F6
1	#FFF9F7	#FFF9F7
1	#FFF9F7	#FFF9F7
1	#FFFAF8	#FFFAF8
1	#FFFAF8	#FFFAF8
1	#FFFAF8	#FFFAF8
1	#FFFAF8	#FFFAF8
1	#FFFAF9	#FFFAF9
1	#FFFAF9	#FFFAF9
1	#FFFAF9	#FFFAF9
1	#FFFAF8	#FFFAF8
1	#FFFAF8	#FFFAF8
1	#FFFAF8	#FFFAF8
1	#FFFAF7	#FFFAF7
1	#FFF9F7	#FFF9F7
1	#FFF9F6	#FFF9F6
1	#FFF8F6	#FFF8F6
1	#FFF8F5	#FFF8F5
1	#FFF7F4	#FFF7F4
1	#FFF6F3	#FFF6F3
1	#FFF6F2	#FFF6F2
1	#FFF5F1	#FFF5F1
1	#FFF4F0	#FFF4F0
1	#FFF3EF	#FFF3EF
1	#FFF2ED	#FFF2ED
1	#FFF1EC	#FFF1EC
1	#FFF0EA	#FFF0EA
1	#FFEFE9	#FFEFE9
1	#FFEDE7	#FFEDE7
1	#FFECE5	#FFECE5
1	#FFEBE3	#FFEBE3
1	#FFE9E1	#FFE9E1
1	#FFE8DF	#FFE8DF
1	#FFE6DD	#FFE6DD
1	#FFE4DB	#FFE4DB
1	#FFE3D8	#FFE3D8
1	#FFE1D6	#FFE1D6
1	#FFDFD4	#FFDFD4
1	#FFDDD1	#FFDDD1
1	#FFDBCE	#FFDBCE
1	#FFD9CC	#FFD9CC
1	#FFD7C9	#FFD7C9
1	#FFD5C6	#FFD5C6
1	#FFD3C3	#FFD3C3
1	#FFD0C0	#FFD0C0
1	#FFCEBD	#FFCEBD
1	#FFCBBA	#FFCBBA
1	#FFC9B7	#FFC9B7
1	#FFC6B3	#FFC6B3
1	#FFC6B3	#FFC6B3
1	#FFC9B6	#FFC9B6
1	#FFCBB9	#FFCBB9
1	#FFCDBC	#FFCDBC
1	#FFD0C0	#FFD0C0
1	#FFD2C3	#FFD2C3
1	#FFD4C5	#FFD4C5
1	#FFD6C8	#FFD6C8
1	#FFD9CB	#FFD9CB
1	#FFDBCE	#FFDBCE
1	#FFDDD0	#FFDDD0
1	#FFDED3	#FFDED3
1	#FFE0D5	#FFE0D5
1	#FFE2D8	#FFE2D8
1	#FFE4DA	#FFE4DA
1	#FFE5DC	#FFE5DC
1	#FFE7DE	#FFE7DE
1	#FFE8E0	#FFE8E0
1	#FFEAE2	#FFEAE2
1	#FFEBE4	#FFEBE4
1	#FFEDE6	#FFEDE6
1	#FFEEE7	#FFEEE7
1	#FFEFE9	#FFEFE9
1	#FFF0EA	#FFF0EA
1	#FFF1EC	#FFF1EC
1	#FFF2ED	#FFF2ED
1	#FFF3EE	#FFF3EE
1	#FFF4F0	#FFF4F0
1	#FFF5F1	#FFF5F1
1	#FFF5F2	#FFF5F2
1	#FFF6F3	#FFF6F3
1	#FFF7F3	#FFF7F3
1	#FFF7F4	#FFF7F4
1	#FFF8F5	#FFF8F5
1	#FFF8F5	#FFF8F5
1	#FFF8F6	#FFF8F6
1	#FFF9F6	#FFF9F6
1	#FFF9F6	#FFF9F6
1	#FFF9F7	#FFF9F7
1	#FFF9F7	#FFF9F7
1	#FFF9F7	#FFF9F7
1	#FFF9F7	#FFF9F7
1	#FFF9F7	#FFF9F7
1	#FFF9F6	#FFF9F6
1	#FFF8F6	#FFF8F6
1	#FFF8F6	#FFF8F6
1	#FFF8F5	#FFF8F5
1	#FFF7F5	#FFF7F5
1	#FFF7F4	#FFF7F4
1	#FFF6F3	#FFF6F3
1	#FFF6F2	#FFF6F2
1	#FFF5F1	#FFF5F1
1	#FFF4F0	#FFF4F0
1	#FFF3EF	#FFF3EF
1	#FFF3EE	#FFF3EE
1	#FFF2ED	#FFF2ED
1	#FFF1EB	#FFF1EB
1	#FFF0EA	#FFF0EA
1	#FFEEE8	#FFEEE8
1	#FFEDE7	#FFEDE7
1	#FFECE5	#FFECE5
1	#FFEBE3	#FFEBE3
1	#FFE9E1	#FFE9E1
1	#FFE8DF	#FFE8DF
1	#FFE6DD	#FFE6DD
1	#FFE5DB	#FFE5DB
1	#FFE3D9	#FFE3D9
1	#FFE1D6	#FFE1D6
1	#FFDFD4	#FFDFD4
1	#FFDED2	#FFDED2
1	#FFDCCF	#FFDCCF
1	#FFDACC	#FFDACC
1	#FFD8CA	#FFD8CA
1	#FFD5C7	#FFD5C7
1	#FFD3C4	#FFD3C4
1	#FFD1C1	#FFD1C1
1	#FFCFBE	#FFCFBE
1	#FFCCBB	#FFCCBB
1	#FFCAB8	#FFCAB8
1	#FFC7B4	#FFC7B4
1	#FFC5B1	#FFC5B1
1	#FFC5B1	#FFC5B1
1	#FFC7B4	#FFC7B4
1	#FFCAB8	#FFCAB8
1	#FFCCBB	#FFCCBB
1	#FFCFBE	#FFCFBE
1	#FFD1C1	#FFD1C1
1	#FFD3C4	#FFD3C4
1	#FFD5C7	#FFD5C7
1	#FFD7C9	#FFD7C9
1	#FFD9CC	#FFD9CC
1	#FFDBCF	#FFDBCF
1	#FFDDD1	#FFDDD1
1	#FFDFD3	#FFDFD3
1	#FFE1D6	#FFE1D6
1	#FFE2D8	#FFE2D8
1	#FFE4DA	#FFE4DA
1	#FFE6DC	#FFE6DC
1	#FFE7DE	#FFE7DE
1	#FFE8E0	#FFE8E0
1	#FFEAE2	#FFEAE2
1	#FFEBE4	#FFEBE4
1	#FFECE6	#FFECE6
1	#FFEEE7	#FFEEE7
1	#FFEFE9	#FFEFE9
1	#FFF0EA	#FFF0EA
1	#FFF1EB	#FFF1EB
1	#FFF2ED	#FFF2ED
1	#FFF2EE	#FFF2EE
1	#FFF3EF	#FFF3EF
1	#FFF4F0	#FFF4F0
1	#FFF5F1	#FFF5F1
1	#FFF5F1	#FFF5F1
1	#FFF6F2	#FFF6F2
1	#FFF6F3	#FFF6F3
1	#FFF7F3	#FFF7F3
1	#FFF7F4	#FFF7F4
1	#FFF7F4	#FFF7F4
1	#FFF7F4	#FFF7F4
1	#FFF7F5	#FFF7F5
1	#FFF8F5	#FFF8F5
1	#FFF8F5	#FFF8F5
1	#FFF8F5	#FFF8F5
1	#FFF7F5	#FFF7F5
1	#FFF7F4	#FFF7F4
1	#FFF7F4	#FFF7F4
1	#FFF7F4	#FFF7F4
1	#FFF6F3	#FFF6F3
1	#FFF6F2	#FFF6F2
1	#FFF5F2	#FFF5F2
1	#FFF5F1	#FFF5F1
1	#FFF4F0	#FFF4F0
1	#FFF3EF	#FFF3EF
1	#FFF3EE	#FFF3EE
1	#FFF2ED	#FFF2ED
1	#FFF1EC	#FFF1EC
1	#FFF0EA	#FFF0EA
1	#FFEFE9	#FFEFE9
1	#FFEEE8	#FFEEE8
1	#FFEDE6	#FFEDE6
1	#FFECE4	#FFECE4
1	#FFEAE3	#FFEAE3
1	#FFE9E1	#FFE9E1
1	#FFE8DF	#FFE8DF
1	#FFE6DD	#FFE6DD
1	#FFE4DB	#FFE4DB
1	#FFE3D9	#FFE3D9
1	#FFE1D7	#FFE1D7
1	#FFDFD4	#FFDFD4
1	#FFDED2	#FFDED2
1	#FFDCCF	#FFDCCF
1	#FFDACD	#FFDACD
1	#FFD8CA	#FFD8CA
1	#FFD6C7	#FFD6C7
1	#FFD4C5	#FFD4C5
1	#FFD2C2	#FFD2C2
1	#FFCFBF	#FFCFBF
1	#FFCDBC	#FFCDBC
1	#FFCBB9	#FFCBB9
1	#FFC8B5	#FFC8B5
1	#FFC5B2	#FFC5B2
1	#FFC3AF	#FFC3AF
1	#FFC3AF	#FFC3AF
1	#FFC6B3	#FFC6B3
1	#FFC8B6	#FFC8B6
1	#FFCBB9	#FFCBB9
1	#FFCDBC	#FFCDBC
1	#FFCFBF	#FFCFBF
1	#FFD2C2	#FFD2C2
1	#FFD4C5	#FFD4C5
1	#FFD6C7	#FFD6C7
1	#FFD8CA	#FFD8CA
1	#FFDACD	#FFDACD
1	#FFDCCF	#FFDCCF
1	#FFDDD2	#FFDDD2
1	#FFDFD4	#FFDFD4
1	#FFE1D6	#FFE1D6
1	#FFE3D8	#FFE3D8
1	#FFE4DA	#FFE4DA
1	#FFE6DC	#FFE6DC
1	#FFE7DE	#FFE7DE
1	#FFE8E0	#FFE8E0
1	#FFEAE2	#FFEAE2
1	#FFEBE3	#FFEBE3
1	#FFECE5	#FFECE5
1	#FFEDE7	#FFEDE7
1	#FFEEE8	#FFEEE8
1	#FFEFE9	#FFEFE9
1	#FFF0EA	#FFF0EA
1	#FFF1EC	#FFF1EC
1	#FFF2ED	#FFF2ED
1	#FFF2EE	#FFF2EE
1	#FFF3EE	#FFF3EE
1	#FFF4EF	#FFF4EF
1	#FFF4F0	#FFF4F0
1	#FFF5F1	#FFF5F1
1	#FFF5F1	#FFF5F1
1	#FFF5F2	#FFF5F2
1	#FFF5F2	#FFF5F2
1	#FFF6F2	#FFF6F2
1	#FFF6F2	#FFF6F2
1	#FFF6F2	#FFF6F2
1	#FFF6F2	#FFF6F2
1	#FFF6F2	#FFF6F2
1	#FFF6F2	#FFF6F2
1	#FFF6F2	#FFF6F2
1	#FFF5F2	#FFF5F2
1	#FFF5F1	#FFF5F1
1	#FFF5F1	#FFF5F1
1	#FFF4F0	#FFF4F0
1	#FFF4EF	#FFF4EF
1	#FFF3EF	#FFF3EF
1	#FFF2EE	#FFF2EE
1	#FFF2ED	#FFF2ED
1	#FFF1EC	#FFF1EC
1	#FFF0EB	#FFF0EB
1	#FFEFE9	#FFEFE9
1	#FFEEE8	#FFEEE8
1	#FFEDE7	#FFEDE7
1	#FFECE5	#FFECE5
1	#FFEBE4	#FFEBE4
1	#FFEAE2	#FFEAE2
1	#FFE8E0	#FFE8E0
1	#FFE7DE	#FFE7DE
1	#FFE6DC	#FFE6DC
1	#FFE4DB	#FFE4DB
1	#FFE3D8	#FFE3D8
1	#FFE1D6	#FFE1D6
1	#FFDFD4	#FFDFD4
1	#FFDED2	#FFDED2
1	#FFDCCF	#FFDCCF
1	#FFDACD	#FFDACD
1	#FFD8CA	#FFD8CA
1	#FFD6C8	#FFD6C8
1	#FFD4C5	#FFD4C5
1	#FFD2C2	#FFD2C2
1	#FFD0BF	#FFD0BF
1	#FFCDBC	#FFCDBC
1	#FFCBB9	#FFCBB9
1	#FFC9B6	#FFC9B6
1	#FFC6B3	#FFC6B3
1	#FFC4B0	#FFC4B0
1	#FFC1AC	#FFC1AC
1	#FFC2AD	#FFC2AD
1	#FFC4B1	#FFC4B1
1	#FFC7B4	#FFC7B4
1	#FFC9B7	#FFC9B7
1	#FFCBBA	#FFCBBA
1	#FFCEBD	#FFCEBD
1	#FFD0C0	#FFD0C0
1	#FFD2C3	#FFD2C3
1	#FFD4C5	#FFD4C5
1	#FFD6C8	#FFD6C8
1	#FFD8CA	#FFD8CA
1	#FFDACD	#FFDACD
1	#FFDCCF	#FFDCCF
1	#FFDED2	#FFDED2
1	#FFDFD4	#FFDFD4
1	#FFE1D6	#FFE1D6
1	#FFE2D8	#FFE2D8
1	#FFE4DA	#FFE4DA
1	#FFE5DC	#FFE5DC
1	#FFE7DE	#FFE7DE
1	#FFE8E0	#FFE8E0
1	#FFE9E1	#FFE9E1
1	#FFEAE3	#FFEAE3
1	#FFEBE4	#FFEBE4
1	#FFECE6	#FFECE6
1	#FFEDE7	#FFEDE7
1	#FFEEE8	#FFEEE8
1	#FFEFE9	#FFEFE9
1	#FFF0EA	#FFF0EA
1	#FFF1EB	#FFF1EB
1	#FFF1EC	#FFF1EC
1	#FFF2ED	#FFF2ED
1	#FFF2EE	#FFF2EE
1	#FFF3EE	#FFF3EE
1	#FFF3EF	#FFF3EF
1	#FFF3EF	#FFF3EF
1	#FFF4EF	#FFF4EF
1	#FFF4F0	#FFF4F0
1	#FFF4F0	#FFF4F0
1	#FFF4F0	#FFF4F0
1	#FFF4F0	#FFF4F0
1	#FFF4F0	#FFF4F0
1	#FFF4F0	#FFF4F0
1	#FFF4EF	#FFF4EF
1	#FFF3EF	#FFF3EF
1	#FFF3EF	#FFF3EF
1	#FFF3EE	#FFF3EE
1	#FFF2ED	#FFF2ED
1	#FFF2ED	#FFF2ED
1	#FFF1EC	#FFF1EC
1	#FFF0EB	#FFF0EB
1	#FFF0EA	#FFF0EA
1	#FFEFE9	#FFEFE9
1	#FFEEE8	#FFEEE8
1	#FFEDE7	#FFEDE7
1	#FFECE5	#FFECE5
1	#FFEBE4	#FFEBE4
1	#FFEAE3	#FFEAE3
1	#FFE9E1	#FFE9E1
1	#FFE8DF	#FFE8DF
1	#FFE6DE	#FFE6DE
1	#FFE5DC	#FFE5DC
1	#FFE4DA	#FFE4DA
1	#FFE2D8	#FFE2D8
1	#FFE1D6	#FFE1D6
1	#FFDFD4	#FFDFD4
1	#FFDDD1	#FFDDD1
1	#FFDCCF	#FFDCCF
1	#FFDACD	#FFDACD
1	#FFD8CA	#FFD8CA
1	#FFD6C8	#FFD6C8
1	#FFD4C5	#FFD4C5
1	#FFD2C2	#FFD2C2
1	#FFD0BF	#FFD0BF
1	#FFCEBD	#FFCEBD
1	#FFCBBA	#FFCBBA
1	#FFC9B7	#FFC9B7
1	#FFC6B3	#FFC6B3
1	#FFC4B0	#FFC4B0
1	#FFC1AD	#FFC1AD
1	#FFBFAA	#FFBFAA
1	#FFC0AB	#FFC0AB
1	#FFC2AE	#FFC2AE
1	#FFC5B1	#FFC5B1
1	#FFC7B5	#FFC7B5
1	#FFCAB8	#FFCAB8
1	#FFCCBB	#FFCCBB
1	#FFCEBD	#FFCEBD
1	#FFD0C0	#FFD0C0
1	#FFD2C3	#FFD2C3
1	#FFD4C6	#FFD4C6
1	#FFD6C8	#FFD6C8
1	#FFD8CB	#FFD8CB
1	#FFDACD	#FFDACD
1	#FFDCCF	#FFDCCF
1	#FFDDD1	#FFDDD1
1	#FFDFD4	#FFDFD4
1	#FFE1D6	#FFE1D6
1	#FFE2D8	#FFE2D8
1	#FFE3D9	#FFE3D9
1	#FFE5DB	#FFE5DB
1	#FFE6DD	#FFE6DD
1	#FFE7DF	#FFE7DF
1	#FFE8E0	#FFE8E0
1	#FFE9E2	#FFE9E2
1	#FFEBE3	#FFEBE3
1	#FFEBE4	#FFEBE4
1	#FFECE6	#FFECE6
1	#FFEDE7	#FFEDE7
1	#FFEEE8	#FFEEE8
1	#FFEFE9	#FFEFE9
1	#FFEFE9	#FFEFE9
1	#FFF0EA	#FFF0EA
1	#FFF0EB	#FFF0EB
1	#FFF1EC	#FFF1EC
1	#FFF1EC	#FFF1EC
1	#FFF1EC	#FFF1EC
1	#FFF2ED	#FFF2ED
1	#FFF2ED	#FFF2ED
1	#FFF2ED	#FFF2ED
1	#FFF2ED	#FFF2ED
1	#FFF2ED	#FFF2ED
1	#FFF2ED	#FFF2ED
1	#FFF2ED	#FFF2ED
1	#FFF2ED	#FFF2ED
1	#FFF1EC	#FFF1EC
1	#FFF1EC	#FFF1EC
1	#FFF1EB	#FFF1EB
1	#FFF0EB	#FFF0EB
1	#FFF0EA	#FFF0EA
1	#FFEFE9	#FFEFE9
1	#FFEEE8	#FFEEE8
1	#FFEEE7	#FFEEE7
1	#FFEDE6	#FFEDE6
1	#FFECE5	#FFECE5
1	#FFEBE4	#FFEBE4
1	#FFEAE3	#FFEAE3
1	#FFE9E1	#FFE9E1
1	#FFE8E0	#FFE8E0
1	#FFE7DE	#FFE7DE
1	#FFE6DC	#FFE6DC
1	#FFE4DB	#FFE4DB
1	#FFE3D9	#FFE3D9
1	#FFE2D7	#FFE2D7
1	#FFE0D5	#FFE0D5
1	#FFDED3	#FFDED3
1	#FFDDD1	#FFDDD1
1	#FFDBCE	#FFDBCE
1	#FFD9CC	#FFD9CC
1	#FFD8CA	#FFD8CA
1	#FFD6C7	#FFD6C7
1	#FFD4C5	#FFD4C5
1	#FFD2C2	#FFD2C2
1	#FFD0BF	#FFD0BF
1	#FFCDBC	#FFCDBC
1	#FFCBBA	#FFCBBA
1	#FFC9B7	#FFC9B7
1	#FFC7B4	#FFC7B4
1	#FFC4B0	#FFC4B0
1	#FFC2AD	#FFC2AD
1	#FFBFAA	#FFBFAA
1	#FFBCA7	#FFBCA7
1	#FFBEA9	#FFBEA9
1	#FFC1AC	#FFC1AC
1	#FFC3AF	#FFC3AF
1	#FFC5B2	#FFC5B2
1	#FFC8B5	#FFC8B5
1	#FFCAB8	#FFCAB8
1	#FFCCBB	#FFCCBB
1	#FFCEBE	#FFCEBE
1	#FFD0C0	#FFD0C0
1	#FFD2C3	#FFD2C3
1	#FFD4C5	#FFD4C5
1	#FFD6C8	#FFD6C8
1	#FFD8CA	#FFD8CA
1	#FFDACD	#FFDACD
1	#FFDBCF	#FFDBCF
1	#FFDDD1	#FFDDD1
1	#FFDFD3	#FFDFD3
1	#FFE0D5	#FFE0D5
1	#FFE1D7	#FFE1D7
1	#FFE3D9	#FFE3D9
1	#FFE4DA	#FFE4DA
1	#FFE5DC	#FFE5DC
1	#FFE6DD	#FFE6DD
1	#FFE7DF	#FFE7DF
1	#FFE8E0	#FFE8E0
1	#FFE9E2	#FFE9E2
1	#FFEAE3	#FFEAE3
1	#FFEBE4	#FFEBE4
1	#FFECE5	#FFECE5
1	#FFEDE6	#FFEDE6
1	#FFEDE7	#FFEDE7
1	#FFEEE7	#FFEEE7
1	#FFEEE8	#FFEEE8
1	#FFEFE9	#FFEFE9
1	#FFEFE9	#FFEFE9
1	#FFEFEA	#FFEFEA
1	#FFF0EA	#FFF0EA
1	#FFF0EA	#FFF0EA
1	#FFF0EA	#FFF0EA
1	#FFF0EA	#FFF0EA
1	#FFF0EA	#FFF0EA
1	#FFF0EA	#FFF0EA
1	#FFF0EA	#FFF0EA
1	#FFEFEA	#FFEFEA
1	#FFEFE9	#FFEFE9
1	#FFEFE9	#FFEFE9
1	#FFEEE8	#FFEEE8
1	#FFEEE8	#FFEEE8
1	#FFEDE7	#FFEDE7
1	#FFEDE6	#FFEDE6
1	#FFECE5	#FFECE5
1	#FFEBE4	#FFEBE4
1	#FFEBE3	#FFEBE3
1	#FFEAE2	#FFEAE2
1	#FFE9E1	#FFE9E1
1	#FFE8DF	#FFE8DF
1	#FFE7DE	#FFE7DE
1	#FFE6DD	#FFE6DD
1	#FFE5DB	#FFE5DB
1	#FFE3D9	#FFE3D9
1	#FFE2D8	#FFE2D8
1	#FFE1D6	#FFE1D6
1	#FFDFD4	#FFDFD4
1	#FFDED2	#FFDED2
1	#FFDCD0	#FFDCD0
1	#FFDBCE	#FFDBCE
1	#FFD9CB	#FFD9CB
1	#FFD7C9	#FFD7C9
1	#FFD5C7	#FFD5C7
1	#FFD3C4	#FFD3C4
1	#FFD1C2	#FFD1C2
1	#FFCFBF	#FFCFBF
1	#FFCDBC	#FFCDBC
1	#FFCBB9	#FFCBB9
1	#FFC9B6	#FFC9B6
1	#FFC7B3	#FFC7B3
1	#FFC4B0	#FFC4B0
1	#FFC2AD	#FFC2AD
1	#FFBFAA	#FFBFAA
1	#FFBDA7	#FFBDA7
1	#FFBAA3	#FFBAA3
1	#FFBCA6	#FFBCA6
1	#FFBEA9	#FFBEA9
1	#FFC1AC	#FFC1AC
1	#FFC3AF	#FFC3AF
1	#FFC6B2	#FFC6B2
1	#FFC8B5	#FFC8B5
1	#FFCAB8	#FFCAB8
1	#FFCCBB	#FFCCBB
1	#FFCEBE	#FFCEBE
1	#FFD0C0	#FFD0C0
1	#FFD2C3	#FFD2C3
1	#FFD4C5	#FFD4C5
1	#FFD6C7	#FFD6C7
1	#FFD8CA	#FFD8CA
1	#FFD9CC	#FFD9CC
1	#FFDBCE	#FFDBCE
1	#FFDCD0	#FFDCD0
1	#FFDED2	#FFDED2
1	#FFDFD4	#FFDFD4
1	#FFE1D6	#FFE1D6
1	#FFE2D7	#FFE2D7
1	#FFE3D9	#FFE3D9
1	#FFE4DA	#FFE4DA
1	#FFE5DC	#FFE5DC
1	#FFE6DD	#FFE6DD
1	#FFE7DE	#FFE7DE
1	#FFE8E0	#FFE8E0
1	#FFE9E1	#FFE9E1
1	#FFEAE2	#FFEAE2
1	#FFEAE3	#FFEAE3
1	#FFEBE4	#FFEBE4
1	#FFEBE4	#FFEBE4
1	#FFECE5	#FFECE5
1	#FFECE6	#FFECE6
1	#FFEDE6	#FFEDE6
1	#FFEDE6	#FFEDE6
1	#FFEDE7	#FFEDE7
1	#FFEDE7	#FFEDE7
1	#FFEEE7	#FFEEE7
1	#FFEEE7	#FFEEE7
1	#FFEEE7	#FFEEE7
1	#FFEDE7	#FFEDE7
1	#FFEDE7	#FFEDE7
1	#FFEDE7	#FFEDE7
1	#FFEDE6	#FFEDE6
1	#FFECE6	#FFECE6
1	#FFECE5	#FFECE5
1	#FFECE4	#FFECE4
1	#FFEBE4	#FFEBE4
1	#FFEAE3	#FFEAE3
1	#FFEAE2	#FFEAE2
1	#FFE9E1	#FFE9E1
1	#FFE8E0	#FFE8E0
1	#FFE7DF	#FFE7DF
1	#FFE6DE	#FFE6DE
1	#FFE5DC	#FFE5DC
1	#FFE4DB	#FFE4DB
1	#FFE3D9	#FFE3D9
1	#FFE2D8	#FFE2D8
1	#FFE1D6	#FFE1D6
1	#FFE0D4	#FFE0D4
1	#FFDED2	#FFDED2
1	#FFDDD1	#FFDDD1
1	#FFDBCF	#FFDBCF
1	#FFDACC	#FFDACC
1	#FFD8CA	#FFD8CA
1	#FFD6C8	#FFD6C8
1	#FFD5C6	#FFD5C6
1	#FFD3C3	#FFD3C3
1	#FFD1C1	#FFD1C1
1	#FFCFBE	#FFCFBE
1	#FFCDBC	#FFCDBC
1	#FFCBB9	#FFCBB9
1	#FFC8B6	#FFC8B6
1	#FFC6B3	#FFC6B3
1	#FFC4B0	#FFC4B0
1	#FFC1AD	#FFC1AD
1	#FFBFAA	#FFBFAA
1	#FFBDA7	#FFBDA7
1	#FFBAA3	#FFBAA3
1	#FFB7A0	#FFB7A0
1	#FFBAA3	#FFBAA3
1	#FFBCA6	#FFBCA6
1	#FFBFA9	#FFBFA9
1	#FFC1AC	#FFC1AC
1	#FFC3AF	#FFC3AF
1	#FFC6B2	#FFC6B2
1	#FFC8B5	#FFC8B5
1	#FFCAB8	#FFCAB8
1	#FFCCBB	#FFCCBB
1	#FFCEBD	#FFCEBD
1	#FFD0C0	#FFD0C0
1	#FFD2C2	#FFD2C2
1	#FFD4C4	#FFD4C4
1	#FFD5C7	#FFD5C7
1	#FFD7C9	#FFD7C9
1	#FFD8CB	#FFD8CB
1	#FFDACD	#FFDACD
1	#FFDBCF	#FFDBCF
1	#FFDDD1	#FFDDD1
1	#FFDED2	#FFDED2
1	#FFDFD4	#FFDFD4
1	#FFE1D6	#FFE1D6
1	#FFE2D7	#FFE2D7
1	#FFE3D9	#FFE3D9
1	#FFE4DA	#FFE4DA
1	#FFE5DB	#FFE5DB
1	#FFE6DC	#FFE6DC
1	#FFE6DE	#FFE6DE
1	#FFE7DF	#FFE7DF
1	#FFE8DF	#FFE8DF
1	#FFE8E0	#FFE8E0
1	#FFE9E1	#FFE9E1
1	#FFEAE2	#FFEAE2
1	#FFEAE2	#FFEAE2
1	#FFEAE3	#FFEAE3
1	#FFEBE3	#FFEBE3
1	#FFEBE3	#FFEBE3
1	#FFEBE4	#FFEBE4
1	#FFEBE4	#FFEBE4
1	#FFEBE4	#FFEBE4
1	#FFEBE4	#FFEBE4
1	#FFEBE4	#FFEBE4
1	#FFEBE3	#FFEBE3
1	#FFEBE3	#FFEBE3
1	#FFEAE3	#FFEAE3
1	#FFEAE2	#FFEAE2
1	#FFEAE2	#FFEAE2
1	#FFE9E1	#FFE9E1
1	#FFE8E0	#FFE8E0
1	#FFE8DF	#FFE8DF
1	#FFE7DF	#FFE7DF
1	#FFE6DE	#FFE6DE
1	#FFE6DC	#FFE6DC
1	#FFE5DB	#FFE5DB
1	#FFE4DA	#FFE4DA
1	#FFE3D9	#FFE3D9
1	#FFE2D7	#FFE2D7
1	#FFE1D6	#FFE1D6
1	#FFDFD4	#FFDFD4
1	#FFDED3	#FFDED3
1	#FFDDD1	#FFDDD1
1	#FFDCCF	#FFDCCF
1	#FFDACD	#FFDACD
1	#FFD9CB	#FFD9CB
1	#FFD7C9	#FFD7C9
1	#FFD5C7	#FFD5C7
1	#FFD4C4	#FFD4C4
1	#FFD2C2	#FFD2C2
1	#FFD0C0	#FFD0C0
1	#FFCEBD	#FFCEBD
1	#FFCCBB	#FFCCBB
1	#FFCAB8	#FFCAB8
1	#FFC8B5	#FFC8B5
1	#FFC6B2	#FFC6B2
1	#FFC3AF	#FFC3AF
1	#FFC1AD	#FFC1AD
1	#FFBFA9	#FFBFA9
1	#FFBCA6	#FFBCA6
1	#FFBAA3	#FFBAA3
1	#FFB7A0	#FFB7A0
1	#FFB49D	#FFB49D
1	#FFB7A0	#FFB7A0
1	#FFBAA3	#FFBAA3
1	#FFBCA6	#FFBCA6
1	#FFBFA9	#FFBFA9
1	#FFC1AC	#FFC1AC
1	#FFC3AF	#FFC3AF
1	#FFC5B2	#FFC5B2
1	#FFC7B5	#FFC7B5
1	#FFC9B7	#FFC9B7
1	#FFCBBA	#FFCBBA
1	#FFCDBC	#FFCDBC
1	#FFCFBF	#FFCFBF
1	#FFD1C1	#FFD1C1
1	#FFD3C3	#FFD3C3
1	#FFD4C5	#FFD4C5
1	#FFD6C8	#FFD6C8
1	#FFD7CA	#FFD7CA
1	#FFD9CB	#FFD9CB
1	#FFDACD	#FFDACD
1	#FFDCCF	#FFDCCF
1	#FFDDD1	#FFDDD1
1	#FFDED2	#FFDED2
1	#FFDFD4	#FFDFD4
1	#FFE0D5	#FFE0D5
1	#FFE1D7	#FFE1D7
1	#FFE2D8	#FFE2D8
1	#FFE3D9	#FFE3D9
1	#FFE4DA	#FFE4DA
1	#FFE5DB	#FFE5DB
1	#FFE5DC	#FFE5DC
1	#FFE6DD	#FFE6DD
1	#FFE6DD	#FFE6DD
1	#FFE7DE	#FFE7DE
1	#FFE7DF	#FFE7DF
1	#FFE8DF	#FFE8DF
1	#FFE8E0	#FFE8E0
1	#FFE8E0	#FFE8E0
1	#FFE8E0	#FFE8E0
1	#FFE8E0	#FFE8E0
1	#FFE8E0	#FFE8E0
1	#FFE8E0	#FFE8E0
1	#FFE8E0	#FFE8E0
1	#FFE8E0	#FFE8E0
1	#FFE8DF	#FFE8DF
1	#FFE8DF	#FFE8DF
1	#FFE7DF	#FFE7DF
1	#FFE7DE	#FFE7DE
1	#FFE6DD	#FFE6DD
1	#FFE6DD	#FFE6DD
1	#FFE5DC	#FFE5DC
1	#FFE4DB	#FFE4DB
1	#FFE4DA	#FFE4DA
1	#FFE3D9	#FFE3D9
1	#FFE2D8	#FFE2D8
1	#FFE1D6	#FFE1D6
1	#FFE0D5	#FFE0D5
1	#FFDFD4	#FFDFD4
1	#FFDED2	#FFDED2
1	#FFDDD0	#FFDDD0
1	#FFDBCF	#FFDBCF
1	#FFDACD	#FFDACD
1	#FFD9CB	#FFD9CB
1	#FFD7C9	#FFD7C9
1	#FFD6C7	#FFD6C7
1	#FFD4C5	#FFD4C5
1	#FFD2C3	#FFD2C3
1	#FFD1C1	#FFD1C1
1	#FFCFBE	#FFCFBE
1	#FFCDBC	#FFCDBC
1	#FFCBB9	#FFCBB9
1	#FFC9B7	#FFC9B7
1	#FFC7B4	#FFC7B4
1	#FFC5B1	#FFC5B1
1	#FFC3AF	#FFC3AF
1	#FFC0AC	#FFC0AC
1	#FFBEA9	#FFBEA9
1	#FFBCA6	#FFBCA6
1	#FFB9A3	#FFB9A3
1	#FFB79F	#FFB79F
1	#FFB49C	#FFB49C
1	#FFB199	#FFB199
1	#FFB49D	#FFB49D
1	#FFB7A0	#FFB7A0
1	#FFBAA3	#FFBAA3
1	#FFBCA6	#FFBCA6
1	#FFBEA9	#FFBEA9
1	#FFC0AC	#FFC0AC
1	#FFC3AF	#FFC3AF
1	#FFC5B1	#FFC5B1
1	#FFC7B4	#FFC7B4
1	#FFC9B6	#FFC9B6
1	#FFCBB9	#FFCBB9
1	#FFCDBB	#FFCDBB
1	#FFCEBE	#FFCEBE
1	#FFD0C0	#FFD0C0
1	#FFD2C2	#FFD2C2
1	#FFD3C4	#FFD3C4
1	#FFD5C6	#FFD5C6
1	#FFD6C8	#FFD6C8
1	#FFD8CA	#FFD8CA
1	#FFD9CB	#FFD9CB
1	#FFDACD	#FFDACD
1	#FFDBCF	#FFDBCF
1	#FFDCD0	#FFDCD0
1	#FFDED2	#FFDED2
1	#FFDFD3	#FFDFD3
1	#FFDFD4	#FFDFD4
1	#FFE0D5	#FFE0D5
1	#FFE1D6	#FFE1D6
1	#FFE2D7	#FFE2D7
1	#FFE2D8	#FFE2D8
1	#FFE3D9	#FFE3D9
1	#FFE4DA	#FFE4DA
1	#FFE4DA	#FFE4DA
1	#FFE5DB	#FFE5DB
1	#FFE5DB	#FFE5DB
1	#FFE5DC	#FFE5DC
1	#FFE5DC	#FFE5DC
1	#FFE5DC	#FFE5DC
1	#FFE6DC	#FFE6DC
1	#FFE6DC	#FFE6DC
1	#FFE6DC	#FFE6DC
1	#FFE5DC	#FFE5DC
1	#FFE5DC	#FFE5DC
1	#FFE5DC	#FFE5DC
1	#FFE5DB	#FFE5DB
1	#FFE4DB	#FFE4DB
1	#FFE4DA	#FFE4DA
1	#FFE3D9	#FFE3D9
1	#FFE3D9	#FFE3D9
1	#FFE2D8	#FFE2D8
1	#FFE2D7	#FFE2D7
1	#FFE1D6	#FFE1D6
1	#FFE0D5	#FFE0D5
1	#FFDFD4	#FFDFD4
1	#FFDED2	#FFDED2
1	#FFDDD1	#FFDDD1
1	#FFDCD0	#FFDCD0
1	#FFDBCE	#FFDBCE
1	#FFDACD	#FFDACD
1	#FFD8CB	#FFD8CB
1	#FFD7C9	#FFD7C9
1	#FFD6C7	#FFD6C7
1	#FFD4C5	#FFD4C5
1	#FFD3C3	#FFD3C3
1	#FFD1C1	#FFD1C1
1	#FFCFBF	#FFCFBF
1	#FFCEBD	#FFCEBD
1	#FFCCBA	#FFCCBA
1	#FFCAB8	#FFCAB8
1	#FFC8B5	#FFC8B5
1	#FFC6B3	#FFC6B3
1	#FFC4B0	#FFC4B0
1	#FFC2AD	#FFC2AD
1	#FFC0AB	#FFC0AB
1	#FFBDA8	#FFBDA8
1	#FFBBA5	#FFBBA5
1	#FFB9A2	#FFB9A2
1	#FFB69F	#FFB69F
1	#FFB39B	#FFB39B
1	#FFB198	#FFB198
1	#FFAE95	#FFAE95
1	#FFB299	#FFB299
1	#FFB49C	#FFB49C
1	#FFB79F	#FFB79F
1	#FFB9A2	#FFB9A2
1	#FFBBA5	#FFBBA5
1	#FFBEA8	#FFBEA8
1	#FFC0AB	#FFC0AB
1	#FFC2AE	#FFC2AE
1	#FFC4B0	#FFC4B0
1	#FFC6B3	#FFC6B3
1	#FFC8B5	#FFC8B5
1	#FFCAB8	#FFCAB8
1	#FFCBBA	#FFCBBA
1	#FFCDBC	#FFCDBC
1	#FFCFBE	#FFCFBE
1	#FFD0C0	#FFD0C0
1	#FFD2C2	#FFD2C2
1	#FFD3C4	#FFD3C4
1	#FFD5C6	#FFD5C6
1	#FFD6C8	#FFD6C8
1	#FFD7C9	#FFD7C9
1	#FFD8CB	#FFD8CB
1	#FFDACC	#FFDACC
1	#FFDBCE	#FFDBCE
1	#FFDCCF	#FFDCCF
1	#FFDDD0	#FFDDD0
1	#FFDDD1	#FFDDD1
1	#FFDED2	#FFDED2
1	#FFDFD3	#FFDFD3
1	#FFE0D4	#FFE0D4
1	#FFE0D5	#FFE0D5
1	#FFE1D6	#FFE1D6
1	#FFE1D6	#FFE1D6
1	#FFE2D7	#FFE2D7
1	#FFE2D7	#FFE2D7
1	#FFE2D8	#FFE2D8
1	#FFE2D8	#FFE2D8
1	#FFE2D8	#FFE2D8
1	#FFE3D8	#FFE3D8
1	#FFE3D8	#FFE3D8
1	#FFE3D8	#FFE3D8
1	#FFE2D8	#FFE2D8
1	#FFE2D8	#FFE2D8
1	#FFE2D8	#FFE2D8
1	#FFE2D7	#FFE2D7
1	#FFE1D7	#FFE1D7
1	#FFE1D6	#FFE1D6
1	#FFE0D5	#FFE0D5
1	#FFE0D5	#FFE0D5
1	#FFDFD4	#FFDFD4
1	#FFDED3	#FFDED3
1	#FFDED2	#FFDED2
1	#FFDDD1	#FFDDD1
1	#FFDCD0	#FFDCD0
1	#FFDBCE	#FFDBCE
1	#FFDACD	#FFDACD
1	#FFD9CB	#FFD9CB
1	#FFD8CA	#FFD8CA
1	#FFD7C8	#FFD7C8
1	#FFD5C7	#FFD5C7
1	#FFD4C5	#FFD4C5
1	#FFD2C3	#FFD2C3
1	#FFD1C1	#FFD1C1
1	#FFCFBF	#FFCFBF
1	#FFCEBD	#FFCEBD
1	#FFCCBB	#FFCCBB
1	#FFCAB9	#FFCAB9
1	#FFC9B6	#FFC9B6
1	#FFC7B4	#FFC7B4
1	#FFC5B1	#FFC5B1
1	#FFC3AF	#FFC3AF
1	#FFC1AC	#FFC1AC
1	#FFBFA9	#FFBFA9
1	#FFBCA6	#FFBCA6
1	#FFBAA4	#FFBAA4
1	#FFB8A1	#FFB8A1
1	#FFB59E	#FFB59E
1	#FFB39A	#FFB39A
1	#FFB097	#FFB097
1	#FFAD94	#FFAD94
1	#FFAB91	#FFAB91
1	#FFAF95	#FFAF95
1	#FFB199	#FFB199
1	#FFB49C	#FFB49C
1	#FFB69F	#FFB69F
1	#FFB8A2	#FFB8A2
1	#FFBBA4	#FFBBA4
1	#FFBDA7	#FFBDA7
1	#FFBFAA	#FFBFAA
1	#FFC1AC	#FFC1AC
1	#FFC3AF	#FFC3AF
1	#FFC5B1	#FFC5B1
1	#FFC7B4	#FFC7B4
1	#FFC8B6	#FFC8B6
1	#FFCAB8	#FFCAB8
1	#FFCCBA	#FFCCBA
1	#FFCDBC	#FFCDBC
1	#FFCFBE	#FFCFBE
1	#FFD0C0	#FFD0C0
1	#FFD2C2	#FFD2C2
1	#FFD3C4	#FFD3C4
1	#FFD4C5	#FFD4C5
1	#FFD5C7	#FFD5C7
1	#FFD7C8	#FFD7C8
1	#FFD8CA	#FFD8CA
1	#FFD9CB	#FFD9CB
1	#FFD9CC	#FFD9CC
1	#FFDACD	#FFDACD
1	#FFDBCE	#FFDBCE
1	#FFDCCF	#FFDCCF
1	#FFDCD0	#FFDCD0
1	#FFDDD1	#FFDDD1
1	#FFDED2	#FFDED2
1	#FFDED2	#FFDED2
1	#FFDED3	#FFDED3
1	#FFDFD3	#FFDFD3
1	#FFDFD4	#FFDFD4
1	#FFDFD4	#FFDFD4
1	#FFDFD4	#FFDFD4
1	#FFDFD4	#FFDFD4
1	#FFDFD4	#FFDFD4
1	#FFDFD4	#FFDFD4
1	#FFDFD4	#FFDFD4
1	#FFDFD4	#FFDFD4
1	#FFDFD3	#FFDFD3
1	#FFDED3	#FFDED3
1	#FFDED2	#FFDED2
1	#FFDED2	#FFDED2
1	#FFDDD1	#FFDDD1
1	#FFDDD0	#FFDDD0
1	#FFDCCF	#FFDCCF
1	#FFDBCF	#FFDBCF
1	#FFDACD	#FFDACD
1	#FFDACC	#FFDACC
1	#FFD9CB	#FFD9CB
1	#FFD8CA	#FFD8CA
1	#FFD7C9	#FFD7C9
1	#FFD6C7	#FFD6C7
1	#FFD4C6	#FFD4C6
1	#FFD3C4	#FFD3C4
1	#FFD2C2	#FFD2C2
1	#FFD1C1	#FFD1C1
1	#FFCFBF	#FFCFBF
1	#FFCEBD	#FFCEBD
1	#FFCCBB	#FFCCBB
1	#FFCAB9	#FFCAB9
1	#FFC9B6	#FFC9B6
1	#FFC7B4	#FFC7B4
1	#FFC5B2	#FFC5B2
1	#FFC3AF	#FFC3AF
1	#FFC1AD	#FFC1AD
1	#FFBFAA	#FFBFAA
1	#FFBDA8	#FFBDA8
1	#FFBBA5	#FFBBA5
1	#FFB9A2	#FFB9A2
1	#FFB69F	#FFB69F
1	#FFB49C	#FFB49C
1	#FFB299	#FFB299
1	#FFAF96	#FFAF96
1	#FFAD93	#FFAD93
1	#FFAA90	#FFAA90
1	#FFA78C	#FFA78C
1	#FFAB92	#FFAB92
1	#FFAE95	#FFAE95
1	#FFB098	#FFB098
1	#FFB39B	#FFB39B
1	#FFB59E	#FFB59E
1	#FFB7A0	#FFB7A0
1	#FFBAA3	#FFBAA3
1	#FFBCA6	#FFBCA6
1	#FFBEA8	#FFBEA8
1	#FFC0AB	#FFC0AB
1	#FFC2AD	#FFC2AD
1	#FFC3B0	#FFC3B0
1	#FFC5B2	#FFC5B2
1	#FFC7B4	#FFC7B4
1	#FFC9B6	#FFC9B6
1	#FFCAB8	#FFCAB8
1	#FFCCBA	#FFCCBA
1	#FFCDBC	#FFCDBC
1	#FFCEBE	#FFCEBE
1	#FFD0BF	#FFD0BF
1	#FFD1C1	#FFD1C1
1	#FFD2C3	#FFD2C3
1	#FFD3C4	#FFD3C4
1	#FFD4C5	#FFD4C5
1	#FFD5C7	#FFD5C7
1	#FFD6C8	#FFD6C8
1	#FFD7C9	#FFD7C9
1	#FFD8CA	#FFD8CA
1	#FFD9CB	#FFD9CB
1	#FFD9CC	#FFD9CC
1	#FFDACD	#FFDACD
1	#FFDACD	#FFDACD
1	#FFDBCE	#FFDBCE
1	#FFDBCE	#FFDBCE
1	#FFDBCF	#FFDBCF
1	#FFDCCF	#FFDCCF
1	#FFDCCF	#FFDCCF
1	#FFDCD0	#FFDCD0
1	#FFDCD0	#FFDCD0
1	#FFDCD0	#FFDCD0
1	#FFDCD0	#FFDCD0
1	#FFDCCF	#FFDCCF
1	#FFDCCF	#FFDCCF
1	#FFDBCF	#FFDBCF
1	#FFDBCE	#FFDBCE
1	#FFDBCE	#FFDBCE
1	#FFDACD	#FFDACD
1	#FFDACD	#FFDACD
1	#FFD9CC	#FFD9CC
1	#FFD8CB	#FFD8CB
1	#FFD8CA	#FFD8CA
1	#FFD7C9	#FFD7C9
1	#FFD6C8	#FFD6C8
1	#FFD5C7	#FFD5C7
1	#FFD4C5	#FFD4C5
1	#FFD3C4	#FFD3C4
1	#FFD2C3	#FFD2C3
1	#FFD1C1	#FFD1C1
1	#FFD0BF	#FFD0BF
1	#FFCEBE	#FFCEBE
1	#FFCDBC	#FFCDBC
1	#FFCCBA	#FFCCBA
1	#FFCAB8	#FFCAB8
1	#FFC9B6	#FFC9B6
1	#FFC7B4	#FFC7B4
1	#FFC5B2	#FFC5B2
1	#FFC3B0	#FFC3B0
1	#FFC2AD	#FFC2AD
1	#FFC0AB	#FFC0AB
1	#FFBEA8	#FFBEA8
1	#FFBCA6	#FFBCA6
1	#FFBAA3	#FFBAA3
1	#FFB7A0	#FFB7A0
1	#FFB59D	#FFB59D
1	#FFB39B	#FFB39B
1	#FFB098	#FFB098
1	#FFAE95	#FFAE95
1	#FFAB91	#FFAB91
1	#FFA98E	#FFA98E
1	#FFA68B	#FFA68B
1	#FFA388	#FFA388
1	#FFA88D	#FFA88D
1	#FFAB91	#FFAB91
1	#FFAD94	#FFAD94
1	#FFB096	#FFB096
1	#FFB299	#FFB299
1	#FFB49C	#FFB49C
1	#FFB69F	#FFB69F
1	#FFB8A2	#FFB8A2
1	#FFBAA4	#FFBAA4
1	#FFBCA7	#FFBCA7
1	#FFBEA9	#FFBEA9
1	#FFC0AB	#FFC0AB
1	#FFC2AE	#FFC2AE
1	#FFC4B0	#FFC4B0
1	#FFC5B2	#FFC5B2
1	#FFC7B4	#FFC7B4
1	#FFC8B6	#FFC8B6
1	#FFCAB8	#FFCAB8
1	#FFCBB9	#FFCBB9
1	#FFCCBB	#FFCCBB
1	#FFCEBD	#FFCEBD
1	#FFCFBE	#FFCFBE
1	#FFD0C0	#FFD0C0
1	#FFD1C1	#FFD1C1
1	#FFD2C2	#FFD2C2
1	#FFD3C3	#FFD3C3
1	#FFD4C4	#FFD4C4
1	#FFD4C5	#FFD4C5
1	#FFD5C6	#FFD5C6
1	#FFD6C7	#FFD6C7
1	#FFD6C8	#FFD6C8
1	#FFD7C9	#FFD7C9
1	#FFD7C9	#FFD7C9
1	#FFD8CA	#FFD8CA
1	#FFD8CA	#FFD8CA
1	#FFD8CA	#FFD8CA
1	#FFD8CB	#FFD8CB
1	#FFD8CB	#FFD8CB
1	#FFD9CB	#FFD9CB
1	#FFD9CB	#FFD9CB
1	#FFD8CB	#FFD8CB
1	#FFD8CB	#FFD8CB
1	#FFD8CA	#FFD8CA
1	#FFD8CA	#FFD8CA
1	#FFD8CA	#FFD8CA
1	#FFD7C9	#FFD7C9
1	#FFD7C9	#FFD7C9
1	#FFD6C8	#FFD6C8
1	#FFD6C7	#FFD6C7
1	#FFD5C6	#FFD5C6
1	#FFD4C5	#FFD4C5
1	#FFD3C4	#FFD3C4
1	#FFD3C3	#FFD3C3
1	#FFD2C2	#FFD2C2
1	#FFD1C1	#FFD1C1
1	#FFD0BF	#FFD0BF
1	#FFCEBE	#FFCEBE
1	#FFCDBC	#FFCDBC
1	#FFCCBB	#FFCCBB
1	#FFCBB9	#FFCBB9
1	#FFC9B7	#FFC9B7
1	#FFC8B5	#FFC8B5
1	#FFC6B3	#FFC6B3
1	#FFC5B1	#FFC5B1
1	#FFC3AF	#FFC3AF
1	#FFC1AD	#FFC1AD
1	#FFC0AB	#FFC0AB
1	#FFBEA8	#FFBEA8
1	#FFBCA6	#FFBCA6
1	#FFBAA3	#FFBAA3
1	#FFB8A1	#FFB8A1
1	#FFB69E	#FFB69E
1	#FFB49B	#FFB49B
1	#FFB199	#FFB199
1	#FFAF96	#FFAF96
1	#FFAD93	#FFAD93
1	#FFAA90	#FFAA90
1	#FFA78D	#FFA78D
1	#FFA589	#FFA589
1	#FFA286	#FFA286
1	#FF9F83	#FF9F83
1	#FFA589	#FFA589
1	#FFA78C	#FFA78C
1	#FFAA8F	#FFAA8F
1	#FFAC92	#FFAC92
1	#FFAE95	#FFAE95
1	#FFB198	#FFB198
1	#FFB39A	#FFB39A
1	#FFB59D	#FFB59D
1	#FFB7A0	#FFB7A0
1	#FFB9A2	#FFB9A2
1	#FFBBA4	#FFBBA4
1	#FFBDA7	#FFBDA7
1	#FFBEA9	#FFBEA9
1	#FFC0AB	#FFC0AB
1	#FFC2AD	#FFC2AD
1	#FFC3AF	#FFC3AF
1	#FFC5B1	#FFC5B1
1	#FFC6B3	#FFC6B3
1	#FFC7B5	#FFC7B5
1	#FFC9B6	#FFC9B6
1	#FFCAB8	#FFCAB8
1	#FFCBB9	#FFCBB9
1	#FFCCBB	#FFCCBB
1	#FFCDBC	#FFCDBC
1	#FFCEBD	#FFCEBD
1	#FFCFBF	#FFCFBF
1	#FFD0C0	#FFD0C0
1	#FFD1C1	#FFD1C1
1	#FFD1C2	#FFD1C2
1	#FFD2C2	#FFD2C2
1	#FFD3C3	#FFD3C3
1	#FFD3C4	#FFD3C4
1	#FFD4C4	#FFD4C4
1	#FFD4C5	#FFD4C5
1	#FFD4C5	#FFD4C5
1	#FFD5C6	#FFD5C6
1	#FFD5C6	#FFD5C6
1	#FFD5C6	#FFD5C6
1	#FFD5C6	#FFD5C6
1	#FFD5C6	#FFD5C6
1	#FFD5C6	#FFD5C6
1	#FFD5C6	#FFD5C6
1	#FFD4C6	#FFD4C6
1	#FFD4C5	#FFD4C5
1	#FFD4C5	#FFD4C5
1	#FFD3C4	#FFD3C4
1	#FFD3C4	#FFD3C4
1	#FFD2C3	#FFD2C3
1	#FFD2C2	#FFD2C2
1	#FFD1C1	#FFD1C1
1	#FFD0C0	#FFD0C0
1	#FFD0BF	#FFD0BF
1	#FFCFBE	#FFCFBE
1	#FFCEBD	#FFCEBD
1	#FFCDBC	#FFCDBC
1	#FFCCBA	#FFCCBA
1	#FFCBB9	#FFCBB9
1	#FFC9B7	#FFC9B7
1	#FFC8B6	#FFC8B6
1	#FFC7B4	#FFC7B4
1	#FFC5B2	#FFC5B2
1	#FFC4B0	#FFC4B0
1	#FFC3AE	#FFC3AE
1	#FFC1AC	#FFC1AC
1	#FFBFAA	#FFBFAA
1	#FFBEA8	#FFBEA8
1	#FFBCA6	#FFBCA6
1	#FFBAA3	#FFBAA3
1	#FFB8A1	#FFB8A1
1	#FFB69E	#FFB69E
1	#FFB49C	#FFB49C
1	#FFB299	#FFB299
1	#FFB096	#FFB096
1	#FFAD94	#FFAD94
1	#FFAB91	#FFAB91
1	#FFA88E	#FFA88E
1	#FFA68B	#FFA68B
1	#FFA388	#FFA388
1	#FFA184	#FFA184
1	#FF9E81	#FF9E81
1	#FF9B7E	#FF9B7E
1	#FFA185	#FFA185
1	#FFA388	#FFA388
1	#FFA68B	#FFA68B
1	#FFA88E	#FFA88E
1	#FFAB90	#FFAB90
1	#FFAD93	#FFAD93
1	#FFAF96	#FFAF96
1	#FFB198	#FFB198
1	#FFB39B	#FFB39B
1	#FFB59D	#FFB59D
1	#FFB7A0	#FFB7A0
1	#FFB9A2	#FFB9A2
1	#FFBBA4	#FFBBA4
1	#FFBCA6	#FFBCA6
1	#FFBEA8	#FFBEA8
1	#FFBFAA	#FFBFAA
1	#FFC1AC	#FFC1AC
1	#FFC2AE	#FFC2AE
1	#FFC4B0	#FFC4B0
1	#FFC5B2	#FFC5B2
1	#FFC6B3	#FFC6B3
1	#FFC7B5	#FFC7B5
1	#FFC8B6	#FFC8B6
1	#FFC9B7	#FFC9B7
1	#FFCAB9	#FFCAB9
1	#FFCBBA	#FFCBBA
1	#FFCCBB	#FFCCBB
1	#FFCDBC	#FFCDBC
1	#FFCEBD	#FFCEBD
1	#FFCEBD	#FFCEBD
1	#FFCFBE	#FFCFBE
1	#FFCFBF	#FFCFBF
1	#FFD0BF	#FFD0BF
1	#FFD0C0	#FFD0C0
1	#FFD0C0	#FFD0C0
1	#FFD1C1	#FFD1C1
1	#FFD1C1	#FFD1C1
1	#FFD1C1	#FFD1C1
1	#FFD1C1	#FFD1C1
1	#FFD1C1	#FFD1C1
1	#FFD1C1	#FFD1C1
1	#FFD1C1	#FFD1C1
1	#FFD1C0	#FFD1C0
1	#FFD0C0	#FFD0C0
1	#FFD0C0	#FFD0C0
1	#FFCFBF	#FFCFBF
1	#FFCFBE	#FFCFBE
1	#FFCEBE	#FFCEBE
1	#FFCEBD	#FFCEBD
1	#FFCDBC	#FFCDBC
1	#FFCCBB	#FFCCBB
1	#FFCCBA	#FFCCBA
1	#FFCBB9	#FFCBB9
1	#FFCAB8	#FFCAB8
1	#FFC9B6	#FFC9B6
1	#FFC8B5	#FFC8B5
1	#FFC7B4	#FFC7B4
1	#FFC5B2	#FFC5B2
1	#FFC4B0	#FFC4B0
1	#FFC3AF	#FFC3AF
1	#FFC1AD	#FFC1AD
1	#FFC0AB	#FFC0AB
1	#FFBEA9	#FFBEA9
1	#FFBDA7	#FFBDA7
1	#FFBBA5	#FFBBA5
1	#FFB9A3	#FFB9A3
1	#FFB8A1	#FFB8A1
1	#FFB69E	#FFB69E
1	#FFB49C	#FFB49C
1	#FFB299	#FFB299
1	#FFB097	#FFB097
1	#FFAE94	#FFAE94
1	#FFAB91	#FFAB91
1	#FFA98F	#FFA98F
1	#FFA78C	#FFA78C
1	#FFA489	#FFA489
1	#FFA286	#FFA286
1	#FF9F83	#FF9F83
1	#FF9C7F	#FF9C7F
1	#FF9A7C	#FF9A7C
1	#FF9779	#FF9779
1	#FF9D80	#FF9D80
1	#FF9F83	#FF9F83
1	#FFA286	#FFA286
1	#FFA489	#FFA489
1	#FFA78C	#FFA78C
1	#FFA98E	#FFA98E
1	#FFAB91	#FFAB91
1	#FFAD94	#FFAD94
1	#FFAF96	#FFAF96
1	#FFB199	#FFB199
1	#FFB39B	#FFB39B
1	#FFB59D	#FFB59D
1	#FFB79F	#FFB79F
1	#FFB8A1	#FFB8A1
1	#FFBAA4	#FFBAA4
1	#FFBCA5	#FFBCA5
1	#FFBDA7	#FFBDA7
1	#FFBEA9	#FFBEA9
1	#FFC0AB	#FFC0AB
1	#FFC1AD	#FFC1AD
1	#FFC2AE	#FFC2AE
1	#FFC3B0	#FFC3B0
1	#FFC5B1	#FFC5B1
1	#FFC6B2	#FFC6B2
1	#FFC6B3	#FFC6B3
1	#FFC7B5	#FFC7B5
1	#FFC8B6	#FFC8B6
1	#FFC9B7	#FFC9B7
1	#FFCAB8	#FFCAB8
1	#FFCAB8	#FFCAB8
1	#FFCBB9	#FFCBB9
1	#FFCBBA	#FFCBBA
1	#FFCCBA	#FFCCBA
1	#FFCCBB	#FFCCBB
1	#FFCCBB	#FFCCBB
1	#FFCDBB	#FFCDBB
1	#FFCDBC	#FFCDBC
1	#FFCDBC	#FFCDBC
1	#FFCDBC	#FFCDBC
1	#FFCDBC	#FFCDBC
1	#FFCDBC	#FFCDBC
1	#FFCDBB	#FFCDBB
1	#FFCCBB	#FFCCBB
1	#FFCCBB	#FFCCBB
1	#FFCCBA	#FFCCBA
1	#FFCBBA	#FFCBBA
1	#FFCBB9	#FFCBB9
1	#FFCAB8	#FFCAB8
1	#FFCAB8	#FFCAB8
1	#FFC9B7	#FFC9B7
1	#FFC8B6	#FFC8B6
1	#FFC7B5	#FFC7B5
1	#FFC7B4	#FFC7B4
1	#FFC6B2	#FFC6B2
1	#FFC5B1	#FFC5B1
1	#FFC4B0	#FFC4B0
1	#FFC2AE	#FFC2AE
1	#FFC1AD	#FFC1AD
1	#FFC0AB	#FFC0AB
1	#FFBFA9	#FFBFA9
1	#FFBDA8	#FFBDA8
1	#FFBCA6	#FFBCA6
1	#FFBAA4	#FFBAA4
1	#FFB9A2	#FFB9A2
1	#FFB7A0	#FFB7A0
1	#FFB59D	#FFB59D
1	#FFB39B	#FFB39B
1	#FFB199	#FFB199
1	#FFAF96	#FFAF96
1	#FFAD94	#FFAD94
1	#FFAB91	#FFAB91
1	#FFA98F	#FFA98F
1	#FFA78C	#FFA78C
1	#FFA589	#FFA589
1	#FFA286	#FFA286
1	#FFA083	#FFA083
1	#FF9D80	#FF9D80
1	#FF9A7D	#FF9A7D
1	#FF987A	#FF987A
1	#FF9577	#FF9577
1	#FF9273	#FF9273
1	#FF997B	#FF997B
1	#FF9B7E	#FF9B7E
1	#FF9E81	#FF9E81
1	#FFA084	#FFA084
1	#FFA287	#FFA287
1	#FFA589	#FFA589
1	#FFA78C	#FFA78C
1	#FFA98F	#FFA98F
1	#FFAB91	#FFAB91
1	#FFAD93	#FFAD93
1	#FFAF96	#FFAF96
1	#FFB198	#FFB198
1	#FFB39A	#FFB39A
1	#FFB49C	#FFB49C
1	#FFB69E	#FFB69E
1	#FFB7A0	#FFB7A0
1	#FFB9A2	#FFB9A2
1	#FFBAA4	#FFBAA4
1	#FFBCA6	#FFBCA6
1	#FFBDA7	#FFBDA7
1	#FFBEA9	#FFBEA9
1	#FFBFAA	#FFBFAA
1	#FFC0AC	#FFC0AC
1	#FFC1AD	#FFC1AD
1	#FFC2AE	#FFC2AE
1	#FFC3AF	#FFC3AF
1	#FFC4B0	#FFC4B0
1	#FFC5B1	#FFC5B1
1	#FFC5B2	#FFC5B2
1	#FFC6B3	#FFC6B3
1	#FFC7B4	#FFC7B4
1	#FFC7B4	#FFC7B4
1	#FFC8B5	#FFC8B5
1	#FFC8B5	#FFC8B5
1	#FFC8B6	#FFC8B6
1	#FFC8B6	#FFC8B6
1	#FFC9B6	#FFC9B6
1	#FFC9B6	#FFC9B6
1	#FFC9B6	#FFC9B6
1	#FFC9B6	#FFC9B6
1	#FFC9B6	#FFC9B6
1	#FFC8B6	#FFC8B6
1	#FFC8B6	#FFC8B6
1	#FFC8B5	#FFC8B5
1	#FFC8B5	#FFC8B5
1	#FFC7B4	#FFC7B4
1	#FFC7B4	#FFC7B4
1	#FFC6B3	#FFC6B3
1	#FFC5B2	#FFC5B2
1	#FFC5B1	#FFC5B1
1	#FFC4B0	#FFC4B0
1	#FFC3AF	#FFC3AF
1	#FFC2AE	#FFC2AE
1	#FFC1AD	#FFC1AD
1	#FFC0AC	#FFC0AC
1	#FFBFAA	#FFBFAA
1	#FFBEA9	#FFBEA9
1	#FFBDA7	#FFBDA7
1	#FFBCA6	#FFBCA6
1	#FFBAA4	#FFBAA4
1	#FFB9A2	#FFB9A2
1	#FFB7A0	#FFB7A0
1	#FFB69E	#FFB69E
1	#FFB49C	#FFB49C
1	#FFB29A	#FFB29A
1	#FFB198	#FFB198
1	#FFAF96	#FFAF96
1	#FFAD93	#FFAD93
1	#FFAB91	#FFAB91
1	#FFA98E	#FFA98E
1	#FFA78C	#FFA78C
1	#FFA589	#FFA589
1	#FFA286	#FFA286
1	#FFA084	#FFA084
1	#FF9D81	#FF9D81
1	#FF9B7E	#FF9B7E
1	#FF987B	#FF987B
1	#FF9678	#FF9678
1	#FF9374	#FF9374
1	#FF9071	#FF9071
1	#FF8D6E	#FF8D6E
1	#FF9476	#FF9476
1	#FF9779	#FF9779
1	#FF997C	#FF997C
1	#FF9C7F	#FF9C7F
1	#FF9E81	#FF9E81
1	#FFA084	#FFA084
1	#FFA387	#FFA387
1	#FFA589	#FFA589
1	#FFA78C	#FFA78C
1	#FFA98E	#FFA98E
1	#FFAB91	#FFAB91
1	#FFAC93	#FFAC93
1	#FFAE95	#FFAE95
1	#FFB097	#FFB097
1	#FFB299	#FFB299
1	#FFB39B	#FFB39B
1	#FFB59D	#FFB59D
1	#FFB69F	#FFB69F
1	#FFB7A0	#FFB7A0
1	#FFB9A2	#FFB9A2
1	#FFBAA3	#FFBAA3
1	#FFBBA5	#FFBBA5
1	#FFBCA6	#FFBCA6
1	#FFBDA7	#FFBDA7
1	#FFBEA9	#FFBEA9
1	#FFBFAA	#FFBFAA
1	#FFC0AB	#FFC0AB
1	#FFC0AC	#FFC0AC
1	#FFC1AD	#FFC1AD
1	#FFC2AD	#FFC2AD
1	#FFC2AE	#FFC2AE
1	#FFC3AF	#FFC3AF
1	#FFC3AF	#FFC3AF
1	#FFC4B0	#FFC4B0
1	#FFC4B0	#FFC4B0
1	#FFC4B0	#FFC4B0
1	#FFC4B1	#FFC4B1
1	#FFC4B1	#FFC4B1
1	#FFC4B1	#FFC4B1
1	#FFC4B1	#FFC4B1
1	#FFC4B0	#FFC4B0
1	#FFC4B0	#FFC4B0
1	#FFC4B0	#FFC4B0
1	#FFC3B0	#FFC3B0
1	#FFC3AF	#FFC3AF
1	#FFC3AF	#FFC3AF
1	#FFC2AE	#FFC2AE
1	#FFC2AD	#FFC2AD
1	#FFC1AC	#FFC1AC
1	#FFC0AB	#FFC0AB
1	#FFBFAA	#FFBFAA
1	#FFBFA9	#FFBFA9
1	#FFBEA8	#FFBEA8
1	#FFBDA7	#FFBDA7
1	#FFBCA6	#FFBCA6
1	#FFBBA4	#FFBBA4
1	#FFB9A3	#FFB9A3
1	#FFB8A1	#FFB8A1
1	#FFB7A0	#FFB7A0
1	#FFB69E	#FFB69E
1	#FFB49C	#FFB49C
1	#FFB39A	#FFB39A
1	#FFB198	#FFB198
1	#FFAF96	#FFAF96
1	#FFAE94	#FFAE94
1	#FFAC92	#FFAC92
1	#FFAA90	#FFAA90
1	#FFA88D	#FFA88D
1	#FFA68B	#FFA68B
1	#FFA489	#FFA489
1	#FFA286	#FFA286
1	#FFA083	#FFA083
1	#FF9D81	#FF9D81
1	#FF9B7E	#FF9B7E
1	#FF997B	#FF997B
1	#FF9678	#FF9678
1	#FF9375	#FF9375
1	#FF9172	#FF9172
1	#FF8E6F	#FF8E6F
1	#FF8B6B	#FF8B6B
1	#FF8868	#FF8868
1	#FF9071	#FF9071
1	#FF9274	#FF9274
1	#FF9576	#FF9576
1	#FF9779	#FF9779
1	#FF9A7C	#FF9A7C
1	#FF9C7F	#FF9C7F
1	#FF9E81	#FF9E81
1	#FFA084	#FFA084
1	#FFA286	#FFA286
1	#FFA489	#FFA489
1	#FFA68B	#FFA68B
1	#FFA88D	#FFA88D
1	#FFAA8F	#FFAA8F
1	#FFAB91	#FFAB91
1	#FFAD93	#FFAD93
1	#FFAF95	#FFAF95
1	#FFB097	#FFB097
1	#FFB299	#FFB299
1	#FFB39B	#FFB39B
1	#FFB49C	#FFB49C
1	#FFB59E	#FFB59E
1	#FFB69F	#FFB69F
1	#FFB8A0	#FFB8A0
1	#FFB9A2	#FFB9A2
1	#FFBAA3	#FFBAA3
1	#FFBAA4	#FFBAA4
1	#FFBBA5	#FFBBA5
1	#FFBCA6	#FFBCA6
1	#FFBDA7	#FFBDA7
1	#FFBDA8	#FFBDA8
1	#FFBEA8	#FFBEA8
1	#FFBEA9	#FFBEA9
1	#FFBFA9	#FFBFA9
1	#FFBFAA	#FFBFAA
1	#FFBFAA	#FFBFAA
1	#FFBFAA	#FFBFAA
1	#FFC0AB	#FFC0AB
1	#FFC0AB	#FFC0AB
1	#FFC0AB	#FFC0AB
1	#FFC0AB	#FFC0AB
1	#FFC0AB	#FFC0AB
1	#FFBFAA	#FFBFAA
1	#FFBFAA	#FFBFAA
1	#FFBFAA	#FFBFAA
1	#FFBEA9	#FFBEA9
1	#FFBEA9	#FFBEA9
1	#FFBDA8	#FFBDA8
1	#FFBDA7	#FFBDA7
1	#FFBCA6	#FFBCA6
1	#FFBCA6	#FFBCA6
1	#FFBBA5	#FFBBA5
1	#FFBAA3	#FFBAA3
1	#FFB9A2	#FFB9A2
1	#FFB8A1	#FFB8A1
1	#FFB7A0	#FFB7A0
1	#FFB69E	#FFB69E
1	#FFB59D	#FFB59D
1	#FFB39B	#FFB39B
1	#FFB29A	#FFB29A
1	#FFB198	#FFB198
1	#FFAF96	#FFAF96
1	#FFAE94	#FFAE94
1	#FFAC92	#FFAC92
1	#FFAB90	#FFAB90
1	#FFA98E	#FFA98E
1	#FFA78C	#FFA78C
1	#FFA58A	#FFA58A
1	#FFA388	#FFA388
1	#FFA185	#FFA185
1	#FF9F83	#FF9F83
1	#FF9D80	#FF9D80
1	#FF9B7D	#FF9B7D
1	#FF987B	#FF987B
1	#FF9678	#FF9678
1	#FF9375	#FF9375
1	#FF9172	#FF9172
1	#FF8E6F	#FF8E6F
1	#FF8B6C	#FF8B6C
1	#FF8969	#FF8969
1	#FF8666	#FF8666
1	#FF8362	#FF8362
1	#FF8B6B	#FF8B6B
1	#FF8D6E	#FF8D6E
1	#FF9071	#FF9071
1	#FF9274	#FF9274
1	#FF9577	#FF9577
1	#FF9779	#FF9779
1	#FF997C	#FF997C
1	#FF9B7E	#FF9B7E
1	#FF9D81	#FF9D81
1	#FF9F83	#FF9F83
1	#FFA185	#FFA185
1	#FFA388	#FFA388
1	#FFA58A	#FFA58A
1	#FFA78C	#FFA78C
1	#FFA88E	#FFA88E
1	#FFAA90	#FFAA90
1	#FFAB91	#FFAB91
1	#FFAD93	#FFAD93
1	#FFAE95	#FFAE95
1	#FFAF96	#FFAF96
1	#FFB198	#FFB198
1	#FFB299	#FFB299
1	#FFB39B	#FFB39B
1	#FFB49C	#FFB49C
1	#FFB59D	#FFB59D
1	#FFB69E	#FFB69E
1	#FFB69F	#FFB69F
1	#FFB7A0	#FFB7A0
1	#FFB8A1	#FFB8A1
1	#FFB8A2	#FFB8A2
1	#FFB9A2	#FFB9A2
1	#FFBAA3	#FFBAA3
1	#FFBAA3	#FFBAA3
1	#FFBAA4	#FFBAA4
1	#FFBBA4	#FFBBA4
1	#FFBBA4	#FFBBA4
1	#FFBBA5	#FFBBA5
1	#FFBBA5	#FFBBA5
1	#FFBBA5	#FFBBA5
1	#FFBBA5	#FFBBA5
1	#FFBBA5	#FFBBA5
1	#FFBBA4	#FFBBA4
1	#FFBAA4	#FFBAA4
1	#FFBAA4	#FFBAA4
1	#FFBAA3	#FFBAA3
1	#FFB9A3	#FFB9A3
1	#FFB9A2	#FFB9A2
1	#FFB8A1	#FFB8A1
1	#FFB7A0	#FFB7A0
1	#FFB79F	#FFB79F
1	#FFB69E	#FFB69E
1	#FFB59D	#FFB59D
1	#FFB49C	#FFB49C
1	#FFB39B	#FFB39B
1	#FFB29A	#FFB29A
1	#FFB198	#FFB198
1	#FFB097	#FFB097
1	#FFAF95	#FFAF95
1	#FFAD94	#FFAD94
1	#FFAC92	#FFAC92
1	#FFAA90	#FFAA90
1	#FFA98E	#FFA98E
1	#FFA78C	#FFA78C
1	#FFA58A	#FFA58A
1	#FFA488	#FFA488
1	#FFA286	#FFA286
1	#FFA084	#FFA084
1	#FF9E81	#FF9E81
1	#FF9C7F	#FF9C7F
1	#FF9A7C	#FF9A7C
1	#FF987A	#FF987A
1	#FF9577	#FF9577
1	#FF9375	#FF9375
1	#FF9172	#FF9172
1	#FF8E6F	#FF8E6F
1	#FF8B6C	#FF8B6C
1	#FF8969	#FF8969
1	#FF8666	#FF8666
1	#FF8363	#FF8363
1	#FF805F	#FF805F
1	#FF7D5C	#FF7D5C
1	#FF8665	#FF8665
1	#FF8868	#FF8868
1	#FF8B6B	#FF8B6B
1	#FF8D6E	#FF8D6E
1	#FF9071	#FF9071
1	#FF9273	#FF9273
1	#FF9476	#FF9476
1	#FF9679	#FF9679
1	#FF997B	#FF997B
1	#FF9B7D	#FF9B7D
1	#FF9C80	#FF9C80
1	#FF9E82	#FF9E82
1	#FFA084	#FFA084
1	#FFA286	#FFA286
1	#FFA388	#FFA388
1	#FFA58A	#FFA58A
1	#FFA68B	#FFA68B
1	#FFA88D	#FFA88D
1	#FFA98F	#FFA98F
1	#FFAB90	#FFAB90
1	#FFAC92	#FFAC92
1	#FFAD93	#FFAD93
1	#FFAE95	#FFAE95
1	#FFAF96	#FFAF96
1	#FFB097	#FFB097
1	#FFB198	#FFB198
1	#FFB299	#FFB299
1	#FFB29A	#FFB29A
1	#FFB39B	#FFB39B
1	#FFB49C	#FFB49C
1	#FFB49C	#FFB49C
1	#FFB59D	#FFB59D
1	#FFB59D	#FFB59D
1	#FFB59E	#FFB59E
1	#FFB69E	#FFB69E
1	#FFB69E	#FFB69E
1	#FFB69E	#FFB69E
1	#FFB69F	#FFB69F
1	#FFB69F	#FFB69F
1	#FFB69E	#FFB69E
1	#FFB69E	#FFB69E
1	#FFB69E	#FFB69E
1	#FFB59E	#FFB59E
1	#FFB59D	#FFB59D
1	#FFB59D	#FFB59D
1	#FFB49C	#FFB49C
1	#FFB49C	#FFB49C
1	#FFB39B	#FFB39B
1	#FFB29A	#FFB29A
1	#FFB299	#FFB299
1	#FFB198	#FFB198
1	#FFB097	#FFB097
1	#FFAF96	#FFAF96
1	#FFAE95	#FFAE95
1	#FFAD93	#FFAD93
1	#FFAC92	#FFAC92
1	#FFAB90	#FFAB90
1	#FFA98F	#FFA98F
1	#FFA88D	#FFA88D
1	#FFA78C	#FFA78C
1	#FFA58A	#FFA58A
1	#FFA488	#FFA488
1	#FFA286	#FFA286
1	#FFA084	#FFA084
1	#FF9E82	#FF9E82
1	#FF9D80	#FF9D80
1	#FF9B7D	#FF9B7D
1	#FF997B	#FF997B
1	#FF9779	#FF9779
1	#FF9476	#FF9476
1	#FF9274	#FF9274
1	#FF9071	#FF9071
1	#FF8E6E	#FF8E6E
1	#FF8B6B	#FF8B6B
1	#FF8869	#FF8869
1	#FF8666	#FF8666
1	#FF8363	#FF8363
1	#FF8060	#FF8060
1	#FF7D5C	#FF7D5C
1	#FF7A59	#FF7A59
1	#FF7756	#FF7756
1	#FF8060	#FF8060
1	#FF8363	#FF8363
1	#FF8665	#FF8665
1	#FF8868	#FF8868
1	#FF8A6B	#FF8A6B
1	#FF8D6D	#FF8D6D
1	#FF8F70	#FF8F70
1	#FF9173	#FF9173
1	#FF9375	#FF9375
1	#FF9577	#FF9577
1	#FF9779	#FF9779
1	#FF997C	#FF997C
1	#FF9B7E	#FF9B7E
1	#FF9D80	#FF9D80
1	#FF9E82	#FF9E82
1	#FFA084	#FFA084
1	#FFA185	#FFA185
1	#FFA387	#FFA387
1	#FFA489	#FFA489
1	#FFA58A	#FFA58A
1	#FFA78C	#FFA78C
1	#FFA88D	#FFA88D
1	#FFA98E	#FFA98E
1	#FFAA90	#FFAA90
1	#FFAB91	#FFAB91
1	#FFAC92	#FFAC92
1	#FFAC93	#FFAC93
1	#FFAD94	#FFAD94
1	#FFAE94	#FFAE94
1	#FFAE95	#FFAE95
1	#FFAF96	#FFAF96
1	#FFAF96	#FFAF96
1	#FFB097	#FFB097
1	#FFB097	#FFB097
1	#FFB098	#FFB098
1	#FFB198	#FFB198
1	#FFB198	#FFB198
1	#FFB198	#FFB198
1	#FFB198	#FFB198
1	#FFB198	#FFB198
1	#FFB198	#FFB198
1	#FFB098	#FFB098
1	#FFB097	#FFB097
1	#FFB097	#FFB097
1	#FFAF96	#FFAF96
1	#FFAF96	#FFAF96
1	#FFAE95	#FFAE95
1	#FFAE94	#FFAE94
1	#FFAD94	#FFAD94
1	#FFAC93	#FFAC93
1	#FFAC92	#FFAC92
1	#FFAB91	#FFAB91
1	#FFAA8F	#FFAA8F
1	#FFA98E	#FFA98E
1	#FFA88D	#FFA88D
1	#FFA68B	#FFA68B
1	#FFA58A	#FFA58A
1	#FFA488	#FFA488
1	#FFA387	#FFA387
1	#FFA185	#FFA185
1	#FFA083	#FFA083
1	#FF9E81	#FF9E81
1	#FF9C7F	#FF9C7F
1	#FF9B7D	#FF9B7D
1	#FF997B	#FF997B
1	#FF9779	#FF9779
1	#FF9577	#FF9577
1	#FF9375	#FF9375
1	#FF9172	#FF9172
1	#FF8F70	#FF8F70
1	#FF8C6D	#FF8C6D
1	#FF8A6A	#FF8A6A
1	#FF8868	#FF8868
1	#FF8565	#FF8565
1	#FF8362	#FF8362
1	#FF805F	#FF805F
1	#FF7D5C	#FF7D5C
1	#FF7A59	#FF7A59
1	#FF7756	#FF7756
1	#FF7453	#FF7453
1	#FF714F	#FF714F
1	#FF7B5A	#FF7B5A
1	#FF7D5C	#FF7D5C
1	#FF805F	#FF805F
1	#FF8362	#FF8362
1	#FF8565	#FF8565
1	#FF8767	#FF8767
1	#FF8A6A	#FF8A6A
1	#FF8C6C	#FF8C6C
1	#FF8E6F	#FF8E6F
1	#FF9071	#FF9071
1	#FF9273	#FF9273
1	#FF9475	#FF9475
1	#FF9677	#FF9677
1	#FF9779	#FF9779
1	#FF997B	#FF997B
1	#FF9B7D	#FF9B7D
1	#FF9C7F	#FF9C7F
1	#FF9D81	#FF9D81
1	#FF9F82	#FF9F82
1	#FFA084	#FFA084
1	#FFA185	#FFA185
1	#FFA287	#FFA287
1	#FFA488	#FFA488
1	#FFA589	#FFA589
1	#FFA58A	#FFA58A
1	#FFA68B	#FFA68B
1	#FFA78C	#FFA78C
1	#FFA88D	#FFA88D
1	#FFA98E	#FFA98E
1	#FFA98F	#FFA98F
1	#FFAA8F	#FFAA8F
1	#FFAA90	#FFAA90
1	#FFAB90	#FFAB90
1	#FFAB91	#FFAB91
1	#FFAB91	#FFAB91
1	#FFAB91	#FFAB91
1	#FFAB91	#FFAB91
1	#FFAB92	#FFAB92
1	#FFAB91	#FFAB91
1	#FFAB91	#FFAB91
1	#FFAB91	#FFAB91
1	#FFAB91	#FFAB91
1	#FFAB91	#FFAB91
1	#FFAA90	#FFAA90
1	#FFAA90	#FFAA90
1	#FFA98F	#FFA98F
1	#FFA98E	#FFA98E
1	#FFA88E	#FFA88E
1	#FFA88D	#FFA88D
1	#FFA78C	#FFA78C
1	#FFA68B	#FFA68B
1	#FFA58A	#FFA58A
1	#FFA489	#FFA489
1	#FFA387	#FFA387
1	#FFA286	#FFA286
1	#FFA185	#FFA185
1	#FFA083	#FFA083
1	#FF9E82	#FF9E82
1	#FF9D80	#FF9D80
1	#FF9C7E	#FF9C7E
1	#FF9A7D	#FF9A7D
1	#FF987B	#FF987B
1	#FF9779	#FF9779
1	#FF9577	#FF9577
1	#FF9375	#FF9375
1	#FF9172	#FF9172
1	#FF8F70	#FF8F70
1	#FF8D6E	#FF8D6E
1	#FF8B6B	#FF8B6B
1	#FF8969	#FF8969
1	#FF8766	#FF8766
1	#FF8464	#FF8464
1	#FF8261	#FF8261
1	#FF7F5E	#FF7F5E
1	#FF7C5B	#FF7C5B
1	#FF7A58	#FF7A58
1	#FF7755	#FF7755
1	#FF7452	#FF7452
1	#FF714F	#FF714F
1	#FF6D4C	#FF6D4C
1	#FF6A49	#FF6A49
1	#FF7553	#FF7553
1	#FF7756	#FF7756
1	#FF7A59	#FF7A59
1	#FF7D5C	#FF7D5C
1	#FF7F5E	#FF7F5E
1	#FF8261	#FF8261
1	#FF8464	#FF8464
1	#FF8666	#FF8666
1	#FF8868	#FF8868
1	#FF8A6B	#FF8A6B
1	#FF8C6D	#FF8C6D
1	#FF8E6F	#FF8E6F
1	#FF9071	#FF9071
1	#FF9273	#FF9273
1	#FF9375	#FF9375
1	#FF9577	#FF9577
1	#FF9679	#FF9679
1	#FF987A	#FF987A
1	#FF997C	#FF997C
1	#FF9B7D	#FF9B7D
1	#FF9C7F	#FF9C7F
1	#FF9D80	#FF9D80
1	#FF9E81	#FF9E81
1	#FF9F83	#FF9F83
1	#FFA084	#FFA084
1	#FFA185	#FFA185
1	#FFA286	#FFA286
1	#FFA286	#FFA286
1	#FFA387	#FFA387
1	#FFA488	#FFA488
1	#FFA489	#FFA489
1	#FFA589	#FFA589
1	#FFA58A	#FFA58A
1	#FFA58A	#FFA58A
1	#FFA68A	#FFA68A
1	#FFA68B	#FFA68B
1	#FFA68B	#FFA68B
1	#FFA68B	#FFA68B
1	#FFA68B	#FFA68B
1	#FFA68B	#FFA68B
1	#FFA68A	#FFA68A
1	#FFA58A	#FFA58A
1	#FFA58A	#FFA58A
1	#FFA589	#FFA589
1	#FFA489	#FFA489
1	#FFA488	#FFA488
1	#FFA388	#FFA388
1	#FFA387	#FFA387
1	#FFA286	#FFA286
1	#FFA185	#FFA185
1	#FFA084	#FFA084
1	#FF9F83	#FF9F83
1	#FF9E82	#FF9E82
1	#FF9D81	#FF9D81
1	#FF9C7F	#FF9C7F
1	#FF9B7E	#FF9B7E
1	#FF9A7C	#FF9A7C
1	#FF997B	#FF997B
1	#FF9779	#FF9779
1	#FF9678	#FF9678
1	#FF9476	#FF9476
1	#FF9274	#FF9274
1	#FF9172	#FF9172
1	#FF8F70	#FF8F70
1	#FF8D6E	#FF8D6E
1	#FF8B6C	#FF8B6C
1	#FF8969	#FF8969
1	#FF8767	#FF8767
1	#FF8565	#FF8565
1	#FF8362	#FF8362
1	#FF8060	#FF8060
1	#FF7E5D	#FF7E5D
1	#FF7B5A	#FF7B5A
1	#FF7957	#FF7957
1	#FF7655	#FF7655
1	#FF7352	#FF7352
1	#FF704F	#FF704F
1	#FF6D4B	#FF6D4B
1	#FF6A48	#FF6A48
1	#FF6645	#FF6645
1	#FF6342	#FF6342
1	#FF6E4D	#FF6E4D
1	#FF7150	#FF7150
1	#FF7453	#FF7453
1	#FF7755	#FF7755
1	#FF7958	#FF7958
1	#FF7C5B	#FF7C5B
1	#FF7E5D	#FF7E5D
1	#FF805F	#FF805F
1	#FF8262	#FF8262
1	#FF8464	#FF8464
1	#FF8666	#FF8666
1	#FF8868	#FF8868
1	#FF8A6A	#FF8A6A
1	#FF8C6C	#FF8C6C
1	#FF8E6E	#FF8E6E
1	#FF8F70	#FF8F70
1	#FF9172	#FF9172
1	#FF9273	#FF9273
1	#FF9375	#FF9375
1	#FF9577	#FF9577
1	#FF9678	#FF9678
1	#FF9779	#FF9779
1	#FF987B	#FF987B
1	#FF997C	#FF997C
1	#FF9A7D	#FF9A7D
1	#FF9B7E	#FF9B7E
1	#FF9C7F	#FF9C7F
1	#FF9D80	#FF9D80
1	#FF9D80	#FF9D80
1	#FF9E81	#FF9E81
1	#FF9E82	#FF9E82
1	#FF9F82	#FF9F82
1	#FF9F83	#FF9F83
1	#FF9F83	#FF9F83
1	#FFA083	#FFA083
1	#FFA084	#FFA084
1	#FFA084	#FFA084
1	#FFA084	#FFA084
1	#FFA084	#FFA084
1	#FFA084	#FFA084
1	#FFA083	#FFA083
1	#FFA083	#FFA083
1	#FF9F83	#FF9F83
1	#FF9F82	#FF9F82
1	#FF9E82	#FF9E82
1	#FF9E81	#FF9E81
1	#FF9D81	#FF9D81
1	#FF9D80	#FF9D80
1	#FF9C7F	#FF9C7F
1	#FF9B7E	#FF9B7E
1	#FF9A7D	#FF9A7D
1	#FF997C	#FF997C
1	#FF987B	#FF987B
1	#FF977A	#FF977A
1	#FF9678	#FF9678
1	#FF9577	#FF9577
1	#FF9475	#FF9475
1	#FF9274	#FF9274
1	#FF9172	#FF9172
1	#FF8F70	#FF8F70
1	#FF8E6F	#FF8E6F
1	#FF8C6D	#FF8C6D
1	#FF8B6B	#FF8B6B
1	#FF8969	#FF8969
1	#FF8767	#FF8767
1	#FF8565	#FF8565
1	#FF8362	#FF8362
1	#FF8160	#FF8160
1	#FF7E5E	#FF7E5E
1	#FF7C5B	#FF7C5B
1	#FF7A59	#FF7A59
1	#FF7756	#FF7756
1	#FF7453	#FF7453
1	#FF7250	#FF7250
1	#FF6F4D	#FF6F4D
1	#FF6C4B	#FF6C4B
1	#FF6947	#FF6947
1	#FF6644	#FF6644
1	#FF6241	#FF6241
1	#FF5F3E	#FF5F3E
1	#FF5B3A	#FF5B3A
1	#FF6846	#FF6846
1	#FF6B49	#FF6B49
1	#FF6D4C	#FF6D4C
1	#FF704F	#FF704F
1	#FF7351	#FF7351
1	#FF7554	#FF7554
1	#FF7856	#FF7856
1	#FF7A59	#FF7A59
1	#FF7C5B	#FF7C5B
1	#FF7E5D	#FF7E5D
1	#FF8060	#FF8060
1	#FF8262	#FF8262
1	#FF8464	#FF8464
1	#FF8666	#FF8666
1	#FF8767	#FF8767
1	#FF8969	#FF8969
1	#FF8B6B	#FF8B6B
1	#FF8C6D	#FF8C6D
1	#FF8D6E	#FF8D6E
1	#FF8F70	#FF8F70
1	#FF9071	#FF9071
1	#FF9172	#FF9172
1	#FF9274	#FF9274
1	#FF9375	#FF9375
1	#FF9476	#FF9476
1	#FF9577	#FF9577
1	#FF9678	#FF9678
1	#FF9779	#FF9779
1	#FF9779	#FF9779
1	#FF987A	#FF987A
1	#FF987B	#FF987B
1	#FF997B	#FF997B
1	#FF997C	#FF997C
1	#FF997C	#FF997C
1	#FF9A7C	#FF9A7C
1	#FF9A7D	#FF9A7D
1	#FF9A7D	#FF9A7D
1	#FF9A7D	#FF9A7D
1	#FF9A7D	#FF9A7D
1	#FF9A7D	#FF9A7D
1	#FF9A7C	#FF9A7C
1	#FF997C	#FF997C
1	#FF997C	#FF997C
1	#FF997B	#FF997B
1	#FF987B	#FF987B
1	#FF987A	#FF987A
1	#FF9779	#FF9779
1	#FF9779	#FF9779
1	#FF9678	#FF9678
1	#FF9577	#FF9577
1	#FF9476	#FF9476
1	#FF9375	#FF9375
1	#FF9274	#FF9274
1	#FF9172	#FF9172
1	#FF9071	#FF9071
1	#FF8F70	#FF8F70
1	#FF8D6E	#FF8D6E
1	#FF8C6D	#FF8C6D
1	#FF8B6B	#FF8B6B
1	#FF8969	#FF8969
1	#FF8767	#FF8767
1	#FF8666	#FF8666
1	#FF8464	#FF8464
1	#FF8262	#FF8262
1	#FF8060	#FF8060
1	#FF7E5D	#FF7E5D
1	#FF7C5B	#FF7C5B
1	#FF7A59	#FF7A59
1	#FF7856	#FF7856
1	#FF7554	#FF7554
1	#FF7351	#FF7351
1	#FF704F	#FF704F
1	#FF6D4C	#FF6D4C
1	#FF6B49	#FF6B49
1	#FF6846	#FF6846
1	#FF6543	#FF6543
1	#FF6140	#FF6140
1	#FF5E3D	#FF5E3D
1	#FF5A3A	#FF5A3A
1	#FF5736	#FF5736
1	#FF5333	#FF5333
1	#FF603F	#FF603F
1	#FF6342	#FF6342
1	#FF6645	#FF6645
1	#FF6948	#FF6948
1	#FF6C4A	#FF6C4A
1	#FF6E4D	#FF6E4D
1	#FF714F	#FF714F
1	#FF7352	#FF7352
1	#FF7554	#FF7554
1	#FF7856	#FF7856
1	#FF7A59	#FF7A59
1	#FF7C5B	#FF7C5B
1	#FF7E5D	#FF7E5D
1	#FF7F5F	#FF7F5F
1	#FF8160	#FF8160
1	#FF8362	#FF8362
1	#FF8464	#FF8464
1	#FF8666	#FF8666
1	#FF8767	#FF8767
1	#FF8869	#FF8869
1	#FF8A6A	#FF8A6A
1	#FF8B6B	#FF8B6B
1	#FF8C6C	#FF8C6C
1	#FF8D6E	#FF8D6E
1	#FF8E6F	#FF8E6F
1	#FF8F70	#FF8F70
1	#FF9071	#FF9071
1	#FF9071	#FF9071
1	#FF9172	#FF9172
1	#FF9273	#FF9273
1	#FF9273	#FF9273
1	#FF9374	#FF9374
1	#FF9374	#FF9374
1	#FF9375	#FF9375
1	#FF9375	#FF9375
1	#FF9475	#FF9475
1	#FF9475	#FF9475
1	#FF9475	#FF9475
1	#FF9475	#FF9475
1	#FF9475	#FF9475
1	#FF9375	#FF9375
1	#FF9375	#FF9375
1	#FF9374	#FF9374
1	#FF9274	#FF9274
1	#FF9273	#FF9273
1	#FF9173	#FF9173
1	#FF9172	#FF9172
1	#FF9071	#FF9071
1	#FF8F70	#FF8F70
1	#FF8F6F	#FF8F6F
1	#FF8E6E	#FF8E6E
1	#FF8D6D	#FF8D6D
1	#FF8C6C	#FF8C6C
1	#FF8B6B	#FF8B6B
1	#FF896A	#FF896A
1	#FF8868	#FF8868
1	#FF8767	#FF8767
1	#FF8565	#FF8565
1	#FF8464	#FF8464
1	#FF8262	#FF8262
1	#FF8160	#FF8160
1	#FF7F5E	#FF7F5E
1	#FF7D5C	#FF7D5C
1	#FF7B5A	#FF7B5A
1	#FF7958	#FF7958
1	#FF7756	#FF7756
1	#FF7554	#FF7554
1	#FF7351	#FF7351
1	#FF704F	#FF704F
1	#FF6E4C	#FF6E4C
1	#FF6B4A	#FF6B4A
1	#FF6947	#FF6947
1	#FF6644	#FF6644
1	#FF6342	#FF6342
1	#FF603F	#FF603F
1	#FF5D3C	#FF5D3C
1	#FF5939	#FF5939
1	#FF5635	#FF5635
1	#FF5232	#FF5232
1	#FF4E2F	#FF4E2F
1	#FF4A2B	#FF4A2B
1	#FF5938	#FF5938
1	#FF5C3B	#FF5C3B
1	#FF5F3E	#FF5F3E
1	#FF6241	#FF6241
1	#FF6543	#FF6543
1	#FF6746	#FF6746
1	#FF6A48	#FF6A48
1	#FF6C4B	#FF6C4B
1	#FF6E4D	#FF6E4D
1	#FF714F	#FF714F
1	#FF7351	#FF7351
1	#FF7553	#FF7553
1	#FF7755	#FF7755
1	#FF7957	#FF7957
1	#FF7A59	#FF7A59
1	#FF7C5B	#FF7C5B
1	#FF7E5D	#FF7E5D
1	#FF7F5E	#FF7F5E
1	#FF8060	#FF8060
1	#FF8261	#FF8261
1	#FF8363	#FF8363
1	#FF8464	#FF8464
1	#FF8565	#FF8565
1	#FF8666	#FF8666
1	#FF8767	#FF8767
1	#FF8868	#FF8868
1	#FF8969	#FF8969
1	#FF8A6A	#FF8A6A
1	#FF8A6B	#FF8A6B
1	#FF8B6B	#FF8B6B
1	#FF8C6C	#FF8C6C
1	#FF8C6D	#FF8C6D
1	#FF8C6D	#FF8C6D
1	#FF8D6D	#FF8D6D
1	#FF8D6E	#FF8D6E
1	#FF8D6E	#FF8D6E
1	#FF8D6E	#FF8D6E
1	#FF8D6E	#FF8D6E
1	#FF8D6E	#FF8D6E
1	#FF8D6E	#FF8D6E
1	#FF8D6D	#FF8D6D
1	#FF8D6D	#FF8D6D
1	#FF8C6D	#FF8C6D
1	#FF8C6C	#FF8C6C
1	#FF8B6C	#FF8B6C
1	#FF8B6B	#FF8B6B
1	#FF8A6B	#FF8A6B
1	#FF896A	#FF896A
1	#FF8969	#FF8969
1	#FF8868	#FF8868
1	#FF8767	#FF8767
1	#FF8666	#FF8666
1	#FF8565	#FF8565
1	#FF8463	#FF8463
1	#FF8362	#FF8362
1	#FF8161	#FF8161
1	#FF805F	#FF805F
1	#FF7E5E	#FF7E5E
1	#FF7D5C	#FF7D5C
1	#FF7B5A	#FF7B5A
1	#FF7A58	#FF7A58
1	#FF7857	#FF7857
1	#FF7655	#FF7655
1	#FF7453	#FF7453
1	#FF7251	#FF7251
1	#FF704E	#FF704E
1	#FF6E4C	#FF6E4C
1	#FF6B4A	#FF6B4A
1	#FF6947	#FF6947
1	#FF6645	#FF6645
1	#FF6342	#FF6342
1	#FF613F	#FF613F
1	#FF5E3D	#FF5E3D
1	#FF5B3A	#FF5B3A
1	#FF5737	#FF5737
1	#FF5434	#FF5434
1	#FF5031	#FF5031
1	#FF4C2D	#FF4C2D
1	#FF482A	#FF482A
1	#FF4426	#FF4426
1	#FF3F23	#FF3F23
1	#FF5031	#FF5031
1	#FF5434	#FF5434
1	#FF5736	#FF5736
1	#FF5A39	#FF5A39
1	#FF5D3C	#FF5D3C
1	#FF603E	#FF603E
1	#FF6241	#FF6241
1	#FF6543	#FF6543
1	#FF6746	#FF6746
1	#FF6948	#FF6948
1	#FF6C4A	#FF6C4A
1	#FF6E4C	#FF6E4C
1	#FF704E	#FF704E
1	#FF7150	#FF7150
1	#FF7352	#FF7352
1	#FF7554	#FF7554
1	#FF7755	#FF7755
1	#FF7857	#FF7857
1	#FF7A58	#FF7A58
1	#FF7B5A	#FF7B5A
1	#FF7C5B	#FF7C5B
1	#FF7D5C	#FF7D5C
1	#FF7E5E	#FF7E5E
1	#FF805F	#FF805F
1	#FF8060	#FF8060
1	#FF8161	#FF8161
1	#FF8262	#FF8262
1	#FF8363	#FF8363
1	#FF8463	#FF8463
1	#FF8464	#FF8464
1	#FF8564	#FF8564
1	#FF8565	#FF8565
1	#FF8665	#FF8665
1	#FF8666	#FF8666
1	#FF8666	#FF8666
1	#FF8666	#FF8666
1	#FF8666	#FF8666
1	#FF8666	#FF8666
1	#FF8666	#FF8666
1	#FF8666	#FF8666
1	#FF8666	#FF8666
1	#FF8666	#FF8666
1	#FF8565	#FF8565
1	#FF8565	#FF8565
1	#FF8464	#FF8464
1	#FF8464	#FF8464
1	#FF8363	#FF8363
1	#FF8262	#FF8262
1	#FF8261	#FF8261
1	#FF8160	#FF8160
1	#FF805F	#FF805F
1	#FF7F5E	#FF7F5E
1	#FF7E5D	#FF7E5D
1	#FF7D5C	#FF7D5C
1	#FF7B5A	#FF7B5A
1	#FF7A59	#FF7A59
1	#FF7957	#FF7957
1	#FF7756	#FF7756
1	#FF7654	#FF7654
1	#FF7453	#FF7453
1	#FF7251	#FF7251
1	#FF704F	#FF704F
1	#FF6E4D	#FF6E4D
1	#FF6C4B	#FF6C4B
1	#FF6A49	#FF6A49
1	#FF6847	#FF6847
1	#FF6644	#FF6644
1	#FF6342	#FF6342
1	#FF603F	#FF603F
1	#FF5E3D	#FF5E3D
1	#FF5B3A	#FF5B3A
1	#FF5837	#FF5837
1	#FF5535	#FF5535
1	#FF5132	#FF5132
1	#FF4E2F	#FF4E2F
1	#FF4A2C	#FF4A2C
1	#FF4628	#FF4628
1	#FF4225	#FF4225
1	#FF3D21	#FF3D21
1	#FF381D	#FF381D
1	#FF3319	#FF3319
1	#FF4729	#FF4729
1	#FF4A2C	#FF4A2C
1	#FF4E2F	#FF4E2F
1	#FF5132	#FF5132
1	#FF5434	#FF5434
1	#FF5737	#FF5737
1	#FF5A39	#FF5A39
1	#FF5D3C	#FF5D3C
1	#FF5F3E	#FF5F3E
1	#FF6140	#FF6140
1	#FF6442	#FF6442
1	#FF6645	#FF6645
1	#FF6847	#FF6847
1	#FF6A48	#FF6A48
1	#FF6C4A	#FF6C4A
1	#FF6D4C	#FF6D4C
1	#FF6F4E	#FF6F4E
1	#FF714F	#FF714F
1	#FF7251	#FF7251
1	#FF7452	#FF7452
1	#FF7554	#FF7554
1	#FF7655	#FF7655
1	#FF7756	#FF7756
1	#FF7857	#FF7857
1	#FF7958	#FF7958
1	#FF7A59	#FF7A59
1	#FF7B5A	#FF7B5A
1	#FF7C5B	#FF7C5B
1	#FF7C5C	#FF7C5C
1	#FF7D5C	#FF7D5C
1	#FF7E5D	#FF7E5D
1	#FF7E5D	#FF7E5D
1	#FF7E5E	#FF7E5E
1	#FF7F5E	#FF7F5E
1	#FF7F5E	#FF7F5E
1	#FF7F5E	#FF7F5E
1	#FF7F5E	#FF7F5E
1	#FF7F5E	#FF7F5E
1	#FF7F5E	#FF7F5E
1	#FF7F5E	#FF7F5E
1	#FF7F5E	#FF7F5E
1	#FF7E5E	#FF7E5E
1	#FF7E5D	#FF7E5D
1	#FF7E5D	#FF7E5D
1	#FF7D5C	#FF7D5C
1	#FF7D5C	#FF7D5C
1	#FF7C5B	#FF7C5B
1	#FF7B5A	#FF7B5A
1	#FF7A59	#FF7A59
1	#FF7958	#FF7958
1	#FF7857	#FF7857
1	#FF7756	#FF7756
1	#FF7655	#FF7655
1	#FF7554	#FF7554
1	#FF7452	#FF7452
1	#FF7251	#FF7251
1	#FF7150	#FF7150
1	#FF6F4E	#FF6F4E
1	#FF6E4C	#FF6E4C
1	#FF6C4B	#FF6C4B
1	#FF6A49	#FF6A49
1	#FF6847	#FF6847
1	#FF6645	#FF6645
1	#FF6443	#FF6443
1	#FF6241	#FF6241
1	#FF5F3E	#FF5F3E
1	#FF5D3C	#FF5D3C
1	#FF5A3A	#FF5A3A
1	#FF5837	#FF5837
1	#FF5535	#FF5535
1	#FF5232	#FF5232
1	#FF4E2F	#FF4E2F
1	#FF4B2C	#FF4B2C
1	#FF4729	#FF4729
1	#FF4326	#FF4326
1	#FF3F23	#FF3F23
1	#FF3B1F	#FF3B1F
1	#FF361C	#FF361C
1	#FF3018	#FF3018
1	#FF2A13	#FF2A13
1	#FF220E	#FF220E
1	#FF3C20	#FF3C20
1	#FF4023	#FF4023
1	#FF4427	#FF4427
1	#FF4829	#FF4829
1	#FF4B2C	#FF4B2C
1	#FF4E2F	#FF4E2F
1	#FF5131	#FF5131
1	#FF5434	#FF5434
1	#FF5636	#FF5636
1	#FF5938	#FF5938
1	#FF5B3B	#FF5B3B
1	#FF5E3D	#FF5E3D
1	#FF603F	#FF603F
1	#FF6241	#FF6241
1	#FF6442	#FF6442
1	#FF6644	#FF6644
1	#FF6746	#FF6746
1	#FF6947	#FF6947
1	#FF6A49	#FF6A49
1	#FF6C4A	#FF6C4A
1	#FF6D4C	#FF6D4C
1	#FF6E4D	#FF6E4D
1	#FF704E	#FF704E
1	#FF714F	#FF714F
1	#FF7250	#FF7250
1	#FF7351	#FF7351
1	#FF7352	#FF7352
1	#FF7453	#FF7453
1	#FF7554	#FF7554
1	#FF7654	#FF7654
1	#FF7655	#FF7655
1	#FF7755	#FF7755
1	#FF7756	#FF7756
1	#FF7756	#FF7756
1	#FF7756	#FF7756
1	#FF7856	#FF7856
1	#FF7856	#FF7856
1	#FF7856	#FF7856
1	#FF7856	#FF7856
1	#FF7756	#FF7756
1	#FF7756	#FF7756
1	#FF7756	#FF7756
1	#FF7655	#FF7655
1	#FF7655	#FF7655
1	#FF7554	#FF7554
1	#FF7554	#FF7554
1	#FF7453	#FF7453
1	#FF7352	#FF7352
1	#FF7351	#FF7351
1	#FF7250	#FF7250
1	#FF714F	#FF714F
1	#FF704E	#FF704E
1	#FF6E4D	#FF6E4D
1	#FF6D4C	#FF6D4C
1	#FF6C4A	#FF6C4A
1	#FF6A49	#FF6A49
1	#FF6947	#FF6947
1	#FF6746	#FF6746
1	#FF6544	#FF6544
1	#FF6442	#FF6442
1	#FF6241	#FF6241
1	#FF603F	#FF603F
1	#FF5E3D	#FF5E3D
1	#FF5B3B	#FF5B3B
1	#FF5938	#FF5938
1	#FF5636	#FF5636
1	#FF5434	#FF5434
1	#FF5131	#FF5131
1	#FF4E2F	#FF4E2F
1	#FF4B2C	#FF4B2C
1	#FF4729	#FF4729
1	#FF4426	#FF4426
1	#FF4023	#FF4023
1	#FF3C20	#FF3C20
1	#FF371D	#FF371D
1	#FF3219	#FF3219
1	#FF2C15	#FF2C15
1	#FF2611	#FF2611
1	#FF1E0B	#FF1E0B
1	#FF1305	#FF1305
1	#FF0000	#FF0000
