group	y	yend
1	3.15404039966274	0
1	4.13454325062342	0
1	0.891622595068527	0
1	3.74131486430693	0
1	5.44892395740599	0
1	-1.03127487804221	0
1	1.30680649322486	0
1	3.51186265533736	0
1	3.3768784399137	0
1	5.0185056028819	0
1	7.78771488750589	0
1	5.72034595764889	0
1	0.635381758969696	0
1	-0.734022083637422	0
1	3.63081331629488	0
1	2.92393732945823	0
1	1.66190842421557	0
1	1.9362358523877	0
1	5.36223131359011	0
1	2.52313131451625	0
1	2.22972335658098	0
1	6.29141747376619	0
1	2.23908737021511	0
1	1.26796603250535	0
1	5.63632748342423	0
1	3.57105796567967	0
1	5.60806698763597	0
1	0.764167489781314	0
1	-0.17444518454006	0
1	4.79378914027332	0
1	5.82487841023188	0
1	2.19702959276348	0
1	3.81409538082551	0
1	4.77508431036792	0
1	-1.71835902529914	0
1	1.15921044424645	0
1	0.445980928220179	0
1	5.23371145125049	0
1	3.8577850677264	0
1	5.05870491905393	0
1	0.745275042797688	0
1	1.61091547680743	0
1	2.69633017707296	0
1	3.7951085274993	0
1	1.44417112971472	0
1	-0.151127704060958	0
1	6.5891767102709	0
1	4.67368545881144	0
1	1.38142514367834	0
1	3.60582611401275	0
1	3.93049402792093	0
1	-0.391309647495345	0
1	4.05365673950385	0
1	2.27249014564962	0
1	8.44197312053238	0
1	9.36400283597614	0
1	3.36792680397048	0
1	0.79992516820753	0
1	3.16740879637863	0
1	3.28890966910758	0
1	5.32597997545301	0
1	4.15989975797296	0
1	4.62508436734321	0
1	4.06163627243618	0
1	0.608230779812249	0
1	4.8294839147249	0
1	-0.481188747435812	0
1	4.33324569925033	0
1	5.80102519021506	0
1	5.0932953605025	0
1	4.9165814307334	0
1	-0.456534962971283	0
1	5.14135177202561	0
1	2.12915515192639	0
1	0.634625729080186	0
1	1.22970245596479	0
1	-0.0726205702199358	0
1	3.66227344242316	0
1	1.48475845529359	0
1	-0.942749875683684	0
1	2.25470562571975	0
1	1.45455469746355	0
1	5.9562077797599	0
1	1.00075348787141	0
1	2.64536948709188	0
1	5.4497472115574	0
1	3.85947233973299	0
1	4.66148062656714	0
1	5.26710653607515	0
1	5.67437130499998	0
1	3.47718344743641	0
1	8.06212934832508	0
1	4.46707568019753	0
1	2.14281202288332	0
1	4.50017884441262	0
1	2.33311989580417	0
1	0.715168861366957	0
1	2.39296467924709	0
1	-1.31444668642128	0
1	1.42359898546132	0
1	0.830923077088873	0
1	3.96504811467462	0
1	2.55659582756871	0
1	0.359953177768052	0
1	0.889871125530858	0
1	8.25532572744072	0
1	6.65718086356884	0
1	4.95164025311545	0
1	1.22392389665647	0
1	5.77178635818156	0
1	-1.12849707742495	0
1	0.68595546797413	0
1	6.7242030045847	0
1	2.10976515007462	0
1	4.69596914872965	0
1	5.13591868823264	0
1	1.06661786634053	0
1	4.82266797955946	0
1	4.31067057087092	0
1	1.80473276463716	0
1	-0.962946644494261	0
1	5.71251618320364	0
1	2.66474403668948	0
1	4.60023293070514	0
1	1.27069285052165	0
1	4.70195967878535	0
1	2.78585248912112	0
1	4.67946097736106	0
1	3.26473018609395	0
1	1.77718747762825	0
1	2.67108769117817	0
1	4.35982474578546	0
1	6.84974890775299	0
1	-0.893561116752308	0
1	1.0414245237707	0
1	-0.661454181204971	0
1	2.03264325827361	0
1	1.78727384762591	0
1	-1.21476090462747	0
1	2.84035551031012	0
1	-1.92544732339913	0
1	4.74391931814099	0
1	1.23684306104109	0
1	3.52394363702012	0
1	-0.60769795026067	0
1	1.78293700919429	0
1	9.12357248076193	0
1	1.55460162166328	0
1	2.79747309673443	0
1	-2.468480763009	0
1	3.21250437248829	0
1	2.61992310149195	0
1	3.39119933659318	0
1	1.42248703238835	0
1	0.0224335439709509	0
1	2.76441723998846	0
1	4.82227399060934	0
1	4.30581213615538	0
1	1.56461070933343	0
1	8.46238412942214	0
1	5.14145786889453	0
1	0.152141180491686	0
1	5.43955415746924	0
1	3.0929359640409	0
1	-0.522200305679872	0
1	7.93345967206466	0
1	5.10709505665504	0
1	1.13808574947018	0
1	1.36884511637092	0
1	4.38938467747954	0
1	6.83347206322215	0
1	1.16791741174778	0
1	1.77720762258611	0
1	3.4975384431208	0
1	3.04903500163892	0
1	0.557875387409282	0
1	3.70938463379437	0
1	5.7040181250073	0
1	4.42296419835094	0
1	2.99732712778944	0
1	1.77497222628881	0
1	6.82023048077642	0
1	1.12114394749595	0
1	0.0454630274296597	0
1	1.77970022714975	0
1	4.54732905591619	0
1	4.38055630961751	0
1	0.120842644778862	0
1	-0.5227724176263	0
1	0.86190148314876	0
1	1.37532887078729	0
1	4.47059296001707	0
1	3.93126489666456	0
1	2.09693380443249	0
1	1.88443942552515	0
1	0.360592221502674	0
1	8.22015178402632	0
1	-1.07473712331055	0
1	4.91616731797472	0
1	0.54073987584485	0
1	3.15404039966274	0.0597860253548001
1	4.13454325062342	0.0460847575437651
1	0.891622595068527	0.020288743480962
1	3.74131486430693	-0.0228081061075022
1	5.44892395740599	0.0679884847669918
1	-1.03127487804221	-0.0215463681908997
1	1.30680649322486	-0.027494590959614
1	3.51186265533736	0.00898688630104047
1	3.3768784399137	0.0130586075571561
1	5.0185056028819	0.0859666647541008
1	7.78771488750589	0.067436831315738
1	5.72034595764889	0.0712173553380534
1	0.635381758969696	0.00561666922542769
1	-0.734022083637422	0.0445452149038298
1	3.63081331629488	-0.00502645731424187
1	2.92393732945823	0.0299469009491869
1	1.66190842421557	0.00168477949455185
1	1.9362358523877	-0.0335642881278908
1	5.36223131359011	0.0450680683087352
1	2.52313131451625	-0.00600363207565016
1	2.22972335658098	-0.0262133279961094
1	6.29141747376619	0.0666441802086264
1	2.23908737021511	0.0101594272374464
1	1.26796603250535	0.077771646998561
1	5.63632748342423	0.0595660132084015
1	3.57105796567967	0.0442868589877228
1	5.60806698763597	0.0921860919188584
1	0.764167489781314	0.0447657096820875
1	-0.17444518454006	-0.0178582416592695
1	4.79378914027332	0.0501681931697516
1	5.82487841023188	0.0319541359725416
1	2.19702959276348	0.0168558889585678
1	3.81409538082551	0.0304812427876229
1	4.77508431036792	0.0699758266207064
1	-1.71835902529914	-0.0124199591853435
1	1.15921044424645	0.00800133974696212
1	0.445980928220179	-0.00816193383313651
1	5.23371145125049	0.0800349207665138
1	3.8577850677264	0.000901832100418967
1	5.05870491905393	0.0410534701386766
1	0.745275042797688	-0.0115940136012387
1	1.61091547680743	0.0107523236306794
1	2.69633017707296	-0.00670884336552621
1	3.7951085274993	0.0228354595192934
1	1.44417112971472	0.0258319241193888
1	-0.151127704060958	-0.00753433208007996
1	6.5891767102709	0.0909085774160742
1	4.67368545881144	0.0325774224940981
1	1.38142514367834	-0.000203724381200022
1	3.60582611401275	0.00488303522772623
1	3.93049402792093	0.0325273599859974
1	-0.391309647495345	-0.0167682895064477
1	4.05365673950385	0.0376064516727964
1	2.27249014564962	0.0624476735128818
1	8.44197312053238	0.0848238420315095
1	9.36400283597614	0.0811243713173215
1	3.36792680397048	0.0532623981119064
1	0.79992516820753	0.0272565131560229
1	3.16740879637863	0.00883173661508166
1	3.28890966910758	0.0416246057295737
1	5.32597997545301	-0.0234080143367635
1	4.15989975797296	0.0561755363364797
1	4.62508436734321	0.0349117461646578
1	4.06163627243618	0.0511904138805351
1	0.608230779812249	0.010262660277151
1	4.8294839147249	0.0607488172679063
1	-0.481188747435812	0.0324084065225413
1	4.33324569925033	-0.0045727159537686
1	5.80102519021506	0.083080217118587
1	5.0932953605025	-0.0185818227914092
1	4.9165814307334	0.0503321812124586
1	-0.456534962971283	-0.0139707096860293
1	5.14135177202561	0.0493541390003232
1	2.12915515192639	0.0510130352423291
1	0.634625729080186	0.0326903608326146
1	1.22970245596479	-0.0207507095662004
1	-0.0726205702199358	-0.0171705292302072
1	3.66227344242316	0.043788819562767
1	1.48475845529359	-0.00598762952320674
1	-0.942749875683684	-0.0295434125121542
1	2.25470562571975	0.0380482251694675
1	1.45455469746355	0.00234067951241446
1	5.9562077797599	0.0425030859561148
1	1.00075348787141	0.0520954579192488
1	2.64536948709188	-0.00338738862428967
1	5.4497472115574	0.0678586466535317
1	3.85947233973299	0.00251975445349457
1	4.66148062656714	0.0782681088187571
1	5.26710653607515	0.062358841723128
1	5.67437130499998	0.0754906626461096
1	3.47718344743641	0.0631118024189037
1	8.06212934832508	0.086333165394201
1	4.46707568019753	0.0113655714694083
1	2.14281202288332	-0.0187036364694995
1	4.50017884441262	-0.00619247386382074
1	2.33311989580417	-0.00855633068445986
1	0.715168861366957	0.0353989677241298
1	2.39296467924709	0.041206443313534
1	-1.31444668642128	-0.0102991266554712
1	1.42359898546132	0.0161661088125416
1	0.830923077088873	0.00976744680684922
1	3.96504811467462	0.048517043991923
1	2.55659582756871	0.0591754058998532
1	0.359953177768052	-0.0336642656316889
1	0.889871125530858	0.0124958280202833
1	8.25532572744072	0.0665072367249041
1	6.65718086356884	0.0772810867815889
1	4.95164025311545	0.0324633083650338
1	1.22392389665647	-0.0248471545294622
1	5.77178635818156	0.0169593223817541
1	-1.12849707742495	-0.0315421106665855
1	0.68595546797413	-0.000136740824054491
1	6.7242030045847	0.048063445176904
1	2.10976515007462	0.0384576358810754
1	4.69596914872965	0.0748600341659393
1	5.13591868823264	0.0922262848298498
1	1.06661786634053	0.00194854160559443
1	4.82266797955946	0.0806465564113678
1	4.31067057087092	0.0365542982418251
1	1.80473276463716	0.0116466532121984
1	-0.962946644494261	-0.0335556168521285
1	5.71251618320364	0.030217502698716
1	2.66474403668948	0.0316624911747396
1	4.60023293070514	0.0716175933514132
1	1.27069285052165	-0.0030961557541259
1	4.70195967878535	0.0355761802986769
1	2.78585248912112	0.0282157834723118
1	4.67946097736106	0.0672349993100539
1	3.26473018609395	0.0645217354250365
1	1.77718747762825	0.0173511497345713
1	2.67108769117817	0.0200293002817491
1	4.35982474578546	0.084003254259469
1	6.84974890775299	0.0893395338813071
1	-0.893561116752308	0.0113003861871998
1	1.0414245237707	-0.0254306898394387
1	-0.661454181204971	0.0170452379739719
1	2.03264325827361	0.021824790196624
1	1.78727384762591	0.0263063695488211
1	-1.21476090462747	-0.0326890139173722
1	2.84035551031012	0.0286691665541811
1	-1.92544732339913	0.00616088496965179
1	4.74391931814099	0.0166020286400394
1	1.23684306104109	0.0632095658004257
1	3.52394363702012	0.0607296503200798
1	-0.60769795026067	0.000182338527998958
1	1.78293700919429	0.0357464138609495
1	9.12357248076193	0.0714011245247538
1	1.55460162166328	-0.00205229985095958
1	2.79747309673443	0.0804147984477279
1	-2.468480763009	-0.0171969355362354
1	3.21250437248829	0.0149180475398309
1	2.61992310149195	0.0223055780310503
1	3.39119933659318	0.0516552850667999
1	1.42248703238835	0.0356743685937161
1	0.0224335439709509	0.0295945574604196
1	2.76441723998846	0.0706635217252898
1	4.82227399060934	0.0258433587243568
1	4.30581213615538	0.0842331141005268
1	1.56461070933343	0.058212112235126
1	8.46238412942214	0.0665725996503455
1	5.14145786889453	0.0573080929438341
1	0.152141180491686	-0.0211228485013807
1	5.43955415746924	0.0365605985474374
1	3.0929359640409	-0.00633000829479772
1	-0.522200305679872	-0.0192626379833286
1	7.93345967206466	0.0408157524345714
1	5.10709505665504	0.0857067878145637
1	1.13808574947018	0.0507929517334392
1	1.36884511637092	0.000899904355670691
1	4.38938467747954	0.0505194999126238
1	6.83347206322215	0.0128915327052044
1	1.16791741174778	-0.0141216082021626
1	1.77720762258611	-0.0161157330232701
1	3.4975384431208	0.0436127927425873
1	3.04903500163892	0.0450091193602287
1	0.557875387409282	-0.0211679974999886
1	3.70938463379437	0.0111050141476117
1	5.7040181250073	-0.00133011479056718
1	4.42296419835094	0.0161185395333495
1	2.99732712778944	-0.0221493339962176
1	1.77497222628881	0.0561592433671221
1	6.82023048077642	0.0693278070565332
1	1.12114394749595	-0.0200121044005069
1	0.0454630274296597	0.0292220656324837
1	1.77970022714975	-0.0188049458636849
1	4.54732905591619	0.0695933741449019
1	4.38055630961751	-0.00351794386346384
1	0.120842644778862	0.000800572016667812
1	-0.5227724176263	-0.0273724473085452
1	0.86190148314876	0.023528100298853
1	1.37532887078729	0.00243973747236288
1	4.47059296001707	0.0439281828782528
1	3.93126489666456	0.0809435602180892
1	2.09693380443249	-0.0252619401681637
1	1.88443942552515	0.0575083111398886
1	0.360592221502674	0.0180115486712857
1	8.22015178402632	0.0797243115287851
1	-1.07473712331055	-0.0141077904191215
1	4.91616731797472	0.0530449598325355
1	0.54073987584485	-0.00669837929043934
1	3.15404039966274	0.118557790184513
1	4.13454325062342	0.0914919086391127
1	0.891622595068527	0.0405337147991972
1	3.74131486430693	-0.0446010509778687
1	5.44892395740599	0.13476116624381
1	-1.03127487804221	-0.0421085773277589
1	1.30680649322486	-0.0538588689857331
1	3.51186265533736	0.018207698557954
1	3.3768784399137	0.0262510947402515
1	5.0185056028819	0.170275784061957
1	7.78771488750589	0.133671414027324
1	5.72034595764889	0.141139570754041
1	0.635381758969696	0.0115500740659084
1	-0.734022083637422	0.0884506514867621
1	3.63081331629488	-0.00947466657622383
1	2.92393732945823	0.05961271898969
1	1.66190842421557	0.00378290513138457
1	1.9362358523877	-0.0658491246933634
1	5.36223131359011	0.0894835112569639
1	2.52313131451625	-0.0114050059219106
1	2.22972335658098	-0.0513278249920675
1	6.29141747376619	0.132105588056487
1	2.23908737021511	0.0205239699081378
1	1.26796603250535	0.154087108466896
1	5.63632748342423	0.118123171813783
1	3.57105796567967	0.0879402877220109
1	5.60806698763597	0.182561820744343
1	0.764167489781314	0.0888862232624555
1	-0.17444518454006	-0.0348229452821496
1	4.79378914027332	0.0995584457271774
1	5.82487841023188	0.0635778692316365
1	2.19702959276348	0.0337523544793237
1	3.81409538082551	0.060668273344464
1	4.77508431036792	0.138687018941875
1	-1.71835902529914	-0.0240800044623838
1	1.15921044424645	0.0162608213303825
1	0.445980928220179	-0.015668577768912
1	5.23371145125049	0.158558045065835
1	3.8577850677264	0.00223624815641373
1	5.05870491905393	0.0815529576744937
1	0.745275042797688	-0.022448407616702
1	1.61091547680743	0.0216951946275768
1	2.69633017707296	-0.0127981007434636
1	3.7951085274993	0.0455645714742076
1	1.44417112971472	0.0514838744934397
1	-0.151127704060958	-0.0144287950757926
1	6.5891767102709	0.180038181568628
1	4.67368545881144	0.0648091274913799
1	1.38142514367834	5.22998396638302e-05
1	3.60582611401275	0.0101008322035259
1	3.93049402792093	0.0647102325618882
1	-0.391309647495345	-0.0326698222087746
1	4.05365673950385	0.0747436174901363
1	2.27249014564962	0.12381568710002
1	8.44197312053238	0.168018218932682
1	9.36400283597614	0.160710177260053
1	3.36792680397048	0.105670827850977
1	0.79992516820753	0.0542980489660649
1	3.16740879637863	0.0179012113715211
1	3.28890966910758	0.0826811954742929
1	5.32597997545301	-0.0457861270814262
1	4.15989975797296	0.111425525532908
1	4.62508436734321	0.0694204181272077
1	4.06163627243618	0.101577770146852
1	0.608230779812249	0.0207278994468309
1	4.8294839147249	0.120459717234798
1	-0.481188747435812	0.0644752484424824
1	4.33324569925033	-0.00857833274170616
1	5.80102519021506	0.164573811743242
1	5.0932953605025	-0.0362523284225337
1	4.9165814307334	0.0998823924596976
1	-0.456534962971283	-0.0271434019477047
1	5.14135177202561	0.0979503395267027
1	2.12915515192639	0.101227371243876
1	0.634625729080186	0.0650322291586401
1	1.22970245596479	-0.0405368102195104
1	-0.0726205702199358	-0.0334644182174272
1	3.66227344242316	0.086956446206999
1	1.48475845529359	-0.0113733940160029
1	-0.942749875683684	-0.0579061704627582
1	2.25470562571975	0.0756163096596279
1	1.45455469746355	0.00507858903698618
1	5.9562077797599	0.0844165707752844
1	1.00075348787141	0.103365620372323
1	2.64536948709188	-0.0062368027800508
1	5.4497472115574	0.134504680271311
1	3.85947233973299	0.00543233886582466
1	4.66148062656714	0.155067833535741
1	5.26710653607515	0.123640206207879
1	5.67437130499998	0.149581185866023
1	3.47718344743641	0.125127626589794
1	8.06212934832508	0.170999780048903
1	4.46707568019753	0.0229066221823058
1	2.14281202288332	-0.0364929626928269
1	4.50017884441262	-0.0117780494635695
1	2.33311989580417	-0.0164476807400399
1	0.715168861366957	0.0703828897172027
1	2.39296467924709	0.0818551453178137
1	-1.31444668642128	-0.0198904504136028
1	1.42359898546132	0.0323897427865811
1	0.830923077088873	0.0197496404045488
1	3.96504811467462	0.0962967177851178
1	2.55659582756871	0.117351554815287
1	0.359953177768052	-0.0660466231520699
1	0.889871125530858	0.0251393637317599
1	8.25532572744072	0.131835065929632
1	6.65718086356884	0.153118041596109
1	4.95164025311545	0.0645837031333929
1	1.22392389665647	-0.0486290463294855
1	5.77178635818156	0.0339566798613545
1	-1.12849707742495	-0.0618544567264044
1	0.68595546797413	0.000184621099870885
1	6.7242030045847	0.0954006655390219
1	2.10976515007462	0.0764250714455171
1	4.69596914872965	0.148335424088437
1	5.13591868823264	0.182641218985649
1	1.06661786634053	0.00430394845030235
1	4.82266797955946	0.159766287846057
1	4.31067057087092	0.0726651631074463
1	1.80473276463716	0.0234618792037624
1	-0.962946644494261	-0.0658319952038981
1	5.71251618320364	0.0601472735287112
1	2.66474403668948	0.0630017456451546
1	4.60023293070514	0.141930212525953
1	1.27069285052165	-0.00566149292736467
1	4.70195967878535	0.0707329605732139
1	2.78585248912112	0.0561930193519283
1	4.67946097736106	0.133272709233486
1	3.26473018609395	0.127912849114983
1	1.77718747762825	0.0347307069706602
1	2.67108769117817	0.0400212031838853
1	4.35982474578546	0.16639720606424
1	6.84974890775299	0.176938647493586
1	-0.893561116752308	0.0227778532865299
1	1.0414245237707	-0.0497817788937422
1	-0.661454181204971	0.0341264000123609
1	2.03264325827361	0.0435680660014141
1	1.78727384762591	0.0524211077458567
1	-1.21476090462747	-0.0641200826493447
1	2.84035551031012	0.0570886454325076
1	-1.92544732339913	0.012625133620357
1	4.74391931814099	0.0332508714483276
1	1.23684306104109	0.125320751207183
1	3.52394363702012	0.120421854290535
1	-0.60769795026067	0.000814939699971984
1	1.78293700919429	0.0710692448861013
1	9.12357248076193	0.141502593731733
1	1.55460162166328	-0.00359942972159243
1	2.79747309673443	0.159308466447512
1	-2.468480763009	-0.033516581999704
1	3.21250437248829	0.0299242863752127
1	2.61992310149195	0.0445178282244816
1	3.39119933659318	0.10249609016182
1	1.42248703238835	0.0709269245770803
1	0.0224335439709509	0.0589166894498114
1	2.76441723998846	0.140045511783319
1	4.82227399060934	0.0515064627435092
1	4.30581213615538	0.166851277856422
1	1.56461070933343	0.115448636590308
1	8.46238412942214	0.131964185747
1	5.14145786889453	0.113662810680595
1	0.152141180491686	-0.0412719442579758
1	5.43955415746924	0.0726776089137582
1	3.0929359640409	-0.0120497389647585
1	-0.522200305679872	-0.0375972304850973
1	7.93345967206466	0.0810833632318995
1	5.10709505665504	0.169762415623437
1	1.13808574947018	0.100792611901612
1	1.36884511637092	0.00223244003356508
1	4.38938467747954	0.100252427249166
1	6.83347206322215	0.0259210502352825
1	1.16791741174778	-0.0274414912500503
1	1.77720762258611	-0.0313807432184973
1	3.4975384431208	0.0866087177245326
1	3.04903500163892	0.0893670617955339
1	0.557875387409282	-0.0413611328984044
1	3.70938463379437	0.0223919096969508
1	5.7040181250073	-0.00217280442180114
1	4.42296419835094	0.032295773053738
1	2.99732712778944	-0.0432996934556779
1	1.77497222628881	0.11139333992901
1	6.82023048077642	0.137406902312895
1	1.12114394749595	-0.0390777481677942
1	0.0454630274296597	0.0581808582967686
1	1.77970022714975	-0.0366930922064073
1	4.54732905591619	0.137931511236337
1	4.38055630961751	-0.00649470538347071
1	0.120842644778862	0.00203621605209425
1	-0.5227724176263	-0.0536175828772544
1	0.86190148314876	0.0469328341453434
1	1.37532887078729	0.00527427100212036
1	4.47059296001707	0.0872317485396542
1	3.93126489666456	0.160352997774081
1	2.09693380443249	-0.0494484259021398
1	1.88443942552515	0.114058327508117
1	0.360592221502674	0.0360352781709562
1	8.22015178402632	0.157944458575065
1	-1.07473712331055	-0.0274141952009425
1	4.91616731797472	0.105241293971772
1	0.54073987584485	-0.0127774297062509
1	3.15404039966274	0.17633634638187
1	4.13454325062342	0.136233925023496
1	0.891622595068527	0.0607312314348135
1	3.74131486430693	-0.0654095057036192
1	5.44892395740599	0.20034423295553
1	-1.03127487804221	-0.0617165083640098
1	1.30680649322486	-0.079126439991821
1	3.51186265533736	0.0276516766803011
1	3.3768784399137	0.0395692512959206
1	5.0185056028819	0.252964804937858
1	7.78771488750589	0.198729591197476
1	5.72034595764889	0.20979485679109
1	0.635381758969696	0.0177873438974213
1	-0.734022083637422	0.131727817377302
1	3.63081331629488	-0.0133641634631282
1	2.92393732945823	0.0889998198368542
1	1.66190842421557	0.0062790440162051
1	1.9362358523877	-0.0968919166409178
1	5.36223131359011	0.133258163900073
1	2.52313131451625	-0.0162242691528515
1	2.22972335658098	-0.0753762945350658
1	6.29141747376619	0.196409570223799
1	2.23908737021511	0.0310836022028298
1	1.26796603250535	0.228978699447144
1	5.63632748342423	0.175692389930502
1	3.57105796567967	0.130971632040949
1	5.60806698763597	0.27116852828731
1	0.764167489781314	0.13237318645022
1	-0.17444518454006	-0.0509216822038124
1	4.79378914027332	0.148185786582703
1	5.82487841023188	0.0948748224849321
1	2.19702959276348	0.0506835642832983
1	3.81409538082551	0.0905637920071603
1	4.77508431036792	0.206161010023168
1	-1.71835902529914	-0.0350043015465572
1	1.15921044424645	0.0247670674802597
1	0.445980928220179	-0.0225414310163344
1	5.23371145125049	0.235603105271742
1	3.8577850677264	0.003987424967954
1	5.05870491905393	0.121507783597998
1	0.745275042797688	-0.0325868305293
1	1.61091547680743	0.0328189584714037
1	2.69633017707296	-0.0182883613728805
1	3.7951085274993	0.0681852481767561
1	1.44417112971472	0.0769556399124533
1	-0.151127704060958	-0.0207044951726267
1	6.5891767102709	0.267429354249647
1	4.67368545881144	0.0966991280206814
1	1.38142514367834	0.000751557129091834
1	3.60582611401275	0.0156400608792062
1	3.93049402792093	0.0965525994058262
1	-0.391309647495345	-0.0477314868805941
1	4.05365673950385	0.111418659813592
1	2.27249014564962	0.184126759460079
1	8.44197312053238	0.249619862047072
1	9.36400283597614	0.238791832449414
1	3.36792680397048	0.157242255813931
1	0.79992516820753	0.0811252883418935
1	3.16740879637863	0.0271975670193741
1	3.28890966910758	0.123179447887376
1	5.32597997545301	-0.0671653850074905
1	4.15989975797296	0.165768758482752
1	4.62508436734321	0.103531490741759
1	4.06163627243618	0.151177737855423
1	0.608230779812249	0.0313857563474999
1	4.8294839147249	0.179154354723311
1	-0.481188747435812	0.0962044329456601
1	4.33324569925033	-0.0120361018942006
1	5.80102519021506	0.244516423305975
1	5.0932953605025	-0.0530395413573037
1	4.9165814307334	0.148665765346498
1	-0.456534962971283	-0.0395432136281184
1	5.14135177202561	0.145803120703808
1	2.12915515192639	0.150658565981154
1	0.634625729080186	0.0970296887323736
1	1.22970245596479	-0.0593876846474615
1	-0.0726205702199358	-0.0489088076301589
1	3.66227344242316	0.129513913883175
1	1.48475845529359	-0.0161774310711684
1	-0.942749875683684	-0.0851231628003419
1	2.25470562571975	0.112711692484204
1	1.45455469746355	0.00819880642418508
1	5.9562077797599	0.125750683242062
1	1.00075348787141	0.153826723182105
1	2.64536948709188	-0.00856675170924362
1	5.4497472115574	0.199964208069792
1	3.85947233973299	0.00872294322969563
1	4.66148062656714	0.230431800092751
1	5.26710653607515	0.183866756523719
1	5.67437130499998	0.222302456279327
1	3.47718344743641	0.186070607109281
1	8.06212934832508	0.254037520492369
1	4.46707568019753	0.0346138816540607
1	2.14281202288332	-0.0533960794173841
1	4.50017884441262	-0.0167769926718521
1	2.33311989580417	-0.0236957963591858
1	0.715168861366957	0.104957545946452
1	2.39296467924709	0.121955522799892
1	-1.31444668642128	-0.0287968088592761
1	1.42359898546132	0.048664637681608
1	0.830923077088873	0.0299363095136537
1	3.96504811467462	0.143353016289615
1	2.55659582756871	0.17454911625035
1	0.359953177768052	-0.0971845421146306
1	0.889871125530858	0.0379220444512104
1	8.25532572744072	0.196008748536181
1	6.65718086356884	0.227542872281805
1	4.95164025311545	0.0963651258721361
1	1.22392389665647	-0.0713776234074209
1	5.77178635818156	0.0509863049330225
1	-1.12849707742495	-0.0909731787742397
1	0.68595546797413	0.000947612185439928
1	6.7242030045847	0.142025371938856
1	2.10976515007462	0.113910002092626
1	4.69596914872965	0.220456661468133
1	5.13591868823264	0.27128616944829
1	1.06661786634053	0.0070510528157765
1	4.82266797955946	0.237393309702896
1	4.31067057087092	0.108339098067599
1	1.80473276463716	0.0354365835120915
1	-0.962946644494261	-0.0968665365695893
1	5.71251618320364	0.0897918476644681
1	2.66474403668948	0.0940212034819509
1	4.60023293070514	0.210966318708101
1	1.27069285052165	-0.00771433838269657
1	4.70195967878535	0.105476231766809
1	2.78585248912112	0.0839329892751907
1	4.67946097736106	0.198138846439605
1	3.26473018609395	0.190197358609859
1	1.77718747762825	0.0521331495768266
1	2.67108769117817	0.059971863715206
1	4.35982474578546	0.247218072880569
1	6.84974890775299	0.262836900045505
1	-0.893561116752308	0.0344230899923297
1	1.0414245237707	-0.0730855805980189
1	-0.661454181204971	0.0512377724123747
1	2.03264325827361	0.0652271068141716
1	1.78727384762591	0.0783443004937263
1	-1.21476090462747	-0.0943300650167883
1	2.84035551031012	0.0852600021937499
1	-1.92544732339913	0.0193802161327306
1	4.74391931814099	0.0499405371707565
1	1.23684306104109	0.186356752039318
1	3.52394363702012	0.17909825473107
1	-0.60769795026067	0.0018815297468862
1	1.78293700919429	0.105974490624146
1	9.12357248076193	0.210332733245984
1	1.55460162166328	-0.00465906278020917
1	2.79747309673443	0.236714974264217
1	-2.468480763009	-0.0489860965953458
1	3.21250437248829	0.0450116706912829
1	2.61992310149195	0.0666343310642235
1	3.39119933659318	0.152538375458166
1	1.42248703238835	0.105763620381821
1	0.0224335439709509	0.0879685410351914
1	2.76441723998846	0.208173833889576
1	4.82227399060934	0.0769891080084587
1	4.30581213615538	0.247890852679242
1	1.56461070933343	0.171729639325476
1	8.46238412942214	0.196200060144232
1	5.14145786889453	0.169083653345529
1	0.152141180491686	-0.0604769030021629
1	5.43955415746924	0.108357538515143
1	3.0929359640409	-0.0171795440107786
1	-0.522200305679872	-0.0550322283166478
1	7.93345967206466	0.120812004516394
1	5.10709505665504	0.252204167697978
1	1.13808574947018	0.15001440065797
1	1.36884511637092	0.00398178262643985
1	4.38938467747954	0.14921403091914
1	6.83347206322215	0.0390802377094582
1	1.16791741174778	-0.0399848804840468
1	1.77720762258611	-0.0458215107083562
1	3.4975384431208	0.128998698662907
1	3.04903500163892	0.133085625445658
1	0.557875387409282	-0.0606090502013166
1	3.70938463379437	0.0338512529943771
1	5.7040181250073	-0.00254528980751735
1	4.42296419835094	0.0485254065313096
1	2.99732712778944	-0.0634813369275441
1	1.77497222628881	0.165721070375975
1	6.82023048077642	0.204264313018967
1	1.12114394749595	-0.0572258514521235
1	0.0454630274296597	0.0868782897940322
1	1.77970022714975	-0.0536926032186276
1	4.54732905591619	0.205041604830467
1	4.38055630961751	-0.00894887555968678
1	0.120842644778862	0.0036910454940704
1	-0.5227724176263	-0.0787689361294803
1	0.86190148314876	0.0702125476044428
1	1.37532887078729	0.00848874047288332
1	4.47059296001707	0.129921818208278
1	3.93126489666456	0.238262614059722
1	2.09693380443249	-0.0725916649608027
1	1.88443942552515	0.169669674622723
1	0.360592221502674	0.0540660799296959
1	8.22015178402632	0.234693978999561
1	-1.07473712331055	-0.0399444370327258
1	4.91616731797472	0.156605832847894
1	0.54073987584485	-0.0182577339335773
1	3.15404039966274	0.233142250127614
1	4.13454325062342	0.180323004653193
1	0.891622595068527	0.0808777549261979
1	3.74131486430693	-0.0852632992435431
1	5.44892395740599	0.264763244853197
1	-1.03127487804221	-0.0803992205567712
1	1.30680649322486	-0.103329991846726
1	3.51186265533736	0.037308387701485
1	3.3768784399137	0.0530051281415905
1	5.0185056028819	0.334070254614559
1	7.78771488750589	0.262636586250471
1	5.72034595764889	0.277210743117604
1	0.635381758969696	0.0243159898099916
1	-0.734022083637422	0.174387971360027
1	3.63081331629488	-0.0167139295425349
1	2.92393732945823	0.118110556823109
1	1.66190842421557	0.00915830865684882
1	1.9362358523877	-0.126729054554514
1	5.36223131359011	0.176403603980432
1	2.52313131451625	-0.02048099944483
1	2.22972335658098	-0.0983906428813601
1	6.29141747376619	0.259580866591566
1	2.23908737021511	0.0418286064435018
1	1.26796603250535	0.302477947941414
1	5.63632748342423	0.23229408952465
1	3.57105796567967	0.1733919931235
1	5.60806698763597	0.358046535835851
1	0.764167489781314	0.175237992539034
1	-0.17444518454006	-0.066181261802764
1	4.79378914027332	0.196064904722781
1	5.82487841023188	0.125848573544309
1	2.19702959276348	0.0676438857545963
1	3.81409538082551	0.120170478074256
1	4.77508431036792	0.272424572159594
1	-1.71835902529914	-0.0452163422850099
1	1.15921044424645	0.0335090440141505
1	0.445980928220179	-0.028801387886893
1	5.23371145125049	0.311203010057859
1	3.8577850677264	0.00613999741918685
1	5.05870491905393	0.160927076614498
1	0.745275042797688	-0.042032270332179
1	1.61091547680743	0.0441142591704596
1	2.69633017707296	-0.0231996331322392
1	3.7951085274993	0.0906955047459579
1	1.44417112971472	0.102247063437511
1	-0.151127704060958	-0.026381943824339
1	6.5891767102709	0.353121637421316
1	4.67368545881144	0.128251382119182
1	1.38142514367834	0.00187800794537774
1	3.60582611401275	0.0214877848038997
1	3.93049402792093	0.128058388015213
1	-0.391309647495345	-0.0619794279937131
1	4.05365673950385	0.147638604553718
1	2.27249014564962	0.243403070466812
1	8.44197312053238	0.329664601447946
1	9.36400283597614	0.315402910159732
1	3.36792680397048	0.207993258554112
1	0.79992516820753	0.107738943390805
1	3.16740879637863	0.036710275945627
1	3.28890966910758	0.163128840085647
1	5.32597997545301	-0.0875759830375173
1	4.15989975797296	0.219223588849585
1	4.62508436734321	0.137250346059785
1	4.06163627243618	0.20000562958099
1	0.608230779812249	0.0422265762766902
1	4.8294839147249	0.236853873248957
1	-0.481188747435812	0.127599814963946
1	4.33324569925033	-0.0149647281816628
1	5.80102519021506	0.322942818211449
1	5.0932953605025	-0.0689707123825393
1	4.9165814307334	0.196697088897419
1	-0.456534962971283	-0.051194582583279
1	5.14135177202561	0.192926674918246
1	2.12915515192639	0.199321823822097
1	0.634625729080186	0.128686766487099
1	1.22970245596479	-0.0773319067292151
1	-0.0726205702199358	-0.0635300873196845
1	3.66227344242316	0.171472019949813
1	1.48475845529359	-0.0204193086029762
1	-0.942749875683684	-0.111228327242356
1	2.25470562571975	0.149341669050128
1	1.45455469746355	0.0116868443024524
1	5.9562077797599	0.166515436375133
1	1.00075348787141	0.20349463103
1	2.64536948709188	-0.0103952170935821
1	5.4497472115574	0.264262710794498
1	3.85947233973299	0.0123771894151586
1	4.66148062656714	0.304391839349952
1	5.26710653607515	0.243060618354084
1	5.67437130499998	0.293684610412576
1	3.47718344743641	0.245963328991616
1	8.06212934832508	0.335483137534809
1	4.46707568019753	0.0464783679943447
1	2.14281202288332	-0.0694403117403454
1	4.50017884441262	-0.0212089963647338
1	2.33311989580417	-0.0303218124484514
1	0.715168861366957	0.139128615684546
1	2.39296467924709	0.161516797783752
1	-1.31444668642128	-0.0370404000619672
1	1.42359898546132	0.0649847400931272
1	0.830923077088873	0.0403174973351749
1	3.96504811467462	0.189699621236506
1	2.55659582756871	0.230788273887816
1	0.359953177768052	-0.1271144740929
1	0.889871125530858	0.0508355777820153
1	8.25532572744072	0.259052940885522
1	6.65718086356884	0.300586807582902
1	4.95164025311545	0.127811465005067
1	1.22392389665647	-0.0931239586087293
1	5.77178635818156	0.0680426280786562
1	-1.12849707742495	-0.118933433799222
1	0.68595546797413	0.00213623375312161
1	6.7242030045847	0.187950969397287
1	2.10976515007462	0.150919972983349
1	4.69596914872965	0.291253498127445
1	5.13591868823264	0.358201482024866
1	1.06661786634053	0.0101751281134241
1	4.82266797955946	0.31356090377339
1	4.31067057087092	0.143582487184604
1	1.80473276463716	0.0475619557159754
1	-0.962946644494261	-0.126695626243399
1	5.71251618320364	0.119153743514392
1	2.66474403668948	0.12472426458408
1	4.60023293070514	0.278753685724625
1	1.27069285052165	-0.00927249614019624
1	4.70195967878535	0.139811781257634
1	2.78585248912112	0.111436990535872
1	4.67946097736106	0.261858511228521
1	3.26473018609395	0.251398709029472
1	1.77718747762825	0.0695531470625545
1	2.67108769117817	0.0798775851452047
1	4.35982474578546	0.326501184196164
1	6.84974890775299	0.347072876331034
1	-0.893561116752308	0.046227074649103
1	1.0414245237707	-0.0953735237734812
1	-0.661454181204971	0.0683738380672511
1	2.03264325827361	0.0867993112123531
1	1.78727384762591	0.104076080280844
1	-1.21476090462747	-0.123354817657577
1	2.84035551031012	0.113184810710288
1	-1.92544732339913	0.02641397558632
1	4.74391931814099	0.0666652383282781
1	1.23684306104109	0.246340212949965
1	3.52394363702012	0.236779983464727
1	-0.60769795026067	0.00336630463812077
1	1.78293700919429	0.140468042301332
1	9.12357248076193	0.277919184841161
1	1.55460162166328	-0.00524836626041539
1	2.79747309673443	0.312667462309361
1	-2.468480763009	-0.0636318852831588
1	3.21250437248829	0.0601733857250786
1	2.61992310149195	0.088652778424141
1	3.39119933659318	0.20179773711731
1	1.42248703238835	0.140190303284202
1	0.0224335439709509	0.11675225060786
1	2.76441723998846	0.275075679855722
1	4.82227399060934	0.102291144555772
1	4.30581213615538	0.327387308278766
1	1.56461070933343	0.227074716482551
1	8.46238412942214	0.259304919056552
1	5.14145786889453	0.223589665499028
1	0.152141180491686	-0.0787665256301061
1	5.43955415746924	0.143606775257306
1	3.0929359640409	-0.0217392002094544
1	-0.522200305679872	-0.0715952975844824
1	7.93345967206466	0.160010659977737
1	5.10709505665504	0.333068412737452
1	1.13808574947018	0.198473388112259
1	1.36884511637092	0.00613256584245428
1	4.38938467747954	0.197419214217677
1	6.83347206322215	0.0523610441239982
1	1.16791741174778	-0.0517763058132238
1	1.77720762258611	-0.0594637818837143
1	3.4975384431208	0.170793425534071
1	3.04903500163892	0.176176352092172
1	0.557875387409282	-0.0789405778472648
1	3.70938463379437	0.0454739032010176
1	5.7040181250073	-0.00246429762465722
1	4.42296419835094	0.0648013575427426
1	2.99732712778944	-0.0827236914979286
1	1.77497222628881	0.219160778432339
1	6.82023048077642	0.269926416156489
1	1.12114394749595	-0.0744845375591869
1	0.0454630274296597	0.115316271283296
1	1.77970022714975	-0.0698308657995859
1	4.54732905591619	0.270950193913696
1	4.38055630961751	-0.0108985157168204
1	0.120842644778862	0.0057496334547583
1	-0.5227724176263	-0.102859120422422
1	0.86190148314876	0.0933656783288499
1	1.37532887078729	0.01206871894171
1	4.47059296001707	0.172009274258852
1	3.93126489666456	0.314705872048619
1	2.09693380443249	-0.0947229832225095
1	1.88443942552515	0.22436151918379
1	0.360592221502674	0.0720990263220831
1	8.22015178402632	0.310005591994035
1	-1.07473712331055	-0.0517230373942406
1	4.91616731797472	0.207155020369732
1	0.54073987584485	-0.0231592934674506
1	3.15404039966274	0.288995574297075
1	4.13454325062342	0.223771078336419
1	0.891622595068527	0.100969886633181
1	3.74131486430693	-0.104191440819729
1	5.44892395740599	0.328043149176755
1	-1.03127487804221	-0.0981849733322047
1	1.30680649322486	-0.126501318746504
1	3.51186265533736	0.0471677167795276
1	3.3768784399137	0.0665510300820042
1	5.0185056028819	0.413627763981868
1	7.78771488750589	0.325417018602619
1	5.72034595764889	0.34341409575077
1	0.635381758969696	0.0311238941883222
1	-0.734022083637422	0.216442129359972
1	3.63081331629488	-0.0195424071766012
1	2.92393732945823	0.146947270730895
1	1.66190842421557	0.0124062448870871
1	1.9362358523877	-0.155395939587053
1	5.36223131359011	0.218931158132097
1	2.52313131451625	-0.0241942198524323
1	2.22972335658098	-0.120401902828195
1	6.29141747376619	0.321643625538046
1	2.23908737021511	0.0527495645782193
1	1.26796603250535	0.374615614897153
1	5.63632748342423	0.287948212727913
1	3.57105796567967	0.215212233365022
1	5.60806698763597	0.443235170214641
1	0.764167489781314	0.21749178848438
1	-0.17444518454006	-0.0806277518120942
1	4.79378914027332	0.243210157563689
1	5.82487841023188	0.156502656004618
1	2.19702959276348	0.0846278802570203
1	3.81409538082551	0.149490989864289
1	4.77508431036792	0.337503833581862
1	-1.71835902529914	-0.0547389626762587
1	1.15921044424645	0.0424760504226559
1	0.445980928220179	-0.0344687540199686
1	5.23371145125049	0.385389865336722
1	3.8577850677264	0.00867904607232511
1	5.05870491905393	0.199819777657092
1	0.745275042797688	-0.0508070722003444
1	1.61091547680743	0.055572031005331
1	2.69633017707296	-0.0275513581525014
1	3.7951085274993	0.113093455944139
1	1.44417112971472	0.127358040499428
1	-0.151127704060958	-0.0314810737139047
1	6.5891767102709	0.437153598737043
1	4.67368545881144	0.159469793773785
1	1.38142514367834	0.00341607586663675
1	3.60582611401275	0.0276314503955559
1	3.93049402792093	0.159231472626981
1	-0.391309647495345	-0.0754390655700973
1	4.05365673950385	0.183410344230571
1	2.27249014564962	0.301666274697199
1	8.44197312053238	0.408187388895311
1	9.36400283597614	0.390576163716589
1	3.36792680397048	0.257940032239117
1	0.79992516820753	0.134139756114877
1	3.16740879637863	0.0464291311095966
1	3.28890966910758	0.202538652403226
1	5.32597997545301	-0.107047286892945
1	4.15989975797296	0.271807943952256
1	4.62508436734321	0.170582275255145
1	4.06163627243618	0.248076410201106
1	0.608230779812249	0.0532410025293697
1	4.8294839147249	0.293578917832391
1	-0.481188747435812	0.158665198045409
1	4.33324569925033	-0.0173823843275087
1	5.80102519021506	0.399886912059276
1	5.0932953605025	-0.0840723392241031
1	4.9165814307334	0.243990817979693
1	-0.456534962971283	-0.0621212663552295
1	5.14135177202561	0.239334875829332
1	2.12915515192639	0.247232004235852
1	0.634625729080186	0.160007433524059
1	1.22970245596479	-0.0943972630656433
1	-0.0726205702199358	-0.0773539163415297
1	3.66227344242316	0.212841330839117
1	1.48475845529359	-0.0241180401563924
1	-0.942749875683684	-0.136254675510331
1	2.25470562571975	0.185513394404215
1	1.45455469746355	0.015528638278392
1	5.9562077797599	0.20672063255118
1	1.00075348787141	0.25238484662184
1	2.64536948709188	-0.0117396672680417
1	5.4497472115574	0.327425058528231
1	3.85947233973299	0.0163811194452609
1	4.66148062656714	0.376979007280442
1	5.26710653607515	0.301243393487089
1	5.67437130499998	0.363757053723496
1	3.47718344743641	0.304827841476683
1	8.06212934832508	0.415372479861412
1	4.46707568019753	0.0584913799102432
1	2.14281202288332	-0.0846522297761403
1	4.50017884441262	-0.0250931958172562
1	2.33311989580417	-0.0363462690201
1	0.715168861366957	0.172901679639908
1	2.39296467924709	0.200548002107791
1	-1.31444668642128	-0.0446427997017298
1	1.42359898546132	0.0813442014786236
1	0.830923077088873	0.050883552880269
1	3.96504811467462	0.235349908835978
1	2.55659582756871	0.286088737738446
1	0.359953177768052	-0.155871879652058
1	0.889871125530858	0.0638719340935338
1	8.25532572744072	0.320991709976357
1	6.65718086356884	0.372280316928261
1	4.95164025311545	0.158926556706029
1	1.22392389665647	-0.113898272873227
1	5.77178635818156	0.0851202721280398
1	-1.12849707742495	-0.1457694212622
1	0.68595546797413	0.00373494918644371
1	6.7242030045847	0.233190564570468
1	2.10976515007462	0.187462382459468
1	4.69596914872965	0.360754964769041
1	5.13591868823264	0.443426507424946
1	1.06661786634053	0.0136618769193589
1	4.82266797955946	0.388301539438519
1	4.31067057087092	0.178401597729528
1	1.80473276463716	0.0598294615571449
1	-0.962946644494261	-0.155354660225264
1	5.71251618320364	0.148235462667768
1	2.66474403668948	0.155114289234583
1	4.60023293070514	0.345319417436743
1	1.27069285052165	-0.0103532614678202
1	4.70195967878535	0.173745295063833
1	2.78585248912112	0.138706335188645
1	4.67946097736106	0.324456203076564
1	3.26473018609395	0.311539787475522
1	1.77718747762825	0.0869855551035696
1	2.67108769117817	0.0997348146579109
1	4.35982474578546	0.404281004131434
1	6.84974890775299	0.429684211589301
1	-0.893561116752308	0.0581810672271589
1	1.0414245237707	-0.116676176129581
1	-0.661454181204971	0.0855292708626715
1	2.03264325827361	0.108282193361496
1	1.78727384762591	0.129616624480294
1	-1.21476090462747	-0.151229221587244
1	2.84035551031012	0.140864652462627
1	-1.92544732339913	0.0337146177695576
1	4.74391931814099	0.0834193854265573
1	1.23684306104109	0.305293241275528
1	3.52394363702012	0.293487674122077
1	-0.60769795026067	0.00525391737217443
1	1.78293700919429	0.174555687098202
1	9.12357248076193	0.344288923740482
1	1.55460162166328	-0.00538401511203826
1	2.79747309673443	0.387198262240251
1	-2.468480763009	-0.0774796228107871
1	3.21250437248829	0.075402841265592
1	2.61992310149195	0.110570970181055
1	3.39119933659318	0.250289416269517
1	1.42248703238835	0.174212717651399
1	0.0224335439709509	0.14526994956786
1	2.76441723998846	0.340777586579736
1	4.82227399060934	0.127412474611354
1	4.30581213615538	0.405375245371104
1	1.56461070933343	0.2815030056288
1	8.46238412942214	0.321302868325003
1	5.14145786889453	0.277199447489039
1	0.152141180491686	-0.0961688198886494
1	5.43955415746924	0.178431590155311
1	3.0929359640409	-0.0257479245665537
1	-0.522200305679872	-0.0873133405932998
1	7.93345967206466	0.198688129283742
1	5.10709505665504	0.412390627198114
1	1.13808574947018	0.246184302947579
1	1.36884511637092	0.00866986909824644
1	4.38938467747954	0.24488254332736
1	6.83347206322215	0.0657556749983326
1	1.16791741174778	-0.0628396144520444
1	1.77720762258611	-0.0723325889806216
1	3.4975384431208	0.212003360165153
1	3.04903500163892	0.218650533338335
1	0.557875387409282	-0.0963837504131777
1	3.70938463379437	0.057251004186082
1	5.7040181250073	-0.00194607365989966
1	4.42296419835094	0.0811177492771697
1	2.99732712778944	-0.101055374909327
1	1.77497222628881	0.271730381734751
1	6.82023048077642	0.334418954866346
1	1.12114394749595	-0.0908811541689545
1	0.0454630274296597	0.143496712808922
1	1.77970022714975	-0.0851345102674754
1	4.54732905591619	0.335683179441873
1	4.38055630961751	-0.012361171773143
1	0.120842644778862	0.00819700032191043
1	-0.5227724176263	-0.125919857367482
1	0.86190148314876	0.116390752687159
1	1.37532887078729	0.0160002008810383
1	4.47059296001707	0.213504765941133
1	3.93126489666456	0.389715417618186
1	2.09693380443249	-0.115872848116127
1	1.88443942552515	0.278152580520224
1	0.360592221502674	0.0901293654701879
1	8.22015178402632	0.383911218889474
1	-1.07473712331055	-0.062773835288643
1	4.91616731797472	0.256904923490779
1	0.54073987584485	-0.027501544220488
1	3.15404039966274	0.343915920548139
1	4.13454325062342	0.266589816198378
1	0.891622595068527	0.121004363615539
1	3.74131486430693	-0.122222141725779
1	5.44892395740599	0.39020829590927
1	-1.03127487804221	-0.11510124757592
1	1.30680649322486	-0.148671344945944
1	3.51186265533736	0.0572198584373504
1	3.3768784399137	0.080199508720513
1	5.0185056028819	0.491672090419025
1	7.78771488750589	0.387094918890086
1	5.72034595764889	0.408431133835895
1	0.635381758969696	0.0381993005689546
1	-0.734022083637422	0.257901070275853
1	3.63081331629488	-0.0218675140327834
1	2.92393732945823	0.175512289634829
1	1.66190842421557	0.0160088201101618
1	1.9362358523877	-0.182927009682868
1	5.36223131359011	0.260851907928613
1	2.52313131451625	-0.0273824137202235
1	2.22972335658098	-0.141440256919503
1	6.29141747376619	0.382621418841273
1	2.23908737021511	0.0638373499026196
1	1.26796603250535	0.445421713676323
1	5.63632748342423	0.342674233835254
1	3.57105796567967	0.256442982104467
1	5.60806698763597	0.526772789169724
1	0.764167489781314	0.259145480827292
1	-0.17444518454006	-0.0942864980962942
1	4.79378914027332	0.289635579092397
1	5.82487841023188	0.1868405599096
1	2.19702959276348	0.101630297603749
1	3.81409538082551	0.178527964777247
1	4.77508431036792	0.401424294726198
1	-1.71835902529914	-0.0635943604151669
1	1.15921044424645	0.0516577107052382
1	0.445980928220179	-0.039563262180338
1	5.23371145125049	0.458194994657799
1	3.8577850677264	0.0115900850898645
1	5.05870491905393	0.238194644286902
1	0.745275042797688	-0.058932955696673
1	1.61091547680743	0.0671834904936973
1	2.69633017707296	-0.031362428018292
1	3.7951085274993	0.135377313100594
1	1.44417112971472	0.152288517052153
1	-0.151127704060958	-0.0360212542934578
1	6.5891767102709	0.519562856401965
1	4.67368545881144	0.190358213842827
1	1.38142514367834	0.00535063505930802
1	3.60582611401275	0.0340588764970226
1	3.93049402792093	0.190075675118761
1	-0.391309647495345	-0.0881351145113779
1	4.05365673950385	0.218740640959302
1	2.27249014564962	0.358937514611749
1	8.44197312053238	0.485222320199279
1	9.36400283597614	0.464343547341939
1	3.36792680397048	0.307098402061517
1	0.79992516820753	0.160328497149
1	3.16740879637863	0.0563442372195372
1	3.28890966910758	0.241417973026159
1	5.32597997545301	-0.125607855148502
1	4.15989975797296	0.323539335371148
1	4.62508436734321	0.203532480503788
1	4.06163627243618	0.295404705456518
1	0.608230779812249	0.0644199681617934
1	4.8294839147249	0.349349647482517
1	-0.481188747435812	0.189404335206657
1	4.33324569925033	-0.0193067253326676
1	5.80102519021506	0.475381791291809
1	5.0932953605025	-0.0983701866206723
1	4.9165814307334	0.290561081511396
1	-0.456534962971283	-0.0723463603534426
1	5.14135177202561	0.285041286175877
1	2.12915515192639	0.294403630280374
1	0.634625729080186	0.190995606080513
1	1.22970245596479	-0.1106107739432
1	-0.0726205702199358	-0.0904052424500486
1	3.66227344242316	0.253632187579788
1	1.48475845529359	-0.0272920998122576
1	-0.942749875683684	-0.160234317902226
1	2.25470562571975	0.221233886400066
1	1.45455469746355	0.0197105354494829
1	5.9562077797599	0.246375868500037
1	1.00075348787141	0.300512519619697
1	2.64536948709188	-0.0126170710589156
1	5.4497472115574	0.38947552609202
1	3.85947233973299	0.0207211840822492
1	4.66148062656714	0.448223604643175
1	5.26710653607515	0.35843617295937
1	5.67437130499998	0.432548479134059
1	3.47718344743641	0.362685671482851
1	8.06212934832508	0.493740517015125
1	4.46707568019753	0.0706444889227349
1	2.14281202288332	-0.0990576687802173
1	4.50017884441262	-0.0284481836926864
1	2.33311989580417	-0.0417891271514675
1	0.715168861366957	0.206282222036381
1	2.39296467924709	0.239057981887836
1	-1.31444668642128	-0.0516249777437922
1	1.42359898546132	0.0977373723441569
1	0.830923077088873	0.061625122530857
1	3.96504811467462	0.280316957240558
1	2.55659582756871	0.340469755978376
1	0.359953177768052	-0.183491254612458
1	0.889871125530858	0.0770233392014347
1	8.25532572744072	0.381848548311453
1	6.65718086356884	0.442653129699235
1	4.95164025311545	0.189714185773782
1	1.22392389665647	-0.133729957880114
1	5.77178635818156	0.10221404677097
1	-1.12849707742495	-0.171514408488351
1	0.68595546797413	0.00572867142798492
1	6.7242030045847	0.27775697302692
1	2.10976515007462	0.223544485378521
1	4.69596914872965	0.428989389250107
1	5.13591868823264	0.526999626661867
1	1.06661786634053	0.0174974193261822
1	4.82266797955946	0.461646894317765
1	4.31067057087092	0.212802582735981
1	1.80473276463716	0.072230835272107
1	-0.962946644494261	-0.182878071439803
1	5.71251618320364	0.17703948984797
1	2.66474403668948	0.185194598646822
1	4.60023293070514	0.410689964683715
1	1.27069285052165	-0.010973434599943
1	4.70195967878535	0.207282359995912
1	2.78585248912112	0.165742349180799
1	4.67946097736106	0.38595583578129
1	3.26473018609395	0.370642937063091
1	1.77718747762825	0.104425410214769
1	2.67108769117817	0.119540139123918
1	4.35982474578546	0.480591153466093
1	6.84974890775299	0.510707615721172
1	-0.893561116752308	0.0702766015123407
1	1.0414245237707	-0.137023267148521
1	-0.661454181204971	0.102698930224146
1	2.03264325827361	0.129673379524105
1	1.78727384762591	0.154966153697939
1	-1.21476090462747	-0.177987208062269
1	2.84035551031012	0.168301115857179
1	-1.92544732339913	0.041270701260266
1	4.74391931814099	0.100197581321466
1	1.23684306104109	0.363237420528663
1	3.52394363702012	0.349241474616463
1	-0.60769795026067	0.00752946560360618
1	1.78293700919429	0.208243110371839
1	9.12357248076193	0.409468275471476
1	1.55460162166328	-0.0050822052912696
1	2.79747309673443	0.460338917513905
1	-2.468480763009	-0.0905542722189425
1	3.21250437248829	0.0906936653281682
1	2.61992310149195	0.132386810920942
1	3.39119933659318	0.298028307765011
1	1.42248703238835	0.20783650713418
1	0.0224335439709509	0.173523762021535
1	2.76441723998846	0.405305452597954
1	4.82227399060934	0.152353050748535
1	4.30581213615538	0.481888417799627
1	1.56461070933343	0.335033197298882
1	8.46238412942214	0.382217438290322
1	5.14145786889453	0.329931166522114
1	0.152141180491686	-0.112711021491911
1	5.43955415746924	0.212838139889956
1	3.0929359640409	-0.0292243893627081
1	-0.522200305679872	-0.10221251619917
1	7.93345967206466	0.23685303238303
1	5.10709505665504	0.490205418018931
1	1.13808574947018	0.293161540817647
1	1.36884511637092	0.011579205440359
1	4.38938467747954	0.291618255603269
1	6.83347206322215	0.0792565852177818
1	1.16791741174778	-0.0731979891636869
1	1.77720762258611	-0.0844522691420126
1	3.4975384431208	0.252638741684612
1	3.04903500163892	0.260519216632713
1	0.557875387409282	-0.112965829749497
1	3.70938463379437	0.0691739766364115
1	5.7040181250073	-0.00100639580342321
1	4.42296419835094	0.0974689047032507
1	2.99732712778944	-0.118504217098478
1	1.77497222628881	0.32344738243175
1	6.82023048077642	0.397767054452448
1	1.12114394749595	-0.106442293996426
1	0.0454630274296597	0.171421522845303
1	1.77970022714975	-0.0996294305247823
1	4.54732905591619	0.399265840453152
1	4.38055630961751	-0.0133538881321253
1	0.120842644778862	0.01101860163953
1	-0.5227724176263	-0.147982000511658
1	0.86190148314876	0.139286382971777
1	1.37532887078729	0.0202695907320515
1	4.47059296001707	0.254418714959911
1	3.93126489666456	0.463323100320564
1	2.09693380443249	-0.136070891436291
1	1.88443942552515	0.331061141742974
1	0.360592221502674	0.108152516187526
1	8.22015178402632	0.456442003426632
1	-1.07473712331055	-0.0731200054801291
1	4.91616731797472	0.30587124153067
1	0.54073987584485	-0.0313033717197617
1	3.15404039966274	0.397922431098909
1	4.13454325062342	0.308790633982585
1	0.891622595068527	0.140978054623777
1	3.74131486430693	-0.139382836561629
1	5.44892395740599	0.451282452833067
1	-1.03127487804221	-0.131174766363482
1	1.30680649322486	-0.169870147866552
1	3.51186265533736	0.0674553080362607
1	3.3768784399137	0.0939433555600106
1	5.0185056028819	0.568237140036623
1	7.78771488750589	0.447693743804544
1	5.72034595764889	0.472287445993112
1	0.635381758969696	0.0455308037666959
1	-0.734022083637422	0.298775341666051
1	3.63081331629488	-0.0237066572114152
1	2.92393732945823	0.203807928752798
1	1.66190842421557	0.0199524118536553
1	1.9362358523877	-0.209355765111743
1	5.36223131359011	0.302176695777973
1	2.52313131451625	-0.0300635392008971
1	2.22972335658098	-0.161535060041777
1	6.29141747376619	0.442537256197887
1	2.23908737021511	0.0750831190020564
1	1.26796603250535	0.514925529021827
1	5.63632748342423	0.396491170994634
1	3.57105796567967	0.297094641207098
1	5.60806698763597	0.608696806096319
1	0.764167489781314	0.300209741468458
1	-0.17444518454006	-0.107182143907637
1	4.79378914027332	0.335354887800021
1	5.82487841023188	0.21686573240527
1	2.19702959276348	0.118646070676025
1	3.81409538082551	0.207284019359237
1	4.77508431036792	0.464210844084818
1	-1.71835902529914	-0.0718041119756691
1	1.15921044424645	0.0610439644497895
1	0.445980928220179	-0.0441040876389869
1	5.23371145125049	0.529648959078526
1	3.8577850677264	0.0148590504765131
1	5.05870491905393	0.276060254983419
1	0.745275042797688	-0.0664310315245116
1	1.61091547680743	0.0789401285694542
1	2.69633017707296	-0.0346511985679192
1	3.7951085274993	0.15754538112028
1	1.44417112971472	0.177038487779128
1	-0.151127704060958	-0.0400213069142548
1	6.5891767102709	0.600386103390134
1	4.67368545881144	0.220920440958589
1	1.38142514367834	0.0076669980781989
1	3.60582611401275	0.0407582442092439
1	3.93049402792093	0.220594765891383
1	-0.391309647495345	-0.100091603419583
1	4.05365673950385	0.253636129362751
1	2.27249014564962	0.415237433396004
1	8.44197312053238	0.560802657005214
1	9.36400283597614	0.536736236460598
1	3.36792680397048	0.355483831409046
1	0.79992516820753	0.186305964536655
1	3.16740879637863	0.0664460021441151
1	3.28890966910758	0.279775702511037
1	5.32597997545301	-0.14328546070681
1	4.15989975797296	0.374434869282734
1	4.62508436734321	0.236106076819278
1	4.06163627243618	0.3420048102932
1	0.608230779812249	0.0757546879749101
1	4.8294839147249	0.404185747358964
1	-0.481188747435812	0.2198209297678
1	4.33324569925033	-0.0207549024218026
1	5.80102519021506	0.549459734282369
1	5.0932953605025	-0.11188930586933
1	4.9165814307334	0.33642169046045
1	-0.456534962971283	-0.0818923155573729
1	5.14135177202561	0.330059165384264
1	2.12915515192639	0.340850896873552
1	0.634625729080186	0.221655146477387
1	1.22970245596479	-0.125998713746407
1	-0.0726205702199358	-0.102708321079928
1	3.66227344242316	0.293854711180671
1	1.48475845529359	-0.0299594366990409
1	-0.942749875683684	-0.183198487219316
1	2.25470562571975	0.256510028787222
1	1.45455469746355	0.0242192832211092
1	5.9562077797599	0.285490540174433
1	1.00075348787141	0.347892455345652
1	2.64536948709188	-0.0130439112562654
1	5.4497472115574	0.450437808049351
1	3.85947233973299	0.0253842317161758
1	4.66148062656714	0.51815519614782
1	5.26710653607515	0.414659549862084
1	5.67437130499998	0.500086885085208
1	3.47718344743641	0.419557836713932
1	8.06212934832508	0.570621361785073
1	4.46707568019753	0.0829295317909273
1	2.14281202288332	-0.112681748743324
1	4.50017884441262	-0.0312920246361462
1	2.33311989580417	-0.0466697845234137
1	0.715168861366957	0.23927563264349
1	2.39296467924709	0.277055401868632
1	-1.31444668642128	-0.058007314673596
1	1.42359898546132	0.114158796587349
1	0.830923077088873	0.0725331418250963
1	3.96504811467462	0.324613553818616
1	2.55659582756871	0.393950126482706
1	0.359953177768052	-0.210006155623601
1	0.889871125530858	0.0902822672436894
1	8.25532572744072	0.441646388361721
1	6.65718086356884	0.511734254000016
1	4.95164025311545	0.220178086488904
1	1.22392389665647	-0.152647598097793
1	5.77178635818156	0.119318943217285
1	-1.12849707742495	-0.196200755392927
1	0.68595546797413	0.00810275080619219
1	6.7242030045847	0.321662726339723
1	2.10976515007462	0.259173396366601
1	4.69596914872965	0.495984414385012
1	5.13591868823264	0.608958275796598
1	1.06661786634053	0.0216682816032769
1	4.82266797955946	0.533627874384621
1	4.31067057087092	0.246791483492167
1	1.80473276463716	0.0847580721287271
1	-0.962946644494261	-0.209299355266855
1	5.71251618320364	0.205568292871725
1	2.66474403668948	0.214968475501293
1	4.60023293070514	0.474891141789518
1	1.27069285052165	-0.0111493340934035
1	4.70195967878535	0.240428465757829
1	2.78585248912112	0.192546371511425
1	4.67946097736106	0.446380752216443
1	3.26473018609395	0.428729970591136
1	1.77718747762825	0.121867924566865
1	2.67108769117817	0.13929028098747
1	4.35982474578546	0.555464431096313
1	6.84974890775299	0.590178896879296
1	-0.893561116752308	0.0825054775042069
1	1.0414245237707	-0.156443710368305
1	-0.661454181204971	0.119877855811382
1	2.03264325827361	0.150970604664389
1	1.78727384762591	0.180124930168414
1	-1.21476090462747	-0.203661783764246
1	2.84035551031012	0.195495795566665
1	-1.92544732339913	0.0490711277696049
1	4.74391931814099	0.116994615736305
1	1.23684306104109	0.420193823544305
1	3.52394363702012	0.40406105929881
1	-0.60769795026067	0.010178479597387
1	1.78293700919429	0.241535897825003
1	9.12357248076193	0.473482932286141
1	1.55460162166328	-0.00435866669948817
1	2.79747309673443	0.532120203409924
1	-2.468480763009	-0.102880103833463
1	3.21250437248829	0.106039697998647
1	2.61992310149195	0.15409830673584
1	3.39119933659318	0.345028968701811
1	1.42248703238835	0.241067216807245
1	0.0224335439709509	0.201515804491803
1	2.76441723998846	0.468684554210405
1	4.82227399060934	0.177112874099006
1	4.30581213615538	0.556959754084005
1	1.56461070933343	0.387683546143422
1	8.46238412942214	0.442071598283148
1	5.14145786889453	0.381802567450649
1	0.152141180491686	-0.128419614682513
1	5.43955415746924	0.246832469302338
1	3.0929359640409	-0.0321867368020142
1	-0.522200305679872	-0.116318259627244
1	7.93345967206466	0.274513813700357
1	5.10709505665504	0.566546544759639
1	1.13808574947018	0.339419172529968
1	1.36884511637092	0.0148465097863985
1	4.38938467747954	0.337640267646846
1	6.83347206322215	0.0928564720677102
1	1.16791741174778	-0.0828739660229101
1	1.77720762258611	-0.0958464829776133
1	3.4975384431208	0.292709591835536
1	3.04903500163892	0.301793211140568
1	0.557875387409282	-0.12871332555945
1	3.70938463379437	0.0812345103765704
1	5.7040181250073	0.000339413300925462
1	4.42296419835094	0.113849340893146
1	2.99732712778944	-0.135097281167871
1	1.77497222628881	0.37432887751181
1	6.82023048077642	0.459995237973186
1	1.12114394749595	-0.121193814908897
1	0.0454630274296597	0.199092607858253
1	1.77970022714975	-0.113340803693059
1	4.54732905591619	0.461722849765592
1	4.38055630961751	-0.0138932212070696
1	0.120842644778862	0.0142003163093275
1	-0.5227724176263	-0.169075558396713
1	0.86190148314876	0.162051264684463
1	1.37532887078729	0.0248636917613005
1	4.47059296001707	0.294761320914358
1	3.93126489666456	0.535559993616839
1	2.09693380443249	-0.155345931559002
1	1.88443942552515	0.383105060612293
1	0.360592221502674	0.126164063059658
1	8.22015178402632	0.527628331502923
1	-1.07473712331055	-0.0827840762512772
1	4.91616731797472	0.35406931525846
1	0.54073987584485	-0.0345831259026362
1	3.15404039966274	0.451033800203079
1	4.13454325062342	0.350384699192691
1	0.891622595068527	0.160887956199218
1	3.74131486430693	-0.15570020390997
1	5.44892395740599	0.511288820198117
1	-1.03127487804221	-0.146431515145673
1	1.30680649322486	-0.190126980597303
1	3.51186265533736	0.07786485347651
1	3.3768784399137	0.107775595288509
1	5.0185056028819	0.64335598934345
1	7.78771488750589	0.507236390546808
1	5.72034595764889	0.535008006242675
1	0.635381758969696	0.0531073402632375
1	-0.734022083637422	0.339075265291119
1	3.63081331629488	-0.0250767470001892
1	2.92393732945823	0.231836490305725
1	1.66190842421557	0.0242237966275238
1	1.9362358523877	-0.234714793332438
1	5.36223131359011	0.342916130668669
1	2.52313131451625	-0.0322550433901461
1	2.22972335658098	-0.180714861426056
1	6.29141747376619	0.501413599368212
1	2.23908737021511	0.0864783039085995
1	1.26796603250535	0.583155635534225
1	5.63632748342423	0.449417597596737
1	3.57105796567967	0.337177390506426
1	5.60806698763597	0.68904371412672
1	0.764167489781314	0.340695013296574
1	-0.17444518454006	-0.119338648635746
1	4.79378914027332	0.380381494413227
1	5.82487841023188	0.246581578381042
1	2.19702959276348	0.135670310186917
1	3.81409538082551	0.235761749370255
1	4.77508431036792	0.525887773647929
1	-1.71835902529914	-0.0793891892433555
1	1.15921044424645	0.0706250581495417
1	0.445980928220179	-0.0481098631481529
1	5.23371145125049	0.599781576522065
1	3.8577850677264	0.0184722886324438
1	5.05870491905393	0.313425013327768
1	0.745275042797688	-0.0733218178387409
1	1.61091547680743	0.0908337029705125
1	2.69633017707296	-0.0374355043027657
1	3.7951085274993	0.179596055575274
1	1.44417112971472	0.201607994351198
1	-0.151127704060958	-0.0434995195574079
1	6.5891767102709	0.679659131035117
1	4.67368545881144	0.251160222411051
1	1.38142514367834	0.0103509039893716
1	3.60582611401275	0.0477180869942926
1	3.93049402792093	0.250792464733137
1	-0.391309647495345	-0.111331892922417
1	4.05365673950385	0.288103319412872
1	2.27249014564962	0.470586187472024
1	8.44197312053238	0.634960848015695
1	9.36400283597614	0.607784647482093
1	3.36792680397048	0.403111430800497
1	0.79992516820753	0.212072982542364
1	3.16740879637863	0.076725128552571
1	3.28890966910758	0.317620558190597
1	5.32597997545301	-0.160107111708331
1	4.15989975797296	0.424511256529482
1	4.62508436734321	0.268308093845246
1	4.06163627243618	0.38789069699167
1	0.608230779812249	0.0872366507115477
1	4.8294839147249	0.45810644062225
1	-0.481188747435812	0.249918636170405
1	4.33324569925033	-0.0217435766211617
1	5.80102519021506	0.622152231878463
1	5.0932953605025	-0.124654053856808
1	4.9165814307334	0.381586145639854
1	-0.456534962971283	-0.0907809557527094
1	5.14135177202561	0.374401476982961
1	2.12915515192639	0.386587678853487
1	0.634625729080186	0.251989864046998
1	1.22970245596479	-0.140586630833387
1	-0.0726205702199358	-0.114286733828048
1	3.66227344242316	0.333518807878828
1	1.48475845529359	-0.0321374891214816
1	-0.942749875683684	-0.205177562064501
1	2.25470562571975	0.291348574224573
1	1.45455469746355	0.0290420184199188
1	5.9562077797599	0.324073847497558
1	1.00075348787141	0.394539123263433
1	2.64536948709188	-0.0130361977303548
1	5.4497472115574	0.510335033324021
1	3.85947233973299	0.030357497547966
1	4.66148062656714	0.586802629124736
1	5.26710653607515	0.469933631817819
1	5.67437130499998	0.566399593125647
1	3.47718344743641	0.475464858429194
1	8.06212934832508	0.646048292016062
1	4.46707568019753	0.0953386031385769
1	2.14281202288332	-0.125548893470166
1	4.50017884441262	-0.0336422694829938
1	2.33311989580417	-0.051007090548894
1	0.715168861366957	0.271887208758557
1	2.39296467924709	0.314548749666656
1	-1.31444668642128	-0.0638096173037936
1	1.42359898546132	0.13060320599263
1	0.830923077088873	0.0835988274617925
1	3.96504811467462	0.368252202243006
1	2.55659582756871	0.446548208063178
1	0.359953177768052	-0.23544922506659
1	0.889871125530858	0.103641433747073
1	8.25532572744072	0.500407616658001
1	6.65718086356884	0.579551994943394
1	4.95164025311545	0.250321943453125
1	1.22392389665647	-0.17067899225404
1	5.77178635818156	0.136430129000892
1	-1.12849707742495	-0.219859938557618
1	0.68595546797413	0.0108429631843423
1	6.7242030045847	0.364920078998596
1	2.10976515007462	0.294356092991133
1	4.69596914872965	0.561767015288612
1	5.13591868823264	0.689338970041287
1	1.06661786634053	0.0261613851575178
1	4.82266797955946	0.604274633562442
1	4.31067057087092	0.280374231972733
1	1.80473276463716	0.0974034211621673
1	-0.962946644494261	-0.234651094401643
1	5.71251618320364	0.233824322614207
1	2.66474403668948	0.244439164473222
1	4.60023293070514	0.537948142643951
1	1.27069285052165	-0.0108968098305686
1	4.70195967878535	0.273189006998099
1	2.78585248912112	0.219119753417295
1	4.67946097736106	0.505753738707037
1	3.26473018609395	0.48582218386136
1	1.77718747762825	0.139308480942934
1	2.67108769117817	0.158982094265551
1	4.35982474578546	0.628932834937265
1	6.84974890775299	0.668132984447918
1	-0.893561116752308	0.0948597540171763
1	1.0414245237707	-0.174965625080066
1	-0.661454181204971	0.137061262355757
1	2.03264325827361	0.172171709146287
1	1.78727384762591	0.205093256197725
1	-1.21476090462747	-0.228285055322696
1	2.84035551031012	0.22245029189248
1	-1.92544732339913	0.0571051327425392
1	4.74391931814099	0.133805459926745
1	1.23684306104109	0.476183025287739
1	3.52394363702012	0.457965640800332
1	-0.60769795026067	0.0131869105020709
1	1.78293700919429	0.274439537623501
1	9.12357248076193	0.536357969157779
1	1.55460162166328	-0.00322867577997668
1	2.79747309673443	0.602572146536127
1	-2.468480763009	-0.114480713757454
1	3.21250437248829	0.121434985442773
1	2.61992310149195	0.175703562109029
1	3.39119933659318	0.391305626736018
1	1.42248703238835	0.273910295258553
1	0.0224335439709509	0.229248185640756
1	2.76441723998846	0.530939561190525
1	4.82227399060934	0.201691992615178
1	4.30581213615538	0.630621378412215
1	1.56461070933343	0.439471881791699
1	8.46238412942214	0.500887770741245
1	5.14145786889453	0.432830983283658
1	0.152141180491686	-0.143320352251977
1	5.43955415746924	0.280420513828158
1	3.0929359640409	-0.0346525932739541
1	-0.522200305679872	-0.12965530176802
1	7.93345967206466	0.311678746227349
1	5.10709505665504	0.641446941166414
1	1.13808574947018	0.384970952020432
1	1.36884511637092	0.018458127477537
1	4.38938467747954	0.382962183174051
1	6.83347206322215	0.106548268454065
1	1.16791741174778	-0.0918894517110463
1	1.77720762258611	-0.106538232635197
1	3.4975384431208	0.332225720155184
1	3.04903500163892	0.342483093466965
1	0.557875387409282	-0.143652015437025
1	3.70938463379437	0.0934245568939385
1	5.7040181250073	0.00207647394004301
1	4.42296419835094	0.130253763499246
1	2.99732712778944	-0.15086088380573
1	1.77497222628881	0.424391568866906
1	6.82023048077642	0.521127441431179
1	1.12114394749595	-0.135160859513976
1	0.0454630274296597	0.226511871882604
1	1.77970022714975	-0.126293109231021
1	4.54732905591619	0.523078289270292
1	4.38055630961751	-0.0139952525883653
1	0.120842644778862	0.0177284351045548
1	-0.5227724176263	-0.189229717012375
1	0.86190148314876	0.184684173897409
1	1.37532887078729	0.0297696952126242
1	4.47059296001707	0.334542566600351
1	3.93126489666456	0.606456414588508
1	2.09693380443249	-0.173725995073276
1	1.88443942552515	0.434301780126457
1	0.360592221502674	0.144159751657822
1	8.22015178402632	0.597499850409264
1	-1.07473712331055	-0.0917879466926624
1	4.91616731797472	0.401514135743882
1	0.54073987584485	-0.0373586355220861
1	3.15404039966274	0.503268285330877
1	4.13454325062342	0.391382937078911
1	0.891622595068527	0.180731188880485
1	3.74131486430693	-0.171200186468907
1	5.44892395740599	0.570250045012746
1	-1.03127487804221	-0.160896761402792
1	1.30680649322486	-0.209470293804067
1	3.51186265533736	0.0884395671189531
1	3.3768784399137	0.121689479244495
1	5.0185056028819	0.717060906353195
1	7.78771488750589	0.5657452109084
1	5.72034595764889	0.596617189519825
1	0.635381758969696	0.0609181788510762
1	-0.734022083637422	0.37881094251654
1	3.63081331629488	-0.025994210265323
1	2.92393732945823	0.259600263385718
1	1.66190842421557	0.0288101390773365
1	1.9362358523877	-0.259035793203303
1	5.36223131359011	0.383080593770671
1	2.52313131451625	-0.033973876088302
1	2.22972335658098	-0.199007426071594
1	6.29141747376619	0.559272375957312
1	2.23908737021511	0.0980146044672343
1	1.26796603250535	0.650139915671505
1	5.63632748342423	0.501471653372508
1	3.57105796567967	0.376701193109022
1	5.60806698763597	0.767849109594956
1	0.764167489781314	0.380611515674685
1	-0.17444518454006	-0.130779306063629
1	4.79378914027332	0.424728509428793
1	5.82487841023188	0.275991461098875
1	2.19702959276348	0.152698299586323
1	3.81409538082551	0.26396372985492
1	4.77508431036792	0.586478793947899
1	-1.71835902529914	-0.0863699757097087
1	1.15921044424645	0.0803915367510793
1	0.445980928220179	-0.0515986935212333
1	5.23371145125049	0.668621940635136
1	3.8577850677264	0.0224165452096965
1	5.05870491905393	0.350297152081652
1	0.745275042797688	-0.0796252561268754
1	1.61091547680743	0.10285623082978
1	2.69633017707296	-0.0397326724162923
1	3.7951085274993	0.201527819876785
1	1.44417112971472	0.225997123734662
1	-0.151127704060958	-0.0464736611758527
1	6.5891767102709	0.757416852010309
1	4.67368545881144	0.281081255013343
1	1.38142514367834	0.013388506807401
1	3.60582611401275	0.0549272810411524
1	3.93049402792093	0.280672441666253
1	-0.391309647495345	-0.121878693516064
1	4.05365673950385	0.322148599202818
1	2.27249014564962	0.525003458688435
1	8.44197312053238	0.707728549663955
1	9.36400283597614	0.677518457071538
1	3.36792680397048	0.449995966593386
1	0.79992516820753	0.237630400499851
1	3.16740879637863	0.0871726057775578
1	3.28890966910758	0.354961078469189
1	5.32597997545301	-0.176099071891471
1	4.15989975797296	0.473784822431967
1	4.62508436734321	0.300143477605842
1	4.06163627243618	0.433076023089118
1	0.608230779812249	0.0988576114617515
1	4.8294839147249	0.51113049997975
1	-0.481188747435812	0.279701060778869
1	4.33324569925033	-0.0222889319777192
1	5.80102519021506	0.693490007414163
1	5.0932953605025	-0.136688111589844
1	4.9165814307334	0.426067645304427
1	-0.456534962971283	-0.099033494313542
1	5.14135177202561	0.418080895828458
1	2.12915515192639	0.431627538833365
1	0.634625729080186	0.282003516041314
1	1.22970245596479	-0.154399366888507
1	-0.0726205702199358	-0.125163406448786
1	3.66227344242316	0.372634174255518
1	1.48475845529359	-0.0338431983161611
1	-0.942749875683684	-0.226201089528495
1	2.25470562571975	0.325756147219924
1	1.45455469746355	0.0341662566957312
1	5.9562077797599	0.362134798991597
1	1.00075348787141	0.440466665243656
1	2.64536948709188	-0.0126094802014018
1	5.4497472115574	0.569189779441617
1	3.85947233973299	0.035628593059218
1	4.66148062656714	0.654194051712967
1	5.26710653607515	0.524278053136954
1	5.67437130499998	0.631513265046826
1	3.47718344743641	0.530426773885194
1	8.06212934832508	0.720053771854236
1	4.46707568019753	0.10786404827757
1	2.14281202288332	-0.137682849155955
1	4.50017884441262	-0.0355159690920583
1	2.33311989580417	-0.0548193611023934
1	0.715168861366957	0.304122157141869
1	2.39296467924709	0.351546339907054
1	-1.31444668642128	-0.0690511341644222
1	1.42359898546132	0.147065514874731
1	0.830923077088873	0.0948136695179883
1	3.96504811467462	0.411245129399647
1	2.55659582756871	0.498281931417618
1	0.359953177768052	-0.259852215302637
1	0.889871125530858	0.117093788879156
1	8.25532572744072	0.558154087520182
1	6.65718086356884	0.646133972464536
1	4.95164025311545	0.280149392411508
1	1.22392389665647	-0.187851174241722
1	5.77178635818156	0.153542942923984
1	-1.12849707742495	-0.24252257467449
1	0.68595546797413	0.0139354984231949
1	6.7242030045847	0.407541015146496
1	2.10976515007462	0.329099418855667
1	4.69596914872965	0.626363516272145
1	5.13591868823264	0.768177327239159
1	1.06661786634053	0.0309640357865085
1	4.82266797955946	0.673616592814162
1	4.31067057087092	0.313556653211959
1	1.80473276463716	0.110159378104933
1	-0.962946644494261	-0.258964983062093
1	5.71251618320364	0.261810012979787
1	2.66474403668948	0.27360987275114
1	4.60023293070514	0.599885556369233
1	1.27069285052165	-0.0102312556786719
1	4.70195967878535	0.305569285312144
1	2.78585248912112	0.245463857584699
1	4.67946097736106	0.564097039034396
1	3.26473018609395	0.541940368654581
1	1.77718747762825	0.156742627831193
1	2.67108769117817	0.178612560656012
1	4.35982474578546	0.701027582285438
1	6.84974890775299	0.744603951428327
1	-0.893561116752308	0.107331741479296
1	1.0414245237707	-0.19261635745502
1	-0.661454181204971	0.154244534637111
1	2.03264325827361	0.193274635522315
1	1.78727384762591	0.229871472651179
1	-1.21476090462747	-0.251888253193833
1	2.84035551031012	0.249166210148426
1	-1.92544732339913	0.0653622762080869
1	4.74391931814099	0.150625261489584
1	1.23684306104109	0.531225115333499
1	3.52394363702012	0.51097398157123
1	-0.60769795026067	0.0165411189334194
1	1.78293700919429	0.306959422463079
1	9.12357248076193	0.598117859365531
1	1.55460162166328	-0.00170706778150742
1	2.79747309673443	0.6717240438304
1	-2.468480763009	-0.125379041876599
1	3.21250437248829	0.136873774076513
1	2.61992310149195	0.197200776886165
1	3.39119933659318	0.43687218818018
1	1.42248703238835	0.306371096628895
1	0.0224335439709509	0.25672300600423
1	2.76441723998846	0.59209455209004
1	4.82227399060934	0.226090499382567
1	4.30581213615538	0.702904631090016
1	1.56461070933343	0.490415619435882
1	8.46238412942214	0.558687844963408
1	5.14145786889453	0.483033345428273
1	0.152141180491686	-0.157438275034455
1	5.43955415746924	0.313608101873298
1	3.0929359640409	-0.0366390832387727
1	-0.522200305679872	-0.142247687965818
1	7.93345967206466	0.34835593551131
1	5.10709505665504	0.714938736180057
1	1.13808574947018	0.429830324124751
1	1.36884511637092	0.0224008031341837
1	4.38938467747954	0.427597300683123
1	6.83347206322215	0.120325136305391
1	1.16791741174778	-0.100265740355378
1	1.77720762258611	-0.116549879395986
1	3.4975384431208	0.371196729024236
1	3.04903500163892	0.382599213235402
1	0.557875387409282	-0.157806964377816
1	3.70938463379437	0.105736322063407
1	5.7040181250073	0.00419033734178287
1	4.42296419835094	0.14667706137963
1	2.99732712778944	-0.165820615168914
1	1.77497222628881	0.473651773098447
1	6.82023048077642	0.581187028571762
1	1.12114394749595	-0.148367874232202
1	0.0454630274296597	0.253681216115557
1	1.77970022714975	-0.138510147549502
1	4.54732905591619	0.583355664830552
1	4.38055630961751	-0.0136756018627386
1	0.120842644778862	0.0215896494880176
1	-0.5227724176263	-0.208472861659461
1	0.86190148314876	0.207183964687861
1	1.37532887078729	0.0349751697466119
1	4.47059296001707	0.373772223179291
1	3.93126489666456	0.676041943139802
1	2.09693380443249	-0.191238337844105
1	1.88443942552515	0.484668338839168
1	0.360592221502674	0.162135483882076
1	8.22015178402632	0.666085487570145
1	-1.07473712331055	-0.100152903536994
1	4.91616731797472	0.448220352982569
1	0.54073987584485	-0.0396472221717327
1	3.15404039966274	0.554643718063204
1	4.13454325062342	0.431796036473076
1	0.891622595068527	0.200504993513575
1	3.74131486430693	-0.185908010655078
1	5.44892395740599	0.628188234966474
1	-1.03127487804221	-0.174595073781884
1	1.30680649322486	-0.227927757063181
1	3.51186265533736	0.0991707979219906
1	3.3768784399137	0.135678479057322
1	5.0185056028819	0.789383371145594
1	7.78771488750589	0.623242024990697
1	5.72034595764889	0.657138786789864
1	0.635381758969696	0.0689529115260296
1	-0.734022083637422	0.417992259579315
1	3.63081331629488	-0.0264750034889392
1	2.92393732945823	0.287101523832341
1	1.66190842421557	0.0336989814249695
1	1.9362358523877	-0.282349598557034
1	5.36223131359011	0.422680243895073
1	2.52313131451625	-0.035236503198529
1	2.22972335658098	-0.216439755606333
1	6.29141747376619	0.616134992841448
1	2.23908737021511	0.109683980905756
1	1.26796603250535	0.715905577284271
1	5.63632748342423	0.552671055206051
1	3.57105796567967	0.415675800565699
1	5.60806698763597	0.84514771489441
1	0.764167489781314	0.419969249788197
1	-0.17444518454006	-0.141526762143095
1	4.79378914027332	0.468408750456446
1	5.82487841023188	0.3050987028107
1	2.19702959276348	0.169725490103485
1	3.81409538082551	0.291892515216044
1	4.77508431036792	0.646007048715902
1	-1.71835902529914	-0.092766282239478
1	1.15921044424645	0.0903342354273757
1	0.445980928220179	-0.0545881698279158
1	5.23371145125049	0.73619843915891
1	3.8577850677264	0.0266789542637756
1	5.05870491905393	0.386684737164633
1	0.745275042797688	-0.0853607266714633
1	1.61091547680743	0.114999981463979
1	2.69633017707296	-0.0415595364526255
1	3.7951085274993	0.223339242525585
1	1.44417112971472	0.250206006548119
1	-0.151127704060958	-0.0489609956577414
1	6.5891767102709	0.833693322714848
1	4.67368545881144	0.310687185949314
1	1.38142514367834	0.0167663642387527
1	3.60582611401275	0.0623750358873433
1	3.93049402792093	0.310238317775975
1	-0.391309647495345	-0.131754082938147
1	4.05365673950385	0.355778237651449
1	2.27249014564962	0.578508466197361
1	8.44197312053238	0.779136646253042
1	9.36400283597614	0.745966620922792
1	3.36792680397048	0.496151869469293
1	0.79992516820753	0.262979091694901
1	3.16740879637863	0.0977797018947947
1	3.28890966910758	0.391805627010958
1	5.32597997545301	-0.191286880417207
1	4.15989975797296	0.522271516349867
1	4.62508436734321	0.331617092215233
1	4.06163627243618	0.47757413909968
1	0.608230779812249	0.110609584270796
1	4.8294839147249	0.563276258935339
1	-0.481188747435812	0.309171762665584
1	4.33324569925033	-0.0224066884290147
1	5.80102519021506	0.763503036205452
1	5.0932953605025	-0.148014502237784
1	4.9165814307334	0.469879092554192
1	-0.456534962971283	-0.106670550542339
1	5.14135177202561	0.461109815147516
1	2.12915515192639	0.475983734856237
1	0.634625729080186	0.311699808521234
1	1.22970245596479	-0.167461075765818
1	-0.0726205702199358	-0.1353606263755
1	3.66227344242316	0.411210302223493
1	1.48475845529359	-0.0350930218437878
1	-0.942749875683684	-0.246297807279902
1	2.25470562571975	0.359739246997628
1	1.45455469746355	0.0395798822044178
1	5.9562077797599	0.399682216290268
1	1.00075348787141	0.485688903618289
1	2.64536948709188	-0.0117788606717449
1	5.4497472115574	0.627024086404414
1	3.85947233973299	0.0411854957612058
1	4.66148062656714	0.720356930578744
1	5.26710653607515	0.577711986661798
1	5.67437130499998	0.6954539195759
1	3.47718344743641	0.584463148457938
1	8.06212934832508	0.792669472443559
1	4.46707568019753	0.120498456223178
1	2.14281202288332	-0.149106702473977
1	4.50017884441262	-0.0369296878135619
1	2.33311989580417	-0.058124392860685
1	0.715168861366957	0.335985595906085
1	2.39296467924709	0.388056318257411
1	-1.31444668642128	-0.0737505704871765
1	1.42359898546132	0.163540814866499
1	0.830923077088873	0.106169423874123
1	3.96504811467462	0.453604292120676
1	2.55659582756871	0.54916880979861
1	0.359953177768052	-0.283246012284739
1	0.889871125530858	0.130632510880895
1	8.25532572744072	0.614907136433108
1	6.65718086356884	0.711507138675048
1	4.95164025311545	0.309664021057891
1	1.22392389665647	-0.204190433474816
1	5.77178635818156	0.170652890137746
1	-1.12849707742495	-0.264218443374074
1	0.68595546797413	0.0173669491491039
1	6.7242030045847	0.449537255145292
1	2.10976515007462	0.363410086618667
1	4.69596914872965	0.689799607303336
1	5.13591868823264	0.845508090736978
1	1.06661786634053	0.0360639132166685
1	4.82266797955946	0.741682458739031
1	4.31067057087092	0.346344467619758
1	1.80473276463716	0.123018678505912
1	-0.962946644494261	-0.282271850560387
1	5.71251618320364	0.289527780878212
1	2.66474403668948	0.302483770546626
1	4.60023293070514	0.660727382582867
1	1.27069285052165	-0.00916762181444414
1	4.70195967878535	0.337574511197136
1	2.78585248912112	0.271580057386515
1	4.67946097736106	0.621432368080773
1	3.26473018609395	0.597104825373508
1	1.77718747762825	0.174166074650381
1	2.67108769117817	0.198178785751842
1	4.35982474578546	0.771779129654819
1	6.84974890775299	0.819625036245411
1	-0.893561116752308	0.119913994923424
1	1.0414245237707	-0.209422501115947
1	-0.661454181204971	0.17142322259617
1	2.03264325827361	0.214277425410807
1	1.78727384762591	0.254459957485407
1	-1.21476090462747	-0.274501754912139
1	2.84035551031012	0.275645160065186
1	-1.92544732339913	0.0738324338727814
1	4.74391931814099	0.167449339311525
1	1.23684306104109	0.585339710023628
1	3.52394363702012	0.56310440512326
1	-0.60769795026067	0.0202278638603306
1	1.78293700919429	0.339100851587123
1	9.12357248076193	0.658786489677305
1	1.55460162166328	0.000191751302463461
1	2.79747309673443	0.739604481071863
1	-2.468480763009	-0.135597389390402
1	3.21250437248829	0.152350504893034
1	2.61992310149195	0.218588243330039
1	3.39119933659318	0.48174224589522
1	1.42248703238835	0.338454882602994
1	0.0224335439709509	0.283942357737975
1	2.76441723998846	0.652173029149545
1	4.82227399060934	0.250308530980865
1	4.30581213615538	0.773840088461995
1	1.56461070933343	0.540531770144011
1	8.46238412942214	0.615493190509502
1	5.14145786889453	0.532426193668926
1	0.152141180491686	-0.17079773088758
1	5.43955415746924	0.346400957132149
1	3.0929359640409	-0.0381628427461829
1	-0.522200305679872	-0.154118796312765
1	7.93345967206466	0.384553323544739
1	5.10709505665504	0.787053274401178
1	1.13808574947018	0.474010432151974
1	1.36884511637092	0.0266616698068706
1	4.38938467747954	0.471558620927124
1	6.83347206322215	0.134180460151528
1	1.16791741174778	-0.108023529924834
1	1.77720762258611	-0.125903160806663
1	3.4975384431208	0.409632018589088
1	3.04903500163892	0.422151698525689
1	0.557875387409282	-0.171202543776548
1	3.70938463379437	0.118162259066426
1	5.7040181250073	0.00666697400242255
1	4.42296419835094	0.163114301368314
1	2.99732712778944	-0.180001358242784
1	1.77497222628881	0.522125431072256
1	6.82023048077642	0.640196805300354
1	1.12114394749595	-0.160838627867759
1	0.0454630274296597	0.280602538525308
1	1.77970022714975	-0.150015058136433
1	4.54732905591619	0.642577920797306
1	4.38055630961751	-0.0129494390936244
1	0.120842644778862	0.0257710407262829
1	-0.5227724176263	-0.226832598238341
1	0.86190148314876	0.229549566644288
1	1.37532887078729	0.0404680511600607
1	4.47059296001707	0.412459855216856
1	3.93126489666456	0.744345440704085
1	2.09693380443249	-0.20790946552164
1	1.88443942552515	0.534221380912668
1	0.360592221502674	0.180087313430532
1	8.22015178402632	0.733413468799837
1	-1.07473712331055	-0.107899637549711
1	4.91616731797472	0.494202284301112
1	0.54073987584485	-0.0414657139405677
1	3.15404039966274	0.605177514706422
1	4.13454325062342	0.471634455476213
1	0.891622595068527	0.220206727662755
1	3.74131486430693	-0.199848205691103
1	5.44892395740599	0.685124971994534
1	-1.03127487804221	-0.187550340730451
1	1.30680649322486	-0.24552627963423
1	3.51186265533736	0.11005016378813
1	3.3768784399137	0.149736280458035
1	5.0185056028819	0.860354095896207
1	7.78771488750589	0.679748134571066
1	5.72034595764889	0.716596019773826
1	0.635381758969696	0.0772014446218108
1	-0.734022083637422	0.456628892721888
1	3.63081331629488	-0.0265346254619351
1	2.92393732945823	0.314342534116742
1	1.66190842421557	0.0388782331892086
1	1.9362358523877	-0.304686201156222
1	5.36223131359011	0.46172502281605
1	2.52313131451625	-0.036058919771102
1	2.22972335658098	-0.233038108598922
1	6.29141747376619	0.672022349249167
1	2.23908737021511	0.121478646602997
1	1.26796603250535	0.780479170698463
1	5.63632748342423	0.603033107670293
1	3.57105796567967	0.454110757912541
1	5.60806698763597	0.920973400744205
1	0.764167489781314	0.458778003858093
1	-0.17444518454006	-0.151603032302152
1	4.79378914027332	0.511434749374904
1	5.82487841023188	0.333906585364388
1	2.19702959276348	0.186747495923371
1	3.81409538082551	0.31955063929092
1	4.77508431036792	0.704495129161124
1	-1.71835902529914	-0.0985973624223764
1	1.15921044424645	0.100444271569936
1	0.445980928220179	-0.0570953832146182
1	5.23371145125049	0.802538771825629
1	3.8577850677264	0.0312470276926913
1	5.05870491905393	0.422595671532381
1	0.745275042797688	-0.0905470636047595
1	1.61091547680743	0.127257469355087
1	2.69633017707296	-0.0429324496044419
1	3.7951085274993	0.245028974438743
1	1.44417112971472	0.274234815466788
1	-0.151127704060958	-0.050978295421187
1	6.5891767102709	0.90852176508058
1	4.67368545881144	0.339981613603642
1	1.38142514367834	0.0204714267232484
1	3.60582611401275	0.0700508852896712
1	3.93049402792093	0.33949366602268
1	-0.391309647495345	-0.140979523083163
1	4.05365673950385	0.38899838714196
1	2.27249014564962	0.63111997802638
1	8.44197312053238	0.849215269574622
1	9.36400283597614	0.81315739204687
1	3.36792680397048	0.541593242702637
1	0.79992516820753	0.28811995228199
1	3.16740879637863	0.108537956013835
1	3.28890966910758	0.428162396823468
1	5.32597997545301	-0.205695371172272
1	4.15989975797296	0.569986920998353
1	4.62508436734321	0.362733721547183
1	4.06163627243618	0.521398096038092
1	0.608230779812249	0.122484834944537
1	4.8294839147249	0.614561622750406
1	-0.481188747435812	0.338334254380265
1	4.33324569925033	-0.0221121143328499
1	5.80102519021506	0.832220564541987
1	5.0932953605025	-0.158655608700182
1	4.9165814307334	0.513033102549391
1	-0.456534962971283	-0.11371216557932
1	5.14135177202561	0.503500353400466
1	2.12915515192639	0.519669227854883
1	0.634625729080186	0.341082397227309
1	1.22970245596479	-0.179795241836633
1	-0.0726205702199358	-0.144900059780612
1	3.66227344242316	0.449256483888915
1	1.48475845529359	-0.0359029466277214
1	-0.942749875683684	-0.265495665074798
1	2.25470562571975	0.393304250296081
1	1.45455469746355	0.0452711375643771
1	5.9562077797599	0.436724738538376
1	1.00075348787141	0.53021934902977
1	2.64536948709188	-0.0105590055292763
1	5.4497472115574	0.683859470209205
1	3.85947233973299	0.0470165392157518
1	4.66148062656714	0.785318068176738
1	5.26710653607515	0.630254155306597
1	5.67437130499998	0.758246948638162
1	3.47718344743641	0.637593087453665
1	8.06212934832508	0.863926292087379
1	4.46707568019753	0.13323465289603
1	2.14281202288332	-0.15984289818701
1	4.50017884441262	-0.0378995166013086
1	2.33311989580417	-0.0609394772651018
1	0.715168861366957	0.367482556361024
1	2.39296467924709	0.424086665361007
1	-1.31444668642128	-0.0779261027944191
1	1.42359898546132	0.180024369847228
1	0.830923077088873	0.117658104841295
1	3.96504811467462	0.495341383746719
1	2.55659582756871	0.59922594940869
1	0.359953177768052	-0.305660658549182
1	0.889871125530858	0.144250999675068
1	8.25532572744072	0.670687593078414
1	6.65718086356884	0.775697794769272
1	4.95164025311545	0.338869369823956
1	1.22392389665647	-0.219722334709131
1	5.77178635818156	0.187755637355935
1	-1.12849707742495	-0.284976509453707
1	0.68595546797413	0.021124299819571
1	6.7242030045847	0.490920261974903
1	2.10976515007462	0.397294680938252
1	4.69596914872965	0.752100360042046
1	5.13591868823264	0.921365151665885
1	1.06661786634053	0.0414490609186888
1	4.82266797955946	0.808500241689188
1	4.31067057087092	0.378743293241941
1	1.80473276463716	0.135974291033438
1	-0.962946644494261	-0.304601684255399
1	5.71251618320364	0.316980026206056
1	2.66474403668948	0.331063991595387
1	4.60023293070514	0.720497046267246
1	1.27069285052165	-0.0077204267228142
1	4.70195967878535	0.369209805960511
1	2.78585248912112	0.2974697361438
1	4.67946097736106	0.677780925122907
1	3.26473018609395	0.651335375360553
1	1.77718747762825	0.191574687104247
1	2.67108769117817	0.217677995358767
1	4.35982474578546	0.841217192100585
1	6.84974890775299	0.893228663990372
1	-0.893561116752308	0.132599307165769
1	1.0414245237707	-0.225409917167767
1	-0.661454181204971	0.188593036579027
1	2.03264325827361	0.235178216459201
1	1.78727384762591	0.278859124323313
1	-1.21476090462747	-0.296155107731144
1	2.84035551031012	0.301888755214961
1	-1.92544732339913	0.0825057884509562
1	4.74391931814099	0.184273178654269
1	1.23684306104109	0.638545964313617
1	3.52394363702012	0.614374806983854
1	-0.60769795026067	0.0242342917851387
1	1.78293700919429	0.370869032756387
1	9.12357248076193	0.71838717514154
1	1.55460162166328	0.00245379311048255
1	2.79747309673443	0.806241350914095
1	-2.468480763009	-0.14515743588176
1	3.21250437248829	0.167859807942212
1	2.61992310149195	0.23986434325677
1	3.39119933659318	0.525929086981264
1	1.42248703238835	0.370166824353333
1	0.0224335439709509	0.310908324375077
1	2.76441723998846	0.711197932825011
1	4.82227399060934	0.274346265892368
1	4.30581213615538	0.843457582317927
1	1.56461070933343	0.589836950908775
1	8.46238412942214	0.671324670255802
1	5.14145786889453	0.581025685891021
1	0.152141180491686	-0.183422393173871
1	5.43955415746924	0.378804700850139
1	3.0929359640409	-0.0392400325970151
1	-0.522200305679872	-0.165291355461229
1	7.93345967206466	0.420278692558083
1	5.10709505665504	0.857821136026521
1	1.13808574947018	0.517524125265209
1	1.36884511637092	0.0312282384146004
1	4.38938467747954	0.514858854196326
1	6.83347206322215	0.148107840874357
1	1.16791741174778	-0.115182938193626
1	1.77720762258611	-0.134619207360127
1	3.4975384431208	0.44754079156047
1	3.04903500163892	0.461150461174709
1	0.557875387409282	-0.183862449924709
1	3.70938463379437	0.130695061499275
1	5.7040181250073	0.00949276232305996
1	4.42296419835094	0.179560723186473
1	2.99732712778944	-0.193427307691749
1	1.77497222628881	0.569828117229099
1	6.82023048077642	0.698179033728625
1	1.12114394749595	-0.172596229690436
1	0.0454630274296597	0.307277733474522
1	1.77970022714975	-0.160830337204688
1	4.54732905591619	0.700767454150789
1	4.38055630961751	-0.0118314969715505
1	0.120842644778862	0.0302600692923056
1	-0.5227724176263	-0.244335773977802
1	0.86190148314876	0.251779982442213
1	1.37532887078729	0.0462366323780732
1	4.47059296001707	0.450614825595034
1	3.93126489666456	0.811395068467237
1	2.09693380443249	-0.223765153511077
1	1.88443942552515	0.582977165913413
1	0.360592221502674	0.198011441391334
1	8.22015178402632	0.799511336087306
1	-1.07473712331055	-0.115048259487646
1	4.91616731797472	0.539473922547639
1	0.54073987584485	-0.0428304587070747
1	3.15404039966274	0.654886686635005
1	4.13454325062342	0.510908427002444
1	0.891622595068527	0.239833862119611
1	3.74131486430693	-0.213044622190856
1	5.44892395740599	0.741081325493383
1	-1.03127487804221	-0.199785788639809
1	1.30680649322486	-0.262292030686731
1	3.51186265533736	0.121069544114653
1	3.3768784399137	0.16385677725612
1	5.0185056028819	0.930003044388634
1	7.78771488750589	0.735284336125155
1	5.72034595764889	0.775011555294879
1	0.635381758969696	0.0856539901803039
1	-0.734022083637422	0.494730313196838
1	3.63081331629488	-0.0261881296413793
1	2.92393732945823	0.341325543233405
1	1.66190842421557	0.0443361611789103
1	1.9362358523877	-0.326074773045897
1	5.36223131359011	0.500224660458674
1	2.52313131451625	-0.0364566627030509
1	2.22972335658098	-0.248828020336647
1	6.29141747376619	0.72695484950598
1	2.23908737021511	0.133391061050165
1	1.26796603250535	0.84388660535733
1	5.63632748342423	0.652574713292583
1	3.57105796567967	0.492015408585099
1	5.60806698763597	0.995359207879729
1	0.764167489781314	0.49704735822285
1	-0.17444518454006	-0.161029518296629
1	4.79378914027332	0.553818759305971
1	5.82487841023188	0.36241835079851
1	2.19702959276348	0.203760089493402
1	3.81409538082551	0.346940615430222
1	4.77508431036792	0.761965087882316
1	-1.71835902529914	-0.103881927519992
1	1.15921044424645	0.110713036994284
1	0.445980928220179	-0.0591369383600602
1	5.23371145125049	0.867669967793281
1	3.8577850677264	0.0361086449558998
1	5.05870491905393	0.458037698958399
1	0.745275042797688	-0.095202569566356
1	1.61091547680743	0.139621447319336
1	2.69633017707296	-0.0438672976596066
1	3.7951085274993	0.266595746350644
1	1.44417112971472	0.298083763673015
1	-0.151127704060958	-0.052541854650022
1	6.5891767102709	0.981934587815147
1	4.67368545881144	0.368968088374902
1	1.38142514367834	0.0244910267657934
1	3.60582611401275	0.0779446783375515
1	3.93049402792093	0.368442012037399
1	-0.391309647495345	-0.149575876472355
1	4.05365673950385	0.421815086096323
1	2.27249014564962	0.6828563223534
1	8.44197312053238	0.917993818020931
1	9.36400283597614	0.879118338588187
1	3.36792680397048	0.58633387021849
1	0.79992516820753	0.313053900233736
1	3.16740879637863	0.119439170774392
1	3.28890966910758	0.464039414239472
1	5.32597997545301	-0.219348691564549
1	4.15989975797296	0.6169462615262
1	4.62508436734321	0.39349807086569
1	4.06163627243618	0.564560652751805
1	0.608230779812249	0.134475874046907
1	4.8294839147249	0.665004079123727
1	-0.481188747435812	0.367192002703818
1	4.33324569925033	-0.0214200386657663
1	5.80102519021506	0.899671128188362
1	5.0932953605025	-0.168633190711858
1	4.9165814307334	0.555542009542018
1	-0.456534962971283	-0.120177817892505
1	5.14135177202561	0.545264360970181
1	2.12915515192639	0.562696688921807
1	0.634625729080186	0.37015488843236
1	1.22970245596479	-0.191424697854211
1	-0.0726205702199358	-0.15380276818637
1	3.66227344242316	0.486781816291123
1	1.48475845529359	-0.0362885016480113
1	-0.942749875683684	-0.283821845700992
1	2.25470562571975	0.426457414096894
1	1.45455469746355	0.0512286140794197
1	5.9562077797599	0.473270826681257
1	1.00075348787141	0.574071208080114
1	2.64536948709188	-0.00896415733076777
1	5.4497472115574	0.739716936017331
1	3.85947233973299	0.0531104033208322
1	4.66148062656714	0.849103619565918
1	5.26710653607515	0.681922843301301
1	5.67437130499998	0.819917133200122
1	3.47718344743641	0.689835247616338
1	8.06212934832508	0.933854375889018
1	4.46707568019753	0.1460656945059
1	2.14281202288332	-0.169913256295041
1	4.50017884441262	-0.0384410857784689
1	2.33311989580417	-0.0632814141152428
1	0.715168861366957	0.398617984814948
1	2.39296467924709	0.459645200672123
1	-1.31444668642128	-0.0815953931032867
1	1.42359898546132	0.196511611007786
1	0.830923077088873	0.129271977985316
1	3.96504811467462	0.536467840522672
1	2.55659582756871	0.648470059529138
1	0.359953177768052	-0.327125375603105
1	0.889871125530858	0.157942870645922
1	8.25532572744072	0.72551579403124
1	6.65718086356884	0.838731607494451
1	4.95164025311545	0.367768932652325
1	1.22392389665647	-0.234471737341753
1	5.77178635818156	0.204847008197831
1	-1.12849707742495	-0.304824944521822
1	0.68595546797413	0.0251949160784338
1	6.7242030045847	0.531701247470223
1	2.10976515007462	0.430759661344756
1	4.69596914872965	0.813290243462479
1	5.13591868823264	0.995781570646001
1	1.06661786634053	0.0471078761930738
1	4.82266797955946	0.87409727341856
1	4.31067057087092	0.410758647966147
1	1.80473276463716	0.149019410957513
1	-0.962946644494261	-0.325983651902199
1	5.71251618320364	0.344169131833239
1	2.66474403668948	0.359353633649882
1	4.60023293070514	0.779217412256227
1	1.27069285052165	-0.00590376887823313
1	4.70195967878535	0.400480203583327
1	2.78585248912112	0.323134286411227
1	4.67946097736106	0.733163406783629
1	3.26473018609395	0.704651372899139
1	1.77718747762825	0.208964482661735
1	2.67108769117817	0.237107531913433
1	4.35982474578546	0.909370762043658
1	6.84974890775299	0.965446467114263
1	-0.893561116752308	0.145380702166835
1	1.0414245237707	-0.240603753701356
1	-0.661454181204971	0.205749842710185
1	2.03264325827361	0.255975239391079
1	1.78727384762591	0.303069421070739
1	-1.21476090462747	-0.316877050669415
1	2.84035551031012	0.327898612455698
1	-1.92544732339913	0.0913728212256265
1	4.74391931814099	0.201092426372326
1	1.23684306104109	0.690862583314133
1	3.52394363702012	0.664802665369279
1	-0.60769795026067	0.0285479262105575
1	1.78293700919429	0.402269084171977
1	9.12357248076193	0.776942673497962
1	1.55460162166328	0.0050654755973778
1	2.79747309673443	0.871661870452859
1	-2.468480763009	-0.154080255936972
1	3.21250437248829	0.183396496958635
1	2.61992310149195	0.261027545251231
1	3.39119933659318	0.569445700272578
1	1.42248703238835	0.40151200443789
1	0.0224335439709509	0.337622980594295
1	2.76441723998846	0.7691916559402
1	4.82227399060934	0.298203922956491
1	4.30581213615538	0.911786218797833
1	1.56461070933343	0.63834739443892
1	8.46238412942214	0.726202653114599
1	5.14145786889453	0.62884760755572
1	0.152141180491686	-0.195335278755756
1	5.43955415746924	0.410824854031873
1	3.0929359640409	-0.0398863511571714
1	-0.522200305679872	-0.175787461967325
1	7.93345967206466	0.455539668718208
1	5.10709505665504	0.92727215627016
1	1.13808574947018	0.560383965674526
1	1.36884511637092	0.0360883874631115
1	4.38938467747954	0.55751042741534
1	6.83347206322215	0.162101089626031
1	1.16791741174778	-0.121763518284152
1	1.77720762258611	-0.142718558736825
1	3.4975384431208	0.48493205789156
1	3.04903500163892	0.499605201943579
1	0.557875387409282	-0.195809722021399
1	3.70938463379437	0.143327656665593
1	5.7040181250073	0.0126544775468316
1	4.42296419835094	0.196011734490918
1	2.99732712778944	-0.206121988213814
1	1.77497222628881	0.616775048657092
1	6.82023048077642	0.755155445859088
1	1.12114394749595	-0.183663147041627
1	0.0454630274296597	0.333708691358202
1	1.77970022714975	-0.17097785487529
1	4.54732905591619	0.757946128278143
1	4.38055630961751	-0.0103360826431881
1	0.120842644778862	0.035044564548903
1	-0.5227724176263	-0.261008497618946
1	0.86190148314876	0.273874285487819
1	1.37532887078729	0.0522695537116367
1	4.47059296001707	0.488246300300705
1	3.93126489666456	0.877218305120572
1	2.09693380443249	-0.238830466417374
1	1.88443942552515	0.630951578356983
1	0.360592221502674	0.215904211954141
1	8.22015178402632	0.864405964922104
1	-1.07473712331055	-0.121618315637092
1	4.91616731797472	0.584048944073472
1	0.54073987584485	-0.0437573370822023
1	3.15404039966274	0.703787850369139
1	4.13454325062342	0.549627964182908
1	0.891622595068527	0.259383977507653
1	3.74131486430693	-0.225520450255728
1	5.44892395740599	0.796077865196251
1	-1.03127487804221	-0.211323999510956
1	1.30680649322486	-0.278250458995005
1	3.51186265533736	0.132221072543012
1	3.3768784399137	0.178034065477819
1	5.0185056028819	0.998359451022646
1	7.78771488750589	0.789870933514277
1	5.72034595764889	0.832407519255274
1	0.635381758969696	0.0943010575513399
1	-0.734022083637422	0.532305792145651
1	3.63081331629488	-0.0254501361812329
1	2.92393732945823	0.368052786599253
1	1.66190842421557	0.0500613797515639
1	1.9362358523877	-0.346543688318851
1	5.36223131359011	0.538188679956032
1	2.52313131451625	-0.0364448231022077
1	2.22972335658098	-0.26383432208325
1	6.29141747376619	0.78095241545135
1	2.23908737021511	0.145413923000212
1	1.26796603250535	0.906153166034138
1	5.63632748342423	0.701312382557242
1	3.57105796567967	0.529398899209035
1	5.60806698763597	1.06833736818228
1	0.764167489781314	0.534786690292427
1	-0.17444518454006	-0.169827024617975
1	4.79378914027332	0.595572761411372
1	5.82487841023188	0.390637201926144
1	2.19702959276348	0.220759196957057
1	3.81409538082551	0.374064936579381
1	4.77508431036792	0.818438452421255
1	-1.71835902529914	-0.10863816101852
1	1.15921044424645	0.121132190353176
1	0.445980928220179	-0.0607289665755337
1	5.23371145125049	0.931618402630338
1	3.8577850677264	0.0412520430657923
1	5.05870491905393	0.493018407721719
1	0.745275042797688	-0.0993450299741759
1	1.61091547680743	0.152084899858821
1	2.69633017707296	-0.0443795116057765
1	3.7951085274993	0.288038366286304
1	1.44417112971472	0.321753103351712
1	-0.151127704060958	-0.0536675021799868
1	6.5891767102709	1.05396340709586
1	4.67368545881144	0.397650113471978
1	1.38142514367834	0.0288128685507473
1	3.60582611401275	0.0860465708025356
1	3.93049402792093	0.397086834901159
1	-0.391309647495345	-0.157563422289721
1	4.05365673950385	0.454234261487167
1	2.27249014564962	0.733735398492182
1	8.44197312053238	0.985500975203071
1	9.36400283597614	0.943876361180916
1	3.36792680397048	0.630387224444879
1	0.79992516820753	0.337781874322292
1	3.16740879637863	0.130475405042813
1	3.28890966910758	0.499444542799429
1	5.32597997545301	-0.232270320823956
1	4.15989975797296	0.663164414361806
1	4.62508436734321	0.423914768417667
1	4.06163627243618	0.60707428306652
1	0.608230779812249	0.146575450084494
1	4.8294839147249	0.71462070859748
1	-0.481188747435812	0.395748429387103
1	4.33324569925033	-0.020344862898989
1	5.80102519021506	0.965882570407632
1	5.0932953605025	-0.177968401497516
1	4.9165814307334	0.597417873728587
1	-0.456534962971283	-0.126086438359426
1	5.14135177202561	0.586413426681235
1	2.12915515192639	0.605078506394255
1	0.634625729080186	0.398920839776425
1	1.22970245596479	-0.202371642348216
1	-0.0726205702199358	-0.162089224638055
1	3.66227344242316	0.523795206023386
1	1.48475845529359	-0.036264770299986
1	-0.942749875683684	-0.301302785371774
1	2.25470562571975	0.459204878287465
1	1.45455469746355	0.0574412422210655
1	5.9562077797599	0.509328767646955
1	1.00075348787141	0.617257390785154
1	2.64536948709188	-0.00700814627348595
1	5.4497472115574	0.794616990985945
1	3.85947233973299	0.0594561048539586
1	4.66148062656714	0.91173910879161
1	5.26710653607515	0.73273590714678
1	5.67437130499998	0.880488658704147
1	3.47718344743641	0.741207848339696
1	8.06212934832508	1.00248313488492
1	4.46707568019753	0.158984861112499
1	2.14281202288332	-0.179338988731436
1	4.50017884441262	-0.0385695774660436
1	2.33311989580417	-0.0651665248037766
1	0.715168861366957	0.429396744333442
1	2.39296467924709	0.494739586195916
1	-1.31444668642128	-0.0847756027549826
1	1.42359898546132	0.212998132048941
1	0.830923077088873	0.141003553142364
1	3.96504811467462	0.576994847831321
1	2.55659582756871	0.696917462389284
1	0.359953177768052	-0.347668585723914
1	0.889871125530858	0.171701948585513
1	8.25532572744072	0.779411595130506
1	6.65718086356884	0.9006336251961
1	4.95164025311545	0.396366157754053
1	1.22392389665647	-0.248462814202837
1	5.77178635818156	0.221922978657128
1	-1.12849707742495	-0.32379114807348
1	0.68595546797413	0.0295665343930854
1	6.7242030045847	0.571891178399998
1	2.10976515007462	0.463811365042952
1	4.69596914872965	0.873393139072705
1	5.13591868823264	1.06878959892979
1	1.06661786634053	0.0530291005186753
1	4.82266797955946	0.938500224276228
1	4.31067057087092	0.442395951674819
1	1.80473276463716	0.162147453806487
1	-0.962946644494261	-0.346446123414417
1	5.71251618320364	0.371097463594444
1	2.66474403668948	0.387355758963636
1	4.60023293070514	0.836910799348614
1	1.27069285052165	-0.00373133811694604
1	4.70195967878535	0.431390652539582
1	2.78585248912112	0.348575109285689
1	4.67946097736106	0.787600019650384
1	3.26473018609395	0.757071716906705
1	1.77718747762825	0.226331626159536
1	2.67108769117817	0.256464850999504
1	4.35982474578546	0.976268127609092
1	6.84974890775299	1.03630930558665
1	-0.893561116752308	0.158251428569988
1	1.0414245237707	-0.255028464784396
1	-0.661454181204971	0.222889658390754
1	2.03264325827361	0.276666815134728
1	1.78727384762591	0.327091328573757
1	-1.21476090462747	-0.336695535977313
1	2.84035551031012	0.353676351394354
1	-1.92544732339913	0.100424303833905
1	4.74391931814099	0.217902886260026
1	1.23684306104109	0.742307833536429
1	3.52394363702012	0.714405051584113
1	-0.60769795026067	0.0331566573857415
1	1.78293700919429	0.433306036352742
1	9.12357248076193	0.83447519921723
1	1.55460162166328	0.00801361201805823
1	2.79747309673443	0.935892598340422
1	-2.468480763009	-0.16238633532796
1	3.21250437248829	0.198955564134198
1	2.61992310149195	0.282076401959619
1	3.39119933659318	0.612304783641665
1	1.42248703238835	0.432495418652969
1	0.0224335439709509	0.36408839199899
1	2.76441723998846	0.826176057474709
1	4.82227399060934	0.321881759869106
1	4.30581213615538	0.978854396808773
1	1.56461070933343	0.686078958699964
1	8.46238412942214	0.780147026426779
1	5.14145786889453	0.675907380932286
1	0.152141180491686	-0.206558765516968
1	5.43955415746924	0.442466839596254
1	3.0929359640409	-0.0401170468330042
1	-0.522200305679872	-0.185628597177774
1	7.93345967206466	0.490343725735005
1	5.10709505665504	0.995435444282979
1	1.13808574947018	0.602602235646916
1	1.36884511637092	0.0412303530357098
1	4.38938467747954	0.599525491059793
1	6.83347206322215	0.176154221910297
1	1.16791741174778	-0.127784273800177
1	1.77720762258611	-0.150221179618154
1	3.4975384431208	0.521814639338691
1	3.04903500163892	0.537525415554672
1	0.557875387409282	-0.207066759710119
1	3.70938463379437	0.156053199048292
1	5.7040181250073	0.0161392809890583
1	4.42296419835094	0.212462906056182
1	2.99732712778944	-0.21810827241212
1	1.77497222628881	0.662981093932161
1	6.82023048077642	0.811147256917511
1	1.12114394749595	-0.194061222476839
1	0.0454630274296597	0.359897298255559
1	1.77970022714975	-0.180478871908133
1	4.54732905591619	0.814135286396416
1	4.38055630961751	-0.0084770892275019
1	0.120842644778862	0.0401127147057034
1	-0.5227724176263	-0.276876159068398
1	0.86190148314876	0.295831617627531
1	1.37532887078729	0.0585557933737106
1	4.47059296001707	0.52536325309393
1	3.93126489666456	0.941841964155525
1	2.09693380443249	-0.25312977697853
1	1.88443942552515	0.678160137008722
1	0.360592221502674	0.233762108237946
1	8.22015178402632	0.928123581173152
1	-1.07473712331055	-0.127628802942273
1	4.91616731797472	0.627940716511259
1	0.54073987584485	-0.0442617750103984
1	3.15404039966274	0.751897237394123
1	4.13454325062342	0.587802865633332
1	0.891622595068527	0.278854760979911
1	3.74131486430693	-0.237298237094659
1	5.44892395740599	0.850134673717565
1	-1.03127487804221	-0.222186928155431
1	1.30680649322486	-0.293426312115159
1	3.51186265533736	0.143497129901732
1	3.3768784399137	0.192262437661736
1	5.0185056028819	1.06545183933132
1	7.78771488750589	0.843527750346557
1	5.72034595764889	0.888805510253475
1	0.635381758969696	0.103133445215943
1	-0.734022083637422	0.569364405354812
1	3.63081331629488	-0.024334843644965
1	2.92393732945823	0.394526485959895
1	1.66190842421557	0.0560428413302845
1	1.9362358523877	-0.366120544309092
1	5.36223131359011	0.575626402579028
1	2.52313131451625	-0.0360380583244598
1	2.22972335658098	-0.278081159830251
1	6.29141747376619	0.834034498536516
1	2.23908737021511	0.157540163800272
1	1.26796603250535	0.967303528626764
1	5.63632748342423	0.749262243651869
1	3.57105796567967	0.566270184270388
1	5.60806698763597	1.13993932526244
1	0.764167489781314	0.572005179377607
1	-0.17444518454006	-0.178015774468855
1	4.79378914027332	0.636708471516914
1	5.82487841023188	0.418566302907957
1	2.19702959276348	0.237740893711017
1	3.81409538082551	0.400926075362348
1	4.77508431036792	0.873936238467404
1	-1.71835902529914	-0.112883732797654
1	1.15921044424645	0.131693649752089
1	0.445980928220179	-0.0618871385591873
1	5.23371145125049	0.994409814862246
1	3.8577850677264	0.0466658068445774
1	5.05870491905393	0.527545234202975
1	0.745275042797688	-0.102991726918964
1	1.61091547680743	0.164641036690914
1	2.69633017707296	-0.0444840799019393
1	3.7951085274993	0.309355717105047
1	1.44417112971472	0.345243124229524
1	-0.151127704060958	-0.0543706140445113
1	6.5891767102709	1.12463906672864
1	4.67368545881144	0.426031145694214
1	1.38142514367834	0.033425017831518
1	3.60582611401275	0.0943470167178285
1	3.93049402792093	0.425431567908504
1	-0.391309647495345	-0.164961871995497
1	4.05365673950385	0.486261731288675
1	2.27249014564962	0.783774687595988
1	8.44197312053238	1.05176472808848
1	9.36400283597614	1.00745770985743
1	3.36792680397048	0.673766473964913
1	0.79992516820753	0.362304833131784
1	3.16740879637863	0.141638966803439
1	3.28890966910758	0.534385487037314
1	5.32597997545301	-0.244483087821793
1	4.15989975797296	0.70865591583311
1	4.62508436734321	0.453988366988607
1	4.06163627243618	0.648951182749943
1	0.608230779812249	0.158776542873283
1	4.8294839147249	0.763428194696504
1	-0.481188747435812	0.42400691187493
1	4.33324569925033	-0.0189005725603008
1	5.80102519021506	1.03088205951952
1	5.0932953605025	-0.186681803987729
1	4.9165814307334	0.638672487928783
1	-0.456534962971283	-0.131456424951209
1	5.14135177202561	0.626958884153618
1	2.12915515192639	0.646826792759058
1	0.634625729080186	0.427383761084422
1	1.22970245596479	-0.21265765656124
1	-0.0726205702199358	-0.169779329451104
1	3.66227344242316	0.560305373737715
1	1.48475845529359	-0.035846402426189
1	-0.942749875683684	-0.317964193583565
1	2.25470562571975	0.491552668258641
1	1.45455469746355	0.06389828236344
1	5.9562077797599	0.544906678423884
1	1.00075348787141	0.659790517838989
1	2.64536948709188	-0.00470440136327594
1	5.4497472115574	0.848579656769303
1	3.85947233973299	0.0660429882665663
1	4.66148062656714	0.97324944484502
1	5.26710653607515	0.782710786288965
1	5.67437130499998	0.939985130105261
1	3.47718344743641	0.791728682591551
1	8.06212934832508	1.06984126468353
1	4.46707568019753	0.171985650358624
1	2.14281202288332	-0.188140715619395
1	4.50017884441262	-0.0382997376828531
1	2.33311989580417	-0.0666106652017521
1	0.715168861366957	0.459823616456942
1	2.39296467924709	0.529377330135313
1	-1.31444668642128	-0.0874834058790796
1	1.42359898546132	0.229479684509335
1	0.830923077088873	0.152845577621206
1	3.96504811467462	0.616933346268949
1	2.55659582756871	0.744584102783052
1	0.359953177768052	-0.367317933185963
1	0.889871125530858	0.185522261802346
1	8.25532572744072	0.832394383531243
1	6.65718086356884	0.96142829344962
1	4.95164025311545	0.424664448350867
1	1.22392389665647	-0.26171906985306
1	5.77178635818156	0.238979672693438
1	-1.12849707742495	-0.341901768012021
1	0.68595546797413	0.0342272519663216
1	6.7242030045847	0.611500782391755
1	2.10976515007462	0.496456009645731
1	4.69596914872965	0.932432355741952
1	5.13591868823264	1.14042069899875
1	1.06661786634053	0.0592018101573132
1	4.82266797955946	1.00173511995613
1	4.31067057087092	0.473660528346555
1	1.80473276463716	0.175352049193587
1	-0.962946644494261	-0.366016692054819
1	5.71251618320364	0.397767370285256
1	2.66474403668948	0.415073394767435
1	4.60023293070514	0.893598994058249
1	1.27069285052165	-0.00121642670832267
1	4.70195967878535	0.461946017572626
1	2.78585248912112	0.373793613737432
1	4.67946097736106	0.841110492569341
1	3.26473018609395	0.808614862327402
1	1.77718747762825	0.24367242552376
1	2.67108769117817	0.275747517959075
1	4.35982474578546	1.04193689049092
1	6.84974890775299	1.10584728653326
1	-0.893561116752308	0.171204953412942
1	1.0414245237707	-0.26870782895269
1	-0.661454181204971	0.240008647918495
1	2.03264325827361	0.297251352031053
1	1.78727384762591	0.350925359315446
1	-1.21476090462747	-0.355637750039661
1	2.84035551031012	0.379223593868643
1	-1.92544732339913	0.109651290271045
1	4.74391931814099	0.234700514524329
1	1.23684306104109	0.79289955384911
1	3.52394363702012	0.763198640154141
1	-0.60769795026067	0.0380487323241379
1	1.78293700919429	0.463984833968231
1	9.12357248076193	0.891006437179106
1	1.55460162166328	0.0112854002029733
1	2.79747309673443	0.998959451458252
1	-2.468480763009	-0.170095586768163
1	3.21250437248829	0.214532175031453
1	2.61992310149195	0.30300954745709
1	3.39119933659318	0.654518751117476
1	1.42248703238835	0.46312197784221
1	0.0224335439709509	0.390306614906305
1	2.76441723998846	0.882172475997093
1	4.82227399060934	0.345380071725511
1	4.30581213615538	1.04468982596606
1	1.56461070933343	0.733047136210715
1	8.46238412942214	0.833177208035857
1	5.14145786889453	0.722220074094265
1	0.152141180491686	-0.217114609422709
1	5.43955415746924	0.47373598447993
1	3.0929359640409	-0.0399469302169971
1	-0.522200305679872	-0.194835643672056
1	7.93345967206466	0.524698188378489
1	5.10709505665504	1.06233940158347
1	1.13808574947018	0.644190944338001
1	1.36884511637092	0.0466427190495101
1	4.38938467747954	0.640915925897195
1	6.83347206322215	0.190261451822603
1	1.16791741174778	-0.133263673561049
1	1.77720762258611	-0.15714647508316
1	3.4975384431208	0.558197173907684
1	3.04903500163892	0.574920395601824
1	0.557875387409282	-0.217655340153936
1	3.70938463379437	0.168865063956142
1	5.7040181250073	0.0199347095526287
1	4.42296419835094	0.228909967086699
1	2.99732712778944	-0.229408398196122
1	1.77497222628881	0.708460781732549
1	6.82023048077642	0.866175178342291
1	1.12114394749595	-0.203811690456838
1	0.0454630274296597	0.385845435595443
1	1.77970022714975	-0.189354055992096
1	4.54732905591619	0.869355764630161
1	4.38055630961751	-0.00626800702720648
1	0.120842644778862	0.045453057042387
1	-0.5227724176263	-0.291963448534714
1	0.86190148314876	0.317651186921804
1	1.37532887078729	0.0650846582470315
1	4.47059296001707	0.561974470059059
1	3.93126489666456	1.00529221071201
1	2.09693380443249	-0.266686784500847
1	1.88443942552515	0.724618003946435
1	0.360592221502674	0.251581748232156
1	8.22015178402632	0.99068977753204
1	-1.07473712331055	-0.13309818373496
1	4.91616731797472	0.671162306354863
1	0.54073987584485	-0.0443587560376722
1	3.15404039966274	0.799230703728267
1	4.13454325062342	0.625442720588739
1	0.891622595068527	0.298244003007086
1	3.74131486430693	-0.248399904180433
1	5.44892395740599	0.903271358774841
1	-1.03127487804221	-0.232395918943358
1	1.30680649322486	-0.307843655057741
1	3.51186265533736	0.154890337337721
1	3.3768784399137	0.206536377307596
1	5.0185056028819	1.13130804001997
1	7.78771488750589	0.896274142020335
1	5.72034595764889	0.944226612850776
1	0.635381758969696	0.112142232827172
1	-0.734022083637422	0.605915037892385
1	3.63081331629488	-0.022856040408407
1	2.92393732945823	0.420748849302764
1	1.66190842421557	0.0622698271724496
1	1.9362358523877	-0.384832182228414
1	5.36223131359011	0.612546952542135
1	2.52313131451625	-0.0352506036927786
1	2.22972335658098	-0.291592012555031
1	6.29141747376619	0.886220091611416
1	2.23908737021511	0.169762940902363
1	1.26796603250535	1.02736177554502
1	5.63632748342423	0.796440051964054
1	3.57105796567967	0.602638030668555
1	5.60806698763597	1.21019575451131
1	0.764167489781314	0.608711811397925
1	-0.17444518454006	-0.185615425317858
1	4.79378914027332	0.677237346568441
1	5.82487841023188	0.446208779814807
1	2.19702959276348	0.254701400082574
1	3.81409538082551	0.427526484167625
1	4.77508431036792	0.928478962722826
1	-1.71835902529914	-0.116635812925678
1	1.15921044424645	0.142389585561638
1	0.445980928220179	-0.0626266768133955
1	5.23371145125049	1.05606932209107
1	3.8577850677264	0.0523388594395867
1	5.05870491905393	0.561625466391182
1	0.745275042797688	-0.106159452692141
1	1.61091547680743	0.1772832864508
1	2.69633017707296	-0.0441955604256201
1	3.7951085274993	0.330546754112662
1	1.44417112971472	0.368554152156524
1	-0.151127704060958	-0.0546661256890181
1	6.5891767102709	1.19399165778593
1	4.67368545881144	0.454114596195691
1	1.38142514367834	0.0383158920881528
1	3.60582611401275	0.102836760181755
1	3.93049402792093	0.453479599315569
1	-0.391309647495345	-0.171790384528208
1	4.05365673950385	0.517903206868048
1	2.27249014564962	0.832991263086687
1	8.44197312053238	1.11681238467009
1	9.36400283597614	1.06988800052042
1	3.36792680397048	0.716484490973892
1	0.79992516820753	0.386623754100947
1	3.16740879637863	0.15292240623971
1	3.28890966910758	0.568869796172201
1	5.32597997545301	-0.256009188421134
1	4.15989975797296	0.753434970567284
1	4.62508436734321	0.483723345422146
1	4.06163627243618	0.690203276298495
1	0.608230779812249	0.171072357082753
1	4.8294839147249	0.811442833807719
1	-0.481188747435812	0.451970784015655
1	4.33324569925033	-0.0171007484900835
1	5.80102519021506	1.09469610600538
1	5.0932953605025	-0.194793386607769
1	4.9165814307334	0.679317384094464
1	-0.456534962971283	-0.136305657029429
1	5.14135177202561	0.666911817995286
1	2.12915515192639	0.68795339138193
1	0.634625729080186	0.455547115166972
1	1.22970245596479	-0.222303720939411
1	-0.0726205702199358	-0.176892425543306
1	3.66227344242316	0.596320858536694
1	1.48475845529359	-0.0350476260302306
1	-0.942749875683684	-0.33383107245148
1	2.25470562571975	0.523506697439127
1	1.45455469746355	0.0705893157641344
1	5.9562077797599	0.58001251003665
1	1.00075348787141	0.701682927693516
1	2.64536948709188	-0.0020659612870777
1	5.4497472115574	0.901624481698642
1	3.85947233973299	0.0728607167228162
1	4.66148062656714	1.0336589372112
1	5.26710653607515	0.831864513519209
1	5.67437130499998	0.998429586520436
1	3.47718344743641	0.841415127557772
1	8.06212934832508	1.13595676362283
1	4.46707568019753	0.185061771371118
1	2.14281202288332	-0.196338481100197
1	4.50017884441262	-0.0376458881256684
1	2.33311989580417	-0.0676292382035803
1	0.715168861366957	0.489903302877947
1	2.39296467924709	0.563565790447289
1	-1.31444668642128	-0.0897350025024012
1	1.42359898546132	0.245952173219712
1	0.830923077088873	0.164791029587063
1	3.96504811467462	0.65629403756705
1	2.55659582756871	0.791485557439285
1	0.359953177768052	-0.386100304929468
1	0.889871125530858	0.199398036388039
1	8.25532572744072	0.884483089447206
1	6.65718086356884	1.02113947028891
1	4.95164025311545	0.452667163402513
1	1.22392389665647	-0.274263358399674
1	5.77178635818156	0.256013357943167
1	-1.12849707742495	-0.359182720631334
1	0.68595546797413	0.0391655169156054
1	6.7242030045847	0.650540553706736
1	2.10976515007462	0.52869969584098
1	4.69596914872965	0.990430644145858
1	5.13591868823264	1.21070556462772
1	1.06661786634053	0.0656154070077547
1	4.82266797955946	1.06382735781458
1	4.31067057087092	0.504557608107139
1	1.80473276463716	0.18862703480882
1	-0.962946644494261	-0.384722195069068
1	5.71251618320364	0.424181183662861
1	2.66474403668948	0.44250953373757
1	4.60023293070514	0.949303264010135
1	1.27069285052165	0.00162805986685777
1	4.70195967878535	0.492151081429703
1	2.78585248912112	0.398791215963067
1	4.67946097736106	0.893714088623481
1	3.26473018609395	0.859298831232283
1	1.77718747762825	0.260983327607591
1	2.67108769117817	0.294953204596872
1	4.35982474578546	1.10640398335579
1	6.84974890775299	1.17408978336628
1	-0.893561116752308	0.184234956007633
1	1.0414245237707	-0.281664967215015
1	-0.661454181204971	0.257103118226499
1	2.03264325827361	0.317727343118721
1	1.78727384762591	0.374572056151102
1	-1.21476090462747	-0.37373013372911
1	2.84035551031012	0.404541963446756
1	-1.92544732339913	0.119045109107374
1	4.74391931814099	0.251481415380088
1	1.23684306104109	0.842655166153757
1	3.52394363702012	0.811199718699567
1	-0.60769795026067	0.0432127450859923
1	1.78293700919429	0.494310337628328
1	9.12357248076193	0.946557555998544
1	1.55460162166328	0.0148684121175784
1	2.79747309673443	1.06088772115957
1	-2.468480763009	-0.177227365253274
1	3.21250437248829	0.230121663634003
1	2.61992310149195	0.323825694688469
1	3.39119933659318	0.696099739822518
1	1.42248703238835	0.493396509662922
1	0.0224335439709509	0.416279696146303
1	2.76441723998846	0.937201742752292
1	4.82227399060934	0.368699189605818
1	4.30581213615538	1.10931954407128
1	1.56461070933343	0.779267063101908
1	8.46238412942214	0.885312158051749
1	5.14145786889453	0.767800409685622
1	0.152141180491686	-0.227023961130658
1	5.43955415746924	0.504637521690366
1	3.0929359640409	-0.0393903859123974
1	-0.522200305679872	-0.203428901271537
1	7.93345967206466	0.558610235908662
1	5.10709505665504	1.12801174001259
1	1.13808574947018	0.685161834450138
1	1.36884511637092	0.0523144077701185
1	4.38938467747954	0.681693349556567
1	6.83347206322215	0.204417186444789
1	1.16791741174778	-0.13821966594738
1	1.77720762258611	-0.163513305599445
1	3.4975384431208	0.594088120188725
1	3.04903500163892	0.611799239337018
1	0.557875387409282	-0.227596634661097
1	3.70938463379437	0.181756841340425
1	5.7040181250073	0.0240286655211364
1	4.42296419835094	0.245348800655639
1	2.99732712778944	-0.240043985724733
1	1.77497222628881	0.753228309233234
1	6.82023048077642	0.920259430439694
1	1.12114394749595	-0.212935193599267
1	0.0454630274296597	0.411554979834956
1	1.77970022714975	-0.197623497606069
1	4.54732905591619	0.92362790475261
1	4.38055630961751	-0.00372193444352553
1	0.120842644778862	0.0510544683912284
1	-0.5227724176263	-0.306294375161509
1	0.86190148314876	0.339332265481392
1	1.37532887078729	0.0718457748970247
1	4.47059296001707	0.598088554041661
1	3.93126489666456	1.06759457799207
1	2.09693380443249	-0.279524532809177
1	1.88443942552515	0.770339993391309
1	0.360592221502674	0.269359880847916
1	8.22015178402632	1.05212952953217
1	-1.07473712331055	-0.13804440007569
1	4.91616731797472	0.713726486346118
1	0.54073987584485	-0.0440628332554159
1	3.15404039966274	0.845803739245809
1	4.13454325062342	0.66255691390873
1	0.891622595068527	0.317549594253818
1	3.74131486430693	-0.258846763954368
1	5.44892395740599	0.955507065096413
1	-1.03127487804221	-0.241971722110532
1	1.30680649322486	-0.321525888469264
1	3.51186265533736	0.166393549631023
1	3.3768784399137	0.220850553474109
1	5.0185056028819	1.19595520853924
1	7.78771488750589	0.948129007458047
1	5.72034595764889	0.998691410496539
1	0.635381758969696	0.121318773462831
1	-0.734022083637422	0.641966388628143
1	3.63081331629488	-0.0210271157609724
1	2.92393732945823	0.446722070776932
1	1.66190842421557	0.0687319383833677
1	1.9362358523877	-0.402704707260644
1	5.36223131359011	0.648959261688286
1	2.52313131451625	-0.0340962839063734
1	2.22972335658098	-0.304389709998605
1	6.29141747376619	0.937527740408794
1	2.23908737021511	0.182075631547639
1	1.26796603250535	1.08635141070133
1	5.63632748342423	0.842861199334964
1	3.57105796567967	0.638511022155011
1	5.60806698763597	1.27913658263362
1	0.764167489781314	0.644915383471277
1	-0.17444518454006	-0.192645084044355
1	4.79378914027332	0.717170590923911
1	5.82487841023188	0.473567721180095
1	2.19702959276348	0.271637077124118
1	3.81409538082551	0.453868595236466
1	4.77508431036792	0.982086655436177
1	-1.71835902529914	-0.119911085090579
1	1.15921044424645	0.153212413421766
1	0.445980928220179	-0.0629623677340519
1	5.23371145125049	1.11662143669937
1	3.8577850677264	0.0582604530902158
1	5.05870491905393	0.595266247303532
1	0.745275042797688	-0.108864522956638
1	1.61091547680743	0.19000529056257
1	2.69633017707296	-0.0435280921042668
1	3.7951085274993	0.351610502740214
1	1.44417112971472	0.39168654772929
1	-0.151127704060958	-0.0545685438624411
1	6.5891767102709	1.2620505377372
1	4.67368545881144	0.481903831233986
1	1.38142514367834	0.0434742509458898
1	3.60582611401275	0.111506827379282
1	3.93049402792093	0.481234273073063
1	-0.391309647495345	-0.178067581106047
1	4.05365673950385	0.549164295319051
1	2.27249014564962	0.881401800816428
1	8.44197312053238	1.18067059117928
1	9.36400283597614	1.13119223099013
1	3.36792680397048	0.758553858546452
1	0.79992516820753	0.410739632595127
1	3.16740879637863	0.164318509000031
1	3.28890966910758	0.602904867708033
1	5.32597997545301	-0.26687020237057
1	4.15989975797296	0.797515459675889
1	4.62508436734321	0.513124110104438
1	4.06163627243618	0.730842223551515
1	0.608230779812249	0.183456315952664
1	4.8294839147249	0.858680544806446
1	-0.481188747435812	0.479643336756671
1	4.33324569925033	-0.014958577799552
1	5.80102519021506	1.15735057917176
1	5.0932953605025	-0.202322578650484
1	4.9165814307334	0.719363839653426
1	-0.456534962971283	-0.140651509265902
1	5.14135177202561	0.706283069837721
1	2.12915515192639	0.728469883065791
1	0.634625729080186	0.483414318604747
1	1.22970245596479	-0.231330231188736
1	-0.0726205702199358	-0.183447313362942
1	3.66227344242316	0.631850022255254
1	1.48475845529359	-0.0338822586808986
1	-0.942749875683684	-0.348927735536497
1	2.25470562571975	0.555072769768244
1	1.45455469746355	0.0775042357845654
1	5.9562077797599	0.614654051422653
1	1.00075348787141	0.742946683457842
1	2.64536948709188	0.000894515002367535
1	5.4497472115574	0.953770552648992
1	3.85947233973299	0.0798992633763862
1	4.66148062656714	1.09299131101616
1	5.26710653607515	0.880213725107967
1	5.67437130499998	1.05584451550047
1	3.47718344743641	0.890284155013247
1	8.06212934832508	1.20085695045894
1	4.46707568019753	0.198207138825209
1	2.14281202288332	-0.203951768744461
1	4.50017884441262	-0.0366219376378745
1	2.33311989580417	-0.068237205940611
1	0.715168861366957	0.519640427078924
1	2.39296467924709	0.597312178310863
1	-1.31444668642128	-0.0915461313117997
1	1.42359898546132	0.262411651880036
1	0.830923077088873	0.176833111622341
1	3.96504811467462	0.695087390364081
1	2.55659582756871	0.837637044152238
1	0.359953177768052	-0.40404185068626
1	0.889871125530858	0.213323690637843
1	8.25532572744072	0.935696197591822
1	6.65718086356884	1.07979044104243
1	4.95164025311545	0.480377618319565
1	1.22392389665647	-0.286117900843745
1	5.77178635818156	0.273020441546597
1	-1.12849707742495	-0.375659210072863
1	0.68595546797413	0.0443701187127265
1	6.7242030045847	0.689020758868713
1	2.10976515007462	0.560548409993357
1	4.69596914872965	1.0474102108396
1	5.13591868823264	1.27967414043059
1	1.06661786634053	0.0722596097025014
1	4.82266797955946	1.12480172276693
1	4.31067057087092	0.535092329231525
1	1.80473276463716	0.201966450571895
1	-0.962946644494261	-0.402588733777242
1	5.71251618320364	0.45034121845113
1	2.66474403668948	0.469667134456269
1	4.60023293070514	1.0040443709918
1	1.27069285052165	0.00478959242347565
1	4.70195967878535	0.522010546555708
1	2.78585248912112	0.42356933875987
1	4.67946097736106	0.945429616802883
1	3.26473018609395	0.909141223634569
1	1.77718747762825	0.278260914141852
1	2.67108769117817	0.314079685974765
1	4.35982474578546	1.16969568679739
1	6.84974890775299	1.2410654544203
1	-0.893561116752308	0.197335321984013
1	1.0414245237707	-0.293922360584263
1	-0.661454181204971	0.27416951473734
1	2.03264325827361	0.338093363494488
1	1.78727384762591	0.398031991080827
1	-1.21476090462747	-0.390998402224568
1	2.84035551031012	0.429633084944525
1	-1.92544732339913	0.128597355912493
1	4.74391931814099	0.268241836764542
1	1.23684306104109	0.891591685786691
1	3.52394363702012	0.858424197555299
1	-0.60769795026067	0.0486376273185589
1	1.78293700919429	0.524287325630645
1	9.12357248076193	1.00114922100883
1	1.55460162166328	0.0187505836983515
1	2.79747309673443	1.12170208909292
1	-2.468480763009	-0.183800482997701
1	3.21250437248829	0.245719527530332
1	2.61992310149195	0.344523632980086
1	3.39119933659318	0.737059616733561
1	1.42248703238835	0.523323760310766
1	0.0224335439709509	0.442009672870747
1	2.76441723998846	0.991284194412334
1	4.82227399060934	0.391839479201638
1	4.30581213615538	1.17276993413911
1	1.56461070933343	0.824753527943146
1	8.46238412942214	0.936570390312312
1	5.14145786889453	0.812662773462798
1	0.152141180491686	-0.236307382164589
1	5.43955415746924	0.535176592309807
1	3.0929359640409	-0.0384613840452189
1	-0.522200305679872	-0.211428102626885
1	7.93345967206466	0.592086905420395
1	5.10709505665504	1.19247949922494
1	1.13808574947018	0.725526388721375
1	1.36884511637092	0.0582346705779656
1	4.38938467747954	0.721869122931218
1	6.83347206322215	0.218616020390305
1	1.16791741174778	-0.142669692868389
1	1.77720762258611	-0.169340001618906
1	3.4975384431208	0.629495761582666
1	3.04903500163892	0.648170852336702
1	0.557875387409282	-0.236911224872881
1	3.70938463379437	0.194722329777167
1	5.7040181250073	0.0284094066224744
1	4.42296419835094	0.261775439267032
1	2.99732712778944	-0.250036053903414
1	1.77497222628881	0.79729755028595
1	6.82023048077642	0.973419754713645
1	1.12114394749595	-0.221451798502245
1	0.0454630274296597	0.437027802150851
1	1.77970022714975	-0.205306725462141
1	4.54732905591619	0.97697156659914
1	4.38055630961751	-0.000851588602039099
1	0.120842644778862	0.0569061558721276
1	-0.5227724176263	-0.319892285170495
1	0.86190148314876	0.360874187364426
1	1.37532887078729	0.0788290808233797
1	4.47059296001707	0.633713928974211
1	3.93126489666456	1.12877398325007
1	2.09693380443249	-0.291665427724889
1	1.88443942552515	0.815340580313064
1	0.360592221502674	0.287093382076784
1	8.22015178402632	1.11246721115476
1	-1.07473712331055	-0.142484887716749
1	4.91616731797472	0.755645742673452
1	0.54073987584485	-0.0433881409284921
1	3.15404039966274	0.891631476761194
1	4.13454325062342	0.69915463095667
1	0.891622595068527	0.336769522540749
1	3.74131486430693	-0.268659536091231
1	5.44892395740599	1.00686048602315
1	-1.03127487804221	-0.250934509636087
1	1.30680649322486	-0.334495766335461
1	3.51186265533736	0.177999848688197
1	3.3768784399137	0.235199815522008
1	5.0185056028819	1.25941984220461
1	7.78771488750589	0.999110800538643
1	5.72034595764889	1.05221999812089
1	0.635381758969696	0.130654686084482
1	-0.734022083637422	0.677526974640248
1	3.63081331629488	-0.0188610707131559
1	2.92393732945823	0.47244833061938
1	1.66190842421557	0.0754190871685441
1	1.9362358523877	-0.419763508127768
1	5.36223131359011	0.684872074056033
1	2.52313131451625	-0.0325885241480982
1	2.22972335658098	-0.316496449975636
1	6.29141747376619	0.98797555473333
1	2.23908737021511	0.194471826619635
1	1.26796603250535	1.14429537411502
1	5.63632748342423	0.888540723076095
1	3.57105796567967	0.673897563660693
1	5.60806698763597	1.34679100667593
1	0.764167489781314	0.680624508388274
1	-0.17444518454006	-0.199123321684237
1	4.79378914027332	0.756519162485839
1	5.82487841023188	0.500646178542075
1	2.19702959276348	0.288544422521606
1	3.81409538082551	0.479954820753141
1	4.77508431036792	1.03477887261437
1	-1.71835902529914	-0.122725759676708
1	1.15921044424645	0.164154787432644
1	0.445980928220179	-0.0629085733803853
1	5.23371145125049	1.17609008114913
1	3.8577850677264	0.0644201601398938
1	5.05870491905393	0.62847457832041
1	0.745275042797688	-0.111122789570057
1	1.61091547680743	0.202800897274429
1	2.69633017707296	-0.0424954062390941
1	3.7951085274993	0.372546056287723
1	1.44417112971472	0.414640704954233
1	-0.151127704060958	-0.0540919581944225
1	6.5891767102709	1.32884434908506
1	4.67368545881144	0.509402172903783
1	1.38142514367834	0.0488891868478175
1	3.60582611401275	0.120348518815873
1	3.93049402792093	0.508698889544521
1	-0.391309647495345	-0.183811559638099
1	4.05365673950385	0.5800505017391
1	2.27249014564962	0.929022588968809
1	8.44197312053238	1.24336534885466
1	9.36400283597614	1.19139479663762
1	3.36792680397048	0.799986877718663
1	0.79992516820753	0.43465348100684
1	3.16740879637863	0.175820289643532
1	3.28890966910758	0.636497950943929
1	5.32597997545301	-0.27708710975324
1	4.15989975797296	0.840910948731044
1	4.62508436734321	0.542194996414196
1	4.06163627243618	0.770879426137441
1	0.608230779812249	0.195922055177984
1	4.8294839147249	0.905156878436178
1	-0.481188747435812	0.507027818826152
1	4.33324569925033	-0.0124868645389937
1	5.80102519021506	1.21887072338393
1	5.0932953605025	-0.209288265244114
1	4.9165814307334	0.75882288369217
1	-0.456534962971283	-0.144510865195293
1	5.14135177202561	0.745083244218523
1	2.12915515192639	0.768387592442497
1	0.634625729080186	0.510988742516745
1	1.22970245596479	-0.239757013908578
1	-0.0726205702199358	-0.189462265423453
1	3.66227344242316	0.666901053635205
1	1.48475845529359	-0.0323637186146533
1	-0.942749875683684	-0.36327782617752
1	2.25470562571975	0.586256582108598
1	1.45455469746355	0.0846332393435456
1	5.9562077797599	0.648838933212015
1	1.00075348787141	0.783593579622237
1	2.64536948709188	0.00416473798207023
1	5.4497472115574	1.00503650660105
1	3.85947233973299	0.087148902879001
1	4.66148062656714	1.15126972178355
1	5.26710653607515	0.927774670678706
1	5.67437130499998	1.1122518669342
1	3.47718344743641	0.93835234142688
1	8.06212934832508	1.26456848159804
1	4.46707568019753	0.211415867167939
1	2.14281202288332	-0.210999516557352
1	4.50017884441262	-0.035241393374834
1	2.33311989580417	-0.0684491016719946
1	0.715168861366957	0.549039535931889
1	2.39296467924709	0.63062356150907
1	-1.31444668642128	-0.0929320820799049
1	1.42359898546132	0.278854318756262
1	0.830923077088873	0.188965244459576
1	3.96504811467462	0.733323645831153
1	2.55659582756871	0.883053430678451
1	0.359953177768052	-0.421168002576593
1	0.889871125530858	0.227293829620954
1	8.25532572744072	0.986051758325299
1	6.65718086356884	1.13740393278695
1	4.95164025311545	0.507799085662007
1	1.22392389665647	-0.297304301970886
1	5.77178635818156	0.289997466088103
1	-1.12849707742495	-0.3913557472711
1	0.68595546797413	0.049830178877019
1	6.7242030045847	0.726951442150467
1	2.10976515007462	0.592008026682612
1	4.69596914872965	1.10339273196861
1	5.13591868823264	1.34735564090088
1	1.06661786634053	0.0791244449410072
1	4.82266797955946	1.18468240277416
1	4.31067057087092	0.565269740098003
1	1.80473276463716	0.215364532941913
1	-0.962946644494261	-0.419641693137297
1	5.71251618320364	0.476249772349947
1	2.66474403668948	0.496549121864516
1	4.60023293070514	1.05784258366881
1	1.27069285052165	0.00825600785700659
1	4.70195967878535	0.551529036747154
1	2.78585248912112	0.448129410920749
1	4.67946097736106	0.996275443375186
1	3.26473018609395	0.958159228027371
1	1.77718747762825	0.29550189779547
1	2.67108769117817	0.333124837294198
1	4.35982474578546	1.23183764585327
1	6.84974890775299	1.30680226110699
1	-0.893561116752308	0.210500137493473
1	1.0414245237707	-0.305501867147255
1	-0.661454181204971	0.291204417329665
1	2.03264325827361	0.358348067746683
1	1.78727384762591	0.421305764058468
1	-1.21476090462747	-0.407467564308688
1	2.84035551031012	0.454498583959543
1	-1.92544732339913	0.138299885881325
1	4.74391931814099	0.284978166167875
1	1.23684306104109	0.939725731653979
1	3.52394363702012	0.904887619144833
1	-0.60769795026067	0.0543126390472475
1	1.78293700919429	0.553920495666736
1	9.12357248076193	1.05480160691067
1	1.55460162166328	0.0229202049581001
1	2.79747309673443	1.18142664261775
1	-2.468480763009	-0.189833223977344
1	3.21250437248829	0.261321423227523
1	2.61992310149195	0.36510222562082
1	3.39119933659318	0.777409985270487
1	1.42248703238835	0.552908396203863
1	0.0224335439709509	0.467498572371236
1	2.76441723998846	1.04443968549906
1	4.82227399060934	0.414801339482922
1	4.30581213615538	1.23506674098477
1	1.56461070933343	0.869520980344123
1	8.46238412942214	0.986969983550514
1	5.14145786889453	0.856821222618478
1	0.152141180491686	-0.244984860662064
1	5.43955415746924	0.56535824745138
1	3.0929359640409	-0.0371734914718179
1	-0.522200305679872	-0.218852428394833
1	7.93345967206466	0.62513509510549
1	5.10709505665504	1.25576906372854
1	1.13808574947018	0.765295836249643
1	1.36884511637092	0.0643930789796843
1	4.38938467747954	0.761454356419019
1	6.83347206322215	0.232852730495977
1	1.16791741174778	-0.14663070336082
1	1.77720762258611	-0.174644377788682
1	3.4975384431208	0.664428210421536
1	3.04903500163892	0.684043953050845
1	0.557875387409282	-0.245619118525142
1	3.70938463379437	0.207755530610596
1	5.7040181250073	0.0330655363557919
1	4.42296419835094	0.278186060537944
1	2.99732712778944	-0.259405036446905
1	1.77497222628881	0.84068206339036
1	6.82023048077642	1.0256754258785
1	1.12114394749595	-0.229381011151146
1	0.0454630274296597	0.462265768143345
1	1.77970022714975	-0.212422721541891
1	4.54732905591619	1.02940614016156
1	4.38055630961751	0.00233068430279981
1	0.120842644778862	0.0629976478735014
1	-0.5227724176263	-0.332779879527247
1	0.86190148314876	0.382276346532678
1	1.37532887078729	0.0860248159440224
1	4.47059296001707	0.668858844093396
1	3.93126489666456	1.18885474337053
1	2.09693380443249	-0.303131254083886
1	1.88443942552515	0.859633908815169
1	0.360592221502674	0.30477925125389
1	8.22015178402632	1.17172661003242
1	-1.07473712331055	-0.146436589696855
1	4.91616731797472	0.796932281987254
1	0.54073987584485	-0.0423484058158661
1	3.15404039966274	0.936728700880901
1	4.13454325062342	0.735244862356023
1	0.891622595068527	0.355901869890081
1	3.74131486430693	-0.277858363335892
1	5.44892395740599	1.05734987481211
1	-1.03127487804221	-0.259303890702002
1	1.30680649322486	-0.346775413218799
1	3.51186265533736	0.189702537209603
1	3.3768784399137	0.249579187998428
1	5.0185056028819	1.32172779687392
1	7.78771488750589	1.04923754123634
1	5.72034595764889	1.10483199440352
1	0.635381758969696	0.140141848197332
1	-0.734022083637422	0.712605135511398
1	3.63081331629488	-0.0163705285180194
1	2.92393732945823	0.497929795087514
1	1.66190842421557	0.0823214883182725
1	1.9362358523877	-0.43603327614175
1	5.36223131359011	0.720293950331972
1	2.52313131451625	-0.0307403608980276
1	2.22972335658098	-0.327933815228959
1	6.29141747376619	1.03758121936346
1	2.23908737021511	0.206945324662042
1	1.26796603250535	1.20121605614028
1	5.63632748342423	0.933493314755335
1	3.57105796567967	0.708805885514919
1	5.60806698763597	1.4131875125633
1	0.764167489781314	0.715847618974299
1	-0.17444518454006	-0.205068187786991
1	4.79378914027332	0.795293778678231
1	5.82487841023188	0.527447166976366
1	2.19702959276348	0.305420066614008
1	3.81409538082551	0.50578755293718
1	4.77508431036792	1.08657470792026
1	-1.71835902529914	-0.125095586496277
1	1.15921044424645	0.175209593527359
1	0.445980928220179	-0.0624792429336813
1	5.23371145125049	1.23449860288625
1	3.8577850677264	0.0708078642866416
1	5.05870491905393	0.661257322437809
1	0.745275042797688	-0.112949653069294
1	1.61091547680743	0.215664155853702
1	2.69633017707296	-0.0411108375294579
1	3.7951085274993	0.393352573730978
1	1.44417112971472	0.437417049950097
1	-0.151127704060958	-0.0532500524664362
1	6.5891767102709	1.3944010375201
1	4.67368545881144	0.536612899855691
1	1.38142514367834	0.0545501159749672
1	3.60582611401275	0.129353401758077
1	3.93049402792093	0.535876706210151
1	-0.391309647495345	-0.189039908755607
1	4.05365673950385	0.610567231451315
1	2.27249014564962	0.975869537706313
1	8.44197312053238	1.30492203027795
1	9.36400283597614	1.2505195056149
1	3.36792680397048	0.840795574389858
1	0.79992516820753	0.458366327884095
1	3.16740879637863	0.187420985260977
1	3.28890966910758	0.669656150397323
1	5.32597997545301	-0.286680307002805
1	4.15989975797296	0.883634695538036
1	4.62508436734321	0.570940270139268
1	4.06163627243618	0.810326033756292
1	0.608230779812249	0.208463416957524
1	4.8294839147249	0.950887026448197
1	-0.481188747435812	0.534127437401343
1	4.33324569925033	-0.00969804008362613
1	5.80102519021506	1.27928117388069
1	5.0932953605025	-0.215708801925652
1	4.9165814307334	0.797705302981856
1	-0.456534962971283	-0.147900130410155
1	5.14135177202561	0.78332271431501
1	2.12915515192639	0.807717594202305
1	0.634625729080186	0.538273713312865
1	1.22970245596479	-0.247603341813326
1	-0.0726205702199358	-0.19495504045495
1	3.66227344242316	0.701481972395288
1	1.48475845529359	-0.0305050355444206
1	-0.942749875683684	-0.376904335341308
1	2.25470562571975	0.617063726600192
1	1.45455469746355	0.0919668185979316
1	5.9562077797599	0.682574631413303
1	1.00075348787141	0.823635148611139
1	2.64536948709188	0.00773277752724538
1	5.4497472115574	1.05544054190602
1	3.85947233973299	0.0946002031146095
1	4.66148062656714	1.20851676981099
1	5.26710653607515	0.974563222828779
1	5.67437130499998	1.16767306659467
1	3.47718344743641	0.985635877807543
1	8.06212934832508	1.32711736788353
1	4.46707568019753	0.224682264996468
1	2.14281202288332	-0.217500131588349
1	4.50017884441262	-0.0335173716739112
1	2.33311989580417	-0.068279041361295
1	0.715168861366957	0.57810510126062
1	2.39296467924709	0.663506867727098
1	-1.31444668642128	-0.0939077077626809
1	1.42359898546132	0.295276512493588
1	0.830923077088873	0.201181060882033
1	3.96504811467462	0.771012823155403
1	2.55659582756871	0.927749243406055
1	0.359953177768052	-0.437503494190853
1	0.889871125530858	0.241303239896672
1	8.25532572744072	1.0355673985155
1	6.65718086356884	1.19400212842889
1	4.95164025311545	0.534934795823939
1	1.22392389665647	-0.307843566797407
1	5.77178635818156	0.306941105646511
1	-1.12849707742495	-0.406296168400952
1	0.68595546797413	0.0555351419154764
1	6.7242030045847	0.764342430921571
1	2.10976515007462	0.623084311180075
1	4.69596914872965	1.15839936662616
1	5.13591868823264	1.4137785689604
1	1.06661786634053	0.0862002390531119
1	4.82266797955946	1.24349300393025
1	4.31067057087092	0.595094801095748
1	1.80473276463716	0.228815709379696
1	-0.962946644494261	-0.435905760794295
1	5.71251618320364	0.501909126048607
1	2.66474403668948	0.523158387707368
1	4.60023293070514	1.11071768997326
1	1.27069285052165	0.0120154991990278
1	4.70195967878535	0.580711098767353
1	2.78585248912112	0.472472866649303
1	4.67946097736106	1.04626950296402
1	3.26473018609395	1.00636963165109
1	1.77718747762825	0.312703118342961
1	2.67108769117817	0.35208663086421
1	4.35982474578546	1.29285488609556
1	6.84974890775299	1.37132748560085
1	-0.893561116752308	0.223723683567667
1	1.0414245237707	-0.316424738685323
1	-0.661454181204971	0.308204536414226
1	2.03264325827361	0.378490187459924
1	1.78727384762591	0.444394001835938
1	-1.21476090462747	-0.423161941158058
1	2.84035551031012	0.479140086421746
1	-1.92544732339913	0.148144806656667
1	4.74391931814099	0.301686926576774
1	1.23684306104109	0.987073536106607
1	3.52394363702012	0.950605167114146
1	-0.60769795026067	0.0602273597111157
1	1.78293700919429	0.583214466488172
1	9.12357248076193	1.10753441009597
1	1.55460162166328	0.0273659103534913
1	2.79747309673443	1.24008488982236
1	-2.468480763009	-0.195343358088997
1	3.21250437248829	0.276923161591456
1	2.61992310149195	0.385560407510527
1	3.39119933659318	0.817162191717733
1	1.42248703238835	0.582155005627327
1	0.0224335439709509	0.492748411906397
1	2.76441723998846	1.09668760048737
1	4.82227399060934	0.437585201403872
1	4.30581213615538	1.29623508738334
1	1.56461070933343	0.913583539335983
1	8.46238412942214	1.03652859227486
1	5.14145786889453	0.900289493892733
1	0.152141180491686	-0.253075826707338
1	5.43955415746924	0.595187450168532
1	3.0929359640409	-0.0355398826900273
1	-0.522200305679872	-0.22572052201505
1	7.93345967206466	0.657761567434037
1	5.10709505665504	1.31790617948463
1	1.13808574947018	0.804481158656433
1	1.36884511637092	0.0707795158580921
1	4.38938467747954	0.800459916004337
1	6.83347206322215	0.247122270656436
1	1.16791741174778	-0.150119166829089
1	1.77720762258611	-0.179443746787367
1	3.4975384431208	0.698893411985968
1	3.04903500163892	0.719427077237751
1	0.557875387409282	-0.253739764794713
1	3.70938463379437	0.220850642253568
1	5.7040181250073	0.0379859945748937
1	4.42296419835094	0.294576982997509
1	2.99732712778944	-0.268170797518964
1	1.77497222628881	0.88339509946179
1	6.82023048077642	1.07704526356302
1	1.12114394749595	-0.2367417919195
1	0.0454630274296597	0.487270737551968
1	1.77970022714975	-0.218989935736448
1	4.54732905591619	1.08095055737148
1	4.38055630961751	0.00581289893709341
1	0.120842644778862	0.0693187852725739
1	-0.5227724176263	-0.344979231142207
1	0.86190148314876	0.403538194865406
1	1.37532887078729	0.0934235143053738
1	4.47059296001707	0.703531378051822
1	3.93126489666456	1.24786059004419
1	2.09693380443249	-0.313943192306753
1	1.88443942552515	0.90323380030583
1	0.360592221502674	0.32241460742281
1	8.22015178402632	1.22993094226082
1	-1.07473712331055	-0.14991596957717
1	4.91616731797472	0.837598038236698
1	0.54073987584485	-0.0409569581918526
1	3.15404039966274	0.981109856628839
1	4.13454325062342	0.770836408627003
1	0.891622595068527	0.374944809652431
1	3.74131486430693	-0.286462826922941
1	5.44892395740599	1.10699305564985
1	-1.03127487804221	-0.267098926745399
1	1.30680649322486	-0.358386341042434
1	3.51186265533736	0.201495132526028
1	3.3768784399137	0.263983865658902
1	5.0185056028819	1.38290430319457
1	7.78771488750589	1.09852682647332
1	5.72034595764889	1.15654655372701
1	0.635381758969696	0.149772388705707
1	-0.734022083637422	0.747209037517278
1	3.63081331629488	-0.0135677449141695
1	2.92393732945823	0.523168616397723
1	1.66190842421557	0.08942965091845
1	1.9362358523877	-0.45153802375552
1	5.36223131359011	0.755233272191416
1	2.52313131451625	-0.0285644524609123
1	2.22972335658098	-0.338722789840539
1	6.29141747376619	1.08636200467335
1	2.23908737021511	0.219490126056685
1	1.26796603250535	1.25713531132757
1	5.63632748342423	0.977733328758312
1	3.57105796567967	0.743244047558632
1	5.60806698763597	1.47835389315709
1	0.764167489781314	0.75059297234215
1	-0.17444518454006	-0.210497224394297
1	4.79378914027332	0.833504922272008
1	5.82487841023188	0.553973665618855
1	2.19702959276348	0.322260768520767
1	3.81409538082551	0.53136916413748
1	4.77508431036792	1.13749280426453
1	-1.71835902529914	-0.127035867184755
1	1.15921044424645	0.186369943021632
1	0.445980928220179	-0.0616879238530677
1	5.23371145125049	1.29186978886083
1	3.8577850677264	0.0774137520659526
1	5.05870491905393	0.693621207439264
1	0.745275042797688	-0.114360074825473
1	1.61091547680743	0.228589310937411
1	2.69633017707296	-0.0393873348056124
1	3.7951085274993	0.414029277589787
1	1.44417112971472	0.46001603968855
1	-0.151127704060958	-0.0520561155848641
1	6.5891767102709	1.45874786960674
1	4.67368545881144	0.563539248000597
1	1.38142514367834	0.0604467694073425
1	3.60582611401275	0.13851330287543
1	3.93049402792093	0.562770938356618
1	-0.391309647495345	-0.19376972147327
1	4.05365673950385	0.640719792172942
1	2.27249014564962	1.02195818857056
1	8.44197312053238	1.3653653952885
1	9.36400283597614	1.30858959369242
1	3.36792680397048	0.88099170604885
1	0.79992516820753	0.481879217085711
1	3.16740879637863	0.199114049266223
1	3.28890966910758	0.70238642914216
1	5.32597997545301	-0.295669622497717
1	4.15989975797296	0.925699657709616
1	4.62508436734321	0.599364128860568
1	4.06163627243618	0.849192950302686
1	0.608230779812249	0.221074444201967
1	4.8294839147249	0.995885830507262
1	-0.481188747435812	0.560945358763718
1	4.33324569925033	-0.00660417324447937
1	5.80102519021506	1.33860597218119
1	5.0932953605025	-0.221602028830099
1	4.9165814307334	0.836021647851469
1	-0.456534962971283	-0.15083524540778
1	5.14135177202561	0.821011627532661
1	2.12915515192639	0.846470719165258
1	0.634625729080186	0.565272513431138
1	1.22970245596479	-0.254887948553061
1	-0.0726205702199358	-0.199942897182607
1	3.66227344242316	0.735600633199417
1	1.48475845529359	-0.0283188611823885
1	-0.942749875683684	-0.389829619002897
1	2.25470562571975	0.647499692957456
1	1.45455469746355	0.0994957528443868
1	5.9562077797599	0.715868471007474
1	1.00075348787141	0.863082667169658
1	2.64536948709188	0.0115870531455049
1	5.4497472115574	1.10500042926112
1	3.85947233973299	0.102244017153279
1	4.66148062656714	1.26475451417607
1	5.26710653607515	1.02059488650382
1	5.67437130499998	1.22212902933651
1	3.47718344743641	1.03215057929768
1	8.06212934832508	1.38852899094987
1	4.46707568019753	0.238000829587192
1	2.14281202288332	-0.223471504155966
1	4.50017884441262	-0.0314626086369034
1	2.33311989580417	-0.0677407349470919
1	0.715168861366957	0.606841521366428
1	2.39296467924709	0.695968887768754
1	-1.31444668642128	-0.0944874362773965
1	1.42359898546132	0.311674708043114
1	0.830923077088873	0.213474399787578
1	3.96504811467462	0.808164724884743
1	2.55659582756871	0.971738675802399
1	0.359953177768052	-0.453072379169645
1	0.889871125530858	0.255346884372556
1	8.25532572744072	1.08426033212007
1	6.65718086356884	1.24960668042291
1	4.95164025311545	0.561787937704717
1	1.22392389665647	-0.317756116583545
1	5.77178635818156	0.323848161952673
1	-1.12849707742495	-0.42050365284002
1	0.68595546797413	0.0614747665032809
1	6.7242030045847	0.801203340861085
1	2.10976515007462	0.653782921864882
1	4.69596914872965	1.21245076986721
1	5.13591868823264	1.47897073402874
1	1.06661786634053	0.0934776097866429
1	4.82266797955946	1.30125656516052
1	4.31067057087092	0.624572386486944
1	1.80473276463716	0.242314592958729
1	-0.962946644494261	-0.451404945628863
1	5.71251618320364	0.527321543243149
1	2.66474403668948	0.549497790971967
1	4.60023293070514	1.16268900917356
1	1.27069285052165	0.0160566059361954
1	4.70195967878535	0.609561203923781
1	2.78585248912112	0.496601144994413
1	4.67946097736106	1.09542930934296
1	3.26473018609395	1.05378883049749
1	1.77718747762825	0.329861538936075
1	2.67108769117817	0.370963133152745
1	4.35982474578546	1.35277182930652
1	6.84974890775299	1.43466774806829
1	-0.893561116752308	0.237000430628645
1	1.0414245237707	-0.326711636857425
1	-0.661454181204971	0.325166709116476
1	2.03264325827361	0.398518528789139
1	1.78727384762591	0.467297356841923
1	-1.21476090462747	-0.438105184639377
1	2.84035551031012	0.503559218159992
1	-1.92544732339913	0.158124471343105
1	4.74391931814099	0.318364772527986
1	1.23684306104109	1.03365095456254
1	3.52394363702012	0.995591675231799
1	-0.60769795026067	0.0663716794362894
1	1.78293700919429	0.612173779533453
1	9.12357248076193	1.15936686065458
1	1.55460162166328	0.0320766694079182
1	2.79747309673443	1.29769977415486
1	-2.468480763009	-0.200348154936425
1	3.21250437248829	0.29252070341012
1	2.61992310149195	0.405897182874035
1	3.39119933659318	0.856327331482644
1	1.42248703238835	0.611068100339212
1	0.0224335439709509	0.517761198537865
1	2.76441723998846	1.14804686559732
1	4.82227399060934	0.460191526646861
1	4.30581213615538	1.35629948981232
1	1.56461070933343	0.956955001538521
1	8.46238412942214	1.08526345737049
1	5.14145786889453	0.94308101147703
1	0.152141180491686	-0.26059916726036
1	5.43955415746924	0.624669077318978
1	3.0929359640409	-0.0335733504616277
1	-0.522200305679872	-0.232050504097593
1	7.93345967206466	0.689972952257139
1	5.10709505665504	1.37891597007925
1	1.13808574947018	0.843093096094103
1	1.36884511637092	0.0773841669545105
1	4.38938467747954	0.838896429185736
1	6.83347206322215	0.261419766797482
1	1.16791741174778	-0.153151085936068
1	1.77720762258611	-0.183754932796328
1	3.4975384431208	0.732899148422208
1	3.04903500163892	0.754328582287569
1	0.557875387409282	-0.261292069241553
1	3.70938463379437	0.234002054640821
1	5.7040181250073	0.0431600483213511
1	4.42296419835094	0.310944661999737
1	2.99732712778944	-0.276352646960201
1	1.77497222628881	0.925449609400784
1	6.82023048077642	1.12754764371365
1	1.12114394749595	-0.243552570174627
1	0.0454630274296597	0.512044563983105
1	1.77970022714975	-0.225026300100702
1	4.54732905591619	1.13162330358084
1	4.38055630961751	0.00958342102368437
1	0.120842644778862	0.0758597128887779
1	-0.5227724176263	-0.356511801619077
1	0.86190148314876	0.424659240229258
1	1.37532887078729	0.10101599601295
1	4.47059296001707	0.737739442926833
1	3.93126489666456	1.30581468455285
1	2.09693380443249	-0.324121834532739
1	1.88443942552515	0.946153761460297
1	0.360592221502674	0.339996685799479
1	8.22015178402632	1.28710286682856
1	-1.07473712331055	-0.152939024328058
1	4.91616731797472	0.877654679332673
1	0.54073987584485	-0.0392267425758266
1	3.15404039966274	1.02478905785118
1	4.13454325062342	0.805937884706609
1	0.891622595068527	0.393896603712793
1	3.74131486430693	-0.29449196159019
1	5.44892395740599	1.15580743438295
1	-1.03127487804221	-0.274338146114295
1	1.30680649322486	-0.369349465432488
1	3.51186265533736	0.213371360600176
1	3.3768784399137	0.278409208623326
1	5.0185056028819	1.44297398243145
1	7.78771488750589	1.14699584069387
1	5.72034595764889	1.20738237782283
1	0.635381758969696	0.159538680958978
1	-0.734022083637422	0.781346677710089
1	3.63081331629488	-0.0104646180975354
1	2.92393732945823	0.548166932669768
1	1.66190842421557	0.0967343702816689
1	1.9362358523877	-0.466301102626222
1	5.36223131359011	0.789698246530167
1	2.52313131451625	-0.0260730892150204
1	2.22972335658098	-0.348883775210462
1	6.29141747376619	1.13433477698223
1	2.23908737021511	0.232100427357472
1	1.26796603250535	1.31207447192805
1	5.63632748342423	1.02127479063084
1	3.57105796567967	0.777219943154671
1	5.60806698763597	1.5423172658463
1	0.764167489781314	0.784868654038083
1	-0.17444518454006	-0.215427479650072
1	4.79378914027332	0.871162847062846
1	5.82487841023188	0.58022861817921
1	2.19702959276348	0.339063412374433
1	3.81409538082551	0.556702006928208
1	4.77508431036792	1.18755136509967
1	-1.71835902529914	-0.128561467268963
1	1.15921044424645	0.197629166335867
1	0.445980928220179	-0.0605477727363103
1	5.23371145125049	1.34822587967332
1	3.8577850677264	0.0842283045598924
1	5.05870491905393	0.725572828989338
1	0.745275042797688	-0.115368588877861
1	1.61091547680743	0.241570797034336
1	2.69633017707296	-0.0373374714775045
1	3.7951085274993	0.43457545185603
1	1.44417112971472	0.482438160771834
1	-0.151127704060958	-0.0505230522638449
1	6.5891767102709	1.52191145001236
1	4.67368545881144	0.59018441119991
1	1.38142514367834	0.0665691845195537
1	3.60582611401275	0.147820301078366
1	3.93049402792093	0.589384759753087
1	-0.391309647495345	-0.198017608490238
1	4.05365673950385	0.670513396131504
1	2.27249014564962	1.06730372364182
1	8.44197312053238	1.42471960648721
1	9.36400283597614	1.36562773871408
1	3.36792680397048	0.920586768329088
1	0.79992516820753	0.5051932069629
1	3.16740879637863	0.210893145353719
1	3.28890966910758	0.734695612064329
1	5.32597997545301	-0.304074331744811
1	4.15989975797296	0.967118500047131
1	4.62508436734321	0.627470703304183
1	4.06163627243618	0.88749083983352
1	0.608230779812249	0.233749374897088
1	4.8294839147249	1.04016779086942
1	-0.481188747435812	0.587484708941291
1	4.33324569925033	-0.00321698011152294
1	5.80102519021506	1.39686858109452
1	5.0932953605025	-0.226985284505657
1	4.9165814307334	0.873782237912151
1	-0.456534962971283	-0.153331698097987
1	5.14135177202561	0.858159910952134
1	2.12915515192639	0.884657560198558
1	0.634625729080186	0.591988382059994
1	1.22970245596479	-0.261629043143706
1	-0.0726205702199358	-0.204442607741709
1	3.66227344242316	0.769264729525751
1	1.48475845529359	-0.0258174794843115
1	-0.942749875683684	-0.402075415068782
1	2.25470562571975	0.677569870710651
1	1.45455469746355	0.107211100636444
1	5.9562077797599	0.748727629452384
1	1.00075348787141	0.901947162587861
1	2.64536948709188	0.0157163244698131
1	5.4497472115574	1.15373352240331
1	3.85947233973299	0.110071475419033
1	4.66148062656714	1.32000448638145
1	5.26710653607515	1.06588480813208
1	5.67437130499998	1.27564017195354
1	3.47718344743641	1.07791189452109
1	8.06212934832508	1.44882811915445
1	4.46707568019753	0.251366241571673
1	2.14281202288332	-0.228931021697484
1	4.50017884441262	-0.0290894704324259
1	2.33311989580417	-0.0668474973156024
1	0.715168861366957	0.635253122518403
1	2.39296467924709	0.728016278693329
1	-1.31444668642128	-0.0946852819693899
1	1.42359898546132	0.328045512698895
1	0.830923077088873	0.225839300411481
1	3.96504811467462	0.844788942137534
1	2.55659582756871	1.01503559664575
1	0.359953177768052	-0.467898049295395
1	0.889871125530858	0.269419897300824
1	8.25532572744072	1.1321473704969
1	6.65718086356884	1.30423872413719
1	4.95164025311545	0.588361659366829
1	1.22392389665647	-0.327061804425108
1	5.77178635818156	0.340715560651431
1	-1.12849707742495	-0.434000740658497
1	0.68595546797413	0.0676391168984311
1	6.7242030045847	0.837543581038618
1	2.10976515007462	0.684109412581454
1	4.69596914872965	1.26556710538721
1	5.13591868823264	1.54295926962609
1	1.06661786634053	0.100947458313294
1	4.82266797955946	1.35799557254112
1	4.31067057087092	0.653707286224603
1	1.80473276463716	0.255855977120788
1	-0.962946644494261	-0.466162595817989
1	5.71251618320364	0.552489270657478
1	2.66474403668948	0.575570158318358
1	4.60023293070514	1.21377540363394
1	1.27069285052165	0.0203682045857734
1	4.70195967878535	0.638083749608574
1	2.78585248912112	0.520515689303804
1	4.67946097736106	1.1437719659524
1	3.26473018609395	1.10043283905725
1	1.77718747762825	0.346974242476853
1	2.67108769117817	0.389752501919061
1	4.35982474578546	1.41161230874981
1	6.84974890775299	1.49684902345194
1	-0.893561116752308	0.250325033146304
1	1.0414245237707	-0.33638264895723
1	-0.661454181204971	0.342087895562885
1	2.03264325827361	0.418431970101058
1	1.78727384762591	0.490016506094061
1	-1.21476090462747	-0.452320295124532
1	2.84035551031012	0.527757604484171
1	-1.92544732339913	0.168231471707237
1	4.74391931814099	0.335008486268979
1	1.23684306104109	1.07947347488225
1	3.52394363702012	1.03986163606132
1	-0.60769795026067	0.0727357905410602
1	1.78293700919429	0.640802900516778
1	9.12357248076193	1.21031773407248
1	1.55460162166328	0.0370417775829991
1	2.79747309673443	1.35429368867696
1	-2.468480763009	-0.204864397252899
1	3.21250437248829	0.308110155076802
1	2.61992310149195	0.426111623038948
1	3.39119933659318	0.894916255194953
1	1.42248703238835	0.639652117138845
1	0.0224335439709509	0.542538928974777
1	2.76441723998846	1.19853596028309
1	4.82227399060934	0.482620806403334
1	4.30581213615538	1.41528387378803
1	1.56461070933343	0.99964884911875
1	8.46238412942214	1.13319141642829
1	5.14145786889453	0.985208894716486
1	0.152141180491686	-0.267573240692447
1	5.43955415746924	0.653807921384315
1	3.0929359640409	-0.0312863161537278
1	-0.522200305679872	-0.237859986431138
1	7.93345967206466	0.721775749833001
1	5.10709505665504	1.43882295247749
1	1.13808574947018	0.881142153100863
1	1.36884511637092	0.0841975125773181
1	4.38938467747954	0.876774290753426
1	6.83347206322215	0.275740511984674
1	1.16791741174778	-0.155742009153652
1	1.77720762258611	-0.187594284615678
1	3.4975384431208	0.766453042561264
1	3.04903500163892	0.788756651437347
1	0.557875387409282	-0.268294408357214
1	3.70938463379437	0.247204343831038
1	5.7040181250073	0.0485772829007669
1	4.42296419835094	0.327285685747082
1	2.99732712778944	-0.283969355114793
1	1.77497222628881	0.966858251469621
1	6.82023048077642	1.17720050970469
1	1.12114394749595	-0.249831258498371
1	0.0454630274296597	0.53658909464887
1	1.77970022714975	-0.230549242731757
1	4.54732905591619	1.18144242874749
1	4.38055630961751	0.0136309577980935
1	0.120842644778862	0.0826108711641443
1	-0.5227724176263	-0.36739845756247
1	0.86190148314876	0.445639044602703
1	1.37532887078729	0.108793359376512
1	4.47059296001707	0.771490788129088
1	3.93126489666456	1.36273963217311
1	2.09693380443249	-0.333687200328998
1	1.88443942552515	0.988406991979875
1	0.360592221502674	0.357522834332488
1	8.22015178402632	1.34326449967521
1	-1.07473712331055	-0.155521296875744
1	4.91616731797472	0.917113613641276
1	0.54073987584485	-0.0371703281780508
1	3.15404039966274	1.06778009540632
1	4.13454325062342	0.840557724355068
1	0.891622595068527	0.412755599773521
1	3.74131486430693	-0.301964270196688
1	5.44892395740599	1.20381000897306
1	-1.03127487804221	-0.281039558337193
1	1.30680649322486	-0.379685121630229
1	3.51186265533736	0.225325150188697
1	3.3768784399137	0.292850737662378
1	5.0185056028819	1.50196086188661
1	7.78771488750589	1.19466136616706
1	5.72034595764889	1.25735772711804
1	0.635381758969696	0.169433335982907
1	-0.734022083637422	0.815025887899842
1	3.63081331629488	-0.0070726984290671
1	2.92393732945823	0.572926867876822
1	1.66190842421557	0.104226720092798
1	1.9362358523877	-0.480345221203507
1	5.36223131359011	0.823696909590195
1	2.52313131451625	-0.0232782035896775
1	2.22972335658098	-0.358436605615296
1	6.29141747376619	1.18151600863823
1	2.23908737021511	0.244770615776212
1	1.26796603250535	1.36605436105016
1	5.63632748342423	1.06413140520814
1	3.57105796567967	0.810741303097722
1	5.60806698763597	1.60510408968474
1	0.764167489781314	0.818682582083996
1	-0.17444518454006	-0.2198755210516
1	4.79378914027332	0.90827758340523
1	5.82487841023188	0.606214933445209
1	2.19702959276348	0.35582500365568
1	3.81409538082551	0.581788414206391
1	4.77508431036792	1.23676816542386
1	-1.71835902529914	-0.12968682791645
1	1.15921044424645	0.208980806885028
1	0.445980928220179	-0.0590715658933578
1	5.23371145125049	1.40358858335608
1	3.8577850677264	0.0912422893264719
1	5.05870491905393	0.757118653650695
1	0.745275042797688	-0.115989313455165
1	1.61091547680743	0.254603233174555
1	2.69633017707296	-0.0349734557070538
1	3.7951085274993	0.454990439979903
1	1.44417112971472	0.504683928246474
1	-0.151127704060958	-0.0486633934255095
1	6.5891767102709	1.58391773829168
1	4.67368545881144	0.616551541942001
1	1.38142514367834	0.0729076966048975
1	3.60582611401275	0.157266720546978
1	3.93049402792093	0.615721303313846
1	-0.391309647495345	-0.201799711140264
1	4.05365673950385	0.699953162129981
1	2.27249014564962	1.11192097446398
1	8.44197312053238	1.48300824434057
1	9.36400283597614	1.42165607467964
1	3.36792680397048	0.959592001397166
1	0.79992516820753	0.528309369566359
1	3.16740879637863	0.222752141617693
1	3.28890966910758	0.766590389036443
1	5.32597997545301	-0.311913172162981
1	4.15989975797296	1.00790360173348
1	4.62508436734321	0.65526405866242
1	4.06163627243618	0.9252301323843
1	0.608230779812249	0.24648263661808
1	4.8294839147249	1.08374707483787
1	-0.481188747435812	0.613748574338394
1	4.33324569925033	0.000452166363935525
1	5.80102519021506	1.45409189934225
1	5.0932953605025	-0.231875419364683
1	4.9165814307334	0.910997167636546
1	-0.456534962971283	-0.155404535980733
1	5.14135177202561	0.894777276638529
1	2.12915515192639	0.922288477983927
1	0.634625729080186	0.618424515845892
1	1.22970245596479	-0.26784432401691
1	-0.0726205702199358	-0.208470470738876
1	3.66227344242316	0.802481797439106
1	1.48475845529359	-0.0230128166226307
1	-0.942749875683684	-0.413662859854874
1	2.25470562571975	0.707279551393051
1	1.45455469746355	0.11510419211121
1	5.9562077797599	0.781159140100162
1	1.00075348787141	0.940239418767031
1	2.64536948709188	0.02010968200341
1	5.4497472115574	1.20165676852844
1	3.85947233973299	0.118073978066004
1	4.66148062656714	1.37428770364861
1	5.26710653607515	1.11044778452485
1	5.67437130499998	1.32822642570556
1	3.47718344743641	1.12293491469135
1	8.06212934832508	1.50803892309845
1	4.46707568019753	0.264773359755528
1	2.14281202288332	-0.23389558225354
1	4.50017884441262	-0.026409963325599
1	2.33311989580417	-0.0656122589831363
1	0.715168861366957	0.663344160409016
1	2.39296467924709	0.75965556687491
1	-1.31444668642128	-0.0945148567757895
1	1.42359898546132	0.344385662242478
1	0.830923077088873	0.238269996703994
1	3.96504811467462	0.880894859680687
1	2.55659582756871	1.05765355804667
1	0.359953177768052	-0.482003252108245
1	0.889871125530858	0.28351757940936
1	8.25532572744072	1.17924493245021
1	6.65718086356884	1.35791889087461
1	4.95164025311545	0.614659068680836
1	1.22392389665647	-0.33577993043456
1	5.77178635818156	0.35754034766519
1	-1.12849707742495	-0.446809349649042
1	0.68595546797413	0.0740185545843172
1	6.7242030045847	0.873372358867175
1	2.10976515007462	0.714069234939738
1	4.69596914872965	1.31776805787472
1	5.13591868823264	1.60577065052136
1	1.06661786634053	0.10860096144704
1	4.82266797955946	1.41373197324962
1	4.31067057087092	0.682504207727203
1	1.80473276463716	0.269434830572452
1	-0.962946644494261	-0.480201416420918
1	5.71251618320364	0.577414538068124
1	2.66474403668948	0.60137828450328
1	4.60023293070514	1.26399529027167
1	1.27069285052165	0.0249394995209814
1	4.70195967878535	0.666283060803055
1	2.78585248912112	0.544217946696038
1	4.67946097736106	1.19131417614654
1	3.26473018609395	1.1463172998177
1	1.77718747762825	0.364038428089408
1	2.67108769117817	0.40845298342507
1	4.35982474578546	1.46939958404794
1	6.84974890775299	1.55789665782165
1	-0.893561116752308	0.263692324439284
1	1.0414245237707	-0.345457303255358
1	-0.661454181204971	0.358965175268243
1	2.03264325827361	0.438229459681369
1	1.78727384762591	0.512552150143663
1	-1.21476090462747	-0.46582963883719
1	2.84035551031012	0.551736869782404
1	-1.92544732339913	0.178458631559308
1	4.74391931814099	0.351614974022847
1	1.23684306104109	1.12455622650408
1	3.52394363702012	1.08342920941176
1	-0.60769795026067	0.0793101792665738
1	1.78293700919429	0.669106220979584
1	9.12357248076193	1.26040536262916
1	1.55460162166328	0.042250847392181
1	2.79747309673443	1.40988848995052
1	-2.468480763009	-0.208908393969718
1	3.21250437248829	0.323687764389975
1	2.61992310149195	0.446202864275574
1	3.39119933659318	0.932939574651491
1	1.42248703238835	0.667911419398477
1	0.0224335439709509	0.56708358942651
1	2.76441723998846	1.24817292842674
1	4.82227399060934	0.504873560190664
1	4.30581213615538	1.47321158880655
1	1.56461070933343	1.04167825754625
1	8.46238412942214	1.1803289138089
1	5.14145786889453	1.02668596561557
1	0.152141180491686	-0.274015890938918
1	5.43955415746924	0.682608692246397
1	3.0929359640409	-0.0286908398064313
1	-0.522200305679872	-0.243166085621935
1	7.93345967206466	0.753176333778359
1	5.10709505665504	1.49765105237135
1	1.13808574947018	0.91863860430735
1	1.36884511637092	0.0912103195307913
1	4.38938467747954	0.914103668420328
1	6.83347206322215	0.29007996166361
1	1.16791741174778	-0.157907042982042
1	1.77720762258611	-0.190977688434229
1	3.4975384431208	0.79956256164272
1	3.04903500163892	0.822719297880435
1	0.557875387409282	-0.274764643729957
1	3.70938463379437	0.260452266753777
1	5.7040181250073	0.0542275931958056
1	4.42296419835094	0.343596771421839
1	2.99732712778944	-0.291039167266581
1	1.77497222628881	1.00763339848077
1	6.82023048077642	1.22602138316328
1	1.12114394749595	-0.255595266533017
1	0.0454630274296597	0.560906170116989
1	1.77970022714975	-0.235575701281505
1	4.54732905591619	1.23042555833339
1	4.38055630961751	0.0179445487173922
1	0.120842644778862	0.0895629880647118
1	-0.5227724176263	-0.377659486456356
1	0.86190148314876	0.466477222253553
1	1.37532887078729	0.116746973264122
1	4.47059296001707	0.80479300421347
1	3.93126489666456	1.4186574962089
1	2.09693380443249	-0.342658751986231
1	1.88443942552515	1.03000639215292
1	0.360592221502674	0.374990510357233
1	8.22015178402632	1.39843742738712
1	-1.07473712331055	-0.157677888317776
1	4.91616731797472	0.95598599631228
1	0.54073987584485	-0.034799919069066
1	3.15404039966274	1.11009644514559
1	4.13454325062342	0.874704184451572
1	0.891622595068527	0.431520228712273
1	3.74131486430693	-0.308897737955621
1	5.44892395740599	1.25101737968362
1	-1.03127487804221	-0.287220668016648
1	1.30680649322486	-0.389413079985386
1	3.51186265533736	0.237350627160509
1	3.3768784399137	0.307304129610919
1	5.0185056028819	1.55988838992117
1	7.78771488750589	1.24153979302512
1	5.72034595764889	1.3064904317904
1	0.635381758969696	0.179449195891561
1	-0.734022083637422	0.848254338536047
1	3.63081331629488	-0.00340319788528265
1	2.92393732945823	0.597450531800961
1	1.66190842421557	0.111898044763411
1	1.9362358523877	-0.493692461855293
1	5.36223131359011	0.857237130981949
1	2.52313131451625	-0.0201913797786242
1	2.22972335658098	-0.367400563356819
1	6.29141747376619	1.22792178784356
1	2.23908737021511	0.257495263816292
1	1.26796603250535	1.41909530547751
1	5.63632748342423	1.10631656453636
1	3.57105796567967	0.843815699426526
1	5.60806698763597	1.66674018208561
1	0.764167489781314	0.852042510918425
1	-0.17444518454006	-0.223857448351178
1	4.79378914027332	0.944858943606438
1	5.82487841023188	0.631935485778077
1	2.19702959276348	0.372542665627984
1	3.81409538082551	0.606630699291122
1	4.77508431036792	1.28516056250214
1	-1.71835902529914	-0.13042597737452
1	1.15921044424645	0.220418615131895
1	0.445980928220179	-0.0572717096401725
1	5.23371145125049	1.45797908880002
1	3.8577850677264	0.0984467525435048
1	5.05870491905393	0.788265021826689
1	0.745275042797688	-0.116235962192416
1	1.61091547680743	0.267681417702579
1	2.69633017707296	-0.0323071403111767
1	3.7951085274993	0.4752736429128
1	1.44417112971472	0.526753884452052
1	-0.151127704060958	-0.0464893063250187
1	6.5891767102709	1.6447920652378
1	4.67368545881144	0.642643752005173
1	1.38142514367834	0.0794529307218755
1	3.60582611401275	0.166845123945616
1	3.93049402792093	0.641783661747807
1	-0.391309647495345	-0.205131714000201
1	4.05365673950385	0.729044117562333
1	2.27249014564962	1.15582443074108
1	8.44197312053238	1.54025432189524
1	9.36400283597614	1.47669620546439
1	3.36792680397048	0.998018396178982
1	0.79992516820753	0.551228789878187
1	3.16740879637863	0.234685104828743
1	3.28890966910758	0.798077318014038
1	5.32597997545301	-0.319204357477433
1	4.15989975797296	1.04806706334277
1	4.62508436734321	0.682748195884598
1	4.06163627243618	0.962421029638052
1	0.608230779812249	0.259268841190993
1	4.8294839147249	1.12663752500256
1	-0.481188747435812	0.63974000235318
1	4.33324569925033	0.00439222704073494
1	5.80102519021506	1.51029827580404
1	5.0932953605025	-0.236288808779936
1	4.9165814307334	0.947676311796883
1	-0.456534962971283	-0.157068378002207
1	5.14135177202561	0.930873226816432
1	2.12915515192639	0.959373606638809
1	0.634625729080186	0.64458406958666
1	1.22970245596479	-0.273550992699606
1	-0.0726205702199358	-0.212042323968748
1	3.66227344242316	0.835259219269217
1	1.48475845529359	-0.0199164506955287
1	-0.942749875683684	-0.424612504130841
1	2.25470562571975	0.736633930675275
1	1.45455469746355	0.123166621520197
1	5.9562077797599	0.813169895529673
1	1.00075348787141	0.977969982131987
1	2.64536948709188	0.0247565381100895
1	5.4497472115574	1.24878671844313
1	3.85947233973299	0.126243187557433
1	4.66148062656714	1.42762468186924
1	5.26710653607515	1.1542982715491
1	5.67437130499998	1.37990724852276
1	3.47718344743641	1.16723438248692
1	8.06212934832508	1.56618499074737
1	4.46707568019753	0.278217216076498
1	2.14281202288332	-0.238381607597139
1	4.50017884441262	-0.0234357434421949
1	2.33311989580417	-0.064047576496
1	0.715168861366957	0.691118821575938
1	2.39296467924709	0.79089315098611
1	-1.31444668642128	-0.0939893810941403
1	1.42359898546132	0.360692017192064
1	0.830923077088873	0.250760911858601
1	3.96504811467462	0.916491660879571
1	2.55659582756871	1.09960580326441
1	0.359953177768052	-0.495410108058707
1	0.889871125530858	0.29763539316376
1	8.25532572744072	1.22556905401883
1	6.65718086356884	1.41066732055873
1	4.95164025311545	0.640683233957643
1	1.22392389665647	-0.343929256522332
1	5.77178635818156	0.374319685656419
1	-1.12849707742495	-0.458950791908679
1	0.68595546797413	0.0806037301342565
1	6.7242030045847	0.908698684931063
1	2.10976515007462	0.743667740559651
1	4.69596914872965	1.36907284504618
1	5.13591868823264	1.66743070943772
1	1.06661786634053	0.116429564069511
1	4.82266797955946	1.46848718915605
1	4.31067057087092	0.710967777611236
1	1.80473276463716	0.283046292318763
1	-0.962946644494261	-0.493543486502578
1	5.71251618320364	0.602099558332514
1	2.66474403668948	0.626924932797062
1	4.60023293070514	1.31336665171982
1	1.27069285052165	0.0297600140395978
1	4.70195967878535	0.694163391547225
1	2.78585248912112	0.567709367550426
1	4.67946097736106	1.23807225317745
1	3.26473018609395	1.19145749251718
1	1.77718747762825	0.381051407687799
1	2.67108769117817	0.4270629097235
1	4.35982474578546	1.52615635567617
1	6.84974890775299	1.61783538430359
1	-0.893561116752308	0.277097311615491
1	1.0414245237707	-0.353954583937618
1	-0.661454181204971	0.375795743621267
1	2.03264325827361	0.457910013505773
1	1.78727384762591	0.534905012052089
1	-1.21476090462747	-0.47865496474315
1	2.84035551031012	0.575498637132887
1	-1.92544732339913	0.188799000311486
1	4.74391931814099	0.368181262354721
1	1.23684306104109	1.16891398934571
1	3.52394363702012	1.12630823057217
1	-0.60769795026067	0.0860856177271807
1	1.78293700919429	0.697088059805813
1	9.12357248076193	1.3096476465022
1	1.55460162166328	0.0476937997500866
1	2.79747309673443	1.46450551156625
1	-2.468480763009	-0.212495992939992
1	3.21250437248829	0.3392499164668
1	2.61992310149195	0.466170105697288
1	3.39119933659318	0.970407668610123
1	1.42248703238835	0.69585029855917
1	0.0224335439709509	0.591397155463411
1	2.76441723998846	1.29697538924436
1	4.82227399060934	0.526950334704007
1	4.30581213615538	1.5301054228994
1	1.56461070933343	1.08305610315055
1	8.46238412942214	1.22669201044866
1	5.14145786889453	1.06752475615237
1	0.152141180491686	-0.279944461278756
1	5.43955415746924	0.711076018921574
1	3.0929359640409	-0.0257986299339736
1	-0.522200305679872	-0.247985436373161
1	7.93345967206466	0.784180953947127
1	5.10709505665504	1.55542361913181
1	1.13808574947018	0.955592499998638
1	1.36884511637092	0.0984136332584433
1	4.38938467747954	0.95089450831054
1	6.83347206322215	0.3044337290284
1	1.16791741174778	-0.159660863846429
1	1.77720762258611	-0.19392058026249
1	3.4975384431208	0.83223502094565
1	3.04903500163892	0.856224368772944
1	0.557875387409282	-0.280720135836538
1	3.70938463379437	0.273740756097468
1	5.7040181250073	0.0601011752097721
1	4.42296419835094	0.359874761422522
1	2.99732712778944	-0.2975798176948
1	1.77497222628881	1.04778714480214
1	6.82023048077642	1.27402737451629
1	1.12114394749595	-0.260861514462209
1	0.0454630274296597	0.584997624071341
1	1.77970022714975	-0.240122136112874
1	4.54732905591619	1.278589903923
1	4.38055630961751	0.022513556415366
1	0.120842644778862	0.0967070711971513
1	-0.5227724176263	-0.387314612124526
1	0.86190148314876	0.487173437968123
1	1.37532887078729	0.124868469659624
1	4.47059296001707	0.83765352659482
1	3.93126489666456	1.47358981166246
1	2.09693380443249	-0.351055409411535
1	1.88443942552515	1.07096457022296
1	0.360592221502674	0.392397277341403
1	8.22015178402632	1.45264272054054
1	-1.07473712331055	-0.159423469815987
1	4.91616731797472	0.994282735446818
1	0.54073987584485	-0.0321273640799007
1	3.15404039966274	1.15175127569007
1	4.13454325062342	0.908385349182198
1	0.891622595068527	0.450189002012919
1	3.74131486430693	-0.315309846292186
1	5.44892395740599	1.29744575900523
1	-1.03127487804221	-0.292898488356626
1	1.30680649322486	-0.3985525610416
1	3.51186265533736	0.249442108967297
1	3.3768784399137	0.321765212905044
1	5.0185056028819	1.6167794505899
1	7.78771488750589	1.28764712904432
1	5.72034595764889	1.35479790253953
1	0.635381758969696	0.189579327475019
1	-0.734022083637422	0.881039542492362
1	3.63081331629488	0.000533000741582801
1	2.92393732945823	0.62174001999393
1	1.66190842421557	0.119739951989583
1	1.9362358523877	-0.506364297543109
1	5.36223131359011	0.89032661760596
1	2.52313131451625	-0.0168238631961257
1	2.22972335658098	-0.375794393511849
1	6.29141747376619	1.27356782822776
1	2.23908737021511	0.270269124050311
1	1.26796603250535	1.4712171481569
1	5.63632748342423	1.14784335559175
1	3.57105796567967	0.876450549140848
1	5.60806698763597	1.72725073508523
1	0.764167489781314	0.884956035238941
1	-0.17444518454006	-0.227388906117415
1	4.79378914027332	0.980916527184068
1	5.82487841023188	0.657393115599021
1	2.19702959276348	0.389213635869332
1	3.81409538082551	0.631231156024289
1	4.77508431036792	1.33274550631238
1	-1.71835902529914	-0.130792542107026
1	1.15921044424645	0.231936542799417
1	0.445980928220179	-0.0551602503201842
1	5.23371145125049	1.51141807883539
1	3.8577850677264	0.105833011361314
1	5.05870491905393	0.819018150631376
1	0.745275042797688	-0.116121855051421
1	1.61091547680743	0.280800323210297
1	2.69633017707296	-0.0293500324026186
1	3.7951085274993	0.495424517205303
1	1.44417112971472	0.548648597904093
1	-0.151127704060958	-0.0440126044076243
1	6.5891767102709	1.70455914881123
1	4.67368545881144	0.668464113107463
1	1.38142514367834	0.0861957937573126
1	3.60582611401275	0.176548305818432
1	3.93049402792093	0.667574888195194
1	-0.391309647495345	-0.208028857165807
1	4.05365673950385	0.757791200380607
1	2.27249014564962	1.19902824881134
1	8.44197312053238	1.5964802991133
1	9.36400283597614	1.5307692181853
1	3.36792680397048	1.03587670042776
1	0.79992516820753	0.573952565067935
1	3.16740879637863	0.246686294863703
1	3.28890966910758	0.829162828055193
1	5.32597997545301	-0.325965591734685
1	4.15989975797296	1.0876207136714
1	4.62508436734321	0.709927052938293
1	4.06163627243618	0.99907351045061
1	0.608230779812249	0.272102779497414
1	4.8294839147249	1.16885266726923
1	-0.481188747435812	0.66546200198316
1	4.33324569925033	0.00859248750656572
1	5.80102519021506	1.56550952339619
1	5.0932953605025	-0.240241365835411
1	4.9165814307334	0.983829330765461
1	-0.456534962971283	-0.158337426097835
1	5.14135177202561	0.966457058914206
1	2.12915515192639	0.995922859195188
1	0.634625729080186	0.670470156910882
1	1.22970245596479	-0.278765767132975
1	-0.0726205702199358	-0.215173556795147
1	3.66227344242316	0.867604227197254
1	1.48475845529359	-0.016539621178847
1	-0.942749875683684	-0.434944328742227
1	2.25470562571975	0.765638110448112
1	1.45455469746355	0.131390239958927
1	5.9562077797599	0.844766650796242
1	1.00075348787141	1.01514916739344
1	2.64536948709188	0.0296466182433878
1	5.4497472115574	1.29513953645604
1	3.85947233973299	0.134571021442171
1	4.66148062656714	1.4800354482233
1	5.26710653607515	1.19745039257825
1	5.67437130499998	1.43070163689617
1	3.47718344743641	1.21082470069913
1	8.06212934832508	1.62328934216153
1	4.46707568019753	0.291693010698021
1	2.14281202288332	-0.242405056016395
1	4.50017884441262	-0.0201781262742128
1	2.33311989580417	-0.0621656425552585
1	0.715168861366957	0.718581224790916
1	2.39296467924709	0.821735304908152
1	-1.31444668642128	-0.093121694363674
1	1.42359898546132	0.376961559153541
1	0.830923077088873	0.263306652986983
1	3.96504811467462	0.951588332523036
1	2.55659582756871	1.14090527432389
1	0.359953177768052	-0.508140127209191
1	0.889871125530858	0.311768958156967
1	8.25532572744072	1.27113539801365
1	6.65718086356884	1.4625036740932
1	4.95164025311545	0.666437184568412
1	1.22392389665647	-0.351528020788786
1	5.77178635818156	0.391050850586452
1	-1.12849707742495	-0.470445789984448
1	0.68595546797413	0.0873855752921561
1	6.7242030045847	0.943531377692106
1	2.10976515007462	0.772910183261145
1	4.69596914872965	1.41950022937129
1	5.13591868823264	1.72796465332676
1	1.06661786634053	0.124424971756867
1	4.82266797955946	1.52228213006394
1	4.31067057087092	0.73910254338271
1	1.80473276463716	0.296685666830432
1	-0.962946644494261	-0.506210275806653
1	5.71251618320364	0.62654652742062
1	2.66474403668948	0.652212835393774
1	4.60023293070514	1.36190704720325
1	1.27069285052165	0.0348195816694346
1	4.70195967878535	0.721728926375055
1	2.78585248912112	0.590991405014347
1	4.67946097736106	1.28406212992309
1	3.26473018609395	1.23586834316229
1	1.77718747762825	0.398010602637476
1	2.67108769117817	0.445580696020846
1	4.35982474578546	1.58190477908275
1	6.84974890775299	1.67668933859832
1	-0.893561116752308	0.290535170648609
1	1.0414245237707	-0.361892945649835
1	-0.661454181204971	0.392576908465906
1	2.03264325827361	0.477472713073249
1	1.78727384762591	0.557075836397908
1	-1.21476090462747	-0.490817420996419
1	2.84035551031012	0.599044527929969
1	-1.92544732339913	0.199245846708123
1	4.74391931814099	0.38470449463698
1	1.23684306104109	1.21256120247771
1	3.52394363702012	1.16851221833556
1	-0.60769795026067	0.0930531560746788
1	1.78293700919429	0.724752664701798
1	9.12357248076193	1.35806206458656
1	1.55460162166328	0.0533608555514167
1	2.79747309673443	1.5181655773241
1	-2.468480763009	-0.215642593326718
1	3.21250437248829	0.354793129767231
1	2.61992310149195	0.486012607219733
1	3.39119933659318	1.0073306884368
1	1.42248703238835	0.723472975591813
1	0.0224335439709509	0.61548159188527
1	2.76441723998846	1.34496054791218
1	4.82227399060934	0.548851702702181
1	4.30581213615538	1.58598761681408
1	1.56461070933343	1.12379497048568
1	8.46238412942214	1.27229639341412
1	5.14145786889453	1.1077375154063
1	0.152141180491686	-0.285375807751032
1	5.43955415746924	0.739214451253848
1	3.0929359640409	-0.0226210530663223
1	-0.522200305679872	-0.252334204414089
1	7.93345967206466	0.814795739238154
1	5.10709505665504	1.61216344037532
1	1.13808574947018	0.992013671535419
1	1.36884511637092	0.105798770195226
1	4.38938467747954	0.98715654030889
1	6.83347206322215	0.318797580514948
1	1.16791741174778	-0.161017729679513
1	1.77720762258611	-0.196437958037529
1	3.4975384431208	0.864477587329025
1	3.04903500163892	0.889279549139901
1	0.557875387409282	-0.286177757470478
1	3.70938463379437	0.287064915334732
1	5.7040181250073	0.0661885178346827
1	4.42296419835094	0.376116619702421
1	2.99732712778944	-0.303608543359388
1	1.77497222628881	1.08733131318394
1	6.82023048077642	1.32123519326651
1	1.12114394749595	-0.265646446136437
1	0.0454630274296597	0.608865283082867
1	1.77970022714975	-0.244204543109116
1	4.54732905591619	1.32595227356902
1	4.38055630961751	0.0273276578975074
1	0.120842644778862	0.104034400134948
1	-0.5227724176263	-0.396383009784055
1	0.86190148314876	0.507727405330656
1	1.37532887078729	0.133149736418183
1	4.47059296001707	0.870079639170961
1	3.93126489666456	1.52755759855313
1	2.09693380443249	-0.358895564629032
1	1.88443942552515	1.11129384956885
1	0.360592221502674	0.409740801719407
1	8.22015178402632	1.50590094670103
1	-1.07473712331055	-0.160772294175409
1	4.91616731797472	1.03201449810844
1	0.54073987584485	-0.0291641664401626
1	3.15404039966274	1.19275745600879
1	4.13454325062342	0.941609134122748
1	0.891622595068527	0.468760509267471
1	3.74131486430693	-0.321217586336249
1	5.44892395740599	1.34311098132644
1	-1.03127487804221	-0.298089554333293
1	1.30680649322486	-0.407122250224673
1	3.51186265533736	0.261594099262192
1	3.3768784399137	0.336229963239507
1	5.0185056028819	1.67265637789851
1	7.78771488750589	1.33299900917497
1	5.72034595764889	1.4022971410814
1	0.635381758969696	0.199817015958256
1	-0.734022083637422	0.913388858756672
1	3.63081331629488	0.0047253348872548
1	2.92393732945823	0.645797413743
1	1.66190842421557	0.127744305507687
1	1.9362358523877	-0.518381608058803
1	5.36223131359011	0.922972917476307
1	2.52313131451625	-0.0131865696825858
1	2.22972335658098	-0.383636318293633
1	6.29141747376619	1.31846947817552
1	2.23908737021511	0.283087124037889
1	1.26796603250535	1.52243926036487
1	5.63632748342423	1.18872456780278
1	3.57105796567967	0.908653117825652
1	5.60806698763597	1.78666033118693
1	0.764167489781314	0.917430593748486
1	-0.17444518454006	-0.230485095965119
1	4.79378914027332	1.01645972599062
1	5.82487841023188	0.682590629867162
1	2.19702959276348	0.405835262898385
1	3.81409538082551	0.655592058872747
1	4.77508431036792	1.37953954972303
1	-1.71835902529914	-0.130799757636881
1	1.15921044424645	0.243528737237956
1	0.445980928220179	-0.0527488840605168
1	5.23371145125049	1.56392574297579
1	3.8577850677264	0.113392646458796
1	5.05870491905393	0.849384136688814
1	0.745275042797688	-0.115659928952559
1	1.61091547680743	0.293955091606031
1	2.69633017707296	-0.0261133027754763
1	3.7951085274993	0.515442573158819
1	1.44417112971472	0.570368662210139
1	-0.151127704060958	-0.0412447569047844
1	6.5891767102709	1.76324310965792
1	4.67368545881144	0.694015657543582
1	1.38142514367834	0.0931274667003778
1	3.60582611401275	0.1863692861611
1	3.93049402792093	0.693097996851716
1	-0.391309647495345	-0.210505948203566
1	4.05365673950385	0.786199261014843
1	2.27249014564962	1.24154625990436
1	8.44197312053238	1.65170809683792
1	9.36400283597614	1.58389569622295
1	3.36792680397048	1.07317742463803
1	0.79992516820753	0.596481803772102
1	3.16740879637863	0.258750159284731
1	3.28890966910758	0.859853222265527
1	5.32597997545301	-0.332214082948283
1	4.15989975797296	1.12657611639518
1	4.62508436734321	0.736804506041803
1	4.06163627243618	1.03519733623598
1	0.608230779812249	0.284979416418607
1	4.8294839147249	1.21040571868324
1	-0.481188747435812	0.690917544419024
1	4.33324569925033	0.0130425492374021
1	5.80102519021506	1.61974693259248
1	5.0932953605025	-0.243748553740824
1	4.9165814307334	1.01946567568106
1	-0.456534962971283	-0.159225476430401
1	5.14135177202561	1.0015378704809
1	2.12915515192639	1.03194593293971
1	0.634625729080186	0.696085850943652
1	1.22970245596479	-0.283504894640234
1	-0.0726205702199358	-0.217879122205517
1	3.66227344242316	0.899523906752937
1	1.48475845529359	-0.0128932381276168
1	-0.942749875683684	-0.444677759821385
1	2.25470562571975	0.794297100855133
1	1.45455469746355	0.139767148290057
1	5.9562077797599	0.875956026600772
1	1.00075348787141	1.05178706316423
1	2.64536948709188	0.0347699524084091
1	5.4497472115574	1.3407310100156
1	3.85947233973299	0.143049645323499
1	4.66148062656714	1.53153955347222
1	5.26710653607515	1.23991794672675
1	5.67437130499998	1.48062813746242
1	3.47718344743641	1.25371994065886
1	8.06212934832508	1.67937444384692
1	4.46707568019753	0.305196107234742
1	2.14281202288332	-0.24598143476009
1	4.50017884441262	-0.0166480959336677
1	2.33311989580417	-0.0599782958735773
1	0.715168861366957	0.74573542241653
1	2.39296467924709	0.852188180569196
1	-1.31444668642128	-0.0919242653667609
1	1.42359898546132	0.393191387270667
1	0.830923077088873	0.275902005936821
1	3.96504811467462	0.986193669526767
1	2.55659582756871	1.18156461943805
1	0.359953177768052	-0.520214225496222
1	0.889871125530858	0.32591404662312
1	8.25532572744072	1.31595926331041
1	6.65718086356884	1.51344714540326
1	4.95164025311545	0.691923911552389
1	1.22392389665647	-0.358593951537081
1	5.77178635818156	0.407731228368037
1	-1.12849707742495	-0.481314492594235
1	0.68595546797413	0.0943552952636227
1	6.7242030045847	0.977879068077273
1	2.10976515007462	0.801801721201266
1	4.69596914872965	1.46906852949675
1	5.13591868823264	1.78739707922269
1	1.06661786634053	0.132579143602897
1	4.82266797955946	1.57513720661035
1	4.31067057087092	0.766912975088642
1	1.80473276463716	0.310348419341049
1	-0.962946644494261	-0.518222660990083
1	5.71251618320364	0.650757624449847
1	2.66474403668948	0.677244693814749
1	4.60023293070514	1.40963362313522
1	1.27069285052165	0.0401083377044602
1	4.70195967878535	0.748983781716446
1	2.78585248912112	0.614065514527468
1	4.67946097736106	1.32929936836584
1	3.26473018609395	1.27956443281431
1	1.77718747762825	0.414913540507781
1	2.67108769117817	0.464004838113115
1	4.35982474578546	1.63666647844533
1	6.84974890775299	1.73448207409845
1	-0.893561116752308	0.304001241586971
1	1.0414245237707	-0.369290327659574
1	-0.661454181204971	0.409306086775808
1	2.03264325827361	0.49691670329985
1	1.78727384762591	0.579065388314016
1	-1.21476090462747	-0.502337570952629
1	2.84035551031012	0.62237616152404
1	-1.92544732339913	0.209792652723474
1	4.74391931814099	0.401181927610646
1	1.23684306104109	1.25551197257516
1	3.52394363702012	1.21005438281792
1	-0.60769795026067	0.100204114870825
1	1.78293700919429	0.752104213641658
1	9.12357248076193	1.40566568503592
1	1.55460162166328	0.0592425274733746
1	2.79747309673443	1.5708890140741
1	-2.468480763009	-0.218363157663963
1	3.21250437248829	0.370314052225817
1	2.61992310149195	0.505729687577271
1	3.39119933659318	1.04371856360952
1	1.42248703238835	0.750783602424138
1	0.0224335439709509	0.639338852597286
1	2.76441723998846	1.39214520591977
1	4.82227399060934	0.570578261926659
1	4.30581213615538	1.64087987782901
1	1.56461070933343	1.16390715950687
1	8.46238412942214	1.31715738521158
1	5.14145786889453	1.14733621650423
1	0.152141180491686	-0.290326312217644
1	5.43955415746924	0.767028461567976
1	3.0929359640409	-0.0191691430380532
1	-0.522200305679872	-0.256228099088252
1	7.93345967206466	0.84502670033387
1	5.10709505665504	1.66789275615476
1	1.13808574947018	1.02791173663797
1	1.36884511637092	0.113357310323101
1	4.38938467747954	1.02289928327513
1	6.83347206322215	0.333167431415755
1	1.16791741174778	-0.161991491198134
1	1.77720762258611	-0.198544393408329
1	3.4975384431208	0.896297282683925
1	3.04903500163892	0.921892365683688
1	0.557875387409282	-0.291153906816305
1	3.70938463379437	0.300420013881423
1	5.7040181250073	0.072480394837929
1	4.42296419835094	0.392319428207666
1	2.99732712778944	-0.309142097225585
1	1.77497222628881	1.12627746141163
1	6.82023048077642	1.36766115800513
1	1.12114394749595	-0.2699660418524
1	0.0454630274296597	0.632510966390506
1	1.77970022714975	-0.247838466145204
1	4.54732905591619	1.3725290818726
1	4.38055630961751	0.0323768359695337
1	0.120842644778862	0.111536518948635
1	-0.5227724176263	-0.404883320702382
1	0.86190148314876	0.52813888505166
1	1.37532887078729	0.141582910214692
1	4.47059296001707	0.902078477855367
1	3.93126489666456	1.58058137489321
1	2.09693380443249	-0.36619709589854
1	1.88443942552515	1.15100627570194
1	0.360592221502674	0.427018849813359
1	8.22015178402632	1.55823218308821
1	-1.07473712331055	-0.16173820711736
1	4.91616731797472	1.06919171618163
1	0.54073987584485	-0.0259214931608915
1	3.15404039966274	1.23312756280353
1	4.13454325062342	0.974383290219231
1	0.891622595068527	0.487233415747139
1	3.74131486430693	-0.326637472059377
1	5.44892395740599	1.38802851235656
1	-1.03127487804221	-0.302809935518533
1	1.30680649322486	-0.415140312144026
1	3.51186265533736	0.273801282662699
1	3.3768784399137	0.350694499342336
1	5.0185056028819	1.72754096969336
1	7.78771488750589	1.37761070482722
1	5.72034595764889	1.4490047503734
1	0.635381758969696	0.210155758926694
1	-0.734022083637422	0.945309496029051
1	3.63081331629488	0.00916355349651843
1	2.92393732945823	0.669624780041743
1	1.66190842421557	0.135903218043014
1	1.9362358523877	-0.529764695834115
1	5.36223131359011	0.955183423448491
1	2.52313131451625	-0.00929009446624052
1	2.22972335658098	-0.39094405103495
1	6.29141747376619	1.36264172991546
1	2.23908737021511	0.295944361379934
1	1.26796603250535	1.5727805535613
1	5.63632748342423	1.22897270038023
1	3.57105796567967	0.940430523184867
1	5.60806698763597	1.84499295879615
1	0.764167489781314	0.949473472808119
1	-0.17444518454006	-0.233160788462455
1	4.79378914027332	1.05149772920857
1	5.82487841023188	0.707530802549043
1	2.19702959276348	0.422405002892585
1	3.81409538082551	0.679715663031866
1	4.77508431036792	1.42555885840976
1	-1.71835902529914	-0.130460479101986
1	1.15921044424645	0.25518953594335
1	0.445980928220179	-0.0500489662699457
1	5.23371145125049	1.61552178983408
1	3.8577850677264	0.121117494797496
1	5.05870491905393	0.879368958863438
1	0.745275042797688	-0.114862748125495
1	1.61091547680743	0.30714102931612
1	2.69633017707296	-0.0226077950421134
1	3.7951085274993	0.535327373029406
1	1.44417112971472	0.591914695018093
1	-0.151127704060958	-0.0381968981761845
1	6.5891767102709	1.82086748622693
1	4.67368545881144	0.719301378809282
1	1.38142514367834	0.100239397121968
1	3.60582611401275	0.196301304164085
1	3.93049402792093	0.718355963580493
1	-0.391309647495345	-0.212577373787032
1	4.05365673950385	0.814273064246994
1	2.27249014564962	1.2833919781873
1	8.44197312053238	1.70595911039917
1	9.36400283597614	1.63609573190813
1	3.36792680397048	1.10993084780945
1	0.79992516820753	0.618817625396447
1	3.16740879637863	0.270871328063698
1	3.28890966910758	0.890154680670484
1	5.32597997545301	-0.337966556384883
1	4.15989975797296	1.16494457655706
1	4.62508436734321	0.763384370868514
1	4.06163627243618	1.0708020562154
1	0.608230779812249	0.297893885915431
1	4.8294839147249	1.25130959505357
1	-0.481188747435812	0.716109563627012
1	4.33324569925033	0.0177323209913417
1	5.80102519021506	1.67303128459676
1	5.0932953605025	-0.246825397918554
1	4.9165814307334	1.05459459348478
1	-0.456534962971283	-0.159745930331289
1	5.14135177202561	1.03612456397905
1	2.12915515192639	1.06745231461866
1	0.634625729080186	0.721434184959
1	1.22970245596479	-0.287784164552473
1	-0.0726205702199358	-0.220173548547211
1	3.66227344242316	0.931025200224556
1	1.48475845529359	-0.00898789113377729
1	-0.942749875683684	-0.453831683597994
1	2.25470562571975	0.822615822276373
1	1.45455469746355	0.148289690254965
1	5.9562077797599	0.906744512380292
1	1.00075348787141	1.08789353743329
1	2.64536948709188	0.0401168668501778
1	5.4497472115574	1.38557655910053
1	3.85947233973299	0.1516714660152
1	4.66148062656714	1.58215608393587
1	5.26710653607515	1.28171441687405
1	5.67437130499998	1.52970485829054
1	3.47718344743641	1.29593385044765
1	8.06212934832508	1.73446222273594
1	4.46707568019753	0.318722028106466
1	2.14281202288332	-0.249125812154884
1	4.50017884441262	-0.0128563141612063
1	2.33311989580417	-0.0574970307711744
1	0.715168861366957	0.772585401731617
1	2.39296467924709	0.882257810712717
1	-1.31444668642128	-0.0904092022578883
1	1.42359898546132	0.409378714771796
1	0.830923077088873	0.288541930248673
1	3.96504811467462	1.0203162795181
1	2.55659582756871	1.22159620024094
1	0.359953177768052	-0.531652740564851
1	0.889871125530858	0.340066579072344
1	8.25532572744072	1.36005559390457
1	6.65718086356884	1.56351647316744
1	4.95164025311545	0.717146368212923
1	1.22392389665647	-0.365144280916822
1	5.77178635818156	0.424358311609148
1	-1.12849707742495	-0.4915764899339
1	0.68595546797413	0.10150436121199
1	6.7242030045847	1.0117502039508
1	2.10976515007462	0.830347418959557
1	4.69596914872965	1.51779563137643
1	5.13591868823264	1.84575198968738
1	1.06661786634053	0.140884285233164
1	4.82266797955946	1.62707234283377
1	4.31067057087092	0.794403466929549
1	1.80473276463716	0.324030171270881
1	-0.962946644494261	-0.529600941430475
1	5.71251618320364	0.674735011723045
1	2.66474403668948	0.70202317930563
1	4.60023293070514	1.45656312344191
1	1.27069285052165	0.0456167109655137
1	4.70195967878535	0.775932007266693
1	2.78585248912112	0.636933153362405
1	4.67946097736106	1.37379916882813
1	3.26473018609395	1.3225600061506
1	1.77718747762825	0.431757851913123
1	2.67108769117817	0.482333909892418
1	4.35982474578546	1.69046256007284
1	6.84974890775299	1.79123657661654
1	-0.893561116752308	0.31749102389132
1	1.0414245237707	-0.376164167644787
1	-0.661454181204971	0.425980801419479
1	2.03264325827361	0.516241190471414
1	1.78727384762591	0.600874452553854
1	-1.21476090462747	-0.513235408761132
1	2.84035551031012	0.645495154874836
1	-1.92544732339913	0.220433107622467
1	4.74391931814099	0.417610928040422
1	1.23684306104109	1.29778008215308
1	3.52394363702012	1.25094763307739
1	-0.60769795026067	0.107530077662641
1	1.78293700919429	0.779146816279052
1	9.12357248076193	1.45247517553347
1	1.55460162166328	0.0653296119957424
1	2.79747309673443	1.62269566422675
1	-2.468480763009	-0.220672223599706
1	3.21250437248829	0.385809457488314
1	2.61992310149195	0.525320722395154
1	3.39119933659318	1.07958100708289
1	1.42248703238835	0.777786263334569
1	0.0224335439709509	0.662970880493303
1	2.76441723998846	1.43854577115749
1	4.82227399060934	0.592130634052754
1	4.30581213615538	1.6948033932126
1	1.56461070933343	1.20340469256425
1	8.46238412942214	1.36128995285811
1	5.14145786889453	1.18633256338952
1	0.152141180491686	-0.294811895081613
1	5.43955415746924	0.794522446283519
1	3.0929359640409	-0.0154536100311383
1	-0.522200305679872	-0.259682385609548
1	7.93345967206466	0.874879732371596
1	5.10709505665504	1.72263327278462
1	1.13808574947018	1.06329610453644
1	1.36884511637092	0.121081089924641
1	4.38938467747954	1.05813205012632
1	6.83347206322215	0.347539341613023
1	1.16791741174778	-0.162595602881995
1	1.77720762258611	-0.200254043209991
1	3.4975384431208	0.92770098729982
1	3.04903500163892	0.954070190497257
1	0.557875387409282	-0.295664520179073
1	3.70938463379437	0.313801482385838
1	5.7040181250073	0.0789678570617922
1	4.42296419835094	0.408480383412124
1	2.99732712778944	-0.314196761237283
1	1.77497222628881	1.16463688878957
1	6.82023048077642	1.41332120616729
1	1.12114394749595	-0.273835830795327
1	0.0454630274296597	0.655936485691879
1	1.77970022714975	-0.251039009230218
1	4.54732905591619	1.41833635980489
1	4.38055630961751	0.0376513708933014
1	0.120842644778862	0.119205228934704
1	-0.5227724176263	-0.412833666468425
1	0.86190148314876	0.54840768334383
1	1.37532887078729	0.150160369679967
1	4.47059296001707	0.93365703402181
1	3.93126489666456	1.6326811693296
1	2.09693380443249	-0.372977381462291
1	1.88443942552515	1.19011362308493
1	0.360592221502674	0.444229284838328
1	8.22015178402632	1.60965602891454
1	-1.07473712331055	-0.162334658254753
1	4.91616731797472	1.1058245920816
1	0.54073987584485	-0.0224101841688744
1	3.15404039966274	1.27287388770512
1	4.13454325062342	1.0067154076686
1	0.891622595068527	0.505606460040673
1	3.74131486430693	-0.331585553065544
1	5.44892395740599	1.43221345830688
1	-1.03127487804221	-0.307075248565338
1	1.30680649322486	-0.422624404517495
1	3.51186265533736	0.286058519654095
1	3.3768784399137	0.365155078863548
1	5.0185056028819	1.78145450119329
1	7.78771488750589	1.42149713291878
1	5.72034595764889	1.49493694457698
1	0.635381758969696	0.220589260414031
1	-0.734022083637422	0.976808516229946
1	3.63081331629488	0.0138377085355098
1	2.92393732945823	0.693224171565563
1	1.66190842421557	0.144209044446117
1	1.9362358523877	-0.540533301334282
1	5.36223131359011	0.986965376854147
1	2.52313131451625	-0.00514472088733542
1	2.22972335658098	-0.397734809802852
1	6.29141747376619	1.40609922837609
1	2.23908737021511	0.308836098905779
1	1.26796603250535	1.6222594909381
1	5.63632748342423	1.26859996946027
1	3.57105796567967	0.971789738487051
1	5.60806698763597	1.90227202725729
1	0.764167489781314	0.981091809998557
1	-0.17444518454006	-0.23543033472383
1	4.79378914027332	1.08603952821927
1	5.82487841023188	0.732216375079888
1	2.19702959276348	0.438920416495782
1	3.81409538082551	0.70360420453036
1	4.77508431036792	1.47081922051756
1	-1.71835902529914	-0.129787191532103
1	1.15921044424645	0.266913461221805
1	0.445980928220179	-0.0470715208853645
1	5.23371145125049	1.66622545921877
1	3.8577850677264	0.128999642568495
1	5.05870491905393	0.908978480923279
1	0.745275042797688	-0.113742514186177
1	1.61091547680743	0.320353602615539
1	2.69633017707296	-0.0188440345279918
1	3.7951085274993	0.555078529282395
1	1.44417112971472	0.613287336995961
1	-0.151127704060958	-0.0348798368043304
1	6.5891767102709	1.8774552494981
1	4.67368545881144	0.744324232213454
1	1.38142514367834	0.107523291854057
1	3.60582611401275	0.206337812122942
1	3.93049402792093	0.743351726512035
1	-0.391309647495345	-0.214257111025953
1	4.05365673950385	0.842017291039992
1	2.27249014564962	1.32457860860521
1	8.44197312053238	1.75925422286933
1	9.36400283597614	1.6873889388819
1	3.36792680397048	1.14614702306454
1	0.79992516820753	0.640961159440468
1	3.16740879637863	0.283044608448033
1	3.28890966910758	0.920073263016763
1	5.32597997545301	-0.343239267500131
1	4.15989975797296	1.20273714688973
1	4.62508436734321	0.789670403723876
1	4.06163627243618	1.10589701253359
1	0.608230779812249	0.31084148624046
1	4.8294839147249	1.29157691838213
1	-0.481188747435812	0.741040956920109
1	4.33324569925033	0.0226520104306964
1	5.80102519021506	1.72538286417627
1	5.0932953605025	-0.249486497771625
1	4.9165814307334	1.08922513182859
1	-0.456534962971283	-0.15991180495262
1	5.14135177202561	1.0702258514566
1	2.12915515192639	1.10245128551132
1	0.634625729080186	0.74651815301932
1	1.22970245596479	-0.291618920501495
1	-0.0726205702199358	-0.222070950953955
1	3.66227344242316	0.96211490998412
1	1.48475845529359	-0.00483385804648095
1	-0.942749875683684	-0.462424460819655
1	2.25470562571975	0.850599107264305
1	1.45455469746355	0.15695044576882
1	5.9562077797599	0.937138469321979
1	1.00075348787141	1.12347824290091
1	2.64536948709188	0.0456779759625692
1	5.4497472115574	1.42969124536966
1	3.85947233973299	0.160429124879969
1	4.66148062656714	1.63190367316138
1	5.26710653607515	1.32285297748363
1	5.67437130499998	1.57794947987865
1	3.47718344743641	1.33747986289883
1	8.06212934832508	1.78857407980797
1	4.46707568019753	0.332266450017172
1	2.14281202288332	-0.251852829402778
1	4.50017884441262	-0.00881312909598142
1	2.33311989580417	-0.0547330065177282
1	0.715168861366957	0.799135086226151
1	2.39296467924709	0.911950111597748
1	-1.31444668642128	-0.0885882623273074
1	1.42359898546132	0.425520865610583
1	0.830923077088873	0.301221554248256
1	3.96504811467462	1.05396458730537
1	2.55659582756871	1.26101209883631
1	0.359953177768052	-0.542475447186458
1	0.889871125530858	0.354222620043271
1	8.25532572744072	1.40343898773405
1	6.65718086356884	1.61272995224749
1	4.95164025311545	0.74210747070194
1	1.22392389665647	-0.371195758208212
1	5.77178635818156	0.440929696445633
1	-1.12849707742495	-0.501250828581532
1	0.68595546797413	0.108824502953875
1	6.7242030045847	1.04515305447375
1	2.10976515007462	0.858552249573112
1	4.69596914872965	1.5656989991155
1	5.13591868823264	1.90305280785696
1	1.06661786634053	0.149332842005184
1	4.82266797955946	1.67810698841852
1	4.31067057087092	0.821578338833907
1	1.80473276463716	0.337726695773903
1	-0.962946644494261	-0.54036485461762
1	5.71251618320364	0.698480834769525
1	2.66474403668948	0.726550933227053
1	4.60023293070514	1.50271189962186
1	1.27069285052165	0.0513354157797101
1	4.70195967878535	0.802577587324248
1	2.78585248912112	0.659595780181328
1	4.67946097736106	1.4175763789713
1	3.26473018609395	1.36486897980692
1	1.77718747762825	0.448541267440439
1	2.67108769117817	0.500566560922528
1	4.35982474578546	1.7433136254622
1	6.84974890775299	1.84697527873303
1	-0.893561116752308	0.331000171898049
1	1.0414245237707	-0.382531415119165
1	-0.661454181204971	0.442598678013725
1	2.03264325827361	0.535445440253614
1	1.78727384762591	0.622503832585972
1	-1.21476090462747	-0.523530374546795
1	2.84035551031012	0.668403122217765
1	-1.92544732339913	0.231161102180234
1	4.74391931814099	0.433988969460882
1	1.23684306104109	1.33937899759118
1	3.52394363702012	1.29120458453896
1	-0.60769795026067	0.115022883755189
1	1.78293700919429	0.805884515326136
1	9.12357248076193	1.49850681329893
1	1.55460162166328	0.0716131816328908
1	2.79747309673443	1.67360489794124
1	-2.468480763009	-0.222583915328697
1	3.21250437248829	0.401276241250377
1	2.61992310149195	0.544785142315921
1	3.39119933659318	1.1149275205169
1	1.42248703238835	0.804484976313752
1	0.0224335439709509	0.686379607346073
1	2.76441723998846	1.48417826774508
1	4.82227399060934	0.613509463672126
1	4.30581213615538	1.74777884333555
1	1.56461070933343	1.24229932121831
1	8.46238412942214	1.40470871672017
1	5.14145786889453	1.22473799741876
1	0.152141180491686	-0.298848027669974
1	5.43955415746924	0.821700727490831
1	3.0929359640409	-0.0114848493781029
1	-0.522200305679872	-0.262711896994978
1	7.93345967206466	0.904360617549244
1	5.10709505665504	1.77640617630995
1	1.13808574947018	1.09817598099096
1	1.36884511637092	0.128962194529439
1	4.38938467747954	1.0928639527907
1	6.83347206322215	0.361909511426936
1	1.16791741174778	-0.162843133662323
1	1.77720762258611	-0.201580660634943
1	3.4975384431208	0.95869544314712
1	3.04903500163892	0.985820244684582
1	0.557875387409282	-0.299725084378184
1	3.70938463379437	0.327204908144682
1	5.7040181250073	0.0856422248302149
1	4.42296419835094	0.424596792946592
1	2.99732712778944	-0.318788358948316
1	1.77497222628881	1.20242064245968
1	6.82023048077642	1.45823090353748
1	1.12114394749595	-0.277270903153074
1	0.0454630274296597	0.679143644943412
1	1.77970022714975	-0.253820848329325
1	4.54732905591619	1.4633897642767
1	4.38055630961751	0.0431418322641435
1	0.120842644778862	0.127032581537991
1	-0.5227724176263	-0.420251662887821
1	0.86190148314876	0.568533650344288
1	1.37532887078729	0.158874728719786
1	4.47059296001707	0.96482215786323
1	3.93126489666456	1.68387653346007
1	2.09693380443249	-0.379253312929451
1	1.88443942552515	1.22862740177699
1	0.360592221502674	0.461370063989621
1	8.22015178402632	1.66019161740651
1	-1.07473712331055	-0.162574711777399
1	4.91616731797472	1.1419231043194
1	0.54073987584485	-0.0186407611989451
1	3.15404039966274	1.31200844428623
1	4.13454325062342	1.03861291970234
1	0.891622595068527	0.523878451758193
1	3.74131486430693	-0.336077427044601
1	5.44892395740599	1.47568057483667
1	-1.03127487804221	-0.310900669363894
1	1.30680649322486	-0.429591691729335
1	3.51186265533736	0.298360841629573
1	3.3768784399137	0.379608094374938
1	5.0185056028819	1.83441773817279
1	7.78771488750589	1.46467286469085
1	5.72034595764889	1.54010955876455
1	0.635381758969696	0.231111425148082
1	-0.734022083637422	1.0078928379209
1	3.63081331629488	0.0187381467291233
1	2.92393732945823	0.716597626651811
1	1.66190842421557	0.152654375011961
1	1.9362358523877	-0.550706618046583
1	5.36223131359011	1.018325871045
1	2.52313131451625	-0.000760428891023901
1	2.22972335658098	-0.404025330654697
1	6.29141747376619	1.44885627981494
1	2.23908737021511	0.321757759989682
1	1.26796603250535	1.67089409867093
1	5.63632748342423	1.30761831506541
1	3.57105796567967	1.00273759592523
1	5.60806698763597	1.95852038150268
1	0.764167489781314	1.01229259759287
1	-0.17444518454006	-0.237307677696751
1	4.79378914027332	1.12009392134892
1	5.82487841023188	0.756650056816794
1	2.19702959276348	0.455379165712983
1	3.81409538082551	0.727259900336344
1	4.77508431036792	1.51533605607514
1	-1.71835902529914	-0.128792019853985
1	1.15921044424645	0.278695214997774
1	0.445980928220179	-0.0438272493733637
1	5.23371145125049	1.71605553391914
1	3.8577850677264	0.137031418327022
1	5.05870491905393	0.938218454137732
1	0.745275042797688	-0.112311075947305
1	1.61091547680743	0.333588433084129
1	2.69633017707296	-0.0148322369307777
1	3.7951085274993	0.574695702896446
1	1.44417112971472	0.634487250842128
1	-0.151127704060958	-0.0313040644482089
1	6.5891767102709	1.93302881732999
1	4.67368545881144	0.769087135478213
1	1.38142514367834	0.114971109863749
1	3.60582611401275	0.216472469511245
1	3.93049402792093	0.768088186632534
1	-0.391309647495345	-0.215558738496245
1	4.05365673950385	0.869436540323108
1	2.27249014564962	1.36511905452118
1	8.44197312053238	1.81161381797661
1	9.36400283597614	1.73779446413744
1	3.36792680397048	1.18183578312387
1	0.79992516820753	0.662913544843429
1	3.16740879637863	0.295264979964306
1	3.28890966910758	0.949614911504696
1	5.32597997545301	-0.34804801453352
1	4.15989975797296	1.23996463397744
1	4.62508436734321	0.815666302695663
1	4.06163627243618	1.14049134524571
1	0.608230779812249	0.323817675278813
1	4.8294839147249	1.33122002410345
1	-0.481188747435812	0.765714585518302
1	4.33324569925033	0.0277921159663415
1	5.80102519021506	1.7768214721645
1	5.0932953605025	-0.251746038141105
1	4.9165814307334	1.12336614385998
1	-0.456534962971283	-0.159735743637872
1	5.14135177202561	1.10385025910101
1	2.12915515192639	1.13695192637506
1	0.634625729080186	0.771340710602076
1	1.22970245596479	-0.295024072388381
1	-0.0726205702199358	-0.22358504247062
1	3.66227344242316	0.992799701729807
1	1.48475845529359	-0.000441113461219111
1	-0.942749875683684	-0.470473940792767
1	2.25470562571975	0.878251702433317
1	1.45455469746355	0.165742224394315
1	5.9562077797599	0.967144133302577
1	1.00075348787141	1.15855062217893
1	2.64536948709188	0.0514441744120211
1	5.4497472115574	1.47308978107729
1	3.85947233973299	0.169315491345349
1	4.66148062656714	1.68080051329185
1	5.26710653607515	1.36334650222205
1	5.67437130499998	1.6253792658681
1	3.47718344743641	1.37837110339412
1	8.06212934832508	1.84173090335885
1	4.46707568019753	0.345825199555783
1	2.14281202288332	-0.254176712067218
1	4.50017884441262	-0.00452858381305765
1	2.33311989580417	-0.051697056426908
1	0.715168861366957	0.825388336866336
1	2.39296467924709	0.941270885632699
1	-1.31444668642128	-0.0864728615063175
1	1.42359898546132	0.441615271198163
1	0.830923077088873	0.31393617027056
1	3.96504811467462	1.08714683923473
1	2.55659582756871	1.29982412466642
1	0.359953177768052	-0.552701572270852
1	0.889871125530858	0.368378373970195
1	8.25532572744072	1.44612370527608
1	6.65718086356884	1.66110544482453
1	4.95164025311545	0.766810098593142
1	1.22392389665647	-0.376764662756082
1	5.77178635818156	0.457443079460349
1	-1.12849707742495	-0.510356026009399
1	0.68595546797413	0.116307701849021
1	6.7242030045847	1.07809571435394
1	2.10976515007462	0.886421096522539
1	4.69596914872965	1.61279568553586
1	5.13591868823264	1.95932239210028
1	1.06661786634053	0.157917492389738
1	4.82266797955946	1.72826013062401
1	4.31067057087092	0.848441837995529
1	1.80473276463716	0.351433913404817
1	-0.962946644494261	-0.550533591139982
1	5.71251618320364	0.721997222388947
1	2.66474403668948	0.750830567439101
1	4.60023293070514	1.54809592054728
1	1.27069285052165	0.0572554441727924
1	4.70195967878535	0.828924442097572
1	2.78585248912112	0.682054854608087
1	4.67946097736106	1.46064550256402
1	3.26473018609395	1.40650495050639
1	1.77718747762825	0.465261614660682
1	2.67108769117817	0.518701514081566
1	4.35982474578546	1.79523978401872
1	6.84974890775299	1.90172007377437
1	-0.893561116752308	0.344524490404607
1	1.0414245237707	-0.388408544503708
1	-0.661454181204971	0.45915744186303
1	2.03264325827361	0.554528775757813
1	1.78727384762591	0.643954349716117
1	-1.21476090462747	-0.533241369192258
1	2.84035551031012	0.691101674742884
1	-1.92544732339913	0.241970723056202
1	4.74391931814099	0.450313629011394
1	1.23684306104109	1.38032187695354
1	3.52394363702012	1.33083756622963
1	-0.60769795026067	0.122674621176609
1	1.78293700919429	0.832321287900543
1	9.12357248076193	1.54377649483888
1	1.55460162166328	0.0780845773721518
1	2.79747309673443	1.72363562500017
1	-2.468480763009	-0.224111954723448
1	3.21250437248829	0.416711417695586
1	2.61992310149195	0.564122431178566
1	3.39119933659318	1.14976739937338
1	1.42248703238835	0.830883694394546
1	0.0224335439709509	0.709566953704329
1	2.76441723998846	1.52905834560808
1	4.82227399060934	0.634715417305755
1	4.30581213615538	1.79982641444544
1	1.56461070933343	1.28060253288173
1	8.46238412942214	1.44742795912586
1	5.14145786889453	1.26256370379048
1	0.152141180491686	-0.302449744290055
1	5.43955415746924	0.848567554489921
1	3.0929359640409	-0.00727295013184559
1	-0.522200305679872	-0.265331045682491
1	7.93345967206466	0.933475027667052
1	5.10709505665504	1.82923214562822
1	1.13808574947018	1.13256037318486
1	1.36884511637092	0.136992952048281
1	4.38938467747954	1.12710390703652
1	6.83347206322215	0.376274277576077
1	1.16791741174778	-0.162746777328052
1	1.77720762258611	-0.202537606109119
1	3.4975384431208	0.989287257078145
1	3.04903500163892	1.01714960189072
1	0.557875387409282	-0.303350648814299
1	3.70938463379437	0.340626030642424
1	5.7040181250073	0.092495080557383
1	4.42296419835094	0.44066607231977
1	2.99732712778944	-0.322932267820663
1	1.77497222628881	1.23963952355949
1	6.82023048077642	1.50240545351112
1	1.12114394749595	-0.280285921910619
1	0.0454630274296597	0.70213424016962
1	1.77970022714975	-0.256198242873752
1	4.54732905591619	1.50770458746267
1	4.38055630961751	0.0488390711038113
1	0.120842644778862	0.135010871462427
1	-0.5227724176263	-0.427154433512133
1	0.86190148314876	0.588516678581877
1	1.37532887078729	0.167718830011972
1	4.47059296001707	0.995580561667039
1	3.93126489666456	1.73418655383257
1	2.09693380443249	-0.385041308307914
1	1.88443942552515	1.26655886390971
1	0.360592221502674	0.478439235609909
1	8.22015178402632	1.70985762751656
1	-1.07473712331055	-0.162471056854939
1	4.91616731797472	1.17749701292587
1	0.54073987584485	-0.0146234364506238
1	3.15404039966274	1.35054297489531
1	4.13454325062342	1.07008310627535
1	0.891622595068527	0.542048269298761
1	3.74131486430693	-0.340128251897332
1	5.44892395740599	1.51844427576989
1	-1.03127487804221	-0.314300944877018
1	1.30680649322486	-0.43605885803103
1	3.51186265533736	0.310703446063538
1	3.3768784399137	0.39405006947802
1	5.0185056028819	1.88645094980554
1	7.78771488750589	1.5071521342983
1	5.72034595764889	1.58453805837748
1	0.635381758969696	0.241716352950459
1	-0.734022083637422	1.03856923964008
1	3.63081331629488	0.0238555015176262
1	2.92393732945823	0.739747169284326
1	1.66190842421557	0.161232028977062
1	1.9362358523877	-0.560303307074412
1	5.36223131359011	1.04927185484837
1	2.52313131451625	0.00385309670494272
1	2.22972335658098	-0.409831880544852
1	6.29141747376619	1.49092686022673
1	2.23908737021511	0.334704923993272
1	1.26796603250535	1.7187019768816
1	5.63632748342423	1.34603940788788
1	3.57105796567967	1.0332807898931
1	5.60806698763597	2.01376031632376
1	0.764167489781314	1.0430826859426
1	-0.17444518454006	-0.238806363150668
1	4.79378914027332	1.1536695184948
1	5.82487841023188	0.780834525484024
1	2.19702959276348	0.471779010889938
1	3.81409538082551	0.750684948464529
1	4.77508431036792	1.55912442616786
1	-1.71835902529914	-0.127486738631897
1	1.15921044424645	0.290529673761018
1	0.445980928220179	-0.0403265394933461
1	5.23371145125049	1.76503035118721
1	3.8577850677264	0.145205386309878
1	5.05870491905393	0.967094519811555
1	0.745275042797688	-0.110579938969264
1	1.61091547680743	0.34684129318514
1	2.69633017707296	-0.0105823167499096
1	3.7951085274993	0.594178601715701
1	1.44417112971472	0.655515120325335
1	-0.151127704060958	-0.0274797644623426
1	6.5891767102709	1.98761006843776
1	4.67368545881144	0.793592969327268
1	1.38142514367834	0.122575055316925
1	3.60582611401275	0.22669913721187
1	3.93049402792093	0.792568208360739
1	-0.391309647495345	-0.216495446978645
1	4.05365673950385	0.896535330734706
1	2.27249014564962	1.40502592516119
1	8.44197312053238	1.86305779268648
1	9.36400283597614	1.78733099975211
1	3.36792680397048	1.21700674564257
1	0.79992516820753	0.684675929351347
1	3.16740879637863	0.30752758955591
1	3.28890966910758	0.978785453453342
1	5.32597997545301	-0.352408150771155
1	4.15989975797296	1.27663760426118
1	4.62508436734321	0.841375708778165
1	4.06163627243618	1.17459399717815
1	0.608230779812249	0.336818066014295
1	4.8294839147249	1.3702509681396
1	-0.481188747435812	0.790133275098145
1	4.33324569925033	0.0331434188184824
1	5.80102519021506	1.82736643764217
1	5.0932953605025	-0.253617800461042
1	4.9165814307334	1.15702629288584
1	-0.456534962971283	-0.159230026018367
1	5.14135177202561	1.13700613167861
1	2.12915515192639	1.17096312226546
1	0.634625729080186	0.79590477521409
1	1.22970245596479	-0.298014108036285
1	-0.0726205702199358	-0.224729144884209
1	3.66227344242316	1.02308610764784
1	1.48475845529359	0.00418066301616038
1	-0.942749875683684	-0.477997475053638
1	2.25470562571975	0.905578270303873
1	1.45455469746355	0.174658058989366
1	5.9562077797599	0.99676761775514
1	1.00075348787141	1.19311991285936
1	2.64536948709188	0.0574066294703874
1	5.4497472115574	1.51578653776016
1	3.85947233973299	0.178323656592532
1	4.66148062656714	1.72886436614275
1	5.26710653607515	1.40320757138348
1	5.67437130499998	1.67201107348232
1	3.47718344743641	1.41862039746102
1	8.06212934832508	1.89395308192858
1	4.46707568019753	0.359394248915474
1	2.14281202288332	-0.256111281255993
1	4.50017884441262	-1.24246344491707e-05
1	2.33311989580417	-0.0483996967100226
1	0.715168861366957	0.851348953330634
1	2.39296467924709	0.97022582394447
1	-1.31444668642128	-0.0840740836209609
1	1.42359898546132	0.457659467224399
1	0.830923077088873	0.326681230012315
1	3.96504811467462	1.11987110743733
1	2.55659582756871	1.3380438212058
1	0.359953177768052	-0.562349809483305
1	0.889871125530858	0.382530181161828
1	8.25532572744072	1.48812367792399
1	6.65718086356884	1.70866039124882
1	4.95164025311545	0.791257095444176
1	1.22392389665647	-0.381866816563009
1	5.77178635818156	0.473896254686486
1	-1.12849707742495	-0.51891008471384
1	0.68595546797413	0.12394618387932
1	6.7242030045847	1.11058610798904
1	2.10976515007462	0.913958755670103
1	4.69596914872965	1.65910234247028
1	5.13591868823264	2.0145830502993
1	1.06661786634053	0.166631141528555
1	4.82266797955946	1.77755030590708
1	4.31067057087092	0.874998140374805
1	1.80473276463716	0.365147887902876
1	-0.962946644494261	-0.560125809276792
1	5.71251618320364	0.745286286697983
1	2.66474403668948	0.774864664679656
1	4.60023293070514	1.59273078201384
1	1.27069285052165	0.0633680582688351
1	4.70195967878535	0.854976428981848
1	2.78585248912112	0.70431183681538
1	4.67946097736106	1.50302070802607
1	3.26473018609395	1.44748120298038
1	1.77718747762825	0.481916815222082
1	2.67108769117817	0.536737563270012
1	4.35982474578546	1.84626066544893
1	6.84974890775299	1.95549232943077
1	-0.893561116752308	0.358059930373842
1	1.0414245237707	-0.393811567853784
1	-0.661454181204971	0.475654914982608
1	2.03264325827361	0.573490575661223
1	1.78727384762591	0.665226842236117
1	-1.21476090462747	-0.542386768731094
1	2.84035551031012	0.713592420286143
1	-1.92544732339913	0.252856247318707
1	4.74391931814099	0.466582584357428
1	1.23684306104109	1.42062157760841
1	3.52394363702012	1.36985862782895
1	-0.60769795026067	0.130477619830392
1	1.78293700919429	0.858461046841169
1	9.12357248076193	1.58829974544682
1	1.55460162166328	0.0847354013131341
1	2.79747309673443	1.77280630637868
1	-2.468480763009	-0.225269672171287
1	3.21250437248829	0.432112116030212
1	2.61992310149195	0.58333212424906
1	3.39119933659318	1.18410973788355
1	1.42248703238835	0.856986306951281
1	0.0224335439709509	0.73253482879645
1	2.76441723998846	1.57320128980866
1	4.82227399060934	0.655749182446541
1	4.30581213615538	1.85096581111232
1	1.56461070933343	1.31832555729199
1	8.46238412942214	1.48946163275669
1	5.14145786889453	1.2998206178103
1	0.152141180491686	-0.30563165396769
1	5.43955415746924	0.875127105293138
1	3.0929359640409	-0.0028277034082469
1	-0.522200305679872	-0.267553834842209
1	7.93345967206466	0.962228526607021
1	5.10709505665504	1.88113136527328
1	1.13808574947018	1.16645809449431
1	1.36884511637092	0.145165926090116
1	4.38938467747954	1.16086063717886
1	6.83347206322215	0.390630109247015
1	1.16791741174778	-0.162318862656946
1	1.77720762258611	-0.203137857880817
1	3.4975384431208	1.01948290394859
1	3.04903500163892	1.0480651917438
1	0.557875387409282	-0.306555837217922
1	3.70938463379437	0.3540607372108
1	5.7040181250073	0.0995182615528135
1	4.42296419835094	0.456685741728586
1	2.99732712778944	-0.32664343119829
1	1.77497222628881	1.27630409322349
1	6.82023048077642	1.54585970611876
1	1.12114394749595	-0.282895134333312
1	0.0454630274296597	0.724910059281269
1	1.77970022714975	-0.258185046966953
1	4.54732905591619	1.55129576588643
1	4.38055630961751	0.0547342121633596
1	0.120842644778862	0.143132629965212
1	-0.5227724176263	-0.433558622811636
1	0.86190148314876	0.608356701488313
1	1.37532887078729	0.176685738676827
1	4.47059296001707	1.02593882300898
1	3.93126489666456	1.78362986363572
1	2.09693380443249	-0.390357324692627
1	1.88443942552515	1.30391900999818
1	0.360592221502674	0.495434936434083
1	8.22015178402632	1.75867229533377
1	-1.07473712331055	-0.162036017764797
1	4.91616731797472	1.21255586473823
1	0.54073987584485	-0.0103681210152835
1	3.15404039966274	1.38848895731631
1	4.13454325062342	1.10113309766258
1	0.891622595068527	0.560114857679987
1	3.74131486430693	-0.343752757540715
1	5.44892395740599	1.56051864158879
1	-1.03127487804221	-0.317290404663342
1	1.30680649322486	-0.442042120394284
1	3.51186265533736	0.323081691814541
1	3.3768784399137	0.408477655017238
1	5.0185056028819	1.93757392117718
1	7.78771488750589	1.54894884717982
1	5.72034595764889	1.6282375484414
1	0.635381758969696	0.252398333286042
1	-0.734022083637422	1.06884436315468
1	3.63081331629488	0.0291806852267205
1	2.92393732945823	0.762674809082263
1	1.66190842421557	0.169935048189936
1	1.9362358523877	-0.56934151134723
1	5.36223131359011	1.07981013593656
1	2.52313131451625	0.00868645816181712
1	2.22972335658098	-0.415170269891238
1	6.29141747376619	1.53232462353636
1	2.23908737021511	0.347673321830614
1	1.26796603250535	1.76570031031877
1	5.63632748342423	1.38387465590022
1	3.57105796567967	1.06342588017972
1	5.60806698763597	2.06801359027431
1	0.764167489781314	1.07346878677951
1	-0.17444518454006	-0.239939550375629
1	4.79378914027332	1.18677474563482
1	5.82487841023188	0.804772427610572
1	2.19702959276348	0.488117807775287
1	3.81409538082551	0.773881528084505
1	4.77508431036792	1.60219904187555
1	-1.71835902529914	-0.12588278155047
1	1.15921044424645	0.302411883649208
1	0.445980928220179	-0.0365794738284417
1	5.23371145125049	1.81316781392438
1	3.8577850677264	0.153514339930844
1	5.05870491905393	0.995612211756702
1	0.745275042797688	-0.108560274858319
1	1.61091547680743	0.360108101962847
1	2.69633017707296	-0.00610389549265511
1	3.7951085274993	0.613526978848749
1	1.44417112971472	0.676371649353538
1	-0.151127704060958	-0.023416820287395
1	6.5891767102709	2.04122035601084
1	4.67368545881144	0.817844578062825
1	1.38142514367834	0.130327570826491
1	3.60582611401275	0.237011871902453
1	3.93049402792093	0.81679462011367
1	-0.391309647495345	-0.217080049913688
1	4.05365673950385	0.923318102323448
1	2.27249014564962	1.44431154286896
1	8.44197312053238	1.91360556945884
1	9.36400283597614	1.83601679431767
1	3.36792680397048	1.25166931841163
1	0.79992516820753	0.706249468904337
1	3.16740879637863	0.319827746851302
1	3.28890966910758	1.00759060390001
1	5.32597997545301	-0.35633459648513
1	4.15989975797296	1.31276638989126
1	4.62508436734321	0.866802206970967
1	4.06163627243618	1.20821371866668
1	0.608230779812249	0.349838422117544
1	4.8294839147249	1.40868153377522
1	-0.481188747435812	0.814299816331884
1	4.33324569925033	0.0386969752881582
1	5.80102519021506	1.87703662980473
1	5.0932953605025	-0.255115173618885
1	4.9165814307334	1.19021405691863
1	-0.456534962971283	-0.158406577842819
1	5.14135177202561	1.16970163686219
1	2.12915515192639	1.20449356723479
1	0.634625729080186	0.820213226993701
1	1.22970245596479	-0.300603104535741
1	-0.0726205702199358	-0.225516199268763
1	3.66227344242316	1.05298052949587
1	1.48475845529359	0.00902207872463323
1	-0.942749875683684	-0.485011930679513
1	2.25470562571975	0.932583391102485
1	1.45455469746355	0.183691199524194
1	5.9562077797599	1.02601491646496
1	1.00075348787141	1.22719515245484
1	2.64536948709188	0.0635567735514359
1	5.4497472115574	1.55779555470197
1	3.85947233973299	0.187446927413483
1	4.66148062656714	1.77611257399358
1	5.26710653607515	1.44244847912469
1	5.67437130499998	1.71786136369753
1	3.47718344743641	1.458240278176
1	8.06212934832508	1.94526051689606
1	4.46707568019753	0.37296971172839
1	2.14281202288332	-0.257669964508894
1	4.50017884441262	0.00472589078026442
1	2.33311989580417	-0.044851135095107
1	0.715168861366957	0.877020675217471
1	2.39296467924709	0.998820508884483
1	-1.31444668642128	-0.0814026894007366
1	1.42359898546132	0.473651090565819
1	0.830923077088873	0.339452340009431
1	3.96504811467462	1.15214529396982
1	2.55659582756871	1.37568247248457
1	0.359953177768052	-0.571438333476844
1	0.889871125530858	0.396674513888695
1	8.25532572744072	1.52945251614954
1	6.65718086356884	1.7554118206108
1	4.95164025311545	0.815451269348029
1	1.22392389665647	-0.386517596550429
1	5.77178635818156	0.490287110692839
1	-1.12849707742495	-0.526930505973132
1	0.68595546797413	0.131732412912032
1	6.7242030045847	1.14263199350556
1	2.10976515007462	0.941169937151223
1	4.69596914872965	1.70463523079211
1	5.13591868823264	2.06885655376128
1	1.06661786634053	0.17546691496373
1	4.82266797955946	1.82599561124547
1	4.31067057087092	0.901251352164689
1	1.80473276463716	0.378864822089446
1	-0.962946644494261	-0.569159649206052
1	5.71251618320364	0.768350123179628
1	2.66474403668948	0.798655778936758
1	4.60023293070514	1.63663171604554
1	1.27069285052165	0.0696647828918511
1	4.70195967878535	0.880737343806301
1	2.78585248912112	0.726368187126565
1	4.67946097736106	1.54471583675342
1	3.26473018609395	1.48781071768709
1	1.77718747762825	0.498504882023018
1	2.67108769117817	0.554673571182319
1	4.35982474578546	1.89639543183448
1	6.84974890775299	2.00831290102306
1	-0.893561116752308	0.371602584754148
1	1.0414245237707	-0.398756047250702
1	-0.661454181204971	0.492089013202876
1	2.03264325827361	0.59233027237992
1	1.78727384762591	0.686322164598813
1	-1.21476090462747	-0.550984438362077
1	2.84035551031012	0.73587696303255
1	-1.92544732339913	0.263812137116127
1	4.74391931814099	0.482793610695953
1	1.23684306104109	1.46029066365327
1	3.52394363702012	1.40827954653976
1	-0.60769795026067	0.138424444829927
1	1.78293700919429	0.88430764199355
1	9.12357248076193	1.63209172845966
1	1.55460162166328	0.091557509502697
1	2.79747309673443	1.82113496551605
1	-2.468480763009	-0.22607001712516
1	3.21250437248829	0.447475577112132
1	2.61992310149195	0.602413806500854
1	3.39119933659318	1.2179634338901
1	1.42248703238835	0.88279664096902
1	0.0224335439709509	0.755285130440511
1	2.76441723998846	1.61662202963717
1	4.82227399060934	0.676611466630721
1	4.30581213615538	1.90121626835399
1	1.56461070933343	1.35547937281932
1	8.46238412942214	1.53082336882454
1	5.14145786889453	1.33651943099675
1	0.152141180491686	-0.308407951875725
1	5.43955415746924	0.901383488092567
1	3.0929359640409	0.00184138949246782
1	-0.522200305679872	-0.269393869389048
1	7.93345967206466	0.990626572751598
1	5.10709505665504	1.93212353786997
1	1.13808574947018	1.1998777691375
1	1.36884511637092	0.153473909457038
1	4.38938467747954	1.19414268066773
1	6.83347206322215	0.404973604270165
1	1.16791741174778	-0.161571363278882
1	1.77720762258611	-0.203394022329797
1	3.4975384431208	1.04928872966154
1	3.04903500163892	1.07857380321119
1	0.557875387409282	-0.309354859087993
1	3.70938463379437	0.367505058805278
1	5.7040181250073	0.106703853017784
1	4.42296419835094	0.472653422955501
1	2.99732712778944	-0.329936369965135
1	1.77497222628881	1.3124246784321
1	6.82023048077642	1.58860816681905
1	1.12114394749595	-0.285112383147053
1	0.0454630274296597	0.747472881902147
1	1.77970022714975	-0.259794720294902
1	4.54732905591619	1.59417788927294
1	4.38055630961751	0.060818646430457
1	0.120842644778862	0.151390618329585
1	-0.5227724176263	-0.43948040900099
1	0.86190148314876	0.62805369195199
1	1.37532887078729	0.185768736116363
1	4.47059296001707	1.05590338786765
1	3.93126489666456	1.83222465408865
1	2.09693380443249	-0.395216870619438
1	1.88443942552515	1.34071859509156
1	0.360592221502674	0.512355388909768
1	8.22015178402632	1.80665342520102
1	-1.07473712331055	-0.161281563752369
1	4.91616731797472	1.24710899855276
1	0.54073987584485	-0.00588443307986675
1	3.15404039966274	1.42585761125876
1	4.13454325062342	1.13176987796585
1	0.891622595068527	0.578077226428026
1	3.74131486430693	-0.346965257401763
1	5.44892395740599	1.60191742770989
1	-1.03127487804221	-0.319882972096422
1	1.30680649322486	-0.447557241025285
1	3.51186265533736	0.33549109455442
1	3.3768784399137	0.422887625395689
1	5.0185056028819	1.98780596547591
1	7.78771488750589	1.59007658821387
1	5.72034595764889	1.67122278254537
1	0.635381758969696	0.263151839958304
1	-0.734022083637422	1.09872471663255
1	3.63081331629488	0.034704881445448
1	2.92393732945823	0.785382541293024
1	1.66190842421557	0.178756690950294
1	1.9362358523877	-0.577838869456435
1	5.36223131359011	1.10994738411222
1	2.52313131451625	0.0137305369849919
1	2.22972335658098	-0.420055864810616
1	6.29141747376619	1.57306290958226
1	2.23908737021511	0.360658831652664
1	1.26796603250535	1.81190587876416
1	5.63632748342423	1.42113521079746
1	3.57105796567967	1.09317929508481
1	5.60806698763597	2.12130143921526
1	0.764167489781314	1.10345747643516
1	-0.17444518454006	-0.240720022598347
1	4.79378914027332	1.21941784922342
1	5.82487841023188	0.828466378960155
1	2.19702959276348	0.504393504663087
1	3.81409538082551	0.796851799630026
1	4.77508431036792	1.64457427298127
1	-1.71835902529914	-0.123991250646646
1	1.15921044424645	0.314337055662479
1	0.445980928220179	-0.0325958380903171
1	5.23371145125049	1.86048540158047
1	3.8577850677264	0.161951295449399
1	5.05870491905393	1.0237769587036
1	0.745275042797688	-0.106262930318725
1	1.61091547680743	0.373384920856103
1	2.69633017707296	-0.00140630966252642
1	3.7951085274993	0.632740631113129
1	1.44417112971472	0.697057561070864
1	-0.151127704060958	-0.0191248236183275
1	6.5891767102709	2.0938805209795
1	4.67368545881144	0.841844770131296
1	1.38142514367834	0.138221330880372
1	3.60582611401275	0.247404920590969
1	3.93049402792093	0.840770214861422
1	-0.391309647495345	-0.217324993580454
1	4.05365673950385	0.949789218209021
1	2.27249014564962	1.48298795017551
1	8.44197312053238	1.96327610818987
1	9.36400283597614	1.88386966407651
1	3.36792680397048	1.28583270442749
1	0.79992516820753	0.72763532704375
1	3.16740879637863	0.332160919559374
1	3.28890966910758	1.03603596813589
1	5.32597997545301	-0.359841850557992
1	4.15989975797296	1.3483610944312
1	4.62508436734321	0.891949327352927
1	4.06163627243618	1.24135907217487
1	0.608230779812249	0.362874653652962
1	4.8294839147249	1.44652323835716
1	-0.481188747435812	0.838216965416362
1	4.33324569925033	0.0444441092339417
1	5.80102519021506	1.92585046952441
1	5.0932953605025	-0.256251164529103
1	4.9165814307334	1.22293773310804
1	-0.456534962971283	-0.157276980546928
1	5.14135177202561	1.20194476944959
1	2.12915515192639	1.23755176891184
1	0.634625729080186	0.844268909301061
1	1.22970245596479	-0.302804739290526
1	-0.0726205702199358	-0.225958776251682
1	3.66227344242316	1.08248924160978
1	1.48475845529359	0.0140740201166184
1	-0.942749875683684	-0.491533703248945
1	2.25470562571975	0.959271564518627
1	1.45455469746355	0.192835107063338
1	5.9562077797599	1.05489190629645
1	1.00075348787141	1.26078518321411
1	2.64536948709188	0.0698862969456396
1	5.4497472115574	1.59913054718109
1	3.85947233973299	0.196678820231939
1	4.66148062656714	1.82256207010219
1	5.26710653607515	1.48108124051525
1	5.67437130499998	1.76294621115233
1	3.47718344743641	1.49724299337881
1	8.06212934832508	1.99567263474943
1	4.46707568019753	0.386547839012721
1	2.14281202288332	-0.258865806397849
1	4.50017884441262	0.0096771855579556
1	2.33311989580417	-0.0410612792176068
1	0.715168861366957	0.902407183225298
1	2.39296467924709	1.02706041647326
1	-1.31444668642128	-0.0784691252487572
1	1.42359898546132	0.489587876277959
1	0.830923077088873	0.352245257236094
1	3.96504811467462	1.18397713485063
1	2.55659582756871	1.41275110944546
1	0.359953177768052	-0.579984813749896
1	0.889871125530858	0.410807972576316
1	8.25532572744072	1.57012351745647
1	6.65718086356884	1.8013763610405
1	4.95164025311545	0.83939539347389
1	1.22392389665647	-0.390731946496457
1	5.77178635818156	0.506613627748857
1	-1.12849707742495	-0.534434303243058
1	0.68595546797413	0.13965908414237
1	6.7242030045847	1.17424096669648
1	2.10976515007462	0.968059267220537
1	4.69596914872965	1.74941023018757
1	5.13591868823264	2.12216415077239
1	1.06661786634053	0.184418152534352
1	4.82266797955946	1.87361371516992
1	4.31067057087092	0.927205511222323
1	1.80473276463716	0.392581053876283
1	-0.962946644494261	-0.577652746838523
1	5.71251618320364	0.791190810735069
1	2.66474403668948	0.822206435815099
1	4.60023293070514	1.67981359996096
1	1.27069285052165	0.0761373983639969
1	4.70195967878535	0.906210922052852
1	2.78585248912112	0.748225365631666
1	4.67946097736106	1.58574441123024
1	3.26473018609395	1.52750617833272
1	1.77718747762825	0.515023916462384
1	2.67108769117817	0.572508467140414
1	4.35982474578546	1.94566278939517
1	6.84974890775299	2.06020214442767
1	-0.893561116752308	0.385148684412349
1	1.0414245237707	-0.40325710686659
1	-0.661454181204971	0.508457743353216
1	2.03264325827361	0.611047350293296
1	1.78727384762591	0.707241186618316
1	-1.21476090462747	-0.559051746094477
1	2.84035551031012	0.757956903230903
1	-1.92544732339913	0.274833034490702
1	4.74391931814099	0.498944577842687
1	1.23684306104109	1.49934141315042
1	3.52394363702012	1.44611183378365
1	-0.60769795026067	0.146507890010568
1	1.78293700919429	0.909864861465583
1	9.12357248076193	1.67516725427683
1	1.55460162166328	0.0985430049604434
1	2.79747309673443	1.86863919929741
1	-2.468480763009	-0.22652556837571
1	3.21250437248829	0.462799150171419
1	2.61992310149195	0.621367110944012
1	3.39119933659318	1.2513371935668
1	1.42248703238835	0.908318462283597
1	0.0224335439709509	0.777819744960509
1	2.76441723998846	1.65933514747061
1	4.82227399060934	0.697302996537314
1	4.30581213615538	1.95059656344908
1	1.56461070933343	1.392074712614
1	8.46238412942214	1.57152648503944
1	5.14145786889453	1.37267059703172
1	0.152141180491686	-0.310792430460906
1	5.43955415746924	0.927340742693026
1	3.0929359640409	0.00672510917979929
1	-0.522200305679872	-0.270864366704574
1	7.93345967206466	1.01867452134319
1	5.10709505665504	1.98222789626818
1	1.13808574947018	1.23282783670664
1	1.36884511637092	0.161909917812584
1	4.38938467747954	1.22695839256049
1	6.83347206322215	0.41930148539913
1	1.16791741174778	-0.160515907278305
1	1.77720762258611	-0.203318344003928
1	3.4975384431208	1.07871095413599
1	3.04903500163892	1.10868208787209
1	0.557875387409282	-0.311761520828613
1	3.70938463379437	0.380955165895398
1	5.7040181250073	0.114044181228069
1	4.42296419835094	0.488566836350492
1	2.99732712778944	-0.332825193895506
1	1.77497222628881	1.34801137771206
1	6.82023048077642	1.63066500506639
1	1.12114394749595	-0.286951117423337
1	0.0454630274296597	0.769824479204185
1	1.77970022714975	-0.261040338748297
1	4.54732905591619	1.63636520917398
1	4.38055630961751	0.0670840238357512
1	0.120842644778862	0.159777821511502
1	-0.5227724176263	-0.444935516526915
1	0.86190148314876	0.647607660913311
1	1.37532887078729	0.194961314017878
1	4.47059296001707	1.08548057366172
1	3.93126489666456	1.87998868553782
1	2.09693380443249	-0.399635018093228
1	1.88443942552515	1.37696813476719
1	0.360592221502674	0.52919889859148
1	8.22015178402632	1.85381840054646
1	-1.07473712331055	-0.160219318630471
1	4.91616731797472	1.28116555014708
1	0.54073987584485	-0.00118170591302336
1	3.15404039966274	1.46265990468256
1	4.13454325062342	1.162000288533
1	0.891622595068527	0.595934447526336
1	3.74131486430693	-0.349779659608112
1	5.44892395740599	1.64265407254822
1	-1.03127487804221	-0.322092175287755
1	1.30680649322486	-0.452619539549136
1	3.51186265533736	0.347927322320333
1	3.3768784399137	0.437276874990616
1	5.0185056028819	2.03716593586925
1	7.78771488750589	1.63054862966593
1	5.72034595764889	1.7135081715908
1	0.635381758969696	0.273971525946633
1	-0.734022083637422	1.12821667773488
1	3.63081331629488	0.0404195376064749
1	2.92393732945823	0.807872346789188
1	1.66190842421557	0.187690426012552
1	1.9362358523877	-0.585812529126961
1	5.36223131359011	1.13969013451197
1	2.52313131451625	0.0189764862970603
1	2.22972335658098	-0.424503599031305
1	6.29141747376619	1.61315475189552
1	2.23908737021511	0.373657474647953
1	1.26796603250535	1.85733506717147
1	5.63632748342423	1.45783197427518
1	3.57105796567967	1.12254733445672
1	5.60806698763597	2.17364458951035
1	0.764167489781314	1.13305519898037
1	-0.17444518454006	-0.241160197123088
1	4.79378914027332	1.25160690047673
1	5.82487841023188	0.851918964953803
1	2.19702959276348	0.520604139613587
1	3.81409538082551	0.819597904909251
1	4.77508431036792	1.686264156457
1	-1.71835902529914	-0.121822925297294
1	1.15921044424645	0.326300561006459
1	0.445980928220179	-0.0283851292038153
1	5.23371145125049	1.90700018077256
1	3.8577850677264	0.170509485808194
1	5.05870491905393	1.05159408665337
1	0.745275042797688	-0.103698435965194
1	1.61091547680743	0.386667949624752
1	2.69633017707296	0.00350138146422863
1	3.7951085274993	0.651819397524172
1	1.44417112971472	0.717573596981891
1	-0.151127704060958	-0.0146130823559465
1	6.5891767102709	2.1456109049397
1	4.67368545881144	0.865596318678066
1	1.38142514367834	0.146249235444537
1	3.60582611401275	0.25787271529748
1	3.93049402792093	0.864497750671321
1	-0.391309647495345	-0.217242367006313
1	4.05365673950385	0.975952966203381
1	2.27249014564962	1.52106691668837
1	8.44197312053238	2.01208791784638
1	9.36400283597614	1.93090700377152
1	3.36792680397048	1.31950590683343
1	0.79992516820753	0.748834674338566
1	3.16740879637863	0.344522728988573
1	3.28890966910758	1.0641270441794
1	5.32597997545301	-0.362944001800548
1	4.15989975797296	1.3834315984169
1	4.62508436734321	0.91682054613197
1	4.06163627243618	1.27403843679607
1	0.608230779812249	0.375922812901289
1	4.8294839147249	1.4837873398235
1	-0.481188747435812	0.861887444591939
1	4.33324569925033	0.0503764047484483
1	5.80102519021506	1.97382594061492
1	5.0932953605025	-0.257038408427518
1	4.9165814307334	1.25520544206086
1	-0.456534962971283	-0.155852480569867
1	5.14135177202561	1.2337433554763
1	2.12915515192639	1.27014605296622
1	0.634625729080186	0.868074629296851
1	1.22970245596479	-0.304632300771944
1	-0.0726205702199358	-0.226069086008784
1	3.66227344242316	1.11161839383606
1	1.48475845529359	0.0193276451344327
1	-0.942749875683684	-0.497578729460713
1	2.25470562571975	0.985647211419668
1	1.45455469746355	0.202083447908251
1	5.9562077797599	1.08340434985283
1	1.00075348787141	1.29389865681593
1	2.64536948709188	0.0763871407480532
1	5.4497472115574	1.63980491450731
1	3.85947233973299	0.206013055283985
1	4.66148062656714	1.86822938894896
1	5.26710653607515	1.51911759840793
1	5.67437130499998	1.80728131380283
1	3.47718344743641	1.53564051270243
1	8.06212934832508	2.04520839904061
1	4.46707568019753	0.400125015229168
1	2.14281202288332	-0.259711478847095
1	4.50017884441262	0.0148325559449628
1	2.33311989580417	-0.0370397447886572
1	0.715168861366957	0.927512100305712
1	2.39296467924709	1.05495091878512
1	-1.31444668642128	-0.0752835317796141
1	1.42359898546132	0.505467654669851
1	0.830923077088873	0.365055884822334
1	3.96504811467462	1.21537420399504
1	2.55659582756871	1.44926051613912
1	0.359953177768052	-0.588006428139089
1	0.889871125530858	0.424927282101355
1	8.25532572744072	1.61014967413061
1	6.65718086356884	1.84657024974236
1	4.95164025311545	0.863092206597716
1	1.22392389665647	-0.394524388658886
1	5.77178635818156	0.522873875067352
1	-1.12849707742495	-0.541438015199669
1	0.68595546797413	0.147719117710723
1	6.7242030045847	1.20542046486006
1	2.10976515007462	0.994631290053649
1	4.69596914872965	1.79344284867713
1	5.13591868823264	2.17452657980185
1	1.06661786634053	0.193478402435945
1	4.82266797955946	1.92042186851281
1	4.31067057087092	0.952864588467163
1	1.80473276463716	0.406293052381604
1	-0.962946644494261	-0.585622247287486
1	5.71251618320364	0.813810411737988
1	2.66474403668948	0.845519132896761
1	4.60023293070514	1.72229096520705
1	1.27069285052165	0.082777933495207
1	4.70195967878535	0.931400840046811
1	2.78585248912112	0.76988483181719
1	4.67946097736106	1.62611964293327
1	3.26473018609395	1.56657997920049
1	1.77718747762825	0.531472105765392
1	2.67108769117817	0.590241244987435
1	4.35982474578546	1.99408099994934
1	6.84974890775299	2.11117992866865
1	-0.893561116752308	0.398694594176336
1	1.0414245237707	-0.40732944471114
1	-0.661454181204971	0.524759200522902
1	2.03264325827361	0.629641344018555
1	1.78727384762591	0.7279847926949
1	-1.21476090462747	-0.566605576034038
1	2.84035551031012	0.779833836919751
1	-1.92544732339913	0.285913756331269
1	4.74391931814099	0.51503344739904
1	1.23684306104109	1.53778582517768
1	3.52394363702012	1.48336674172589
1	-0.60769795026067	0.154720971614518
1	1.78293700919429	0.935136432854319
1	9.12357248076193	1.71754078914821
1	1.55460162166328	0.10568423088972
1	2.79747309673443	1.9153361887532
1	-2.468480763009	-0.226648544051929
1	3.21250437248829	0.478080289620164
1	2.61992310149195	0.640191717001672
1	3.39119933659318	1.28423953601908
1	1.42248703238835	0.933555476793133
1	0.0224335439709509	0.80014054710856
1	2.76441723998846	1.7013548874042
1	4.82227399060934	0.717824517114826
1	4.30581213615538	1.9991250274462
1	1.56461070933343	1.42812207059739
1	8.46238412942214	1.61158399337352
1	5.14145786889453	1.40828433755981
1	0.152141180491686	-0.312798490277087
1	5.43955415746924	0.953002841911527
1	3.0929359640409	0.0118145104768214
1	-0.522200305679872	-0.27197816707572
1	7.93345967206466	1.04637762678601
1	5.10709505665504	2.03146321536448
1	1.13808574947018	1.26531655658557
1	1.36884511637092	0.170467183518797
1	4.38938467747954	1.25931594988146
1	6.83347206322215	0.433610596690765
1	1.16791741174778	-0.159163786542709
1	1.77720762258611	-0.202922715390565
1	3.4975384431208	1.10775567420185
1	3.04903500163892	1.13839656310859
1	0.557875387409282	-0.313789236591822
1	3.70938463379437	0.394407364465987
1	5.7040181250073	0.121531806898098
1	4.42296419835094	0.504423797895451
1	2.99732712778944	-0.335323612704968
1	1.77497222628881	1.38307406669206
1	6.82023048077642	1.67204406265919
1	1.12114394749595	-0.288424403176903
1	0.0454630274296597	0.791966613750666
1	1.77970022714975	-0.261934604764215
1	4.54732905591619	1.67787164737267
1	4.38055630961751	0.0735222461530578
1	0.120842644778862	0.168287441955626
1	-0.5227724176263	-0.449939228226716
1	0.86190148314876	0.667018656000399
1	1.37532887078729	0.20425716851757
1	4.47059296001707	1.11467657221175
1	3.93126489666456	1.92693929826861
1	2.09693380443249	-0.403626414298871
1	1.88443942552515	1.4126779109723
1	0.360592221502674	0.545963851606474
1	8.22015178402632	1.90018419443641
1	-1.07473712331055	-0.158860570124895
1	4.91616731797472	1.31473445717537
1	0.54073987584485	0.00373100436061813
1	3.15404039966274	1.49890655996165
1	4.13454325062342	1.19183103129178
1	0.891622595068527	0.613685653421639
1	3.74131486430693	-0.352209477883296
1	5.44892395740599	1.68274170537523
1	-1.03127487804221	-0.323931157721459
1	1.30680649322486	-0.457243904873077
1	3.51186265533736	0.360386191186425
1	3.3768784399137	0.451642414666055
1	5.0185056028819	2.08567223707517
1	7.78771488750589	1.6703779389324
1	5.72034595764889	1.75510779231623
1	0.635381758969696	0.284852218381914
1	-0.734022083637422	1.15732649663206
1	3.63081331629488	0.046316357763441
1	2.92393732945823	0.830146192069269
1	1.66190842421557	0.196729926749316
1	1.9362358523877	-0.593279160334145
1	5.36223131359011	1.16904479073028
1	2.52313131451625	0.0244157234133382
1	2.22972335658098	-0.428527985491776
1	6.29141747376619	1.65261288528014
1	2.23908737021511	0.386665410956432
1	1.26796603250535	1.90200387554482
1	5.63632748342423	1.49397560414786
1	3.57105796567967	1.15153617265491
1	5.60806698763597	2.22506327088181
1	0.764167489781314	1.1622682692867
1	-0.17444518454006	-0.241272135204608
1	4.79378914027332	1.2833497995498
1	5.82487841023188	0.875132741085187
1	2.19702959276348	0.536747837750162
1	3.81409538082551	0.84212196721586
1	4.77508431036792	1.72728240473195
1	-1.71835902529914	-0.119388270968922
1	1.15921044424645	0.338297926560385
1	0.445980928220179	-0.0239565631772102
1	5.23371145125049	1.95272881563095
1	3.8577850677264	0.179182354634827
1	5.05870491905393	1.07906882117256
1	0.745275042797688	-0.100877014902003
1	1.61091547680743	0.399953522385934
1	2.69633017707296	0.00861038826849558
1	3.7951085274993	0.670763157826948
1	1.44417112971472	0.737920516102492
1	-0.151127704060958	-0.0098906283475324
1	6.5891767102709	2.19643136274482
1	4.67368545881144	0.889101962091554
1	1.38142514367834	0.154404403736434
1	3.60582611401275	0.268409867878194
1	3.93049402792093	0.88797995124164
1	-0.391309647495345	-0.216843911614741
1	4.05365673950385	1.00181356039352
1	2.27249014564962	1.55855994580511
1	8.44197312053238	2.06005906780094
1	9.36400283597614	1.9771457972171
1	3.36792680397048	1.35269773373585
1	0.79992516820753	0.76984868783047
1	3.16740879637863	0.35690894568653
1	3.28890966910758	1.09186922518887
1	5.32597997545301	-0.365654739971047
1	4.15989975797296	1.41798756477461
1	4.62508436734321	0.941419286671285
1	4.06163627243618	1.30626001264178
1	0.608230779812249	0.388979090294774
1	4.8294839147249	1.52048484306609
1	-0.481188747435812	0.885313942651655
1	4.33324569925033	0.0564856990294004
1	5.80102519021506	2.02098060080635
1	5.0932953605025	-0.257489178893689
1	4.9165814307334	1.28702513205219
1	-0.456534962971283	-0.154143998424278
1	5.14135177202561	1.26510505622453
1	2.12915515192639	1.30228456746014
1	0.634625729080186	0.891633158509677
1	1.22970245596479	-0.306098698989171
1	-0.0726205702199358	-0.225858987995188
1	3.66227344242316	1.14037401439146
1	1.48475845529359	0.0247743757891187
1	-0.942749875683684	-0.503162499420205
1	2.25470562571975	1.01171467552487
1	1.45455469746355	0.211430087896267
1	5.9562077797599	1.11155789807021
1	1.00075348787141	1.32654403894435
1	2.64536948709188	0.0830514899741944
1	5.4497472115574	1.67983174785289
1	3.85947233973299	0.215443550954
1	4.66148062656714	1.91313067621784
1	5.26710653607515	1.55656903013383
1	5.67437130499998	1.85088200233009
1	3.47718344743641	1.57344453442379
1	8.06212934832508	2.09388632203204
1	4.46707568019753	0.41369775444391
1	2.14281202288332	-0.260219291180718
1	4.50017884441262	0.0201833638436099
1	2.33311989580417	-0.0327958635467944
1	0.715168861366957	0.952338992790285
1	2.39296467924709	1.08249728627444
1	-1.31444668642128	-0.0718557521310479
1	1.42359898546132	0.521288348458493
1	0.830923077088873	0.377880267886903
1	3.96504811467462	1.24634391705138
1	2.55659582756871	1.48522123576173
1	0.359953177768052	-0.595519875956766
1	0.889871125530858	0.439029288188035
1	8.25532572744072	1.64954368079177
1	6.65718086356884	1.89100934277247
1	4.95164025311545	0.886544413622726
1	1.22392389665647	-0.397909035091611
1	5.77178635818156	0.539066008122797
1	-1.12849707742495	-0.54795771843849
1	0.68595546797413	0.155905652489932
1	6.7242030045847	1.23617777054238
1	2.10976515007462	1.0208904695057
1	4.69596914872965	1.83674823189269
1	5.13591868823264	2.22596408236595
1	1.06661786634053	0.202641415438432
1	4.82266797955946	1.96643691488039
1	4.31067057087092	0.978232489246429
1	1.80473276463716	0.41999741415111
1	-0.962946644494261	-0.59308481798381
1	5.71251618320364	0.836210972091212
1	2.66474403668948	0.868596340096313
1	4.60023293070514	1.76407800596663
1	1.27069285052165	0.0895786587592291
1	4.70195967878535	0.956310716120309
1	2.78585248912112	0.791348044209336
1	4.67946097736106	1.66585444003414
1	3.26473018609395	1.60504423229252
1	1.77718747762825	0.547847720382793
1	2.67108769117817	0.607870961040112
1	4.35982474578546	2.04166789207949
1	6.84974890775299	2.16126564818542
1	-0.893561116752308	0.412236808984575
1	1.0414245237707	-0.410987344068555
1	-0.661454181204971	0.540991565397139
1	2.03264325827361	0.648111836733934
1	1.78727384762591	0.748553881063843
1	-1.21476090462747	-0.573662341319073
1	2.84035551031012	0.801509355664242
1	-1.92544732339913	0.297049289461241
1	4.74391931814099	0.531058269996613
1	1.23684306104109	1.57563562669929
1	3.52394363702012	1.52005526963405
1	-0.60769795026067	0.16305692214401
1	1.78293700919429	0.960126024444558
1	9.12357248076193	1.75922646373683
1	1.55460162166328	0.11297376406925
1	2.79747309673443	1.96124270948351
1	-2.468480763009	-0.226450811357499
1	3.21250437248829	0.493316551949167
1	2.61992310149195	0.658887348932564
1	3.39119933659318	1.31667879776842
1	1.42248703238835	0.958511331641748
1	0.0224335439709509	0.822249399992884
1	2.76441723998846	1.74269516366171
1	4.82227399060934	0.738176790734455
1	4.30581213615538	2.04681955637701
1	1.56461070933343	1.46363170730057
1	8.46238412942214	1.65100860762644
1	5.14145786889453	1.44337064784024
1	0.152141180491686	-0.314439150532429
1	5.43955415746924	0.978373692944027
1	3.0929359640409	0.0171009149282948
1	-0.522200305679872	-0.272747743857781
1	7.93345967206466	1.07374104489163
1	5.10709505665504	2.07984782361957
1	1.13808574947018	1.29735201225605
1	1.36884511637092	0.179139149637605
1	4.38938467747954	1.29122335587179
1	6.83347206322215	0.447897899983319
1	1.16791741174778	-0.157525965863804
1	1.77720762258611	-0.20221868642957
1	3.4975384431208	1.13642886642324
1	3.04903500163892	1.16772361521741
1	0.557875387409282	-0.315451038834129
1	3.70938463379437	0.407858092126307
1	5.7040181250073	0.129159518721741
1	4.42296419835094	0.520222216348835
1	2.99732712778944	-0.337444946809554
1	1.77497222628881	1.41762240351741
1	6.82023048077642	1.71275886187436
1	1.12114394749595	-0.289544933683528
1	0.0454630274296597	0.813901039347274
1	1.77970022714975	-0.262489857394572
1	4.54732905591619	1.71871080407291
1	4.38055630961751	0.0801254600882784
1	0.120842644778862	0.176912893576195
1	-0.5227724176263	-0.45450639716628
1	0.86190148314876	0.686286760204115
1	1.37532887078729	0.213650194519949
1	4.47059296001707	1.14349745262872
1	3.93126489666456	1.97309342303889
1	2.09693380443249	-0.407205293003331
1	1.88443942552515	1.44785797771735
1	0.360592221502674	0.562648712190372
1	8.22015178402632	1.94576737985721
1	-1.07473712331055	-0.157216278972715
1	4.91616731797472	1.34782446393982
1	0.54073987584485	0.00884491119248043
1	3.15404039966274	1.53460805989099
1	4.13454325062342	1.22126867200062
1	0.891622595068527	0.631330035085549
1	3.74131486430693	-0.354267842154462
1	5.44892395740599	1.72219315397563
1	-1.03127487804221	-0.325412688608169
1	1.30680649322486	-0.461444806736932
1	3.51186265533736	0.372863661051981
1	3.3768784399137	0.465981368380054
1	5.0185056028819	2.13334283663541
1	7.78771488750589	1.70957718608657
1	5.72034595764889	1.79603539560373
1	0.635381758969696	0.29578891365673
1	-0.734022083637422	1.18606029894481
1	3.63081331629488	0.0523872955601954
1	2.92393732945823	0.852206029262168
1	1.66190842421557	0.20586906547065
1	1.9362358523877	-0.600254968075143
1	5.36223131359011	1.19801762786568
1	2.52313131451625	0.0300399226145329
1	2.22972335658098	-0.432143127633354
1	6.29141747376619	1.69144975319945
1	2.23908737021511	0.399678935693495
1	1.26796603250535	1.94592792856366
1	5.63632748342423	1.52957652031146
1	3.57105796567967	1.18015186143907
1	5.60806698763597	2.27557722893482
1	0.764167489781314	1.19110287601178
1	-0.17444518454006	-0.241067551660148
1	4.79378914027332	1.31465427960883
1	5.82487841023188	0.898110233328856
1	2.19702959276348	0.55282280863039
1	3.81409538082551	0.864426091441006
1	4.77508431036792	1.76764241374927
1	-1.71835902529914	-0.116697447735711
1	1.15921044424645	0.350324830466999
1	0.445980928220179	-0.0193190827637006
1	5.23371145125049	1.99768757787929
1	3.8577850677264	0.187963550403615
1	5.05870491905393	1.10620628963179
1	0.745275042797688	-0.0978085910748922
1	1.61091547680743	0.413238103757374
1	2.69633017707296	0.0139121834191006
1	3.7951085274993	0.6895718310702
1	1.44417112971472	0.758099094136533
1	-0.151127704060958	-0.00496622492208676
1	6.5891767102709	2.24636127477318
1	4.67368545881144	0.912364404536833
1	1.38142514367834	0.162680168164365
1	3.60582611401275	0.279011164988085
1	3.93049402792093	0.911219506425149
1	-0.391309647495345	-0.216141030618065
1	4.05365673950385	1.0273751426867
1	2.27249014564962	1.59547828125556
1	8.44197312053238	2.10720719887527
1	9.36400283597614	2.02260262759841
1	3.36792680397048	1.38541680289892
1	0.79992516820753	0.790678550497116
1	3.16740879637863	0.369315485197002
1	3.28890966910758	1.11926780181608
1	5.32597997545301	-0.36798736650357
1	4.15989975797296	1.45203844410155
1	4.62508436734321	0.96574892049251
1	4.06163627243618	1.33803182511946
1	0.608230779812249	0.402039810461963
1	4.8294839147249	1.55662650613109
1	-0.481188747435812	0.908499115440837
1	4.33324569925033	0.0627640754401372
1	5.80102519021506	2.06733159243792
1	5.0932953605025	-0.257615397608468
1	4.9165814307334	1.31840458313051
1	-0.456534962971283	-0.152162137526261
1	5.14135177202561	1.29603737213164
1	2.12915515192639	1.33397528709051
1	0.634625729080186	0.914947233392393
1	1.22970245596479	-0.3072164756831
1	-0.0726205702199358	-0.225340000418981
1	3.66227344242316	1.16876201265185
1	1.48475845529359	0.0304058909363306
1	-0.942749875683684	-0.508300068602007
1	2.25470562571975	1.03747822503953
1	1.45455469746355	0.220869086851798
1	5.9562077797599	1.13935809274788
1	1.00075348787141	1.35872961374862
1	2.64536948709188	0.0898717668589946
1	5.4497472115574	1.71922383788332
1	3.85947233973299	0.224964418261885
1	4.66148062656714	1.95728169852106
1	5.26710653607515	1.5934467540268
1	5.67437130499998	1.89376324930609
1	3.47718344743641	1.61066649213963
1	8.06212934832508	2.14172447604384
1	4.46707568019753	0.427262696595246
1	2.14281202288332	-0.260401199904715
1	4.50017884441262	0.0257212295468858
1	2.33311989580417	-0.0283386909987883
1	0.715168861366957	0.976891371491752
1	2.39296467924709	1.10970469004513
1	-1.31444668642128	-0.0681953400553596
1	1.42359898546132	0.537047970001172
1	0.830923077088873	0.390714589482453
1	3.96504811467462	1.27689353514109
1	2.55659582756871	1.5206435765391
1	0.359953177768052	-0.602541390782513
1	0.889871125530858	0.453110953902137
1	8.25532572744072	1.68831794175273
1	6.65718086356884	1.93470912456469
1	4.95164025311545	0.909754686090059
1	1.22392389665647	-0.400899598662513
1	5.77178635818156	0.555188266043208
1	-1.12849707742495	-0.55400903983916
1	0.68595546797413	0.164212040038134
1	6.7242030045847	1.26652001518615
1	2.10976515007462	1.04684119082783
1	4.69596914872965	1.87934117211674
1	5.13591868823264	2.27649641556056
1	1.06661786634053	0.211901139258463
1	4.82266797955946	2.011675300856
1	4.31067057087092	1.0033130546687
1	1.80473276463716	0.433690859481172
1	-0.962946644494261	-0.600056661445635
1	5.71251618320364	0.858394521285602
1	2.66474403668948	0.891440500010374
1	4.60023293070514	1.80518858754525
1	1.27069285052165	0.0965320796511567
1	4.70195967878535	0.980944111749142
1	2.78585248912112	0.812616460030225
1	4.67946097736106	1.70496141490466
1	3.26473018609395	1.64291077428937
1	1.77718747762825	0.564149111461583
1	2.67108769117817	0.625396732098201
1	4.35982474578546	2.08844087201065
1	6.84974890775299	2.21047823478463
1	-0.893561116752308	0.425771950139636
1	1.0414245237707	-0.414244684632819
1	-0.661454181204971	0.557153101666235
1	2.03264325827361	0.666458458549319
1	1.78727384762591	0.768949363067557
1	-1.21476090462747	-0.580237996715804
1	2.84035551031012	0.82298504630356
1	-1.92544732339913	0.30823478585829
1	4.74391931814099	0.547017182617207
1	1.23684306104109	1.61290227926143
1	3.52394363702012	1.55618817007472
1	-0.60769795026067	0.171509184378336
1	1.78293700919429	0.984837246379933
1	9.12357248076193	1.80023808146229
1	1.55460162166328	0.120404408420649
1	2.79747309673443	2.00637514181472
1	-2.468480763009	-0.225943896049769
1	3.21250437248829	0.508505592709203
1	2.61992310149195	0.677453774298343
1	3.39119933659318	1.34866313712365
1	1.42248703238835	0.983189616376151
1	0.0224335439709509	0.844148155011393
1	2.76441723998846	1.78336956879048
1	4.82227399060934	0.758360596369091
1	4.30581213615538	2.09369762218085
1	1.56461070933343	1.49861365555462
1	8.46238412942214	1.68981275079749
1	5.14145786889453	1.47793930225526
1	0.152141180491686	-0.315727059358113
1	5.43955415746924	1.00345713870029
1	3.0929359640409	0.0225759035076802
1	-0.522200305679872	-0.273185213368923
1	7.93345967206466	1.1007698350699
1	5.10709505665504	2.12739961427932
1	1.13808574947018	1.32894211549563
1	1.36884511637092	0.187919464092205
1	4.38938467747954	1.32268844413225
1	6.83347206322215	0.462160471470042
1	1.16791741174778	-0.155613091797858
1	1.77720762258611	-0.201217473774801
1	3.4975384431208	1.16473638985197
1	3.04903500163892	1.19666950244425
1	0.557875387409282	-0.316759588594296
1	3.70938463379437	0.421303914324285
1	5.7040181250073	0.136920327085101
1	4.42296419835094	0.535960090468415
1	2.99732712778944	-0.339202137800963
1	1.77497222628881	1.45166583412736
1	6.82023048077642	1.7528226133936
1	1.12114394749595	-0.290325039525295
1	0.0454630274296597	0.835629500900743
1	1.77970022714975	-0.262718082108566
1	4.54732905591619	1.758895965879
1	4.38055630961751	0.0868860505520871
1	0.120842644778862	0.185647795898418
1	-0.5227724176263	-0.458651458165952
1	0.86190148314876	0.705412090591318
1	1.37532887078729	0.22313448016897
1	4.47059296001707	1.17194916413089
1	3.93126489666456	2.01846759134201
1	2.09693380443249	-0.410385485656983
1	1.88443942552515	1.48251816662471
1	0.360592221502674	0.579252020290711
1	8.22015178402632	1.99058413973288
1	-1.07473712331055	-0.15529708777985
1	4.91616731797472	1.38044412604145
1	0.54073987584485	0.0141514902429494
1	3.15404039966274	1.56977465354055
1	4.13454325062342	1.25031964341832
1	0.891622595068527	0.648866840130377
1	3.74131486430693	-0.355967508880053
1	5.44892395740599	1.76102095210851
1	-1.03127487804221	-0.326549172965533
1	1.30680649322486	-0.465236306958962
1	3.51186265533736	0.385355831542986
1	3.3768784399137	0.480290969883957
1	5.0185056028819	2.18019527589887
1	7.78771488750589	1.74815875123158
1	5.72034595764889	1.83630441457256
1	0.635381758969696	0.306776772666634
1	-0.734022083637422	1.21442408861222
1	3.63081331629488	0.0586245473868738
1	2.92393732945823	0.874053796135201
1	1.66190842421557	0.215101907895011
1	1.9362358523877	-0.60675570480396
1	5.36223131359011	1.22661479549133
1	2.52313131451625	0.0358410081113729
1	2.22972335658098	-0.435362730395052
1	6.29141747376619	1.72967751497388
1	2.23908737021511	0.412694475081257
1	1.26796603250535	1.98912248496055
1	5.63632748342423	1.56464491055442
1	3.57105796567967	1.2084003327866
1	5.60806698763597	2.32520573735937
1	0.764167489781314	1.21956508451068
1	-0.17444518454006	-0.240557824227348
1	4.79378914027332	1.34552791080087
1	5.82487841023188	0.920853938541514
1	2.19702959276348	0.568827343689301
1	3.81409538082551	0.886512364186023
1	4.77508431036792	1.80735727081644
1	-1.71835902529914	-0.113760318571968
1	1.15921044424645	0.362377097841025
1	0.445980928220179	-0.0144813649196331
1	5.23371145125049	2.04189235665581
1	3.8577850677264	0.196846920753132
1	5.05870491905393	1.13301152338976
1	0.745275042797688	-0.0945027974016949
1	1.61091547680743	0.426518285104818
1	2.69633017707296	0.019398494699277
1	3.7951085274993	0.708245374221095
1	1.44417112971472	0.778110122677687
1	-0.151127704060958	0.000151625774405528
1	6.5891767102709	2.29541955887963
1	4.67368545881144	0.935386316479016
1	1.38142514367834	0.171070068428426
1	3.60582611401275	0.289671563178431
1	3.93049402792093	0.934219072742697
1	-0.391309647495345	-0.215144798161833
1	4.05365673950385	1.05264178431916
1	2.27249014564962	1.63183291347741
1	8.44197312053238	2.15354953409976
1	9.36400283597614	2.06729368750606
1	3.36792680397048	1.41767154632052
1	0.79992516820753	0.811325450733055
1	3.16740879637863	0.381738403931031
1	3.28890966910758	1.14632796450218
1	5.32597997545301	-0.369954804953249
1	4.15989975797296	1.48559347981261
1	4.62508436734321	0.989812768256465
1	4.06163627243618	1.36936172910253
1	0.608230779812249	0.415101428379201
1	4.8294839147249	1.59222284626175
1	-0.481188747435812	0.931445586347383
1	4.33324569925033	0.0692038567545894
1	5.80102519021506	2.11289565287583
1	5.0932953605025	-0.257428643853673
1	4.9165814307334	1.34935141111963
1	-0.456534962971283	-0.14991719279164
1	5.14135177202561	1.32654764660041
1	2.12915515192639	1.36522601732424
1	0.634625729080186	0.938019555867629
1	1.22970245596479	-0.307997814250943
1	-0.0726205702199358	-0.224523309464389
1	3.66227344242316	1.19678818187219
1	1.48475845529359	0.0362141192441017
1	-0.942749875683684	-0.513006069497159
1	2.25470562571975	1.06294205425018
1	1.45455469746355	0.230394693185779
1	5.9562077797599	1.1668103690163
1	1.00075348787141	1.39046348819051
1	2.64536948709188	0.0968406243340005
1	5.4497472115574	1.75799368219294
1	3.85947233973299	0.234569955497586
1	4.66148062656714	2.00069785287419
1	5.26710653607515	1.62976173578157
1	5.67437130499998	1.93593967812466
1	3.47718344743641	1.64731756127218
1	8.06212934832508	2.18874050450893
1	4.46707568019753	0.440816603861188
1	2.14281202288332	-0.260268818230529
1	4.50017884441262	0.0314380246660786
1	2.33311989580417	-0.0236770139551337
1	0.715168861366957	1.0011726927802
1	2.39296467924709	1.1365782040646
1	-1.31444668642128	-0.0643115677963492
1	1.42359898546132	0.552744618603566
1	0.830923077088873	0.403555166650013
1	3.96504811467462	1.30703016850496
1	2.55659582756871	1.55553761746103
1	0.359953177768052	-0.609086752917778
1	0.889871125530858	0.467169356240036
1	8.25532572744072	1.72648457819007
1	6.65718086356884	1.97768471721236
1	4.95164025311545	0.932725662679813
1	1.22392389665647	-0.403509403780634
1	5.77178635818156	0.571238969073659
1	-1.12849707742495	-0.559607168604271
1	0.68595546797413	0.172631838712831
1	6.7242030045847	1.29645418268804
1	2.10976515007462	1.07248776234264
1	4.69596914872965	1.92123611708968
1	5.13591868823264	2.32614286427089
1	1.06661786634053	0.221251713082025
1	4.82266797955946	2.05615308594107
1	4.31067057087092	1.02811006290646
1	1.80473276463716	0.44737022884149
1	-0.962946644494261	-0.606553527711692
1	5.71251618320364	0.880363072461097
1	2.66474403668948	0.914054028261758
1	4.60023293070514	1.84563625454332
1	1.27069285052165	0.103630930221691
1	4.70195967878535	1.00530453266367
1	2.78585248912112	0.833691534866759
1	4.67946097736106	1.74345289143028
1	3.26473018609395	1.68019117333187
1	1.77718747762825	0.580374708385284
1	2.67108769117817	0.642817733509461
1	4.35982474578546	2.13441693420909
1	6.84974890775299	2.25883616928429
1	-0.893561116752308	0.439296761663013
1	1.0414245237707	-0.417114953349199
1	-0.661454181204971	0.573242153505939
1	2.03264325827361	0.684680884922992
1	1.78727384762591	0.789172162450363
1	-1.21476090462747	-0.58634805088191
1	2.84035551031012	0.844262490708609
1	-1.92544732339913	0.319465558002234
1	4.74391931814099	0.562908405986339
1	1.23684306104109	1.64959698551704
1	3.52394363702012	1.5917759549524
1	-0.60769795026067	0.180071405550429
1	1.78293700919429	1.00927365180717
1	9.12357248076193	1.84058912663039
1	1.55460162166328	0.127969188747196
1	2.79747309673443	2.05074948069507
1	-2.468480763009	-0.225138991668101
1	3.21250437248829	0.523645163574605
1	2.61992310149195	0.695890802474534
1	3.39119933659318	1.38020053844207
1	1.42248703238835	1.00759386407579
1	0.0224335439709509	0.865838651790675
1	2.76441723998846	1.82339138164659
1	4.82227399060934	0.778376728797369
1	4.30581213615538	2.1397762833485
1	1.56461070933343	1.53307772603636
1	8.46238412942214	1.72800856226924
1	5.14145786889453	1.51199985967879
1	0.152141180491686	-0.316674503805844
1	5.43955415746924	1.02825695910767
1	3.0929359640409	0.0282313095178265
1	-0.522200305679872	-0.273302344523241
1	7.93345967206466	1.12746896246631
1	5.10709505665504	2.17413605630727
1	1.13808574947018	1.36009461046979
1	1.36884511637092	0.196801973984222
1	4.38938467747954	1.35371888266188
1	6.83347206322215	0.476395498365736
1	1.16791741174778	-0.153435501291529
1	1.77720762258611	-0.199929969810626
1	3.4975384431208	1.19268398871299
1	3.04903500163892	1.2252403579428
1	0.557875387409282	-0.3177271854997
1	3.70938463379437	0.434741520663056
1	5.7040181250073	0.144807457946777
1	4.42296419835094	0.551635506310061
1	2.99732712778944	-0.340607758645176
1	1.77497222628881	1.4852135973986
1	6.82023048077642	1.79224822402694
1	1.12114394749595	-0.290776698370491
1	0.0454630274296597	0.857153734284876
1	1.77970022714975	-0.262630920336066
1	4.54732905591619	1.79844011357125
1	4.38055630961751	0.0937966341115555
1	0.120842644778862	0.194485968356183
1	-0.5227724176263	-0.462388439022456
1	0.86190148314876	0.724394797055315
1	1.37532887078729	0.232704301466885
1	4.47059296001707	1.20003753879106
1	3.93126489666456	2.06307794540598
1	2.09693380443249	-0.41318043220205
1	1.88443942552515	1.51666809233648
1	0.360592221502674	0.595772389236604
1	8.22015178402632	2.03465027668546
1	-1.07473712331055	-0.153113329644194
1	4.91616731797472	1.41260181491351
1	0.54073987584485	0.0196424722098913
1	3.15404039966274	1.60441636196056
1	4.13454325062342	1.27899024839491
1	0.891622595068527	0.666295370977669
1	3.74131486430693	-0.357320871104808
1	5.44892395740599	1.79923734677772
1	-1.03127487804221	-0.327352661432442
1	1.30680649322486	-0.46863207038512
1	3.51186265533736	0.397858938024093
1	3.3768784399137	0.494568559511323
1	5.0185056028819	2.22624668072247
1	7.78771488750589	1.78613473166556
1	5.72034595764889	1.87592797246572
1	0.635381758969696	0.317811116179028
1	-0.734022083637422	1.24242375068882
1	3.63081331629488	0.0650205457179099
1	2.92393732945823	0.895691416105559
1	1.66190842421557	0.224422707767868
1	1.9362358523877	-0.612796682538887
1	5.36223131359011	1.25484232055181
1	2.52313131451625	0.0418111471961595
1	2.22972335658098	-0.438200110918341
1	6.29141747376619	1.76730805279479
1	2.23908737021511	0.425708582684267
1	1.26796603250535	2.03160244665831
1	5.63632748342423	1.59919073622087
1	3.57105796567967	1.23628740164033
1	5.60806698763597	2.37396760981792
1	0.764167489781314	1.247660839675
1	-0.17444518454006	-0.239754002674737
1	4.79378914027332	1.37597810412386
1	5.82487841023188	0.943366324856492
1	2.19702959276348	0.584759813752866
1	3.81409538082551	0.908382853875845
1	4.77508431036792	1.84643976225491
1	-1.71835902529914	-0.110586457424903
1	1.15921044424645	0.374450696593076
1	0.445980928220179	-0.00945182806478717
1	5.23371145125049	2.08535866808234
1	3.8577850677264	0.205826506955429
1	5.05870491905393	1.159489459924
1	0.745275042797688	-0.090968983687514
1	1.61091547680743	0.439790780890882
1	2.69633017707296	0.0250612980236511
1	3.7951085274993	0.726783780819714
1	1.44417112971472	0.797954408435702
1	-0.151127704060958	0.00545467563844593
1	6.5891767102709	2.34362468203937
1	4.67368545881144	0.958170335196661
1	1.38142514367834	0.179567845778774
1	3.60582611401275	0.300386184125708
1	3.93049402792093	0.956981273887062
1	-0.391309647495345	-0.213865968227324
1	4.05365673950385	1.0776174873291
1	2.27249014564962	1.66763458582931
1	8.44197312053238	2.19910288919627
1	9.36400283597614	2.111234788713
1	3.36792680397048	1.44947021469264
1	0.79992516820753	0.831790581847822
1	3.16740879637863	0.394173895149313
1	3.28890966910758	1.1730548057174
1	5.32597997545301	-0.371569611165735
1	4.15989975797296	1.51866171315666
1	4.62508436734321	1.01361410072198
1	4.06163627243618	1.40025741299545
1	0.608230779812249	0.428160525626042
1	4.8294839147249	1.62728414578727
1	-0.481188747435812	0.954155946782914
1	4.33324569925033	0.0757975985818706
1	5.80102519021506	2.15768912466335
1	5.0932953605025	-0.256940163760648
1	4.9165814307334	1.37987307151997
1	-0.456534962971283	-0.14741915900466
1	5.14135177202561	1.35664306971371
1	2.12915515192639	1.39604439842942
1	0.634625729080186	0.960852793862739
1	1.22970245596479	-0.30845454940865
1	-0.0726205702199358	-0.223419778271043
1	3.66227344242316	1.22445820183917
1	1.48475845529359	0.0421912323474475
1	-0.942749875683684	-0.517294722953354
1	2.25470562571975	1.08811028508189
1	1.45455469746355	0.24000133863944
1	5.9562077797599	1.19392005774447
1	1.00075348787141	1.42175359628202
1	2.64536948709188	0.103950939678145
1	5.4497472115574	1.7961534925506
1	3.85947233973299	0.244254642999039
1	4.66148062656714	2.04339417592806
1	5.26710653607515	1.66552469464994
1	5.67437130499998	1.97742557170339
1	3.47718344743641	1.68340866540896
1	8.06212934832508	2.23495163274385
1	4.46707568019753	0.45435635712532
1	2.14281202288332	-0.259833425346859
1	4.50017884441262	0.0373258652462918
1	2.33311989580417	-0.0188193578655929
1	0.715168861366957	1.02518635963488
1	2.39296467924709	1.16312280732369
1	-1.31444668642128	-0.0602134337574107
1	1.42359898546132	0.56837647790162
1	0.830923077088873	0.416398446579907
1	3.96504811467462	1.33676078005804
1	2.55659582756871	1.58991321387007
1	0.359953177768052	-0.615171301512382
1	0.889871125530858	0.481201682810226
1	8.25532572744072	1.76405543513192
1	6.65718086356884	2.01995088951186
1	4.95164025311545	0.955459949702669
1	1.22392389665647	-0.405751396840258
1	5.77178635818156	0.587216516109506
1	-1.12849707742495	-0.564766867980951
1	0.68595546797413	0.181158807941933
1	6.7242030045847	1.32598711286713
1	2.10976515007462	1.09783441707962
1	4.69596914872965	1.96244717859145
1	5.13591868823264	2.37492225306679
1	1.06661786634053	0.230687462233387
1	4.82266797955946	2.09988595224087
1	4.31067057087092	1.05262723046835
1	1.80473276463716	0.461032479394588
1	-0.962946644494261	-0.612590726447093
1	5.71251618320364	0.902118622469806
1	2.66474403668948	0.936439313838291
1	4.60023293070514	1.88543423881897
1	1.27069285052165	0.110868166783482
1	4.70195967878535	1.02939542993445
1	2.78585248912112	0.854574722351767
1	4.67946097736106	1.78134091213669
1	3.26473018609395	1.71689673563003
1	1.77718747762825	0.596523016381934
1	2.67108769117817	0.660133197288686
1	4.35982474578546	2.17961267170854
1	6.84974890775299	2.30635749285828
1	-0.893561116752308	0.452808106748541
1	1.0414245237707	-0.419611254969666
1	-0.661454181204971	0.589257143127072
1	2.03264325827361	0.70277883512327
1	1.78727384762591	0.809223214675282
1	-1.21476090462747	-0.59200757830695
1	2.84035551031012	0.865343265549669
1	-1.92544732339913	0.330737074347764
1	4.74391931814099	0.578730242038292
1	1.23684306104109	1.6857306955843
1	3.52394363702012	1.62682890139484
1	-0.60769795026067	0.188737431678794
1	1.78293700919429	1.03343873799417
1	9.12357248076193	1.88029277235474
1	1.55460162166328	0.135661344639358
1	2.79747309673443	2.09438134533621
1	-2.468480763009	-0.224046968518173
1	3.21250437248829	0.538733109486988
1	2.61992310149195	0.714198283203906
1	3.39119933659318	1.41129881628318
1	1.42248703238835	1.03172755245719
1	0.0224335439709509	0.887322718130226
1	2.76441723998846	1.86277357517567
1	4.82227399060934	0.798225997832117
1	4.30581213615538	2.18507219529219
1	1.56461070933343	1.56703351267321
1	8.46238412942214	1.7656079048078
1	5.14145786889453	1.54556166870877
1	0.152141180491686	-0.317293419581282
1	5.43955415746924	1.05277687238456
1	3.0929359640409	0.0340592116802434
1	-0.522200305679872	-0.273110568209229
1	7.93345967206466	1.15384330004744
1	5.10709505665504	2.22007420503589
1	1.13808574947018	1.39081707772117
1	1.36884511637092	0.205780720062564
1	4.38938467747954	1.38432217779492
1	6.83347206322215	0.490600275663793
1	1.16791741174778	-0.151003230079349
1	1.77720762258611	-0.198366751429918
1	3.4975384431208	1.22027729502351
1	3.04903500163892	1.2534421926603
1	0.557875387409282	-0.318365777508372
1	3.70938463379437	0.448167721317104
1	5.7040181250073	0.152814346881193
1	4.42296419835094	0.56724663460054
1	2.99732712778944	-0.341674023611753
1	1.77497222628881	1.51827473015847
1	6.82023048077642	1.83104830423863
1	1.12114394749595	-0.290911544495078
1	0.0454630274296597	0.878475466213692
1	1.77970022714975	-0.262239678758742
1	4.54732905591619	1.83735592968254
1	4.38055630961751	0.100850052616011
1	0.120842644778862	0.203421424741947
1	-0.5227724176263	-0.465730971434846
1	0.86190148314876	0.743235061102524
1	1.37532887078729	0.242354117036911
1	4.47059296001707	1.22776829421585
1	3.93126489666456	2.10694024793588
1	2.09693380443249	-0.415603191595832
1	1.88443942552515	1.5503171577851
1	0.360592221502674	0.612208503472753
1	8.22015178402632	2.07798122254477
1	-1.07473712331055	-0.15067503655046
1	4.91616731797472	1.44430572224041
1	0.54073987584485	0.0253098358476354
1	3.15404039966274	1.63854298374173
1	4.13454325062342	1.3072866628855
1	0.891622595068527	0.683614983078062
1	3.74131486430693	-0.358339968249224
1	5.44892395740599	1.83685430531643
1	-1.03127487804221	-0.327834859824009
1	1.30680649322486	-0.471645375549466
1	3.51186265533736	0.41036934771809
1	3.3768784399137	0.508811581054093
1	5.0185056028819	2.27151377189692
1	7.78771488750589	1.82351694886371
1	5.72034595764889	1.91491889033457
1	0.635381758969696	0.328887420326291
1	-0.734022083637422	1.27006505407237
1	3.63081331629488	0.0715679526271964
1	2.92393732945823	0.917120798255077
1	1.66190842421557	0.233825901624107
1	1.9362358523877	-0.618392784650945
1	5.36223131359011	1.28270611018812
1	2.52313131451625	0.047942743576325
1	2.22972335658098	-0.440668208969448
1	6.29141747376619	1.80435297855923
1	2.23908737021511	0.438717935746879
1	1.26796603250535	2.07338236767276
1	5.63632748342423	1.63322373772999
1	3.57105796567967	1.26381876858833
1	5.60806698763597	2.42188121152697
1	0.764167489781314	1.27539596870166
1	-0.17444518454006	-0.238666817671288
1	4.79378914027332	1.40601211519935
1	5.82487841023188	0.965649832071549
1	2.19702959276348	0.600618666619879
1	3.81409538082551	0.930039610873083
1	4.77508431036792	1.884902380854
1	-1.71835902529914	-0.107185157073516
1	1.15921044424645	0.386541733365964
1	0.445980928220179	-0.00423863914992506
1	5.23371145125049	2.12810166458765
1	3.8577850677264	0.214896538532938
1	5.05870491905393	1.18564494490977
1	0.745275042797688	-0.0872162243301076
1	1.61091547680743	0.453052425122608
1	2.69633017707296	0.0308928106407412
1	3.7951085274993	0.745187079672202
1	1.44417112971472	0.817632772486417
1	-0.151127704060958	0.010934923658109
1	6.5891767102709	2.39099467169217
1	4.67368545881144	0.980719065285414
1	1.38142514367834	0.18816743742706
1	3.60582611401275	0.311150309988377
1	3.93049402792093	0.979508701217285
1	-0.391309647495345	-0.212314983298539
1	4.05365673950385	1.10230618599497
1	2.27249014564962	1.70289380064569
1	8.44197312053238	2.24388368279147
1	9.36400283597614	2.15444137170036
1	3.36792680397048	1.48082088174925
1	0.79992516820753	0.852075141580719
1	3.16740879637863	0.406618285052829
1	3.28890966910758	1.19945332214609
1	5.32597997545301	-0.372843983178152
1	4.15989975797296	1.55125198810574
1	4.62508436734321	1.03715613968333
1	4.06163627243618	1.43072640269648
1	0.608230779812249	0.441213806741811
1	4.8294839147249	1.66182045786196
1	-0.481188747435812	0.976632756654998
1	4.33324569925033	0.0825380829657643
1	5.80102519021506	2.20172796541014
1	5.0932953605025	-0.256160879314295
1	4.9165814307334	1.40997686331176
1	-0.456534962971283	-0.144677738965056
1	5.14135177202561	1.38633068185598
1	2.12915515192639	1.42643790940513
1	0.634625729080186	0.983449581834432
1	1.22970245596479	-0.308598176598011
1	-0.0726205702199358	-0.222039955675727
1	3.66227344242316	1.25177764145852
1	1.48475845529359	0.0483296381848989
1	-0.942749875683684	-0.521179849216117
1	2.25470562571975	1.11298696861869
1	1.45455469746355	0.249683633168608
1	5.9562077797599	1.22069238788821
1	1.00075348787141	1.4526077032164
1	2.64536948709188	0.111195808337521
1	5.4497472115574	1.83371520196009
1	3.85947233973299	0.254013138069751
1	4.66148062656714	2.08538535296375
1	5.26710653607515	1.70074610947909
1	5.67437130499998	2.01823488096243
1	3.47718344743641	1.71895048248106
1	8.06212934832508	2.28037467844261
1	4.46707568019753	0.467878952538323
1	2.14281202288332	-0.259105975446322
1	4.50017884441262	0.0433771050649081
1	2.33311989580417	-0.0137739939600424
1	0.715168861366957	1.04893572267218
1	2.39296467924709	1.18934338594397
1	-1.31444668642128	-0.0559096699662676
1	1.42359898546132	0.583941813315232
1	0.830923077088873	0.429241002876282
1	3.96504811467462	1.36609218885561
1	2.55659582756871	1.62378000290824
1	0.359953177768052	-0.620809946371547
1	0.889871125530858	0.495205228604904
1	8.25532572744072	1.80104208826727
1	6.65718086356884	2.06152206577415
1	4.95164025311545	0.977960121582327
1	1.22392389665647	-0.407638156389315
1	5.77178635818156	0.603119382297496
1	-1.12849707742495	-0.569502486673492
1	0.68595546797413	0.189786902647645
1	6.7242030045847	1.35512550484649
1	2.10976515007462	1.12288531437156
1	4.69596914872965	2.0029881408031
1	5.13591868823264	2.42285295779185
1	1.06661786634053	0.240202892986532
1	4.82266797955946	2.14288921390157
1	4.31067057087092	1.07686821344186
1	1.80473276463716	0.47467468160958
1	-0.962946644494261	-0.618183138730161
1	5.71251618320364	0.923663151941069
1	2.66474403668948	0.958598719426415
1	4.60023293070514	1.92459546724708
1	1.27069285052165	0.118236961785026
1	4.70195967878535	1.05322020103313
1	2.78585248912112	0.875267473857046
1	4.67946097736106	1.81863724513439
1	3.26473018609395	1.75303851190336
1	1.77718747762825	0.612592614198015
1	2.67108769117817	0.677342410289346
1	4.35982474578546	2.22404428617105
1	6.84974890775299	2.35305981808894
1	-0.893561116752308	0.466302964311821
1	1.0414245237707	-0.421746322329756
1	-0.661454181204971	0.605196568392589
1	2.03264325827361	0.720752070733825
1	1.78727384762591	0.829103466262231
1	-1.21476090462747	-0.597231230938141
1	2.84035551031012	0.886228942073698
1	-1.92544732339913	0.342044954918712
1	4.74391931814099	0.594481071450812
1	1.23684306104109	1.72131411324313
1	3.52394363702012	1.66135705748861
1	-0.60769795026067	0.19750130205069
1	1.78293700919429	1.05733594742262
1	9.12357248076193	1.91936188827554
1	1.55460162166328	0.143474324542685
1	2.79747309673443	2.13728598860714
1	-2.468480763009	-0.222678382418636
1	3.21250437248829	0.553767365876993
1	2.61992310149195	0.732376105191149
1	3.39119933659318	1.44196561945788
1	1.42248703238835	1.05559410495315
1	0.0224335439709509	0.908602169951739
1	2.76441723998846	1.90152882399466
1	4.82227399060934	0.817909227572501
1	4.30581213615538	2.22960162044927
1	1.56461070933343	1.6004903979109
1	8.46238412942214	1.80262237138419
1	5.14145786889453	1.57863387276692
1	0.152141180491686	-0.317595400520304
1	5.43955415746924	1.07702053628426
1	3.0929359640409	0.0400519274080057
1	-0.522200305679872	-0.272620986420339
1	7.93345967206466	1.17989763063562
1	5.10709505665504	2.26523071254404
1	1.13808574947018	1.42111693805843
1	1.36884511637092	0.214849931339963
1	4.38938467747954	1.41450567803899
1	6.83347206322215	0.504772202981317
1	1.16791741174778	-0.148326020858848
1	1.77720762258611	-0.196538088579775
1	3.4975384431208	1.24752183114747
1	3.04903500163892	1.28128089815154
1	0.557875387409282	-0.318686970393652
1	3.70938463379437	0.46157944354537
1	5.7040181250073	0.160934633280702
1	4.42296419835094	0.582791728182361
1	2.99732712778944	-0.342412797940862
1	1.77497222628881	1.55085807207113
1	6.82023048077642	1.86923517548064
1	1.12114394749595	-0.290740878052544
1	0.0454630274296597	0.899596414121489
1	1.77970022714975	-0.26155533835557
1	4.54732905591619	1.87565580588119
1	4.38055630961751	0.108039366992545
1	0.120842644778862	0.212448367804826
1	-0.5227724176263	-0.468692301642219
1	0.86190148314876	0.761933094674341
1	1.37532887078729	0.252078563025947
1	4.47059296001707	1.25514703615884
1	3.93126489666456	2.15006989160612
1	2.09693380443249	-0.417666452056202
1	1.88443942552515	1.58347455933025
1	0.360592221502674	0.628559116356098
1	8.22015178402632	2.12059204761402
1	-1.07473712331055	-0.147991947542736
1	4.91616731797472	1.47556386426509
1	0.54073987584485	0.0311458011714167
1	3.15404039966274	1.6721641004342
1	4.13454325062342	1.33521493888929
1	0.891622595068527	0.700825083181075
1	3.74131486430693	-0.35903649564044
1	5.44892395740599	1.87388352229078
1	-1.03127487804221	-0.328007138434079
1	1.30680649322486	-0.47428912505333
1	3.51186265533736	0.422883555930017
1	3.3768784399137	0.523017578723714
1	5.0185056028819	2.31601287530444
1	7.78771488750589	1.86031695528202
1	5.72034595764889	1.9532896945269
1	0.635381758969696	0.34000131221988
1	-0.734022083637422	1.29735365416416
1	3.63081331629488	0.0782596534757392
1	2.92393732945823	0.938343837348192
1	1.66190842421557	0.243306103690447
1	1.9362358523877	-0.623558477341677
1	5.36223131359011	1.31021195449254
1	2.52313131451625	0.0542284308852149
1	2.22972335658098	-0.442779597086604
1	6.29141747376619	1.84082364053024
1	2.23908737021511	0.451719331629609
1	1.26796603250535	2.11447646278714
1	5.63632748342423	1.6667534399551
1	3.57105796567967	1.29100002247745
1	5.60806698763597	2.46896447054053
1	0.764167489781314	1.30277618379307
1	-0.17444518454006	-0.237306689421365
1	4.79378914027332	1.43563704795066
1	5.82487841023188	0.987706872030153
1	2.19702959276348	0.616402424710393
1	3.81409538082551	0.951484667592703
1	4.77508431036792	1.92275733313425
1	-1.71835902529914	-0.103565436779189
1	1.15921044424645	0.398646449580434
1	0.445980928220179	0.00115027946332924
1	5.23371145125049	2.17013614399154
1	3.8577850677264	0.224051428019165
1	5.05870491905393	1.2114827342483
1	0.745275042797688	-0.083253325820985
1	1.61091547680743	0.466300167895138
1	2.69633017707296	0.0368854845160943
1	3.7951085274993	0.763455333581524
1	1.44417112971472	0.837146049544901
1	-0.151127704060958	0.016584609146762
1	6.5891767102709	2.43754712679458
1	4.67368545881144	1.00303507915209
1	1.38142514367834	0.196862971107022
1	3.60582611401275	0.321959378888188
1	3.93049402792093	1.0018039142437
1	-0.391309647495345	-0.210501982799867
1	4.05365673950385	1.12671174823979
1	2.27249014564962	1.73762082513751
1	8.44197312053238	2.28790794636776
1	9.36400283597614	2.19692851493867
1	3.36792680397048	1.51173144850442
1	0.79992516820753	0.872180331631799
1	3.16740879637863	0.419068028978878
1	3.28890966910758	1.22552841681836
1	5.32597997545301	-0.373789770858569
1	4.15989975797296	1.58337295612051
1	4.62508436734321	1.06044205888692
1	4.06163627243618	1.46077606546077
1	0.608230779812249	0.45425809568064
1	4.8294839147249	1.69584161205849
1	-0.481188747435812	0.998878544830655
1	4.33324569925033	0.089418312154506
1	5.80102519021506	2.24502775742751
1	5.0932953605025	-0.255101397118986
1	4.9165814307334	1.43966993266291
1	-0.456534962971283	-0.14170235141935
1	5.14135177202561	1.41561737724397
1	2.12915515192639	1.45641387181243
1	0.634625729080186	1.0058125212833
1	1.22970245596479	-0.308439861145149
1	-0.0726205702199358	-0.220394084722847
1	3.66227344242316	1.27875196127832
1	1.48475845529359	0.054621974512181
1	-0.942749875683684	-0.524674878678813
1	2.25470562571975	1.13757608658782
1	1.45455469746355	0.25943635996484
1	5.9562077797599	1.24713248878084
1	1.00075348787141	1.48303340939504
1	2.64536948709188	0.118568537909711
1	5.4497472115574	1.87069047154027
1	3.85947233973299	0.263840270032349
1	4.66148062656714	2.12668572665682
1	5.26710653607515	1.73543622459624
1	5.67437130499998	2.05838123308609
1	3.47718344743641	1.75395345078413
1	8.06212934832508	2.32502606190079
1	4.46707568019753	0.481381498172655
1	2.14281202288332	-0.258097106513423
1	4.50017884441262	0.0495843291081902
1	2.33311989580417	-0.00854894619973867
1	0.715168861366957	1.07242408115047
1	2.39296467924709	1.21524473523375
1	-1.31444668642128	-0.0514087493416906
1	1.42359898546132	0.599438969571836
1	0.830923077088873	0.442079531922508
1	3.96504811467462	1.39503107347238
1	2.55659582756871	1.65714740882544
1	0.359953177768052	-0.626017179451783
1	0.889871125530858	0.509177392859221
1	8.25532572744072	1.83745585058149
1	6.65718086356884	2.10241233441043
1	4.95164025311545	1.00022872132894
1	1.22392389665647	-0.409181903029348
1	5.77178635818156	0.618946116702917
1	-1.12849707742495	-0.573827969955123
1	0.68595546797413	0.198510267819178
1	6.7242030045847	1.38387592035033
1	2.10976515007462	1.14764454141305
1	4.69596914872965	2.04287246845421
1	5.13591868823264	2.46995291685407
1	1.06661786634053	0.249792687515305
1	4.82266797955946	2.18517782630494
1	4.31067057087092	1.10083660870731
1	1.80473276463716	0.488294015967719
1	-0.962946644494261	-0.623345228528652
1	5.71251618320364	0.944998625348394
1	2.66474403668948	0.980534581739674
1	4.60023293070514	1.9631325692798
1	1.27069285052165	0.12573069784771
1	4.70195967878535	1.07678219086939
1	2.78585248912112	0.895771238197989
1	4.67946097736106	1.85535339088593
1	3.26473018609395	1.78862730365695
1	1.77718747762825	0.628582151836525
1	2.67108769117817	0.694444712426415
1	4.35982474578546	2.26772759768934
1	6.84974890775299	2.39896033973525
1	-0.893561116752308	0.479778425633082
1	1.0414245237707	-0.423532526354152
1	-0.661454181204971	0.62105900050029
1	2.03264325827361	0.73860039420151
1	1.78727384762591	0.848813874147036
1	-1.21476090462747	-0.602033249499726
1	2.84035551031012	0.906921085891023
1	-1.92544732339913	0.353384967020654
1	4.74391931814099	0.610159351247603
1	1.23684306104109	1.75635770197373
1	3.52394363702012	1.6953702478688
1	-0.60769795026067	0.206357243852601
1	1.78293700919429	1.08096866885564
1	9.12357248076193	1.95780904808092
1	1.55460162166328	0.151401779983797
1	2.79747309673443	2.17947830618704
1	-2.468480763009	-0.221043483216361
1	3.21250437248829	0.568745955961967
1	2.61992310149195	0.750424194737724
1	3.39119933659318	1.47220843497567
1	1.42248703238835	1.07919689176739
1	0.0224335439709509	0.929678811253284
1	2.76441723998846	1.93966951177959
1	4.82227399060934	0.837427255679233
1	4.30581213615538	2.27338043812611
1	1.56461070933343	1.63345755784757
1	8.46238412942214	1.83906329182177
1	5.14145786889453	1.61122541506908
1	0.152141180491686	-0.317591707814859
1	5.43955415746924	1.10099154931009
1	3.0929359640409	0.0462020062574592
1	-0.522200305679872	-0.271844381144121
1	7.93345967206466	1.20563664889421
1	5.10709505665504	2.30962183776765
1	1.13808574947018	1.45100145634745
1	1.36884511637092	0.224004019853325
1	4.38938467747954	1.44427657781669
1	6.83347206322215	0.518908781489999
1	1.16791741174778	-0.145413331249155
1	1.77720762258611	-0.194453952581066
1	3.4975384431208	1.2744230122871
1	3.04903500163892	1.30876224932312
1	0.557875387409282	-0.318702036978213
1	3.70938463379437	0.474973728298758
1	5.7040181250073	0.169162154712294
1	4.42296419835094	0.59826911952875
1	2.99732712778944	-0.342835607254933
1	1.77497222628881	1.58297227040004
1	6.82023048077642	1.90682087733875
1	1.12114394749595	-0.290275674098697
1	0.0454630274296597	0.920518286049607
1	1.77970022714975	-0.260588563209123
1	4.54732905591619	1.91335185016505
1	4.38055630961751	0.115357851206718
1	0.120842644778862	0.221561183992956
1	-0.5227724176263	-0.471285300780769
1	0.86190148314876	0.780489139003272
1	1.37532887078729	0.261872448143635
1	4.47059296001707	1.28217926106916
1	3.93126489666456	2.19248190830893
1	2.09693380443249	-0.419382541036641
1	1.88443942552515	1.61614929176553
1	0.360592221502674	0.644823048013435
1	8.22015178402632	2.16249746969772
1	-1.07473712331055	-0.145073516680582
1	4.91616731797472	1.50638408598787
1	0.54073987584485	0.0371428228424079
1	3.15404039966274	1.70528908182883
1	4.13454325062342	1.3627810073155
1	0.891622595068527	0.717925127653518
1	3.74131486430693	-0.359421813791336
1	5.44892395740599	1.9103364262272
1	-1.03127487804221	-0.327880541091893
1	1.30680649322486	-0.476575855670577
1	3.51186265533736	0.435398182373179
1	3.3768784399137	0.537184194194943
1	5.0185056028819	2.35975993181544
1	7.78771488750589	1.89654604098742
1	5.72034595764889	1.99105262398346
1	0.635381758969696	0.351148565682206
1	-0.734022083637422	1.32429509546356
1	3.63081331629488	0.0850887507672707
1	2.92393732945823	0.959362413852973
1	1.66190842421557	0.252858100924165
1	1.9362358523877	-0.628307820818441
1	5.36223131359011	1.33736552919544
1	2.52313131451625	0.0606610663654363
1	2.22972335658098	-0.444546490459444
1	6.29141747376619	1.87673112982723
1	2.23908737021511	0.464709684341851
1	1.26796603250535	2.15489861600408
1	5.63632748342423	1.69978915746623
1	3.57105796567967	1.31783664296228
1	5.60806698763597	2.51523488874325
1	0.764167489781314	1.3298070847906
1	-0.17444518454006	-0.235683736071208
1	4.79378914027332	1.46485985818866
1	5.82487841023188	1.00953982899635
1	2.19702959276348	0.632109682778948
1	3.81409538082551	0.972720038617247
1	4.77508431036792	1.96001654642508
1	-1.71835902529914	-0.0997360497334648
1	1.15921044424645	0.410761217587428
1	0.445980928220179	0.00670724330535422
1	5.23371145125049	2.21147655835579
1	3.8577850677264	0.233285765859398
1	5.05870491905393	1.23700749604583
1	0.745275042797688	-0.0790888340475809
1	1.61091547680743	0.47953107202895
1	2.69633017707296	0.0430319998913127
1	3.7951085274993	0.781588638114833
1	1.44417112971472	0.856495087261052
1	-0.151127704060958	0.0223962051565677
1	6.5891767102709	2.48329922858784
1	4.67368545881144	1.02512091749946
1	1.38142514367834	0.205648759780291
1	3.60582611401275	0.332808980512732
1	3.93049402792093	1.02386944110389
1	-0.391309647495345	-0.208436811310422
1	4.05365673950385	1.15083797700252
1	2.27249014564962	1.7718256971428
1	8.44197312053238	2.33119133395842
1	9.36400283597614	2.23871094393098
1	3.36792680397048	1.5422096473836
1	0.79992516820753	0.892107357208609
1	3.16740879637863	0.43151970769974
1	3.28890966910758	1.2512849011898
1	5.32597997545301	-0.374418485290854
1	4.15989975797296	1.61503308079508
1	4.62508436734321	1.08347498492746
1	4.06163627243618	1.49041361366639
1	0.608230779812249	0.467290332362386
1	4.8294839147249	1.72935721981891
1	-0.481188747435812	1.02089580959132
1	4.33324569925033	0.0964315025363874
1	5.80102519021506	2.28760371711631
1	5.0932953605025	-0.253772016932614
1	4.9165814307334	1.46895927654362
1	-0.456534962971283	-0.138502138782005
1	5.14135177202561	1.44450990736908
1	2.12915515192639	1.48597945350912
1	0.634625729080186	1.02794418125851
1	1.22970245596479	-0.307990447176918
1	-0.0726205702199358	-0.218492110949676
1	3.66227344242316	1.30538651595024
1	1.48475845529359	0.061061102588382
1	-0.942749875683684	-0.527792862349098
1	2.25470562571975	1.16188155280898
1	1.45455469746355	0.269254470609782
1	5.9562077797599	1.27324539236773
1	1.00075348787141	1.51303815435305
1	2.64536948709188	0.126062642288351
1	5.4497472115574	1.90709069722949
1	3.85947233973299	0.273731035414503
1	4.66148062656714	2.16730930561689
1	5.26710653607515	1.76960505554352
1	5.67437130499998	2.09787793957267
1	3.47718344743641	1.78842777484593
1	8.06212934832508	2.36892181597681
1	4.46707568019753	0.494861210767887
1	2.14281202288332	-0.256817148880074
1	4.50017884441262	0.0559403472213388
1	2.33311989580417	-0.00315199804398181
1	0.715168861366957	1.09565468395223
1	2.39296467924709	1.240831561694
1	-1.31444668642128	-0.0467188927673979
1	1.42359898546132	0.61486636829803
1	0.830923077088873	0.454910849344799
1	3.96504811467462	1.42358397529723
1	2.55659582756871	1.69002464815316
1	0.359953177768052	-0.630807086053805
1	0.889871125530858	0.523115675995877
1	8.25532572744072	1.8733077788225
1	6.65718086356884	2.14263545629761
1	4.95164025311545	1.02226826100375
1	1.22392389665647	-0.410394509054068
1	5.77178635818156	0.634695340041069
1	-1.12849707742495	-0.577756870486815
1	0.68595546797413	0.207323233230368
1	6.7242030045847	1.41224478691873
1	2.10976515007462	1.17211611478178
1	4.69596914872965	2.08211331476164
1	5.13591868823264	2.51623964222611
1	1.06661786634053	0.259451698978646
1	4.82266797955946	2.22676639502725
1	4.31067057087092	1.12453595512361
1	1.80473276463716	0.501887769757295
1	-0.962946644494261	-0.628091053873521
1	5.71251618320364	0.966126991078193
1	2.66474403668948	1.00224921184218
1	4.60023293070514	2.00105788431364
1	1.27069285052165	0.13334296196172
1	4.70195967878535	1.10008469280431
1	2.78585248912112	0.916087461349431
1	4.67946097736106	1.89150058880041
1	3.26473018609395	1.82367366929772
1	1.77718747762825	0.644490348357524
1	2.67108769117817	0.711439494949047
1	4.35982474578546	2.31067805433736
1	6.84974890775299	2.44407584522416
1	-0.893561116752308	0.493231691091041
1	1.0414245237707	-0.42498188579811
1	-0.661454181204971	0.636843081729431
1	2.03264325827361	0.756323647425549
1	1.78727384762591	0.868355405060667
1	-1.21476090462747	-0.606427474513959
1	2.84035551031012	0.927421256771115
1	-1.92544732339913	0.364753021068729
1	4.74391931814099	0.625763612466793
1	1.23684306104109	1.79087169084151
1	3.52394363702012	1.72887807916676
1	-0.60769795026067	0.215299666944098
1	1.78293700919429	1.10434023838124
1	9.12357248076193	1.99564653683589
1	1.55460162166328	0.159437559950303
1	2.79747309673443	2.22097284548321
1	-2.468480763009	-0.21915222307634
1	3.21250437248829	0.583666988117567
1	2.61992310149195	0.76834251441581
1	3.39119933659318	1.50203459189266
1	1.42248703238835	1.10253923090527
1	0.0224335439709509	0.950554434068226
1	2.76441723998846	1.9772077384645
1	4.82227399060934	0.856780932672181
1	4.30581213615538	2.31642415408919
1	1.56461070933343	1.66594396723756
1	8.46238412942214	1.87494173927392
1	5.14145786889453	1.6433450434698
1	0.152141180491686	-0.317293278994964
1	5.43955415746924	1.1246934519023
1	3.0929359640409	0.0525022235540332
1	-0.522200305679872	-0.270791223016295
1	7.93345967206466	1.23106496326465
1	5.10709505665504	2.35326345635063
1	1.13808574947018	1.48047774520726
1	1.36884511637092	0.233237575564092
1	4.38938467747954	1.47364192111336
1	6.83347206322215	0.533007610930473
1	1.16791741174778	-0.142274341538755
1	1.77720762258611	-0.192124024227731
1	3.4975384431208	1.30098614891312
1	3.04903500163892	1.3358919071098
1	0.557875387409282	-0.318421926124023
1	3.70938463379437	0.488347726919552
1	5.7040181250073	0.177490941424831
1	4.42296419835094	0.61367721832689
1	2.99732712778944	-0.342953646721612
1	1.77497222628881	1.61462578464996
1	6.82023048077642	1.94381717449592
1	1.12114394749595	-0.289526591377857
1	0.0454630274296597	0.941242780539674
1	1.77970022714975	-0.259349709078963
1	4.54732905591619	1.9504558938718
1	4.38055630961751	0.122798986384102
1	0.120842644778862	0.230754438336354
1	-0.5227724176263	-0.473522474967524
1	0.86190148314876	0.798903463502401
1	1.37532887078729	0.271730748834183
1	4.47059296001707	1.3088703585773
1	3.93126489666456	2.23419097816556
1	2.09693380443249	-0.42076343493792
1	1.88443942552515	1.64835015319826
1	0.360592221502674	0.660999183258372
1	8.22015178402632	2.20371186289784
1	-1.07473712331055	-0.141928920784361
1	4.91616731797472	1.53677406525938
1	0.54073987584485	0.0432935837285895
1	3.15404039966274	1.73792709110454
1	4.13454325062342	1.38999068077819
1	0.891622595068527	0.734914620845189
1	3.74131486430693	-0.359506957434438
1	5.44892395740599	1.94622418616804
1	-1.03127487804221	-0.327465793979351
1	1.30680649322486	-0.478517748186175
1	3.51186265533736	0.447909967594353
1	3.3768784399137	0.551309163730155
1	5.0185056028819	2.40277050693098
1	7.78771488750589	1.93221524011862
1	5.72034595764889	2.02821963734802
1	0.635381758969696	0.362325097093183
1	-0.734022083637422	1.35089481409847
1	3.63081331629488	0.0920485581674042
1	2.92393732945823	0.980178393965098
1	1.66190842421557	0.262476848184557
1	1.9362358523877	-0.632654480175118
1	5.36223131359011	1.36417239828547
1	2.52313131451625	0.067233724720234
1	2.22972335658098	-0.445980756547574
1	6.29141747376619	1.91208628675071
1	2.23908737021511	0.477686021168401
1	1.26796603250535	2.19466238878101
1	5.63632748342423	1.73233999963959
1	3.57105796567967	1.34433400299131
1	5.60806698763597	2.56070955256069
1	0.764167489781314	1.35649416174285
1	-0.17444518454006	-0.233807781892961
1	4.79378914027332	1.49368735710768
1	5.82487841023188	1.03115106002341
1	2.19702959276348	0.647739105690861
1	3.81409538082551	0.993747720812565
1	4.77508431036792	1.99669167576166
1	-1.71835902529914	-0.0957054903083404
1	1.15921044424645	0.422882536924079
1	0.445980928220179	0.012424799279332
1	5.23371145125049	2.25213702260818
1	3.8577850677264	0.242594315447727
1	5.05870491905393	1.26222381254453
1	0.745275042797688	-0.0747310414017329
1	1.61091547680743	0.492742309798186
1	2.69633017707296	0.0493252590143475
1	3.7951085274993	0.799587120406428
1	1.44417112971472	0.875680745537051
1	-0.151127704060958	0.028362412067044
1	6.5891767102709	2.52826775108881
1	4.67368545881144	1.04697908980183
1	1.38142514367834	0.21451929648359
1	3.60582611401275	0.343694851836023
1	3.93049402792093	1.04570777902966
1	-0.391309647495345	-0.206129026560929
1	4.05365673950385	1.17468861157714
1	2.27249014564962	1.80551823073097
1	8.44197312053238	2.3737491315939
1	9.36400283597614	2.2798030400238
1	3.36792680397048	1.57226304625086
1	0.79992516820753	0.911857426588241
1	3.16740879637863	0.443970023821245
1	3.28890966910758	1.27672749717044
1	5.32597997545301	-0.374741307911576
1	4.15989975797296	1.64624064238442
1	4.62508436734321	1.10625799812448
1	4.06163627243618	1.51964610848577
1	0.608230779812249	0.480307569316885
1	4.8294839147249	1.76237667976725
1	-0.481188747435812	1.04268701907944
1	4.33324569925033	0.103571078736815
1	5.80102519021506	2.32947070411369
1	5.0932953605025	-0.252182739974855
1	4.9165814307334	1.49785174625056
1	-0.456534962971283	-0.135085974651976
1	5.14135177202561	1.47301488435344
1	2.12915515192639	1.51514167229073
1	0.634625729080186	1.04984709885279
1	1.22970245596479	-0.307260466301562
1	-0.0726205702199358	-0.21634369045231
1	3.66227344242316	1.33168655663014
1	1.48475845529359	0.0676401010300773
1	-0.942749875683684	-0.530546482039255
1	2.25470562571975	1.18590721460928
1	1.45455469746355	0.279133080359239
1	5.9562077797599	1.29903603538609
1	1.00075348787141	1.54262922058607
1	2.64536948709188	0.133671835963709
1	5.4497472115574	1.94292701631895
1	3.85947233973299	0.283680593263748
1	4.66148062656714	2.20726977270821
1	5.26710653607515	1.80326239466703
1	5.67437130499998	2.13673800407821
1	3.47718344743641	1.82238343114469
1	8.06212934832508	2.41207759579731
1	4.46707568019753	0.508315412564332
1	2.14281202288332	-0.255276133554771
1	4.50017884441262	0.0624381879274445
1	2.33311989580417	0.00240930096296865
1	0.715168861366957	1.11863073054415
1	2.39296467924709	1.26610848497559
1	-1.31444668642128	-0.0418480759782031
1	1.42359898546132	0.630222505677434
1	0.830923077088873	0.467731886571433
1	3.96504811467462	1.45175730174563
1	2.55659582756871	1.72242073474688
1	0.359953177768052	-0.635193355720408
1	0.889871125530858	0.537017676652809
1	8.25532572744072	1.90860867980214
1	6.65718086356884	2.18220487292947
1	4.95164025311545	1.04408122217514
1	1.22392389665647	-0.411287507833356
1	5.77178635818156	0.650365742471308
1	-1.12849707742495	-0.581302358850788
1	0.68595546797413	0.216220308298375
1	6.7242030045847	1.44023840104223
1	2.10976515007462	1.19630398192386
1	4.69596914872965	2.12072352916492
1	5.13591868823264	2.56173023016248
1	1.06661786634053	0.26917494673733
1	4.82266797955946	2.26766918456817
1	4.31067057087092	1.14796973468679
1	1.80473276463716	0.515453333955512
1	-0.962946644494261	-0.632434277738139
1	5.71251618320364	0.987050181500217
1	2.66474403668948	1.02374489546717
1	4.60023293070514	2.03838346886822
1	1.27069285052165	0.141067539836617
1	4.70195967878535	1.12313094964088
1	2.78585248912112	0.936217586172405
1	4.67946097736106	1.92708982365971
1	3.26473018609395	1.85818793009474
1	1.77718747762825	0.660315989739454
1	2.67108769117817	0.728326198761724
1	4.35982474578546	2.35291074147562
1	6.84974890775299	2.48842272487212
1	-0.893561116752308	0.50666006698533
1	1.0414245237707	-0.426106076731657
1	-0.661454181204971	0.652547523249524
1	2.03264325827361	0.773921710386975
1	1.78727384762591	0.887729034928159
1	-1.21476090462747	-0.610427357031537
1	2.84035551031012	0.947731008447186
1	-1.92544732339913	0.376145166527627
1	4.74391931814099	0.641292457893646
1	1.23684306104109	1.82486608023215
1	3.52394363702012	1.76188994531934
1	-0.60769795026067	0.22432315877133
1	1.78293700919429	1.12745394043203
1	9.12357248076193	2.03288635812386
1	1.55460162166328	0.167575705420618
1	2.79747309673443	2.26178381432028
1	-2.468480763009	-0.217014264552179
1	3.21250437248829	0.598528653321336
1	2.61992310149195	0.786131061780291
1	3.39119933659318	1.5314512650628
1	1.42248703238835	1.12562438918116
1	0.0224335439709509	0.971230818428707
1	2.76441723998846	2.01415532725638
1	4.82227399060934	0.875971121249792
1	4.30581213615538	2.35874790990987
1	1.56461070933343	1.69795840436857
1	8.46238412942214	1.91026853653658
1	5.14145786889453	1.67500131518413
1	0.152141180491686	-0.31671073667326
1	5.43955415746924	1.14812972759759
1	3.0929359640409	0.0589455741875784
1	-0.522200305679872	-0.269471679745908
1	7.93345967206466	1.25618709785666
1	5.10709505665504	2.39617107024262
1	1.13808574947018	1.50955276861325
1	1.36884511637092	0.242545361394935
1	4.38938467747954	1.50260860503336
1	6.83347206322215	0.547066386707939
1	1.16791741174778	-0.138917962227952
1	1.77720762258611	-0.189557701671627
1	3.4975384431208	1.32721644913504
1	3.04903500163892	1.36267542108462
1	0.557875387409282	-0.317857271484645
1	3.70938463379437	0.501698697930294
1	5.7040181250073	0.185915211002858
1	4.42296419835094	0.629014509127612
1	2.99732712778944	-0.342777789974558
1	1.77497222628881	1.64582689109148
1	6.82023048077642	1.98023556351793
1	1.12114394749595	-0.288503980876694
1	0.0454630274296597	0.961771586533136
1	1.77970022714975	-0.257848831748205
1	4.54732905591619	1.9869794985101
1	4.38055630961751	0.130356455088446
1	0.120842644778862	0.24002286946655
1	-0.5227724176263	-0.475415975117935
1	0.86190148314876	0.817176364687276
1	1.37532887078729	0.281648604577439
1	4.47059296001707	1.33522561391958
1	3.93126489666456	2.27521143830623
1	2.09693380443249	-0.421820768563322
1	1.88443942552515	1.68008574980565
1	0.360592221502674	0.677086469566048
1	8.22015178402632	2.24424926618447
1	-1.07473712331055	-0.138567066975316
1	4.91616731797472	1.5667413167704
1	0.54073987584485	0.0495909886368412
1	3.15404039966274	1.77008708984494
1	4.13454325062342	1.41684965632173
1	0.891622595068527	0.751793113500616
1	3.74131486430693	-0.359302644317057
1	5.44892395740599	1.98155771805989
1	-1.03127487804221	-0.326773314215166
1	1.30680649322486	-0.480126636975026
1	3.51186265533736	0.460415769495563
1	3.3768784399137	0.565390315382023
1	5.0185056028819	2.44505980017743
1	7.78771488750589	1.96733533718225
1	5.72034595764889	2.06480241989558
1	0.635381758969696	0.373526961348426
1	-0.734022083637422	1.37715814029339
1	3.63081331629488	0.0991325946820303
1	2.92393732945823	1.00079362963468
1	1.66190842421557	0.272157463533616
1	1.9362358523877	-0.636611735985965
1	5.36223131359011	1.39063801656505
1	2.52313131451625	0.0739396921284785
1	2.22972335658098	-0.447093924445156
1	6.29141747376619	1.94689970694591
1	2.23908737021511	0.490645479387325
1	1.26796603250535	2.23378102805442
1	5.63632748342423	1.7644148756375
1	3.57105796567967	1.37049737123174
1	5.60806698763597	2.60540514339407
1	0.764167489781314	1.38284279741062
1	-0.17444518454006	-0.231688365252075
1	4.79378914027332	1.52212621469387
1	5.82487841023188	1.05254289531626
1	2.19702959276348	0.663289426259906
1	3.81409538082551	1.01456969344399
1	4.77508431036792	2.03279411060556
1	-1.71835902529914	-0.0914820011142456
1	1.15921044424645	0.435007030670686
1	0.445980928220179	0.0182957193153148
1	5.23371145125049	2.29213132294525
1	3.8577850677264	0.251972008296807
1	5.05870491905393	1.28713618200663
1	0.745275042797688	-0.0701879936995447
1	1.61091547680743	0.505931159747657
1	2.69633017707296	0.0557583800365584
1	3.7951085274993	0.817450937995372
1	1.44417112971472	0.894703895866056
1	-0.151127704060958	0.0344761513440801
1	6.5891767102709	2.57246907131111
1	4.67368545881144	1.06861207477182
1	1.38142514367834	0.223469249313619
1	3.60582611401275	0.354612872954014
1	3.93049402792093	1.06732139480548
1	-0.391309647495345	-0.203587907218858
1	4.05365673950385	1.19826732892034
1	2.27249014564962	1.8387080216645
1	8.44197312053238	2.41559626650538
1	9.36400283597614	2.32021884899213
1	3.36792680397048	1.60189905233458
1	0.79992516820753	0.931431750694253
1	3.16740879637863	0.456415798278601
1	3.28890966910758	1.3018608391044
1	5.32597997545301	-0.374769099405473
1	4.15989975797296	1.67700374221721
1	4.62508436734321	1.12879413337934
1	4.06163627243618	1.54848046346497
1	0.608230779812249	0.493306968419068
1	4.8294839147249	1.79490918288721
1	-0.481188747435812	1.06425461173697
1	4.33324569925033	0.110830667872587
1	5.80102519021506	2.37064323020521
1	5.0932953605025	-0.250343277015569
1	4.9165814307334	1.52635405084256
1	-0.456534962971283	-0.131462471130014
1	5.14135177202561	1.5011387842222
1	2.12915515192639	1.5439073994401
1	0.634625729080186	1.07152377968805
1	1.22970245596479	-0.306260146059804
1	-0.0726205702199358	-0.213958197738063
1	3.66227344242316	1.35765723331961
1	1.48475845529359	0.0743522598289933
1	-0.942749875683684	-0.532948060287654
1	2.25470562571975	1.20965685420479
1	1.45455469746355	0.289067463553542
1	5.9562077797599	1.32450926149158
1	1.00075348787141	1.57181373728093
1	2.64536948709188	0.141390028475175
1	5.4497472115574	1.9782103138193
1	3.85947233973299	0.293684260587793
1	4.66148062656714	2.24658049315699
1	5.26710653607515	1.83641781656373
1	5.67437130499998	2.17497413005936
1	3.47718344743641	1.85583017368191
1	8.06212934832508	2.45450868821313
1	4.46707568019753	0.521741528222593
1	2.14281202288332	-0.253483800331372
1	4.50017884441262	0.0690710924108974
1	2.33311989580417	0.00812762878000739
1	0.715168861366957	1.14135537191571
1	2.39296467924709	1.29108003978897
1	-1.31444668642128	-0.0368040362633417
1	1.42359898546132	0.64550595017302
1	0.830923077088873	0.480539687485064
1	3.96504811467462	1.47955732939186
1	2.55659582756871	1.75434448470069
1	0.359953177768052	-0.639189292847036
1	0.889871125530858	0.550881088791749
1	8.25532572744072	1.94336911653669
1	6.65718086356884	2.22113371435895
1	4.95164025311545	1.06567005636628
1	1.22392389665647	-0.411872102949389
1	5.77178635818156	0.665956081452022
1	-1.12849707742495	-0.584477233806199
1	0.68595546797413	0.225196177079769
1	6.7242030045847	1.46786293121817
1	2.10976515007462	1.22021202260379
1	4.69596914872965	2.15871566486371
1	5.13591868823264	2.60644137164099
1	1.06661786634053	0.278957611698759
1	4.82266797955946	2.3079001268559
1	4.31067057087092	1.17114137366169
1	1.80473276463716	0.528988200195056
1	-0.962946644494261	-0.636388178630697
1	5.71251618320364	1.00777011303964
1	2.66474403668948	1.04502389333069
1	4.60023293070514	2.07512110358146
1	1.27069285052165	0.148898410402532
1	4.70195967878535	1.1459241545922
1	2.78585248912112	0.956163052151479
1	4.67946097736106	1.96213183188085
1	3.26473018609395	1.89218017598789
1	1.77718747762825	0.676057926799637
1	2.67108769117817	0.745104312792613
1	4.35982474578546	2.39444039081754
1	6.84974890775299	2.53201698184382
1	-0.893561116752308	0.520060962445151
1	1.0414245237707	-0.426916441773293
1	-0.661454181204971	0.668171102989677
1	2.03264325827361	0.791394499817232
1	1.78727384762591	0.906935748286641
1	-1.21476090462747	-0.614045969079079
1	2.84035551031012	0.967851888429344
1	-1.92544732339913	0.387557587960791
1	4.74391931814099	0.656744559855782
1	1.23684306104109	1.85835064744081
1	3.52394363702012	1.79441503274344
1	-0.60769795026067	0.233422479416465
1	1.78293700919429	1.1503130087819
1	9.12357248076193	2.06954024100571
1	1.55460162166328	0.175810444039707
1	2.79747309673443	2.30192508940653
1	-2.468480763009	-0.214638988442901
1	3.21250437248829	0.613329222666316
1	2.61992310149195	0.803789868117758
1	3.39119933659318	1.56046547879492
1	1.42248703238835	1.14845558320304
1	0.0224335439709509	0.991709732333549
1	2.76441723998846	2.05052383147079
1	4.82227399060934	0.894998695629697
1	4.30581213615538	2.40036649206927
1	1.56461070933343	1.72950945581502
1	8.46238412942214	1.94505426219977
1	5.14145786889453	1.70620260138989
1	0.152141180491686	-0.315854397058335
1	5.43955415746924	1.17130380416197
1	3.0929359640409	0.0655252665727765
1	-0.522200305679872	-0.267895624317583
1	7.93345967206466	1.28100749429252
1	5.10709505665504	2.43835981705032
1	1.13808574947018	1.53823334540997
1	1.36884511637092	0.251922308399194
1	4.38938467747954	1.5311833832671
1	6.83347206322215	0.561082897066897
1	1.16791741174778	-0.135352841371407
1	1.77720762258611	-0.186764108098536
1	3.4975384431208	1.35311902101334
1	3.04903500163892	1.38911823200449
1	0.557875387409282	-0.317018400026116
1	3.70938463379437	0.515024003909773
1	5.7040181250073	0.194429363163115
1	4.42296419835094	0.644279549059772
1	2.99732712778944	-0.342318597798427
1	1.77497222628881	1.67658368717123
1	6.82023048077642	2.01608727946566
1	1.12114394749595	-0.287217894151815
1	0.0454630274296597	0.982106383276868
1	1.77970022714975	-0.256095695149238
1	4.54732905591619	2.02293396241628
1	4.38055630961751	0.138024135752332
1	0.120842644778862	0.249361384769413
1	-0.5227724176263	-0.47697760650429
1	0.86190148314876	0.835308165129353
1	1.37532887078729	0.291621313315828
1	4.47059296001707	1.36125021030308
1	3.93126489666456	2.31555729142489
1	2.09693380443249	-0.422565844324124
1	1.88443942552515	1.71136450047065
1	0.360592221502674	0.693083915104059
1	8.22015178402632	2.28412339174668
1	-1.07473712331055	-0.134996600015809
1	4.91616731797472	1.59629319594129
1	0.54073987584485	0.0560281582117507
