group	y
1	0
1	0.000442905252274338
1	0.000889694252985398
1	0.00134035185768205
1	0.00179486296642166
1	0.00225321252364896
1	0.00271538551807522
1	0.0031813669825578
1	0.00365114199397988
1	0.00412469567313071
1	0.00460201318458601
1	0.00508307973658876
1	0.00556788058093028
1	0.00605640101283168
1	0.00654862637082555
1	0.007044542036638
1	0.00754413343507102
1	0.00804738603388515
1	0.00855428534368242
1	0.00906481691778969
1	0.00957896635214219
1	0.0100967192851674
1	0.0106180613976695
1	0.0111429784127134
1	0.01167145609551
1	0.0122034802533013
1	0.0127390367352454
1	0.0132781114323029
1	0.0138206902771223
1	0.0143667592439268
1	0.0149163043484007
1	0.0154693116475764
1	0.0160257672397218
1	0.0165856572642276
1	0.0171489679014952
1	0.0177156853728251
1	0.0182857959403048
1	0.0188592859066982
1	0.0194361416153341
1	0.0200163494499958
1	0.0205998958348105
1	0
1	0.000444338873377724
1	0.000892557230501852
1	0.00134463993857353
1	0.00180057190927148
1	0.00226033809863091
1	0.00272392350692282
1	0.00319131317853358
1	0.00366249220184479
1	0.00413744570911358
1	0.00461615887635309
1	0.00509861692321337
1	0.0055848051128625
1	0.00607470875186815
1	0.00656831319007931
1	0.00706560382050848
1	0.00756656607921404
1	0.00807118544518301
1	0.00857944744021413
1	0.00909133762880118
1	0.00960684161801666
1	0.0101259450573958
1	0.0106486336388209
1	0.0111748930964057
1	0.0117047092063805
1	0.0122380677869774
1	0.0127749546983155
1	0.0133153558422872
1	0.0138592571624438
1	0.0144066446438823
1	0.014957504313132
1	0.0155118222380413
1	0.0160695845276655
1	0.0166307773321541
1	0.0171953868426385
1	0.0177633992911209
1	0.0183348009503619
1	0.0189095781337703
1	0.0194877171952914
1	0.0200692045292968
1	0.0206540265704739
1	0
1	0.000489905907610847
1	0.000983555747608495
1	0.00148093475755684
1	0.00198202821851407
1	0.00248682145491416
1	0.00299529983444875
1	0.00350744876794931
1	0.00402325370926954
1	0.00454270015516823
1	0.00506577364519231
1	0.00559245976156026
1	0.00612274412904582
1	0.00665661241486201
1	0.00719405032854544
1	0.00773504362184098
1	0.00827957808858666
1	0.00882763956459895
1	0.00937921392755828
1	0.0099342870968949
1	0.010492845033675
1	0.0110548737404874
1	0.0116203592613298
1	0.0121892876814965
1	0.0127616451274651
1	0.0133374177667846
1	0.0139165918079633
1	0.014499153500357
1	0.0150850891340574
1	0.015674385039781
1	0.0162670275887586
1	0.0168630031926243
1	0.0174622983033053
1	0.0180648994129121
1	0.0186707930536288
1	0.0192799657976033
1	0.0198924042568389
1	0.0205080950830848
1	0.0211270249677281
1	0.0217491806416851
1	0.0223745488752938
1	0
1	0.000545871346990338
1	0.00109532014216401
1	0.00164833207796451
1	0.00220489288912193
1	0.00276498835253771
1	0.00332860428716957
1	0.00389572655391689
1	0.00446634105550629
1	0.00504043373637757
1	0.00561799058256991
1	0.00619899762160842
1	0.00678344092239093
1	0.00737130659507518
1	0.00796258079096617
1	0.00855724970240392
1	0.0091552995626515
1	0.00975671664578336
1	0.0103614872665739
1	0.0109695977803864
1	0.0115810345830622
1	0.0121957841108104
1	0.0128138328400973
1	0.0134351672875367
1	0.0140597740097803
1	0.0146876396034084
1	0.0153187507048206
1	0.0159530939901274
1	0.0165906561750414
1	0.0172314240147694
1	0.0178753843039043
1	0.0185225238763178
1	0.0191728296050526
1	0.019826288402216
1	0.0204828872188724
1	0.0211426130449375
1	0.0218054529090719
1	0.0224713938785751
1	0.0231404230592797
1	0.0238125275954468
1	0.0244876946696599
1	0
1	0.000653104020647499
1	0.00130946649714204
1	0.00196907399349991
1	0.00263191311371007
1	0.00329797050162491
1	0.00396723284085134
1	0.00463968685464212
1	0.00531531930578755
1	0.00599411699650738
1	0.00667606676834301
1	0.00736115550205007
1	0.00804937011749112
1	0.00874069757352883
1	0.00943512486791926
1	0.0101326390372055
1	0.0108332271566118
1	0.0115368763399374
1	0.0122435737394514
1	0.0129533065457873
1	0.0136660619878382
1	0.0143818273326518
1	0.0151005898853267
1	0.0158223369889074
1	0.0165470560242812
1	0.0172747344100742
1	0.0180053596025483
1	0.0187389190954979
1	0.0194754004201474
1	0.0202147911450486
1	0.0209570788759784
1	0.0217022512558374
1	0.0224502959645475
1	0.023201200718951
1	0.0239549532727096
1	0.0247115414162029
1	0.0254709529764287
1	0.0262331758169019
1	0.0269981978375551
1	0.0277660069746383
1	0.0285365912006197
1	0
1	0.000666176551078667
1	0.00133557267025793
1	0.00200817502780586
1	0.0026839703336811
1	0.00336294533742437
1	0.00404508682805032
1	0.00473038163393957
1	0.00541881662273113
1	0.00611037870121504
1	0.0068050548152254
1	0.00750283194953348
1	0.00820369712774138
1	0.00890763741217574
1	0.00961463990378184
1	0.010324691742018
1	0.0110377801047503
1	0.0117538922081472
1	0.0124730153065753
1	0.0131951366924942
1	0.0139202436963526
1	0.0146483236864846
1	0.0153793640690053
1	0.016113352287708
1	0.016850275823961
1	0.0175901221966045
1	0.0183328789618481
1	0.0190785337131685
1	0.0198270740812076
1	0.0205784877336705
1	0.0213327623752242
1	0.0220898857473962
1	0.0228498456284737
1	0.0236126298334026
1	0.0243782262136877
1	0.0251466226572917
1	0.025917807088536
1	0.0266917674680009
1	0.0274684917924259
1	0.028247968094611
1	0.0290301844433178
1	0
1	0.000675445973362701
1	0.00135408394044433
1	0.00203590064685359
1	0.00272088287768971
1	0.00340901745743452
1	0.00410029124984479
1	0.00479469115784483
1	0.00549220412341938
1	0.00619281712750684
1	0.00689651718989273
1	0.00760329136910344
1	0.00831312676230023
1	0.00902601050517365
1	0.00974192977183803
1	0.0104608717747264
1	0.0111828237644857
1	0.0119077730298722
1	0.0126357068976471
1	0.0133666127324727
1	0.0141004779368085
1	0.0148372899508079
1	0.0155770362522149
1	0.0163197043562613
1	0.017065281815564
1	0.0178137562200225
1	0.0185651151967172
1	0.0193193464098071
1	0.0200764375604287
1	0.0208363763865944
1	0.0215991506630916
1	0.0223647482013821
1	0.0231331568495014
1	0.0239043644919585
1	0.0246783590496363
1	0.0254551284796915
1	0.0262346607754553
1	0.0270169439663347
1	0.0278019661177128
1	0.0285897153308509
1	0.0293801797427899
1	0
1	0.000706939330686426
1	0.00141697696965722
1	0.00213009991849487
1	0.00284629521759282
1	0.00356554994604928
1	0.0042878512215614
1	0.0050131862003196
1	0.0057415420769023
1	0.00647290608417081
1	0.00720726549316467
1	0.00794460761299704
1	0.00868491979075059
1	0.00942818941137353
1	0.0101744038975759
1	0.0109235507097264
1	0.0116756173457488
1	0.0124305913410199
1	0.0131884602682661
1	0.0139492117374618
1	0.0147128333957268
1	0.0154793129272252
1	0.0162486380530635
1	0.0170207965311893
1	0.0177957761562907
1	0.0185735647596955
1	0.0193541502092708
1	0.0201375204093227
1	0.0209236633004969
1	0.0217125668596784
1	0.0225042190998929
1	0.0232986080702072
1	0.0240957218556306
1	0.0248955485770163
1	0.0256980763909633
1	0.0265032934897181
1	0.027311188101077
1	0.0281217484882888
1	0.0289349629499574
1	0.0297508198199447
1	0.0305693074672742
1	0
1	0.000728009713680033
1	0.00145905505614137
1	0.00219312320022373
1	0.00293020135712315
1	0.00367027677628694
1	0.00441333674530904
1	0.0051593685898256
1	0.00590835967341081
1	0.00666029739747307
1	0.0074151692011514
1	0.00817296256121212
1	0.0089336649919458
1	0.00969726404506456
1	0.0104637473095995
1	0.0112331024117985
1	0.0120053170150243
1	0.0127803788196529
1	0.013558275562972
1	0.0143389950190799
1	0.0151225249987848
1	0.015908853349504
1	0.0166979679551637
1	0.0174898567360987
1	0.0182845076489531
1	0.0190819086865802
1	0.0198820478779435
1	0.0206849132880178
1	0.0214904930176904
1	0.0222987752036623
1	0.0231097480183504
1	0.0239233996697894
1	0.0247397184015342
1	0.0255586924925621
1	0.026380310257176
1	0.0272045600449076
1	0.02803143024042
1	0.0288609092634122
1	0.0296929855685225
1	0.0305276476452326
1	0.0313648840177719
1	0
1	0.00073620847089451
1	0.00147542818116894
1	0.00221764637030143
1	0.00296285031594947
1	0.00371102733384542
1	0.00446216477769225
1	0.0052162500390596
1	0.00597327054728011
1	0.00673321376934601
1	0.00749606720980601
1	0.0082618184106624
1	0.00903045495126854
1	0.00980196444822649
1	0.010576334555285
1	0.0113535529632378
1	0.0121336073998219
1	0.0129164856296167
1	0.0137021754539428
1	0.0144906647107613
1	0.0152819412745735
1	0.0160759930563207
1	0.0168728080032844
1	0.0176723740989863
1	0.0184746793630896
1	0.0192797118512993
1	0.0200874596552638
1	0.0208979109024758
1	0.0217110537561748
1	0.0225268764152483
1	0.0233453671141344
1	0.0241665141227243
1	0.0249903057462648
1	0.0258167303252615
1	0.026645776235382
1	0.0274774318873594
1	0.028311685726896
1	0.0291485262345674
1	0.029987941925727
1	0.03082992135041
1	0.0316744530932387
1	0
1	0.000769131827071951
1	0.0015411769541743
1	0.00231612288838181
1	0.00309395717423816
1	0.00387466739365329
1	0.00465824116580108
1	0.00544466614701717
1	0.00623393003069721
1	0.00702602054719529
1	0.00782092546372263
1	0.00861863258424657
1	0.00941912974938984
1	0.0102224048363301
1	0.0110284457586996
1	0.0118372404664855
1	0.0126487769459299
1	0.0134630432194306
1	0.0142800273454418
1	0.0150997174183755
1	0.0159221015685025
1	0.0167471679618544
1	0.0175749048001251
1	0.0184053003205734
1	0.0192383427959251
1	0.0200740205342758
1	0.0209123218789939
1	0.0217532352086235
1	0.0225967489367883
1	0.023442851512095
1	0.0242915314180374
1	0.0251427771729005
1	0.025996577329665
1	0.0268529204759123
1	0.0277117952337291
1	0.0285731902596127
1	0.0294370942443769
1	0.0303034959130571
1	0.0311723840248169
1	0.0320437473728539
1	0.0329175747843063
1	0
1	0.000838893925573957
1	0.00168049362511347
1	0.0025247871727103
1	0.00337176267841973
1	0.00422140828816189
1	0.00507371218362332
1	0.00592866258215884
1	0.0067862477366936
1	0.0076464559356255
1	0.00850927550272775
1	0.00937469479705179
1	0.0102427022128304
1	0.0111132861793811
1	0.0119864351610098
1	0.0128621376569148
1	0.0137403822010907
1	0.0146211573622331
1	0.0155044517436431
1	0.0163902539831323
1	0.017278552752928
1	0.0181693367595785
1	0.0190625947438589
1	0.0199583154806772
1	0.0208564877789798
1	0.021757100481659
1	0.0226601424654587
1	0.0235656026408818
1	0.0244734699520975
1	0.0253837333768483
1	0.026296381926358
1	0.0272114046452396
1	0.0281287906114032
1	0.0290485289359648
1	0.0299706087631545
1	0.030895019270226
1	0.0318217496673649
1	0.0327507891975988
1	0.0336821271367068
1	0.034615752793129
1	0.0355516555078768
1	0
1	0.000845343187426165
1	0.0016933729637595
1	0.00254407745551049
1	0.00339744482501399
1	0.0042534632703309
1	0.0051121210251501
1	0.00597340635869065
1	0.00683730757560426
1	0.00770381301587801
1	0.00857291105473733
1	0.00944459010254924
1	0.0103188386047258
1	0.011195645041628
1	0.0120749979284696
1	0.0129568858152214
1	0.013841297286516
1	0.0147282209615522
1	0.0156176454940003
1	0.0165095595719073
1	0.0174039519176025
1	0.0183008112876032
1	0.0192001264725205
1	0.020101886296966
1	0.0210060796194583
1	0.0219126953323294
1	0.022821722361632
1	0.0237331496670469
1	0.0246469662417901
1	0.025563161112521
1	0.0264817233392503
1	0.0274026420152479
1	0.028325906266952
1	0.0292515052538775
1	0.0301794281685249
1	0.0311096642362897
1	0.0320422027153719
1	0.0329770328966858
1	0.0339141441037694
1	0.0348535256926953
1	0.0357951670519808
1	0
1	0.000855936869610396
1	0.0017145288143802
1	0.00257576404692392
1	0.00343963081545184
1	0.0043061174036723
1	0.0051752121306942
1	0.00604690335092985
1	0.00692117945399796
1	0.00779802886462704
1	0.00867744004255891
1	0.00955940148245254
1	0.0104439017137882
1	0.0113309293007716
1	0.0122204728422388
1	0.0131125209715607
1	0.0140070623565486
1	0.014904085699359
1	0.0158035797363997
1	0.0167055332382352
1	0.0176099350094933
1	0.018516773888771
1	0.0194260387485415
1	0.0203377184950608
1	0.0212518020682748
1	0.0221682784417268
1	0.023087136622465
1	0.0240083656509503
1	0.0249319546009646
1	0.0258578925795187
1	0.0267861687267615
1	0.0277167722158883
1	0.0286496922530499
1	0.0295849180772623
1	0.0305224389603159
1	0.0314622442066852
1	0.0324043231534392
1	0.0333486651701515
1	0.0342952596588105
1	0.0352440960537307
1	0.0361951638214633
1	0
1	0.000864203330022362
1	0.00173103714440144
1	0.00260048972294043
1	0.00347254938085992
1	0.00434720446870063
1	0.00522444337222642
1	0.00610425451232755
1	0.00698662634492421
1	0.00787154736087029
1	0.00875900608585744
1	0.00964899108031933
1	0.0105414909393362
1	0.0114364942925397
1	0.0123339898040178
1	0.0132339661722205
1	0.0141364121298646
1	0.0150413164438404
1	0.0159486679151173
1	0.01685845537865
1	0.0177706677032854
1	0.018685293791669
1	0.0196023225801525
1	0.0205217430387005
1	0.0214435441707986
1	0.0223677150133606
1	0.0232942446366371
1	0.0242231221441236
1	0.0251543366724688
1	0.0260878773913836
1	0.0270237335035503
1	0.0279618942445312
1	0.0289023488826788
1	0.0298450867190454
1	0.0307900970872925
1	0.031737369353602
1	0.0326868929165857
1	0.0336386572071965
1	0.0345926516886395
1	0.0355488658562827
1	0.0365072892375685
1	0
1	0.000877752999530266
1	0.0017580961762927
1	0.00264101792022041
1	0.00352650665637148
1	0.00441455084483253
1	0.00530513898062246
1	0.0061982595935965
1	0.00709390124835045
1	0.00799205254412528
1	0.0088927021147119
1	0.00979583862835618
1	0.0107014507876643
1	0.0116095273295082
1	0.0125200570249316
1	0.0134330286790557
1	0.0143484311309859
1	0.0152662532537179
1	0.0161864839540451
1	0.017109112172465
1	0.0180341268830868
1	0.0189615170935391
1	0.0198912718448774
1	0.0208233802114923
1	0.0217578313010177
1	0.0226946142542394
1	0.0236337182450038
1	0.0245751324801269
1	0.0255188461993037
1	0.0264648486750175
1	0.0274131292124496
1	0.0283636771493897
1	0.0293164818561456
1	0.0302715327354537
1	0.0312288192223902
1	0.0321883307842815
1	0.0331500569206156
1	0.0341139871629532
1	0.03508011107484
1	0.0360484182517179
1	0.0370188983208374
1	0
1	0.000888831967117612
1	0.00178022115410809
1	0.00267415604095291
1	0.00357062514251945
1	0.00446961700846517
1	0.00537112022314202
1	0.00627512340550105
1	0.00718161520899736
1	0.00809058432149524
1	0.00900201946517358
1	0.00991590939643156
1	0.0108322429057945
1	0.0117510088178202
1	0.0126721959910051
1	0.0135957933176911
1	0.0145217897239725
1	0.015450174169603
1	0.0163809356479035
1	0.017314063185669
1	0.0182495458430775
1	0.0191873727135972
1	0.0201275329238955
1	0.0210700156337475
1	0.0220148100359446
1	0.0229619053562041
1	0.0239112908530781
1	0.0248629558178634
1	0.0258168895745113
1	0.0267730814795374
1	0.0277315209219324
1	0.0286921973230723
1	0.0296551001366293
1	0.0306202188484829
1	0.0315875429766311
1	0.032557062071102
1	0.0335287657138654
1	0.0345026435187449
1	0.0354786851313299
1	0.0364568802288886
1	0.0374372185202799
1	0
1	0.000940772542816439
1	0.00188394779433834
1	0.00282951465671321
1	0.00377746206585367
1	0.00472777899134453
1	0.00568045443635014
1	0.00663547743752197
1	0.00759283706490646
1	0.00855252242185304
1	0.00951452264492251
1	0.0104788269037956
1	0.0114454244011817
1	0.0124143043727279
1	0.0133854560869286
1	0.0143588688450346
1	0.015334531980963
1	0.0163124348612074
1	0.0172925668847481
1	0.0182749174829623
1	0.0192594761195354
1	0.0202462322903711
1	0.0212351755235038
1	0.0222262953790088
1	0.0232195814489148
1	0.0242150233571157
1	0.0252126107592824
1	0.0262123333427754
1	0.0272141808265576
1	0.0282181429611067
1	0.0292242095283289
1	0.0302323703414715
1	0.031242615245037
1	0.0322549341146967
1	0.0332693168572045
1	0.0342857534103114
1	0.03530423374268
1	0.0363247478537989
1	0.0373472857738978
1	0.0383718375638625
1	0.0393983933151508
1	0
1	0.000958480594433082
1	0.00191931122022466
1	0.00288248092345091
1	0.00384797878357101
1	0.0048157939133352
1	0.00578591545869316
1	0.00675833259870257
1	0.00773303454543794
1	0.0087100105438997
1	0.00968924987192345
1	0.0106707418400896
1	0.0116544757916331
1	0.0126404411023534
1	0.0136286271805249
1	0.0146190234668075
1	0.0156116194341569
1	0.0166064045877363
1	0.0176033684648267
1	0.0186025006347396
1	0.0196037906987273
1	0.0206072282898959
1	0.0216128030731172
1	0.0226205047449406
1	0.0236303230335064
1	0.0246422476984584
1	0.0256562685308567
1	0.0266723753530918
1	0.0276905580187973
1	0.0287108064127641
1	0.0297331104508545
1	0.0307574600799164
1	0.0317838452776976
1	0.0328122560527607
1	0.0338426824443978
1	0.034875114522546
1	0.0359095423877026
1	0.0369459561708406
1	0.0379843460333248
1	0.0390247021668276
1	0.0400670147932454
1	0
1	0.000975978144677293
1	0.00195425426955888
1	0.00293481756293869
1	0.00391765724611605
1	0.00490276257330479
1	0.0058901228315426
1	0.00687972734060051
1	0.00787156545289281
1	0.00886562655338702
1	0.00986190005951421
1	0.0108603754210795
1	0.011861042120173
1	0.0128638896710804
1	0.0138689076201947
1	0.0148760855459273
1	0.0158854130586201
1	0.016896879800457
1	0.0179104754453765
1	0.0189261896989837
1	0.0199440122984634
1	0.0209639330124927
1	0.0219859416411541
1	0.023010028015849
1	0.0240361819992111
1	0.0250643934850206
1	0.0260946523981175
1	0.0271269486943166
1	0.0281612723603217
1	0.0291976134136403
1	0.0302359619024986
1	0.0312763079057565
1	0.0323186415328234
1	0.0333629529235734
1	0.0344092322482614
1	0.0354574697074392
1	0.0365076555318716
1	0.0375597799824531
1	0.0386138333501247
1	0.0396698059557905
1	0.0407276881502353
1	0
1	0.00103983989943263
1	0.00208178780515905
1	0.00312583342453295
1	0.00417196649653541
1	0.00522017679168755
1	0.00627045411196347
1	0.00732278829070348
1	0.00837716919252743
1	0.00943358671324838
1	0.0104920307797865
1	0.011552491350083
1	0.0126149584130147
1	0.0136794219883084
1	0.0147458721264557
1	0.0158142989086281
1	0.0168846924465919
1	0.0179570428826242
1	0.0190313403894282
1	0.0201075751700489
1	0.0211857374577901
1	0.0222658175161296
1	0.0233478056386366
1	0.0244316921488884
1	0.0255174674003871
1	0.026605121776477
1	0.0276946456902622
1	0.028786029584524
1	0.0298792639316392
1	0.0309743392334978
1	0.0320712460214217
1	0.033169974856083
1	0.0342705163274229
1	0.0353728610545706
1	0.0364769996857627
1	0.0375829228982624
1	0.0386906213982793
1	0.039800085920889
1	0.0409113072299537
1	0.0420242761180418
1	0.043138983406349
1	0
1	0.00106233347542075
1	0.0021267080439631
1	0.00319311359580553
1	0.0042615400522685
1	0.00533197736572838
1	0.00640441551953176
1	0.00747884452790978
1	0.00855525443589287
1	0.00963363531922562
1	0.0107139772842819
1	0.0117962704679802
1	0.0128805050376993
1	0.0139666711911938
1	0.0150547591565105
1	0.0161447591919045
1	0.0172366615857554
1	0.0183304566564844
1	0.0194261347524712
1	0.0205236862519707
1	0.0216231015630308
1	0.0227243711234099
1	0.0238274854004944
1	0.0249324348912171
1	0.0260392101219752
1	0.027147801648549
1	0.0282582000560202
1	0.0293703959586909
1	0.0304843800000032
1	0.0316001428524577
1	0.0327176752175336
1	0.0338369678256084
1	0.0349580114358775
1	0.0360807968362749
1	0.0372053148433933
1	0.0383315563024045
1	0.0394595120869806
1	0.0405891730992151
1	0.0417205302695435
1	0.0428535745566653
1	0.0439882969474657
1	0
1	0.00117798649640202
1	0.00235767004500879
1	0.00353904147601103
1	0.00472209164824581
1	0.00590681144911702
1	0.00709319179451617
1	0.00828122362874333
1	0.0094708979244283
1	0.010662205682452
1	0.0118551379318681
1	0.0130496857298247
1	0.0142458401614865
1	0.0154435923399569
1	0.0166429334062005
1	0.0178438545289657
1	0.0190463469047075
1	0.0202504017575108
1	0.0214560103390131
1	0.0226631639283285
1	0.0238718538319712
1	0.0250820713837793
1	0.0262938079448389
1	0.0275070549034082
1	0.0287218036748424
1	0.0299380457015181
1	0.0311557724527579
1	0.0323749754247562
1	0.0335956461405036
1	0.0348177761497133
1	0.0360413570287459
1	0.0372663803805358
1	0.0384928378345174
1	0.0397207210465509
1	0.0409500216988488
1	0.0421807314999032
1	0.0434128421844118
1	0.0446463455132057
1	0.0458812332731761
1	0.0471174972772021
1	0.0483551293640781
1	0
1	0.00118570761613358
1	0.00237308931593127
1	0.00356213599234003
1	0.00475283856678653
1	0.00594518798909811
1	0.00713917523742399
1	0.00833479131815662
1	0.00953202726585334
1	0.0107308741431582
1	0.0119313230407238
1	0.013133365077134
1	0.0143369913988257
1	0.015542193180012
1	0.0167489616226049
1	0.0179572879561383
1	0.0191671634376914
1	0.0203785793518119
1	0.02159152701044
1	0.0228059977528321
1	0.0240219829454849
1	0.0252394739820597
1	0.026458462283307
1	0.027678939296991
1	0.0289008964978145
1	0.0301243253873442
1	0.0313492174939357
1	0.0325755643726594
1	0.0338033576052256
1	0.0350325887999109
1	0.0362632495914842
1	0.0374953316411327
1	0.0387288266363887
1	0.0399637262910561
1	0.0412000223451374
1	0.0424377065647606
1	0.0436767707421066
1	0.0449172066953365
1	0.0461590062685196
1	0.0474021613315608
1	0.048646663780129
1	0
1	0.00119226238854761
1	0.00238617936183148
1	0.00358174186607489
1	0.00477894087583937
1	0.00597776739394607
1	0.00717821245139729
1	0.00838026710729824
1	0.00958392244877906
1	0.010789169590917
1	0.0119959996766587
1	0.0132044038767429
1	0.0144143733896234
1	0.0156258994413916
1	0.0168389732857004
1	0.0180535862036867
1	0.0192697295038961
1	0.0204873945222058
1	0.0217065726217494
1	0.0229272551928404
1	0.0241494336528972
1	0.0253730994463674
1	0.0265982440446532
1	0.0278248589460354
1	0.0290529356755998
1	0.030282465785162
1	0.0315134408531929
1	0.0327458524847451
1	0.0339796923113786
1	0.035214951991087
1	0.0364516232082241
1	0.0376896976734302
1	0.0389291671235596
1	0.0401700233216069
1	0.0414122580566346
1	0.0426558631437004
1	0.0439008304237847
1	0.045147151763719
1	0.0463948190561128
1	0.0476438242192829
1	0.048894159197181
1	0
1	0.00121201680631527
1	0.00242562943255511
1	0.00364082898550404
1	0.00485760659985859
1	0.00607595343814973
1	0.00729586069066553
1	0.00851731957537409
1	0.00974032133784658
1	0.0109648572511806
1	0.0121909186159235
1	0.0134184967599963
1	0.0146475830386176
1	0.0158781688342274
1	0.0171102455564118
1	0.0183438046418271
1	0.0195788375541249
1	0.0208153357838769
1	0.0220532908484997
1	0.0232926942921806
1	0.0245335376858029
1	0.0257758126268716
1	0.0270195107394392
1	0.0282646236740321
1	0.0295111431075767
1	0.0307590607433259
1	0.032008368310786
1	0.0332590575656433
1	0.0345111202896914
1	0.0357645482907586
1	0.037019333402635
1	0.0382754674850004
1	0.0395329424233525
1	0.0407917501289342
1	0.0420518825386626
1	0.043313331615057
1	0.0445760893461677
1	0.0458401477455049
1	0.0471054988519675
1	0.0483721347297725
1	0.0496400474683843
1	0
1	0.00123654586356214
1	0.00247461457879196
1	0.00371419745184287
1	0.00495528581625099
1	0.00619787103285895
1	0.00744194448973995
1	0.00868749760212209
1	0.00993452181231275
1	0.0111830085896233
1	0.0124329494302941
1	0.0136843358574191
1	0.0149371594208719
1	0.0161914116972304
1	0.0174470842897031
1	0.0187041688280546
1	0.0199626569685316
1	0.0212225403937897
1	0.0224838108128192
1	0.0237464599608723
1	0.0250104795993894
1	0.0262758615159267
1	0.0275425975240833
1	0.0288106794634282
1	0.0300800991994285
1	0.031350848623377
1	0.0326229196523202
1	0.0338963042289865
1	0.0351709943217147
1	0.0364469819243824
1	0.037724259056335
1	0.0390028177623146
1	0.0402826501123892
1	0.0415637482018819
1	0.0428461041513007
1	0.0441297101062679
1	0.0454145582374504
1	0.0467006407404896
1	0.0479879498359315
1	0.0492764777691576
1	0.0505662168103154
1	0
1	0.0012501873721474
1	0.00250185701563798
1	0.00375500034750151
1	0.00500960881185608
1	0.00626567387983271
1	0.0075231870495002
1	0.00878213984579013
1	0.0100425238204221
1	0.0113043305518293
1	0.0125675516450838
1	0.0138321787318229
1	0.0150982034701745
1	0.016365617544684
1	0.0176344126662402
1	0.0189045805720024
1	0.0201761130253267
1	0.0214490018156934
1	0.022723238758634
1	0.0239988156956588
1	0.0252757244941841
1	0.0265539570474607
1	0.0278335052745012
1	0.0291143611200083
1	0.0303965165543036
1	0.0316799635732555
1	0.0329646941982088
1	0.0342507004759126
1	0.0355379744784504
1	0.0368265083031688
1	0.0381162940726072
1	0.0394073239344276
1	0.0406995900613445
1	0.0419930846510545
1	0.0432877999261672
1	0.0445837281341356
1	0.0458808615471859
1	0.0471791924622496
1	0.0484787132008933
1	0.0497794161092509
1	0.051081293557954
1	0
1	0.00125965975354152
1	0.00252077360028827
1	0.00378333303426026
1	0.00504732957636143
1	0.00631275477430478
1	0.00757960020253776
1	0.0088478574621678
1	0.0101175181808881
1	0.0113885740129037
1	0.0126610166388573
1	0.0139348377657561
1	0.0152100291268981
1	0.0164865824817987
1	0.0177644896161179
1	0.0190437423415875
1	0.0203243324959381
1	0.021606251942827
1	0.0228894925717657
1	0.0241740462980478
1	0.0254599050626774
1	0.026747060832297
1	0.0280355055991164
1	0.029325231380841
1	0.0306162302206009
1	0.0319084941868802
1	0.0332020153734457
1	0.0344967858992767
1	0.0357927979084947
1	0.037090043570293
1	0.0383885150788669
1	0.0396882046533439
1	0.0409891045377137
1	0.0422912070007595
1	0.043594504335988
1	0.0448989888615609
1	0.0462046529202257
1	0.0475114888792471
1	0.0488194891303388
1	0.0501286460895945
1	0.0514389521974205
1	0
1	0.00130743137921286
1	0.00261617474212307
1	0.00392622197103202
1	0.00523756497409418
1	0.0065501956852449
1	0.00786410606412856
1	0.00917928809602676
1	0.0104957337917868
1	0.0118134351877505
1	0.0131323843456825
1	0.0144525733527001
1	0.0157739943212016
1	0.0170966393887965
1	0.0184205007182346
1	0.0197455704973358
1	0.0210718409389204
1	0.0223993042807388
1	0.0237279527854022
1	0.0250577787403132
1	0.0263887744575961
1	0.0277209322740281
1	0.0290542445509704
1	0.0303887036742993
1	0.0317243020543378
1	0.0330610321257872
1	0.0343988863476589
1	0.0357378572032066
1	0.037077937199858
1	0.0384191188691477
1	0.0397613947666494
1	0.041104757471909
1	0.0424491995883769
1	0.0437947137433417
1	0.0451412925878633
1	0.0464889287967061
1	0.0478376150682728
1	0.0491873441245384
1	0.0505381087109838
1	0.0518899015965301
1	0.0532427155734733
1	0
1	0.00131206251079525
1	0.00262542322874537
1	0.00394007407379298
1	0.00525600699163381
1	0.00657321395364485
1	0.00789168695681267
1	0.00921141802366192
1	0.0105323992021841
1	0.0118546225657664
1	0.0131780802131209
1	0.0145027642682137
1	0.0158286668801946
1	0.0171557802233264
1	0.0184840964969152
1	0.0198136079252403
1	0.0211443067574841
1	0.022476185267663
1	0.0238092357545576
1	0.0251434505416438
1	0.0264788219770235
1	0.027815342433356
1	0.0291530043077891
1	0.0304918000218908
1	0.031831722021581
1	0.0331727627770631
1	0.0345149147827567
1	0.035858170557229
1	0.0372025226431281
1	0.038547963607115
1	0.0398944860397965
1	0.0412420825556586
1	0.0425907457929991
1	0.0439404684138611
1	0.0452912431039669
1	0.0466430625726509
1	0.0479959195527944
1	0.049349806800759
1	0.0507047170963209
1	0.0520606432426054
1	0.0534175780660218
1	0
1	0.00132710803387574
1	0.00265546951796433
1	0.00398507649449637
1	0.00531592103113094
1	0.00664799522088454
1	0.00798129118206028
1	0.00931580105817729
1	0.0106515170179002
1	0.0119884312549691
1	0.0133265359881291
1	0.0146658234610607
1	0.0160062859423103
1	0.0173479157252203
1	0.0186907051278599
1	0.0200346464929561
1	0.0213797321878248
1	0.0227259546043018
1	0.0240733061586743
1	0.0254217792916126
1	0.026771366468102
1	0.0281220601773743
1	0.0294738529328404
1	0.0308267372720227
1	0.0321807057564873
1	0.0335357509717766
1	0.0348918655273427
1	0.03624904205648
1	0.0376072732162587
1	0.0389665516874579
1	0.0403268701744998
1	0.0416882214053826
1	0.0430505981316153
1	0.0444139931281513
1	0.0457783991933227
1	0.0471438091487754
1	0.0485102158394028
1	0.0498776121332813
1	0.0512459909216052
1	0.0526153451186218
1	0.0539856676615666
1	0
1	0.00133430708006449
1	0.00266984619484892
1	0.00400660944509677
1	0.00534458895682465
1	0.00668377688125166
1	0.00802416539472899
1	0.00936574669866969
1	0.0107085130194787
1	0.0120524566084827
1	0.0133975697418612
1	0.014743844720576
1	0.0160912738703028
1	0.0174398495413617
1	0.0187895641086482
1	0.0201404099715649
1	0.0214923795539525
1	0.0228454653040214
1	0.0241996596942841
1	0.0255549552214865
1	0.0269113444065406
1	0.0282688197944566
1	0.0296273739542755
1	0.0309869994790018
1	0.0323476889855364
1	0.0337094351146099
1	0.0350722305307155
1	0.0364360679220428
1	0.0378009400004111
1	0.0391668395012035
1	0.0405337591833006
1	0.0419016918290148
1	0.0432706302440246
1	0.0446405672573093
1	0.0460114957210834
1	0.0473834085107314
1	0.0487562985247431
1	0.0501301586846488
1	0.0515049819349544
1	0.0528807612430772
1	0.0542574895992817
1	0
1	0.0013553807149717
1	0.00271193077548656
1	0.00406964245357178
1	0.00542850804607289
1	0.00678851987458437
1	0.00814967028538044
1	0.00951195164934603
1	0.0108753563619079
1	0.012239876842966
1	0.0136055055368249
1	0.0149722349121258
1	0.0163400574617779
1	0.0177089657028911
1	0.0190789521767075
1	0.0204500094485346
1	0.0218221301076773
1	0.0231953067673711
1	0.0245695320647149
1	0.0259447986606041
1	0.027321099239664
1	0.0286984265101834
1	0.0300767732040481
1	0.0314561320766749
1	0.0328364959069457
1	0.0342178574971414
1	0.0356002096728767
1	0.0369835452830345
1	0.0383678571997004
1	0.0397531383180983
1	0.0411393815565245
1	0.042526579856284
1	0.0439147261816253
1	0.045303813519676
1	0.0466938348803791
1	0.0480847832964283
1	0.0494766518232048
1	0.050869433538713
1	0.0522631215435173
1	0.0536577089606788
1	0.0550531889356918
1	0
1	0.00135793388657366
1	0.00271702952359708
1	0.00407727920384925
1	0.00543867524487248
1	0.00680120998890303
1	0.00816487580280211
1	0.00952966507798696
1	0.0108955702303622
1	0.0122625837002511
1	0.0136306979523276
1	0.0149999054755478
1	0.0163701987830823
1	0.0177415704122482
1	0.0191140129244414
1	0.0204875189050694
1	0.0218620809634841
1	0.0232376917329145
1	0.0246143438703998
1	0.025992030056723
1	0.0273707429963441
1	0.0287504754173339
1	0.0301312200713075
1	0.0315129697333588
1	0.0328957172019944
1	0.0342794552990678
1	0.0356641768697145
1	0.037049874782286
1	0.038436541928285
1	0.0398241712223008
1	0.0412127556019439
1	0.0426022880277817
1	0.0439927614832743
1	0.0453841689747099
1	0.0467765035311408
1	0.0481697582043198
1	0.0495639260686359
1	0.0509590002210512
1	0.0523549737810374
1	0.0537518398905126
1	0.0551495917137779
1	0
1	0.00136026528449883
1	0.00272168538407925
1	0.00408425261046956
1	0.00544795930011103
1	0.00681279781408873
1	0.00817876053806264
1	0.00954583988219883
1	0.010914028281101
1	0.0122833181937418
1	0.0136537021033951
1	0.0150251725175675
1	0.0163977219679309
1	0.0177713430102543
1	0.0191460282243369
1	0.0205217702139404
1	0.0218985616067221
1	0.0232763950541679
1	0.0246552632315256
1	0.0260351588377379
1	0.0274160745953767
1	0.0287980032505765
1	0.030180937572968
1	0.0315648703556131
1	0.0329497944149384
1	0.0343357025906701
1	0.0357225877457683
1	0.0371104427663625
1	0.0384992605616858
1	0.0398890340640107
1	0.0412797562285841
1	0.0426714200335631
1	0.0440640184799502
1	0.04545754459153
1	0.0468519914148044
1	0.0482473520189294
1	0.0496436194956511
1	0.0510407869592426
1	0.0524388475464403
1	0.0538377944163814
1	0.0552376207505404
1	0
1	0.00143108515034286
1	0.00286311444308993
1	0.0042960807655839
1	0.00572997702835219
1	0.00716479616504188
1	0.00860053113235471
1	0.0100371749099824
1	0.0114747205005419
1	0.0129131609295112
1	0.0143524892451648
1	0.0157926985185101
1	0.0172337818432229
1	0.0186757323355841
1	0.020118543134416
1	0.0215622074010189
1	0.023006718319108
1	0.0244520690947501
1	0.025898252956301
1	0.0273452631543427
1	0.0287930929616207
1	0.0302417356729818
1	0.031691184605312
1	0.033141433097474
1	0.0345924745102459
1	0.036044302226259
1	0.0374969096499368
1	0.0389502902074329
1	0.0404044373465705
1	0.0418593445367809
1	0.0433150052690429
1	0.0447714130558216
1	0.0462285614310085
1	0.0476864439498608
1	0.0491450541889409
1	0.0506043857460567
1	0.0520644322402016
1	0.0535251873114948
1	0.0549866446211214
1	0.0564487978512732
1	0.0579116407050898
1	0
1	0.00147788828101104
1	0.00295658147596645
1	0.00443607285261849
1	0.00591635570089422
1	0.007397423332833
1	0.00887926908252427
1	0.0103618863060453
1	0.0118452683813995
1	0.0133294087084541
1	0.0148143007088793
1	0.0162999378260859
1	0.017786313525165
1	0.0192734212928258
1	0.0207612546373357
1	0.0222498070884585
1	0.0237390721973946
1	0.02522904353672
1	0.0267197147003262
1	0.02821107930336
1	0.0297031309821634
1	0.0311958633942139
1	0.032689270218065
1	0.0341833451532862
1	0.0356780819204041
1	0.0371734742608431
1	0.0386695159368663
1	0.0401662007315164
1	0.0416635224485576
1	0.0431614749124165
1	0.0446600519681239
1	0.0461592474812566
1	0.047659055337879
1	0.0491594694444858
1	0.0506604837279435
1	0.0521620921354334
1	0.0536642886343937
1	0.0551670672124624
1	0.0566704218774201
1	0.0581743466571329
1	0.0596788355994959
1	0
1	0.00148137535481165
1	0.00296354525033178
1	0.00444650298265513
1	0.00593024186997597
1	0.00741475525252585
1	0.0089000364925115
1	0.0103860789740529
1	0.0118728761031216
1	0.0133604213074789
1	0.0148487080366146
1	0.0163377297616859
1	0.0178274799754558
1	0.0193179521922327
1	0.0208091399478093
1	0.0223010367994019
1	0.0237936363255905
1	0.0252869321262579
1	0.0267809178225298
1	0.028275587056715
1	0.0297709334922453
1	0.0312669508136161
1	0.0327636327263269
1	0.0342609729568218
1	0.0357589652524306
1	0.0372576033813094
1	0.0387568811323822
1	0.040256792315282
1	0.0417573307602923
1	0.0432584903182886
1	0.0447602648606806
1	0.0462626482793534
1	0.0477656344866104
1	0.0492692174151152
1	0.0507733910178338
1	0.0522781492679776
1	0.0537834861589456
1	0.0552893957042679
1	0.0567958719375481
1	0.058302908912407
1	0.0598105007024256
1	0
1	0.00150506384095404
1	0.00301085175486378
1	0.00451735723036078
1	0.00602457377766501
1	0.00753249492852384
1	0.00904111423615139
1	0.0105504252751678
1	0.0120604216415391
1	0.0135710969525163
1	0.0150824448465762
1	0.0165944589833607
1	0.0181071330436172
1	0.0196204607291393
1	0.0211344357627069
1	0.0226490518880271
1	0.0241643028696752
1	0.0256801824930354
1	0.0271966845642421
1	0.0287138029101215
1	0.0302315313781326
1	0.0317498638363093
1	0.0332687941732019
1	0.0347883162978192
1	0.0363084241395706
1	0.0378291116482084
1	0.03935037279377
1	0.0408722015665208
1	0.0423945919768969
1	0.0439175380554478
1	0.0454410338527794
1	0.0469650734394976
1	0.0484896509061512
1	0.0500147603631756
1	0.0515403959408365
1	0.0530665517891736
1	0.0545932220779446
1	0.0561204009965694
1	0.0576480827540741
1	0.0591762615790356
1	0.0607049317195263
1	0
1	0.0015082323382164
1	0.00301717932384394
1	0.0045268344712673
1	0.00603719131639119
1	0.00754824341657955
1	0.00905998435059503
1	0.0105724077185385
1	0.0120855071417889
1	0.0135992762629431
1	0.015113708745756
1	0.0166287982750805
1	0.0181445385568085
1	0.0196609233178108
1	0.0211779463058782
1	0.0226956012896623
1	0.0242138820586163
1	0.0257327824229367
1	0.0272522962135041
1	0.028772417281825
1	0.0302931394999734
1	0.0318144567605328
1	0.0333363629765376
1	0.0348588520814161
1	0.0363819180289319
1	0.0379055547931271
1	0.0394297563682643
1	0.0409545167687698
1	0.0424798300291762
1	0.0440056902040656
1	0.0455320913680128
1	0.0470590276155287
1	0.0485864930610036
1	0.0501144818386513
1	0.0516429881024523
1	0.0531720060260984
1	0.0547015298029366
1	0.056231553645913
1	0.0577620717875179
1	0.0592930784797298
1	0.0608245679939603
1	0
1	0.00156565950581987
1	0.00313186282654493
1	0.00469860394332019
1	0.00626587685757145
1	0.00783367559094784
1	0.00940199418526444
1	0.0109708267024451
1	0.0125401672244656
1	0.0141100098532964
1	0.0156803487108463
1	0.0172511779389057
1	0.0188224916990903
1	0.0203942841727846
1	0.0219665495610861
1	0.0235392820847492
1	0.0251124759841294
1	0.0266861255191274
1	0.0282602249691343
1	0.0298347686329754
1	0.0314097508288555
1	0.0329851658943037
1	0.0345610081861186
1	0.0361372720803134
1	0.0377139519720611
1	0.0392910422756407
1	0.0408685374243821
1	0.0424464318706123
1	0.0440247200856015
1	0.045603396559509
1	0.0471824558013293
1	0.0487618923388389
1	0.0503417007185428
1	0.0519218755056208
1	0.0535024112838747
1	0.0550833026556752
1	0.0566645442419091
1	0.0582461306819262
1	0.0598280566334872
1	0.061410316772711
1	0.0629929057940224
1	0
1	0.00156634316222131
1	0.00313322810562855
1	0.0047006488169234
1	0.0062685993030736
1	0.00783707359125546
1	0.00940606572879658
1	0.0109755697831188
1	0.0125455798416809
1	0.0141160900119224
1	0.0156870944212062
1	0.0172585872167624
1	0.0188305625656319
1	0.0204030146546103
1	0.0219759376901914
1	0.0235493258985119
1	0.025123173525295
1	0.0266974748357954
1	0.0282722241147431
1	0.029847415666289
1	0.0314230438139488
1	0.0329991029005487
1	0.03457558728817
1	0.036152491358095
1	0.0377298095107515
1	0.0393075361656592
1	0.0408856657613753
1	0.0424641927554398
1	0.044043111624322
1	0.0456224168633668
1	0.0472021029867403
1	0.048782164527377
1	0.050362596036926
1	0.0519433920856978
1	0.053524547262611
1	0.0551060561751396
1	0.0566879134492601
1	0.0582701137293988
1	0.0598526516783789
1	0.0614355219773687
1	0.0630187193258288
1	0
1	0.00160000085534528
1	0.00320044336804484
1	0.0048013217983656
1	0.00640263042611421
1	0.00800436355058151
1	0.0096065154904872
1	0.0112090805839245
1	0.0128120531883052
1	0.0144154276803045
1	0.0160191984558066
1	0.0176233599298495
1	0.0192279065365711
1	0.0208328327291543
1	0.0224381329797733
1	0.0240438017795391
1	0.025649833638446
1	0.0272562230853173
1	0.0288629646677523
1	0.0304700529520724
1	0.0320774825232678
1	0.0336852479849444
1	0.0352933439592709
1	0.0369017650869255
1	0.0385105060270436
1	0.0401195614571648
1	0.0417289260731805
1	0.0433385945892819
1	0.0449485617379072
1	0.0465588222696901
1	0.0481693709534077
1	0.0497802025759285
1	0.0513913119421612
1	0.0530026938750026
1	0.054614343215287
1	0.0562262548217342
1	0.0578384235708992
1	0.0594508443571205
1	0.0610635120924698
1	0.0626764217067012
1	0.0642895681472006
1	0
1	0.00160784835999967
1	0.00321611503284715
1	0.00482479434259283
1	0.00643388063265748
1	0.00804336826577719
1	0.00965325162394841
1	0.0112635251083732
1	0.0128741831394044
1	0.0144852201564915
1	0.0160966306181259
1	0.0177084090017868
1	0.0193205498038875
1	0.0209330475397208
1	0.0225458967434059
1	0.0241590919678343
1	0.0257726277846167
1	0.0273864987840292
1	0.0290006995749606
1	0.0306152247848592
1	0.0322300690596794
1	0.0338452270638298
1	0.03546069348012
1	0.037076463009708
1	0.0386925303720486
1	0.0403088903048401
1	0.0419255375639734
1	0.0435424669234792
1	0.0451596731754767
1	0.0467771511301219
1	0.0483948956155557
1	0.0500129014778532
1	0.051631163580972
1	0.0532496768067013
1	0.0548684360546108
1	0.0564874362420001
1	0.058106672303848
1	0.0597261391927617
1	0.0613458318789268
1	0.0629657453500566
1	0.0645858746113426
1	0
1	0.00162178073928893
1	0.00324393834582829
1	0.00486646725690896
1	0.0064893619288916
1	0.00811261683715229
1	0.00973622647602845
1	0.0113601853587648
1	0.0129844880174593
1	0.01460912900301
1	0.0162341028850607
1	0.0178594042519481
1	0.0194850277106483
1	0.0211109678867236
1	0.0227372194242696
1	0.0243637769858624
1	0.0259906352525058
1	0.0276177889235786
1	0.0292452327167823
1	0.0308729613680891
1	0.0325009696316891
1	0.0341292522799389
1	0.0357578041033093
1	0.037386619910334
1	0.0390156945275576
1	0.0406450227994844
1	0.0422745995885269
1	0.043904419774955
1	0.0455344782568444
1	0.0471647699500262
1	0.048795289788036
1	0.0504260327220631
1	0.0520569937209001
1	0.0536881677708929
1	0.0553195498758898
1	0.0569511350571921
1	0.0585829183535037
1	0.0602148948208816
1	0.0618470595326859
1	0.0634794075795306
1	0.0651119340692339
1	0
1	0.00165613998554525
1	0.0033125546275514
1	0.00496923864257669
1	0.0066261867655077
1	0.00828339374950696
1	0.00994085436596075
1	0.0115985634044271
1	0.0132565156725836
1	0.0149147059961761
1	0.0165731292189666
1	0.0182317802026819
1	0.0198906538269621
1	0.0215497449893098
1	0.0232090486050384
1	0.0248685596072216
1	0.0265282729466425
1	0.0281881835917425
1	0.0298482865285713
1	0.0315085767607364
1	0.0331690493093525
1	0.0348296992129915
1	0.0364905215276328
1	0.038151511326613
1	0.0398126637005763
1	0.0414739737574252
1	0.0431354366222705
1	0.0447970474373825
1	0.0464588013621413
1	0.0481206935729882
1	0.0497827192633764
1	0.0514448736437224
1	0.0531071519413572
1	0.0547695494004781
1	0.0564320612820997
1	0.0580946828640061
1	0.0597574094407026
1	0.0614202363233677
1	0.0630831588398051
1	0.0647461723343962
1	0.0664092721680522
1	0
1	0.00168124351942302
1	0.0033626870181153
1	0.00504432541667325
1	0.00672615365347988
1	0.00840816668465391
1	0.0100903594839989
1	0.0117727270429528
1	0.0134552643705371
1	0.0151379664933067
1	0.0168208284552996
1	0.0185038453179868
1	0.0201870121602222
1	0.021870324078193
1	0.0235537761853699
1	0.0252373636124572
1	0.0269210815073439
1	0.028604925035054
1	0.0302888893776977
1	0.0319729697344218
1	0.0336571613213612
1	0.0353414593715904
1	0.037025859135074
1	0.0387103558786191
1	0.0403949448858261
1	0.0420796214570413
1	0.0437643809093081
1	0.0454492185763192
1	0.047134129808369
1	0.0488191099723055
1	0.0505041544514828
1	0.052189258645714
1	0.0538744179712232
1	0.0555596278605988
1	0.0572448837627462
1	0.0589301811428408
1	0.0606155154822815
1	0.0623008822786434
1	0.0639862770456318
1	0.0656716953130353
1	0.0673571326266799
1	0
1	0.00168838500343265
1	0.0033769487418758
1	0.00506568619397084
1	0.00675459235599175
1	0.00844366224179443
1	0.0101328908827664
1	0.0118222733277766
1	0.0135118046431251
1	0.0152014799124932
1	0.0168912942368937
1	0.018581242734621
1	0.0202713205412017
1	0.021961522809345
1	0.0236518447088935
1	0.0253422814267738
1	0.0270328281669479
1	0.0287234801503638
1	0.0304142326149071
1	0.032105080815352
1	0.0337960200233131
1	0.0354870455271969
1	0.0371781526321535
1	0.0388693366600284
1	0.0405605929493148
1	0.0422519168551053
1	0.0439433037490446
1	0.0456347490192816
1	0.0473262480704221
1	0.0490177963234813
1	0.0507093892158366
1	0.0524010222011807
1	0.0540926907494744
1	0.0557843903468998
1	0.0574761164958137
1	0.0591678647147008
1	0.0608596305381277
1	0.0625514095166958
1	0.064243197216996
1	0.0659349892215617
1	0.0676267811288236
1	0
1	0.00172878160604327
1	0.00345762177657244
1	0.00518651581856712
1	0.00691545905576772
1	0.00864444682862719
1	0.010373474494263
1	0.012102537426409
1	0.0138316310153679
1	0.015560750667963
1	0.0172898918074913
1	0.0190190498736754
1	0.0207482203226166
1	0.0224773986267476
1	0.0242065802747852
1	0.0259357607716836
1	0.0276649356385876
1	0.0293941004127858
1	0.0311232506476638
1	0.0328523819126583
1	0.0345814897932105
1	0.0363105698907196
1	0.0380396178224974
1	0.0397686292217217
1	0.0414975997373909
1	0.0432265250342783
1	0.0449554007928861
1	0.0466842227094007
1	0.0484129864956466
1	0.0501416878790417
1	0.051870322602552
1	0.0535988864246469
1	0.0553273751192539
1	0.0570557844757144
1	0.0587841102987388
1	0.060512348408362
1	0.0622404946398994
1	0.0639685448439023
1	0.0656964948861139
1	0.0674243406474252
1	0.0691520780238316
1	0
1	0.00172936275192526
1	0.00345878233956219
1	0.00518825407461389
1	0.00691777328553167
1	0.00864733531746695
1	0.0103769355322231
1	0.0121065693082076
1	0.013836232040384
1	0.0155659191402247
1	0.0172956260356628
1	0.0190253481710451
1	0.0207550810070846
1	0.0224848200208136
1	0.0242145607055362
1	0.0259442985707818
1	0.0276740291422582
1	0.0294037479618047
1	0.031133450587346
1	0.0328631325928453
1	0.0345927895682585
1	0.0363224171194877
1	0.0380520108683352
1	0.0397815664524579
1	0.041511079525321
1	0.0432405457561528
1	0.0449699608298989
1	0.046699320447177
1	0.0484286203242313
1	0.0501578561928876
1	0.0518870238005081
1	0.0536161189099467
1	0.0553451372995038
1	0.0570740747628821
1	0.0588029271091415
1	0.0605316901626552
1	0.0622603597630651
1	0.0639889317652374
1	0.0657174020392191
1	0.0674457664701935
1	0.0691740209584365
1	0
1	0.00183268889548354
1	0.00366512725536357
1	0.0054973112311642
1	0.00732923698892818
1	0.0091609007091745
1	0.0109922985868562
1	0.0128234268313182
1	0.0146542816662554
1	0.0164848593296707
1	0.0183151560738331
1	0.0201451681652366
1	0.0219748918845579
1	0.0238043235266154
1	0.0256334594003278
1	0.027462295828673
1	0.0292908291486467
1	0.0311190557112218
1	0.0329469718813072
1	0.0347745740377072
1	0.0366018585730809
1	0.0384288218939015
1	0.040255460420416
1	0.0420817705866047
1	0.0439077488401413
1	0.0457333916423525
1	0.0475586954681781
1	0.0493836568061313
1	0.0512082721582585
1	0.0530325380401001
1	0.0548564509806506
1	0.0566800075223194
1	0.0585032042208913
1	0.0603260376454872
1	0.0621485043785251
1	0.0639706010156812
1	0.0657923241658505
1	0.0676136704511088
1	0.0694346365066728
1	0.0712552189808629
1	0.0730754145350636
1	0
1	0.00184044459414535
1	0.00368061558128226
1	0.00552050917597212
1	0.0073601216071276
1	0.00919944911797069
1	0.0110384879659909
1	0.0128772344229038
1	0.0147156847746089
1	0.016553835321149
1	0.0183916823766681
1	0.0202292222693707
1	0.0220664513414803
1	0.0239033659491987
1	0.0257399624626649
1	0.0275762372659145
1	0.0294121867568389
1	0.0312478073471448
1	0.0330830954623136
1	0.0349180475415613
1	0.0367526600377983
1	0.0385869294175887
1	0.0404208521611113
1	0.0422544247621187
1	0.044087643727898
1	0.0459205055792313
1	0.0477530068503557
1	0.0495851440889238
1	0.051416913855965
1	0.0532483127258453
1	0.055079337286229
1	0.0569099841380392
1	0.0587402498954189
1	0.0605701311856922
1	0.0623996246493257
1	0.0642287269398898
1	0.0660574347240201
1	0.0678857446813791
1	0.0697136535046178
1	0.0715411578993378
1	0.0733682545840525
1	0
1	0.00187431190922699
1	0.00374824946403717
1	0.00562180915426095
1	0.00749498748334918
1	0.00936778096833313
1	0.0112401861397847
1	0.0131121995417764
1	0.0149838177318423
1	0.0168550372809375
1	0.0187258547733997
1	0.0205962668069093
1	0.0224662699924501
1	0.0243358609542707
1	0.0262050363298447
1	0.0280737927698326
1	0.0299421269380425
1	0.0318100355113916
1	0.0336775151798674
1	0.0355445626464894
1	0.0374111746272708
1	0.0392773478511799
1	0.0411430790601023
1	0.0430083650088025
1	0.0448732024648862
1	0.0467375882087621
1	0.0486015190336046
1	0.0504649917453159
1	0.0523280031624882
1	0.0541905501163667
1	0.056052629450812
1	0.0579142380222629
1	0.0597753726996991
1	0.0616360303646047
1	0.0634962079109303
1	0.0653559022450572
1	0.06721511028576
1	0.06907382896417
1	0.0709320552237389
1	0.0727897860202023
1	0.0746470183215432
1	0
1	0.00189001221743665
1	0.00377960337568056
1	0.00566877009217213
1	0.00755750899763343
1	0.00944581673602901
1	0.0113336899645271
1	0.0132211253534603
1	0.0151081195862876
1	0.0169946693595548
1	0.0188807713828564
1	0.0207664223787974
1	0.0226516190829543
1	0.0245363582438374
1	0.0264206366228523
1	0.0283044509942622
1	0.0301877981451496
1	0.0320706748753787
1	0.0339530779975575
1	0.0358350043370005
1	0.0377164507316906
1	0.0395974140322423
1	0.041477891101864
1	0.0433578788163209
1	0.0452373740638978
1	0.0471163737453621
1	0.0489948747739269
1	0.0508728740752145
1	0.0527503685872189
1	0.0546273552602701
1	0.0565038310569969
1	0.0583797929522908
1	0.0602552379332696
1	0.0621301629992412
1	0.0640045651616675
1	0.0658784414441285
1	0.0677517888822859
1	0.0696246045238479
1	0.071496885428533
1	0.0733686286680347
1	0.0752398313259858
1	0
1	0.00190659347832438
1	0.00381271657205016
1	0.00571836603338801
1	0.00762353862747246
1	0.00952823113232367
1	0.0114324403388095
1	0.0133361630506074
1	0.0152393960841667
1	0.0171421362686708
1	0.0190443804459997
1	0.0209461254706922
1	0.0228473682099085
1	0.0247481055433931
1	0.0266483343634375
1	0.0285480515748428
1	0.0304472540948831
1	0.0323459388532681
1	0.0342441027921068
1	0.0361417428658704
1	0.0380388560413557
1	0.0399354392976487
1	0.0418314896260883
1	0.0437270040302297
1	0.0456219795258081
1	0.0475164131407031
1	0.0494103019149021
1	0.0513036429004646
1	0.0531964331614867
1	0.0550886697740645
1	0.0569803498262596
1	0.0588714704180624
1	0.0607620286613576
1	0.0626520216798883
1	0.0645414466092211
1	0.0664303005967107
1	0.0683185808014648
1	0.0702062843943094
1	0.0720934085577538
1	0.0739799504859557
1	0.0758659073846869
1	0
1	0.00191292030941846
1	0.00382535141338305
1	0.00573729011552806
1	0.00764873323227513
1	0.00955967759279539
1	0.0114701200389718
1	0.0133800574253615
1	0.0152894866191584
1	0.0171984045001558
1	0.0191068079607091
1	0.0210146939056984
1	0.0229220592524919
1	0.0248289009309085
1	0.0267352158831808
1	0.028641001063919
1	0.0305462534400736
1	0.032450969990899
1	0.034355147707917
1	0.0362587835948806
1	0.0381618746677375
1	0.0400644179545941
1	0.0419664104956792
1	0.0438678493433082
1	0.0457687315618472
1	0.0476690542276771
1	0.049568814429158
1	0.0514680092665938
1	0.0533666358521961
1	0.0552646913100496
1	0.0571621727760762
1	0.059059077398
1	0.0609554023353122
1	0.0628511447592362
1	0.0647463018526925
1	0.066640870810264
1	0.068534848838161
1	0.070428233154187
1	0.072321020987704
1	0.0742132095795978
1	0.0761047961822441
1	0
1	0.00192077035946633
1	0.00384102816140035
1	0.00576077027324055
1	0.00767999357504328
1	0.0095986949594455
1	0.0115168713316275
1	0.0134345196092756
1	0.0153516367225454
1	0.0172682196140246
1	0.0191842652386963
1	0.0210997705639021
1	0.0230147325693055
1	0.0249291482468555
1	0.0268430146007501
1	0.0287563286473998
1	0.0306690874153916
1	0.0325812879454524
1	0.0344929272904138
1	0.0364040025151751
1	0.0383145106966683
1	0.040224448923822
1	0.0421338142975255
1	0.044042603930594
1	0.0459508149477321
1	0.0478584444854993
1	0.0497654896922745
1	0.0516719477282205
1	0.0535778157652493
1	0.0554830909869869
1	0.0573877705887388
1	0.0592918517774545
1	0.0611953317716936
1	0.0630982078015906
1	0.0650004771088207
1	0.0669021369465654
1	0.0688031845794781
1	0.0707036172836496
1	0.0726034323465747
1	0.0745026270671174
1	0.0764011987554774
1	0
1	0.00193052397749027
1	0.00386050638269654
1	0.00578994416233337
1	0.00771883427552277
1	0.00964717369375738
1	0.0115749594008638
1	0.013502188392966
1	0.0154288576784488
1	0.0173549642779213
1	0.0192805052241811
1	0.0212054775621775
1	0.0231298783489756
1	0.0250537046537206
1	0.0269769535576015
1	0.0288996221538154
1	0.030821707547532
1	0.0327432068558576
1	0.0346641172078001
1	0.036584435744233
1	0.0385041596178606
1	0.0404232859931824
1	0.0423418120464583
1	0.0442597349656733
1	0.0461770519505026
1	0.048093760212277
1	0.0500098569739479
1	0.0519253394700526
1	0.05384020494668
1	0.0557544506614362
1	0.0576680738834097
1	0.0595810718931374
1	0.0614934419825706
1	0.0634051814550405
1	0.0653162876252246
1	0.0672267578191125
1	0.0691365893739724
1	0.071045779638317
1	0.0729543259718703
1	0.0748622257455338
1	0.0767694763413531
1	0
1	0.00193720535574808
1	0.00387384926366128
1	0.00580992872475952
1	0.00774544075232598
1	0.00968038237187068
1	0.0116147506210942
1	0.0135485425498513
1	0.0154817552201152
1	0.0174143857059409
1	0.0193464310934299
1	0.0212778884806942
1	0.0232087549778201
1	0.0251390277068334
1	0.027068703801663
1	0.0289977804081062
1	0.0309262546837929
1	0.0328541237981505
1	0.0347813849323688
1	0.0367080352793648
1	0.038634072043748
1	0.0405594924417853
1	0.0424842937013663
1	0.0444084730619687
1	0.0463320277746236
1	0.0482549551018813
1	0.0501772523177765
1	0.0520989167077943
1	0.054019945568836
1	0.0559403362091847
1	0.0578600859484719
1	0.0597791921176428
1	0.0616976520589231
1	0.063615463125785
1	0.0655326226829136
1	0.0674491281061733
1	0.0693649767825743
1	0.0712801661102397
1	0.0731946934983715
1	0.0751085563672179
1	0.07702175214804
1	0
1	0.00194305456430075
1	0.00388553028072765
1	0.00582742419784219
1	0.00776873337634291
1	0.00970945488902932
1	0.0116495858207659
1	0.0135891232684462
1	0.015528064340957
1	0.0174664061591428
1	0.01940414585577
1	0.0213412805754914
1	0.0232778074748113
1	0.0252137237220492
1	0.0271490264973056
1	0.0290837129924263
1	0.0310177804109676
1	0.0329512259681613
1	0.0348840468908799
1	0.0368162404176018
1	0.0387478037983769
1	0.0406787342947917
1	0.0426090291799351
1	0.0445386857383642
1	0.0464677012660694
1	0.0483960730704411
1	0.0503237984702349
1	0.052250874795538
1	0.0541772993877354
1	0.0561030695994757
1	0.0580281827946378
1	0.059952636348297
1	0.0618764276466918
1	0.06379955408719
1	0.065722013078256
1	0.0676438020394171
1	0.0695649184012302
1	0.0714853596052495
1	0.0734051231039927
1	0.0753242063609084
1	0.0772426068503438
1	0
1	0.00197209066066218
1	0.00394351609779745
1	0.00591427359596882
1	0.00788436045124977
1	0.0098537739711898
1	0.0118225114747801
1	0.0137905702924194
1	0.0157579477658796
1	0.0177246412482719
1	0.0196906481040125
1	0.0216559657087894
1	0.0236205914495277
1	0.0255845227243568
1	0.027547756942576
1	0.0295102915246218
1	0.0314721239020336
1	0.0334332515174211
1	0.0353936718244308
1	0.0373533822877126
1	0.0393123803828874
1	0.0412706635965134
1	0.0432282294260536
1	0.0451850753798431
1	0.0471411989770562
1	0.0490965977476739
1	0.0510512692324514
1	0.0530052109828855
1	0.0549584205611827
1	0.0569108955402263
1	0.058862633503545
1	0.06081363204528
1	0.0627638887701539
1	0.0647134012934379
1	0.0666621672409208
1	0.0686101842488769
1	0.0705574499640342
1	0.0725039620435432
1	0.0744497181549453
1	0.0763947159761413
1	0.0783389531953605
1	0
1	0.00200194858933619
1	0.00400314313473188
1	0.00600358116343133
1	0.00800326021354494
1	0.0100021778340166
1	0.0120003315845909
1	0.0139977190357807
1	0.0159943377688346
1	0.0179901853757045
1	0.0199852594590132
1	0.0219795576320226
1	0.0239730775186012
1	0.0259658167531919
1	0.0279577729807807
1	0.0299489438568642
1	0.0319393270474181
1	0.0339289202288657
1	0.0359177210880457
1	0.0379057273221815
1	0.0398929366388491
1	0.041879346755946
1	0.0438649554016601
1	0.0458497603144384
1	0.0478337592429557
1	0.049816949946084
1	0.0517993301928615
1	0.0537808977624613
1	0.0557616504441614
1	0.0577415860373136
1	0.0597207023513129
1	0.0616989972055672
1	0.0636764684294668
1	0.065653113862354
1	0.0676289313534932
1	0.0696039187620402
1	0.0715780739570126
1	0.0735513948172596
1	0.0755238792314322
1	0.0774955250979532
1	0.0794663303249876
1	0
1	0.00201812778157787
1	0.00403545338987036
1	0.00605197448362403
1	0.00806768873210249
1	0.0100825938150545
1	0.0120966874226825
1	0.0141099672556105
1	0.016122431024853
1	0.018134076451783
1	0.0201449012681011
1	0.0221549032158039
1	0.0241640800471529
1	0.026172429524643
1	0.0281799494209722
1	0.0301866375190099
1	0.0321924916117662
1	0.0341975095023616
1	0.0362016890039955
1	0.0382050279399161
1	0.0402075241433898
1	0.0422091754576705
1	0.0442099797359695
1	0.046209934841425
1	0.0482090386470721
1	0.0502072890358125
1	0.0522046839003845
1	0.0542012211433329
1	0.0561968986769796
1	0.0581917144233931
1	0.0601856663143596
1	0.0621787522913524
1	0.0641709703055035
1	0.0661623183175729
1	0.0681527942979203
1	0.070142396226475
1	0.0721311220927072
1	0.0741189698955986
1	0.0761059376436132
1	0.0780920233546687
1	0.0800772250561074
1	0
1	0.0020887046141065
1	0.00417639710521799
1	0.00626307570572008
1	0.00834873865699245
1	0.010433384209381
1	0.0125170106221702
1	0.0145996161635554
1	0.016681199110615
1	0.0187617577492832
1	0.0208412903743225
1	0.0229197952892963
1	0.0249972708065416
1	0.0270737152471415
1	0.0291491269408988
1	0.0312235042263081
1	0.0332968454505292
1	0.0353691489693604
1	0.037440413147211
1	0.0395106363570753
1	0.0415798169805054
1	0.0436479534075845
1	0.0457150440369009
1	0.0477810872755209
1	0.0498460815389629
1	0.0519100252511708
1	0.0539729168444876
1	0.0560347547596297
1	0.0580955374456603
1	0.0601552633599637
1	0.062213930968219
1	0.0642715387443746
1	0.0663280851706222
1	0.0683835687373708
1	0.0704379879432215
1	0.0724913412949416
1	0.0745436273074389
1	0.0765948445037366
1	0.0786449914149478
1	0.0806940665802501
1	0.0827420685468602
1	0
1	0.00212496840060449
1	0.00424881680185891
1	0.00637154373089607
1	0.00849314772306029
1	0.0106136273218817
1	0.0127329810790506
1	0.0148512075543915
1	0.0169683053158381
1	0.0190842729394073
1	0.0211991090091741
1	0.023312812117246
1	0.0254253808637379
1	0.0275368138567471
1	0.0296471097123276
1	0.0317562670544654
1	0.0338642845150536
1	0.0359711607338672
1	0.0380768943585385
1	0.0401814840445319
1	0.0422849284551199
1	0.0443872262613575
1	0.0464883761420585
1	0.0485883767837705
1	0.0506872268807506
1	0.0527849251349408
1	0.054881470255944
1	0.0569768609609998
1	0.0590710959749598
1	0.0611641740302643
1	0.0632560938669173
1	0.0653468542324634
1	0.0674364538819635
1	0.0695248915779708
1	0.0716121660905074
1	0.0736982761970403
1	0.0757832206824579
1	0.0778669983390465
1	0.0799496079664664
1	0.0820310483717289
1	0.084111318369173
1	0
1	0.00212707102155223
1	0.00425301578894469
1	0.00637783284639999
1	0.00850152074630692
1	0.0106240780491948
1	0.012745503323708
1	0.01486579514658
1	0.0169849521026088
1	0.0191029727846305
1	0.0212198557934949
1	0.0233355997380398
1	0.0254502032350656
1	0.0275636649093111
1	0.0296759833934276
1	0.0317871573279542
1	0.0338971853612932
1	0.036006066149685
1	0.0381137983571834
1	0.040220380655631
1	0.0423258117246346
1	0.0444300902515404
1	0.04653321493141
1	0.0486351844669956
1	0.0507359975687161
1	0.0528356529546321
1	0.0549341493504225
1	0.0570314854893598
1	0.0591276601122865
1	0.0612226719675907
1	0.0633165198111823
1	0.0654092024064694
1	0.067500718524334
1	0.0695910669431087
1	0.0716802464485529
1	0.0737682558338292
1	0.0758550938994797
1	0.0779407594534029
1	0.08002525131083
1	0.0821085682943017
1	0.0841907092336446
1	0
1	0.00213575308121759
1	0.00427035408116132
1	0.00640380161462041
1	0.00853609430436294
1	0.0106672307811106
1	0.0127972096835138
1	0.0149260296581264
1	0.0170536893593809
1	0.0191801874495635
1	0.0213055225987892
1	0.0234296934849775
1	0.0255526987938271
1	0.0276745372187916
1	0.029795207461055
1	0.0319147082295073
1	0.0340330382407196
1	0.0361501962189205
1	0.0382661808959712
1	0.0403809910113419
1	0.0424946253120868
1	0.0446070825528212
1	0.0467183614956962
1	0.0488284609103761
1	0.0509373795740133
1	0.0530451162712255
1	0.0551516697940712
1	0.0572570389420267
1	0.0593612225219619
1	0.0614642193481172
1	0.0635660282420799
1	0.0656666480327606
1	0.0677660775563703
1	0.0698643156563966
1	0.0719613611835808
1	0.074057212995895
1	0.0761518699585184
1	0.0782453309438148
1	0.0803375948313094
1	0.082428660507666
1	0.0845185268666641
1	0
1	0.00214361780062954
1	0.00428606012426884
1	0.00642732564963051
1	0.0085674130632363
1	0.0107063210593923
1	0.0128440483401646
1	0.0149805936153541
1	0.0171159556024726
1	0.0192501330267182
1	0.0213831246209507
1	0.0235149291256675
1	0.0256455452889792
1	0.0277749718665859
1	0.0299032076217523
1	0.0320302513252843
1	0.0341561017555048
1	0.0362807576982299
1	0.0384042179467449
1	0.0405264813017806
1	0.0426475465714897
1	0.044767412571423
1	0.046886078124506
1	0.0490035420610151
1	0.0511198032185546
1	0.0532348604420329
1	0.0553487125836396
1	0.0574613585028217
1	0.0595727970662611
1	0.0616830271478509
1	0.0637920476286727
1	0.0658998573969734
1	0.0680064553481425
1	0.070111840384689
1	0.0722160114162188
1	0.074318967359412
1	0.0764207071379999
1	0.0785212296827428
1	0.0806205339314072
1	0.0827186188287434
1	0.0848154833264633
1	0
1	0.0021528329702796
1	0.00430446305057631
1	0.00645488899450239
1	0.00860410956328039
1	0.010752123525719
1	0.0128989296581887
1	0.015044526744598
1	0.0171889135763694
1	0.0193320889524151
1	0.0214740516791136
1	0.0236148005702858
1	0.025754334447171
1	0.0278926521384036
1	0.0300297524799893
1	0.0321656343152815
1	0.0343002964949581
1	0.0364337378769979
1	0.0385659573266573
1	0.0406969537164472
1	0.0428267259261095
1	0.0449552728425942
1	0.0470825933600362
1	0.0492086863797323
1	0.0513335508101185
1	0.0534571855667468
1	0.0555795895722623
1	0.0577007617563811
1	0.0598207010558668
1	0.0619394064145084
1	0.0640568767830976
1	0.0661731111194061
1	0.0682881083881635
1	0.0704018675610349
1	0.0725143876165982
1	0.0746256675403223
1	0.0767357063245446
1	0.0788445029684492
1	0.0809520564780445
1	0.0830583658661414
1	0.0851634301523313
1	0
1	0.00216562641138983
1	0.00433001187527632
1	0.00649315524925512
1	0.0086550553982561
1	0.0108157111945199
1	0.0129751215175743
1	0.0151332852542114
1	0.0172902012984638
1	0.0194458685515817
1	0.0216002859220095
1	0.0237534523253632
1	0.0259053666844069
1	0.02805602792903
1	0.0302054349962244
1	0.0323535868300616
1	0.03450048238167
1	0.0366461206092122
1	0.0387905004778622
1	0.0409336209597832
1	0.0430754810341047
1	0.0452160796869003
1	0.0473554159111651
1	0.0494934887067939
1	0.0516302970805581
1	0.0537658400460844
1	0.0559001166238321
1	0.0580331258410712
1	0.0601648667318604
1	0.0622953383370251
1	0.0644245397041357
1	0.0665524698874855
1	0.0686791279480692
1	0.070804512953561
1	0.0729286239782931
1	0.0750514601032342
1	0.0771730204159676
1	0.0792933040106702
1	0.0814123099880908
1	0.083530037455529
1	0.0856464855268137
1	0
1	0.00217059729270173
1	0.004339938850681
1	0.00650802357193612
1	0.00867485036169233
1	0.0108404181323786
1	0.0130047258036047
1	0.0151677723021377
1	0.0173295565618794
1	0.0194900775238434
1	0.0216493341361317
1	0.0238073253539128
1	0.0259640501393979
1	0.0281195074618192
1	0.0302736962974066
1	0.0324266156293656
1	0.0345782644478546
1	0.0367286417499624
1	0.038877746539686
1	0.0410255778279084
1	0.043172134632376
1	0.0453174159776769
1	0.0474614208952183
1	0.0496041484232049
1	0.0517455976066166
1	0.0538857674971868
1	0.0560246571533803
1	0.0581622656403716
1	0.0602985920300235
1	0.0624336354008648
1	0.0645673948380691
1	0.0666998694334331
1	0.0688310582853553
1	0.0709609604988141
1	0.073089575185347
1	0.0752169014630289
1	0.077342938456451
1	0.0794676852966996
1	0.0815911411213347
1	0.0837133050743694
1	0.0858341763062486
1	0
1	0.00217687590646588
1	0.00435247740078939
1	0.00652680343200057
1	0.00869985295622092
1	0.0108716249366406
1	0.0130421183434955
1	0.0152113321540448
1	0.0173792653525482
1	0.0195459169302432
1	0.0217112858853229
1	0.0238753712229133
1	0.0260381719550508
1	0.0281996871006604
1	0.0303599156855329
1	0.0325188567423028
1	0.0346765093104266
1	0.03683287243616
1	0.0389879451725365
1	0.0411417265793451
1	0.0432942157231087
1	0.0454454116770618
1	0.0475953135211294
1	0.0497439203419047
1	0.0518912312326277
1	0.0540372452931635
1	0.0561819616299811
1	0.0583253793561315
1	0.0604674975912265
1	0.0626083154614176
1	0.0647478320993742
1	0.0668860466442626
1	0.0690229582417252
1	0.0711585660438589
1	0.073292869209194
1	0.0754258669026739
1	0.0775575582956332
1	0.0796879425657779
1	0.0818170188971635
1	0.0839447864801751
1	0.0860712445115063
1	0
1	0.00221645749009387
1	0.00443152282201326
1	0.00664519526650201
1	0.00885747410054132
1	0.0110683586073291
1	0.0132778480762595
1	0.0154859418029025
1	0.0176926390889831
1	0.0198979392423617
1	0.0221018415770131
1	0.0243043454130067
1	0.0265054500764858
1	0.0287051548996484
1	0.030903459220726
1	0.0331003623839644
1	0.0352958637396036
1	0.0374899626438574
1	0.0396826584588944
1	0.0418739505528173
1	0.0440638382996439
1	0.0462523210792871
1	0.0484393982775352
1	0.0506250692860325
1	0.0528093335022598
1	0.0549921903295148
1	0.0571736391768927
1	0.0593536794592672
1	0.0615323105972706
1	0.0637095320172752
1	0.0658853431513736
1	0.0680597434373599
1	0.0702327323187106
1	0.0724043092445653
1	0.074574473669708
1	0.0767432250545482
1	0.0789105628651019
1	0.0810764865729728
1	0.0832409956553338
1	0.0854040895949077
1	0.0875657678799494
1	0
1	0.00224779156768648
1	0.00449409776558417
1	0.00673891811911613
1	0.00898225215926656
1	0.011224099422562
1	0.0134644594510528
1	0.0157033317922939
1	0.0179407159993267
1	0.0201766116306603
1	0.0224110182502527
1	0.0246439354274928
1	0.0268753627371814
1	0.0291052997595133
1	0.0313337460800586
1	0.0335607012897448
1	0.0357861649848381
1	0.0380101367669255
1	0.0402326162428967
1	0.0424536030249261
1	0.0446730967304543
1	0.0468910969821707
1	0.0491076034079952
1	0.0513226156410606
1	0.0535361333196946
1	0.0557481560874019
1	0.0579586835928469
1	0.0601677154898356
1	0.0623752514372983
1	0.0645812910992718
1	0.0667858341448819
1	0.0689888802483263
1	0.0711904290888565
1	0.0733904803507612
1	0.0755890337233482
1	0.0777860889009279
1	0.0799816455827955
1	0.0821757034732141
1	0.0843682622813974
1	0.0865593217214927
1	0.0887488815125643
1	0
1	0.00226270679650396
1	0.00452388385387234
1	0.00678353081875715
1	0.00904164734304972
1	0.0112982330838628
1	0.0135532877035125
1	0.0158068108695005
1	0.0180588022544965
1	0.0203092615363198
1	0.0225581883979224
1	0.0248055825273707
1	0.0270514436178281
1	0.0292957713675377
1	0.0315385654798044
1	0.0337798256629775
1	0.0360195516304337
1	0.0382577431005591
1	0.0404943997967324
1	0.0427295214473074
1	0.0449631077855959
1	0.0471951585498504
1	0.0494256734832471
1	0.0516546523338689
1	0.0538820948546882
1	0.0561080008035499
1	0.0583323699431548
1	0.0605552020410425
1	0.0627764968695744
1	0.0649962542059173
1	0.0672144738320266
1	0.0694311555346294
1	0.0716462991052078
1	0.073859904339983
1	0.0760719710398977
1	0.0782824990106006
1	0.0804914880624295
1	0.0826989380103946
1	0.084904848674163
1	0.0871092198780415
1	0.0893120514509609
1	0
1	0.00226816312117212
1	0.00453478027190812
1	0.00679985114320829
1	0.00906337543119451
1	0.0113253528370926
1	0.0135857830672146
1	0.0158446658329416
1	0.0181020008507056
1	0.0203577878419727
1	0.0226120265332251
1	0.0248647166559444
1	0.0271158579465937
1	0.0293654501466007
1	0.0316134930023403
1	0.0338599862651175
1	0.0361049296911504
1	0.0383483230415529
1	0.0405901660823181
1	0.0428304585843008
1	0.045069200323201
1	0.0473063910795468
1	0.0495420306386778
1	0.0517761187907281
1	0.0540086553306098
1	0.0562396400579959
1	0.0584690727773044
1	0.060696953297681
1	0.062923281432983
1	0.0651480570017626
1	0.0673712798272506
1	0.0695929497373401
1	0.0718130665645696
1	0.0740316301461076
1	0.0762486403237356
1	0.0784640969438322
1	0.0806779998573569
1	0.082890348919834
1	0.0851011439913366
1	0.0873103849364705
1	0.0895180716243582
1	0
1	0.00227664215662509
1	0.00455171311964991
1	0.00682521264899123
1	0.00909714050950442
1	0.0113674964709663
1	0.013636280308058
1	0.0159034918003479
1	0.0181691307322746
1	0.0204331968931299
1	0.0226956900770419
1	0.0249566100829582
1	0.0272159567146289
1	0.0294737297805899
1	0.0317299290941462
1	0.0339845544733551
1	0.0362376057410098
1	0.0384890827246224
1	0.0407389852564076
1	0.0429873131732665
1	0.0452340663167695
1	0.0474792445331403
1	0.0497228476732396
1	0.0519648755925484
1	0.0542053281511523
1	0.0564442052137248
1	0.0586815066495112
1	0.0609172323323129
1	0.0631513821404706
1	0.065383955956849
1	0.0676149536688203
1	0.0698443751682484
1	0.0720722203514733
1	0.0742984891192946
1	0.0765231813769564
1	0.0787462970341311
1	0.0809678360049039
1	0.0831877982077569
1	0.0854061835655538
1	0.0876229920055239
1	0.0898382234592472
1	0
1	0.00236075265203212
1	0.00471968390124581
1	0.00707679419119668
1	0.00943208396856392
1	0.011785553683138
1	0.0141372037878081
1	0.01648703473855
1	0.0188350469944136
1	0.0211812410175109
1	0.0235256172730035
1	0.0258681762290906
1	0.0282089183569966
1	0.0305478441309595
1	0.032884954028218
1	0.0352202485290005
1	0.0375537281165121
1	0.0398853932769232
1	0.0422152444993574
1	0.0445432822758797
1	0.0468695071014843
1	0.0491939194740834
1	0.0515165198944946
1	0.0538373088664299
1	0.0561562868964833
1	0.0584734544941197
1	0.0607888121716628
1	0.0631023604442837
1	0.0654140998299893
1	0.0677240308496107
1	0.0700321540267915
1	0.0723384698879768
1	0.0746429789624013
1	0.0769456817820778
1	0.0792465788817865
1	0.0815456707990627
1	0.0838429580741864
1	0.0861384412501703
1	0.0884321208727489
1	0.0907239974903673
1	0.0930140716541699
1	0
1	0.00237535572062397
1	0.00474884659768699
1	0.00712047319343643
1	0.00949023607292818
1	0.011858135804015
1	0.0142241729573351
1	0.0165883481063005
1	0.0189506618270857
1	0.0213111146986159
1	0.023669707302556
1	0.0260264402232992
1	0.0283813140479554
1	0.0307343293663399
1	0.0330854867709623
1	0.0354347868570155
1	0.0377822302223638
1	0.0401278174675323
1	0.0424715491956956
1	0.0448134260126667
1	0.0471534485268859
1	0.0494916173494098
1	0.0518279330939002
1	0.0541623963766132
1	0.0564950078163884
1	0.0588257680346377
1	0.0611546776553346
1	0.0634817373050034
1	0.0658069476127082
1	0.0681303092100425
1	0.0704518227311178
1	0.0727714888125537
1	0.0750893080934665
1	0.077405281215459
1	0.0797194088226097
1	0.0820316915614624
1	0.0843421300810151
1	0.0866507250327104
1	0.0889574770704242
1	0.0912623868504554
1	0.0935654550315159
1	0
1	0.00239111312142234
1	0.00478031452467058
1	0.00716760490006613
1	0.00955298494039891
1	0.0119364553409166
1	0.0143180167993139
1	0.0166976700157223
1	0.019075415692699
1	0.0214512545352164
1	0.0238251872506523
1	0.0261972145487781
1	0.0285673371417498
1	0.0309355557440963
1	0.0333018710727098
1	0.0356662838468351
1	0.0380287947880595
1	0.0403894046203022
1	0.0427481140698042
1	0.0451049238651179
1	0.0474598347370972
1	0.049812847418887
1	0.0521639626459132
1	0.0545131811558726
1	0.0568605036887227
1	0.0592059309866718
1	0.0615494637941686
1	0.0638911028578929
1	0.0662308489267448
1	0.0685687027518354
1	0.0709046650864766
1	0.0732387366861713
1	0.0755709183086034
1	0.0779012107136283
1	0.0802296146632627
1	0.0825561309216754
1	0.0848807602551769
1	0.0872035034322101
1	0.0895243612233408
1	0.0918433344012474
1	0.0941604237407121
1	0
1	0.00242841714032951
1	0.00485481159167967
1	0.00727918434757398
1	0.00970153640319941
1	0.0121218687553979
1	0.0145401824026577
1	0.0169564783451049
1	0.0193707575844951
1	0.0217830211242048
1	0.0241932699692227
1	0.0266015051261419
1	0.0290077276031509
1	0.0314119384100257
1	0.0338141385581212
1	0.0362143290603629
1	0.0386125109312388
1	0.041008685186791
1	0.0434028528446073
1	0.0457950149238136
1	0.0481851724450649
1	0.0505733264305377
1	0.052959477903922
1	0.0553436278904124
1	0.057725777416701
1	0.0601059275109687
1	0.0624840792028773
1	0.0648602335235618
1	0.0672343915056219
1	0.0696065541831145
1	0.0719767225915457
1	0.0743448977678625
1	0.0767110807504456
1	0.0790752725791008
1	0.0814374742950518
1	0.083797686940932
1	0.086155911560777
1	0.0885121492000165
1	0.0908664009054669
1	0.0932186677253235
1	0.0955689507091527
1	0
1	0.00242864186282064
1	0.00485526036816463
1	0.00727985651138198
1	0.00970243128948135
1	0.0121229857011215
1	0.0145415207466026
1	0.0169580374278581
1	0.0193725367484459
1	0.02178501971354
1	0.0241954873299222
1	0.0266039406059735
1	0.0290103805516657
1	0.0314148081785535
1	0.0338172244997655
1	0.0362176305299966
1	0.038616027285499
1	0.0410124157840747
1	0.0434067970450667
1	0.0457991720893512
1	0.048189541939329
1	0.0505779076189178
1	0.052964270153544
1	0.0553486305701344
1	0.057730989897108
1	0.0601113491643688
1	0.0624897094032965
1	0.0648660716467398
1	0.0672404369290074
1	0.0696128062858608
1	0.0719831807545058
1	0.0743515613735851
1	0.0767179491831701
1	0.0790823452247533
1	0.0814447505412402
1	0.0838051661769418
1	0.0861635931775666
1	0.088520032590213
1	0.0908744854633616
1	0.0932269528468673
1	0.0955774357919518
1	0
1	0.00245745789203951
1	0.00491280670559804
1	0.00736604767023843
1	0.00981718201656032
1	0.0122662109761933
1	0.0147131357817899
1	0.0171579576670188
1	0.019600677866558
1	0.0220412976160879
1	0.0244798181522844
1	0.0269162407128123
1	0.0293505665363187
1	0.0317827968624255
1	0.0342129329317237
1	0.0366409759857658
1	0.0390669272670597
1	0.0414907880190617
1	0.0439125594861701
1	0.0463322429137184
1	0.0487498395479689
1	0.0511653506361059
1	0.0535787774262291
1	0.0559901211673476
1	0.0583993831093727
1	0.0608065645031117
1	0.0632116666002617
1	0.0656146906534027
1	0.0680156379159913
1	0.0704145096423546
1	0.0728113070876834
1	0.075206031508026
1	0.0775986841602819
1	0.0799892663021956
1	0.0823777791923499
1	0.08476422409016
1	0.0871486022558671
1	0.0895309149505319
1	0.091911163436029
1	0.0942893489750402
1	0.0966654728310483
1	0
1	0.00246002763911573
1	0.00491793855534887
1	0.00737373399914881
1	0.00982741522194631
1	0.0122789834761467
1	0.0147284400151233
1	0.0171757860932103
1	0.0196210229656964
1	0.0220641518888181
1	0.0245051741197528
1	0.0269440909166123
1	0.0293809035384362
1	0.0318156132451853
1	0.0342482212977347
1	0.0366787289578679
1	0.0391071374882696
1	0.0415334481525195
1	0.0439576622150859
1	0.0463797809413187
1	0.0487998055974437
1	0.0512177374505555
1	0.0536335777686116
1	0.0560473278204257
1	0.0584589888756612
1	0.0608685622048252
1	0.0632760490792621
1	0.065681450771147
1	0.0680847685534797
1	0.0704860037000784
1	0.0728851574855734
1	0.0752822311854006
1	0.0776772260757959
1	0.0800701434337885
1	0.0824609845371949
1	0.0848497506646127
1	0.0872364430954146
1	0.0896210631097422
1	0.0920036119885
1	0.0943840910133489
1	0.0967625014667011
1	0
1	0.00246352986894685
1	0.00492493259668955
1	0.00738420946214314
1	0.00984136174512847
1	0.0122963907263656
1	0.0147492976874673
1	0.0172000839109324
1	0.0196487506801393
1	0.0220952992793397
1	0.0245397309936518
1	0.0269820471090539
1	0.0294222489123784
1	0.0318603376913046
1	0.0342963147343531
1	0.0367301813308789
1	0.0391619387710654
1	0.0415915883459177
1	0.0440191313472567
1	0.0464445690677125
1	0.0488679028007183
1	0.0512891338405041
1	0.0537082634820905
1	0.0561252930212825
1	0.0585402237546631
1	0.0609530569795877
1	0.0633637939941773
1	0.0657724360973127
1	0.0681789845886284
1	0.0705834407685065
1	0.0729858059380705
1	0.0753860813991796
1	0.0777842684544222
1	0.0801803684071104
1	0.0825743825612734
1	0.0849663122216522
1	0.0873561586936932
1	0.0897439232835425
1	0.0921296072980399
1	0.0945132120447129
1	0.0968947388317712
1	0
1	0.00246985077679825
1	0.00493755560915735
1	0.00740311582736782
1	0.00986653276248961
1	0.0123278077463458
1	0.0147869421115166
1	0.0172439371913329
1	0.0196987943198701
1	0.0221515148319424
1	0.0246021000630962
1	0.0270505513496041
1	0.0294968700284592
1	0.0319410574373684
1	0.0343831149147468
1	0.0368230437997119
1	0.0392608454320767
1	0.0416965211523448
1	0.0441300723017037
1	0.0465615002220191
1	0.0489908062558291
1	0.0514179917463381
1	0.0538430580374109
1	0.0562660064735672
1	0.0586868383999752
1	0.0611055551624462
1	0.0635221581074287
1	0.0659366485820024
1	0.0683490279338728
1	0.0707592975113653
1	0.0731674586634192
1	0.0755735127395823
1	0.0779774610900052
1	0.0803793050654357
1	0.0827790460172126
1	0.085176685297261
1	0.0875722242580858
1	0.0899656642527666
1	0.0923570066349519
1	0.0947462527588536
1	0.0971334039792419
1	0
1	0.00248722924211602
1	0.00497226084288872
1	0.00745509627385847
1	0.00993573700696005
1	0.0124141845145174
1	0.0148904402692384
1	0.0173645057442096
1	0.0198363824128913
1	0.0223060717491119
1	0.0247735752270634
1	0.0272388943212957
1	0.0297020305067116
1	0.0321629852585621
1	0.0346217600524408
1	0.0370783563642792
1	0.0395327756703414
1	0.0419850194472194
1	0.0444350891718277
1	0.0468829863213985
1	0.0493287123734769
1	0.0517722688059157
1	0.0542136570968704
1	0.0566528787247947
1	0.0590899351684349
1	0.0615248279068259
1	0.0639575584192854
1	0.0663881281854097
1	0.0688165386850687
1	0.0712427913984008
1	0.0736668878058087
1	0.0760888293879538
1	0.0785086176257521
1	0.0809262540003693
1	0.0833417399932158
1	0.0857550770859421
1	0.0881662667604343
1	0.0905753104988092
1	0.0929822097834096
1	0.0953869660967998
1	0.0977895809217609
1	0
1	0.00256646273907403
1	0.00513049213552597
1	0.00769209030489543
1	0.0102512593614067
1	0.0128080014179679
1	0.0153623185861702
1	0.0179142129762876
1	0.0204636866972752
1	0.0230107418567696
1	0.0255553805610872
1	0.0280976049152244
1	0.0306374170228562
1	0.0331748189863356
1	0.0357098129066934
1	0.038242400883637
1	0.0407725850155498
1	0.0433003673994908
1	0.0458257501311938
1	0.0483487353050665
1	0.0508693250141901
1	0.0533875213503186
1	0.0559033264038783
1	0.0584167422639669
1	0.0609277710183529
1	0.0634364147534751
1	0.065942675554442
1	0.068446555505031
1	0.0709480566876882
1	0.073447181183527
1	0.0759439310723286
1	0.0784383084325403
1	0.0809303153412757
1	0.0834199538743138
1	0.0859072261060985
1	0.088392134109738
1	0.0908746799570041
1	0.0933548657183319
1	0.0958326934628192
1	0.0983081652582257
1	0.100781283170973
1	0
1	0.00257049108092549
1	0.00513853683584607
1	0.00770413941304319
1	0.010267300959396
1	0.0128280236203808
1	0.0153863095400707
1	0.0179421608611348
1	0.0204955797248381
1	0.0230465682710404
1	0.0255951286381967
1	0.0281412629633558
1	0.0306849733821605
1	0.0332262620288466
1	0.0357651310362429
1	0.0383015825357704
1	0.0408356186574422
1	0.0433672415298624
1	0.0458964532802265
1	0.0484232560343203
1	0.0509476519165198
1	0.0534696430497905
1	0.0559892315556874
1	0.0585064195543542
1	0.061021209164523
1	0.0635336025035138
1	0.0660436016872344
1	0.0685512088301797
1	0.0710564260454314
1	0.0735592554446575
1	0.0760596991381122
1	0.0785577592346353
1	0.0810534378416519
1	0.083546737065172
1	0.08603765900979
1	0.0885262057786846
1	0.0910123794736184
1	0.0934961821949374
1	0.0959776160415708
1	0.0984566831110304
1	0.100933385499411
1	0
1	0.00257227673581665
1	0.00514210283371919
1	0.00770948045650263
1	0.0102744117655212
1	0.0128368989206877
1	0.0153969440804736
1	0.017954549401908
1	0.0205097170405777
1	0.0230624491506267
1	0.0256127478847557
1	0.0281606153942217
1	0.0307060538288377
1	0.0332490653369726
1	0.0357896520655503
1	0.0383278161600495
1	0.0408635597645038
1	0.0433968850215007
1	0.0459277940721816
1	0.0484562890562413
1	0.0509823721119281
1	0.0535060453760427
1	0.0560273109839386
1	0.0585461710695212
1	0.061062627765248
1	0.063576683202128
1	0.0660883395097212
1	0.0685975988161389
1	0.0711044632480426
1	0.0736089349306445
1	0.0761110159877067
1	0.078610708541541
1	0.0811080147130088
1	0.0836029366215206
1	0.0860954763850359
1	0.0885856361200628
1	0.0910734179416579
1	0.093558823963426
1	0.0960418562975196
1	0.098522517054639
1	0.101000808344032
1	0
1	0.00257456136146964
1	0.00514666528879368
1	0.00771631396333625
1	0.0102835095649714
1	0.0128482542720826
1	0.0154105502615629
1	0.0179703997088143
1	0.0205278047877473
1	0.0230827676707812
1	0.0256352905288435
1	0.0281853755313696
1	0.0307330248463025
1	0.033278240640093
1	0.0358210250776989
1	0.038361380322585
1	0.0408993085367231
1	0.0434348118805912
1	0.0459678925131739
1	0.0484985525919618
1	0.0510267942729513
1	0.0535526197106447
1	0.0560760310580496
1	0.0585970304666788
1	0.0611156200865505
1	0.0636318020661874
1	0.0661455785526172
1	0.068656951691372
1	0.0711659236264882
1	0.0736724965005064
1	0.0761766724544714
1	0.0786784536279314
1	0.0811778421589388
1	0.0836748401840492
1	0.0861694498383217
1	0.0886616732553185
1	0.091151512567105
1	0.0936389699042495
1	0.0961240473958233
1	0.0986067471694002
1	0.101087071351057
1	0
1	0.00257651962819058
1	0.00515057599684619
1	0.00772217130324751
1	0.0102913077431428
1	0.0128579875107478
1	0.0154222127987455
1	0.0179839857982861
1	0.0205433086989865
1	0.0231001836889307
1	0.0256546129546691
1	0.0282065986812187
1	0.0307561430520628
1	0.033303248249151
1	0.0358479164528989
1	0.0383901498421881
1	0.0409299505943659
1	0.0434673208852455
1	0.0460022628891057
1	0.0485347787786905
1	0.0510648707252095
1	0.0535925408983375
1	0.0561177914662146
1	0.0586406245954457
1	0.0611610424511011
1	0.0636790471967155
1	0.0661946409942889
1	0.0687078260042856
1	0.0712186043856351
1	0.073726978295731
1	0.0762329498904316
1	0.07873652132406
1	0.0812376947494032
1	0.0837364723177129
1	0.0862328561787051
1	0.0887268484805601
1	0.0912184513699222
1	0.0937076669919004
1	0.0961944974900673
1	0.09867894500646
1	0.10116101168158
1	0
1	0.00259272278021572
1	0.0051829341002768
1	0.00777063628916095
1	0.0103558316739639
1	0.0129385225798999
1	0.0155187113303031
1	0.0180964002466273
1	0.0206715916484477
1	0.023244287853461
1	0.0258144911774865
1	0.0283822039344665
1	0.0309474284364677
1	0.033510166993681
1	0.0360704219144234
1	0.0386281955051376
1	0.0411834900703939
1	0.04373630791289
1	0.0462866513334524
1	0.0488345226310368
1	0.0513799241027293
1	0.0539228580437467
1	0.0564633267474375
1	0.0590013325052828
1	0.061536877606897
1	0.0640699643400284
1	0.0666005949905601
1	0.0691287718425111
1	0.0716544971780366
1	0.0741777732774291
1	0.0766986024191191
1	0.0792169868796758
1	0.0817329289338082
1	0.0842464308543658
1	0.0867574949123389
1	0.0892661233768602
1	0.0917723185152052
1	0.0942760825927928
1	0.0967774178731867
1	0.0992763266180955
1	0.101772811087374
1	0
1	0.00260312531455595
1	0.00520370822383
1	0.00780175114135027
1	0.0103972564785384
1	0.0129902266447108
1	0.0155806640470801
1	0.0181685710907565
1	0.0207539501787488
1	0.0233368037119662
1	0.0259171340892195
1	0.028494943707222
1	0.0310702349605914
1	0.033643010241851
1	0.0362132719414309
1	0.0387810224476692
1	0.0413462641468139
1	0.0439089994230237
1	0.0464692306583696
1	0.049026960232836
1	0.0515821905243225
1	0.0541349239086447
1	0.056685162759536
1	0.0592329094486487
1	0.0617781663455553
1	0.06432093581775
1	0.0668612202306501
1	0.0693990219475971
1	0.0719343433298583
1	0.0744671867366278
1	0.0769975545250285
1	0.0795254490501126
1	0.0820508726648636
1	0.0845738277201975
1	0.0870943165649638
1	0.0896123415459475
1	0.0921279050078698
1	0.0946410092933899
1	0.097151656743106
1	0.0996598496955572
1	0.102165590487224
1	0
1	0.0026452586802252
1	0.00528784961817657
1	0.00792777556983661
1	0.0105650392881721
1	0.0131996435231378
1	0.0158315910216804
1	0.0184608845277418
1	0.0210875267822633
1	0.0237115205231888
1	0.0263328684854691
1	0.028951573401065
1	0.0315676379989513
1	0.0341810650051204
1	0.0367918571425861
1	0.0394000171313869
1	0.0420055476885903
1	0.0446084515282957
1	0.0472087313616386
1	0.049806389896794
1	0.0524014298389803
1	0.0549938538904624
1	0.0575836647505561
1	0.0601708651156308
1	0.0627554576791141
1	0.0653374451314946
1	0.067916830160326
1	0.0704936154502304
1	0.0730678036829022
1	0.0756393975371113
1	0.0782083996887072
1	0.0807748128106221
1	0.0833386395728746
1	0.0858998826425735
1	0.0884585446839212
1	0.0910146283582171
1	0.0935681363238615
1	0.0961190712363589
1	0.0986674357483216
1	0.101213232509473
1	0.103756464166652
1	0
1	0.0026546658952773
1	0.00530663606399758
1	0.00795591333860391
1	0.0106025005483207
1	0.0132464005191578
1	0.015887616073915
1	0.0185261500321861
1	0.0211620052103633
1	0.0237951844216412
1	0.0264256904760211
1	0.0290535261803155
1	0.0316786943381517
1	0.0343011977499767
1	0.036921039213061
1	0.0395382215215026
1	0.0421527474662318
1	0.0447646198350146
1	0.0473738414124577
1	0.0499804149800119
1	0.0525843433159766
1	0.0551856291955042
1	0.0577842753906037
1	0.0603802846701451
1	0.0629736597998636
1	0.0655644035423638
1	0.0681525186571233
1	0.0707380079004975
1	0.0733208740257231
1	0.0759011197829226
1	0.0784787479191083
1	0.0810537611781861
1	0.0836261623009599
1	0.0861959540251356
1	0.0887631390853251
1	0.0913277202130502
1	0.0938897001367471
1	0.0964490815817699
1	0.0990058672703951
1	0.101560059921825
1	0.104111662252193
1	0
1	0.00266431785551529
1	0.0053259112721302
1	0.00798478316073764
1	0.0106409364288035
1	0.0132943739803716
1	0.0159450987160684
1	0.0185931135331076
1	0.0212384213252952
1	0.0238810249830343
1	0.0265209273933296
1	0.0291581314397923
1	0.0317926400026447
1	0.0344244559587254
1	0.0370535821814933
1	0.0396800215410329
1	0.0423037769040589
1	0.0449248511339207
1	0.0475432470906073
1	0.0501589676307518
1	0.0527720156076363
1	0.0553823938711964
1	0.0579901052680259
1	0.0605951526413816
1	0.0631975388311876
1	0.0657972666740404
1	0.0683943390032132
1	0.0709887586486604
1	0.0735805284370229
1	0.0761696511916317
1	0.0787561297325135
1	0.0813399668763944
1	0.0839211654367052
1	0.0864997282235856
1	0.0890756580438888
1	0.091648957701186
1	0.0942196299957714
1	0.096787677724666
1	0.0993531036816227
1	0.101915910657131
1	0.10447610143842
1	0
1	0.00267688542150338
1	0.00535100901851205
1	0.0080223738040664
1	0.0106909827875087
1	0.0133568389744884
1	0.0160199453669682
1	0.0186803049632287
1	0.0213379207578746
1	0.0239927957418399
1	0.0266449329023934
1	0.029294335223144
1	0.0319410056840464
1	0.0345849472614064
1	0.0372261629278863
1	0.0398646556525104
1	0.0425004284006703
1	0.0451334841341305
1	0.0477638258110335
1	0.0503914563859052
1	0.0530163788096606
1	0.0556385960296088
1	0.0582581109894586
1	0.0608749266293235
1	0.0634890458857273
1	0.0661004716916096
1	0.0687092069763304
1	0.0713152546656762
1	0.0739186176818647
1	0.0765192989435505
1	0.0791173013658301
1	0.0817126278602471
1	0.0843052813347977
1	0.0868952646939358
1	0.0894825808385782
1	0.0920672326661098
1	0.0946492230703889
1	0.0972285549417525
1	0.099805231167021
1	0.102379254629504
1	0.104950628209005
1	0
1	0.00269017164865628
1	0.00537754194937321
1	0.00806211402317987
1	0.0107438909871205
1	0.0134228759542606
1	0.0160990720336936
1	0.0187724823305466
1	0.0214431099459869
1	0.0241109579772283
1	0.026776029517537
1	0.0294383276562381
1	0.0320978554787215
1	0.0347546160664483
1	0.037408612496957
1	0.0400598478438694
1	0.0427083251768969
1	0.0453540475618464
1	0.047997018060627
1	0.0506372397312554
1	0.0532747156278624
1	0.0559094488006989
1	0.0585414422961417
1	0.0611706991567
1	0.0637972224210213
1	0.0664210151238972
1	0.0690420802962695
1	0.0716604209652365
1	0.0742760401540585
1	0.0768889408821644
1	0.079499126165157
1	0.0821065990148194
1	0.0847113624391209
1	0.0873134194422228
1	0.0899127730244844
1	0.0925094261824689
1	0.0951033819089493
1	0.0976946431929144
1	0.100283213019574
1	0.102869094370367
1	0.105452290222963
1	0
1	0.00270989273297553
1	0.00541692545235929
1	0.00812110143947069
1	0.0108224239712187
1	0.0135208963201093
1	0.0162165217542527
1	0.0189093035373709
1	0.0215992449288051
1	0.0242863491835225
1	0.0269706195521242
1	0.0296520592808523
1	0.0323306716115971
1	0.0350064597819044
1	0.0376794270249828
1	0.040349576569711
1	0.0430169116406447
1	0.0456814354580243
1	0.0483431512377817
1	0.0510020621915476
1	0.0536581715266587
1	0.056311482446165
1	0.0589619981488363
1	0.0616097218291703
1	0.0642546566773988
1	0.0668968058794954
1	0.0695361726171822
1	0.0721727600679371
1	0.0748065714050008
1	0.0774376097973835
1	0.0800658784098726
1	0.0826913804030391
1	0.0853141189332447
1	0.0879340971526491
1	0.0905513182092166
1	0.0931657852467232
1	0.0957775014047635
1	0.0983864698187576
1	0.100992693619958
1	0.103596175935457
1	0.106196919888192
1	0
1	0.00272606423033797
1	0.00544922034062978
1	0.00816947174363459
1	0.0108868218473522
1	0.0136012740550313
1	0.0163128317651778
1	0.019021498371563
1	0.0217272772632323
1	0.0244301718245125
1	0.027130185435021
1	0.0298273214696735
1	0.0325215832986921
1	0.0352129742876139
1	0.0379014977972986
1	0.040587157183937
1	0.0432699557990591
1	0.045949896989542
1	0.0486269840976182
1	0.0513012204608835
1	0.053972609412305
1	0.0566411542802295
1	0.0593068583883908
1	0.0619697250559185
1	0.0646297575973456
1	0.0672869593226162
1	0.0699413335370939
1	0.0725928835415695
1	0.0752416126322689
1	0.0778875241008612
1	0.0805306212344662
1	0.0831709073156627
1	0.0858083856224958
1	0.0884430594284854
1	0.0910749320026335
1	0.093704006609432
1	0.0963302865088709
1	0.0989537749564457
1	0.101574475203165
1	0.104192390495559
1	0.106807524075686
1	0
1	0.00276027996976472
1	0.0055175500355933
1	0.00827181388834584
1	0.0110230752133847
1	0.0137713376905849
1	0.0165166049943441
1	0.0192588807935928
1	0.0219981687518048
1	0.0247344725270071
1	0.0274677957717903
1	0.0301981421333181
1	0.0329255152533382
1	0.0356499187681918
1	0.0383713563088238
1	0.0410898315007929
1	0.0438053479642815
1	0.0465179093141056
1	0.0492275191597251
1	0.0519341811052531
1	0.0546378987494667
1	0.0573386756858159
1	0.0600365155024342
1	0.0627314217821483
1	0.0654233981024876
1	0.0681124480356942
1	0.0707985751487329
1	0.0734817830033007
1	0.0761620751558364
1	0.0788394551575307
1	0.0815139265543357
1	0.0841854928869744
1	0.0868541576909508
1	0.089519924496559
1	0.0921827968288931
1	0.0948427782078569
1	0.0974998721481732
1	0.100154082159393
1	0.102805411745907
1	0.105453864406952
1	0.108099443636623
1	0
1	0.00279417017310988
1	0.00558522962678798
1	0.00837318232734946
1	0.0111580322348804
1	0.0139397833032501
1	0.0167184394801231
1	0.0194940047069712
1	0.0222664829190859
1	0.0250358780455901
1	0.0278021940094502
1	0.0305654347274883
1	0.0333256041103939
1	0.036082706062736
1	0.038836744482975
1	0.0415877232634745
1	0.0443356462905135
1	0.0470805174442976
1	0.0498223405989715
1	0.0525611196226303
1	0.0552968583773316
1	0.0580295607191069
1	0.0607592304979735
1	0.0634858715579463
1	0.0662094877370489
1	0.0689300828673261
1	0.0716476607748548
1	0.0743622252797556
1	0.0770737801962049
1	0.0797823293324457
1	0.0824878764907998
1	0.0851904254676785
1	0.0878899800535949
1	0.0905865440331744
1	0.093280121185167
1	0.0959707152824578
1	0.0986583300920792
1	0.101342969375221
1	0.104024636887244
1	0.106703336377688
1	0.109379071590286
1	0
1	0.0028106850776708
1	0.00561821030789865
1	0.00842257979122962
1	0.0112237976216244
1	0.0140218678864714
1	0.0168167946665996
1	0.0196085820362922
1	0.0223972340632989
1	0.0251827548088493
1	0.0279651483276657
1	0.0307444186679762
1	0.0335205698715275
1	0.0362936059735976
1	0.0390635310030088
1	0.0418303489821404
1	0.0445940639269419
1	0.0473546798469449
1	0.0501122007452767
1	0.0528666306186724
1	0.0556179734574877
1	0.0583662332457118
1	0.0611114139609795
1	0.0638535195745843
1	0.0665925540514905
1	0.0693285213503461
1	0.0720614254234948
1	0.074791270216989
1	0.0775180596706018
1	0.0802417977178397
1	0.0829624882859548
1	0.0856801352959571
1	0.088394742662627
1	0.0911063142945272
1	0.0938148540940157
1	0.0965203659572572
1	0.0992228537742358
1	0.101922321428767
1	0.10461877279851
1	0.107312211754979
1	0.110002642163557
1	0
1	0.00281109293295141
1	0.005619024805185
1	0.00842379972056183
1	0.0112254217763488
1	0.0140238950632316
1	0.0168192236653282
1	0.0196114116602013
1	0.0224004631188721
1	0.0251863821058326
1	0.0279691726790592
1	0.030748838890025
1	0.0335253847837133
1	0.0362988143986302
1	0.0390691317668174
1	0.0418363409138652
1	0.0446004458589254
1	0.0473614506147234
1	0.0501193591875719
1	0.052874175577383
1	0.0556259037776808
1	0.0583745477756146
1	0.0611201115519709
1	0.0638625990811864
1	0.0666020143313604
1	0.0693383612642675
1	0.0720716438353698
1	0.0748018659938296
1	0.0775290316825219
1	0.0802531448380466
1	0.0829742093907412
1	0.0856922292646928
1	0.0884072083777506
1	0.0911191506415383
1	0.0938280599614664
1	0.0965339402367442
1	0.0992367953603921
1	0.101936629219254
1	0.10463344569401
1	0.107327248659186
1	0.110018041983169
1	0
1	0.00289326688766476
1	0.00578312826615301
1	0.0086695889072247
1	0.0115526535742724
1	0.014432327022339
1	0.0173086139981355
1	0.0201815192400588
1	0.0230510474782091
1	0.0259172034344077
1	0.0287799918222149
1	0.0316394173469466
1	0.0344954847056928
1	0.0373481985873345
1	0.0401975636725612
1	0.0430435846338882
1	0.0458862661356742
1	0.0487256128341383
1	0.0515616293773773
1	0.0543943204053829
1	0.0572236905500589
1	0.0600497444352385
1	0.062872486676701
1	0.065691921882189
1	0.0685080546514254
1	0.0713208895761306
1	0.0741304312400389
1	0.0769366842189158
1	0.0797396530805747
1	0.0825393423848937
1	0.0853357566838323
1	0.0881289005214482
1	0.0909187784339139
1	0.0937053949495333
1	0.0964887545887585
1	0.0992688618642062
1	0.102045721280674
1	0.104819337335158
1	0.107589714516867
1	0.110356857307241
1	0.113120770179967
1	0
1	0.00291797234975123
1	0.00583246569730557
1	0.00874348501522566
1	0.0116510352671736
1	0.0145551214079302
1	0.017455748383414
1	0.0203529211307005
1	0.0232466445780409
1	0.0261369236448817
1	0.029023763241883
1	0.0319071682709377
1	0.0347871436251906
1	0.0376636941890567
1	0.0405368248382404
1	0.043406540439754
1	0.0462728458519365
1	0.0491357459244723
1	0.0519952454984095
1	0.0548513494061788
1	0.0577040624716118
1	0.0605533895099595
1	0.0633993353279107
1	0.0662419047236104
1	0.0690811024866782
1	0.0719169333982265
1	0.0747494022308788
1	0.0775785137487876
1	0.080404272707653
1	0.0832266838547407
1	0.0860457519288998
1	0.0888614816605811
1	0.091673877771855
1	0.0944829449764293
1	0.0972886879796673
1	0.100091111478606
1	0.102890220161972
1	0.105686018710203
1	0.108478511795461
1	0.111267704081654
1	0.11405360022445
1	0
1	0.00293687243101187
1	0.00587020963646813
1	0.00880001674254876
1	0.0117262988661254
1	0.0146490611147814
1	0.0175683085868325
1	0.0204840463713464
1	0.0233962795481633
1	0.0263050131879159
1	0.0292102523520492
1	0.0321120020928405
1	0.0350102674534196
1	0.0379050534677884
1	0.0407963651608408
1	0.0436842075483826
1	0.0465685856371508
1	0.0494495044248339
1	0.0523269689000909
1	0.0552009840425714
1	0.0580715548229349
1	0.0609386862028702
1	0.0638023831351151
1	0.0666626505634754
1	0.0695194934228447
1	0.0723729166392236
1	0.0752229251297385
1	0.0780695238026614
1	0.0809127175574288
1	0.0837525112846608
1	0.0865889098661802
1	0.0894219181750315
1	0.0922515410754999
1	0.0950777834231304
1	0.0979006500647464
1	0.100720145838469
1	0.103536275573734
1	0.106349044091315
1	0.109158456203336
1	0.111964516713295
1	0.114767230416082
1	0
1	0.00295402141496659
1	0.00590445659012725
1	0.0088513107910466
1	0.0117945892736108
1	0.0147342972840489
1	0.0176704400589538
1	0.0206030228253037
1	0.0235320508004827
1	0.0264575291923023
1	0.0293794631990221
1	0.0322978580093708
1	0.0352127188025671
1	0.0381240507483404
1	0.0410318590069518
1	0.0439361487292146
1	0.0468369250565148
1	0.0497341931208324
1	0.0526279580447612
1	0.0555182249415298
1	0.0584049989150218
1	0.0612882850597965
1	0.0641680884611089
1	0.0670444141949306
1	0.0699172673279692
1	0.0727866529176895
1	0.0756525760123328
1	0.0785150416509378
1	0.0813740548633601
1	0.0842296206702924
1	0.0870817440832848
1	0.0899304301047639
1	0.0927756837280539
1	0.0956175099373953
1	0.0984559137079654
1	0.101290900005898
1	0.104122473788302
1	0.106950640003282
1	0.10977540358996
1	0.112596769478491
1	0.115414742590083
1	0
1	0.00300880990709228
1	0.00601387059132031
1	0.00901518776356221
1	0.0120127671238354
1	0.0150066143613211
1	0.0179967351543881
1	0.0209831351706176
1	0.0239658200668271
1	0.0269447954890942
1	0.0299200670727812
1	0.0328916404425586
1	0.0358595212124294
1	0.0388237149857525
1	0.0417842273552672
1	0.044741063903116
1	0.0476942302008693
1	0.0506437318095483
1	0.0535895742796487
1	0.0565317631511646
1	0.0594703039536114
1	0.0624052022060498
1	0.0653364634171086
1	0.0682640930850083
1	0.0711880966975841
1	0.0741084797323094
1	0.0770252476563186
1	0.0799384059264303
1	0.0828479599891703
1	0.0857539152807946
1	0.088656277227312
1	0.0915550512445075
1	0.0944502427379645
1	0.0973418571030876
1	0.100229899725126
1	0.103114375979195
1	0.105995291230299
1	0.108872650833354
1	0.111746460133211
1	0.114616724464678
1	0.117483449152539
1	0
1	0.00301806385850678
1	0.00603235096578989
1	0.00904286710794233
1	0.0120496180599968
1	0.0150526095859503
1	0.0180518474387892
1	0.021047337360514
1	0.0240390850821636
1	0.0270270963238405
1	0.0300113767947348
1	0.0329919321931492
1	0.0359687682065228
1	0.0389418905114564
1	0.0419113047737357
1	0.0448770166483566
1	0.0478390317795486
1	0.0507973558007995
1	0.053751994334879
1	0.0567029529938633
1	0.0596502373791584
1	0.0625938530815245
1	0.0655338056810997
1	0.0684701007474235
1	0.0714027438394612
1	0.0743317405056267
1	0.077257096283807
1	0.080178816701385
1	0.0830969072752635
1	0.0860113735118882
1	0.0889222209072717
1	0.0918294549470161
1	0.094733081106337
1	0.097633104850086
1	0.100529531632774
1	0.103422366898596
1	0.10631161608145
1	0.109197284604965
1	0.112079377882519
1	0.114957901317269
1	0.117832860302163
1	0
1	0.00309003404476106
1	0.00617607724368462
1	0.00925813596782771
1	0.012336216575634
1	0.0154103254129626
1	0.018480468813117
1	0.0215466530968741
1	0.0246088845725123
1	0.0276671695358409
1	0.0307215142702283
1	0.0337719250466304
1	0.0368184081236192
1	0.0398609697474115
1	0.0428996161518963
1	0.0459343535586642
1	0.0489651881770344
1	0.0519921262040839
1	0.0550151738246746
1	0.0580343372114816
1	0.0610496225250214
1	0.0640610359136793
1	0.0670685835137371
1	0.0700722714494011
1	0.0730721058328297
1	0.0760680927641605
1	0.0790602383315383
1	0.0820485486111422
1	0.085033029667213
1	0.0880136875520806
1	0.0909905283061908
1	0.0939635579581331
1	0.0969327825246671
1	0.0998982080107501
1	0.102859840409563
1	0.10581768570254
1	0.108771749859389
1	0.111722038838128
1	0.114668558585103
1	0.117611315035018
1	0.120550314110963
1	0
1	0.00311358948846929
1	0.00622311805911868
1	0.0093285922744607
1	0.0124300186838862
1	0.0155274038236945
1	0.0186207542171238
1	0.0217100763743811
1	0.0247953767926723
1	0.0278766619562322
1	0.0309539383363546
1	0.0340272123914218
1	0.0370964905669343
1	0.0401617792955409
1	0.043223084997068
1	0.0462804140785493
1	0.0493337729342548
1	0.0523831679457211
1	0.0554286054817796
1	0.0584700918985868
1	0.0615076335396525
1	0.0645412367358697
1	0.0675709078055431
1	0.0705966530544183
1	0.0736184787757108
1	0.0766363912501342
1	0.0796503967459297
1	0.0826605015188943
1	0.0856667118124096
1	0.0886690338574702
1	0.0916674738727122
1	0.0946620380644415
1	0.0976527326266624
1	0.100639563741105
1	0.103622537577256
1	0.106601660292382
1	0.109576938031561
1	0.112548376927713
1	0.115515983101619
1	0.11847976266196
1	0.121439721705335
1	0
1	0.00312450090406353
1	0.00624490843137618
1	0.00936122923313702
1	0.0124734699471879
1	0.0155816371980445
1	0.0186857375969269
1	0.0217857777417906
1	0.0248817642173569
1	0.0279737035951437
1	0.0310616024334959
1	0.0341454672776159
1	0.037225304659594
1	0.0403011210984384
1	0.0433729231001059
1	0.0464407171575316
1	0.0495045097506591
1	0.0525643073464707
1	0.0556201163990167
1	0.0586719433494462
1	0.0617197946260358
1	0.0647636766442202
1	0.0678035958066213
1	0.0708395585030777
1	0.0738715711106746
1	0.0768996399937726
1	0.0799237715040376
1	0.0829439719804698
1	0.0859602477494327
1	0.0889726051246826
1	0.0919810504073972
1	0.0949855898862048
1	0.0979862298372134
1	0.100982976524039
1	0.103975836197835
1	0.10696481509732
1	0.109949919448807
1	0.112931155466232
1	0.115908529351183
1	0.118882047292926
1	0.121851715468436
1	0
1	0.00312756538491539
1	0.00625102827696002
1	0.00937039535224067
1	0.0124856732734408
1	0.0155968686898516
1	0.018703988237403
1	0.0218070385386947
1	0.0249060262030269
1	0.0280009578264309
1	0.0310918399917001
1	0.0341786792684204
1	0.0372614822130008
1	0.0403402553687037
1	0.0434150052656757
1	0.0464857384209774
1	0.0495524613386138
1	0.0526151805095647
1	0.0556739024118145
1	0.0587286335103821
1	0.0617793802573514
1	0.0648261490919004
1	0.0678689464403316
1	0.0709077787161012
1	0.0739426523198493
1	0.0769735736394289
1	0.0800005490499358
1	0.0830235849137378
1	0.086042687580504
1	0.0890578633872343
1	0.0920691186582884
1	0.095076459705415
1	0.0980798928277808
1	0.101079424311999
1	0.104075060432161
1	0.107066807449859
1	0.110054671614222
1	0.11303865916194
1	0.116018776317295
1	0.118995029292185
1	0.12196742428616
1	0
1	0.00313125470063345
1	0.00625839593353747
1	0.00938143040480506
1	0.0125003648070264
1	0.0156152058193198
1	0.0187259601073634
1	0.021832634323426
1	0.0249352351063978
1	0.0280337690818222
1	0.0311282428619257
1	0.0342186630456495
1	0.0373050362186798
1	0.0403873689534787
1	0.0434656678093144
1	0.0465399393322924
1	0.049610190055385
1	0.0526764264984627
1	0.0557386551683236
1	0.0587968825587241
1	0.0618511151504087
1	0.0649013594111404
1	0.0679476217957306
1	0.0709899087460688
1	0.0740282266911524
1	0.077062582047117
1	0.0800929812172655
1	0.0831194305920978
1	0.0861419365493407
1	0.0891605054539769
1	0.0921751436582747
1	0.0951858575018174
1	0.098192653311532
1	0.101195537401719
1	0.104194516074081
1	0.107189595617753
1	0.110180782309329
1	0.113168082412893
1	0.116151502180046
1	0.119131047849937
1	0.12210672564929
1	0
1	0.00314030951903246
1	0.00627647863435061
1	0.00940851412564382
1	0.0125364227589032
1	0.0156602112864532
1	0.0187798864469836
1	0.021895454965581
1	0.0250069235537603
1	0.0281142989094964
1	0.0312175877172552
1	0.0343167966480254
1	0.0374119323593495
1	0.0405030014953547
1	0.0435900106867846
1	0.0466729665510296
1	0.0497518756921582
1	0.0528267447009477
1	0.0558975801549152
1	0.0589643886183478
1	0.0620271766423339
1	0.065085950764793
1	0.068140717510507
1	0.0711914833911498
1	0.0742382549053182
1	0.0772810385385618
1	0.0803198407634134
1	0.083354668039419
1	0.0863855268131677
1	0.0894124235183219
1	0.092435364575647
1	0.0954543563930412
1	0.0984694053655652
1	0.101480517875472
1	0.104487700292237
1	0.107490958972585
1	0.110490300260524
1	0.11348573048737
1	0.116477255971779
1	0.119464883019778
1	0.122448617924787
1	0
1	0.0031558581281944
1	0.00630752959916803
1	0.00945502131898727
1	0.0125983401796847
1	0.0157374930592917
1	0.0188724868218711
1	0.0220033283175497
1	0.0251300243825507
1	0.0282525818392258
1	0.031371007496088
1	0.0344853081478433
1	0.0375954905754229
1	0.0407015615460154
1	0.0438035278130987
1	0.0469013961164717
1	0.0499951731822862
1	0.0530848657230787
1	0.0561704804378018
1	0.0592520240118561
1	0.0623295031171211
1	0.0654029244119873
1	0.068472294541387
1	0.0715376201368257
1	0.0745989078164133
1	0.0776561641848953
1	0.0807093958336832
1	0.0837586093408864
1	0.0868038112713422
1	0.089845008176647
1	0.0928822065951869
1	0.0959154130521683
1	0.0989446340596486
1	0.101969876116566
1	0.104991145708772
1	0.108008449309058
1	0.111021793377189
1	0.114031184359932
1	0.117036628691086
1	0.120038132791515
1	0.123035703069173
1	0
1	0.00315755485333424
1	0.00631091800208391
1	0.00946009636610613
1	0.0126050968511876
1	0.0157459263490774
1	0.0188825917375195
1	0.0220150998802856
1	0.0251434576272074
1	0.0282676718142094
1	0.0313877492633409
1	0.0345036967828084
1	0.0376155211670079
1	0.0407232291965568
1	0.0438268276383263
1	0.046926323245473
1	0.0500217227574709
1	0.0531130329001433
1	0.0562002603856945
1	0.0592834119127411
1	0.0623624941663442
1	0.0654375138180404
1	0.0685084775258733
1	0.0715753919344248
1	0.0746382636748468
1	0.0776970993648915
1	0.0807519056089434
1	0.0838026889980496
1	0.0868494561099512
1	0.0898922135091142
1	0.0929309677467598
1	0.0959657253608956
1	0.098996492876346
1	0.102023276804783
1	0.105046083644756
1	0.108064919881723
1	0.111079791988081
1	0.114090706423195
1	0.117097669633431
1	0.120100688052181
1	0.1230997680999
1	0
1	0.00320037460970181
1	0.00639643013597398
1	0.00958817384670689
1	0.0127756129947965
1	0.0159587548181795
1	0.0191376065398684
1	0.0223121753679867
1	0.0254824684958036
1	0.0286484931017691
1	0.0318102563495484
1	0.034967765388057
1	0.0381210273514949
1	0.0412700493593814
1	0.0444148385165893
1	0.0475554019133792
1	0.050691746625434
1	0.0538238797138929
1	0.0569518082253853
1	0.060075539192065
1	0.0631950796316442
1	0.0663104365474269
1	0.0694216169283431
1	0.0725286277489821
1	0.0756314759696262
1	0.0787301685362842
1	0.0818247123807248
1	0.0849151144205099
1	0.0880013815590275
1	0.0910835206855256
1	0.0941615386751445
1	0.0972354423889501
1	0.100305238673967
1	0.103370934363211
1	0.106432536275721
1	0.109490051216595
1	0.112543485977017
1	0.115592847334296
1	0.118638142051892
1	0.121679376879454
1	0.12471655855285
1	0
1	0.00326669805664532
1	0.00652887973298711
1	0.00978655283598384
1	0.0130397251561684
1	0.0162884044676869
1	0.0195325985283377
1	0.0227723150796103
1	0.0260075618467234
1	0.0292383465386643
1	0.0324646768482267
1	0.0356865604520493
1	0.0389040050106542
1	0.042117018168485
1	0.0453256075539447
1	0.0485297807794341
1	0.051729545441389
1	0.0549249091203188
1	0.0581158793808438
1	0.0613024637717327
1	0.0644846698259403
1	0.0676625050606449
1	0.0708359769772856
1	0.0740050930615995
1	0.0771698607836589
1	0.0803302875979083
1	0.0834863809432014
1	0.0866381482428379
1	0.0897855969046003
1	0.0929287343207904
1	0.0960675678682665
1	0.0992021049084789
1	0.102332352787507
1	0.105458318836096
1	0.108580010369692
1	0.111697434688479
1	0.114810599077414
1	0.117919510806265
1	0.121024177129643
1	0.124124605287042
1	0.127220802502874
1	0
1	0.00327265736707333
1	0.00654078062627661
1	0.00980437763300477
1	0.0130634562260986
1	0.0163180242278838
1	0.0195680894442105
1	0.0228136596644922
1	0.0260547426617447
1	0.029291346192625
1	0.0325234779974703
1	0.0357511458003364
1	0.0389743573090367
1	0.0421931202151804
1	0.0454074421942107
1	0.0486173309054439
1	0.0518227939921069
1	0.0550238390813754
1	0.0582204737844124
1	0.0614127056964056
1	0.0646005423966056
1	0.0677839914483634
1	0.0709630603991681
1	0.0741377567806847
1	0.0773080881087913
1	0.0804740618836163
1	0.0836356855895763
1	0.0867929666954126
1	0.0899459126542287
1	0.093094530903527
1	0.096238828865246
1	0.0993788139457971
1	0.102514493536101
1	0.105645875011624
1	0.108772965732416
1	0.111895773043146
1	0.115014304273138
1	0.118128566736406
1	0.121238567731696
1	0.124344314542513
1	0.127445814437166
1	0
1	0.00328677156216443
1	0.00656896703000157
1	0.00984659437362465
1	0.0131196615462881
1	0.0163881764844277
1	0.0196521471077006
1	0.0229115813190249
1	0.0261664870046199
1	0.0294168720340455
1	0.032662744260242
1	0.0359041115195691
1	0.0391409816318461
1	0.0423733624003905
1	0.0456012616120573
1	0.0488246870372785
1	0.0520436464301018
1	0.0552581475282294
1	0.0584681980530569
1	0.0616738057097123
1	0.0648749781870941
1	0.0680717231579102
1	0.071264048278716
1	0.0744519611899531
1	0.0776354695159871
1	0.0808145808651462
1	0.0839893028297587
1	0.0871596429861913
1	0.0903256088948869
1	0.0934872081004023
1	0.0966444481314457
1	0.0997973365009144
1	0.102945880705932
1	0.106090088227887
1	0.109229966532469
1	0.112365523069703
1	0.115496765273994
1	0.118623700564156
1	0.121746336343455
1	0.12486467999964
1	0.127978738904986
1	0
1	0.00331706035925095
1	0.0066294545220274
1	0.00993719070462588
1	0.0132402771058305
1	0.0165387219069549
1	0.0198325332718837
1	0.0231217193471145
1	0.0264062882617987
1	0.0296862481277838
1	0.0329616070396539
1	0.0362323730747713
1	0.0394985542933175
1	0.042760158738334
1	0.0460171944357634
1	0.0492696693944901
1	0.0525175916063809
1	0.0557609690463257
1	0.0589998096722777
1	0.0622341214252942
1	0.0654639122295762
1	0.0686891899925094
1	0.0719099626047035
1	0.0751262379400325
1	0.0783380238556747
1	0.0815453281921521
1	0.0847481587733702
1	0.0879465234066577
1	0.0911404298828057
1	0.0943298859761074
1	0.097514899444397
1	0.100695478029089
1	0.103871629455217
1	0.107043361431474
1	0.110210681650249
1	0.113373597787668
1	0.11653211750363
1	0.119686248441848
1	0.122835998229889
1	0.125981374479206
1	0.129122384785183
1	0
1	0.00332708612519576
1	0.00664947622958838
1	0.00996717861096244
1	0.0132802015493738
1	0.0165885533071921
1	0.0198922421291427
1	0.0231912762423491
1	0.0264856638563752
1	0.0297754131632666
1	0.0330605323375931
1	0.0363410295364901
1	0.0396169128997005
1	0.0428881905496158
1	0.046154870591318
1	0.0494169611126205
1	0.0526744701841098
1	0.055927405859186
1	0.0591757761741044
1	0.0624195891480162
1	0.0656588527830091
1	0.0688935750641482
1	0.0721237639595166
1	0.0753494274202559
1	0.0785705733806065
1	0.0817872097579481
1	0.0849993444528395
1	0.0882069853490591
1	0.0914101403136447
1	0.0946088171969335
1	0.0978030238326017
1	0.100992768037704
1	0.104178057612715
1	0.107358900341565
1	0.110535303991682
1	0.113707276314033
1	0.116874825043158
1	0.120037957897212
1	0.123196682578005
1	0.12635100677104
1	0.129500938145551
1	0
1	0.00332941118685214
1	0.0066541194363819
1	0.00997413306527166
1	0.0132894603724249
1	0.0166001096390088
1	0.0199060891284964
1	0.0232074070867093
1	0.0265040717418592
1	0.0297960913045908
1	0.0330834739680231
1	0.0363662279077917
1	0.0396443612820902
1	0.0429178822317124
1	0.0461867988800931
1	0.0494511193333502
1	0.0527108516803258
1	0.0559660039926275
1	0.0592165843246693
1	0.0624626007137131
1	0.0657040611799091
1	0.0689409737263371
1	0.0721733463390468
1	0.075401186987099
1	0.0786245036226054
1	0.0818433041807694
1	0.0850575965799268
1	0.088267388721585
1	0.0914726884904643
1	0.0946735037545371
1	0.0978698423650679
1	0.101061712156654
1	0.104249120947263
1	0.107432076538275
1	0.110610586714521
1	0.113784659244323
1	0.11695430187953
1	0.120119522355563
1	0.12328032839145
1	0.126436727689864
1	0.129588727937167
1	0
1	0.00333637981569878
1	0.00666803596402042
1	0.0099949768182874
1	0.0133172107338929
1	0.0166347460483438
1	0.0199475910813033
1	0.0232557541346339
1	0.0265592434924396
1	0.0298580674211087
1	0.0331522341693559
1	0.036441751968265
1	0.0397266290313304
1	0.0430068735544998
1	0.0462824937162156
1	0.0495534976774572
1	0.0528198935817824
1	0.056081689555369
1	0.0593388937070568
1	0.0625915141283884
1	0.0658395588936508
1	0.0690830360599168
1	0.0723219536670857
1	0.0755563197379244
1	0.0787861422781088
1	0.0820114292762638
1	0.0852321887040046
1	0.0884484285159769
1	0.0916601566498977
1	0.0948673810265956
1	0.0980701095500507
1	0.101268350107435
1	0.104462110569154
1	0.107651398788884
1	0.110836222603612
1	0.114016589833679
1	0.117192508282818
1	0.120363985738189
1	0.123531029970427
1	0.126693648733673
1	0.129851849765621
1	0
1	0.0033489597596632
1	0.00669315842953332
1	0.0100326044851809
1	0.0133673063839759
1	0.0166972725651309
1	0.0200225114497451
1	0.0233430314408475
1	0.0266588409234399
1	0.0299699482645407
1	0.0332763618132275
1	0.0365780899006801
1	0.0398751408402236
1	0.043167522927371
1	0.0464552444398657
1	0.0497383136377242
1	0.0530167387632786
1	0.0562905280412187
1	0.0595596896786343
1	0.0628242318650574
1	0.0660841627725042
1	0.0693394905555165
1	0.0725902233512044
1	0.0758363692792872
1	0.0790779364421353
1	0.0823149329248117
1	0.085547366795113
1	0.0887752461036114
1	0.091998578883695
1	0.0952173731516095
1	0.0984316369064988
1	0.101641378130446
1	0.104846604788514
1	0.108047324828787
1	0.111243546182409
1	0.114435276763626
1	0.117622524469827
1	0.120805297181582
1	0.123983602762682
1	0.127157449060183
1	0.130326843904442
1	0
1	0.00336642532012792
1	0.00672803759447073
1	0.0100848454405568
1	0.0134368574573367
1	0.0167840822252282
1	0.0201265283061604
1	0.0234642042436185
1	0.0267971185626875
1	0.0301252797700969
1	0.0334486963542647
1	0.0367673767853408
1	0.0400813295152516
1	0.0433905629777431
1	0.0466950855884247
1	0.0499949057448129
1	0.0532900318263746
1	0.0565804721945698
1	0.0598662351928958
1	0.0631473291469295
1	0.0664237623643705
1	0.0696955431350841
1	0.0729626797311439
1	0.0762251804068745
1	0.0794830533988939
1	0.0827363069261562
1	0.0859849491899933
1	0.089228988374158
1	0.0924684326448651
1	0.0957032901508344
1	0.0989335690233314
1	0.10215927737621
1	0.105380423305955
1	0.10859701489172
1	0.111809060195374
1	0.115016567261538
1	0.118219544117631
1	0.121417998773906
1	0.124611939223495
1	0.127801373442448
1	0.130986309389775
1	0
1	0.00337010748846648
1	0.00673539097755097
1	0.0100958591147099
1	0.0134515205287428
1	0.0168023838298367
1	0.0201484576096112
1	0.023489750441163
1	0.0268262708791103
1	0.0301580274596369
1	0.0334850287005372
1	0.0368072831012596
1	0.0401247991429507
1	0.0434375852884997
1	0.0467456499825816
1	0.050049001651701
1	0.0533476487042362
1	0.056641599530482
1	0.0599308625026935
1	0.0632154459751291
1	0.0664953582840941
1	0.0697706077479831
1	0.0730412026673234
1	0.0763071513248176
1	0.0795684619853865
1	0.0828251428962116
1	0.0860772022867775
1	0.0893246483689145
1	0.0925674893368408
1	0.0958057333672047
1	0.0990393886191264
1	0.102268463234241
1	0.105492965336738
1	0.108712903033406
1	0.111928284413672
1	0.115139117549646
1	0.118345410496158
1	0.121547171290803
1	0.12474440795398
1	0.127937128488935
1	0.1311253408818
1	0
1	0.00338408884496835
1	0.00676331209926147
1	0.0101376785239744
1	0.0135071968612435
1	0.0168718758342919
1	0.0202317241474749
1	0.0235867504863259
1	0.0269369635176009
1	0.0302823718893242
1	0.0336229842308332
1	0.0369588091528235
1	0.0402898552473934
1	0.0436161310880889
1	0.0469376452299483
1	0.0502544062095462
1	0.0535664225450386
1	0.0568737027362064
1	0.0601762552645002
1	0.0634740885930837
1	0.0667672111668782
1	0.0700556314126059
1	0.0733393577388339
1	0.0766183985360177
1	0.0798927621765447
1	0.0831624570147775
1	0.086427491387097
1	0.0896878736119461
1	0.0929436119898719
1	0.0961947148035694
1	0.0994411903179239
1	0.102683046780054
1	0.105920292419353
1	0.109152935447534
1	0.11238098405867
1	0.115604446429236
1	0.118823330718153
1	0.122037645066829
1	0.125247397599202
1	0.128452596421777
1	0.131653249623678
1	0
1	0.00341193027237422
1	0.00681891213228325
1	0.0102209545671136
1	0.013618066544692
1	0.0170102570133332
1	0.0203975349018863
1	0.0237799091197823
1	0.0271573885570803
1	0.0305299820845151
1	0.033897698553543
1	0.0372605467963884
1	0.0406185356260906
1	0.0439716738365497
1	0.0473199702025728
1	0.0506634334799199
1	0.0540020724053499
1	0.0573358956966664
1	0.0606649120527634
1	0.0639891301536707
1	0.0673085586605993
1	0.0706232062159869
1	0.0739330814435432
1	0.0772381929482944
1	0.080538549316629
1	0.0838341591163419
1	0.0871250308966796
1	0.0904111731883848
1	0.0936925945037407
1	0.0969693033366156
1	0.100241308162507
1	0.103508617438586
1	0.106771239603742
1	0.110029183078624
1	0.113282456265689
1	0.116531067549241
1	0.119775025295478
1	0.123014337852533
1	0.12624901355052
1	0.129479060701576
1	0.132704487599903
1	0
1	0.00341746422994256
1	0.00682996358517951
1	0.0102375070980766
1	0.0136401037813206
1	0.0170377626279667
1	0.0204304926114861
1	0.0238183026858133
1	0.0272012017853928
1	0.0305791988252267
1	0.0339523027009212
1	0.0373205222887335
1	0.0406838664456186
1	0.0440423440092758
1	0.0473959637981948
1	0.0507447346117025
1	0.054088665230009
1	0.0574277644142535
1	0.0607620409065505
1	0.0640915034300357
1	0.0674161606889115
1	0.0707360213684926
1	0.0740510941352518
1	0.0773613876368652
1	0.0806669105022574
1	0.0839676713416467
1	0.0872636787465904
1	0.0905549412900291
1	0.0938414675263323
1	0.0971232659913427
1	0.100400345202421
1	0.103672713658488
1	0.106940379840076
1	0.110203352209363
1	0.113461639210226
1	0.116715249268277
1	0.119964190790916
1	0.123208472167365
1	0.12644810176872
1	0.129683087947989
1	0.132913439040138
1	0
1	0.00344708324595703
1	0.00688911350750462
1	0.0103261000577479
1	0.0137580521494739
1	0.0171849790152006
1	0.0206068898672262
1	0.0240237938976781
1	0.0274357002785612
1	0.0308426181618071
1	0.0342445566793227
1	0.0376415249430382
1	0.0410335320449558
1	0.0444205870571976
1	0.0478026990320539
1	0.0511798770020312
1	0.0545521299798997
1	0.0579194669587413
1	0.0612818969119972
1	0.064639428793515
1	0.0679920715375965
1	0.0713398340590448
1	0.0746827252532112
1	0.0780207539960423
1	0.0813539291441271
1	0.0846822595347433
1	0.0880057539859043
1	0.0913244212964056
1	0.0946382702458711
1	0.0979473095947997
1	0.101251548084611
1	0.104550994437691
1	0.107845657357441
1	0.111135545528317
1	0.114420667615884
1	0.117701032266852
1	0.120976648109132
1	0.12424752375187
1	0.127513667785504
1	0.130775088781797
1	0.134031795293894
1	0
1	0.00351272951898128
1	0.0070202107711146
1	0.0105224535630692
1	0.0140194676797796
1	0.0175112628844986
1	0.0209978489188499
1	0.0244792355028809
1	0.0279554323351151
1	0.0314264490926044
1	0.0348922954309815
1	0.0383529809845119
1	0.0418085153661459
1	0.0452589081675704
1	0.0487041689592607
1	0.0521443072905319
1	0.0555793326895907
1	0.0590092546635861
1	0.0624340826986613
1	0.0658538262600041
1	0.0692684947918985
1	0.0726780977177747
1	0.0760826444402606
1	0.0794821443412316
1	0.0828766067818615
1	0.0862660411026728
1	0.0896504566235862
1	0.0930298626439715
1	0.096404268442697
1	0.0997736832781794
1	0.103138116388433
1	0.106497576991121
1	0.109852074283602
1	0.113201617442981
1	0.116546215626159
1	0.119885877969881
1	0.123220613590786
1	0.126550431585453
1	0.129875341030455
1	0.133195350982402
1	0.13651047047799
1	0
1	0.00353214088174328
1	0.00705897575233598
1	0.0105805145762203
1	0.0140967672956849
1	0.0176077438309187
1	0.0211134540800653
1	0.024613907919276
1	0.0281091152027637
1	0.0315990857628568
1	0.0350838294100516
1	0.0385633559330663
1	0.0420376750988936
1	0.0455067966528539
1	0.0489707303186479
1	0.0524294857984091
1	0.0558830727727567
1	0.0593315009008477
1	0.0627747798204293
1	0.0662129191478908
1	0.0696459284783159
1	0.0730738173855343
1	0.0764965954221733
1	0.07991427211971
1	0.0833268569885219
1	0.086734359517939
1	0.0901367891762944
1	0.0935341554109759
1	0.0969264676484763
1	0.100313735294445
1	0.103695967733738
1	0.107073174330468
1	0.110445364428057
1	0.113812547349285
1	0.117174732396338
1	0.120531928850863
1	0.123884145974013
1	0.127231393006502
1	0.130573679168648
1	0.133911013660429
1	0.137243405661529
1	0
1	0.00355830851069386
1	0.00711123316760944
1	0.0106587841478759
1	0.0142009716059042
1	0.0177378056734425
1	0.0212692964596316
1	0.0247954540510602
1	0.0283162885118197
1	0.0318318098835594
1	0.0353420281855412
1	0.0388469534146941
1	0.042346595545669
1	0.0458409645308928
1	0.0493300703006228
1	0.0528139227630006
1	0.0562925318041063
1	0.0597659072880123
1	0.0632340590568365
1	0.0666969969307967
1	0.0701547307082632
1	0.0736072701658125
1	0.0770546250582804
1	0.0804968051188149
1	0.0839338200589291
1	0.0873656795685539
1	0.0907923933160908
1	0.0942139709484642
1	0.0976304220911735
1	0.101041756348346
1	0.104447983302788
1	0.107849112516037
1	0.111245153528416
1	0.114636115859079
1	0.11802200900607
1	0.121402842446369
1	0.124778625635945
1	0.12814936800981
1	0.131515078982063
1	0.134875767945949
1	0.138231444273904
1	0
1	0.00364260320614131
1	0.00727957180133377
1	0.0109109166478425
1	0.0145366485833956
1	0.0181567784212439
1	0.0217713169502217
1	0.0253802749348062
1	0.0289836631151777
1	0.0325814922072791
1	0.0361737729028752
1	0.0397605158696124
1	0.0433417317510776
1	0.0469174311668576
1	0.0504876247125977
1	0.0540523229600603
1	0.057611536457184
1	0.0611652757281418
1	0.0647135512733992
1	0.0682563735697727
1	0.0717937530704874
1	0.0753257002052353
1	0.0788522253802327
1	0.082373338978278
1	0.0858890513588088
1	0.0893993728579594
1	0.0929043137886178
1	0.096403884440483
1	0.0998980950801213
1	0.103386955951023
1	0.106870477273661
1	0.110348669245542
1	0.113821542041269
1	0.117289105812594
1	0.120751370688474
1	0.124208346775128
1	0.127660044156091
1	0.131106472892271
1	0.134547643022005
1	0.137983564561113
1	0.141414247502952
1	0
1	0.00364545729234582
1	0.00728527148349821
1	0.01091945345892
1	0.0145480140794751
1	0.0181709641814892
1	0.0217883145768098
1	0.0254000760528665
1	0.0290062593727308
1	0.032606875275176
1	0.0362019344747371
1	0.0397914476617696
1	0.0433754255025099
1	0.0469538786391335
1	0.0505268176898147
1	0.0540942532487852
1	0.0576561958863931
1	0.0612126561491612
1	0.0647636445598458
1	0.0683091716174946
1	0.0718492477975052
1	0.0753838835516831
1	0.0789130893082993
1	0.0824368754721482
1	0.0859552524246053
1	0.0894682305236842
1	0.0929758201040944
1	0.0964780314772979
1	0.0999748749315668
1	0.10346636073204
1	0.106952499120778
1	0.110433300316823
1	0.113908774516254
1	0.11737893189224
1	0.120843782595101
1	0.124303336752361
1	0.127757604468802
1	0.131206595826526
1	0.134650320885004
1	0.138088789681136
1	0.141522012229303
1	0
1	0.00364899054182534
1	0.00729232747185942
1	0.0109300217042828
1	0.0145620841286011
1	0.0181885256097053
1	0.0218093569879327
1	0.0254245890791267
1	0.0290342326746976
1	0.032638298541682
1	0.0362367974228029
1	0.0398297400365295
1	0.0434171370771367
1	0.0469989992147646
1	0.0505753370954773
1	0.0541461613413225
1	0.0577114825503905
1	0.0612713112968724
1	0.0648256581311193
1	0.0683745335797009
1	0.071917948145463
1	0.0754559123075869
1	0.0789884365216464
1	0.0825155312196664
1	0.0860372068101803
1	0.0895534736782877
1	0.093064342185712
1	0.0965698226708574
1	0.100069925448867
1	0.103564660811677
1	0.107054039028079
1	0.110538070343771
1	0.114016764981416
1	0.117490133140702
1	0.120958184998391
1	0.124420930708383
1	0.127878380401766
1	0.131330544186875
1	0.134777432149347
1	0.138219054352177
1	0.141655420835772
1	0
1	0.00366297751526887
1	0.00732025981074415
1	0.0109718579142906
1	0.0146177828287963
1	0.0182580455322337
1	0.0218926569777211
1	0.0255216280935838
1	0.0291449697834149
1	0.0327626929261363
1	0.0363748083760592
1	0.0399813269629443
1	0.0435822594920629
1	0.0471776167442564
1	0.0507674094759965
1	0.0543516484194452
1	0.0579303442825145
1	0.0615035077489257
1	0.0650711494782692
1	0.0686332801060635
1	0.0721899102438146
1	0.0757410504790744
1	0.0792867113755002
1	0.082826903472913
1	0.0863616372873559
1	0.0898909233111527
1	0.0934147720129661
1	0.0969331938378557
1	0.100446199207336
1	0.103953798519433
1	0.107456002148746
1	0.110952820446498
1	0.114444263740599
1	0.117930342335703
1	0.121411066513259
1	0.124886446531576
1	0.128356492625875
1	0.131821215008345
1	0.135280623868201
1	0.138734729371744
1	0.142183541662408
1	0
1	0.00367238551581766
1	0.00733904782522185
1	0.0109999980325444
1	0.0146552472169371
1	0.0183048064324341
1	0.0219486867080132
1	0.0255868990476577
1	0.0292194544304181
1	0.0328463638104729
1	0.0364676381171905
1	0.0400832882551893
1	0.0436933251043996
1	0.0472977595201233
1	0.0508966023330951
1	0.0544898643495428
1	0.0580775563512471
1	0.0616596890956025
1	0.0652362733156763
1	0.0688073197202691
1	0.0723728389939741
1	0.0759328417972365
1	0.0794873387664132
1	0.0830363405138316
1	0.0865798576278486
1	0.0901179006729099
1	0.0936504801896083
1	0.0971776066947425
1	0.100699290681375
1	0.104215542618892
1	0.107726372953058
1	0.111231792106079
1	0.114731810476656
1	0.118226438440044
1	0.121715686348109
1	0.125199564529387
1	0.128678083289142
1	0.132151252909417
1	0.135619083649099
1	0.139081585743972
1	0.142538769406771
1	0
1	0.00370031207996502
1	0.00739481787846456
1	0.0110835287268138
1	0.0147664559305453
1	0.0184436107694729
1	0.0221150044977547
1	0.0257806483439563
1	0.0294405535111143
1	0.0330947311767985
1	0.0367431924931753
1	0.0403859485870699
1	0.0440230105600286
1	0.0476543894883816
1	0.0512800964233043
1	0.0549001423908799
1	0.058514538392161
1	0.0621232954032311
1	0.065726424375266
1	0.0693239362345954
1	0.0729158418827638
1	0.0765021521965915
1	0.0800828780282356
1	0.0836580302052507
1	0.087227619530649
1	0.0907916567829613
1	0.0943501527162968
1	0.0979031180604032
1	0.101450563520727
1	0.104992499778472
1	0.108528937490661
1	0.112059887290195
1	0.115585359785908
1	0.119105365562633
1	0.122619915181257
1	0.12612901917878
1	0.129632688068376
1	0.133130932339447
1	0.136623762457687
1	0.140111188865137
1	0.143593221980241
1	0
1	0.00370038083974093
1	0.007394955193472
1	0.0110837343930672
1	0.0147667297446167
1	0.0184439525284899
1	0.0221154139993995
1	0.0257811253864642
1	0.0294410978932718
1	0.0330953426979424
1	0.0367438709531908
1	0.0403866937863894
1	0.0440238222996301
1	0.0476552675697872
1	0.0512810406485791
1	0.0549011525626302
1	0.058515614313533
1	0.0621244368779094
1	0.0657276312074722
1	0.0693252082290868
1	0.0729171788448317
1	0.0765035539320602
1	0.0800843443434606
1	0.0836595609071173
1	0.0872292144265713
1	0.0907933156808803
1	0.0943518754246792
1	0.0979049043882401
1	0.101452413277532
1	0.104994412774282
1	0.108530913536031
1	0.112061926196198
1	0.115587461364137
1	0.119107529625196
1	0.122622141540777
1	0.126131307648392
1	0.129635038461728
1	0.133133344470697
1	0.136626236141502
1	0.140113723916692
1	0.14359581821522
1	0
1	0.00370392387591151
1	0.00740203072610219
1	0.0110943319112434
1	0.0147808387661461
1	0.0184615625998244
1	0.0221365146955595
1	0.0258057063109627
1	0.0294691486780391
1	0.0331268530032503
1	0.0367788304675773
1	0.0404250922265839
1	0.0440656494104785
1	0.047700513124177
1	0.0513296944473652
1	0.0549532044345605
1	0.0585710541151742
1	0.0621832544935734
1	0.0657898165491422
1	0.0693907512363438
1	0.0729860694847815
1	0.0765757821992597
1	0.0801599002598455
1	0.083738434521929
1	0.0873113958162844
1	0.0908787949491305
1	0.0944406427021908
1	0.0979969498327544
1	0.101547727073735
1	0.105092985133733
1	0.108632734697092
1	0.112166986423962
1	0.115695750950356
1	0.119219038888212
1	0.122736860825448
1	0.126249227326027
1	0.129756148930011
1	0.133257636153621
1	0.136753699489298
1	0.140244349405756
1	0.143729596348048
1	0
1	0.00372597534106579
1	0.00744606805841577
1	0.0111602896919527
1	0.0148686517552429
1	0.0185711657355816
1	0.0222678430940574
1	0.0259586952656172
1	0.0296437336591306
1	0.0333229696574541
1	0.0369964146174956
1	0.0406640798702779
1	0.0443259767210032
1	0.0479821164491161
1	0.0516325103083675
1	0.0552771695268781
1	0.058916105307201
1	0.0625493288263854
1	0.066176851236039
1	0.069798683662391
1	0.0734148372063543
1	0.0770253229435884
1	0.0806301519245611
1	0.084229335174611
1	0.0878228836940091
1	0.0914108084580206
1	0.0949931204169668
1	0.0985698304962862
1	0.102140949596596
1	0.105706488593752
1	0.109266458338914
1	0.112820869658598
1	0.116369733354748
1	0.119913060204785
1	0.123450860961679
1	0.126983146353997
1	0.130509927085974
1	0.134031213837567
1	0.137547017264514
1	0.141057347998398
1	0.144562216646701
1	0
1	0.00373735642498023
1	0.00746879637015935
1	0.011194331467944
1	0.0149139733241589
1	0.0186277335181126
1	0.0223356236026629
1	0.026037655104282
1	0.029733839523122
1	0.0334241883330794
1	0.0371087129818603
1	0.0407874248910448
1	0.0444603354561518
1	0.0481274560467026
1	0.051788798006286
1	0.0554443726526214
1	0.0590941912776234
1	0.0627382651474646
1	0.06637660550264
1	0.0700092235580297
1	0.0736361305029621
1	0.0772573375012773
1	0.0808728556913897
1	0.0844826961863505
1	0.0880868700739106
1	0.0916853884165826
1	0.0952782622517035
1	0.0988655025914961
1	0.102447120423132
1	0.10602312670879
1	0.109593532385725
1	0.11315834836632
1	0.116717585538154
1	0.120271254764062
1	0.123819366882192
1	0.127361932706074
1	0.130898963024669
1	0.134430468602442
1	0.137956460179413
1	0.14147694847122
1	0.144991944169183
1	0
1	0.00373974562841773
1	0.00747356766970819
1	0.0112014777756971
1	0.0149234875715769
1	0.0186396086559721
1	0.0223498526010055
1	0.026054230952363
1	0.0297527552293592
1	0.0334454369250027
1	0.0371322875060605
1	0.0408133184131232
1	0.0444885410606696
1	0.0481579668371307
1	0.0518216071049547
1	0.0554794732006702
1	0.0591315764349513
1	0.0627779280926801
1	0.0664185394330113
1	0.0700534216894355
1	0.0736825860698418
1	0.077306043756582
1	0.0809238059065326
1	0.0845358836511585
1	0.0881422880965748
1	0.0917430303236098
1	0.0953381213878674
1	0.098927572319789
1	0.102511394124716
1	0.10608959778295
1	0.109662194249817
1	0.113229194455729
1	0.11679060930624
1	0.120346449682116
1	0.123896726439388
1	0.127441450409419
1	0.13098063239896
1	0.134514283190213
1	0.138042413540893
1	0.141565034184284
1	0.145082155829304
1	0
1	0.0037799222919559
1	0.00755380148052768
1	0.0113216495440917
1	0.0150834784335237
1	0.0188393000722674
1	0.0225891263564018
1	0.0263329691547093
1	0.030070840308743
1	0.0338027516328941
1	0.0375287149144591
1	0.0412487419137068
1	0.0449628443639454
1	0.0486710339715886
1	0.0523733224162228
1	0.0560697213506726
1	0.059760242401068
1	0.0634448971669093
1	0.0671236972211338
1	0.070796654110181
1	0.0744637793540583
1	0.0781250844464059
1	0.0817805808545626
1	0.0854302800196303
1	0.0890741933565391
1	0.0927123322541117
1	0.0963447080751281
1	0.0999713321563898
1	0.103592215808784
1	0.107207370317348
1	0.110816806941332
1	0.114420536914264
1	0.118018571444013
1	0.12161092171285
1	0.125197598877516
1	0.128778614069281
1	0.132353978394008
1	0.135923702932216
1	0.139487798739143
1	0.143046276844807
1	0.146599148254069
1	0
1	0.00380568155441267
1	0.00760524337760913
1	0.0113986976573335
1	0.0151860565532737
1	0.0189673321971308
1	0.0227425366926886
1	0.0265116821158826
1	0.030274780514869
1	0.0340318439100936
1	0.0377828842943603
1	0.0415279136328995
1	0.0452669438634369
1	0.0489999868962607
1	0.0527270546142902
1	0.0564481588731436
1	0.060163311501205
1	0.0638725242996924
1	0.0675758090427246
1	0.0712731774773884
1	0.0749646413238055
1	0.0786502122751989
1	0.0823299019979602
1	0.0860037221317151
1	0.0896716842893902
1	0.0933338000572788
1	0.0969900809951069
1	0.100640538636099
1	0.104285184487043
1	0.107924030028356
1	0.111557086714151
1	0.115184365972298
1	0.118805879204494
1	0.122421637786323
1	0.126031653067324
1	0.129635936371052
1	0.133234498995147
1	0.136827352211393
1	0.140414507265785
1	0.143995975378592
1	0.147571767744419
1	0
1	0.00384291433538726
1	0.00767959818066939
1	0.0115100640262136
1	0.0153343243335273
1	0.0191523915353301
1	0.0229642780356246
1	0.0267699962097684
1	0.0305695584045445
1	0.0343629769382327
1	0.03815026410068
1	0.0419314321533714
1	0.0457064933294998
1	0.0494754598340366
1	0.0532383438438017
1	0.0569951575075328
1	0.0607459129459557
1	0.0644906222518533
1	0.0682292974901351
1	0.071961950697906
1	0.0756885938845356
1	0.0794092390317268
1	0.0831238980935843
1	0.0868325829966831
1	0.0905353056401366
1	0.0942320778956646
1	0.0979229116076616
1	0.101607818593264
1	0.105286810642417
1	0.108959899517945
1	0.112627096955614
1	0.116288414664202
1	0.119943864325566
1	0.123593457594707
1	0.127237206099836
1	0.130875121442443
1	0.134507215197361
1	0.138133498912833
1	0.141753984110576
1	0.14536868228585
1	0.148977604907521
1	0
1	0.00385330217688389
1	0.00770034296224319
1	0.0115411349308761
1	0.0153756906284969
1	0.0192040225718083
1	0.0230261432485734
1	0.0268420651176874
1	0.0306518006092497
1	0.0344553621246348
1	0.0382527620365639
1	0.042044012689176
1	0.0458291263980988
1	0.0496081154505194
1	0.053380992105255
1	0.0571477685928231
1	0.0609084571155118
1	0.0646630698474498
1	0.0684116189346764
1	0.0721541164952108
1	0.075890574619122
1	0.0796210053685978
1	0.0833454207780143
1	0.0870638328540043
1	0.0907762535755266
1	0.0944826948939343
1	0.0981831687330434
1	0.101877686989201
1	0.105566261531353
1	0.109248904201113
1	0.11292562681283
1	0.116596441153652
1	0.120261358983601
1	0.123920392035635
1	0.127573552015712
1	0.131220850602867
1	0.134862299449268
1	0.13849791018029
1	0.142127694394575
1	0.145751663664105
1	0.149369829534264
1	0
1	0.0038579588872694
1	0.00770964253038074
1	0.0115550635419813
1	0.015394234505534
1	0.0192271679753901
1	0.0230538764768609
1	0.0268743725062906
1	0.0306886685311277
1	0.034496776989997
1	0.0382987102927709
1	0.0420944808206409
1	0.045884100926189
1	0.0496675829334583
1	0.0534449391380241
1	0.0572161818070646
1	0.060981323179431
1	0.0647403754657182
1	0.0684933508483346
1	0.0722402614815721
1	0.0759811194916759
1	0.0797159369769142
1	0.0834447260076472
1	0.0871674986263966
1	0.0908842668479147
1	0.0945950426592528
1	0.0982998380198306
1	0.101998664861504
1	0.105691535088634
1	0.109378460578154
1	0.113059453179639
1	0.116734524715372
1	0.120403686980414
1	0.124066951742667
1	0.127724330742948
1	0.131375835695049
1	0.135021478285808
1	0.138661270175176
1	0.142295222996281
1	0.145923348355498
1	0.149545657832511
1	0
1	0.00389558103233493
1	0.007784774903355
1	0.0116675945314953
1	0.0155440528051946
1	0.0194141625829702
1	0.0232779366934924
1	0.0271353879356584
1	0.0309865290786664
1	0.0348313728620899
1	0.0386699319959506
1	0.0425022191607928
1	0.0463282470077556
1	0.050148028158647
1	0.0539615752060162
1	0.0577689007132264
1	0.0615700172145276
1	0.0653649372151286
1	0.0691536731912694
1	0.0729362375902931
1	0.0767126428307178
1	0.0804829013023079
1	0.0842470253661458
1	0.0880050273547032
1	0.0917569195719118
1	0.0955027142932348
1	0.0992424237657367
1	0.102976060208155
1	0.106703635810969
1	0.110425162736471
1	0.114140653118837
1	0.117850119064195
1	0.121553572650695
1	0.125251025928578
1	0.128942490920248
1	0.132627979620337
1	0.136307503995777
1	0.139981075985866
1	0.143648707502342
1	0.147310410429442
1	0.150966196623981
1	0
1	0.00391176530896005
1	0.00781709531213551
1	0.011716003059505
1	0.0156085015707019
1	0.0194946038350895
1	0.0233743228118367
1	0.0272476714299928
1	0.0311146625885628
1	0.034975309156582
1	0.0388296239731903
1	0.0426776198477072
1	0.0465193095597053
1	0.0503547058590847
1	0.0541838214661467
1	0.0580066690716674
1	0.0618232613369711
1	0.0656336108940037
1	0.0694377303454055
1	0.0732356322645841
1	0.0770273291957873
1	0.0808128336541755
1	0.0845921581258937
1	0.0883653150681442
1	0.0921323169092578
1	0.0958931760487662
1	0.0996479048574734
1	0.103396515677527
1	0.107139020822489
1	0.110875432577407
1	0.114605763198887
1	0.118330024915159
1	0.122048229926155
1	0.125760390403572
1	0.129466518490946
1	0.133166626303721
1	0.136860725929319
1	0.14054882942721
1	0.144230948828979
1	0.1479070961384
1	0.1515772833315
1	0
1	0.00394604888605791
1	0.0078855604806399
1	0.011818548112377
1	0.0157450250788149
1	0.0196650046464918
1	0.0235785000510151
1	0.0274855244971391
1	0.0313860911588414
1	0.0352802131793999
1	0.039167903671469
1	0.0430491757171559
1	0.0469240423680972
1	0.0507925166455342
1	0.0546546115403886
1	0.0585103400133385
1	0.0623597149948933
1	0.066202749385469
1	0.070039456055463
1	0.0738698478453291
1	0.0776939375656515
1	0.0815117379972198
1	0.0853232618911028
1	0.0891285219687224
1	0.0929275309219278
1	0.0967203014130685
1	0.100506846075068
1	0.104287177511498
1	0.108061308296649
1	0.111829250975605
1	0.115591018064316
1	0.119346622049671
1	0.123096075389569
1	0.12683939051299
1	0.130576579820072
1	0.134307655682175
1	0.13803263044196
1	0.141751516413457
1	0.145464325882134
1	0.149171071104973
1	0.152871764310536
1	0
1	0.00394661967320233
1	0.00788670035696936
1	0.0118202553845714
1	0.0157472980581811
1	0.0196678416489513
1	0.0235818993970919
1	0.0274894845119474
1	0.0313906101720734
1	0.0352852895253136
1	0.0391735356888762
1	0.0430553617494102
1	0.0469307807630815
1	0.050799805755649
1	0.0546624497225401
1	0.0585187256289265
1	0.0623686464097993
1	0.066212224970044
1	0.0700494741845162
1	0.0738804068981155
1	0.0777050359258605
1	0.0815233740529632
1	0.085335434034903
1	0.0891412285975011
1	0.0929407704369937
1	0.096734072220106
1	0.100521146584126
1	0.104302006136977
1	0.10807666345729
1	0.111845131094481
1	0.115607421568815
1	0.119363547371489
1	0.123113520964695
1	0.126857354781699
1	0.130595061226909
1	0.134326652675948
1	0.138052141475724
1	0.141771539944506
1	0.145484860371991
1	0.149192115019373
1	0.152893316119422
1	0
1	0.00395335537773442
1	0.0079001517288746
1	0.0118404024414377
1	0.0157741208721981
1	0.019701320346765
1	0.0236220141596606
1	0.0275362155743968
1	0.0314439378235535
1	0.0353451941088548
1	0.0392399976012462
1	0.0431283614409717
1	0.0470102987376496
1	0.0508858225703491
1	0.0547549459876668
1	0.0586176820078018
1	0.0624740436186322
1	0.06632404377779
1	0.070167695412737
1	0.0740050114208394
1	0.0778360046694431
1	0.0816606879959483
1	0.0854790742078841
1	0.0892911760829829
1	0.0930970063692546
1	0.0968965777850602
1	0.100689903019186
1	0.104476994730918
1	0.108257865550113
1	0.112032528077275
1	0.115800994883624
1	0.119563278511174
1	0.123319391472802
1	0.127069346252321
1	0.130813155304553
1	0.134550831055402
1	0.138282385901924
1	0.1420078322124
1	0.145727182326406
1	0.149440448554888
1	0.153147643180227
1	0
1	0.0039582610254675
1	0.0079099484311764
1	0.0118550756450163
1	0.0157936560635282
1	0.0197257030519823
1	0.0236512299444564
1	0.0275702500439133
1	0.0314827766222786
1	0.035388822920518
1	0.0392884021487143
1	0.0431815274861446
1	0.0470682120813571
1	0.0509484690522473
1	0.0548223114861347
1	0.0586897524398391
1	0.0625508049397562
1	0.0664054819819335
1	0.0702537965321463
1	0.0740957615259724
1	0.0779313898688679
1	0.0817606944362421
1	0.085583688073532
1	0.0894003835962773
1	0.0932107937901947
1	0.0970149314112522
1	0.100812809185743
1	0.104604439810359
1	0.108389835952267
1	0.112169010249177
1	0.115941975309421
1	0.119708743712023
1	0.123469328006774
1	0.1272237407143
1	0.130971994326142
1	0.134714101304822
1	0.138450074083919
1	0.142179925068138
1	0.145903666633384
1	0.149621311126834
1	0.153332870867006
1	0
1	0.00397140026868729
1	0.00793618783141447
1	0.0118943762228652
1	0.0158459789460908
1	0.0197910094725893
1	0.0237294812423841
1	0.0276614076641024
1	0.0315868021150535
1	0.0355056779413072
1	0.0394180484577711
1	0.0433239269482688
1	0.0472233266656174
1	0.0511162608317045
1	0.0550027426375654
1	0.0588827852434602
1	0.0627564017789503
1	0.066623605342975
1	0.0704844090039278
1	0.0743388257997325
1	0.0781868687379192
1	0.0820285507957
1	0.0858638849200445
1	0.089692884027755
1	0.093515561005542
1	0.097331928710099
1	0.101141999968177
1	0.104945787576659
1	0.108743304302637
1	0.112534562883479
1	0.116319576026914
1	0.120098356411094
1	0.123870916684678
1	0.127637269466897
1	0.131397427347633
1	0.135151402887491
1	0.138899208617868
1	0.142640857041032
1	0.146376360630188
1	0.150105731829555
1	0.153828983054436
1	0
1	0.00397177350661662
1	0.00793693319697683
1	0.0118954926087979
1	0.0158474652481568
1	0.0197928645895691
1	0.0237317040760676
1	0.0276639971192812
1	0.0315897570995127
1	0.0355089973658175
1	0.0394217312360809
1	0.0433279719970963
1	0.0472277329046427
1	0.0511210271835617
1	0.0550078680278348
1	0.0588882686006604
1	0.0627622420345307
1	0.0666298014313075
1	0.0704909598622994
1	0.0743457303683377
1	0.0781941259598517
1	0.0820361596169455
1	0.0858718442894729
1	0.0897011928971126
1	0.0935242183294441
1	0.097340933446022
1	0.101151351076451
1	0.104955484020461
1	0.10875334504798
1	0.11254494689921
1	0.116330302284701
1	0.120109423885423
1	0.123882324352842
1	0.127649016308991
1	0.131409512346545
1	0.135163825028894
1	0.138911966890216
1	0.142653950435548
1	0.146389788140861
1	0.150119492453129
1	0.153843075790407
1	0
1	0.00400121745612416
1	0.00799573350707034
1	0.0119835619298723
1	0.0159647164692881
1	0.0199392108378806
1	0.0239070587160983
1	0.0278682737523548
1	0.0318228695631094
1	0.0357708597329466
1	0.0397122578146556
1	0.0436470773293098
1	0.0475753317663462
1	0.0514970345836436
1	0.0554121992076024
1	0.059320839033222
1	0.0632229674241804
1	0.0671185977129111
1	0.071007743200682
1	0.0748904171576727
1	0.0787666328230522
1	0.0826364034050561
1	0.086499742081064
1	0.0903566619976762
1	0.0942071762707906
1	0.0980512979856793
1	0.101889040197065
1	0.105720415929196
1	0.109545438175925
1	0.113364119900783
1	0.117176474037053
1	0.120982513487848
1	0.124782251126189
1	0.128575699795071
1	0.132362872307548
1	0.1361437814468
1	0.139918439966213
1	0.143686860589449
1	0.147449056010523
1	0.151205038893874
1	0.15495482187444
1	0
1	0.00402360307327681
1	0.00804043814935597
1	0.0120505191872185
1	0.0160538601130867
1	0.0200504748205061
1	0.0240403771704267
1	0.0280235809912852
1	0.0320001000790853
1	0.0359699481974795
1	0.0399331390778495
1	0.0438896864193871
1	0.047839603889174
1	0.051782905122263
1	0.055719603721757
1	0.0596497132588895
1	0.0635732472731037
1	0.0674902192721322
1	0.071400642732076
1	0.0753045310974837
1	0.0792018977814299
1	0.083092756165594
1	0.0869771196003387
1	0.0908550014047879
1	0.0947264148669047
1	0.0985913732435695
1	0.102449889760657
1	0.106301977613114
1	0.110147649965037
1	0.113986919949747
1	0.11781980066987
1	0.12164630519741
1	0.125466446573827
1	0.129280237810114
1	0.133087691886871
1	0.136888821754383
1	0.140683640332691
1	0.144472160511677
1	0.148254395151126
1	0.152030357080814
1	0.155800059100573
1	0
1	0.00403767061989685
1	0.00806853139490718
1	0.0120925963983512
1	0.0161098796704867
1	0.020120395218592
1	0.0241241570170482
1	0.0281211790074212
1	0.0321114750985445
1	0.0360950591665999
1	0.0400719450552003
1	0.0440421465754699
1	0.0480056775061266
1	0.0519625515935619
1	0.0559127825519224
1	0.0598563840631901
1	0.0637933697772627
1	0.0677237533120339
1	0.0716475482534733
1	0.075564768155706
1	0.0794754265410924
1	0.0833795369003072
1	0.0872771126924191
1	0.0911681673449689
1	0.0950527142540489
1	0.0989307667843813
1	0.102802338269396
1	0.10666744201131
1	0.110526091281204
1	0.114378299319099
1	0.118224079334039
1	0.122063444504161
1	0.125896407976778
1	0.129722982868453
1	0.133543182265078
1	0.137357019221946
1	0.141164506763833
1	0.14496565788507
1	0.148760485549623
1	0.152549002691162
1	0.156331222213144
1	0
1	0.0040998335491625
1	0.00819267233313984
1	0.0122785309305042
1	0.0163574238854239
1	0.0204293657077499
1	0.0244943708731017
1	0.0285524538229527
1	0.0326036289647163
1	0.0366479106718308
1	0.0406853132838446
1	0.0447158511065011
1	0.0487395384118234
1	0.0527563894381987
1	0.0567664183904622
1	0.0607696394399817
1	0.0647660667247409
1	0.0687557143494232
1	0.0727385963854949
1	0.0767147268712886
1	0.0806841198120857
1	0.0846467891801996
1	0.0886027489150578
1	0.0925520129232845
1	0.0964945950787823
1	0.100430509222815
1	0.104359769164087
1	0.108282388678828
1	0.112198381510872
1	0.116107761371738
1	0.120010541940713
1	0.123906736864931
1	0.127796359759452
1	0.131679424207347
1	0.135555943759773
1	0.139425931936055
1	0.143289402223764
1	0.1471463680788
1	0.150996842925468
1	0.154840840156556
1	0.158678373133419
1	0
1	0.00414602023248956
1	0.00828490830512199
1	0.0124166791718686
1	0.0165413477513004
1	0.0206589289266767
1	0.024769437546034
1	0.0288728884222741
1	0.0329692963332523
1	0.0370586760218653
1	0.041141042196139
1	0.0452164095293155
1	0.0492847926599409
1	0.053346206191952
1	0.0574006646947631
1	0.0614481827033524
1	0.0654887747183487
1	0.0695224552061172
1	0.0735492385988454
1	0.0775691392946289
1	0.0815821716575568
1	0.0855883500177969
1	0.0895876886716808
1	0.0935802018817883
1	0.0975659038770326
1	0.101544808852744
1	0.105516930970755
1	0.109482284359483
1	0.113440883114014
1	0.117392741296188
1	0.12133787293468
1	0.125276292025084
1	0.129208012529997
1	0.133133048379099
1	0.137051413469238
1	0.14096312166451
1	0.144868186796343
1	0.148766622663577
1	0.152658443032548
1	0.156543661637167
1	0.160422292179002
1	0
1	0.0041754804778516
1	0.00834374115844812
1	0.0125047972352098
1	0.0166586638655208
1	0.0208053561708197
1	0.0249448892366897
1	0.0290772781129486
1	0.0332025378137389
1	0.0373206833176167
1	0.0414317295676417
1	0.045535691471466
1	0.0496325839014227
1	0.053722421694615
1	0.0578052196530043
1	0.0618809925434986
1	0.0659497550980403
1	0.0700115220136937
1	0.0740663079527331
1	0.0781141275427294
1	0.0821549953766378
1	0.0861889260128839
1	0.0902159339754511
1	0.0942360337539663
1	0.0982492398037864
1	0.102255566546084
1	0.106255028367934
1	0.110247639622398
1	0.114233414628609
1	0.118212367671858
1	0.12218451300368
1	0.126149864841934
1	0.130108437370893
1	0.134060244741322
1	0.13800530107057
1	0.141943620442645
1	0.145875216908304
1	0.149800104485134
1	0.153718297157634
1	0.1576298088773
1	0.161534653562706
1	0
1	0.00423079343202768
1	0.00845420252358898
1	0.0126702429176804
1	0.0168789302200688
1	0.0210802799993851
1	0.0252743077872172
1	0.0294610290782039
1	0.033640459330127
1	0.0378126139640045
1	0.0419775083641827
1	0.0461351578784285
1	0.0502855778180214
1	0.054428783457845
1	0.0585647900364788
1	0.0626936127562891
1	0.06681526678352
1	0.0709297672483846
1	0.075037129245155
1	0.0791373678322528
1	0.0832304980323393
1	0.0873165348324051
1	0.09139549318386
1	0.0954673880026219
1	0.0995322341692066
1	0.103590046528816
1	0.107640839891427
1	0.111684629031881
1	0.11572142868997
1	0.119751253570527
1	0.123774118343511
1	0.127790037644098
1	0.131799026072765
1	0.13580109819538
1	0.139796268543285
1	0.143784551613388
1	0.147765961868244
1	0.151740513736146
1	0.155708221611207
1	0.159669099853448
1	0.163623162788884
1	0
1	0.00423568289703485
1	0.00846396690857882
1	0.0126848677173693
1	0.0168984009688087
1	0.0211045822710578
1	0.0253034271951301
1	0.0294949512749846
1	0.0336791700076195
1	0.0378560988531647
1	0.0420257532349746
1	0.0461881485397207
1	0.0503433001174838
1	0.0544912232818458
1	0.0586319333099814
1	0.06276544544275
1	0.0668917748847865
1	0.0710109368045926
1	0.0751229463346274
1	0.0792278185713984
1	0.0833255685755511
1	0.0874162113719599
1	0.0914997619498175
1	0.0955762352627243
1	0.0996456462287786
1	0.103708009730665
1	0.107763340615744
1	0.111811653696139
1	0.115852963748829
1	0.119887285515732
1	0.123914633703793
1	0.127935022985079
1	0.131948467996858
1	0.13595498334169
1	0.139954583587514
1	0.143947283267736
1	0.147933096881313
1	0.151912038892843
1	0.155884123732646
1	0.159849365796858
1	0.163807779447507
1	0
1	0.00423617575671785
1	0.00846495116180154
1	0.0126863419019944
1	0.016900363626694
1	0.021107031948046
1	0.0253063624410377
1	0.0294983706435919
1	0.0336830720566595
1	0.0378604821443131
1	0.0420306163338391
1	0.0461934900158306
1	0.0503491185442796
1	0.0544975172366686
1	0.0586387013740631
1	0.0627726862012023
1	0.0668994869265909
1	0.0710191187225902
1	0.0751315967255087
1	0.0792369360356928
1	0.0833351517176169
1	0.087426258799974
1	0.0915102722757652
1	0.0955872071023897
1	0.0996570782017339
1	0.103719900460261
1	0.107775688729099
1	0.11182445782413
1	0.115866222526081
1	0.119900997580608
1	0.123928797698386
1	0.127949637555199
1	0.131963531792023
1	0.135970495015117
1	0.139970541796111
1	0.143963686672087
1	0.147949944145674
1	0.151929328685127
1	0.155901854724418
1	0.159867536663321
1	0.163826388867496
1	0
1	0.00430730321068451
1	0.00860699448205415
1	0.0128990900789667
1	0.0171836062273992
1	0.0214605591145461
1	0.0257299648889168
1	0.0299918396604331
1	0.0342461995005265
1	0.0384930604422349
1	0.0427324384802999
1	0.0469643495712623
1	0.0511888096335591
1	0.0554058345476193
1	0.0596154401559592
1	0.0638176422632783
1	0.0680124566365542
1	0.072199899005138
1	0.0763799850608483
1	0.0805527304580665
1	0.0847181508138305
1	0.0888762617079288
1	0.0930270786829944
1	0.097170617244598
1	0.101306892861342
1	0.105435920964952
1	0.109557716950371
1	0.113672296175852
1	0.117779673963051
1	0.121879865597114
1	0.125972886326777
1	0.130058751364451
1	0.134137475886316
1	0.138209075032413
1	0.142273563906732
1	0.146330957577307
1	0.1503812710763
1	0.154424519400099
1	0.158460717509401
1	0.162489880329307
1	0.166512022749408
1	0
1	0.00433057892578848
1	0.00865347667240743
1	0.0129687096938965
1	0.0172762944049124
1	0.0215762471808282
1	0.0258685843578325
1	0.0301533222330276
1	0.034430477064529
1	0.0387000650715626
1	0.0429621024345634
1	0.047216605295273
1	0.0514635897568372
1	0.0557030718839031
1	0.059935067702716
1	0.0641595932012164
1	0.0683766643291366
1	0.0725862969980965
1	0.0767885070816999
1	0.0809833104156301
1	0.0851707227977456
1	0.0893507599881753
1	0.0935234377094132
1	0.0976887716464138
1	0.101846777446686
1	0.105997470720388
1	0.110140867040419
1	0.114276981942519
1	0.118405830925355
1	0.122527429450618
1	0.126641792943117
1	0.130748936790869
1	0.134848876345194
1	0.138941626920808
1	0.143027203795911
1	0.147105622212282
1	0.151176897375372
1	0.15524104445439
1	0.159298078582403
1	0.163348014856417
1	0.167390868337474
1	0
1	0.00434492621595428
1	0.00868212857287801
1	0.0130116236414237
1	0.0173334279525513
1	0.0216475579976283
1	0.0259540302285298
1	0.0302528610577376
1	0.03454406685844
1	0.0388276639646303
1	0.0431036686712064
1	0.0473720972340685
1	0.0516329658702179
1	0.0558862907578549
1	0.0601320880364766
1	0.0643703738069745
1	0.0686011641317316
1	0.0728244750347195
1	0.0770403225015955
1	0.0812487224797986
1	0.0854496908786462
1	0.0896432435694299
1	0.0938293963855113
1	0.098008165122418
1	0.102179565537938
1	0.106343613352216
1	0.110500324247846
1	0.11464971386997
1	0.118791797826367
1	0.12292659168755
1	0.127054110986862
1	0.131174371220565
1	0.135287387847935
1	0.139393176291359
1	0.14349175193642
1	0.147583130131997
1	0.151667326190355
1	0.155744355387234
1	0.159814232961946
1	0.163876974117464
1	0.167932594020512
1	0
1	0.00434586808945015
1	0.00868400951801452
1	0.013014440864001
1	0.0173371786660047
1	0.0216522394230081
1	0.0259596395944805
1	0.0302593956004785
1	0.0345515238217445
1	0.0388360405998063
1	0.0431129622370759
1	0.0473823049969478
1	0.0516440851038978
1	0.0558983187435807
1	0.0601450220629284
1	0.0643842111702474
1	0.0686159021353161
1	0.0728401109894818
1	0.0770568537257577
1	0.0812661462989195
1	0.0854680046256017
1	0.0896624445843934
1	0.0938494820159347
1	0.0980291327230119
1	0.102201412470653
1	0.106366336986222
1	0.110523921959516
1	0.114674183042857
1	0.118817135851188
1	0.122952795962167
1	0.127081178916261
1	0.131202300216837
1	0.135316175330261
1	0.139422819685985
1	0.143522248676643
1	0.147614477658147
1	0.15169952194977
1	0.155777396834249
1	0.15984811755787
1	0.163911699330561
1	0.167968157325986
1	0
1	0.00436945589113944
1	0.00873111495315322
1	0.0130849939560677
1	0.0174311096296876
1	0.0217694786636969
1	0.0261001177077609
1	0.0304230433716263
1	0.0347382722252225
1	0.0390458207987619
1	0.0433457055828398
1	0.0476379430285346
1	0.0519225495475073
1	0.0561995415121012
1	0.0604689352554406
1	0.06473074707153
1	0.0689849932153526
1	0.0732316899029688
1	0.077470853311614
1	0.0817024995797972
1	0.0859266448073977
1	0.0901433050557631
1	0.0943524963478063
1	0.0985542346681023
1	0.102748535962985
1	0.106935416140642
1	0.111114891071215
1	0.11528697658689
1	0.119451688481998
1	0.123609042513106
1	0.127759054399115
1	0.131901739821355
1	0.136037114423678
1	0.140165193812554
1	0.144285993557163
1	0.148399529189491
1	0.152505816204423
1	0.156604870059838
1	0.160696706176697
1	0.164781339939143
1	0.168858786694588
1	0
1	0.00439526494939029
1	0.00878265629369186
1	0.0131621910127037
1	0.017533886045446
1	0.0218977582902633
1	0.0262538246049266
1	0.0306021018067365
1	0.0349426066726248
1	0.0392753559392568
1	0.0436003663031325
1	0.0479176544206881
1	0.0522272369083974
1	0.056529130342872
1	0.0608233512609626
1	0.0651099161598589
1	0.0693888414971895
1	0.0736601436911221
1	0.0779238391204629
1	0.0821799441247558
1	0.0864284750043814
1	0.0906694480206559
1	0.0949028793959297
1	0.0991287853136854
1	0.103347181918636
1	0.107558085316822
1	0.111761511575711
1	0.115957476724293
1	0.120145996753176
1	0.124327087614687
1	0.128500765222965
1	0.13266704545406
1	0.136825944146024
1	0.140977477099013
1	0.14512166007538
1	0.149258508799769
1	0.153388038959209
1	0.157510266203215
1	0.161625206143876
1	0.16573287435595
1	0.169833286376963
1	0
1	0.00439960986134823
1	0.0087913331925023
1	0.013175187008576
1	0.0175511882838107
1	0.0219193539516784
1	0.0262797009049846
1	0.0306322459959711
1	0.0349770060364184
1	0.0393139977977475
1	0.0436432380111222
1	0.0479647433675505
1	0.0522785305179859
1	0.0565846160734285
1	0.0608830166050257
1	0.0651737486441732
1	0.0694568286826147
1	0.0737322731725423
1	0.0780000985266962
1	0.0822603211184642
1	0.0865129572819811
1	0.0907580233122274
1	0.0949955354651285
1	0.0992255099576526
1	0.10344796296791
1	0.107662910635249
1	0.111870369060356
1	0.116070354305353
1	0.120262882393893
1	0.124447969311256
1	0.128625631004451
1	0.132795883382306
1	0.136958742315569
1	0.141114223637003
1	0.145262343141479
1	0.149403116586076
1	0.153536559690171
1	0.157662688135539
1	0.161781517566444
1	0.165893063589738
1	0.169997341774948
1	0
1	0.00440322341612426
1	0.0087985495525669
1	0.0131859954538122
1	0.0175655781233941
1	0.0219373145239992
1	0.0263012215775703
1	0.030657316165409
1	0.0350056151282783
1	0.0393461352665052
1	0.0436788933400822
1	0.0480039060687697
1	0.0523211901321973
1	0.0566307621699649
1	0.060932638781744
1	0.0652268365273783
1	0.0695133719269841
1	0.073792261461051
1	0.0780635215705411
1	0.0823271686569895
1	0.0865832190826033
1	0.0908316891703608
1	0.0950725952041108
1	0.0993059534286711
1	0.103531780049927
1	0.107750091234928
1	0.11196090311199
1	0.116164231770788
1	0.120360093262456
1	0.124548503599683
1	0.128729478756814
1	0.132903034669939
1	0.137069187236998
1	0.14122795231787
1	0.145379345734473
1	0.14952338327086
1	0.153660080673311
1	0.157789453650433
1	0.161911517873249
1	0.166026288975298
1	0.170133782552727
1	0
1	0.00441954861042819
1	0.00883115137750759
1	0.0132348254784115
1	0.0176305880490106
1	0.0220184561839768
1	0.0263984469368878
1	0.0307705773203307
1	0.0351348643060053
1	0.0394913248248276
1	0.0438399757670328
1	0.0481808339822777
1	0.0525139162797435
1	0.0568392394282376
1	0.061156820156296
1	0.0654666751522846
1	0.0697688210645007
1	0.0740632745012741
1	0.078350052031068
1	0.0826291701825796
1	0.0869006454448406
1	0.091164494267317
1	0.0954207330600091
1	0.0996693781935512
1	0.103910445999311
1	0.108143952769487
1	0.112369914757212
1	0.116588348176645
1	0.120799269203075
1	0.125002693973015
1	0.129198638584305
1	0.133387119096204
1	0.137568151529489
1	0.141741751866555
1	0.145907936051508
1	0.150066719990263
1	0.154218119550641
1	0.158362150562463
1	0.162498828817649
1	0.16662817007031
1	0.170750190036847
1	0
1	0.00444628095813439
1	0.00888453655038494
1	0.0133147841712019
1	0.017737041173156
1	0.0221513248670439
1	0.0265576525219943
1	0.0309560413655729
1	0.0353465085838872
1	0.0397290713216918
1	0.0441037466824925
1	0.0484705517286504
1	0.0528295034814861
1	0.0571806189213834
1	0.0615239149878925
1	0.065859408579833
1	0.0701871165553973
1	0.0745070557322526
1	0.0788192428876436
1	0.0831236947584945
1	0.0874204280415109
1	0.0917094593932811
1	0.0959908054303774
1	0.100264482729458
1	0.104530507827365
1	0.10878889722123
1	0.113039667368569
1	0.117282834687384
1	0.121518415556267
1	0.125746426314492
1	0.12996688326212
1	0.134179802660096
1	0.138385200730347
1	0.142583093655881
1	0.146773497580887
1	0.15095642861083
1	0.15513190281255
1	0.15929993621436
1	0.163460544806143
1	0.167613744539447
1	0.171759551327586
1	0
1	0.00447262590122237
1	0.00893714806646474
1	0.0133935841043056
1	0.0178419515808751
1	0.022282268019963
1	0.0267145509031248
1	0.0311388176697895
1	0.0355550857173652
1	0.039963372401346
1	0.0443636950354176
1	0.048756070891563
1	0.0531405172001681
1	0.0575170511501265
1	0.0618856898889446
1	0.0662464505228461
1	0.0705993501168765
1	0.0749444056950069
1	0.0792816342402377
1	0.0836110526947025
1	0.0879326779597711
1	0.0922465268961525
1	0.0965526163239975
1	0.100850963023002
1	0.105141583732506
1	0.109424495151603
1	0.11369971393923
1	0.117967256714282
1	0.122227140055702
1	0.126479380502588
1	0.130723994554294
1	0.134960998670526
1	0.139190409271446
1	0.14341224273777
1	0.147626515410867
1	0.151833243592863
1	0.156032443546732
1	0.160224131496401
1	0.164408323626849
1	0.168585036084199
1	0.172754284975824
1	0
1	0.00448589954121775
1	0.00896365586045476
1	0.0134332866741758
1	0.0178948096561112
1	0.0223482424373646
1	0.0267936026065212
1	0.0312309077097549
1	0.0356601752509357
1	0.0400814226917366
1	0.0444946674517405
1	0.0488999269085463
1	0.0532972183978752
1	0.0576865592136765
1	0.0620679666082335
1	0.0664414577922683
1	0.0708070499350472
1	0.0751647601644855
1	0.0795146055672516
1	0.0838566031888719
1	0.0881907700338342
1	0.0925171230656917
1	0.0968356792071662
1	0.101146455340252
1	0.105449468306317
1	0.109744734906208
1	0.11403227190035
1	0.118312096008852
1	0.122584223911605
1	0.126848672248386
1	0.131105457618959
1	0.135354596583175
1	0.139596105661075
1	0.143830001332986
1	0.148056300039629
1	0.15227501818221
1	0.156486172122527
1	0.160689778183064
1	0.164885852647097
1	0.169074411758784
1	0.173255471723273
1	0
1	0.00448750993856406
1	0.00896687186458873
1	0.0134381035076279
1	0.0179012225544662
1	0.022356246649227
1	0.0268031933934805
1	0.0312420803463514
1	0.0356729250246259
1	0.040095744902859
1	0.0445105574134812
1	0.0489173799469051
1	0.0533162298516316
1	0.0577071244343556
1	0.0620900809600722
1	0.0664651166521815
1	0.0708322486925944
1	0.0751914942218367
1	0.0795428703391544
1	0.0838863941026177
1	0.088222082529225
1	0.0925499525950068
1	0.0968700212351294
1	0.101182305343998
1	0.105486821775358
1	0.109783587342403
1	0.11407261881787
1	0.118353932934147
1	0.122627546383373
1	0.126893475817539
1	0.131151737848592
1	0.135402349048532
1	0.139645325949518
1	0.143880685043963
1	0.148108442784639
1	0.152328615584776
1	0.156541219818159
1	0.160746271819232
1	0.164943787883193
1	0.169133784266098
1	0.173316277184953
1	0
1	0.00450100585597868
1	0.00899382355219344
1	0.0134784709278912
1	0.0179549657792583
1	0.0224233258595295
1	0.0268835688790967
1	0.0313357125056171
1	0.0357797743641214
1	0.0402157720371219
1	0.0446437230647194
1	0.0490636449447111
1	0.053475555132697
1	0.0578794710421873
1	0.0622754100447081
1	0.0666633894699081
1	0.0710434266056641
1	0.0754155386981868
1	0.0797797429521263
1	0.0841360565306768
1	0.0884844965556816
1	0.0928250801077376
1	0.0971578242262997
1	0.101482745909784
1	0.105799862115674
1	0.110109189760619
1	0.114410745720544
1	0.118704546830746
1	0.122990609886002
1	0.127268951640668
1	0.131539588808783
1	0.135802538064169
1	0.140057816040536
1	0.144305439331578
1	0.148545424491078
1	0.15277778803301
1	0.157002546431636
1	0.161219716121608
1	0.165429313498066
1	0.169631354916743
1	0.173825856694058
1	0
1	0.00452251274567148
1	0.00903677335356975
1	0.0135427998377469
1	0.0180406101687302
1	0.0225302222736326
1	0.0270116540362626
1	0.0314849232972333
1	0.0359500478540724
1	0.0404070454613307
1	0.0448559338306912
1	0.0492967306310773
1	0.0537294534887611
1	0.0581541199874712
1	0.0625707476685005
1	0.0669793540308133
1	0.0713799565311527
1	0.0757725725841471
1	0.0801572195624166
1	0.0845339147966798
1	0.0889026755758591
1	0.0932635191471869
1	0.0976164627163107
1	0.101961523447398
1	0.106298718463243
1	0.110628064845368
1	0.114949579634131
1	0.119263279828826
1	0.123569182387791
1	0.12786730422851
1	0.132157662227715
1	0.136440273221488
1	0.14071515400537
1	0.144982321334454
1	0.149241791923496
1	0.153493582447012
1	0.157737709539381
1	0.161974189794945
1	0.166203039768114
1	0.170424275973461
1	0.17463791488583
1	0
1	0.00454601016294643
1	0.00908369828875245
1	0.0136130825824539
1	0.0181341812050551
1	0.02264701227364
1	0.0271515938614836
1	0.0316479439981629
1	0.0361360806696674
1	0.0406160218185095
1	0.0450877853438345
1	0.0495513891015303
1	0.0540068509043373
1	0.0584541885219569
1	0.0628934196811611
1	0.0673245620659007
1	0.0717476333174138
1	0.0761626510343341
1	0.0805696327727982
1	0.0849685960465537
1	0.0893595583270658
1	0.0937425370436251
1	0.0981175495834534
1	0.102484613291811
1	0.106843745472101
1	0.11119496338598
1	0.115538284253456
1	0.119873725253
1	0.124201303521649
1	0.128521036155112
1	0.132832940207871
1	0.137137032693289
1	0.141433330583713
1	0.145721850810575
1	0.1500026102645
1	0.154275625795406
1	0.158540914212608
1	0.16279849228492
1	0.167048376740758
1	0.171290584268243
1	0.175525131515299
1	0
1	0.00456740799346805
1	0.00912643029621216
1	0.0136770852871869
1	0.0182193913008535
1	0.0227533666272923
1	0.0272790295123155
1	0.0317963981575791
1	0.0363054907206947
1	0.0408063253153411
1	0.0452989200113754
1	0.0497832928349442
1	0.0542594617685942
1	0.0587274447513825
1	0.0631872596789867
1	0.0676389244038148
1	0.0720824567351149
1	0.0765178744390839
1	0.0809451952389773
1	0.0853644368152172
1	0.0897756168055009
1	0.0941787528049092
1	0.0985738623660142
1	0.102960962998987
1	0.107340072171703
1	0.111711207309855
1	0.116074385797051
1	0.120429624974927
1	0.124776942143254
1	0.129116354560038
1	0.13344787944163
1	0.137771533962832
1	0.142087335256999
1	0.146395300416147
1	0.150695446491053
1	0.154987790491367
1	0.159272349385707
1	0.163549140101769
1	0.167818179526428
1	0.172079484505843
1	0.176333071845557
1	0
1	0.00461873997465812
1	0.00922894155785242
1	0.0138306235457569
1	0.0184238046889447
1	0.023008503692503
1	0.0275847392161493
1	0.0321525298743456
1	0.0367118942364137
1	0.0412628508266492
1	0.0458054181244357
1	0.050339614564359
1	0.0548654585363201
1	0.0593829683856488
1	0.0638921624132165
1	0.0683930588755489
1	0.0728856759849383
1	0.077370031909556
1	0.0818461447735634
1	0.0863140326572243
1	0.0907737135970155
1	0.095225205585738
1	0.0996685265726278
1	0.104103694463466
1	0.108530727120688
1	0.112949642363496
1	0.117360457967965
1	0.121763191667155
1	0.126157861151218
1	0.130544484067507
1	0.134923078020684
1	0.139293660572832
1	0.143656249243557
1	0.148010861510097
1	0.152357514807433
1	0.156696226528393
1	0.161027014023757
1	0.165349894602367
1	0.169664885531233
1	0.173972004035635
1	0.178271267299233
1	0
1	0.00463353475887147
1	0.00925848711522708
1	0.0138748759854909
1	0.0184827202401666
1	0.0230820387039541
1	0.0276728501558654
1	0.0322551733293407
1	0.0368290269123638
1	0.0413944295475773
1	0.0459513998323977
1	0.0504999563191301
1	0.0550401175150822
1	0.0595719018826789
1	0.0640953278395755
1	0.0686104137587715
1	0.073117177968724
1	0.0776156387534599
1	0.0821058143526892
1	0.086587722961917
1	0.0910613827325554
1	0.0955268117720354
1	0.0999840281439185
1	0.104433049868007
1	0.108873894920457
1	0.113306581233886
1	0.117731126697485
1	0.122147549157129
1	0.126555866415485
1	0.130956096232123
1	0.135348256323625
1	0.139732364363691
1	0.144108437983252
1	0.148476494770578
1	0.152836552271381
1	0.157188627988927
1	0.161532739384144
1	0.165868903875727
1	0.170197138840246
1	0.174517461612251
1	0.178829889484382
1	0
1	0.00463955380760325
1	0.00927050730741651
1	0.0138928794647859
1	0.0185066891990072
1	0.0231119553834429
1	0.0277086968456384
1	0.0322969323674385
1	0.0368766806851029
1	0.0414479604894221
1	0.0460107904258326
1	0.0505651890945318
1	0.0551111750505928
1	0.0596487668040789
1	0.0641779828201574
1	0.0686988415192134
1	0.0732113612769639
1	0.0777155604245704
1	0.0822114572487518
1	0.0866990699918976
1	0.0911784168521798
1	0.0956495159836651
1	0.100112385496426
1	0.104567043456655
1	0.10901350788677
1	0.113451796765533
1	0.117881928028154
1	0.122303919566405
1	0.126717789228727
1	0.131123554820346
1	0.135521234103374
1	0.139910844796924
1	0.144292404577218
1	0.148665931077695
1	0.153031441889118
1	0.157388954559684
1	0.161738486595132
1	0.166080055458849
1	0.170413678571978
1	0.174739373313525
1	0.179057157020466
1	0
1	0.00466746934171221
1	0.00932625533339422
1	0.0139763771672858
1	0.0186178539889743
1	0.0232507048975125
1	0.0278749489455372
1	0.0324906051393868
1	0.0370976924392186
1	0.0416962297591263
1	0.0462862359672564
1	0.0508677298859252
1	0.0554407302917345
1	0.0600052559156882
1	0.0645613254433074
1	0.0691089575147462
1	0.0736481707249063
1	0.078178983623552
1	0.0827014147154247
1	0.087215482460357
1	0.0917212052733865
1	0.0962186015248694
1	0.100707689540594
1	0.105188487601893
1	0.109661013945758
1	0.114125286764948
1	0.118581324208107
1	0.123029144379872
1	0.127468765340984
1	0.131900205108402
1	0.136323481655414
1	0.140738612911743
1	0.145145616763664
1	0.14954451105411
1	0.15393531358278
1	0.158318042106256
1	0.162692714338104
1	0.167059347948987
1	0.171417960566773
1	0.175768569776646
1	0.180111193121207
1	0
1	0.00470881339633932
1	0.00940882045367384
1	0.0141000407002823
1	0.0187824936168987
1	0.0234561986368329
1	0.0281211751460912
1	0.0327774424834963
1	0.0374250199408072
1	0.0420639267628384
1	0.0466941821475793
1	0.0513158052463132
1	0.0559288151637355
1	0.0605332309580719
1	0.0651290716411969
1	0.0697163561787509
1	0.0742951034902575
1	0.078865332449241
1	0.0834270618833427
1	0.0879803105744375
1	0.0925250972587499
1	0.0970614406269699
1	0.101589359324369
1	0.106108871950913
1	0.110619997061383
1	0.115122753165481
1	0.119617158727952
1	0.124103232168695
1	0.128580991862876
1	0.133050456141043
1	0.137511643289238
1	0.141964571549112
1	0.146409259118034
1	0.150845724149205
1	0.155273984751773
1	0.159694058990938
1	0.164105964888072
1	0.16850972042082
1	0.172905343523222
1	0.177292852085814
1	0.181672263955743
1	0
1	0.00471317007794057
1	0.00941752085675891
1	0.0141130719001443
1	0.0187998427241472
1	0.0234778527973003
1	0.0281471215407391
1	0.0328076683283222
1	0.0374595124867516
1	0.0421026732956919
1	0.0467371699878901
1	0.0513630217492949
1	0.0559802477191747
1	0.060588866990237
1	0.065188898608746
1	0.0697803615746405
1	0.0743632748416518
1	0.0789376573174207
1	0.0835035278636144
1	0.0880609052960434
1	0.0926098083847778
1	0.0971502558542632
1	0.101682266383437
1	0.106205858605842
1	0.110721051109744
1	0.115227862438247
1	0.119726311089404
1	0.124216415516334
1	0.128698194127338
1	0.133171665286007
1	0.137636847311342
1	0.142093758477861
1	0.146542417015717
1	0.150982841110805
1	0.155415048904882
1	0.159839058495669
1	0.164254887936972
1	0.168662555238788
1	0.173062078367417
1	0.177453475245573
1	0.181836763752496
1	0
1	0.00478624848262302
1	0.00956346027481715
1	0.0143316555342431
1	0.019090854369346
1	0.0238410768394802
1	0.0285823429550343
1	0.0333146726775553
1	0.0380380859198734
1	0.0427526025462248
1	0.0474582423723762
1	0.0521550251657474
1	0.0568429706455342
1	0.0615220984828312
1	0.0661924283007536
1	0.0708539796745596
1	0.0755067721317718
1	0.0801508251522981
1	0.0847861581685534
1	0.0894127905655796
1	0.0940307416811662
1	0.0986400308059706
1	0.103240677183637
1	0.107832700010917
1	0.112416118437788
1	0.116990951567572
1	0.121557218457053
1	0.126114938116598
1	0.130664129510272
1	0.135204811555958
1	0.139737003125472
1	0.144260723044681
1	0.148775990093621
1	0.15328282300661
1	0.157781240472367
1	0.162271261134129
1	0.16675290358976
1	0.171226186391874
1	0.175691128047946
1	0.180147747020424
1	0.18459606172685
1	0
1	0.00485753906055866
1	0.00970582935775174
1	0.0145448916286803
1	0.0193747465596912
1	0.0241954147865064
1	0.0290069168943518
1	0.0338092734180856
1	0.0386025048423265
1	0.0433866316015813
1	0.0481616740803729
1	0.0529276526133669
1	0.0576845874854988
1	0.0624324989321003
1	0.0671714071390256
1	0.0719013322427771
1	0.076622294330631
1	0.0813343134407625
1	0.0860374095623708
1	0.0907316026358033
1	0.0954169125526803
1	0.100093359156018
1	0.104760962240354
1	0.109419741551869
1	0.114069716788508
1	0.118710907600107
1	0.123343333588514
1	0.127967014307708
1	0.132581969263924
1	0.137188217915775
1	0.141785779674368
1	0.146374673903432
1	0.150954919919431
1	0.15552653699169
1	0.160089544342512
1	0.164643961147297
1	0.169189806534663
1	0.173727099586565
1	0.178255859338411
1	0.182776104779183
1	0.187287854851552
1	0
1	0.00489844738651252
1	0.00978752431687661
1	0.0146672518606907
1	0.0195376510359163
1	0.0243987428090097
1	0.0292505480950527
1	0.0340930877578838
1	0.0389263826102284
1	0.0437504534138291
1	0.0485653208795752
1	0.0533710056676324
1	0.0581675283875716
1	0.0629549095984982
1	0.0677331698091798
1	0.0725023294781752
1	0.0772624090139612
1	0.0820134287750608
1	0.0867554090701699
1	0.0914883701582844
1	0.0962123322488263
1	0.10092731550177
1	0.105633340027768
1	0.110330425888278
1	0.115018593095683
1	0.119697861613424
1	0.124368251356116
1	0.129029782189681
1	0.133682473931462
1	0.138326346350357
1	0.142961419166933
1	0.147587712053555
1	0.152205244634505
1	0.156814036486108
1	0.16141410713685
1	0.166005476067502
1	0.17058816271124
1	0.175162186453768
1	0.179727566633436
1	0.184284322541363
1	0.188832473421555
1	0
1	0.00492935781884695
1	0.00984925323017756
1	0.0147597075548261
1	0.019660742061323
1	0.024552377966028
1	0.0294346364332632
1	0.0343075385754451
1	0.0391711054532177
1	0.0440253580755833
1	0.0488703174000348
1	0.0537060043326863
1	0.0585324397284044
1	0.0633496443909383
1	0.0681576390730503
1	0.0729564444766453
1	0.0777460812529002
1	0.0825265700023937
1	0.0872979312752342
1	0.092060185571189
1	0.0968133533398121
1	0.101557454980572
1	0.106292510842979
1	0.111018541226714
1	0.115735566381751
1	0.12044360650849
1	0.125142681757878
1	0.129832812231536
1	0.134514017981885
1	0.139186319012272
1	0.143849735277096
1	0.148504286681926
1	0.153149993083634
1	0.157786874290513
1	0.162414950062402
1	0.167034240110811
1	0.171644764099042
1	0.176246541642311
1	0.180839592307873
1	0.185423935615143
1	0.189999591035814
1	0
1	0.00492966711030207
1	0.00984987089301745
1	0.0147606326714943
1	0.0196619737167702
1	0.0245539152477056
1	0.0294364784311162
1	0.0343096843819062
1	0.0391735541631999
1	0.0440281087864739
1	0.0488733692116885
1	0.053709356347419
1	0.0585360910509863
1	0.0633535941285875
1	0.0681618863354263
1	0.0729609883758425
1	0.0777509209034417
1	0.0825317045212243
1	0.0873033597817147
1	0.092065907187089
1	0.0968193671893041
1	0.101563760190225
1	0.106299106541752
1	0.111025426545949
1	0.115742740455169
1	0.120451068472181
1	0.125150430750298
1	0.129840847393498
1	0.134522338456557
1	0.139194923945167
1	0.143858623816064
1	0.148513457977153
1	0.153159446287633
1	0.157796608558118
1	0.162424964550761
1	0.167044533979383
1	0.171655336509585
1	0.176257391758884
1	0.180850719296822
1	0.185435338645099
1	0.190011269277688
1	0
1	0.00493323315853728
1	0.00985699238132137
1	0.0147712990206848
1	0.0196761743765725
1	0.0245716396966756
1	0.0294577161765639
1	0.0343344249598195
1	0.0392017871381682
1	0.0440598237516123
1	0.0489085557885621
1	0.0537480041859671
1	0.0585781898294474
1	0.063399133553424
1	0.0682108561412494
1	0.0730133783253377
1	0.0778067207872941
1	0.0825909041580443
1	0.0873659490179635
1	0.0921318758970052
1	0.0968887052748296
1	0.101636457580931
1	0.106375153194767
1	0.111104812445884
1	0.115825455614045
1	0.120537102929357
1	0.125239774572397
1	0.129933490674336
1	0.134618271317069
1	0.139294136533337
1	0.143961106306851
1	0.148619200572423
1	0.153268439216081
1	0.157908842075204
1	0.162540428938635
1	0.167163219546812
1	0.171777233591889
1	0.176382490717857
1	0.180979010520669
1	0.185566812548363
1	0.190145916301177
