group	y
1	0
1	-5.30389799172775
1	15.7130630218298
1	-5.30389799172775
1	15.7130630218298
1	-5.30389799172775
1	15.7130630218298
1	-5.30389799172775
1	15.7130630218298
1	-5.30389799172775
1	15.7130630218298
1	-5.30389799172775
1	15.7130630218298
1	-5.30389799172775
1	15.7130630218298
1	-5.30389799172775
1	15.7130630218298
1	-5.30389799172775
1	15.7130630218298
1	-5.30389799172775
1	15.7130630218298
1	-5.30389799172775
1	15.7130630218298
1	-5.30389799172775
1	15.7130630218298
1	-5.30389799172775
1	15.7130630218298
1	-5.30389799172775
1	15.7130630218298
1	-5.30389799172775
1	15.7130630218298
1	-5.30389799172775
1	15.7130630218298
1	-5.30389799172775
1	15.7130630218298
1	-5.30389799172775
1	15.7130630218298
1	-5.30389799172775
1	15.7130630218298
1	-5.30389799172775
1	15.7130630218298
1	0
1	-5.30389799172775
1	15.7130630218298
1	-5.30389799172775
1	15.7130630218298
1	-5.30389799172775
1	15.7130630218298
1	-5.30389799172775
1	15.7130630218298
1	-5.30389799172775
1	15.7130630218298
1	-5.30389799172775
1	15.7130630218298
1	-5.30389799172775
1	15.7130630218298
1	-5.30389799172775
1	15.7130630218298
1	-5.30389799172775
1	15.7130630218298
1	-5.30389799172775
1	15.7130630218298
1	-5.30389799172775
1	15.7130630218298
1	-5.30389799172775
1	15.7130630218298
1	-5.30389799172775
1	15.7130630218298
1	-5.30389799172775
1	15.7130630218298
1	-5.30389799172775
1	15.7130630218298
1	-5.30389799172775
1	15.7130630218298
1	-5.30389799172775
1	15.7130630218298
1	-5.30389799172775
1	15.7130630218298
1	-5.30389799172775
1	15.7130630218298
1	-5.30389799172775
1	15.7130630218298
1	0
1	-5.30389799172775
1	15.7130630218298
1	-5.30389799172775
1	15.7130630218298
1	-5.30389799172775
1	15.7130630218298
1	-5.30389799172775
1	15.7130630218298
1	-5.30389799172775
1	15.7130630218298
1	-5.30389799172775
1	15.7130630218298
1	-5.30389799172775
1	15.7130630218298
1	-5.30389799172775
1	15.7130630218298
1	-5.30389799172775
1	15.7130630218298
1	-5.30389799172775
1	15.7130630218298
1	-5.30389799172775
1	15.7130630218298
1	-5.30389799172775
1	15.7130630218298
1	-5.30389799172775
1	15.7130630218298
1	-5.30389799172775
1	15.7130630218298
1	-5.30389799172775
1	15.7130630218298
1	-5.30389799172775
1	15.7130630218298
1	-5.30389799172775
1	15.7130630218298
1	-5.30389799172775
1	15.7130630218298
1	-5.30389799172775
1	15.7130630218298
1	-5.30389799172775
1	15.7130630218298
1	0
1	-5.30389799172775
1	15.7130630218298
1	-5.30389799172775
1	15.7130630218298
1	-5.30389799172775
1	15.7130630218298
1	-5.30389799172775
1	15.7130630218298
1	-5.30389799172775
1	15.7130630218298
1	-5.30389799172775
1	15.7130630218298
1	-5.30389799172775
1	15.7130630218298
1	-5.30389799172775
1	15.7130630218298
1	-5.30389799172775
1	15.7130630218298
1	-5.30389799172775
1	15.7130630218298
1	-5.30389799172775
1	15.7130630218298
1	-5.30389799172775
1	15.7130630218298
1	-5.30389799172775
1	15.7130630218298
1	-5.30389799172775
1	15.7130630218298
1	-5.30389799172775
1	15.7130630218298
1	-5.30389799172775
1	15.7130630218298
1	-5.30389799172775
1	15.7130630218298
1	-5.30389799172775
1	15.7130630218298
1	-5.30389799172775
1	15.7130630218298
1	-5.30389799172775
1	15.7130630218298
1	0
1	-5.30389799172775
1	15.7130630218298
1	-5.30389799172775
1	15.7130630218298
1	-5.30389799172775
1	15.7130630218298
1	-5.30389799172775
1	15.7130630218298
1	-5.30389799172775
1	15.7130630218298
1	-5.30389799172775
1	15.7130630218298
1	-5.30389799172775
1	15.7130630218298
1	-5.30389799172775
1	15.7130630218298
1	-5.30389799172775
1	15.7130630218298
1	-5.30389799172775
1	15.7130630218298
1	-5.30389799172775
1	15.7130630218298
1	-5.30389799172775
1	15.7130630218298
1	-5.30389799172775
1	15.7130630218298
1	-5.30389799172775
1	15.7130630218298
1	-5.30389799172775
1	15.7130630218298
1	-5.30389799172775
1	15.7130630218298
1	-5.30389799172775
1	15.7130630218298
1	-5.30389799172775
1	15.7130630218298
1	-5.30389799172775
1	15.7130630218298
1	-5.30389799172775
1	15.7130630218298
1	0
1	-5.30389799172775
1	15.7130630218298
1	-5.30389799172775
1	15.7130630218298
1	-5.30389799172775
1	15.7130630218298
1	-5.30389799172775
1	15.7130630218298
1	-5.30389799172775
1	15.7130630218298
1	-5.30389799172775
1	15.7130630218298
1	-5.30389799172775
1	15.7130630218298
1	-5.30389799172775
1	15.7130630218298
1	-5.30389799172775
1	15.7130630218298
1	-5.30389799172775
1	15.7130630218298
1	-5.30389799172775
1	15.7130630218298
1	-5.30389799172775
1	15.7130630218298
1	-5.30389799172775
1	15.7130630218298
1	-5.30389799172775
1	15.7130630218298
1	-5.30389799172775
1	15.7130630218298
1	-5.30389799172775
1	15.7130630218298
1	-5.30389799172775
1	15.7130630218298
1	-5.30389799172775
1	15.7130630218298
1	-5.30389799172775
1	15.7130630218298
1	-5.30389799172775
1	15.7130630218298
1	0
1	-5.30389799172775
1	15.7130630218298
1	-5.30389799172775
1	15.7130630218298
1	-5.30389799172775
1	15.7130630218298
1	-5.30389799172775
1	15.7130630218298
1	-5.30389799172775
1	15.7130630218298
1	-5.30389799172775
1	15.7130630218298
1	-5.30389799172775
1	15.7130630218298
1	-5.30389799172775
1	15.7130630218298
1	-5.30389799172775
1	15.7130630218298
1	-5.30389799172775
1	15.7130630218298
1	-5.30389799172775
1	15.7130630218298
1	-5.30389799172775
1	15.7130630218298
1	-5.30389799172775
1	15.7130630218298
1	-5.30389799172775
1	15.7130630218298
1	-5.30389799172775
1	15.7130630218298
1	-5.30389799172775
1	15.7130630218298
1	-5.30389799172775
1	15.7130630218298
1	-5.30389799172775
1	15.7130630218298
1	-5.30389799172775
1	15.7130630218298
1	-5.30389799172775
1	15.7130630218298
1	0
1	-5.30389799172775
1	15.7130630218298
1	-5.30389799172775
1	15.7130630218298
1	-5.30389799172775
1	15.7130630218298
1	-5.30389799172775
1	15.7130630218298
1	-5.30389799172775
1	15.7130630218298
1	-5.30389799172775
1	15.7130630218298
1	-5.30389799172775
1	15.7130630218298
1	-5.30389799172775
1	15.7130630218298
1	-5.30389799172775
1	15.7130630218298
1	-5.30389799172775
1	15.7130630218298
1	-5.30389799172775
1	15.7130630218298
1	-5.30389799172775
1	15.7130630218298
1	-5.30389799172775
1	15.7130630218298
1	-5.30389799172775
1	15.7130630218298
1	-5.30389799172775
1	15.7130630218298
1	-5.30389799172775
1	15.7130630218298
1	-5.30389799172775
1	15.7130630218298
1	-5.30389799172775
1	15.7130630218298
1	-5.30389799172775
1	15.7130630218298
1	-5.30389799172775
1	15.7130630218298
1	0
1	-5.30389799172775
1	15.7130630218298
1	-5.30389799172775
1	15.7130630218298
1	-5.30389799172775
1	15.7130630218298
1	-5.30389799172775
1	15.7130630218298
1	-5.30389799172775
1	15.7130630218298
1	-5.30389799172775
1	15.7130630218298
1	-5.30389799172775
1	15.7130630218298
1	-5.30389799172775
1	15.7130630218298
1	-5.30389799172775
1	15.7130630218298
1	-5.30389799172775
1	15.7130630218298
1	-5.30389799172775
1	15.7130630218298
1	-5.30389799172775
1	15.7130630218298
1	-5.30389799172775
1	15.7130630218298
1	-5.30389799172775
1	15.7130630218298
1	-5.30389799172775
1	15.7130630218298
1	-5.30389799172775
1	15.7130630218298
1	-5.30389799172775
1	15.7130630218298
1	-5.30389799172775
1	15.7130630218298
1	-5.30389799172775
1	15.7130630218298
1	-5.30389799172775
1	15.7130630218298
1	0
1	-5.30389799172775
1	15.7130630218298
1	-5.30389799172775
1	15.7130630218298
1	-5.30389799172775
1	15.7130630218298
1	-5.30389799172775
1	15.7130630218298
1	-5.30389799172775
1	15.7130630218298
1	-5.30389799172775
1	15.7130630218298
1	-5.30389799172775
1	15.7130630218298
1	-5.30389799172775
1	15.7130630218298
1	-5.30389799172775
1	15.7130630218298
1	-5.30389799172775
1	15.7130630218298
1	-5.30389799172775
1	15.7130630218298
1	-5.30389799172775
1	15.7130630218298
1	-5.30389799172775
1	15.7130630218298
1	-5.30389799172775
1	15.7130630218298
1	-5.30389799172775
1	15.7130630218298
1	-5.30389799172775
1	15.7130630218298
1	-5.30389799172775
1	15.7130630218298
1	-5.30389799172775
1	15.7130630218298
1	-5.30389799172775
1	15.7130630218298
1	-5.30389799172775
1	15.7130630218298
1	0
1	-5.30389799172775
1	15.7130630218298
1	-5.30389799172775
1	15.7130630218298
1	-5.30389799172775
1	15.7130630218298
1	-5.30389799172775
1	15.7130630218298
1	-5.30389799172775
1	15.7130630218298
1	-5.30389799172775
1	15.7130630218298
1	-5.30389799172775
1	15.7130630218298
1	-5.30389799172775
1	15.7130630218298
1	-5.30389799172775
1	15.7130630218298
1	-5.30389799172775
1	15.7130630218298
1	-5.30389799172775
1	15.7130630218298
1	-5.30389799172775
1	15.7130630218298
1	-5.30389799172775
1	15.7130630218298
1	-5.30389799172775
1	15.7130630218298
1	-5.30389799172775
1	15.7130630218298
1	-5.30389799172775
1	15.7130630218298
1	-5.30389799172775
1	15.7130630218298
1	-5.30389799172775
1	15.7130630218298
1	-5.30389799172775
1	15.7130630218298
1	-5.30389799172775
1	15.7130630218298
1	0
1	-5.30389799172775
1	14.5390846006902
1	-5.30389799172775
1	15.7130630218298
1	-5.30389799172775
1	15.7130630218298
1	-5.30389799172775
1	15.7130630218298
1	-5.30389799172775
1	15.7130630218298
1	-5.30389799172775
1	15.7130630218298
1	-5.30389799172775
1	15.7130630218298
1	-5.30389799172775
1	15.7130630218298
1	-5.30389799172775
1	15.7130630218298
1	-5.30389799172775
1	15.7130630218298
1	-5.30389799172775
1	15.7130630218298
1	-5.30389799172775
1	15.7130630218298
1	-5.30389799172775
1	15.7130630218298
1	-5.30389799172775
1	15.7130630218298
1	-5.30389799172775
1	15.7130630218298
1	-5.30389799172775
1	15.7130630218298
1	-5.30389799172775
1	15.7130630218298
1	-5.30389799172775
1	15.7130630218298
1	-5.30389799172775
1	15.7130630218298
1	-5.30389799172775
1	15.7130630218298
1	0
1	-5.30389799172775
1	14.5043814358541
1	-5.30389799172775
1	15.7130630218298
1	-5.30389799172775
1	15.7130630218298
1	-5.30389799172775
1	15.7130630218298
1	-5.30389799172775
1	15.7130630218298
1	-5.30389799172775
1	15.7130630218298
1	-5.30389799172775
1	15.7130630218298
1	-5.30389799172775
1	15.7130630218298
1	-5.30389799172775
1	15.7130630218298
1	-5.30389799172775
1	15.7130630218298
1	-5.30389799172775
1	15.7130630218298
1	-5.30389799172775
1	15.7130630218298
1	-5.30389799172775
1	15.7130630218298
1	-5.30389799172775
1	15.7130630218298
1	-5.30389799172775
1	15.7130630218298
1	-5.30389799172775
1	15.7130630218298
1	-5.30389799172775
1	15.7130630218298
1	-5.30389799172775
1	15.7130630218298
1	-5.30389799172775
1	15.7130630218298
1	-5.30389799172775
1	15.7130630218298
1	0
1	-5.30389799172775
1	14.4473773464737
1	-5.30389799172775
1	15.7130630218298
1	-5.30389799172775
1	15.7130630218298
1	-5.30389799172775
1	15.7130630218298
1	-5.30389799172775
1	15.7130630218298
1	-5.30389799172775
1	15.7130630218298
1	-5.30389799172775
1	15.7130630218298
1	-5.30389799172775
1	15.7130630218298
1	-5.30389799172775
1	15.7130630218298
1	-5.30389799172775
1	15.7130630218298
1	-5.30389799172775
1	15.7130630218298
1	-5.30389799172775
1	15.7130630218298
1	-5.30389799172775
1	15.7130630218298
1	-5.30389799172775
1	15.7130630218298
1	-5.30389799172775
1	15.7130630218298
1	-5.30389799172775
1	15.7130630218298
1	-5.30389799172775
1	15.7130630218298
1	-5.30389799172775
1	15.7130630218298
1	-5.30389799172775
1	15.7130630218298
1	-5.30389799172775
1	15.7130630218298
1	0
1	-5.30389799172775
1	14.4028959244348
1	-5.30389799172775
1	15.7130630218298
1	-5.30389799172775
1	15.7130630218298
1	-5.30389799172775
1	15.7130630218298
1	-5.30389799172775
1	15.7130630218298
1	-5.30389799172775
1	15.7130630218298
1	-5.30389799172775
1	15.7130630218298
1	-5.30389799172775
1	15.7130630218298
1	-5.30389799172775
1	15.7130630218298
1	-5.30389799172775
1	15.7130630218298
1	-5.30389799172775
1	15.7130630218298
1	-5.30389799172775
1	15.7130630218298
1	-5.30389799172775
1	15.7130630218298
1	-5.30389799172775
1	15.7130630218298
1	-5.30389799172775
1	15.7130630218298
1	-5.30389799172775
1	15.7130630218298
1	-5.30389799172775
1	15.7130630218298
1	-5.30389799172775
1	15.7130630218298
1	-5.30389799172775
1	15.7130630218298
1	-5.30389799172775
1	15.7130630218298
1	0
1	-5.30389799172775
1	14.3299858108152
1	-5.30389799172775
1	15.7130630218298
1	-5.30389799172775
1	15.7130630218298
1	-5.30389799172775
1	15.7130630218298
1	-5.30389799172775
1	15.7130630218298
1	-5.30389799172775
1	15.7130630218298
1	-5.30389799172775
1	15.7130630218298
1	-5.30389799172775
1	15.7130630218298
1	-5.30389799172775
1	15.7130630218298
1	-5.30389799172775
1	15.7130630218298
1	-5.30389799172775
1	15.7130630218298
1	-5.30389799172775
1	15.7130630218298
1	-5.30389799172775
1	15.7130630218298
1	-5.30389799172775
1	15.7130630218298
1	-5.30389799172775
1	15.7130630218298
1	-5.30389799172775
1	15.7130630218298
1	-5.30389799172775
1	15.7130630218298
1	-5.30389799172775
1	15.7130630218298
1	-5.30389799172775
1	15.7130630218298
1	-5.30389799172775
1	15.7130630218298
1	0
1	-5.30389799172775
1	14.2703704242472
1	-5.30389799172775
1	15.7130630218298
1	-5.30389799172775
1	15.7130630218298
1	-5.30389799172775
1	15.7130630218298
1	-5.30389799172775
1	15.7130630218298
1	-5.30389799172775
1	15.7130630218298
1	-5.30389799172775
1	15.7130630218298
1	-5.30389799172775
1	15.7130630218298
1	-5.30389799172775
1	15.7130630218298
1	-5.30389799172775
1	15.7130630218298
1	-5.30389799172775
1	15.7130630218298
1	-5.30389799172775
1	15.7130630218298
1	-5.30389799172775
1	15.7130630218298
1	-5.30389799172775
1	15.7130630218298
1	-5.30389799172775
1	15.7130630218298
1	-5.30389799172775
1	15.7130630218298
1	-5.30389799172775
1	15.7130630218298
1	-5.30389799172775
1	15.7130630218298
1	-5.30389799172775
1	15.7130630218298
1	-5.30389799172775
1	15.7130630218298
1	0
1	-5.30389799172775
1	13.9908807087627
1	-5.30389799172775
1	15.7130630218298
1	-5.30389799172775
1	15.7130630218298
1	-5.30389799172775
1	15.7130630218298
1	-5.30389799172775
1	15.7130630218298
1	-5.30389799172775
1	15.7130630218298
1	-5.30389799172775
1	15.7130630218298
1	-5.30389799172775
1	15.7130630218298
1	-5.30389799172775
1	15.7130630218298
1	-5.30389799172775
1	15.7130630218298
1	-5.30389799172775
1	15.7130630218298
1	-5.30389799172775
1	15.7130630218298
1	-5.30389799172775
1	15.7130630218298
1	-5.30389799172775
1	15.7130630218298
1	-5.30389799172775
1	15.7130630218298
1	-5.30389799172775
1	15.7130630218298
1	-5.30389799172775
1	15.7130630218298
1	-5.30389799172775
1	15.7130630218298
1	-5.30389799172775
1	15.7130630218298
1	-5.30389799172775
1	15.7130630218298
1	0
1	-5.30389799172775
1	13.8955945429563
1	-5.30389799172775
1	15.7130630218298
1	-5.30389799172775
1	15.7130630218298
1	-5.30389799172775
1	15.7130630218298
1	-5.30389799172775
1	15.7130630218298
1	-5.30389799172775
1	15.7130630218298
1	-5.30389799172775
1	15.7130630218298
1	-5.30389799172775
1	15.7130630218298
1	-5.30389799172775
1	15.7130630218298
1	-5.30389799172775
1	15.7130630218298
1	-5.30389799172775
1	15.7130630218298
1	-5.30389799172775
1	15.7130630218298
1	-5.30389799172775
1	15.7130630218298
1	-5.30389799172775
1	15.7130630218298
1	-5.30389799172775
1	15.7130630218298
1	-5.30389799172775
1	15.7130630218298
1	-5.30389799172775
1	15.7130630218298
1	-5.30389799172775
1	15.7130630218298
1	-5.30389799172775
1	15.7130630218298
1	-5.30389799172775
1	15.7130630218298
1	0
1	-5.30389799172775
1	13.8014410748125
1	-5.30389799172775
1	15.7130630218298
1	-5.30389799172775
1	15.7130630218298
1	-5.30389799172775
1	15.7130630218298
1	-5.30389799172775
1	15.7130630218298
1	-5.30389799172775
1	15.7130630218298
1	-5.30389799172775
1	15.7130630218298
1	-5.30389799172775
1	15.7130630218298
1	-5.30389799172775
1	15.7130630218298
1	-5.30389799172775
1	15.7130630218298
1	-5.30389799172775
1	15.7130630218298
1	-5.30389799172775
1	15.7130630218298
1	-5.30389799172775
1	15.7130630218298
1	-5.30389799172775
1	15.7130630218298
1	-5.30389799172775
1	15.7130630218298
1	-5.30389799172775
1	15.7130630218298
1	-5.30389799172775
1	15.7130630218298
1	-5.30389799172775
1	15.7130630218298
1	-5.30389799172775
1	15.7130630218298
1	-5.30389799172775
1	15.7130630218298
1	0
1	-5.30389799172775
1	13.4578040737442
1	-5.30389799172775
1	15.7130630218298
1	-5.30389799172775
1	15.7130630218298
1	-5.30389799172775
1	15.7130630218298
1	-5.30389799172775
1	15.7130630218298
1	-5.30389799172775
1	15.7130630218298
1	-5.30389799172775
1	15.7130630218298
1	-5.30389799172775
1	15.7130630218298
1	-5.30389799172775
1	15.7130630218298
1	-5.30389799172775
1	15.7130630218298
1	-5.30389799172775
1	15.7130630218298
1	-5.30389799172775
1	15.7130630218298
1	-5.30389799172775
1	15.7130630218298
1	-5.30389799172775
1	15.7130630218298
1	-5.30389799172775
1	15.7130630218298
1	-5.30389799172775
1	15.7130630218298
1	-5.30389799172775
1	15.7130630218298
1	-5.30389799172775
1	15.7130630218298
1	-5.30389799172775
1	15.7130630218298
1	-5.30389799172775
1	15.7130630218298
1	0
1	-5.30389799172775
1	13.3367672336907
1	-5.30389799172775
1	15.7130630218298
1	-5.30389799172775
1	15.7130630218298
1	-5.30389799172775
1	15.7130630218298
1	-5.30389799172775
1	15.7130630218298
1	-5.30389799172775
1	15.7130630218298
1	-5.30389799172775
1	15.7130630218298
1	-5.30389799172775
1	15.7130630218298
1	-5.30389799172775
1	15.7130630218298
1	-5.30389799172775
1	15.7130630218298
1	-5.30389799172775
1	15.7130630218298
1	-5.30389799172775
1	15.7130630218298
1	-5.30389799172775
1	15.7130630218298
1	-5.30389799172775
1	15.7130630218298
1	-5.30389799172775
1	15.7130630218298
1	-5.30389799172775
1	15.7130630218298
1	-5.30389799172775
1	15.7130630218298
1	-5.30389799172775
1	15.7130630218298
1	-5.30389799172775
1	15.7130630218298
1	-5.30389799172775
1	15.7130630218298
1	0
1	-5.30389799172775
1	12.7144439441607
1	-5.30389799172775
1	15.7130630218298
1	-5.30389799172775
1	15.7130630218298
1	-5.30389799172775
1	15.7130630218298
1	-5.30389799172775
1	15.7130630218298
1	-5.30389799172775
1	15.7130630218298
1	-5.30389799172775
1	15.7130630218298
1	-5.30389799172775
1	15.7130630218298
1	-5.30389799172775
1	15.7130630218298
1	-5.30389799172775
1	15.7130630218298
1	-5.30389799172775
1	15.7130630218298
1	-5.30389799172775
1	15.7130630218298
1	-5.30389799172775
1	15.7130630218298
1	-5.30389799172775
1	15.7130630218298
1	-5.30389799172775
1	15.7130630218298
1	-5.30389799172775
1	15.7130630218298
1	-5.30389799172775
1	15.7130630218298
1	-5.30389799172775
1	15.7130630218298
1	-5.30389799172775
1	15.7130630218298
1	-5.30389799172775
1	15.7130630218298
1	0
1	-5.30389799172775
1	12.6728969738401
1	-5.30389799172775
1	15.7130630218298
1	-5.30389799172775
1	15.7130630218298
1	-5.30389799172775
1	15.7130630218298
1	-5.30389799172775
1	15.7130630218298
1	-5.30389799172775
1	15.7130630218298
1	-5.30389799172775
1	15.7130630218298
1	-5.30389799172775
1	15.7130630218298
1	-5.30389799172775
1	15.7130630218298
1	-5.30389799172775
1	15.7130630218298
1	-5.30389799172775
1	15.7130630218298
1	-5.30389799172775
1	15.7130630218298
1	-5.30389799172775
1	15.7130630218298
1	-5.30389799172775
1	15.7130630218298
1	-5.30389799172775
1	15.7130630218298
1	-5.30389799172775
1	15.7130630218298
1	-5.30389799172775
1	15.7130630218298
1	-5.30389799172775
1	15.7130630218298
1	-5.30389799172775
1	15.7130630218298
1	-5.30389799172775
1	15.7130630218298
1	0
1	-5.30389799172775
1	12.6376260617947
1	-5.30389799172775
1	15.7130630218298
1	-5.30389799172775
1	15.7130630218298
1	-5.30389799172775
1	15.7130630218298
1	-5.30389799172775
1	15.7130630218298
1	-5.30389799172775
1	15.7130630218298
1	-5.30389799172775
1	15.7130630218298
1	-5.30389799172775
1	15.7130630218298
1	-5.30389799172775
1	15.7130630218298
1	-5.30389799172775
1	15.7130630218298
1	-5.30389799172775
1	15.7130630218298
1	-5.30389799172775
1	15.7130630218298
1	-5.30389799172775
1	15.7130630218298
1	-5.30389799172775
1	15.7130630218298
1	-5.30389799172775
1	15.7130630218298
1	-5.30389799172775
1	15.7130630218298
1	-5.30389799172775
1	15.7130630218298
1	-5.30389799172775
1	15.7130630218298
1	-5.30389799172775
1	15.7130630218298
1	-5.30389799172775
1	15.7130630218298
1	0
1	-5.30389799172775
1	12.5313284991058
1	-5.30389799172775
1	15.7130630218298
1	-5.30389799172775
1	15.7130630218298
1	-5.30389799172775
1	15.7130630218298
1	-5.30389799172775
1	15.7130630218298
1	-5.30389799172775
1	15.7130630218298
1	-5.30389799172775
1	15.7130630218298
1	-5.30389799172775
1	15.7130630218298
1	-5.30389799172775
1	15.7130630218298
1	-5.30389799172775
1	15.7130630218298
1	-5.30389799172775
1	15.7130630218298
1	-5.30389799172775
1	15.7130630218298
1	-5.30389799172775
1	15.7130630218298
1	-5.30389799172775
1	15.7130630218298
1	-5.30389799172775
1	15.7130630218298
1	-5.30389799172775
1	15.7130630218298
1	-5.30389799172775
1	15.7130630218298
1	-5.30389799172775
1	15.7130630218298
1	-5.30389799172775
1	15.7130630218298
1	-5.30389799172775
1	15.7130630218298
1	0
1	-5.30389799172775
1	12.3993388332465
1	-5.30389799172775
1	15.7130630218298
1	-5.30389799172775
1	15.7130630218298
1	-5.30389799172775
1	15.7130630218298
1	-5.30389799172775
1	15.7130630218298
1	-5.30389799172775
1	15.7130630218298
1	-5.30389799172775
1	15.7130630218298
1	-5.30389799172775
1	15.7130630218298
1	-5.30389799172775
1	15.7130630218298
1	-5.30389799172775
1	15.7130630218298
1	-5.30389799172775
1	15.7130630218298
1	-5.30389799172775
1	15.7130630218298
1	-5.30389799172775
1	15.7130630218298
1	-5.30389799172775
1	15.7130630218298
1	-5.30389799172775
1	15.7130630218298
1	-5.30389799172775
1	15.7130630218298
1	-5.30389799172775
1	15.7130630218298
1	-5.30389799172775
1	15.7130630218298
1	-5.30389799172775
1	15.7130630218298
1	-5.30389799172775
1	15.7130630218298
1	0
1	-5.30389799172775
1	12.3259345380114
1	-5.30389799172775
1	15.7130630218298
1	-5.30389799172775
1	15.7130630218298
1	-5.30389799172775
1	15.7130630218298
1	-5.30389799172775
1	15.7130630218298
1	-5.30389799172775
1	15.7130630218298
1	-5.30389799172775
1	15.7130630218298
1	-5.30389799172775
1	15.7130630218298
1	-5.30389799172775
1	15.7130630218298
1	-5.30389799172775
1	15.7130630218298
1	-5.30389799172775
1	15.7130630218298
1	-5.30389799172775
1	15.7130630218298
1	-5.30389799172775
1	15.7130630218298
1	-5.30389799172775
1	15.7130630218298
1	-5.30389799172775
1	15.7130630218298
1	-5.30389799172775
1	15.7130630218298
1	-5.30389799172775
1	15.7130630218298
1	-5.30389799172775
1	15.7130630218298
1	-5.30389799172775
1	15.7130630218298
1	-5.30389799172775
1	15.7130630218298
1	0
1	-5.30389799172775
1	12.2749641137298
1	-5.30389799172775
1	15.7130630218298
1	-5.30389799172775
1	15.7130630218298
1	-5.30389799172775
1	15.7130630218298
1	-5.30389799172775
1	15.7130630218298
1	-5.30389799172775
1	15.7130630218298
1	-5.30389799172775
1	15.7130630218298
1	-5.30389799172775
1	15.7130630218298
1	-5.30389799172775
1	15.7130630218298
1	-5.30389799172775
1	15.7130630218298
1	-5.30389799172775
1	15.7130630218298
1	-5.30389799172775
1	15.7130630218298
1	-5.30389799172775
1	15.7130630218298
1	-5.30389799172775
1	15.7130630218298
1	-5.30389799172775
1	15.7130630218298
1	-5.30389799172775
1	15.7130630218298
1	-5.30389799172775
1	15.7130630218298
1	-5.30389799172775
1	15.7130630218298
1	-5.30389799172775
1	15.7130630218298
1	-5.30389799172775
1	15.7130630218298
1	0
1	-5.30389799172775
1	12.0179073158897
1	-5.30389799172775
1	15.7130630218298
1	-5.30389799172775
1	15.7130630218298
1	-5.30389799172775
1	15.7130630218298
1	-5.30389799172775
1	15.7130630218298
1	-5.30389799172775
1	15.7130630218298
1	-5.30389799172775
1	15.7130630218298
1	-5.30389799172775
1	15.7130630218298
1	-5.30389799172775
1	15.7130630218298
1	-5.30389799172775
1	15.7130630218298
1	-5.30389799172775
1	15.7130630218298
1	-5.30389799172775
1	15.7130630218298
1	-5.30389799172775
1	15.7130630218298
1	-5.30389799172775
1	15.7130630218298
1	-5.30389799172775
1	15.7130630218298
1	-5.30389799172775
1	15.7130630218298
1	-5.30389799172775
1	15.7130630218298
1	-5.30389799172775
1	15.7130630218298
1	-5.30389799172775
1	15.7130630218298
1	-5.30389799172775
1	15.7130630218298
1	0
1	-5.30389799172775
1	11.992987421743
1	-5.30389799172775
1	15.7130630218298
1	-5.30389799172775
1	15.7130630218298
1	-5.30389799172775
1	15.7130630218298
1	-5.30389799172775
1	15.7130630218298
1	-5.30389799172775
1	15.7130630218298
1	-5.30389799172775
1	15.7130630218298
1	-5.30389799172775
1	15.7130630218298
1	-5.30389799172775
1	15.7130630218298
1	-5.30389799172775
1	15.7130630218298
1	-5.30389799172775
1	15.7130630218298
1	-5.30389799172775
1	15.7130630218298
1	-5.30389799172775
1	15.7130630218298
1	-5.30389799172775
1	15.7130630218298
1	-5.30389799172775
1	15.7130630218298
1	-5.30389799172775
1	15.7130630218298
1	-5.30389799172775
1	15.7130630218298
1	-5.30389799172775
1	15.7130630218298
1	-5.30389799172775
1	15.7130630218298
1	-5.30389799172775
1	15.7130630218298
1	0
1	-5.30389799172775
1	11.9120281926913
1	-5.30389799172775
1	15.7130630218298
1	-5.30389799172775
1	15.7130630218298
1	-5.30389799172775
1	15.7130630218298
1	-5.30389799172775
1	15.7130630218298
1	-5.30389799172775
1	15.7130630218298
1	-5.30389799172775
1	15.7130630218298
1	-5.30389799172775
1	15.7130630218298
1	-5.30389799172775
1	15.7130630218298
1	-5.30389799172775
1	15.7130630218298
1	-5.30389799172775
1	15.7130630218298
1	-5.30389799172775
1	15.7130630218298
1	-5.30389799172775
1	15.7130630218298
1	-5.30389799172775
1	15.7130630218298
1	-5.30389799172775
1	15.7130630218298
1	-5.30389799172775
1	15.7130630218298
1	-5.30389799172775
1	15.7130630218298
1	-5.30389799172775
1	15.7130630218298
1	-5.30389799172775
1	15.7130630218298
1	-5.30389799172775
1	15.7130630218298
1	0
1	-5.30389799172775
1	11.8732904747514
1	-5.30389799172775
1	15.7130630218298
1	-5.30389799172775
1	15.7130630218298
1	-5.30389799172775
1	15.7130630218298
1	-5.30389799172775
1	15.7130630218298
1	-5.30389799172775
1	15.7130630218298
1	-5.30389799172775
1	15.7130630218298
1	-5.30389799172775
1	15.7130630218298
1	-5.30389799172775
1	15.7130630218298
1	-5.30389799172775
1	15.7130630218298
1	-5.30389799172775
1	15.7130630218298
1	-5.30389799172775
1	15.7130630218298
1	-5.30389799172775
1	15.7130630218298
1	-5.30389799172775
1	15.7130630218298
1	-5.30389799172775
1	15.7130630218298
1	-5.30389799172775
1	15.7130630218298
1	-5.30389799172775
1	15.7130630218298
1	-5.30389799172775
1	15.7130630218298
1	-5.30389799172775
1	15.7130630218298
1	-5.30389799172775
1	15.7130630218298
1	0
1	-5.30389799172775
1	11.7598942686988
1	-5.30389799172775
1	15.7130630218298
1	-5.30389799172775
1	15.7130630218298
1	-5.30389799172775
1	15.7130630218298
1	-5.30389799172775
1	15.7130630218298
1	-5.30389799172775
1	15.7130630218298
1	-5.30389799172775
1	15.7130630218298
1	-5.30389799172775
1	15.7130630218298
1	-5.30389799172775
1	15.7130630218298
1	-5.30389799172775
1	15.7130630218298
1	-5.30389799172775
1	15.7130630218298
1	-5.30389799172775
1	15.7130630218298
1	-5.30389799172775
1	15.7130630218298
1	-5.30389799172775
1	15.7130630218298
1	-5.30389799172775
1	15.7130630218298
1	-5.30389799172775
1	15.7130630218298
1	-5.30389799172775
1	15.7130630218298
1	-5.30389799172775
1	15.7130630218298
1	-5.30389799172775
1	15.7130630218298
1	-5.30389799172775
1	15.7130630218298
1	0
1	-5.30389799172775
1	11.7461557762963
1	-5.30389799172775
1	15.7130630218298
1	-5.30389799172775
1	15.7130630218298
1	-5.30389799172775
1	15.7130630218298
1	-5.30389799172775
1	15.7130630218298
1	-5.30389799172775
1	15.7130630218298
1	-5.30389799172775
1	15.7130630218298
1	-5.30389799172775
1	15.7130630218298
1	-5.30389799172775
1	15.7130630218298
1	-5.30389799172775
1	15.7130630218298
1	-5.30389799172775
1	15.7130630218298
1	-5.30389799172775
1	15.7130630218298
1	-5.30389799172775
1	15.7130630218298
1	-5.30389799172775
1	15.7130630218298
1	-5.30389799172775
1	15.7130630218298
1	-5.30389799172775
1	15.7130630218298
1	-5.30389799172775
1	15.7130630218298
1	-5.30389799172775
1	15.7130630218298
1	-5.30389799172775
1	15.7130630218298
1	-5.30389799172775
1	15.7130630218298
1	0
1	-5.30389799172775
1	11.7336106372789
1	-5.30389799172775
1	15.7130630218298
1	-5.30389799172775
1	15.7130630218298
1	-5.30389799172775
1	15.7130630218298
1	-5.30389799172775
1	15.7130630218298
1	-5.30389799172775
1	15.7130630218298
1	-5.30389799172775
1	15.7130630218298
1	-5.30389799172775
1	15.7130630218298
1	-5.30389799172775
1	15.7130630218298
1	-5.30389799172775
1	15.7130630218298
1	-5.30389799172775
1	15.7130630218298
1	-5.30389799172775
1	15.7130630218298
1	-5.30389799172775
1	15.7130630218298
1	-5.30389799172775
1	15.7130630218298
1	-5.30389799172775
1	15.7130630218298
1	-5.30389799172775
1	15.7130630218298
1	-5.30389799172775
1	15.7130630218298
1	-5.30389799172775
1	15.7130630218298
1	-5.30389799172775
1	15.7130630218298
1	-5.30389799172775
1	15.7130630218298
1	0
1	-4.292246622383
1	11.3525323783438
1	-5.30389799172775
1	15.7130630218298
1	-5.30389799172775
1	15.7130630218298
1	-5.30389799172775
1	15.7130630218298
1	-5.30389799172775
1	15.7130630218298
1	-5.30389799172775
1	15.7130630218298
1	-5.30389799172775
1	15.7130630218298
1	-5.30389799172775
1	15.7130630218298
1	-5.30389799172775
1	15.7130630218298
1	-5.30389799172775
1	15.7130630218298
1	-5.30389799172775
1	15.7130630218298
1	-5.30389799172775
1	15.7130630218298
1	-5.30389799172775
1	15.7130630218298
1	-5.30389799172775
1	15.7130630218298
1	-5.30389799172775
1	15.7130630218298
1	-5.30389799172775
1	15.7130630218298
1	-5.30389799172775
1	15.7130630218298
1	-5.30389799172775
1	15.7130630218298
1	-5.30389799172775
1	15.7130630218298
1	-5.30389799172775
1	15.7130630218298
1	0
1	-3.93193246299676
1	11.1006870050834
1	-5.30389799172775
1	15.7130630218298
1	-5.30389799172775
1	15.7130630218298
1	-5.30389799172775
1	15.7130630218298
1	-5.30389799172775
1	15.7130630218298
1	-5.30389799172775
1	15.7130630218298
1	-5.30389799172775
1	15.7130630218298
1	-5.30389799172775
1	15.7130630218298
1	-5.30389799172775
1	15.7130630218298
1	-5.30389799172775
1	15.7130630218298
1	-5.30389799172775
1	15.7130630218298
1	-5.30389799172775
1	15.7130630218298
1	-5.30389799172775
1	15.7130630218298
1	-5.30389799172775
1	15.7130630218298
1	-5.30389799172775
1	15.7130630218298
1	-5.30389799172775
1	15.7130630218298
1	-5.30389799172775
1	15.7130630218298
1	-5.30389799172775
1	15.7130630218298
1	-5.30389799172775
1	15.7130630218298
1	-5.30389799172775
1	15.7130630218298
1	0
1	-3.9050872061251
1	11.0819232303025
1	-5.30389799172775
1	15.7130630218298
1	-5.30389799172775
1	15.7130630218298
1	-5.30389799172775
1	15.7130630218298
1	-5.30389799172775
1	15.7130630218298
1	-5.30389799172775
1	15.7130630218298
1	-5.30389799172775
1	15.7130630218298
1	-5.30389799172775
1	15.7130630218298
1	-5.30389799172775
1	15.7130630218298
1	-5.30389799172775
1	15.7130630218298
1	-5.30389799172775
1	15.7130630218298
1	-5.30389799172775
1	15.7130630218298
1	-5.30389799172775
1	15.7130630218298
1	-5.30389799172775
1	15.7130630218298
1	-5.30389799172775
1	15.7130630218298
1	-5.30389799172775
1	15.7130630218298
1	-5.30389799172775
1	15.7130630218298
1	-5.30389799172775
1	15.7130630218298
1	-5.30389799172775
1	15.7130630218298
1	-5.30389799172775
1	15.7130630218298
1	0
1	-3.72272126500804
1	10.9544566367364
1	-5.30389799172775
1	15.7130630218298
1	-5.30389799172775
1	15.7130630218298
1	-5.30389799172775
1	15.7130630218298
1	-5.30389799172775
1	15.7130630218298
1	-5.30389799172775
1	15.7130630218298
1	-5.30389799172775
1	15.7130630218298
1	-5.30389799172775
1	15.7130630218298
1	-5.30389799172775
1	15.7130630218298
1	-5.30389799172775
1	15.7130630218298
1	-5.30389799172775
1	15.7130630218298
1	-5.30389799172775
1	15.7130630218298
1	-5.30389799172775
1	15.7130630218298
1	-5.30389799172775
1	15.7130630218298
1	-5.30389799172775
1	15.7130630218298
1	-5.30389799172775
1	15.7130630218298
1	-5.30389799172775
1	15.7130630218298
1	-5.30389799172775
1	15.7130630218298
1	-5.30389799172775
1	15.7130630218298
1	-5.30389799172775
1	15.7130630218298
1	0
1	-3.6983285713718
1	10.9374071068369
1	-5.30389799172775
1	15.7130630218298
1	-5.30389799172775
1	15.7130630218298
1	-5.30389799172775
1	15.7130630218298
1	-5.30389799172775
1	15.7130630218298
1	-5.30389799172775
1	15.7130630218298
1	-5.30389799172775
1	15.7130630218298
1	-5.30389799172775
1	15.7130630218298
1	-5.30389799172775
1	15.7130630218298
1	-5.30389799172775
1	15.7130630218298
1	-5.30389799172775
1	15.7130630218298
1	-5.30389799172775
1	15.7130630218298
1	-5.30389799172775
1	15.7130630218298
1	-5.30389799172775
1	15.7130630218298
1	-5.30389799172775
1	15.7130630218298
1	-5.30389799172775
1	15.7130630218298
1	-5.30389799172775
1	15.7130630218298
1	-5.30389799172775
1	15.7130630218298
1	-5.30389799172775
1	15.7130630218298
1	-5.30389799172775
1	15.7130630218298
1	0
1	-3.25622520508896
1	10.6283943067548
1	-5.30389799172775
1	15.7130630218298
1	-5.30389799172775
1	15.7130630218298
1	-5.30389799172775
1	15.7130630218298
1	-5.30389799172775
1	15.7130630218298
1	-5.30389799172775
1	15.7130630218298
1	-5.30389799172775
1	15.7130630218298
1	-5.30389799172775
1	15.7130630218298
1	-5.30389799172775
1	15.7130630218298
1	-5.30389799172775
1	15.7130630218298
1	-5.30389799172775
1	15.7130630218298
1	-5.30389799172775
1	15.7130630218298
1	-5.30389799172775
1	15.7130630218298
1	-5.30389799172775
1	15.7130630218298
1	-5.30389799172775
1	15.7130630218298
1	-5.30389799172775
1	15.7130630218298
1	-5.30389799172775
1	15.7130630218298
1	-5.30389799172775
1	15.7130630218298
1	-5.30389799172775
1	15.7130630218298
1	-5.30389799172775
1	15.7130630218298
1	0
1	-3.25096207251481
1	10.6247155848586
1	-5.30389799172775
1	15.7130630218298
1	-5.30389799172775
1	15.7130630218298
1	-5.30389799172775
1	15.7130630218298
1	-5.30389799172775
1	15.7130630218298
1	-5.30389799172775
1	15.7130630218298
1	-5.30389799172775
1	15.7130630218298
1	-5.30389799172775
1	15.7130630218298
1	-5.30389799172775
1	15.7130630218298
1	-5.30389799172775
1	15.7130630218298
1	-5.30389799172775
1	15.7130630218298
1	-5.30389799172775
1	15.7130630218298
1	-5.30389799172775
1	15.7130630218298
1	-5.30389799172775
1	15.7130630218298
1	-5.30389799172775
1	15.7130630218298
1	-5.30389799172775
1	15.7130630218298
1	-5.30389799172775
1	15.7130630218298
1	-5.30389799172775
1	15.7130630218298
1	-5.30389799172775
1	15.7130630218298
1	-5.30389799172775
1	15.7130630218298
1	0
1	-2.99184813650864
1	10.4436051726516
1	-5.30389799172775
1	15.7130630218298
1	-5.30389799172775
1	15.7130630218298
1	-5.30389799172775
1	15.7130630218298
1	-5.30389799172775
1	15.7130630218298
1	-5.30389799172775
1	15.7130630218298
1	-5.30389799172775
1	15.7130630218298
1	-5.30389799172775
1	15.7130630218298
1	-5.30389799172775
1	15.7130630218298
1	-5.30389799172775
1	15.7130630218298
1	-5.30389799172775
1	15.7130630218298
1	-5.30389799172775
1	15.7130630218298
1	-5.30389799172775
1	15.7130630218298
1	-5.30389799172775
1	15.7130630218298
1	-5.30389799172775
1	15.7130630218298
1	-5.30389799172775
1	15.7130630218298
1	-5.30389799172775
1	15.7130630218298
1	-5.30389799172775
1	15.7130630218298
1	-5.30389799172775
1	15.7130630218298
1	-5.30389799172775
1	15.7130630218298
1	0
1	-2.93143407867836
1	10.4013781311988
1	-5.30389799172775
1	15.7130630218298
1	-5.30389799172775
1	15.7130630218298
1	-5.30389799172775
1	15.7130630218298
1	-5.30389799172775
1	15.7130630218298
1	-5.30389799172775
1	15.7130630218298
1	-5.30389799172775
1	15.7130630218298
1	-5.30389799172775
1	15.7130630218298
1	-5.30389799172775
1	15.7130630218298
1	-5.30389799172775
1	15.7130630218298
1	-5.30389799172775
1	15.7130630218298
1	-5.30389799172775
1	15.7130630218298
1	-5.30389799172775
1	15.7130630218298
1	-5.30389799172775
1	15.7130630218298
1	-5.30389799172775
1	15.7130630218298
1	-5.30389799172775
1	15.7130630218298
1	-5.30389799172775
1	15.7130630218298
1	-5.30389799172775
1	15.7130630218298
1	-5.30389799172775
1	15.7130630218298
1	-5.30389799172775
1	15.7130630218298
1	0
1	-2.82417557993705
1	10.3264086748309
1	-5.30389799172775
1	15.7130630218298
1	-5.30389799172775
1	15.7130630218298
1	-5.30389799172775
1	15.7130630218298
1	-5.30389799172775
1	15.7130630218298
1	-5.30389799172775
1	15.7130630218298
1	-5.30389799172775
1	15.7130630218298
1	-5.30389799172775
1	15.7130630218298
1	-5.30389799172775
1	15.7130630218298
1	-5.30389799172775
1	15.7130630218298
1	-5.30389799172775
1	15.7130630218298
1	-5.30389799172775
1	15.7130630218298
1	-5.30389799172775
1	15.7130630218298
1	-5.30389799172775
1	15.7130630218298
1	-5.30389799172775
1	15.7130630218298
1	-5.30389799172775
1	15.7130630218298
1	-5.30389799172775
1	15.7130630218298
1	-5.30389799172775
1	15.7130630218298
1	-5.30389799172775
1	15.7130630218298
1	-5.30389799172775
1	15.7130630218298
1	0
1	-2.5596607332752
1	10.1415232392878
1	-5.30389799172775
1	15.7130630218298
1	-5.30389799172775
1	15.7130630218298
1	-5.30389799172775
1	15.7130630218298
1	-5.30389799172775
1	15.7130630218298
1	-5.30389799172775
1	15.7130630218298
1	-5.30389799172775
1	15.7130630218298
1	-5.30389799172775
1	15.7130630218298
1	-5.30389799172775
1	15.7130630218298
1	-5.30389799172775
1	15.7130630218298
1	-5.30389799172775
1	15.7130630218298
1	-5.30389799172775
1	15.7130630218298
1	-5.30389799172775
1	15.7130630218298
1	-5.30389799172775
1	15.7130630218298
1	-5.30389799172775
1	15.7130630218298
1	-5.30389799172775
1	15.7130630218298
1	-5.30389799172775
1	15.7130630218298
1	-5.30389799172775
1	15.7130630218298
1	-5.30389799172775
1	15.7130630218298
1	-5.30389799172775
1	15.7130630218298
1	0
1	-2.36640103936879
1	10.0064423425754
1	-5.30389799172775
1	15.7130630218298
1	-5.30389799172775
1	15.7130630218298
1	-5.30389799172775
1	15.7130630218298
1	-5.30389799172775
1	15.7130630218298
1	-5.30389799172775
1	15.7130630218298
1	-5.30389799172775
1	15.7130630218298
1	-5.30389799172775
1	15.7130630218298
1	-5.30389799172775
1	15.7130630218298
1	-5.30389799172775
1	15.7130630218298
1	-5.30389799172775
1	15.7130630218298
1	-5.30389799172775
1	15.7130630218298
1	-5.30389799172775
1	15.7130630218298
1	-5.30389799172775
1	15.7130630218298
1	-5.30389799172775
1	15.7130630218298
1	-5.30389799172775
1	15.7130630218298
1	-5.30389799172775
1	15.7130630218298
1	-5.30389799172775
1	15.7130630218298
1	-5.30389799172775
1	15.7130630218298
1	-5.30389799172775
1	15.7130630218298
1	0
1	-2.31142228536309
1	9.96801436392607
1	-5.30389799172775
1	15.7130630218298
1	-5.30389799172775
1	15.7130630218298
1	-5.30389799172775
1	15.7130630218298
1	-5.30389799172775
1	15.7130630218298
1	-5.30389799172775
1	15.7130630218298
1	-5.30389799172775
1	15.7130630218298
1	-5.30389799172775
1	15.7130630218298
1	-5.30389799172775
1	15.7130630218298
1	-5.30389799172775
1	15.7130630218298
1	-5.30389799172775
1	15.7130630218298
1	-5.30389799172775
1	15.7130630218298
1	-5.30389799172775
1	15.7130630218298
1	-5.30389799172775
1	15.7130630218298
1	-5.30389799172775
1	15.7130630218298
1	-5.30389799172775
1	15.7130630218298
1	-5.30389799172775
1	15.7130630218298
1	-5.30389799172775
1	15.7130630218298
1	-5.30389799172775
1	15.7130630218298
1	-5.30389799172775
1	15.7130630218298
1	0
1	-2.00042881753512
1	9.75064220702807
1	-5.30389799172775
1	15.7130630218298
1	-5.30389799172775
1	15.7130630218298
1	-5.30389799172775
1	15.7130630218298
1	-5.30389799172775
1	15.7130630218298
1	-5.30389799172775
1	15.7130630218298
1	-5.30389799172775
1	15.7130630218298
1	-5.30389799172775
1	15.7130630218298
1	-5.30389799172775
1	15.7130630218298
1	-5.30389799172775
1	15.7130630218298
1	-5.30389799172775
1	15.7130630218298
1	-5.30389799172775
1	15.7130630218298
1	-5.30389799172775
1	15.7130630218298
1	-5.30389799172775
1	15.7130630218298
1	-5.30389799172775
1	15.7130630218298
1	-5.30389799172775
1	15.7130630218298
1	-5.30389799172775
1	15.7130630218298
1	-5.30389799172775
1	15.7130630218298
1	-5.30389799172775
1	15.7130630218298
1	-5.30389799172775
1	15.7130630218298
1	0
1	-1.99595486275986
1	9.74751508925883
1	-5.30389799172775
1	15.7130630218298
1	-5.30389799172775
1	15.7130630218298
1	-5.30389799172775
1	15.7130630218298
1	-5.30389799172775
1	15.7130630218298
1	-5.30389799172775
1	15.7130630218298
1	-5.30389799172775
1	15.7130630218298
1	-5.30389799172775
1	15.7130630218298
1	-5.30389799172775
1	15.7130630218298
1	-5.30389799172775
1	15.7130630218298
1	-5.30389799172775
1	15.7130630218298
1	-5.30389799172775
1	15.7130630218298
1	-5.30389799172775
1	15.7130630218298
1	-5.30389799172775
1	15.7130630218298
1	-5.30389799172775
1	15.7130630218298
1	-5.30389799172775
1	15.7130630218298
1	-5.30389799172775
1	15.7130630218298
1	-5.30389799172775
1	15.7130630218298
1	-5.30389799172775
1	15.7130630218298
1	-5.30389799172775
1	15.7130630218298
1	0
1	-1.20049797713452
1	9.19152212852116
1	-5.30389799172775
1	15.7130630218298
1	-5.30389799172775
1	15.7130630218298
1	-5.30389799172775
1	15.7130630218298
1	-5.30389799172775
1	15.7130630218298
1	-5.30389799172775
1	15.7130630218298
1	-5.30389799172775
1	15.7130630218298
1	-5.30389799172775
1	15.7130630218298
1	-5.30389799172775
1	15.7130630218298
1	-5.30389799172775
1	15.7130630218298
1	-5.30389799172775
1	15.7130630218298
1	-5.30389799172775
1	15.7130630218298
1	-5.30389799172775
1	15.7130630218298
1	-5.30389799172775
1	15.7130630218298
1	-5.30389799172775
1	15.7130630218298
1	-5.30389799172775
1	15.7130630218298
1	-5.30389799172775
1	15.7130630218298
1	-5.30389799172775
1	15.7130630218298
1	-5.30389799172775
1	15.7130630218298
1	-5.30389799172775
1	15.7130630218298
1	0
1	-1.14079068824405
1	9.14978909065609
1	-5.30389799172775
1	15.7130630218298
1	-5.30389799172775
1	15.7130630218298
1	-5.30389799172775
1	15.7130630218298
1	-5.30389799172775
1	15.7130630218298
1	-5.30389799172775
1	15.7130630218298
1	-5.30389799172775
1	15.7130630218298
1	-5.30389799172775
1	15.7130630218298
1	-5.30389799172775
1	15.7130630218298
1	-5.30389799172775
1	15.7130630218298
1	-5.30389799172775
1	15.7130630218298
1	-5.30389799172775
1	15.7130630218298
1	-5.30389799172775
1	15.7130630218298
1	-5.30389799172775
1	15.7130630218298
1	-5.30389799172775
1	15.7130630218298
1	-5.30389799172775
1	15.7130630218298
1	-5.30389799172775
1	15.7130630218298
1	-5.30389799172775
1	15.7130630218298
1	-5.30389799172775
1	15.7130630218298
1	-5.30389799172775
1	15.7130630218298
1	0
1	-0.880062976441553
1	8.96755071287467
1	-5.30389799172775
1	15.7130630218298
1	-5.30389799172775
1	15.7130630218298
1	-5.30389799172775
1	15.7130630218298
1	-5.30389799172775
1	15.7130630218298
1	-5.30389799172775
1	15.7130630218298
1	-5.30389799172775
1	15.7130630218298
1	-5.30389799172775
1	15.7130630218298
1	-5.30389799172775
1	15.7130630218298
1	-5.30389799172775
1	15.7130630218298
1	-5.30389799172775
1	15.7130630218298
1	-5.30389799172775
1	15.7130630218298
1	-5.30389799172775
1	15.7130630218298
1	-5.30389799172775
1	15.7130630218298
1	-5.30389799172775
1	15.7130630218298
1	-5.30389799172775
1	15.7130630218298
1	-5.30389799172775
1	15.7130630218298
1	-5.30389799172775
1	15.7130630218298
1	-5.30389799172775
1	15.7130630218298
1	-5.30389799172775
1	15.7130630218298
1	0
1	-0.759194067163308
1	8.88306811684067
1	-5.30389799172775
1	15.7130630218298
1	-5.30389799172775
1	15.7130630218298
1	-5.30389799172775
1	15.7130630218298
1	-5.30389799172775
1	15.7130630218298
1	-5.30389799172775
1	15.7130630218298
1	-5.30389799172775
1	15.7130630218298
1	-5.30389799172775
1	15.7130630218298
1	-5.30389799172775
1	15.7130630218298
1	-5.30389799172775
1	15.7130630218298
1	-5.30389799172775
1	15.7130630218298
1	-5.30389799172775
1	15.7130630218298
1	-5.30389799172775
1	15.7130630218298
1	-5.30389799172775
1	15.7130630218298
1	-5.30389799172775
1	15.7130630218298
1	-5.30389799172775
1	15.7130630218298
1	-5.30389799172775
1	15.7130630218298
1	-5.30389799172775
1	15.7130630218298
1	-5.30389799172775
1	15.7130630218298
1	-5.30389799172775
1	15.7130630218298
1	0
1	-0.631543138837961
1	8.79384515722706
1	-5.30389799172775
1	15.7130630218298
1	-5.30389799172775
1	15.7130630218298
1	-5.30389799172775
1	15.7130630218298
1	-5.30389799172775
1	15.7130630218298
1	-5.30389799172775
1	15.7130630218298
1	-5.30389799172775
1	15.7130630218298
1	-5.30389799172775
1	15.7130630218298
1	-5.30389799172775
1	15.7130630218298
1	-5.30389799172775
1	15.7130630218298
1	-5.30389799172775
1	15.7130630218298
1	-5.30389799172775
1	15.7130630218298
1	-5.30389799172775
1	15.7130630218298
1	-5.30389799172775
1	15.7130630218298
1	-5.30389799172775
1	15.7130630218298
1	-5.30389799172775
1	15.7130630218298
1	-5.30389799172775
1	15.7130630218298
1	-5.30389799172775
1	15.7130630218298
1	-5.30389799172775
1	15.7130630218298
1	-5.30389799172775
1	15.7130630218298
1	0
1	-0.582835994792286
1	8.75980078635491
1	-5.30389799172775
1	15.7130630218298
1	-5.30389799172775
1	15.7130630218298
1	-5.30389799172775
1	15.7130630218298
1	-5.30389799172775
1	15.7130630218298
1	-5.30389799172775
1	15.7130630218298
1	-5.30389799172775
1	15.7130630218298
1	-5.30389799172775
1	15.7130630218298
1	-5.30389799172775
1	15.7130630218298
1	-5.30389799172775
1	15.7130630218298
1	-5.30389799172775
1	15.7130630218298
1	-5.30389799172775
1	15.7130630218298
1	-5.30389799172775
1	15.7130630218298
1	-5.30389799172775
1	15.7130630218298
1	-5.30389799172775
1	15.7130630218298
1	-5.30389799172775
1	15.7130630218298
1	-5.30389799172775
1	15.7130630218298
1	-5.30389799172775
1	15.7130630218298
1	-5.30389799172775
1	15.7130630218298
1	-5.30389799172775
1	15.7130630218298
1	0
1	-0.52240234123629
1	8.71756004826339
1	-5.30389799172775
1	15.7130630218298
1	-5.30389799172775
1	15.7130630218298
1	-5.30389799172775
1	15.7130630218298
1	-5.30389799172775
1	15.7130630218298
1	-5.30389799172775
1	15.7130630218298
1	-5.30389799172775
1	15.7130630218298
1	-5.30389799172775
1	15.7130630218298
1	-5.30389799172775
1	15.7130630218298
1	-5.30389799172775
1	15.7130630218298
1	-5.30389799172775
1	15.7130630218298
1	-5.30389799172775
1	15.7130630218298
1	-5.30389799172775
1	15.7130630218298
1	-5.30389799172775
1	15.7130630218298
1	-5.30389799172775
1	15.7130630218298
1	-5.30389799172775
1	15.7130630218298
1	-5.30389799172775
1	15.7130630218298
1	-5.30389799172775
1	15.7130630218298
1	-5.30389799172775
1	15.7130630218298
1	-5.30389799172775
1	15.7130630218298
1	0
1	-0.447314059125676
1	8.66507630333413
1	-5.30389799172775
1	15.7130630218298
1	-5.30389799172775
1	15.7130630218298
1	-5.30389799172775
1	15.7130630218298
1	-5.30389799172775
1	15.7130630218298
1	-5.30389799172775
1	15.7130630218298
1	-5.30389799172775
1	15.7130630218298
1	-5.30389799172775
1	15.7130630218298
1	-5.30389799172775
1	15.7130630218298
1	-5.30389799172775
1	15.7130630218298
1	-5.30389799172775
1	15.7130630218298
1	-5.30389799172775
1	15.7130630218298
1	-5.30389799172775
1	15.7130630218298
1	-5.30389799172775
1	15.7130630218298
1	-5.30389799172775
1	15.7130630218298
1	-5.30389799172775
1	15.7130630218298
1	-5.30389799172775
1	15.7130630218298
1	-5.30389799172775
1	15.7130630218298
1	-5.30389799172775
1	15.7130630218298
1	-5.30389799172775
1	15.7130630218298
1	0
1	-0.395877431786148
1	8.62912413139161
1	-5.30389799172775
1	15.7130630218298
1	-5.30389799172775
1	15.7130630218298
1	-5.30389799172775
1	15.7130630218298
1	-5.30389799172775
1	15.7130630218298
1	-5.30389799172775
1	15.7130630218298
1	-5.30389799172775
1	15.7130630218298
1	-5.30389799172775
1	15.7130630218298
1	-5.30389799172775
1	15.7130630218298
1	-5.30389799172775
1	15.7130630218298
1	-5.30389799172775
1	15.7130630218298
1	-5.30389799172775
1	15.7130630218298
1	-5.30389799172775
1	15.7130630218298
1	-5.30389799172775
1	15.7130630218298
1	-5.30389799172775
1	15.7130630218298
1	-5.30389799172775
1	15.7130630218298
1	-5.30389799172775
1	15.7130630218298
1	-5.30389799172775
1	15.7130630218298
1	-5.30389799172775
1	15.7130630218298
1	-5.30389799172775
1	15.7130630218298
1	0
1	-0.350847267507739
1	8.59764982422036
1	-5.30389799172775
1	15.7130630218298
1	-5.30389799172775
1	15.7130630218298
1	-5.30389799172775
1	15.7130630218298
1	-5.30389799172775
1	15.7130630218298
1	-5.30389799172775
1	15.7130630218298
1	-5.30389799172775
1	15.7130630218298
1	-5.30389799172775
1	15.7130630218298
1	-5.30389799172775
1	15.7130630218298
1	-5.30389799172775
1	15.7130630218298
1	-5.30389799172775
1	15.7130630218298
1	-5.30389799172775
1	15.7130630218298
1	-5.30389799172775
1	15.7130630218298
1	-5.30389799172775
1	15.7130630218298
1	-5.30389799172775
1	15.7130630218298
1	-5.30389799172775
1	15.7130630218298
1	-5.30389799172775
1	15.7130630218298
1	-5.30389799172775
1	15.7130630218298
1	-5.30389799172775
1	15.7130630218298
1	-5.30389799172775
1	15.7130630218298
1	0
1	-0.127312719648137
1	8.44140799975754
1	-5.30389799172775
1	15.7130630218298
1	-5.30389799172775
1	15.7130630218298
1	-5.30389799172775
1	15.7130630218298
1	-5.30389799172775
1	15.7130630218298
1	-5.30389799172775
1	15.7130630218298
1	-5.30389799172775
1	15.7130630218298
1	-5.30389799172775
1	15.7130630218298
1	-5.30389799172775
1	15.7130630218298
1	-5.30389799172775
1	15.7130630218298
1	-5.30389799172775
1	15.7130630218298
1	-5.30389799172775
1	15.7130630218298
1	-5.30389799172775
1	15.7130630218298
1	-5.30389799172775
1	15.7130630218298
1	-5.30389799172775
1	15.7130630218298
1	-5.30389799172775
1	15.7130630218298
1	-5.30389799172775
1	15.7130630218298
1	-5.30389799172775
1	15.7130630218298
1	-5.30389799172775
1	15.7130630218298
1	-5.30389799172775
1	15.7130630218298
1	0
1	0.102548708799108
1	8.28074393553072
1	-5.30389799172775
1	15.7130630218298
1	-5.30389799172775
1	15.7130630218298
1	-5.30389799172775
1	15.7130630218298
1	-5.30389799172775
1	15.7130630218298
1	-5.30389799172775
1	15.7130630218298
1	-5.30389799172775
1	15.7130630218298
1	-5.30389799172775
1	15.7130630218298
1	-5.30389799172775
1	15.7130630218298
1	-5.30389799172775
1	15.7130630218298
1	-5.30389799172775
1	15.7130630218298
1	-5.30389799172775
1	15.7130630218298
1	-5.30389799172775
1	15.7130630218298
1	-5.30389799172775
1	15.7130630218298
1	-5.30389799172775
1	15.7130630218298
1	-5.30389799172775
1	15.7130630218298
1	-5.30389799172775
1	15.7130630218298
1	-5.30389799172775
1	15.7130630218298
1	-5.30389799172775
1	15.7130630218298
1	-5.30389799172775
1	15.7130630218298
1	0
1	0.227104309436986
1	8.19368448777615
1	-5.30389799172775
1	15.7130630218298
1	-5.30389799172775
1	15.7130630218298
1	-5.30389799172775
1	15.7130630218298
1	-5.30389799172775
1	15.7130630218298
1	-5.30389799172775
1	15.7130630218298
1	-5.30389799172775
1	15.7130630218298
1	-5.30389799172775
1	15.7130630218298
1	-5.30389799172775
1	15.7130630218298
1	-5.30389799172775
1	15.7130630218298
1	-5.30389799172775
1	15.7130630218298
1	-5.30389799172775
1	15.7130630218298
1	-5.30389799172775
1	15.7130630218298
1	-5.30389799172775
1	15.7130630218298
1	-5.30389799172775
1	15.7130630218298
1	-5.30389799172775
1	15.7130630218298
1	-5.30389799172775
1	15.7130630218298
1	-5.30389799172775
1	15.7130630218298
1	-5.30389799172775
1	15.7130630218298
1	-5.30389799172775
1	15.7130630218298
1	0
1	0.770440443615424
1	7.813913979309
1	-3.4736522252113
1	14.7082504481487
1	-5.30389799172775
1	15.7130630218298
1	-5.30389799172775
1	15.7130630218298
1	-5.30389799172775
1	15.7130630218298
1	-5.30389799172775
1	15.7130630218298
1	-5.30389799172775
1	15.7130630218298
1	-5.30389799172775
1	15.7130630218298
1	-5.30389799172775
1	15.7130630218298
1	-5.30389799172775
1	15.7130630218298
1	-5.30389799172775
1	15.7130630218298
1	-5.30389799172775
1	15.7130630218298
1	-5.30389799172775
1	15.7130630218298
1	-5.30389799172775
1	15.7130630218298
1	-5.30389799172775
1	15.7130630218298
1	-5.30389799172775
1	15.7130630218298
1	-5.30389799172775
1	15.7130630218298
1	-5.30389799172775
1	15.7130630218298
1	-5.30389799172775
1	15.7130630218298
1	-5.30389799172775
1	15.7130630218298
1	0
1	1.04961740382398
1	7.61878030521418
1	-2.90495945379364
1	14.0466049927411
1	-5.30389799172775
1	15.7130630218298
1	-5.30389799172775
1	15.7130630218298
1	-5.30389799172775
1	15.7130630218298
1	-5.30389799172775
1	15.7130630218298
1	-5.30389799172775
1	15.7130630218298
1	-5.30389799172775
1	15.7130630218298
1	-5.30389799172775
1	15.7130630218298
1	-5.30389799172775
1	15.7130630218298
1	-5.30389799172775
1	15.7130630218298
1	-5.30389799172775
1	15.7130630218298
1	-5.30389799172775
1	15.7130630218298
1	-5.30389799172775
1	15.7130630218298
1	-5.30389799172775
1	15.7130630218298
1	-5.30389799172775
1	15.7130630218298
1	-5.30389799172775
1	15.7130630218298
1	-5.30389799172775
1	15.7130630218298
1	-5.30389799172775
1	15.7130630218298
1	-5.30389799172775
1	15.7130630218298
1	0
1	1.06580444277798
1	7.60746620400236
1	-2.87198591601704
1	14.008241938883
1	-5.30389799172775
1	15.7130630218298
1	-5.30389799172775
1	15.7130630218298
1	-5.30389799172775
1	15.7130630218298
1	-5.30389799172775
1	15.7130630218298
1	-5.30389799172775
1	15.7130630218298
1	-5.30389799172775
1	15.7130630218298
1	-5.30389799172775
1	15.7130630218298
1	-5.30389799172775
1	15.7130630218298
1	-5.30389799172775
1	15.7130630218298
1	-5.30389799172775
1	15.7130630218298
1	-5.30389799172775
1	15.7130630218298
1	-5.30389799172775
1	15.7130630218298
1	-5.30389799172775
1	15.7130630218298
1	-5.30389799172775
1	15.7130630218298
1	-5.30389799172775
1	15.7130630218298
1	-5.30389799172775
1	15.7130630218298
1	-5.30389799172775
1	15.7130630218298
1	-5.30389799172775
1	15.7130630218298
1	0
1	1.13264332695951
1	7.56074846256338
1	-2.73583288155722
1	13.8498347267327
1	-5.30389799172775
1	15.7130630218298
1	-5.30389799172775
1	15.7130630218298
1	-5.30389799172775
1	15.7130630218298
1	-5.30389799172775
1	15.7130630218298
1	-5.30389799172775
1	15.7130630218298
1	-5.30389799172775
1	15.7130630218298
1	-5.30389799172775
1	15.7130630218298
1	-5.30389799172775
1	15.7130630218298
1	-5.30389799172775
1	15.7130630218298
1	-5.30389799172775
1	15.7130630218298
1	-5.30389799172775
1	15.7130630218298
1	-5.30389799172775
1	15.7130630218298
1	-5.30389799172775
1	15.7130630218298
1	-5.30389799172775
1	15.7130630218298
1	-5.30389799172775
1	15.7130630218298
1	-5.30389799172775
1	15.7130630218298
1	-5.30389799172775
1	15.7130630218298
1	-5.30389799172775
1	15.7130630218298
1	0
1	1.19318991269577
1	7.5184287893361
1	-2.61249746871906
1	13.7063401730886
1	-5.30389799172775
1	15.7130630218298
1	-5.30389799172775
1	15.7130630218298
1	-5.30389799172775
1	15.7130630218298
1	-5.30389799172775
1	15.7130630218298
1	-5.30389799172775
1	15.7130630218298
1	-5.30389799172775
1	15.7130630218298
1	-5.30389799172775
1	15.7130630218298
1	-5.30389799172775
1	15.7130630218298
1	-5.30389799172775
1	15.7130630218298
1	-5.30389799172775
1	15.7130630218298
1	-5.30389799172775
1	15.7130630218298
1	-5.30389799172775
1	15.7130630218298
1	-5.30389799172775
1	15.7130630218298
1	-5.30389799172775
1	15.7130630218298
1	-5.30389799172775
1	15.7130630218298
1	-5.30389799172775
1	15.7130630218298
1	-5.30389799172775
1	15.7130630218298
1	-5.30389799172775
1	15.7130630218298
1	0
1	1.26413294703261
1	7.46884240895843
1	-2.46798414362353
1	13.538206182996
1	-5.30389799172775
1	15.7130630218298
1	-5.30389799172775
1	15.7130630218298
1	-5.30389799172775
1	15.7130630218298
1	-5.30389799172775
1	15.7130630218298
1	-5.30389799172775
1	15.7130630218298
1	-5.30389799172775
1	15.7130630218298
1	-5.30389799172775
1	15.7130630218298
1	-5.30389799172775
1	15.7130630218298
1	-5.30389799172775
1	15.7130630218298
1	-5.30389799172775
1	15.7130630218298
1	-5.30389799172775
1	15.7130630218298
1	-5.30389799172775
1	15.7130630218298
1	-5.30389799172775
1	15.7130630218298
1	-5.30389799172775
1	15.7130630218298
1	-5.30389799172775
1	15.7130630218298
1	-5.30389799172775
1	15.7130630218298
1	-5.30389799172775
1	15.7130630218298
1	-5.30389799172775
1	15.7130630218298
1	0
1	1.36262332392573
1	7.40000152362254
1	-2.2673559637355
1	13.3047853798465
1	-5.30389799172775
1	15.7130630218298
1	-5.30389799172775
1	15.7130630218298
1	-5.30389799172775
1	15.7130630218298
1	-5.30389799172775
1	15.7130630218298
1	-5.30389799172775
1	15.7130630218298
1	-5.30389799172775
1	15.7130630218298
1	-5.30389799172775
1	15.7130630218298
1	-5.30389799172775
1	15.7130630218298
1	-5.30389799172775
1	15.7130630218298
1	-5.30389799172775
1	15.7130630218298
1	-5.30389799172775
1	15.7130630218298
1	-5.30389799172775
1	15.7130630218298
1	-5.30389799172775
1	15.7130630218298
1	-5.30389799172775
1	15.7130630218298
1	-5.30389799172775
1	15.7130630218298
1	-5.30389799172775
1	15.7130630218298
1	-5.30389799172775
1	15.7130630218298
1	-5.30389799172775
1	15.7130630218298
1	0
1	1.40089168110054
1	7.37325345268032
1	-2.18940204489103
1	13.2140899134594
1	-5.30389799172775
1	15.7130630218298
1	-5.30389799172775
1	15.7130630218298
1	-5.30389799172775
1	15.7130630218298
1	-5.30389799172775
1	15.7130630218298
1	-5.30389799172775
1	15.7130630218298
1	-5.30389799172775
1	15.7130630218298
1	-5.30389799172775
1	15.7130630218298
1	-5.30389799172775
1	15.7130630218298
1	-5.30389799172775
1	15.7130630218298
1	-5.30389799172775
1	15.7130630218298
1	-5.30389799172775
1	15.7130630218298
1	-5.30389799172775
1	15.7130630218298
1	-5.30389799172775
1	15.7130630218298
1	-5.30389799172775
1	15.7130630218298
1	-5.30389799172775
1	15.7130630218298
1	-5.30389799172775
1	15.7130630218298
1	-5.30389799172775
1	15.7130630218298
1	-5.30389799172775
1	15.7130630218298
1	0
1	1.44922762376595
1	7.33946853691903
1	-2.09094011890351
1	13.099534411553
1	-5.30389799172775
1	15.7130630218298
1	-5.30389799172775
1	15.7130630218298
1	-5.30389799172775
1	15.7130630218298
1	-5.30389799172775
1	15.7130630218298
1	-5.30389799172775
1	15.7130630218298
1	-5.30389799172775
1	15.7130630218298
1	-5.30389799172775
1	15.7130630218298
1	-5.30389799172775
1	15.7130630218298
1	-5.30389799172775
1	15.7130630218298
1	-5.30389799172775
1	15.7130630218298
1	-5.30389799172775
1	15.7130630218298
1	-5.30389799172775
1	15.7130630218298
1	-5.30389799172775
1	15.7130630218298
1	-5.30389799172775
1	15.7130630218298
1	-5.30389799172775
1	15.7130630218298
1	-5.30389799172775
1	15.7130630218298
1	-5.30389799172775
1	15.7130630218298
1	-5.30389799172775
1	15.7130630218298
1	0
1	1.75394666346454
1	7.12648195758737
1	-1.47021728038395
1	12.3773545882533
1	-5.30389799172775
1	15.7130630218298
1	-5.30389799172775
1	15.7130630218298
1	-5.30389799172775
1	15.7130630218298
1	-5.30389799172775
1	15.7130630218298
1	-5.30389799172775
1	15.7130630218298
1	-5.30389799172775
1	15.7130630218298
1	-5.30389799172775
1	15.7130630218298
1	-5.30389799172775
1	15.7130630218298
1	-5.30389799172775
1	15.7130630218298
1	-5.30389799172775
1	15.7130630218298
1	-5.30389799172775
1	15.7130630218298
1	-5.30389799172775
1	15.7130630218298
1	-5.30389799172775
1	15.7130630218298
1	-5.30389799172775
1	15.7130630218298
1	-5.30389799172775
1	15.7130630218298
1	-5.30389799172775
1	15.7130630218298
1	-5.30389799172775
1	15.7130630218298
1	-5.30389799172775
1	15.7130630218298
1	0
1	1.99517223249682
1	6.95787480771469
1	-0.978832757508962
1	11.8056533942898
1	-5.30389799172775
1	15.7130630218298
1	-5.30389799172775
1	15.7130630218298
1	-5.30389799172775
1	15.7130630218298
1	-5.30389799172775
1	15.7130630218298
1	-5.30389799172775
1	15.7130630218298
1	-5.30389799172775
1	15.7130630218298
1	-5.30389799172775
1	15.7130630218298
1	-5.30389799172775
1	15.7130630218298
1	-5.30389799172775
1	15.7130630218298
1	-5.30389799172775
1	15.7130630218298
1	-5.30389799172775
1	15.7130630218298
1	-5.30389799172775
1	15.7130630218298
1	-5.30389799172775
1	15.7130630218298
1	-5.30389799172775
1	15.7130630218298
1	-5.30389799172775
1	15.7130630218298
1	-5.30389799172775
1	15.7130630218298
1	-5.30389799172775
1	15.7130630218298
1	-5.30389799172775
1	15.7130630218298
1	0
1	2.10999720374773
1	6.87761668576478
1	-0.744930464569556
1	11.5335198330578
1	-5.30389799172775
1	15.7130630218298
1	-5.30389799172775
1	15.7130630218298
1	-5.30389799172775
1	15.7130630218298
1	-5.30389799172775
1	15.7130630218298
1	-5.30389799172775
1	15.7130630218298
1	-5.30389799172775
1	15.7130630218298
1	-5.30389799172775
1	15.7130630218298
1	-5.30389799172775
1	15.7130630218298
1	-5.30389799172775
1	15.7130630218298
1	-5.30389799172775
1	15.7130630218298
1	-5.30389799172775
1	15.7130630218298
1	-5.30389799172775
1	15.7130630218298
1	-5.30389799172775
1	15.7130630218298
1	-5.30389799172775
1	15.7130630218298
1	-5.30389799172775
1	15.7130630218298
1	-5.30389799172775
1	15.7130630218298
1	-5.30389799172775
1	15.7130630218298
1	-5.30389799172775
1	15.7130630218298
1	0
1	2.15200274927598
1	6.84825646769678
1	-0.659363768508666
1	11.4339672830196
1	-5.30389799172775
1	15.7130630218298
1	-5.30389799172775
1	15.7130630218298
1	-5.30389799172775
1	15.7130630218298
1	-5.30389799172775
1	15.7130630218298
1	-5.30389799172775
1	15.7130630218298
1	-5.30389799172775
1	15.7130630218298
1	-5.30389799172775
1	15.7130630218298
1	-5.30389799172775
1	15.7130630218298
1	-5.30389799172775
1	15.7130630218298
1	-5.30389799172775
1	15.7130630218298
1	-5.30389799172775
1	15.7130630218298
1	-5.30389799172775
1	15.7130630218298
1	-5.30389799172775
1	15.7130630218298
1	-5.30389799172775
1	15.7130630218298
1	-5.30389799172775
1	15.7130630218298
1	-5.30389799172775
1	15.7130630218298
1	-5.30389799172775
1	15.7130630218298
1	-5.30389799172775
1	15.7130630218298
1	0
1	2.21727865043953
1	6.80263118968538
1	-0.52639458254234
1	11.279264318562
1	-5.30389799172775
1	15.7130630218298
1	-5.30389799172775
1	15.7130630218298
1	-5.30389799172775
1	15.7130630218298
1	-5.30389799172775
1	15.7130630218298
1	-5.30389799172775
1	15.7130630218298
1	-5.30389799172775
1	15.7130630218298
1	-5.30389799172775
1	15.7130630218298
1	-5.30389799172775
1	15.7130630218298
1	-5.30389799172775
1	15.7130630218298
1	-5.30389799172775
1	15.7130630218298
1	-5.30389799172775
1	15.7130630218298
1	-5.30389799172775
1	15.7130630218298
1	-5.30389799172775
1	15.7130630218298
1	-5.30389799172775
1	15.7130630218298
1	-5.30389799172775
1	15.7130630218298
1	-5.30389799172775
1	15.7130630218298
1	-5.30389799172775
1	15.7130630218298
1	-5.30389799172775
1	15.7130630218298
1	0
1	2.86480376287284
1	6.35003669849461
1	0.792635650028207
1	9.74463894122513
1	-5.30389799172775
1	15.7130630218298
1	-5.30389799172775
1	15.7130630218298
1	-5.30389799172775
1	15.7130630218298
1	-5.30389799172775
1	15.7130630218298
1	-5.30389799172775
1	15.7130630218298
1	-5.30389799172775
1	15.7130630218298
1	-5.30389799172775
1	15.7130630218298
1	-5.30389799172775
1	15.7130630218298
1	-5.30389799172775
1	15.7130630218298
1	-5.30389799172775
1	15.7130630218298
1	-5.30389799172775
1	15.7130630218298
1	-5.30389799172775
1	15.7130630218298
1	-5.30389799172775
1	15.7130630218298
1	-5.30389799172775
1	15.7130630218298
1	-5.30389799172775
1	15.7130630218298
1	-5.30389799172775
1	15.7130630218298
1	-5.30389799172775
1	15.7130630218298
1	-5.30389799172775
1	15.7130630218298
1	0
1	2.97722556690637
1	6.27145829555964
1	1.0216426112611
1	9.47820085238017
1	-4.14323726878152
1	15.7130630218298
1	-5.30389799172775
1	15.7130630218298
1	-5.30389799172775
1	15.7130630218298
1	-5.30389799172775
1	15.7130630218298
1	-5.30389799172775
1	15.7130630218298
1	-5.30389799172775
1	15.7130630218298
1	-5.30389799172775
1	15.7130630218298
1	-5.30389799172775
1	15.7130630218298
1	-5.30389799172775
1	15.7130630218298
1	-5.30389799172775
1	15.7130630218298
1	-5.30389799172775
1	15.7130630218298
1	-5.30389799172775
1	15.7130630218298
1	-5.30389799172775
1	15.7130630218298
1	-5.30389799172775
1	15.7130630218298
1	-5.30389799172775
1	15.7130630218298
1	-5.30389799172775
1	15.7130630218298
1	-5.30389799172775
1	15.7130630218298
1	-5.30389799172775
1	15.7130630218298
1	0
1	3.0985340037934
1	6.18666848707836
1	1.26875193976047
1	9.19070156909781
1	-3.56961322617515
1	15.7130630218298
1	-5.30389799172775
1	15.7130630218298
1	-5.30389799172775
1	15.7130630218298
1	-5.30389799172775
1	15.7130630218298
1	-5.30389799172775
1	15.7130630218298
1	-5.30389799172775
1	15.7130630218298
1	-5.30389799172775
1	15.7130630218298
1	-5.30389799172775
1	15.7130630218298
1	-5.30389799172775
1	15.7130630218298
1	-5.30389799172775
1	15.7130630218298
1	-5.30389799172775
1	15.7130630218298
1	-5.30389799172775
1	15.7130630218298
1	-5.30389799172775
1	15.7130630218298
1	-5.30389799172775
1	15.7130630218298
1	-5.30389799172775
1	15.7130630218298
1	-5.30389799172775
1	15.7130630218298
1	-5.30389799172775
1	15.7130630218298
1	-5.30389799172775
1	15.7130630218298
1	0
1	3.38571919893686
1	5.98593737290577
1	1.85375775261211
1	8.51007670992217
1	-2.21161755132939
1	15.7130630218298
1	-5.30389799172775
1	15.7130630218298
1	-5.30389799172775
1	15.7130630218298
1	-5.30389799172775
1	15.7130630218298
1	-5.30389799172775
1	15.7130630218298
1	-5.30389799172775
1	15.7130630218298
1	-5.30389799172775
1	15.7130630218298
1	-5.30389799172775
1	15.7130630218298
1	-5.30389799172775
1	15.7130630218298
1	-5.30389799172775
1	15.7130630218298
1	-5.30389799172775
1	15.7130630218298
1	-5.30389799172775
1	15.7130630218298
1	-5.30389799172775
1	15.7130630218298
1	-5.30389799172775
1	15.7130630218298
1	-5.30389799172775
1	15.7130630218298
1	-5.30389799172775
1	15.7130630218298
1	-5.30389799172775
1	15.7130630218298
1	-5.30389799172775
1	15.7130630218298
1	0
1	3.38744922627327
1	5.98472815209404
1	1.85728187594893
1	8.50597656955238
1	-2.20343687321665
1	15.7130630218298
1	-5.30389799172775
1	15.7130630218298
1	-5.30389799172775
1	15.7130630218298
1	-5.30389799172775
1	15.7130630218298
1	-5.30389799172775
1	15.7130630218298
1	-5.30389799172775
1	15.7130630218298
1	-5.30389799172775
1	15.7130630218298
1	-5.30389799172775
1	15.7130630218298
1	-5.30389799172775
1	15.7130630218298
1	-5.30389799172775
1	15.7130630218298
1	-5.30389799172775
1	15.7130630218298
1	-5.30389799172775
1	15.7130630218298
1	-5.30389799172775
1	15.7130630218298
1	-5.30389799172775
1	15.7130630218298
1	-5.30389799172775
1	15.7130630218298
1	-5.30389799172775
1	15.7130630218298
1	-5.30389799172775
1	15.7130630218298
1	-5.30389799172775
1	15.7130630218298
1	0
1	3.60928958602311
1	5.82967049823835
1	2.30917808151037
1	7.9802180479866
1	-1.15443346307911
1	13.5592493320007
1	-5.30389799172775
1	15.7130630218298
1	-5.30389799172775
1	15.7130630218298
1	-5.30389799172775
1	15.7130630218298
1	-5.30389799172775
1	15.7130630218298
1	-5.30389799172775
1	15.7130630218298
1	-5.30389799172775
1	15.7130630218298
1	-5.30389799172775
1	15.7130630218298
1	-5.30389799172775
1	15.7130630218298
1	-5.30389799172775
1	15.7130630218298
1	-5.30389799172775
1	15.7130630218298
1	-5.30389799172775
1	15.7130630218298
1	-5.30389799172775
1	15.7130630218298
1	-5.30389799172775
1	15.7130630218298
1	-5.30389799172775
1	15.7130630218298
1	-5.30389799172775
1	15.7130630218298
1	-5.30389799172775
1	15.7130630218298
1	-5.30389799172775
1	15.7130630218298
1	0
1	3.62907279805156
1	5.81584281401389
1	2.34947714368081
1	7.93333211469824
1	-1.06088575649986
1	13.426592894323
1	-5.30389799172775
1	15.7130630218298
1	-5.30389799172775
1	15.7130630218298
1	-5.30389799172775
1	15.7130630218298
1	-5.30389799172775
1	15.7130630218298
1	-5.30389799172775
1	15.7130630218298
1	-5.30389799172775
1	15.7130630218298
1	-5.30389799172775
1	15.7130630218298
1	-5.30389799172775
1	15.7130630218298
1	-5.30389799172775
1	15.7130630218298
1	-5.30389799172775
1	15.7130630218298
1	-5.30389799172775
1	15.7130630218298
1	-5.30389799172775
1	15.7130630218298
1	-5.30389799172775
1	15.7130630218298
1	-5.30389799172775
1	15.7130630218298
1	-5.30389799172775
1	15.7130630218298
1	-5.30389799172775
1	15.7130630218298
1	-5.30389799172775
1	15.7130630218298
1	0
1	3.65603473370763
1	5.79699748536877
1	2.40439950510914
1	7.86943270773247
1	-0.933392443384875
1	13.2457994856548
1	-5.30389799172775
1	15.7130630218298
1	-5.30389799172775
1	15.7130630218298
1	-5.30389799172775
1	15.7130630218298
1	-5.30389799172775
1	15.7130630218298
1	-5.30389799172775
1	15.7130630218298
1	-5.30389799172775
1	15.7130630218298
1	-5.30389799172775
1	15.7130630218298
1	-5.30389799172775
1	15.7130630218298
1	-5.30389799172775
1	15.7130630218298
1	-5.30389799172775
1	15.7130630218298
1	-5.30389799172775
1	15.7130630218298
1	-5.30389799172775
1	15.7130630218298
1	-5.30389799172775
1	15.7130630218298
1	-5.30389799172775
1	15.7130630218298
1	-5.30389799172775
1	15.7130630218298
1	-5.30389799172775
1	15.7130630218298
1	-5.30389799172775
1	15.7130630218298
1	0
1	3.70469627763687
1	5.76298498717785
1	2.50352469172163
1	7.75410553542625
1	-0.703289473925699
1	12.9194992336904
1	-5.30389799172775
1	15.7130630218298
1	-5.30389799172775
1	15.7130630218298
1	-5.30389799172775
1	15.7130630218298
1	-5.30389799172775
1	15.7130630218298
1	-5.30389799172775
1	15.7130630218298
1	-5.30389799172775
1	15.7130630218298
1	-5.30389799172775
1	15.7130630218298
1	-5.30389799172775
1	15.7130630218298
1	-5.30389799172775
1	15.7130630218298
1	-5.30389799172775
1	15.7130630218298
1	-5.30389799172775
1	15.7130630218298
1	-5.30389799172775
1	15.7130630218298
1	-5.30389799172775
1	15.7130630218298
1	-5.30389799172775
1	15.7130630218298
1	-5.30389799172775
1	15.7130630218298
1	-5.30389799172775
1	15.7130630218298
1	-5.30389799172775
1	15.7130630218298
1	0
1	3.83848448866033
1	5.66947230924025
1	2.77605573602093
1	7.43702936357932
1	-0.0706530602538491
1	12.0223816446903
1	-5.30389799172775
1	15.7130630218298
1	-5.30389799172775
1	15.7130630218298
1	-5.30389799172775
1	15.7130630218298
1	-5.30389799172775
1	15.7130630218298
1	-5.30389799172775
1	15.7130630218298
1	-5.30389799172775
1	15.7130630218298
1	-5.30389799172775
1	15.7130630218298
1	-5.30389799172775
1	15.7130630218298
1	-5.30389799172775
1	15.7130630218298
1	-5.30389799172775
1	15.7130630218298
1	-5.30389799172775
1	15.7130630218298
1	-5.30389799172775
1	15.7130630218298
1	-5.30389799172775
1	15.7130630218298
1	-5.30389799172775
1	15.7130630218298
1	-5.30389799172775
1	15.7130630218298
1	-5.30389799172775
1	15.7130630218298
1	-5.30389799172775
1	15.7130630218298
1	0
1	4.44846400165623
1	5.24312070986563
1	4.01860433134373
1	5.99138652699277
1	2.81372104537914
1	7.932160646501
1	-0.312389953728014
1	12.9675586044073
1	-5.30389799172775
1	15.7130630218298
1	-5.30389799172775
1	15.7130630218298
1	-5.30389799172775
1	15.7130630218298
1	-5.30389799172775
1	15.7130630218298
1	-5.30389799172775
1	15.7130630218298
1	-5.30389799172775
1	15.7130630218298
1	-5.30389799172775
1	15.7130630218298
1	-5.30389799172775
1	15.7130630218298
1	-5.30389799172775
1	15.7130630218298
1	-5.30389799172775
1	15.7130630218298
1	-5.30389799172775
1	15.7130630218298
1	-5.30389799172775
1	15.7130630218298
1	-5.30389799172775
1	15.7130630218298
1	-5.30389799172775
1	15.7130630218298
1	-5.30389799172775
1	15.7130630218298
1	-5.30389799172775
1	15.7130630218298
1	0
1	4.47947621360032
1	5.22144439798826
1	4.08177724054477
1	5.91788802238975
1	2.96036666082055
1	7.72420808778144
1	0.0508281601582574
1	12.4107608777807
1	-5.30389799172775
1	15.7130630218298
1	-5.30389799172775
1	15.7130630218298
1	-5.30389799172775
1	15.7130630218298
1	-5.30389799172775
1	15.7130630218298
1	-5.30389799172775
1	15.7130630218298
1	-5.30389799172775
1	15.7130630218298
1	-5.30389799172775
1	15.7130630218298
1	-5.30389799172775
1	15.7130630218298
1	-5.30389799172775
1	15.7130630218298
1	-5.30389799172775
1	15.7130630218298
1	-5.30389799172775
1	15.7130630218298
1	-5.30389799172775
1	15.7130630218298
1	-5.30389799172775
1	15.7130630218298
1	-5.30389799172775
1	15.7130630218298
1	-5.30389799172775
1	15.7130630218298
1	-5.30389799172775
1	15.7130630218298
1	0
1	4.49322308762084
1	5.21183587573435
1	4.10978008103425
1	5.88530812498366
1	3.02537069228947
1	7.63202834800292
1	0.211832917334794
1	12.163947518687
1	-5.30389799172775
1	15.7130630218298
1	-5.30389799172775
1	15.7130630218298
1	-5.30389799172775
1	15.7130630218298
1	-5.30389799172775
1	15.7130630218298
1	-5.30389799172775
1	15.7130630218298
1	-5.30389799172775
1	15.7130630218298
1	-5.30389799172775
1	15.7130630218298
1	-5.30389799172775
1	15.7130630218298
1	-5.30389799172775
1	15.7130630218298
1	-5.30389799172775
1	15.7130630218298
1	-5.30389799172775
1	15.7130630218298
1	-5.30389799172775
1	15.7130630218298
1	-5.30389799172775
1	15.7130630218298
1	-5.30389799172775
1	15.7130630218298
1	-5.30389799172775
1	15.7130630218298
1	-5.30389799172775
1	15.7130630218298
1	0
1	4.51081129080125
1	5.19954241604213
1	4.14560783703336
1	5.84362433168491
1	3.10853899013776
1	7.51409055429634
1	0.417827704077379
1	11.8481663817607
1	-5.30389799172775
1	15.7130630218298
1	-5.30389799172775
1	15.7130630218298
1	-5.30389799172775
1	15.7130630218298
1	-5.30389799172775
1	15.7130630218298
1	-5.30389799172775
1	15.7130630218298
1	-5.30389799172775
1	15.7130630218298
1	-5.30389799172775
1	15.7130630218298
1	-5.30389799172775
1	15.7130630218298
1	-5.30389799172775
1	15.7130630218298
1	-5.30389799172775
1	15.7130630218298
1	-5.30389799172775
1	15.7130630218298
1	-5.30389799172775
1	15.7130630218298
1	-5.30389799172775
1	15.7130630218298
1	-5.30389799172775
1	15.7130630218298
1	-5.30389799172775
1	15.7130630218298
1	-5.30389799172775
1	15.7130630218298
1	0
1	4.52588701794463
1	5.18900507791459
1	4.17631759561766
1	5.80789507113301
1	3.17982669090392
1	7.41300018255263
1	0.594396121330325
1	11.5774946020177
1	-5.30389799172775
1	15.7130630218298
1	-5.30389799172775
1	15.7130630218298
1	-5.30389799172775
1	15.7130630218298
1	-5.30389799172775
1	15.7130630218298
1	-5.30389799172775
1	15.7130630218298
1	-5.30389799172775
1	15.7130630218298
1	-5.30389799172775
1	15.7130630218298
1	-5.30389799172775
1	15.7130630218298
1	-5.30389799172775
1	15.7130630218298
1	-5.30389799172775
1	15.7130630218298
1	-5.30389799172775
1	15.7130630218298
1	-5.30389799172775
1	15.7130630218298
1	-5.30389799172775
1	15.7130630218298
1	-5.30389799172775
1	15.7130630218298
1	-5.30389799172775
1	15.7130630218298
1	-5.30389799172775
1	15.7130630218298
1	0
1	4.65062707310755
1	5.10181670372874
1	4.43041724490247
1	5.51226290097043
1	3.76967762422467
1	6.57655505272069
1	2.05536406660397
1	9.33789365838918
1	-2.39247504713036
1	15.7130630218298
1	-5.30389799172775
1	15.7130630218298
1	-5.30389799172775
1	15.7130630218298
1	-5.30389799172775
1	15.7130630218298
1	-5.30389799172775
1	15.7130630218298
1	-5.30389799172775
1	15.7130630218298
1	-5.30389799172775
1	15.7130630218298
1	-5.30389799172775
1	15.7130630218298
1	-5.30389799172775
1	15.7130630218298
1	-5.30389799172775
1	15.7130630218298
1	-5.30389799172775
1	15.7130630218298
1	-5.30389799172775
1	15.7130630218298
1	-5.30389799172775
1	15.7130630218298
1	-5.30389799172775
1	15.7130630218298
1	-5.30389799172775
1	15.7130630218298
1	-5.30389799172775
1	15.7130630218298
1	0
1	4.73071104105535
1	5.04584117161437
1	4.59355095638186
1	5.32246502723439
1	4.14836595474
1	6.03955156270247
1	2.99331547242341
1	7.90005454607553
1	-0.00349843648217529
1	12.7271866092182
1	-5.30389799172775
1	15.7130630218298
1	-5.30389799172775
1	15.7130630218298
1	-5.30389799172775
1	15.7130630218298
1	-5.30389799172775
1	15.7130630218298
1	-5.30389799172775
1	15.7130630218298
1	-5.30389799172775
1	15.7130630218298
1	-5.30389799172775
1	15.7130630218298
1	-5.30389799172775
1	15.7130630218298
1	-5.30389799172775
1	15.7130630218298
1	-5.30389799172775
1	15.7130630218298
1	-5.30389799172775
1	15.7130630218298
1	-5.30389799172775
1	15.7130630218298
1	-5.30389799172775
1	15.7130630218298
1	-5.30389799172775
1	15.7130630218298
1	-5.30389799172775
1	15.7130630218298
1	0
1	5.05507498886167
1	4.81912357703899
1	5.25429112737644
1	4.55372704898645
1	5.68216660200817
1	3.86452731663094
1	6.79229832302824
1	2.07637743901232
1	9.67256912740141
1	-2.56303227174978
1	15.7130630218298
1	-5.30389799172775
1	15.7130630218298
1	-5.30389799172775
1	15.7130630218298
1	-5.30389799172775
1	15.7130630218298
1	-5.30389799172775
1	15.7130630218298
1	-5.30389799172775
1	15.7130630218298
1	-5.30389799172775
1	15.7130630218298
1	-5.30389799172775
1	15.7130630218298
1	-5.30389799172775
1	15.7130630218298
1	-5.30389799172775
1	15.7130630218298
1	-5.30389799172775
1	15.7130630218298
1	-5.30389799172775
1	15.7130630218298
1	-5.30389799172775
1	15.7130630218298
1	-5.30389799172775
1	15.7130630218298
1	-5.30389799172775
1	15.7130630218298
1	-5.30389799172775
1	0
1	5.12749648578447
1	4.76850380967912
1	5.40181613002879
1	4.38208912343201
1	6.02462185823366
1	3.37890456845195
1	7.64050610532202
1	0.776111436761025
1	11.8329673530422
1	-5.30389799172775
1	15.7130630218298
1	-5.30389799172775
1	15.7130630218298
1	-5.30389799172775
1	15.7130630218298
1	-5.30389799172775
1	15.7130630218298
1	-5.30389799172775
1	15.7130630218298
1	-5.30389799172775
1	15.7130630218298
1	-5.30389799172775
1	15.7130630218298
1	-5.30389799172775
1	15.7130630218298
1	-5.30389799172775
1	15.7130630218298
1	-5.30389799172775
1	15.7130630218298
1	-5.30389799172775
1	15.7130630218298
1	-5.30389799172775
1	15.7130630218298
1	-5.30389799172775
1	15.7130630218298
1	-5.30389799172775
1	15.7130630218298
1	-5.30389799172775
1	15.7130630218298
1	-5.30389799172775
1	0
1	5.20180215486971
1	4.71656708035932
1	5.55317925416541
1	4.20598573644567
1	6.37598668810894
1	2.88064749341636
1	8.51078149957181
1	-0.557983264278749
1	14.0495721246604
1	-5.30389799172775
1	15.7130630218298
1	-5.30389799172775
1	15.7130630218298
1	-5.30389799172775
1	15.7130630218298
1	-5.30389799172775
1	15.7130630218298
1	-5.30389799172775
1	15.7130630218298
1	-5.30389799172775
1	15.7130630218298
1	-5.30389799172775
1	15.7130630218298
1	-5.30389799172775
1	15.7130630218298
1	-5.30389799172775
1	15.7130630218298
1	-5.30389799172775
1	15.7130630218298
1	-5.30389799172775
1	15.7130630218298
1	-5.30389799172775
1	15.7130630218298
1	-5.30389799172775
1	15.7130630218298
1	-5.30389799172775
1	15.7130630218298
1	-5.30389799172775
1	15.7130630218298
1	-5.30389799172775
1	0
1	5.29855363089024
1	4.64894161808664
1	5.75026523502773
1	3.97668610382145
1	6.83348967988117
1	2.23187993582849
1	9.64394441936763
1	-2.29507322074885
1	15.7130630218298
1	-5.30389799172775
1	15.7130630218298
1	-5.30389799172775
1	15.7130630218298
1	-5.30389799172775
1	15.7130630218298
1	-5.30389799172775
1	15.7130630218298
1	-5.30389799172775
1	15.7130630218298
1	-5.30389799172775
1	15.7130630218298
1	-5.30389799172775
1	15.7130630218298
1	-5.30389799172775
1	15.7130630218298
1	-5.30389799172775
1	15.7130630218298
1	-5.30389799172775
1	15.7130630218298
1	-5.30389799172775
1	15.7130630218298
1	-5.30389799172775
1	15.7130630218298
1	-5.30389799172775
1	15.7130630218298
1	-5.30389799172775
1	15.7130630218298
1	-5.30389799172775
1	15.7130630218298
1	-5.30389799172775
1	0
1	5.40083772384871
1	4.57744907498591
1	5.95862134096511
1	3.73427424714137
1	7.31715443068326
1	1.54601338476244
1	10.8419058995716
1	-4.13149657977948
1	15.7130630218298
1	-5.30389799172775
1	15.7130630218298
1	-5.30389799172775
1	15.7130630218298
1	-5.30389799172775
1	15.7130630218298
1	-5.30389799172775
1	15.7130630218298
1	-5.30389799172775
1	15.7130630218298
1	-5.30389799172775
1	15.7130630218298
1	-5.30389799172775
1	15.7130630218298
1	-5.30389799172775
1	15.7130630218298
1	-5.30389799172775
1	15.7130630218298
1	-5.30389799172775
1	15.7130630218298
1	-5.30389799172775
1	15.7130630218298
1	-5.30389799172775
1	15.7130630218298
1	-5.30389799172775
1	15.7130630218298
1	-5.30389799172775
1	15.7130630218298
1	-5.30389799172775
1	15.7130630218298
1	-5.30389799172775
1	0
1	5.55266060016556
1	4.47133087796414
1	6.26788959946585
1	3.37445617308926
1	8.03507030123479
1	0.527964247887795
1	12.6200705425843
1	-5.30389799172775
1	15.7130630218298
1	-5.30389799172775
1	15.7130630218298
1	-5.30389799172775
1	15.7130630218298
1	-5.30389799172775
1	15.7130630218298
1	-5.30389799172775
1	15.7130630218298
1	-5.30389799172775
1	15.7130630218298
1	-5.30389799172775
1	15.7130630218298
1	-5.30389799172775
1	15.7130630218298
1	-5.30389799172775
1	15.7130630218298
1	-5.30389799172775
1	15.7130630218298
1	-5.30389799172775
1	15.7130630218298
1	-5.30389799172775
1	15.7130630218298
1	-5.30389799172775
1	15.7130630218298
1	-5.30389799172775
1	15.7130630218298
1	-5.30389799172775
1	15.7130630218298
1	-5.30389799172775
1	15.7130630218298
1	-5.30389799172775
1	0
1	5.67715696173326
1	4.38431283598104
1	6.52149283677619
1	3.0794015533079
1	8.62376889504117
1	-0.30684679319349
1	14.0781843242084
1	-5.30389799172775
1	15.7130630218298
1	-5.30389799172775
1	15.7130630218298
1	-5.30389799172775
1	15.7130630218298
1	-5.30389799172775
1	15.7130630218298
1	-5.30389799172775
1	15.7130630218298
1	-5.30389799172775
1	15.7130630218298
1	-5.30389799172775
1	15.7130630218298
1	-5.30389799172775
1	15.7130630218298
1	-5.30389799172775
1	15.7130630218298
1	-5.30389799172775
1	15.7130630218298
1	-5.30389799172775
1	15.7130630218298
1	-5.30389799172775
1	15.7130630218298
1	-5.30389799172775
1	15.7130630218298
1	-5.30389799172775
1	15.7130630218298
1	-5.30389799172775
1	15.7130630218298
1	-5.30389799172775
1	15.7130630218298
1	-5.30389799172775
1	0
1	5.94056702027682
1	4.20019960371882
1	7.05806790407586
1	2.4551234323132
1	9.86934048529787
1	-2.07314439767778
1	15.7130630218298
1	-5.30389799172775
1	15.7130630218298
1	-5.30389799172775
1	15.7130630218298
1	-5.30389799172775
1	15.7130630218298
1	-5.30389799172775
1	15.7130630218298
1	-5.30389799172775
1	15.7130630218298
1	-5.30389799172775
1	15.7130630218298
1	-5.30389799172775
1	15.7130630218298
1	-5.30389799172775
1	15.7130630218298
1	-5.30389799172775
1	15.7130630218298
1	-5.30389799172775
1	15.7130630218298
1	-5.30389799172775
1	15.7130630218298
1	-5.30389799172775
1	15.7130630218298
1	-5.30389799172775
1	15.7130630218298
1	-5.30389799172775
1	15.7130630218298
1	-5.30389799172775
1	15.7130630218298
1	-5.30389799172775
1	15.7130630218298
1	-5.30389799172775
1	0
1	6.20147093750222
1	4.01783806530286
1	7.58953787799418
1	1.83678483087101
1	11.1030614330836
1	-3.82263705769168
1	15.7130630218298
1	-5.30389799172775
1	15.7130630218298
1	-5.30389799172775
1	15.7130630218298
1	-5.30389799172775
1	15.7130630218298
1	-5.30389799172775
1	15.7130630218298
1	-5.30389799172775
1	15.7130630218298
1	-5.30389799172775
1	15.7130630218298
1	-5.30389799172775
1	15.7130630218298
1	-5.30389799172775
1	15.7130630218298
1	-5.30389799172775
1	15.7130630218298
1	-5.30389799172775
1	15.7130630218298
1	-5.30389799172775
1	15.7130630218298
1	-5.30389799172775
1	15.7130630218298
1	-5.30389799172775
1	15.7130630218298
1	-5.30389799172775
1	15.7130630218298
1	-5.30389799172775
1	15.7130630218298
1	-5.30389799172775
1	15.7130630218298
1	-5.30389799172775
1	0
1	6.32861102127992
1	3.9289721658614
1	7.84852646554739
1	1.53546462676527
1	11.7042612400005
1	-5.30389799172775
1	15.7130630218298
1	-5.30389799172775
1	15.7130630218298
1	-5.30389799172775
1	15.7130630218298
1	-5.30389799172775
1	15.7130630218298
1	-5.30389799172775
1	15.7130630218298
1	-5.30389799172775
1	15.7130630218298
1	-5.30389799172775
1	15.7130630218298
1	-5.30389799172775
1	15.7130630218298
1	-5.30389799172775
1	15.7130630218298
1	-5.30389799172775
1	15.7130630218298
1	-5.30389799172775
1	15.7130630218298
1	-5.30389799172775
1	15.7130630218298
1	-5.30389799172775
1	15.7130630218298
1	-5.30389799172775
1	15.7130630218298
1	-5.30389799172775
1	15.7130630218298
1	-5.30389799172775
1	15.7130630218298
1	-5.30389799172775
1	15.7130630218298
1	-5.30389799172775
1	0
1	6.33175089740546
1	3.92677751640278
1	7.85492249785038
1	1.52802316466375
1	11.719108586835
1	-5.30389799172775
1	15.7130630218298
1	-5.30389799172775
1	15.7130630218298
1	-5.30389799172775
1	15.7130630218298
1	-5.30389799172775
1	15.7130630218298
1	-5.30389799172775
1	15.7130630218298
1	-5.30389799172775
1	15.7130630218298
1	-5.30389799172775
1	15.7130630218298
1	-5.30389799172775
1	15.7130630218298
1	-5.30389799172775
1	15.7130630218298
1	-5.30389799172775
1	15.7130630218298
1	-5.30389799172775
1	15.7130630218298
1	-5.30389799172775
1	15.7130630218298
1	-5.30389799172775
1	15.7130630218298
1	-5.30389799172775
1	15.7130630218298
1	-5.30389799172775
1	15.7130630218298
1	-5.30389799172775
1	15.7130630218298
1	-5.30389799172775
1	15.7130630218298
1	-5.30389799172775
1	0
1	6.96436754063599
1	3.48460345664195
1	9.14358368183543
1	0.0287306489202099
1	14.7105255535535
1	-5.30389799172775
1	15.7130630218298
1	-5.30389799172775
1	15.7130630218298
1	-5.30389799172775
1	15.7130630218298
1	-5.30389799172775
1	15.7130630218298
1	-5.30389799172775
1	15.7130630218298
1	-5.30389799172775
1	15.7130630218298
1	-5.30389799172775
1	15.7130630218298
1	-5.30389799172775
1	15.7130630218298
1	-5.30389799172775
1	15.7130630218298
1	-5.30389799172775
1	15.7130630218298
1	-5.30389799172775
1	15.7130630218298
1	-5.30389799172775
1	15.7130630218298
1	-5.30389799172775
1	15.7130630218298
1	-5.30389799172775
1	15.7130630218298
1	-5.30389799172775
1	15.7130630218298
1	-5.30389799172775
1	15.7130630218298
1	-5.30389799172775
1	15.7130630218298
1	-5.30389799172775
1	0
1	7.15456267666323
1	3.35166456490735
1	9.53101751210813
1	-0.422029139061769
1	15.7130630218298
1	-5.30389799172775
1	15.7130630218298
1	-5.30389799172775
1	15.7130630218298
1	-5.30389799172775
1	15.7130630218298
1	-5.30389799172775
1	15.7130630218298
1	-5.30389799172775
1	15.7130630218298
1	-5.30389799172775
1	15.7130630218298
1	-5.30389799172775
1	15.7130630218298
1	-5.30389799172775
1	15.7130630218298
1	-5.30389799172775
1	15.7130630218298
1	-5.30389799172775
1	15.7130630218298
1	-5.30389799172775
1	15.7130630218298
1	-5.30389799172775
1	15.7130630218298
1	-5.30389799172775
1	15.7130630218298
1	-5.30389799172775
1	15.7130630218298
1	-5.30389799172775
1	15.7130630218298
1	-5.30389799172775
1	15.7130630218298
1	-5.30389799172775
1	15.7130630218298
1	-5.30389799172775
1	0
1	7.30006505640874
1	3.2499641454742
1	9.82741070846475
1	-0.766867725446897
1	15.7130630218298
1	-5.30389799172775
1	15.7130630218298
1	-5.30389799172775
1	15.7130630218298
1	-5.30389799172775
1	15.7130630218298
1	-5.30389799172775
1	15.7130630218298
1	-5.30389799172775
1	15.7130630218298
1	-5.30389799172775
1	15.7130630218298
1	-5.30389799172775
1	15.7130630218298
1	-5.30389799172775
1	15.7130630218298
1	-5.30389799172775
1	15.7130630218298
1	-5.30389799172775
1	15.7130630218298
1	-5.30389799172775
1	15.7130630218298
1	-5.30389799172775
1	15.7130630218298
1	-5.30389799172775
1	15.7130630218298
1	-5.30389799172775
1	15.7130630218298
1	-5.30389799172775
1	15.7130630218298
1	-5.30389799172775
1	15.7130630218298
1	-5.30389799172775
1	15.7130630218298
1	-5.30389799172775
1	0
1	7.43208660389413
1	3.15768629560699
1	10.0963430002636
1	-1.07975692964318
1	15.7130630218298
1	-5.30389799172775
1	15.7130630218298
1	-5.30389799172775
1	15.7130630218298
1	-5.30389799172775
1	15.7130630218298
1	-5.30389799172775
1	15.7130630218298
1	-5.30389799172775
1	15.7130630218298
1	-5.30389799172775
1	15.7130630218298
1	-5.30389799172775
1	15.7130630218298
1	-5.30389799172775
1	15.7130630218298
1	-5.30389799172775
1	15.7130630218298
1	-5.30389799172775
1	15.7130630218298
1	-5.30389799172775
1	15.7130630218298
1	-5.30389799172775
1	15.7130630218298
1	-5.30389799172775
1	15.7130630218298
1	-5.30389799172775
1	15.7130630218298
1	-5.30389799172775
1	15.7130630218298
1	-5.30389799172775
1	15.7130630218298
1	-5.30389799172775
1	15.7130630218298
1	-5.30389799172775
1	0
1	7.85387611246923
1	2.86287208013081
1	10.9555422852163
1	-2.07939211185471
1	15.7130630218298
1	-5.30389799172775
1	15.7130630218298
1	-5.30389799172775
1	15.7130630218298
1	-5.30389799172775
1	15.7130630218298
1	-5.30389799172775
1	15.7130630218298
1	-5.30389799172775
1	15.7130630218298
1	-5.30389799172775
1	15.7130630218298
1	-5.30389799172775
1	15.7130630218298
1	-5.30389799172775
1	15.7130630218298
1	-5.30389799172775
1	15.7130630218298
1	-5.30389799172775
1	15.7130630218298
1	-5.30389799172775
1	15.7130630218298
1	-5.30389799172775
1	15.7130630218298
1	-5.30389799172775
1	15.7130630218298
1	-5.30389799172775
1	15.7130630218298
1	-5.30389799172775
1	15.7130630218298
1	-5.30389799172775
1	15.7130630218298
1	-5.30389799172775
1	15.7130630218298
1	-5.30389799172775
1	0
1	7.9251177084333
1	2.81307701696205
1	11.1006637902959
1	-2.24823368879
1	15.7130630218298
1	-5.30389799172775
1	15.7130630218298
1	-5.30389799172775
1	15.7130630218298
1	-5.30389799172775
1	15.7130630218298
1	-5.30389799172775
1	15.7130630218298
1	-5.30389799172775
1	15.7130630218298
1	-5.30389799172775
1	15.7130630218298
1	-5.30389799172775
1	15.7130630218298
1	-5.30389799172775
1	15.7130630218298
1	-5.30389799172775
1	15.7130630218298
1	-5.30389799172775
1	15.7130630218298
1	-5.30389799172775
1	15.7130630218298
1	-5.30389799172775
1	15.7130630218298
1	-5.30389799172775
1	15.7130630218298
1	-5.30389799172775
1	15.7130630218298
1	-5.30389799172775
1	15.7130630218298
1	-5.30389799172775
1	15.7130630218298
1	-5.30389799172775
1	15.7130630218298
1	-5.30389799172775
1	0
1	8.47918058394761
1	2.42580893976155
1	12.2293083316667
1	-3.56135488374919
1	15.7130630218298
1	-5.30389799172775
1	15.7130630218298
1	-5.30389799172775
1	15.7130630218298
1	-5.30389799172775
1	15.7130630218298
1	-5.30389799172775
1	15.7130630218298
1	-5.30389799172775
1	15.7130630218298
1	-5.30389799172775
1	15.7130630218298
1	-5.30389799172775
1	15.7130630218298
1	-5.30389799172775
1	15.7130630218298
1	-5.30389799172775
1	15.7130630218298
1	-5.30389799172775
1	15.7130630218298
1	-5.30389799172775
1	15.7130630218298
1	-5.30389799172775
1	15.7130630218298
1	-5.30389799172775
1	15.7130630218298
1	-5.30389799172775
1	15.7130630218298
1	-5.30389799172775
1	15.7130630218298
1	-5.30389799172775
1	15.7130630218298
1	-5.30389799172775
1	15.7130630218298
1	-5.30389799172775
1	0
1	8.66052229715209
1	2.29905824107278
1	12.5987074446122
1	-3.9911321845979
1	15.7130630218298
1	-5.30389799172775
1	15.7130630218298
1	-5.30389799172775
1	15.7130630218298
1	-5.30389799172775
1	15.7130630218298
1	-5.30389799172775
1	15.7130630218298
1	-5.30389799172775
1	15.7130630218298
1	-5.30389799172775
1	15.7130630218298
1	-5.30389799172775
1	15.7130630218298
1	-5.30389799172775
1	15.7130630218298
1	-5.30389799172775
1	15.7130630218298
1	-5.30389799172775
1	15.7130630218298
1	-5.30389799172775
1	15.7130630218298
1	-5.30389799172775
1	15.7130630218298
1	-5.30389799172775
1	15.7130630218298
1	-5.30389799172775
1	15.7130630218298
1	-5.30389799172775
1	15.7130630218298
1	-5.30389799172775
1	15.7130630218298
1	-5.30389799172775
1	15.7130630218298
1	-5.30389799172775
1	0
1	8.74452389023838
1	2.240344443643
1	12.7698214890522
1	-4.19021477461904
1	15.7130630218298
1	-5.30389799172775
1	15.7130630218298
1	-5.30389799172775
1	15.7130630218298
1	-5.30389799172775
1	15.7130630218298
1	-5.30389799172775
1	15.7130630218298
1	-5.30389799172775
1	15.7130630218298
1	-5.30389799172775
1	15.7130630218298
1	-5.30389799172775
1	15.7130630218298
1	-5.30389799172775
1	15.7130630218298
1	-5.30389799172775
1	15.7130630218298
1	-5.30389799172775
1	15.7130630218298
1	-5.30389799172775
1	15.7130630218298
1	-5.30389799172775
1	15.7130630218298
1	-5.30389799172775
1	15.7130630218298
1	-5.30389799172775
1	15.7130630218298
1	-5.30389799172775
1	15.7130630218298
1	-5.30389799172775
1	15.7130630218298
1	-5.30389799172775
1	15.7130630218298
1	-5.30389799172775
1	0
1	8.76811581296505
1	2.22385462099726
1	12.8178790218389
1	-4.24612729850629
1	15.7130630218298
1	-5.30389799172775
1	15.7130630218298
1	-5.30389799172775
1	15.7130630218298
1	-5.30389799172775
1	15.7130630218298
1	-5.30389799172775
1	15.7130630218298
1	-5.30389799172775
1	15.7130630218298
1	-5.30389799172775
1	15.7130630218298
1	-5.30389799172775
1	15.7130630218298
1	-5.30389799172775
1	15.7130630218298
1	-5.30389799172775
1	15.7130630218298
1	-5.30389799172775
1	15.7130630218298
1	-5.30389799172775
1	15.7130630218298
1	-5.30389799172775
1	15.7130630218298
1	-5.30389799172775
1	15.7130630218298
1	-5.30389799172775
1	15.7130630218298
1	-5.30389799172775
1	15.7130630218298
1	-5.30389799172775
1	15.7130630218298
1	-5.30389799172775
1	15.7130630218298
1	-5.30389799172775
1	0
1	8.79651803035283
1	2.20400259227979
1	12.8757352851516
1	-4.31344015284815
1	15.7130630218298
1	-5.30389799172775
1	15.7130630218298
1	-5.30389799172775
1	15.7130630218298
1	-5.30389799172775
1	15.7130630218298
1	-5.30389799172775
1	15.7130630218298
1	-5.30389799172775
1	15.7130630218298
1	-5.30389799172775
1	15.7130630218298
1	-5.30389799172775
1	15.7130630218298
1	-5.30389799172775
1	15.7130630218298
1	-5.30389799172775
1	15.7130630218298
1	-5.30389799172775
1	15.7130630218298
1	-5.30389799172775
1	15.7130630218298
1	-5.30389799172775
1	15.7130630218298
1	-5.30389799172775
1	15.7130630218298
1	-5.30389799172775
1	15.7130630218298
1	-5.30389799172775
1	15.7130630218298
1	-5.30389799172775
1	15.7130630218298
1	-5.30389799172775
1	15.7130630218298
1	-5.30389799172775
1	0
1	8.86622659969973
1	2.15527905419702
1	13.0177339639245
1	-5.30389799172775
1	15.7130630218298
1	-5.30389799172775
1	15.7130630218298
1	-5.30389799172775
1	15.7130630218298
1	-5.30389799172775
1	15.7130630218298
1	-5.30389799172775
1	15.7130630218298
1	-5.30389799172775
1	15.7130630218298
1	-5.30389799172775
1	15.7130630218298
1	-5.30389799172775
1	15.7130630218298
1	-5.30389799172775
1	15.7130630218298
1	-5.30389799172775
1	15.7130630218298
1	-5.30389799172775
1	15.7130630218298
1	-5.30389799172775
1	15.7130630218298
1	-5.30389799172775
1	15.7130630218298
1	-5.30389799172775
1	15.7130630218298
1	-5.30389799172775
1	15.7130630218298
1	-5.30389799172775
1	15.7130630218298
1	-5.30389799172775
1	15.7130630218298
1	-5.30389799172775
1	15.7130630218298
1	-5.30389799172775
1	0
1	8.98592765302297
1	2.07161274337203
1	13.2615689985389
1	-5.30389799172775
1	15.7130630218298
1	-5.30389799172775
1	15.7130630218298
1	-5.30389799172775
1	15.7130630218298
1	-5.30389799172775
1	15.7130630218298
1	-5.30389799172775
1	15.7130630218298
1	-5.30389799172775
1	15.7130630218298
1	-5.30389799172775
1	15.7130630218298
1	-5.30389799172775
1	15.7130630218298
1	-5.30389799172775
1	15.7130630218298
1	-5.30389799172775
1	15.7130630218298
1	-5.30389799172775
1	15.7130630218298
1	-5.30389799172775
1	15.7130630218298
1	-5.30389799172775
1	15.7130630218298
1	-5.30389799172775
1	15.7130630218298
1	-5.30389799172775
1	15.7130630218298
1	-5.30389799172775
1	15.7130630218298
1	-5.30389799172775
1	15.7130630218298
1	-5.30389799172775
1	15.7130630218298
1	-5.30389799172775
1	0
1	8.99898990086291
1	2.0624827477913
1	13.2881772326836
1	-5.30389799172775
1	15.7130630218298
1	-5.30389799172775
1	15.7130630218298
1	-5.30389799172775
1	15.7130630218298
1	-5.30389799172775
1	15.7130630218298
1	-5.30389799172775
1	15.7130630218298
1	-5.30389799172775
1	15.7130630218298
1	-5.30389799172775
1	15.7130630218298
1	-5.30389799172775
1	15.7130630218298
1	-5.30389799172775
1	15.7130630218298
1	-5.30389799172775
1	15.7130630218298
1	-5.30389799172775
1	15.7130630218298
1	-5.30389799172775
1	15.7130630218298
1	-5.30389799172775
1	15.7130630218298
1	-5.30389799172775
1	15.7130630218298
1	-5.30389799172775
1	15.7130630218298
1	-5.30389799172775
1	15.7130630218298
1	-5.30389799172775
1	15.7130630218298
1	-5.30389799172775
1	15.7130630218298
1	-5.30389799172775
1	0
1	9.32863803124307
1	1.83207171820091
1	13.9596814596746
1	-5.30389799172775
1	15.7130630218298
1	-5.30389799172775
1	15.7130630218298
1	-5.30389799172775
1	15.7130630218298
1	-5.30389799172775
1	15.7130630218298
1	-5.30389799172775
1	15.7130630218298
1	-5.30389799172775
1	15.7130630218298
1	-5.30389799172775
1	15.7130630218298
1	-5.30389799172775
1	15.7130630218298
1	-5.30389799172775
1	15.7130630218298
1	-5.30389799172775
1	15.7130630218298
1	-5.30389799172775
1	15.7130630218298
1	-5.30389799172775
1	15.7130630218298
1	-5.30389799172775
1	15.7130630218298
1	-5.30389799172775
1	15.7130630218298
1	-5.30389799172775
1	15.7130630218298
1	-5.30389799172775
1	15.7130630218298
1	-5.30389799172775
1	15.7130630218298
1	-5.30389799172775
1	15.7130630218298
1	-5.30389799172775
1	0
1	9.83922945305361
1	1.47518847101332
1	15.7130630218298
1	-5.30389799172775
1	15.7130630218298
1	-5.30389799172775
1	15.7130630218298
1	-5.30389799172775
1	15.7130630218298
1	-5.30389799172775
1	15.7130630218298
1	-5.30389799172775
1	15.7130630218298
1	-5.30389799172775
1	15.7130630218298
1	-5.30389799172775
1	15.7130630218298
1	-5.30389799172775
1	15.7130630218298
1	-5.30389799172775
1	15.7130630218298
1	-5.30389799172775
1	15.7130630218298
1	-5.30389799172775
1	15.7130630218298
1	-5.30389799172775
1	15.7130630218298
1	-5.30389799172775
1	15.7130630218298
1	-5.30389799172775
1	15.7130630218298
1	-5.30389799172775
1	15.7130630218298
1	-5.30389799172775
1	15.7130630218298
1	-5.30389799172775
1	15.7130630218298
1	-5.30389799172775
1	15.7130630218298
1	-5.30389799172775
1	0
1	9.88510723722608
1	1.44312171099768
1	15.7130630218298
1	-5.30389799172775
1	15.7130630218298
1	-5.30389799172775
1	15.7130630218298
1	-5.30389799172775
1	15.7130630218298
1	-5.30389799172775
1	15.7130630218298
1	-5.30389799172775
1	15.7130630218298
1	-5.30389799172775
1	15.7130630218298
1	-5.30389799172775
1	15.7130630218298
1	-5.30389799172775
1	15.7130630218298
1	-5.30389799172775
1	15.7130630218298
1	-5.30389799172775
1	15.7130630218298
1	-5.30389799172775
1	15.7130630218298
1	-5.30389799172775
1	15.7130630218298
1	-5.30389799172775
1	15.7130630218298
1	-5.30389799172775
1	15.7130630218298
1	-5.30389799172775
1	15.7130630218298
1	-5.30389799172775
1	15.7130630218298
1	-5.30389799172775
1	15.7130630218298
1	-5.30389799172775
1	15.7130630218298
1	-5.30389799172775
1	0
1	9.99376544591982
1	1.36717391262946
1	15.7130630218298
1	-5.30389799172775
1	15.7130630218298
1	-5.30389799172775
1	15.7130630218298
1	-5.30389799172775
1	15.7130630218298
1	-5.30389799172775
1	15.7130630218298
1	-5.30389799172775
1	15.7130630218298
1	-5.30389799172775
1	15.7130630218298
1	-5.30389799172775
1	15.7130630218298
1	-5.30389799172775
1	15.7130630218298
1	-5.30389799172775
1	15.7130630218298
1	-5.30389799172775
1	15.7130630218298
1	-5.30389799172775
1	15.7130630218298
1	-5.30389799172775
1	15.7130630218298
1	-5.30389799172775
1	15.7130630218298
1	-5.30389799172775
1	15.7130630218298
1	-5.30389799172775
1	15.7130630218298
1	-5.30389799172775
1	15.7130630218298
1	-5.30389799172775
1	15.7130630218298
1	-5.30389799172775
1	15.7130630218298
1	-5.30389799172775
1	0
1	10.2269439172153
1	1.20419136639892
1	15.7130630218298
1	-5.30389799172775
1	15.7130630218298
1	-5.30389799172775
1	15.7130630218298
1	-5.30389799172775
1	15.7130630218298
1	-5.30389799172775
1	15.7130630218298
1	-5.30389799172775
1	15.7130630218298
1	-5.30389799172775
1	15.7130630218298
1	-5.30389799172775
1	15.7130630218298
1	-5.30389799172775
1	15.7130630218298
1	-5.30389799172775
1	15.7130630218298
1	-5.30389799172775
1	15.7130630218298
1	-5.30389799172775
1	15.7130630218298
1	-5.30389799172775
1	15.7130630218298
1	-5.30389799172775
1	15.7130630218298
1	-5.30389799172775
1	15.7130630218298
1	-5.30389799172775
1	15.7130630218298
1	-5.30389799172775
1	15.7130630218298
1	-5.30389799172775
1	15.7130630218298
1	-5.30389799172775
1	15.7130630218298
1	-5.30389799172775
1	0
1	10.3041273315946
1	1.15024320672355
1	15.7130630218298
1	-5.30389799172775
1	15.7130630218298
1	-5.30389799172775
1	15.7130630218298
1	-5.30389799172775
1	15.7130630218298
1	-5.30389799172775
1	15.7130630218298
1	-5.30389799172775
1	15.7130630218298
1	-5.30389799172775
1	15.7130630218298
1	-5.30389799172775
1	15.7130630218298
1	-5.30389799172775
1	15.7130630218298
1	-5.30389799172775
1	15.7130630218298
1	-5.30389799172775
1	15.7130630218298
1	-5.30389799172775
1	15.7130630218298
1	-5.30389799172775
1	15.7130630218298
1	-5.30389799172775
1	15.7130630218298
1	-5.30389799172775
1	15.7130630218298
1	-5.30389799172775
1	15.7130630218298
1	-5.30389799172775
1	15.7130630218298
1	-5.30389799172775
1	15.7130630218298
1	-5.30389799172775
1	15.7130630218298
1	-5.30389799172775
1	0
1	10.3220268315698
1	1.1377321628608
1	15.7130630218298
1	-5.30389799172775
1	15.7130630218298
1	-5.30389799172775
1	15.7130630218298
1	-5.30389799172775
1	15.7130630218298
1	-5.30389799172775
1	15.7130630218298
1	-5.30389799172775
1	15.7130630218298
1	-5.30389799172775
1	15.7130630218298
1	-5.30389799172775
1	15.7130630218298
1	-5.30389799172775
1	15.7130630218298
1	-5.30389799172775
1	15.7130630218298
1	-5.30389799172775
1	15.7130630218298
1	-5.30389799172775
1	15.7130630218298
1	-5.30389799172775
1	15.7130630218298
1	-5.30389799172775
1	15.7130630218298
1	-5.30389799172775
1	15.7130630218298
1	-5.30389799172775
1	15.7130630218298
1	-5.30389799172775
1	15.7130630218298
1	-5.30389799172775
1	15.7130630218298
1	-5.30389799172775
1	15.7130630218298
1	-5.30389799172775
1	0
1	10.3756748591506
1	1.10023430944928
1	15.7130630218298
1	-5.30389799172775
1	15.7130630218298
1	-5.30389799172775
1	15.7130630218298
1	-5.30389799172775
1	15.7130630218298
1	-5.30389799172775
1	15.7130630218298
1	-5.30389799172775
1	15.7130630218298
1	-5.30389799172775
1	15.7130630218298
1	-5.30389799172775
1	15.7130630218298
1	-5.30389799172775
1	15.7130630218298
1	-5.30389799172775
1	15.7130630218298
1	-5.30389799172775
1	15.7130630218298
1	-5.30389799172775
1	15.7130630218298
1	-5.30389799172775
1	15.7130630218298
1	-5.30389799172775
1	15.7130630218298
1	-5.30389799172775
1	15.7130630218298
1	-5.30389799172775
1	15.7130630218298
1	-5.30389799172775
1	15.7130630218298
1	-5.30389799172775
1	15.7130630218298
1	-5.30389799172775
1	15.7130630218298
1	-5.30389799172775
1	0
1	10.4725216270901
1	1.03254224188707
1	15.7130630218298
1	-5.30389799172775
1	15.7130630218298
1	-5.30389799172775
1	15.7130630218298
1	-5.30389799172775
1	15.7130630218298
1	-5.30389799172775
1	15.7130630218298
1	-5.30389799172775
1	15.7130630218298
1	-5.30389799172775
1	15.7130630218298
1	-5.30389799172775
1	15.7130630218298
1	-5.30389799172775
1	15.7130630218298
1	-5.30389799172775
1	15.7130630218298
1	-5.30389799172775
1	15.7130630218298
1	-5.30389799172775
1	15.7130630218298
1	-5.30389799172775
1	15.7130630218298
1	-5.30389799172775
1	15.7130630218298
1	-5.30389799172775
1	15.7130630218298
1	-5.30389799172775
1	15.7130630218298
1	-5.30389799172775
1	15.7130630218298
1	-5.30389799172775
1	15.7130630218298
1	-5.30389799172775
1	15.7130630218298
1	-5.30389799172775
1	0
1	10.6069803405824
1	0.938560909193233
1	15.7130630218298
1	-5.30389799172775
1	15.7130630218298
1	-5.30389799172775
1	15.7130630218298
1	-5.30389799172775
1	15.7130630218298
1	-5.30389799172775
1	15.7130630218298
1	-5.30389799172775
1	15.7130630218298
1	-5.30389799172775
1	15.7130630218298
1	-5.30389799172775
1	15.7130630218298
1	-5.30389799172775
1	15.7130630218298
1	-5.30389799172775
1	15.7130630218298
1	-5.30389799172775
1	15.7130630218298
1	-5.30389799172775
1	15.7130630218298
1	-5.30389799172775
1	15.7130630218298
1	-5.30389799172775
1	15.7130630218298
1	-5.30389799172775
1	15.7130630218298
1	-5.30389799172775
1	15.7130630218298
1	-5.30389799172775
1	15.7130630218298
1	-5.30389799172775
1	15.7130630218298
1	-5.30389799172775
1	15.7130630218298
1	-5.30389799172775
1	0
1	10.6353275338297
1	0.91874734017778
1	15.7130630218298
1	-5.30389799172775
1	15.7130630218298
1	-5.30389799172775
1	15.7130630218298
1	-5.30389799172775
1	15.7130630218298
1	-5.30389799172775
1	15.7130630218298
1	-5.30389799172775
1	15.7130630218298
1	-5.30389799172775
1	15.7130630218298
1	-5.30389799172775
1	15.7130630218298
1	-5.30389799172775
1	15.7130630218298
1	-5.30389799172775
1	15.7130630218298
1	-5.30389799172775
1	15.7130630218298
1	-5.30389799172775
1	15.7130630218298
1	-5.30389799172775
1	15.7130630218298
1	-5.30389799172775
1	15.7130630218298
1	-5.30389799172775
1	15.7130630218298
1	-5.30389799172775
1	15.7130630218298
1	-5.30389799172775
1	15.7130630218298
1	-5.30389799172775
1	15.7130630218298
1	-5.30389799172775
1	15.7130630218298
1	-5.30389799172775
1	0
1	10.7429630839122
1	0.843514339807271
1	15.7130630218298
1	-5.30389799172775
1	15.7130630218298
1	-5.30389799172775
1	15.7130630218298
1	-5.30389799172775
1	15.7130630218298
1	-5.30389799172775
1	15.7130630218298
1	-5.30389799172775
1	15.7130630218298
1	-5.30389799172775
1	15.7130630218298
1	-5.30389799172775
1	15.7130630218298
1	-5.30389799172775
1	15.7130630218298
1	-5.30389799172775
1	15.7130630218298
1	-5.30389799172775
1	15.7130630218298
1	-5.30389799172775
1	15.7130630218298
1	-5.30389799172775
1	15.7130630218298
1	-5.30389799172775
1	15.7130630218298
1	-5.30389799172775
1	15.7130630218298
1	-5.30389799172775
1	15.7130630218298
1	-5.30389799172775
1	15.7130630218298
1	-5.30389799172775
1	15.7130630218298
1	-5.30389799172775
1	15.7130630218298
1	-5.30389799172775
1	0
1	10.9573004662335
1	0.693700970978503
1	15.7130630218298
1	-5.30389799172775
1	15.7130630218298
1	-5.30389799172775
1	15.7130630218298
1	-5.30389799172775
1	15.7130630218298
1	-5.30389799172775
1	15.7130630218298
1	-5.30389799172775
1	15.7130630218298
1	-5.30389799172775
1	15.7130630218298
1	-5.30389799172775
1	15.7130630218298
1	-5.30389799172775
1	15.7130630218298
1	-5.30389799172775
1	15.7130630218298
1	-5.30389799172775
1	15.7130630218298
1	-5.30389799172775
1	15.7130630218298
1	-5.30389799172775
1	15.7130630218298
1	-5.30389799172775
1	15.7130630218298
1	-5.30389799172775
1	15.7130630218298
1	-5.30389799172775
1	15.7130630218298
1	-5.30389799172775
1	15.7130630218298
1	-5.30389799172775
1	15.7130630218298
1	-5.30389799172775
1	15.7130630218298
1	-5.30389799172775
1	0
1	10.9999036690716
1	0.663923014044681
1	15.7130630218298
1	-5.30389799172775
1	15.7130630218298
1	-5.30389799172775
1	15.7130630218298
1	-5.30389799172775
1	15.7130630218298
1	-5.30389799172775
1	15.7130630218298
1	-5.30389799172775
1	15.7130630218298
1	-5.30389799172775
1	15.7130630218298
1	-5.30389799172775
1	15.7130630218298
1	-5.30389799172775
1	15.7130630218298
1	-5.30389799172775
1	15.7130630218298
1	-5.30389799172775
1	15.7130630218298
1	-5.30389799172775
1	15.7130630218298
1	-5.30389799172775
1	15.7130630218298
1	-5.30389799172775
1	15.7130630218298
1	-5.30389799172775
1	15.7130630218298
1	-5.30389799172775
1	15.7130630218298
1	-5.30389799172775
1	15.7130630218298
1	-5.30389799172775
1	15.7130630218298
1	-5.30389799172775
1	15.7130630218298
1	-5.30389799172775
1	0
1	11.2279258270926
1	0.50454452723673
1	15.7130630218298
1	-5.30389799172775
1	15.7130630218298
1	-5.30389799172775
1	15.7130630218298
1	-5.30389799172775
1	15.7130630218298
1	-5.30389799172775
1	15.7130630218298
1	-5.30389799172775
1	15.7130630218298
1	-5.30389799172775
1	15.7130630218298
1	-5.30389799172775
1	15.7130630218298
1	-5.30389799172775
1	15.7130630218298
1	-5.30389799172775
1	15.7130630218298
1	-5.30389799172775
1	15.7130630218298
1	-5.30389799172775
1	15.7130630218298
1	-5.30389799172775
1	15.7130630218298
1	-5.30389799172775
1	15.7130630218298
1	-5.30389799172775
1	15.7130630218298
1	-5.30389799172775
1	15.7130630218298
1	-5.30389799172775
1	15.7130630218298
1	-5.30389799172775
1	15.7130630218298
1	-5.30389799172775
1	15.7130630218298
1	-5.30389799172775
1	0
1	11.7333040217538
1	0.151305120023601
1	15.7130630218298
1	-5.30389799172775
1	15.7130630218298
1	-5.30389799172775
1	15.7130630218298
1	-5.30389799172775
1	15.7130630218298
1	-5.30389799172775
1	15.7130630218298
1	-5.30389799172775
1	15.7130630218298
1	-5.30389799172775
1	15.7130630218298
1	-5.30389799172775
1	15.7130630218298
1	-5.30389799172775
1	15.7130630218298
1	-5.30389799172775
1	15.7130630218298
1	-5.30389799172775
1	15.7130630218298
1	-5.30389799172775
1	15.7130630218298
1	-5.30389799172775
1	15.7130630218298
1	-5.30389799172775
1	15.7130630218298
1	-5.30389799172775
1	15.7130630218298
1	-5.30389799172775
1	15.7130630218298
1	-5.30389799172775
1	15.7130630218298
1	-5.30389799172775
1	15.7130630218298
1	-5.30389799172775
1	15.7130630218298
1	-5.30389799172775
1	0
1	11.8827425049552
1	0.0468535196606119
1	15.7130630218298
1	-5.30389799172775
1	15.7130630218298
1	-5.30389799172775
1	15.7130630218298
1	-5.30389799172775
1	15.7130630218298
1	-5.30389799172775
1	15.7130630218298
1	-5.30389799172775
1	15.7130630218298
1	-5.30389799172775
1	15.7130630218298
1	-5.30389799172775
1	15.7130630218298
1	-5.30389799172775
1	15.7130630218298
1	-5.30389799172775
1	15.7130630218298
1	-5.30389799172775
1	15.7130630218298
1	-5.30389799172775
1	15.7130630218298
1	-5.30389799172775
1	15.7130630218298
1	-5.30389799172775
1	15.7130630218298
1	-5.30389799172775
1	15.7130630218298
1	-5.30389799172775
1	15.7130630218298
1	-5.30389799172775
1	15.7130630218298
1	-5.30389799172775
1	15.7130630218298
1	-5.30389799172775
1	15.7130630218298
1	-5.30389799172775
1	0
1	12.084194140644
1	-0.093953220963674
1	15.7130630218298
1	-5.30389799172775
1	15.7130630218298
1	-5.30389799172775
1	15.7130630218298
1	-5.30389799172775
1	15.7130630218298
1	-5.30389799172775
1	15.7130630218298
1	-5.30389799172775
1	15.7130630218298
1	-5.30389799172775
1	15.7130630218298
1	-5.30389799172775
1	15.7130630218298
1	-5.30389799172775
1	15.7130630218298
1	-5.30389799172775
1	15.7130630218298
1	-5.30389799172775
1	15.7130630218298
1	-5.30389799172775
1	15.7130630218298
1	-5.30389799172775
1	15.7130630218298
1	-5.30389799172775
1	15.7130630218298
1	-5.30389799172775
1	15.7130630218298
1	-5.30389799172775
1	15.7130630218298
1	-5.30389799172775
1	15.7130630218298
1	-5.30389799172775
1	15.7130630218298
1	-5.30389799172775
1	15.7130630218298
1	-5.30389799172775
1	0
1	12.7331373181036
1	-0.547538883626775
1	15.7130630218298
1	-5.30389799172775
1	15.7130630218298
1	-5.30389799172775
1	15.7130630218298
1	-5.30389799172775
1	15.7130630218298
1	-5.30389799172775
1	15.7130630218298
1	-5.30389799172775
1	15.7130630218298
1	-5.30389799172775
1	15.7130630218298
1	-5.30389799172775
1	15.7130630218298
1	-5.30389799172775
1	15.7130630218298
1	-5.30389799172775
1	15.7130630218298
1	-5.30389799172775
1	15.7130630218298
1	-5.30389799172775
1	15.7130630218298
1	-5.30389799172775
1	15.7130630218298
1	-5.30389799172775
1	15.7130630218298
1	-5.30389799172775
1	15.7130630218298
1	-5.30389799172775
1	15.7130630218298
1	-5.30389799172775
1	15.7130630218298
1	-5.30389799172775
1	15.7130630218298
1	-5.30389799172775
1	15.7130630218298
1	-5.30389799172775
1	0
1	12.7551095164782
1	-0.562896582892415
1	15.7130630218298
1	-5.30389799172775
1	15.7130630218298
1	-5.30389799172775
1	15.7130630218298
1	-5.30389799172775
1	15.7130630218298
1	-5.30389799172775
1	15.7130630218298
1	-5.30389799172775
1	15.7130630218298
1	-5.30389799172775
1	15.7130630218298
1	-5.30389799172775
1	15.7130630218298
1	-5.30389799172775
1	15.7130630218298
1	-5.30389799172775
1	15.7130630218298
1	-5.30389799172775
1	15.7130630218298
1	-5.30389799172775
1	15.7130630218298
1	-5.30389799172775
1	15.7130630218298
1	-5.30389799172775
1	15.7130630218298
1	-5.30389799172775
1	15.7130630218298
1	-5.30389799172775
1	15.7130630218298
1	-5.30389799172775
1	15.7130630218298
1	-5.30389799172775
1	15.7130630218298
1	-5.30389799172775
1	15.7130630218298
1	-5.30389799172775
1	0
1	12.7823102570684
1	-0.58190882675915
1	15.7130630218298
1	-5.30389799172775
1	15.7130630218298
1	-5.30389799172775
1	15.7130630218298
1	-5.30389799172775
1	15.7130630218298
1	-5.30389799172775
1	15.7130630218298
1	-5.30389799172775
1	15.7130630218298
1	-5.30389799172775
1	15.7130630218298
1	-5.30389799172775
1	15.7130630218298
1	-5.30389799172775
1	15.7130630218298
1	-5.30389799172775
1	15.7130630218298
1	-5.30389799172775
1	15.7130630218298
1	-5.30389799172775
1	15.7130630218298
1	-5.30389799172775
1	15.7130630218298
1	-5.30389799172775
1	15.7130630218298
1	-5.30389799172775
1	15.7130630218298
1	-5.30389799172775
1	15.7130630218298
1	-5.30389799172775
1	15.7130630218298
1	-5.30389799172775
1	15.7130630218298
1	-5.30389799172775
1	15.7130630218298
1	-5.30389799172775
1	0
1	12.8899890492072
1	-0.657172051619986
1	15.7130630218298
1	-5.30389799172775
1	15.7130630218298
1	-5.30389799172775
1	15.7130630218298
1	-5.30389799172775
1	15.7130630218298
1	-5.30389799172775
1	15.7130630218298
1	-5.30389799172775
1	15.7130630218298
1	-5.30389799172775
1	15.7130630218298
1	-5.30389799172775
1	15.7130630218298
1	-5.30389799172775
1	15.7130630218298
1	-5.30389799172775
1	15.7130630218298
1	-5.30389799172775
1	15.7130630218298
1	-5.30389799172775
1	15.7130630218298
1	-5.30389799172775
1	15.7130630218298
1	-5.30389799172775
1	15.7130630218298
1	-5.30389799172775
1	15.7130630218298
1	-5.30389799172775
1	15.7130630218298
1	-5.30389799172775
1	15.7130630218298
1	-5.30389799172775
1	15.7130630218298
1	-5.30389799172775
1	15.7130630218298
1	-5.30389799172775
1	0
1	12.9624165932806
1	-0.707796045699386
1	15.7130630218298
1	-5.30389799172775
1	15.7130630218298
1	-5.30389799172775
1	15.7130630218298
1	-5.30389799172775
1	15.7130630218298
1	-5.30389799172775
1	15.7130630218298
1	-5.30389799172775
1	15.7130630218298
1	-5.30389799172775
1	15.7130630218298
1	-5.30389799172775
1	15.7130630218298
1	-5.30389799172775
1	15.7130630218298
1	-5.30389799172775
1	15.7130630218298
1	-5.30389799172775
1	15.7130630218298
1	-5.30389799172775
1	15.7130630218298
1	-5.30389799172775
1	15.7130630218298
1	-5.30389799172775
1	15.7130630218298
1	-5.30389799172775
1	15.7130630218298
1	-5.30389799172775
1	15.7130630218298
1	-5.30389799172775
1	15.7130630218298
1	-5.30389799172775
1	15.7130630218298
1	-5.30389799172775
1	15.7130630218298
1	-5.30389799172775
1	0
1	13.1774094012755
1	-0.858067531199695
1	15.7130630218298
1	-5.30389799172775
1	15.7130630218298
1	-5.30389799172775
1	15.7130630218298
1	-5.30389799172775
1	15.7130630218298
1	-5.30389799172775
1	15.7130630218298
1	-5.30389799172775
1	15.7130630218298
1	-5.30389799172775
1	15.7130630218298
1	-5.30389799172775
1	15.7130630218298
1	-5.30389799172775
1	15.7130630218298
1	-5.30389799172775
1	15.7130630218298
1	-5.30389799172775
1	15.7130630218298
1	-5.30389799172775
1	15.7130630218298
1	-5.30389799172775
1	15.7130630218298
1	-5.30389799172775
1	15.7130630218298
1	-5.30389799172775
1	15.7130630218298
1	-5.30389799172775
1	15.7130630218298
1	-5.30389799172775
1	15.7130630218298
1	-5.30389799172775
1	15.7130630218298
1	-5.30389799172775
1	15.7130630218298
1	-5.30389799172775
1	0
1	13.1779387487893
1	-0.858437524214756
1	15.7130630218298
1	-5.30389799172775
1	15.7130630218298
1	-5.30389799172775
1	15.7130630218298
1	-5.30389799172775
1	15.7130630218298
1	-5.30389799172775
1	15.7130630218298
1	-5.30389799172775
1	15.7130630218298
1	-5.30389799172775
1	15.7130630218298
1	-5.30389799172775
1	15.7130630218298
1	-5.30389799172775
1	15.7130630218298
1	-5.30389799172775
1	15.7130630218298
1	-5.30389799172775
1	15.7130630218298
1	-5.30389799172775
1	15.7130630218298
1	-5.30389799172775
1	15.7130630218298
1	-5.30389799172775
1	15.7130630218298
1	-5.30389799172775
1	15.7130630218298
1	-5.30389799172775
1	15.7130630218298
1	-5.30389799172775
1	15.7130630218298
1	-5.30389799172775
1	15.7130630218298
1	-5.30389799172775
1	15.7130630218298
1	-5.30389799172775
1	0
1	13.2052148322745
1	-0.877502429790837
1	15.7130630218298
1	-5.30389799172775
1	15.7130630218298
1	-5.30389799172775
1	15.7130630218298
1	-5.30389799172775
1	15.7130630218298
1	-5.30389799172775
1	15.7130630218298
1	-5.30389799172775
1	15.7130630218298
1	-5.30389799172775
1	15.7130630218298
1	-5.30389799172775
1	15.7130630218298
1	-5.30389799172775
1	15.7130630218298
1	-5.30389799172775
1	15.7130630218298
1	-5.30389799172775
1	15.7130630218298
1	-5.30389799172775
1	15.7130630218298
1	-5.30389799172775
1	15.7130630218298
1	-5.30389799172775
1	15.7130630218298
1	-5.30389799172775
1	15.7130630218298
1	-5.30389799172775
1	15.7130630218298
1	-5.30389799172775
1	15.7130630218298
1	-5.30389799172775
1	15.7130630218298
1	-5.30389799172775
1	15.7130630218298
1	-5.30389799172775
1	0
1	13.3749781582929
1	-0.996160292917386
1	15.7130630218298
1	-5.30389799172775
1	15.7130630218298
1	-5.30389799172775
1	15.7130630218298
1	-5.30389799172775
1	15.7130630218298
1	-5.30389799172775
1	15.7130630218298
1	-5.30389799172775
1	15.7130630218298
1	-5.30389799172775
1	15.7130630218298
1	-5.30389799172775
1	15.7130630218298
1	-5.30389799172775
1	15.7130630218298
1	-5.30389799172775
1	15.7130630218298
1	-5.30389799172775
1	15.7130630218298
1	-5.30389799172775
1	15.7130630218298
1	-5.30389799172775
1	15.7130630218298
1	-5.30389799172775
1	15.7130630218298
1	-5.30389799172775
1	15.7130630218298
1	-5.30389799172775
1	15.7130630218298
1	-5.30389799172775
1	15.7130630218298
1	-5.30389799172775
1	15.7130630218298
1	-5.30389799172775
1	15.7130630218298
1	-5.30389799172775
1	0
1	13.4625954955306
1	-1.05740135277001
1	15.7130630218298
1	-5.30389799172775
1	15.7130630218298
1	-5.30389799172775
1	15.7130630218298
1	-5.30389799172775
1	15.7130630218298
1	-5.30389799172775
1	15.7130630218298
1	-5.30389799172775
1	15.7130630218298
1	-5.30389799172775
1	15.7130630218298
1	-5.30389799172775
1	15.7130630218298
1	-5.30389799172775
1	15.7130630218298
1	-5.30389799172775
1	15.7130630218298
1	-5.30389799172775
1	15.7130630218298
1	-5.30389799172775
1	15.7130630218298
1	-5.30389799172775
1	15.7130630218298
1	-5.30389799172775
1	15.7130630218298
1	-5.30389799172775
1	15.7130630218298
1	-5.30389799172775
1	15.7130630218298
1	-5.30389799172775
1	15.7130630218298
1	-5.30389799172775
1	15.7130630218298
1	-5.30389799172775
1	15.7130630218298
1	-5.30389799172775
1	0
1	13.4809887913613
1	-1.07025754044211
1	15.7130630218298
1	-5.30389799172775
1	15.7130630218298
1	-5.30389799172775
1	15.7130630218298
1	-5.30389799172775
1	15.7130630218298
1	-5.30389799172775
1	15.7130630218298
1	-5.30389799172775
1	15.7130630218298
1	-5.30389799172775
1	15.7130630218298
1	-5.30389799172775
1	15.7130630218298
1	-5.30389799172775
1	15.7130630218298
1	-5.30389799172775
1	15.7130630218298
1	-5.30389799172775
1	15.7130630218298
1	-5.30389799172775
1	15.7130630218298
1	-5.30389799172775
1	15.7130630218298
1	-5.30389799172775
1	15.7130630218298
1	-5.30389799172775
1	15.7130630218298
1	-5.30389799172775
1	15.7130630218298
1	-5.30389799172775
1	15.7130630218298
1	-5.30389799172775
1	15.7130630218298
1	-5.30389799172775
1	15.7130630218298
1	-5.30389799172775
1	0
1	13.790289057028
1	-1.28644621587204
1	15.7130630218298
1	-5.30389799172775
1	15.7130630218298
1	-5.30389799172775
1	15.7130630218298
1	-5.30389799172775
1	15.7130630218298
1	-5.30389799172775
1	15.7130630218298
1	-5.30389799172775
1	15.7130630218298
1	-5.30389799172775
1	15.7130630218298
1	-5.30389799172775
1	15.7130630218298
1	-5.30389799172775
1	15.7130630218298
1	-5.30389799172775
1	15.7130630218298
1	-5.30389799172775
1	15.7130630218298
1	-5.30389799172775
1	15.7130630218298
1	-5.30389799172775
1	15.7130630218298
1	-5.30389799172775
1	15.7130630218298
1	-5.30389799172775
1	15.7130630218298
1	-5.30389799172775
1	15.7130630218298
1	-5.30389799172775
1	15.7130630218298
1	-5.30389799172775
1	15.7130630218298
1	-5.30389799172775
1	15.7130630218298
1	-5.30389799172775
1	0
1	13.9885968810136
1	-1.42505555622432
1	15.7130630218298
1	-5.30389799172775
1	15.7130630218298
1	-5.30389799172775
1	15.7130630218298
1	-5.30389799172775
1	15.7130630218298
1	-5.30389799172775
1	15.7130630218298
1	-5.30389799172775
1	15.7130630218298
1	-5.30389799172775
1	15.7130630218298
1	-5.30389799172775
1	15.7130630218298
1	-5.30389799172775
1	15.7130630218298
1	-5.30389799172775
1	15.7130630218298
1	-5.30389799172775
1	15.7130630218298
1	-5.30389799172775
1	15.7130630218298
1	-5.30389799172775
1	15.7130630218298
1	-5.30389799172775
1	15.7130630218298
1	-5.30389799172775
1	15.7130630218298
1	-5.30389799172775
1	15.7130630218298
1	-5.30389799172775
1	15.7130630218298
1	-5.30389799172775
1	15.7130630218298
1	-5.30389799172775
1	15.7130630218298
1	-5.30389799172775
1	0
1	14.2752336505405
1	-1.62540334254117
1	15.7130630218298
1	-5.30389799172775
1	15.7130630218298
1	-5.30389799172775
1	15.7130630218298
1	-5.30389799172775
1	15.7130630218298
1	-5.30389799172775
1	15.7130630218298
1	-5.30389799172775
1	15.7130630218298
1	-5.30389799172775
1	15.7130630218298
1	-5.30389799172775
1	15.7130630218298
1	-5.30389799172775
1	15.7130630218298
1	-5.30389799172775
1	15.7130630218298
1	-5.30389799172775
1	15.7130630218298
1	-5.30389799172775
1	15.7130630218298
1	-5.30389799172775
1	15.7130630218298
1	-5.30389799172775
1	15.7130630218298
1	-5.30389799172775
1	15.7130630218298
1	-5.30389799172775
1	15.7130630218298
1	-5.30389799172775
1	15.7130630218298
1	-5.30389799172775
1	15.7130630218298
1	-5.30389799172775
1	15.7130630218298
1	-5.30389799172775
1	0
1	14.3552045055508
1	-1.68129981317762
1	15.7130630218298
1	-5.30389799172775
1	15.7130630218298
1	-5.30389799172775
1	15.7130630218298
1	-5.30389799172775
1	15.7130630218298
1	-5.30389799172775
1	15.7130630218298
1	-5.30389799172775
1	15.7130630218298
1	-5.30389799172775
1	15.7130630218298
1	-5.30389799172775
1	15.7130630218298
1	-5.30389799172775
1	15.7130630218298
1	-5.30389799172775
1	15.7130630218298
1	-5.30389799172775
1	15.7130630218298
1	-5.30389799172775
1	15.7130630218298
1	-5.30389799172775
1	15.7130630218298
1	-5.30389799172775
1	15.7130630218298
1	-5.30389799172775
1	15.7130630218298
1	-5.30389799172775
1	15.7130630218298
1	-5.30389799172775
1	15.7130630218298
1	-5.30389799172775
1	15.7130630218298
1	-5.30389799172775
1	15.7130630218298
1	-5.30389799172775
1	0
1	14.3910542161174
1	-1.70635734562177
1	15.7130630218298
1	-5.30389799172775
1	15.7130630218298
1	-5.30389799172775
1	15.7130630218298
1	-5.30389799172775
1	15.7130630218298
1	-5.30389799172775
1	15.7130630218298
1	-5.30389799172775
1	15.7130630218298
1	-5.30389799172775
1	15.7130630218298
1	-5.30389799172775
1	15.7130630218298
1	-5.30389799172775
1	15.7130630218298
1	-5.30389799172775
1	15.7130630218298
1	-5.30389799172775
1	15.7130630218298
1	-5.30389799172775
1	15.7130630218298
1	-5.30389799172775
1	15.7130630218298
1	-5.30389799172775
1	15.7130630218298
1	-5.30389799172775
1	15.7130630218298
1	-5.30389799172775
1	15.7130630218298
1	-5.30389799172775
1	15.7130630218298
1	-5.30389799172775
1	15.7130630218298
1	-5.30389799172775
1	15.7130630218298
1	-5.30389799172775
1	0
1	14.6806885072442
1	-1.90880028120354
1	15.7130630218298
1	-5.30389799172775
1	15.7130630218298
1	-5.30389799172775
1	15.7130630218298
1	-5.30389799172775
1	15.7130630218298
1	-5.30389799172775
1	15.7130630218298
1	-5.30389799172775
1	15.7130630218298
1	-5.30389799172775
1	15.7130630218298
1	-5.30389799172775
1	15.7130630218298
1	-5.30389799172775
1	15.7130630218298
1	-5.30389799172775
1	15.7130630218298
1	-5.30389799172775
1	15.7130630218298
1	-5.30389799172775
1	15.7130630218298
1	-5.30389799172775
1	15.7130630218298
1	-5.30389799172775
1	15.7130630218298
1	-5.30389799172775
1	15.7130630218298
1	-5.30389799172775
1	15.7130630218298
1	-5.30389799172775
1	15.7130630218298
1	-5.30389799172775
1	15.7130630218298
1	-5.30389799172775
1	15.7130630218298
1	-5.30389799172775
1	0
1	15.7130630218298
1	-1.99588708777854
1	15.7130630218298
1	-5.30389799172775
1	15.7130630218298
1	-5.30389799172775
1	15.7130630218298
1	-5.30389799172775
1	15.7130630218298
1	-5.30389799172775
1	15.7130630218298
1	-5.30389799172775
1	15.7130630218298
1	-5.30389799172775
1	15.7130630218298
1	-5.30389799172775
1	15.7130630218298
1	-5.30389799172775
1	15.7130630218298
1	-5.30389799172775
1	15.7130630218298
1	-5.30389799172775
1	15.7130630218298
1	-5.30389799172775
1	15.7130630218298
1	-5.30389799172775
1	15.7130630218298
1	-5.30389799172775
1	15.7130630218298
1	-5.30389799172775
1	15.7130630218298
1	-5.30389799172775
1	15.7130630218298
1	-5.30389799172775
1	15.7130630218298
1	-5.30389799172775
1	15.7130630218298
1	-5.30389799172775
1	15.7130630218298
1	-5.30389799172775
1	0
1	15.7130630218298
1	-2.18036535125463
1	15.7130630218298
1	-5.30389799172775
1	15.7130630218298
1	-5.30389799172775
1	15.7130630218298
1	-5.30389799172775
1	15.7130630218298
1	-5.30389799172775
1	15.7130630218298
1	-5.30389799172775
1	15.7130630218298
1	-5.30389799172775
1	15.7130630218298
1	-5.30389799172775
1	15.7130630218298
1	-5.30389799172775
1	15.7130630218298
1	-5.30389799172775
1	15.7130630218298
1	-5.30389799172775
1	15.7130630218298
1	-5.30389799172775
1	15.7130630218298
1	-5.30389799172775
1	15.7130630218298
1	-5.30389799172775
1	15.7130630218298
1	-5.30389799172775
1	15.7130630218298
1	-5.30389799172775
1	15.7130630218298
1	-5.30389799172775
1	15.7130630218298
1	-5.30389799172775
1	15.7130630218298
1	-5.30389799172775
1	15.7130630218298
1	-5.30389799172775
1	0
1	15.7130630218298
1	-2.18343672916008
1	15.7130630218298
1	-5.30389799172775
1	15.7130630218298
1	-5.30389799172775
1	15.7130630218298
1	-5.30389799172775
1	15.7130630218298
1	-5.30389799172775
1	15.7130630218298
1	-5.30389799172775
1	15.7130630218298
1	-5.30389799172775
1	15.7130630218298
1	-5.30389799172775
1	15.7130630218298
1	-5.30389799172775
1	15.7130630218298
1	-5.30389799172775
1	15.7130630218298
1	-5.30389799172775
1	15.7130630218298
1	-5.30389799172775
1	15.7130630218298
1	-5.30389799172775
1	15.7130630218298
1	-5.30389799172775
1	15.7130630218298
1	-5.30389799172775
1	15.7130630218298
1	-5.30389799172775
1	15.7130630218298
1	-5.30389799172775
1	15.7130630218298
1	-5.30389799172775
1	15.7130630218298
1	-5.30389799172775
1	15.7130630218298
1	-5.30389799172775
1	0
1	15.7130630218298
1	-2.21968122814632
1	15.7130630218298
1	-5.30389799172775
1	15.7130630218298
1	-5.30389799172775
1	15.7130630218298
1	-5.30389799172775
1	15.7130630218298
1	-5.30389799172775
1	15.7130630218298
1	-5.30389799172775
1	15.7130630218298
1	-5.30389799172775
1	15.7130630218298
1	-5.30389799172775
1	15.7130630218298
1	-5.30389799172775
1	15.7130630218298
1	-5.30389799172775
1	15.7130630218298
1	-5.30389799172775
1	15.7130630218298
1	-5.30389799172775
1	15.7130630218298
1	-5.30389799172775
1	15.7130630218298
1	-5.30389799172775
1	15.7130630218298
1	-5.30389799172775
1	15.7130630218298
1	-5.30389799172775
1	15.7130630218298
1	-5.30389799172775
1	15.7130630218298
1	-5.30389799172775
1	15.7130630218298
1	-5.30389799172775
1	15.7130630218298
1	-5.30389799172775
1	0
1	15.7130630218298
1	-2.24607828036877
1	15.7130630218298
1	-5.30389799172775
1	15.7130630218298
1	-5.30389799172775
1	15.7130630218298
1	-5.30389799172775
1	15.7130630218298
1	-5.30389799172775
1	15.7130630218298
1	-5.30389799172775
1	15.7130630218298
1	-5.30389799172775
1	15.7130630218298
1	-5.30389799172775
1	15.7130630218298
1	-5.30389799172775
1	15.7130630218298
1	-5.30389799172775
1	15.7130630218298
1	-5.30389799172775
1	15.7130630218298
1	-5.30389799172775
1	15.7130630218298
1	-5.30389799172775
1	15.7130630218298
1	-5.30389799172775
1	15.7130630218298
1	-5.30389799172775
1	15.7130630218298
1	-5.30389799172775
1	15.7130630218298
1	-5.30389799172775
1	15.7130630218298
1	-5.30389799172775
1	15.7130630218298
1	-5.30389799172775
1	15.7130630218298
1	-5.30389799172775
1	0
1	15.7130630218298
1	-2.31677991006331
1	15.7130630218298
1	-5.30389799172775
1	15.7130630218298
1	-5.30389799172775
1	15.7130630218298
1	-5.30389799172775
1	15.7130630218298
1	-5.30389799172775
1	15.7130630218298
1	-5.30389799172775
1	15.7130630218298
1	-5.30389799172775
1	15.7130630218298
1	-5.30389799172775
1	15.7130630218298
1	-5.30389799172775
1	15.7130630218298
1	-5.30389799172775
1	15.7130630218298
1	-5.30389799172775
1	15.7130630218298
1	-5.30389799172775
1	15.7130630218298
1	-5.30389799172775
1	15.7130630218298
1	-5.30389799172775
1	15.7130630218298
1	-5.30389799172775
1	15.7130630218298
1	-5.30389799172775
1	15.7130630218298
1	-5.30389799172775
1	15.7130630218298
1	-5.30389799172775
1	15.7130630218298
1	-5.30389799172775
1	15.7130630218298
1	-5.30389799172775
1	0
1	15.7130630218298
1	-2.31878828523574
1	15.7130630218298
1	-5.30389799172775
1	15.7130630218298
1	-5.30389799172775
1	15.7130630218298
1	-5.30389799172775
1	15.7130630218298
1	-5.30389799172775
1	15.7130630218298
1	-5.30389799172775
1	15.7130630218298
1	-5.30389799172775
1	15.7130630218298
1	-5.30389799172775
1	15.7130630218298
1	-5.30389799172775
1	15.7130630218298
1	-5.30389799172775
1	15.7130630218298
1	-5.30389799172775
1	15.7130630218298
1	-5.30389799172775
1	15.7130630218298
1	-5.30389799172775
1	15.7130630218298
1	-5.30389799172775
1	15.7130630218298
1	-5.30389799172775
1	15.7130630218298
1	-5.30389799172775
1	15.7130630218298
1	-5.30389799172775
1	15.7130630218298
1	-5.30389799172775
1	15.7130630218298
1	-5.30389799172775
1	15.7130630218298
1	-5.30389799172775
1	0
1	15.7130630218298
1	-2.47722474767152
1	15.7130630218298
1	-5.30389799172775
1	15.7130630218298
1	-5.30389799172775
1	15.7130630218298
1	-5.30389799172775
1	15.7130630218298
1	-5.30389799172775
1	15.7130630218298
1	-5.30389799172775
1	15.7130630218298
1	-5.30389799172775
1	15.7130630218298
1	-5.30389799172775
1	15.7130630218298
1	-5.30389799172775
1	15.7130630218298
1	-5.30389799172775
1	15.7130630218298
1	-5.30389799172775
1	15.7130630218298
1	-5.30389799172775
1	15.7130630218298
1	-5.30389799172775
1	15.7130630218298
1	-5.30389799172775
1	15.7130630218298
1	-5.30389799172775
1	15.7130630218298
1	-5.30389799172775
1	15.7130630218298
1	-5.30389799172775
1	15.7130630218298
1	-5.30389799172775
1	15.7130630218298
1	-5.30389799172775
1	15.7130630218298
1	-5.30389799172775
1	0
1	15.7130630218298
1	-2.59768066647416
1	15.7130630218298
1	-5.30389799172775
1	15.7130630218298
1	-5.30389799172775
1	15.7130630218298
1	-5.30389799172775
1	15.7130630218298
1	-5.30389799172775
1	15.7130630218298
1	-5.30389799172775
1	15.7130630218298
1	-5.30389799172775
1	15.7130630218298
1	-5.30389799172775
1	15.7130630218298
1	-5.30389799172775
1	15.7130630218298
1	-5.30389799172775
1	15.7130630218298
1	-5.30389799172775
1	15.7130630218298
1	-5.30389799172775
1	15.7130630218298
1	-5.30389799172775
1	15.7130630218298
1	-5.30389799172775
1	15.7130630218298
1	-5.30389799172775
1	15.7130630218298
1	-5.30389799172775
1	15.7130630218298
1	-5.30389799172775
1	15.7130630218298
1	-5.30389799172775
1	15.7130630218298
1	-5.30389799172775
1	15.7130630218298
1	-5.30389799172775
1	0
1	15.7130630218298
1	-2.67337745168493
1	15.7130630218298
1	-5.30389799172775
1	15.7130630218298
1	-5.30389799172775
1	15.7130630218298
1	-5.30389799172775
1	15.7130630218298
1	-5.30389799172775
1	15.7130630218298
1	-5.30389799172775
1	15.7130630218298
1	-5.30389799172775
1	15.7130630218298
1	-5.30389799172775
1	15.7130630218298
1	-5.30389799172775
1	15.7130630218298
1	-5.30389799172775
1	15.7130630218298
1	-5.30389799172775
1	15.7130630218298
1	-5.30389799172775
1	15.7130630218298
1	-5.30389799172775
1	15.7130630218298
1	-5.30389799172775
1	15.7130630218298
1	-5.30389799172775
1	15.7130630218298
1	-5.30389799172775
1	15.7130630218298
1	-5.30389799172775
1	15.7130630218298
1	-5.30389799172775
1	15.7130630218298
1	-5.30389799172775
1	15.7130630218298
1	-5.30389799172775
1	0
1	15.7130630218298
1	-3.00787315529204
1	15.7130630218298
1	-5.30389799172775
1	15.7130630218298
1	-5.30389799172775
1	15.7130630218298
1	-5.30389799172775
1	15.7130630218298
1	-5.30389799172775
1	15.7130630218298
1	-5.30389799172775
1	15.7130630218298
1	-5.30389799172775
1	15.7130630218298
1	-5.30389799172775
1	15.7130630218298
1	-5.30389799172775
1	15.7130630218298
1	-5.30389799172775
1	15.7130630218298
1	-5.30389799172775
1	15.7130630218298
1	-5.30389799172775
1	15.7130630218298
1	-5.30389799172775
1	15.7130630218298
1	-5.30389799172775
1	15.7130630218298
1	-5.30389799172775
1	15.7130630218298
1	-5.30389799172775
1	15.7130630218298
1	-5.30389799172775
1	15.7130630218298
1	-5.30389799172775
1	15.7130630218298
1	-5.30389799172775
1	15.7130630218298
1	-5.30389799172775
1	0
1	15.7130630218298
1	-3.25640145534589
1	15.7130630218298
1	-5.30389799172775
1	15.7130630218298
1	-5.30389799172775
1	15.7130630218298
1	-5.30389799172775
1	15.7130630218298
1	-5.30389799172775
1	15.7130630218298
1	-5.30389799172775
1	15.7130630218298
1	-5.30389799172775
1	15.7130630218298
1	-5.30389799172775
1	15.7130630218298
1	-5.30389799172775
1	15.7130630218298
1	-5.30389799172775
1	15.7130630218298
1	-5.30389799172775
1	15.7130630218298
1	-5.30389799172775
1	15.7130630218298
1	-5.30389799172775
1	15.7130630218298
1	-5.30389799172775
1	15.7130630218298
1	-5.30389799172775
1	15.7130630218298
1	-5.30389799172775
1	15.7130630218298
1	-5.30389799172775
1	15.7130630218298
1	-5.30389799172775
1	15.7130630218298
1	-5.30389799172775
1	15.7130630218298
1	-5.30389799172775
1	0
1	15.7130630218298
1	-3.41492560498342
1	15.7130630218298
1	-5.30389799172775
1	15.7130630218298
1	-5.30389799172775
1	15.7130630218298
1	-5.30389799172775
1	15.7130630218298
1	-5.30389799172775
1	15.7130630218298
1	-5.30389799172775
1	15.7130630218298
1	-5.30389799172775
1	15.7130630218298
1	-5.30389799172775
1	15.7130630218298
1	-5.30389799172775
1	15.7130630218298
1	-5.30389799172775
1	15.7130630218298
1	-5.30389799172775
1	15.7130630218298
1	-5.30389799172775
1	15.7130630218298
1	-5.30389799172775
1	15.7130630218298
1	-5.30389799172775
1	15.7130630218298
1	-5.30389799172775
1	15.7130630218298
1	-5.30389799172775
1	15.7130630218298
1	-5.30389799172775
1	15.7130630218298
1	-5.30389799172775
1	15.7130630218298
1	-5.30389799172775
1	15.7130630218298
1	-5.30389799172775
1	0
1	15.7130630218298
1	-3.71256192528371
1	15.7130630218298
1	-5.30389799172775
1	15.7130630218298
1	-5.30389799172775
1	15.7130630218298
1	-5.30389799172775
1	15.7130630218298
1	-5.30389799172775
1	15.7130630218298
1	-5.30389799172775
1	15.7130630218298
1	-5.30389799172775
1	15.7130630218298
1	-5.30389799172775
1	15.7130630218298
1	-5.30389799172775
1	15.7130630218298
1	-5.30389799172775
1	15.7130630218298
1	-5.30389799172775
1	15.7130630218298
1	-5.30389799172775
1	15.7130630218298
1	-5.30389799172775
1	15.7130630218298
1	-5.30389799172775
1	15.7130630218298
1	-5.30389799172775
1	15.7130630218298
1	-5.30389799172775
1	15.7130630218298
1	-5.30389799172775
1	15.7130630218298
1	-5.30389799172775
1	15.7130630218298
1	-5.30389799172775
1	15.7130630218298
1	-5.30389799172775
1	0
1	15.7130630218298
1	-3.7388718990439
1	15.7130630218298
1	-5.30389799172775
1	15.7130630218298
1	-5.30389799172775
1	15.7130630218298
1	-5.30389799172775
1	15.7130630218298
1	-5.30389799172775
1	15.7130630218298
1	-5.30389799172775
1	15.7130630218298
1	-5.30389799172775
1	15.7130630218298
1	-5.30389799172775
1	15.7130630218298
1	-5.30389799172775
1	15.7130630218298
1	-5.30389799172775
1	15.7130630218298
1	-5.30389799172775
1	15.7130630218298
1	-5.30389799172775
1	15.7130630218298
1	-5.30389799172775
1	15.7130630218298
1	-5.30389799172775
1	15.7130630218298
1	-5.30389799172775
1	15.7130630218298
1	-5.30389799172775
1	15.7130630218298
1	-5.30389799172775
1	15.7130630218298
1	-5.30389799172775
1	15.7130630218298
1	-5.30389799172775
1	15.7130630218298
1	-5.30389799172775
1	0
1	15.7130630218298
1	-3.7415239530637
1	15.7130630218298
1	-5.30389799172775
1	15.7130630218298
1	-5.30389799172775
1	15.7130630218298
1	-5.30389799172775
1	15.7130630218298
1	-5.30389799172775
1	15.7130630218298
1	-5.30389799172775
1	15.7130630218298
1	-5.30389799172775
1	15.7130630218298
1	-5.30389799172775
1	15.7130630218298
1	-5.30389799172775
1	15.7130630218298
1	-5.30389799172775
1	15.7130630218298
1	-5.30389799172775
1	15.7130630218298
1	-5.30389799172775
1	15.7130630218298
1	-5.30389799172775
1	15.7130630218298
1	-5.30389799172775
1	15.7130630218298
1	-5.30389799172775
1	15.7130630218298
1	-5.30389799172775
1	15.7130630218298
1	-5.30389799172775
1	15.7130630218298
1	-5.30389799172775
1	15.7130630218298
1	-5.30389799172775
1	15.7130630218298
1	-5.30389799172775
1	0
1	15.7130630218298
1	-4.12425732874948
1	15.7130630218298
1	-5.30389799172775
1	15.7130630218298
1	-5.30389799172775
1	15.7130630218298
1	-5.30389799172775
1	15.7130630218298
1	-5.30389799172775
1	15.7130630218298
1	-5.30389799172775
1	15.7130630218298
1	-5.30389799172775
1	15.7130630218298
1	-5.30389799172775
1	15.7130630218298
1	-5.30389799172775
1	15.7130630218298
1	-5.30389799172775
1	15.7130630218298
1	-5.30389799172775
1	15.7130630218298
1	-5.30389799172775
1	15.7130630218298
1	-5.30389799172775
1	15.7130630218298
1	-5.30389799172775
1	15.7130630218298
1	-5.30389799172775
1	15.7130630218298
1	-5.30389799172775
1	15.7130630218298
1	-5.30389799172775
1	15.7130630218298
1	-5.30389799172775
1	15.7130630218298
1	-5.30389799172775
1	15.7130630218298
1	-5.30389799172775
1	0
1	15.7130630218298
1	-4.24950282140299
1	15.7130630218298
1	-5.30389799172775
1	15.7130630218298
1	-5.30389799172775
1	15.7130630218298
1	-5.30389799172775
1	15.7130630218298
1	-5.30389799172775
1	15.7130630218298
1	-5.30389799172775
1	15.7130630218298
1	-5.30389799172775
1	15.7130630218298
1	-5.30389799172775
1	15.7130630218298
1	-5.30389799172775
1	15.7130630218298
1	-5.30389799172775
1	15.7130630218298
1	-5.30389799172775
1	15.7130630218298
1	-5.30389799172775
1	15.7130630218298
1	-5.30389799172775
1	15.7130630218298
1	-5.30389799172775
1	15.7130630218298
1	-5.30389799172775
1	15.7130630218298
1	-5.30389799172775
1	15.7130630218298
1	-5.30389799172775
1	15.7130630218298
1	-5.30389799172775
1	15.7130630218298
1	-5.30389799172775
1	15.7130630218298
1	-5.30389799172775
1	0
1	15.7130630218298
1	-4.32670489304857
1	15.7130630218298
1	-5.30389799172775
1	15.7130630218298
1	-5.30389799172775
1	15.7130630218298
1	-5.30389799172775
1	15.7130630218298
1	-5.30389799172775
1	15.7130630218298
1	-5.30389799172775
1	15.7130630218298
1	-5.30389799172775
1	15.7130630218298
1	-5.30389799172775
1	15.7130630218298
1	-5.30389799172775
1	15.7130630218298
1	-5.30389799172775
1	15.7130630218298
1	-5.30389799172775
1	15.7130630218298
1	-5.30389799172775
1	15.7130630218298
1	-5.30389799172775
1	15.7130630218298
1	-5.30389799172775
1	15.7130630218298
1	-5.30389799172775
1	15.7130630218298
1	-5.30389799172775
1	15.7130630218298
1	-5.30389799172775
1	15.7130630218298
1	-5.30389799172775
1	15.7130630218298
1	-5.30389799172775
1	15.7130630218298
1	-5.30389799172775
1	0
1	15.7130630218298
1	-4.33177306859034
1	15.7130630218298
1	-5.30389799172775
1	15.7130630218298
1	-5.30389799172775
1	15.7130630218298
1	-5.30389799172775
1	15.7130630218298
1	-5.30389799172775
1	15.7130630218298
1	-5.30389799172775
1	15.7130630218298
1	-5.30389799172775
1	15.7130630218298
1	-5.30389799172775
1	15.7130630218298
1	-5.30389799172775
1	15.7130630218298
1	-5.30389799172775
1	15.7130630218298
1	-5.30389799172775
1	15.7130630218298
1	-5.30389799172775
1	15.7130630218298
1	-5.30389799172775
1	15.7130630218298
1	-5.30389799172775
1	15.7130630218298
1	-5.30389799172775
1	15.7130630218298
1	-5.30389799172775
1	15.7130630218298
1	-5.30389799172775
1	15.7130630218298
1	-5.30389799172775
1	15.7130630218298
1	-5.30389799172775
1	15.7130630218298
1	-5.30389799172775
1	0
1	15.7130630218298
1	-5.30389799172775
1	15.7130630218298
1	-5.30389799172775
1	15.7130630218298
1	-5.30389799172775
1	15.7130630218298
1	-5.30389799172775
1	15.7130630218298
1	-5.30389799172775
1	15.7130630218298
1	-5.30389799172775
1	15.7130630218298
1	-5.30389799172775
1	15.7130630218298
1	-5.30389799172775
1	15.7130630218298
1	-5.30389799172775
1	15.7130630218298
1	-5.30389799172775
1	15.7130630218298
1	-5.30389799172775
1	15.7130630218298
1	-5.30389799172775
1	15.7130630218298
1	-5.30389799172775
1	15.7130630218298
1	-5.30389799172775
1	15.7130630218298
1	-5.30389799172775
1	15.7130630218298
1	-5.30389799172775
1	15.7130630218298
1	-5.30389799172775
1	15.7130630218298
1	-5.30389799172775
1	15.7130630218298
1	-5.30389799172775
1	15.7130630218298
1	-5.30389799172775
1	0
1	15.7130630218298
1	-5.30389799172775
1	15.7130630218298
1	-5.30389799172775
1	15.7130630218298
1	-5.30389799172775
1	15.7130630218298
1	-5.30389799172775
1	15.7130630218298
1	-5.30389799172775
1	15.7130630218298
1	-5.30389799172775
1	15.7130630218298
1	-5.30389799172775
1	15.7130630218298
1	-5.30389799172775
1	15.7130630218298
1	-5.30389799172775
1	15.7130630218298
1	-5.30389799172775
1	15.7130630218298
1	-5.30389799172775
1	15.7130630218298
1	-5.30389799172775
1	15.7130630218298
1	-5.30389799172775
1	15.7130630218298
1	-5.30389799172775
1	15.7130630218298
1	-5.30389799172775
1	15.7130630218298
1	-5.30389799172775
1	15.7130630218298
1	-5.30389799172775
1	15.7130630218298
1	-5.30389799172775
1	15.7130630218298
1	-5.30389799172775
1	15.7130630218298
1	-5.30389799172775
1	0
1	15.7130630218298
1	-5.30389799172775
1	15.7130630218298
1	-5.30389799172775
1	15.7130630218298
1	-5.30389799172775
1	15.7130630218298
1	-5.30389799172775
1	15.7130630218298
1	-5.30389799172775
1	15.7130630218298
1	-5.30389799172775
1	15.7130630218298
1	-5.30389799172775
1	15.7130630218298
1	-5.30389799172775
1	15.7130630218298
1	-5.30389799172775
1	15.7130630218298
1	-5.30389799172775
1	15.7130630218298
1	-5.30389799172775
1	15.7130630218298
1	-5.30389799172775
1	15.7130630218298
1	-5.30389799172775
1	15.7130630218298
1	-5.30389799172775
1	15.7130630218298
1	-5.30389799172775
1	15.7130630218298
1	-5.30389799172775
1	15.7130630218298
1	-5.30389799172775
1	15.7130630218298
1	-5.30389799172775
1	15.7130630218298
1	-5.30389799172775
1	15.7130630218298
1	-5.30389799172775
1	0
1	15.7130630218298
1	-5.30389799172775
1	15.7130630218298
1	-5.30389799172775
1	15.7130630218298
1	-5.30389799172775
1	15.7130630218298
1	-5.30389799172775
1	15.7130630218298
1	-5.30389799172775
1	15.7130630218298
1	-5.30389799172775
1	15.7130630218298
1	-5.30389799172775
1	15.7130630218298
1	-5.30389799172775
1	15.7130630218298
1	-5.30389799172775
1	15.7130630218298
1	-5.30389799172775
1	15.7130630218298
1	-5.30389799172775
1	15.7130630218298
1	-5.30389799172775
1	15.7130630218298
1	-5.30389799172775
1	15.7130630218298
1	-5.30389799172775
1	15.7130630218298
1	-5.30389799172775
1	15.7130630218298
1	-5.30389799172775
1	15.7130630218298
1	-5.30389799172775
1	15.7130630218298
1	-5.30389799172775
1	15.7130630218298
1	-5.30389799172775
1	15.7130630218298
1	-5.30389799172775
1	0
1	15.7130630218298
1	-5.30389799172775
1	15.7130630218298
1	-5.30389799172775
1	15.7130630218298
1	-5.30389799172775
1	15.7130630218298
1	-5.30389799172775
1	15.7130630218298
1	-5.30389799172775
1	15.7130630218298
1	-5.30389799172775
1	15.7130630218298
1	-5.30389799172775
1	15.7130630218298
1	-5.30389799172775
1	15.7130630218298
1	-5.30389799172775
1	15.7130630218298
1	-5.30389799172775
1	15.7130630218298
1	-5.30389799172775
1	15.7130630218298
1	-5.30389799172775
1	15.7130630218298
1	-5.30389799172775
1	15.7130630218298
1	-5.30389799172775
1	15.7130630218298
1	-5.30389799172775
1	15.7130630218298
1	-5.30389799172775
1	15.7130630218298
1	-5.30389799172775
1	15.7130630218298
1	-5.30389799172775
1	15.7130630218298
1	-5.30389799172775
1	15.7130630218298
1	-5.30389799172775
1	0
1	15.7130630218298
1	-5.30389799172775
1	15.7130630218298
1	-5.30389799172775
1	15.7130630218298
1	-5.30389799172775
1	15.7130630218298
1	-5.30389799172775
1	15.7130630218298
1	-5.30389799172775
1	15.7130630218298
1	-5.30389799172775
1	15.7130630218298
1	-5.30389799172775
1	15.7130630218298
1	-5.30389799172775
1	15.7130630218298
1	-5.30389799172775
1	15.7130630218298
1	-5.30389799172775
1	15.7130630218298
1	-5.30389799172775
1	15.7130630218298
1	-5.30389799172775
1	15.7130630218298
1	-5.30389799172775
1	15.7130630218298
1	-5.30389799172775
1	15.7130630218298
1	-5.30389799172775
1	15.7130630218298
1	-5.30389799172775
1	15.7130630218298
1	-5.30389799172775
1	15.7130630218298
1	-5.30389799172775
1	15.7130630218298
1	-5.30389799172775
1	15.7130630218298
1	-5.30389799172775
1	0
1	15.7130630218298
1	-5.30389799172775
1	15.7130630218298
1	-5.30389799172775
1	15.7130630218298
1	-5.30389799172775
1	15.7130630218298
1	-5.30389799172775
1	15.7130630218298
1	-5.30389799172775
1	15.7130630218298
1	-5.30389799172775
1	15.7130630218298
1	-5.30389799172775
1	15.7130630218298
1	-5.30389799172775
1	15.7130630218298
1	-5.30389799172775
1	15.7130630218298
1	-5.30389799172775
1	15.7130630218298
1	-5.30389799172775
1	15.7130630218298
1	-5.30389799172775
1	15.7130630218298
1	-5.30389799172775
1	15.7130630218298
1	-5.30389799172775
1	15.7130630218298
1	-5.30389799172775
1	15.7130630218298
1	-5.30389799172775
1	15.7130630218298
1	-5.30389799172775
1	15.7130630218298
1	-5.30389799172775
1	15.7130630218298
1	-5.30389799172775
1	15.7130630218298
1	-5.30389799172775
1	0
1	15.7130630218298
1	-5.30389799172775
1	15.7130630218298
1	-5.30389799172775
1	15.7130630218298
1	-5.30389799172775
1	15.7130630218298
1	-5.30389799172775
1	15.7130630218298
1	-5.30389799172775
1	15.7130630218298
1	-5.30389799172775
1	15.7130630218298
1	-5.30389799172775
1	15.7130630218298
1	-5.30389799172775
1	15.7130630218298
1	-5.30389799172775
1	15.7130630218298
1	-5.30389799172775
1	15.7130630218298
1	-5.30389799172775
1	15.7130630218298
1	-5.30389799172775
1	15.7130630218298
1	-5.30389799172775
1	15.7130630218298
1	-5.30389799172775
1	15.7130630218298
1	-5.30389799172775
1	15.7130630218298
1	-5.30389799172775
1	15.7130630218298
1	-5.30389799172775
1	15.7130630218298
1	-5.30389799172775
1	15.7130630218298
1	-5.30389799172775
1	15.7130630218298
1	-5.30389799172775
1	0
1	15.7130630218298
1	-5.30389799172775
1	15.7130630218298
1	-5.30389799172775
1	15.7130630218298
1	-5.30389799172775
1	15.7130630218298
1	-5.30389799172775
1	15.7130630218298
1	-5.30389799172775
1	15.7130630218298
1	-5.30389799172775
1	15.7130630218298
1	-5.30389799172775
1	15.7130630218298
1	-5.30389799172775
1	15.7130630218298
1	-5.30389799172775
1	15.7130630218298
1	-5.30389799172775
1	15.7130630218298
1	-5.30389799172775
1	15.7130630218298
1	-5.30389799172775
1	15.7130630218298
1	-5.30389799172775
1	15.7130630218298
1	-5.30389799172775
1	15.7130630218298
1	-5.30389799172775
1	15.7130630218298
1	-5.30389799172775
1	15.7130630218298
1	-5.30389799172775
1	15.7130630218298
1	-5.30389799172775
1	15.7130630218298
1	-5.30389799172775
1	15.7130630218298
1	-5.30389799172775
1	0
1	15.7130630218298
1	-5.30389799172775
1	15.7130630218298
1	-5.30389799172775
1	15.7130630218298
1	-5.30389799172775
1	15.7130630218298
1	-5.30389799172775
1	15.7130630218298
1	-5.30389799172775
1	15.7130630218298
1	-5.30389799172775
1	15.7130630218298
1	-5.30389799172775
1	15.7130630218298
1	-5.30389799172775
1	15.7130630218298
1	-5.30389799172775
1	15.7130630218298
1	-5.30389799172775
1	15.7130630218298
1	-5.30389799172775
1	15.7130630218298
1	-5.30389799172775
1	15.7130630218298
1	-5.30389799172775
1	15.7130630218298
1	-5.30389799172775
1	15.7130630218298
1	-5.30389799172775
1	15.7130630218298
1	-5.30389799172775
1	15.7130630218298
1	-5.30389799172775
1	15.7130630218298
1	-5.30389799172775
1	15.7130630218298
1	-5.30389799172775
1	15.7130630218298
1	-5.30389799172775
1	0
1	15.7130630218298
1	-5.30389799172775
1	15.7130630218298
1	-5.30389799172775
1	15.7130630218298
1	-5.30389799172775
1	15.7130630218298
1	-5.30389799172775
1	15.7130630218298
1	-5.30389799172775
1	15.7130630218298
1	-5.30389799172775
1	15.7130630218298
1	-5.30389799172775
1	15.7130630218298
1	-5.30389799172775
1	15.7130630218298
1	-5.30389799172775
1	15.7130630218298
1	-5.30389799172775
1	15.7130630218298
1	-5.30389799172775
1	15.7130630218298
1	-5.30389799172775
1	15.7130630218298
1	-5.30389799172775
1	15.7130630218298
1	-5.30389799172775
1	15.7130630218298
1	-5.30389799172775
1	15.7130630218298
1	-5.30389799172775
1	15.7130630218298
1	-5.30389799172775
1	15.7130630218298
1	-5.30389799172775
1	15.7130630218298
1	-5.30389799172775
1	15.7130630218298
1	-5.30389799172775
1	0
1	15.7130630218298
1	-5.30389799172775
1	15.7130630218298
1	-5.30389799172775
1	15.7130630218298
1	-5.30389799172775
1	15.7130630218298
1	-5.30389799172775
1	15.7130630218298
1	-5.30389799172775
1	15.7130630218298
1	-5.30389799172775
1	15.7130630218298
1	-5.30389799172775
1	15.7130630218298
1	-5.30389799172775
1	15.7130630218298
1	-5.30389799172775
1	15.7130630218298
1	-5.30389799172775
1	15.7130630218298
1	-5.30389799172775
1	15.7130630218298
1	-5.30389799172775
1	15.7130630218298
1	-5.30389799172775
1	15.7130630218298
1	-5.30389799172775
1	15.7130630218298
1	-5.30389799172775
1	15.7130630218298
1	-5.30389799172775
1	15.7130630218298
1	-5.30389799172775
1	15.7130630218298
1	-5.30389799172775
1	15.7130630218298
1	-5.30389799172775
1	15.7130630218298
1	-5.30389799172775
1	0
1	15.7130630218298
1	-5.30389799172775
1	15.7130630218298
1	-5.30389799172775
1	15.7130630218298
1	-5.30389799172775
1	15.7130630218298
1	-5.30389799172775
1	15.7130630218298
1	-5.30389799172775
1	15.7130630218298
1	-5.30389799172775
1	15.7130630218298
1	-5.30389799172775
1	15.7130630218298
1	-5.30389799172775
1	15.7130630218298
1	-5.30389799172775
1	15.7130630218298
1	-5.30389799172775
1	15.7130630218298
1	-5.30389799172775
1	15.7130630218298
1	-5.30389799172775
1	15.7130630218298
1	-5.30389799172775
1	15.7130630218298
1	-5.30389799172775
1	15.7130630218298
1	-5.30389799172775
1	15.7130630218298
1	-5.30389799172775
1	15.7130630218298
1	-5.30389799172775
1	15.7130630218298
1	-5.30389799172775
1	15.7130630218298
1	-5.30389799172775
1	15.7130630218298
1	-5.30389799172775
1	0
1	15.7130630218298
1	-5.30389799172775
1	15.7130630218298
1	-5.30389799172775
1	15.7130630218298
1	-5.30389799172775
1	15.7130630218298
1	-5.30389799172775
1	15.7130630218298
1	-5.30389799172775
1	15.7130630218298
1	-5.30389799172775
1	15.7130630218298
1	-5.30389799172775
1	15.7130630218298
1	-5.30389799172775
1	15.7130630218298
1	-5.30389799172775
1	15.7130630218298
1	-5.30389799172775
1	15.7130630218298
1	-5.30389799172775
1	15.7130630218298
1	-5.30389799172775
1	15.7130630218298
1	-5.30389799172775
1	15.7130630218298
1	-5.30389799172775
1	15.7130630218298
1	-5.30389799172775
1	15.7130630218298
1	-5.30389799172775
1	15.7130630218298
1	-5.30389799172775
1	15.7130630218298
1	-5.30389799172775
1	15.7130630218298
1	-5.30389799172775
1	15.7130630218298
1	-5.30389799172775
1	0
1	15.7130630218298
1	-5.30389799172775
1	15.7130630218298
1	-5.30389799172775
1	15.7130630218298
1	-5.30389799172775
1	15.7130630218298
1	-5.30389799172775
1	15.7130630218298
1	-5.30389799172775
1	15.7130630218298
1	-5.30389799172775
1	15.7130630218298
1	-5.30389799172775
1	15.7130630218298
1	-5.30389799172775
1	15.7130630218298
1	-5.30389799172775
1	15.7130630218298
1	-5.30389799172775
1	15.7130630218298
1	-5.30389799172775
1	15.7130630218298
1	-5.30389799172775
1	15.7130630218298
1	-5.30389799172775
1	15.7130630218298
1	-5.30389799172775
1	15.7130630218298
1	-5.30389799172775
1	15.7130630218298
1	-5.30389799172775
1	15.7130630218298
1	-5.30389799172775
1	15.7130630218298
1	-5.30389799172775
1	15.7130630218298
1	-5.30389799172775
1	15.7130630218298
1	-5.30389799172775
1	0
1	15.7130630218298
1	-5.30389799172775
1	15.7130630218298
1	-5.30389799172775
1	15.7130630218298
1	-5.30389799172775
1	15.7130630218298
1	-5.30389799172775
1	15.7130630218298
1	-5.30389799172775
1	15.7130630218298
1	-5.30389799172775
1	15.7130630218298
1	-5.30389799172775
1	15.7130630218298
1	-5.30389799172775
1	15.7130630218298
1	-5.30389799172775
1	15.7130630218298
1	-5.30389799172775
1	15.7130630218298
1	-5.30389799172775
1	15.7130630218298
1	-5.30389799172775
1	15.7130630218298
1	-5.30389799172775
1	15.7130630218298
1	-5.30389799172775
1	15.7130630218298
1	-5.30389799172775
1	15.7130630218298
1	-5.30389799172775
1	15.7130630218298
1	-5.30389799172775
1	15.7130630218298
1	-5.30389799172775
1	15.7130630218298
1	-5.30389799172775
1	15.7130630218298
1	-5.30389799172775
1	0
1	15.7130630218298
1	-5.30389799172775
1	15.7130630218298
1	-5.30389799172775
1	15.7130630218298
1	-5.30389799172775
1	15.7130630218298
1	-5.30389799172775
1	15.7130630218298
1	-5.30389799172775
1	15.7130630218298
1	-5.30389799172775
1	15.7130630218298
1	-5.30389799172775
1	15.7130630218298
1	-5.30389799172775
1	15.7130630218298
1	-5.30389799172775
1	15.7130630218298
1	-5.30389799172775
1	15.7130630218298
1	-5.30389799172775
1	15.7130630218298
1	-5.30389799172775
1	15.7130630218298
1	-5.30389799172775
1	15.7130630218298
1	-5.30389799172775
1	15.7130630218298
1	-5.30389799172775
1	15.7130630218298
1	-5.30389799172775
1	15.7130630218298
1	-5.30389799172775
1	15.7130630218298
1	-5.30389799172775
1	15.7130630218298
1	-5.30389799172775
1	15.7130630218298
1	-5.30389799172775
1	0
1	15.7130630218298
1	-5.30389799172775
1	15.7130630218298
1	-5.30389799172775
1	15.7130630218298
1	-5.30389799172775
1	15.7130630218298
1	-5.30389799172775
1	15.7130630218298
1	-5.30389799172775
1	15.7130630218298
1	-5.30389799172775
1	15.7130630218298
1	-5.30389799172775
1	15.7130630218298
1	-5.30389799172775
1	15.7130630218298
1	-5.30389799172775
1	15.7130630218298
1	-5.30389799172775
1	15.7130630218298
1	-5.30389799172775
1	15.7130630218298
1	-5.30389799172775
1	15.7130630218298
1	-5.30389799172775
1	15.7130630218298
1	-5.30389799172775
1	15.7130630218298
1	-5.30389799172775
1	15.7130630218298
1	-5.30389799172775
1	15.7130630218298
1	-5.30389799172775
1	15.7130630218298
1	-5.30389799172775
1	15.7130630218298
1	-5.30389799172775
1	15.7130630218298
1	-5.30389799172775
1	0
1	15.7130630218298
1	-5.30389799172775
1	15.7130630218298
1	-5.30389799172775
1	15.7130630218298
1	-5.30389799172775
1	15.7130630218298
1	-5.30389799172775
1	15.7130630218298
1	-5.30389799172775
1	15.7130630218298
1	-5.30389799172775
1	15.7130630218298
1	-5.30389799172775
1	15.7130630218298
1	-5.30389799172775
1	15.7130630218298
1	-5.30389799172775
1	15.7130630218298
1	-5.30389799172775
1	15.7130630218298
1	-5.30389799172775
1	15.7130630218298
1	-5.30389799172775
1	15.7130630218298
1	-5.30389799172775
1	15.7130630218298
1	-5.30389799172775
1	15.7130630218298
1	-5.30389799172775
1	15.7130630218298
1	-5.30389799172775
1	15.7130630218298
1	-5.30389799172775
1	15.7130630218298
1	-5.30389799172775
1	15.7130630218298
1	-5.30389799172775
1	15.7130630218298
1	-5.30389799172775
1	0
1	15.7130630218298
1	-5.30389799172775
1	15.7130630218298
1	-5.30389799172775
1	15.7130630218298
1	-5.30389799172775
1	15.7130630218298
1	-5.30389799172775
1	15.7130630218298
1	-5.30389799172775
1	15.7130630218298
1	-5.30389799172775
1	15.7130630218298
1	-5.30389799172775
1	15.7130630218298
1	-5.30389799172775
1	15.7130630218298
1	-5.30389799172775
1	15.7130630218298
1	-5.30389799172775
1	15.7130630218298
1	-5.30389799172775
1	15.7130630218298
1	-5.30389799172775
1	15.7130630218298
1	-5.30389799172775
1	15.7130630218298
1	-5.30389799172775
1	15.7130630218298
1	-5.30389799172775
1	15.7130630218298
1	-5.30389799172775
1	15.7130630218298
1	-5.30389799172775
1	15.7130630218298
1	-5.30389799172775
1	15.7130630218298
1	-5.30389799172775
1	15.7130630218298
1	-5.30389799172775
1	0
1	15.7130630218298
1	-5.30389799172775
1	15.7130630218298
1	-5.30389799172775
1	15.7130630218298
1	-5.30389799172775
1	15.7130630218298
1	-5.30389799172775
1	15.7130630218298
1	-5.30389799172775
1	15.7130630218298
1	-5.30389799172775
1	15.7130630218298
1	-5.30389799172775
1	15.7130630218298
1	-5.30389799172775
1	15.7130630218298
1	-5.30389799172775
1	15.7130630218298
1	-5.30389799172775
1	15.7130630218298
1	-5.30389799172775
1	15.7130630218298
1	-5.30389799172775
1	15.7130630218298
1	-5.30389799172775
1	15.7130630218298
1	-5.30389799172775
1	15.7130630218298
1	-5.30389799172775
1	15.7130630218298
1	-5.30389799172775
1	15.7130630218298
1	-5.30389799172775
1	15.7130630218298
1	-5.30389799172775
1	15.7130630218298
1	-5.30389799172775
1	15.7130630218298
1	-5.30389799172775
1	0
1	15.7130630218298
1	-5.30389799172775
1	15.7130630218298
1	-5.30389799172775
1	15.7130630218298
1	-5.30389799172775
1	15.7130630218298
1	-5.30389799172775
1	15.7130630218298
1	-5.30389799172775
1	15.7130630218298
1	-5.30389799172775
1	15.7130630218298
1	-5.30389799172775
1	15.7130630218298
1	-5.30389799172775
1	15.7130630218298
1	-5.30389799172775
1	15.7130630218298
1	-5.30389799172775
1	15.7130630218298
1	-5.30389799172775
1	15.7130630218298
1	-5.30389799172775
1	15.7130630218298
1	-5.30389799172775
1	15.7130630218298
1	-5.30389799172775
1	15.7130630218298
1	-5.30389799172775
1	15.7130630218298
1	-5.30389799172775
1	15.7130630218298
1	-5.30389799172775
1	15.7130630218298
1	-5.30389799172775
1	15.7130630218298
1	-5.30389799172775
1	15.7130630218298
1	-5.30389799172775
1	0
1	15.7130630218298
1	-5.30389799172775
1	15.7130630218298
1	-5.30389799172775
1	15.7130630218298
1	-5.30389799172775
1	15.7130630218298
1	-5.30389799172775
1	15.7130630218298
1	-5.30389799172775
1	15.7130630218298
1	-5.30389799172775
1	15.7130630218298
1	-5.30389799172775
1	15.7130630218298
1	-5.30389799172775
1	15.7130630218298
1	-5.30389799172775
1	15.7130630218298
1	-5.30389799172775
1	15.7130630218298
1	-5.30389799172775
1	15.7130630218298
1	-5.30389799172775
1	15.7130630218298
1	-5.30389799172775
1	15.7130630218298
1	-5.30389799172775
1	15.7130630218298
1	-5.30389799172775
1	15.7130630218298
1	-5.30389799172775
1	15.7130630218298
1	-5.30389799172775
1	15.7130630218298
1	-5.30389799172775
1	15.7130630218298
1	-5.30389799172775
1	15.7130630218298
1	-5.30389799172775
1	0
1	15.7130630218298
1	-5.30389799172775
1	15.7130630218298
1	-5.30389799172775
1	15.7130630218298
1	-5.30389799172775
1	15.7130630218298
1	-5.30389799172775
1	15.7130630218298
1	-5.30389799172775
1	15.7130630218298
1	-5.30389799172775
1	15.7130630218298
1	-5.30389799172775
1	15.7130630218298
1	-5.30389799172775
1	15.7130630218298
1	-5.30389799172775
1	15.7130630218298
1	-5.30389799172775
1	15.7130630218298
1	-5.30389799172775
1	15.7130630218298
1	-5.30389799172775
1	15.7130630218298
1	-5.30389799172775
1	15.7130630218298
1	-5.30389799172775
1	15.7130630218298
1	-5.30389799172775
1	15.7130630218298
1	-5.30389799172775
1	15.7130630218298
1	-5.30389799172775
1	15.7130630218298
1	-5.30389799172775
1	15.7130630218298
1	-5.30389799172775
1	15.7130630218298
1	-5.30389799172775
1	0
1	15.7130630218298
1	-5.30389799172775
1	15.7130630218298
1	-5.30389799172775
1	15.7130630218298
1	-5.30389799172775
1	15.7130630218298
1	-5.30389799172775
1	15.7130630218298
1	-5.30389799172775
1	15.7130630218298
1	-5.30389799172775
1	15.7130630218298
1	-5.30389799172775
1	15.7130630218298
1	-5.30389799172775
1	15.7130630218298
1	-5.30389799172775
1	15.7130630218298
1	-5.30389799172775
1	15.7130630218298
1	-5.30389799172775
1	15.7130630218298
1	-5.30389799172775
1	15.7130630218298
1	-5.30389799172775
1	15.7130630218298
1	-5.30389799172775
1	15.7130630218298
1	-5.30389799172775
1	15.7130630218298
1	-5.30389799172775
1	15.7130630218298
1	-5.30389799172775
1	15.7130630218298
1	-5.30389799172775
1	15.7130630218298
1	-5.30389799172775
1	15.7130630218298
1	-5.30389799172775
