group	y	yend
1	2.13777704125361	0
1	0.370577449836003	0
1	7.16402454575909	0
1	3.27689919299469	0
1	7.78067610730869	0
1	-1.62928343012448	0
1	1.91628439509508	0
1	11.1582838640615	0
1	11.150414870694	0
1	8.66180901230595	0
1	9.90929073231001	0
1	9.15011536979567	0
1	7.66580506057516	0
1	-4.34858158202059	0
1	6.76808851786802	0
1	4.77210484422042	0
1	7.49602192084265	0
1	5.03162066214857	0
1	1.68542638489522	0
1	5.25455808507939	0
1	2.45984371888309	0
1	8.10240287198131	0
1	9.99457053677909	0
1	5.90181810027828	0
1	4.53342840149862	0
1	-0.00841014455275049	0
1	6.83559412691964	0
1	-2.87807712491032	0
1	-0.766931271538602	0
1	1.13053242829008	0
1	6.65043333581921	0
1	9.44511717584912	0
1	5.38820949799105	0
1	7.81299269178465	0
1	-1.29491353050677	0
1	8.67049521087237	0
1	2.31378192939679	0
1	9.88122450101968	0
1	9.40661557055468	0
1	2.15311722002144	0
1	1.41268317376875	0
1	9.39955268545147	0
1	5.13947219406398	0
1	9.08499027724131	0
1	5.36810319444381	0
1	1.96156831766021	0
1	8.39846714223112	0
1	5.18780636190517	0
1	6.50776261402182	0
1	10.4478676194402	0
1	4.4694732489229	0
1	-0.871306030983109	0
1	2.30034665122364	0
1	2.34588715545427	0
1	12.3909498764063	0
1	13.9387180330806	0
1	0.23706642464464	0
1	4.02049231090547	0
1	10.7951485216016	0
1	0.233671824257256	0
1	4.94907873701757	0
1	1.83688095080756	0
1	4.02100722935262	0
1	0.533242306116686	0
1	8.37055999542821	0
1	4.19978810011259	0
1	0.11697167428337	0
1	7.66056494244898	0
1	10.1163885197263	0
1	4.45354499695112	0
1	1.2721136596478	0
1	-0.433043155965496	0
1	1.40126937391547	0
1	-1.42564467382355	0
1	1.09277664001855	0
1	0.58298273947091	0
1	-0.599831042607216	0
1	0.158479537609441	0
1	4.22277918280051	0
1	0.391714334442204	0
1	0.33177022213654	0
1	7.5173302663086	0
1	2.69585614553595	0
1	-2.37380881558173	0
1	6.47047610945289	0
1	7.73251541197951	0
1	9.98290102516725	0
1	9.31726091151868	0
1	5.30332070511052	0
1	10.0747615832888	0
1	3.82923596449484	0
1	11.5969566128186	0
1	12.2741860713448	0
1	1.49729153160628	0
1	7.15395395372344	0
1	4.05029911945523	0
1	-0.109726383816623	0
1	-0.553939803402985	0
1	-0.226251676677918	0
1	8.81242485221115	0
1	8.55632071564338	0
1	0.175002105410684	0
1	1.30168454422251	0
1	3.50342881885624	0
1	8.68840932869351	0
1	10.0117443452968	0
1	11.2590644663253	0
1	5.52246623443888	0
1	1.11859344544774	0
1	12.9970950903469	0
1	1.0340007896917	0
1	5.8384678084801	0
1	2.91957960781285	0
1	0.0349888098504865	0
1	8.9947178895006	0
1	6.34460717134618	0
1	6.99388021776221	0
1	9.43567368757619	0
1	2.98403160328304	0
1	9.61489063798503	0
1	2.1282747074767	0
1	7.42181550735181	0
1	3.63732299504189	0
1	8.14695862208917	0
1	5.21783591565566	0
1	3.79803920581527	0
1	5.52105325366223	0
1	6.72285671406426	0
1	4.20797677855704	0
1	8.91230044113409	0
1	9.03218425560953	0
1	8.49667672673218	0
1	9.32091834610859	0
1	6.9123546798909	0
1	1.07035984447719	0
1	6.54460496586534	0
1	7.73540897138004	0
1	5.47983669390778	0
1	1.46692306421476	0
1	5.3440734357843	0
1	5.23292947675027	0
1	12.0460714848872	0
1	1.62997162363475	0
1	2.88644765006361	0
1	4.668533833276	0
1	0.803780709811993	0
1	12.6076383930942	0
1	5.9359075149856	0
1	7.42547261116105	0
1	-2.9985591613619	0
1	10.8055576418856	0
1	8.12978496903149	0
1	-0.0621291524143852	0
1	0.475089487267889	0
1	2.05153761369778	0
1	6.02462503540665	0
1	8.74066847700793	0
1	8.39276821289705	0
1	-0.0540511022314258	0
1	10.2448781354606	0
1	3.19817493684269	0
1	-0.475229338323001	0
1	4.11027026380791	0
1	5.69035499382832	0
1	-1.18604411447534	0
1	5.09384561388329	0
1	8.82429058176307	0
1	-2.44773827934238	0
1	6.91695793778167	0
1	0.767720897728969	0
1	14.6158719177026	0
1	1.15683106764185	0
1	1.38770604247118	0
1	0.0230024708188306	0
1	-0.621341522821964	0
1	-0.0667370358522751	0
1	11.5106223174834	0
1	10.3809630483758	0
1	11.8207729573972	0
1	2.4545735165825	0
1	-0.553269126895843	0
1	9.63762828435777	0
1	0.453897148631049	0
1	2.26581546078627	0
1	1.12986398833778	0
1	7.45632988097753	0
1	8.15088203201351	0
1	5.63187883421854	0
1	0.0479606144664847	0
1	5.85334177583055	0
1	7.47175317907716	0
1	0.94456294939532	0
1	8.52163708262522	0
1	2.08564079178643	0
1	0.0115136148397563	0
1	7.32992453795833	0
1	12.8789455866351	0
1	-1.0826905038033	0
1	1.73616109502928	0
1	2.98812319560942	0
1	2.13777704125361	6.57698142005766
1	0.370577449836003	5.80932960551923
1	7.16402454575909	4.36403583590029
1	3.27689919299469	1.94941441226615
1	7.78067610730869	7.0365471287416
1	-1.62928343012448	2.02010680471553
1	1.91628439509508	1.68684100299135
1	11.1582838640615	3.73081770663832
1	11.150414870694	3.95894726761474
1	8.66180901230595	8.04382489891169
1	9.90929073231001	7.00563920265097
1	9.15011536979567	7.21745362491189
1	7.66580506057516	3.54199187758629
1	-4.34858158202059	5.72307242717595
1	6.76808851786802	2.94568097313414
1	4.77210484422042	4.90516109582765
1	7.49602192084265	3.32169676854238
1	5.03162066214857	1.34676925859601
1	1.68542638489522	5.75236675019399
1	5.25455808507939	2.89093202660877
1	2.45984371888309	1.75862734075223
1	8.10240287198131	6.96122870947164
1	9.99457053677909	3.79651258902925
1	5.90181810027828	7.58467612983588
1	4.53342840149862	6.56465462477618
1	-0.00841014455275049	5.70859731505264
1	6.83559412691964	8.3922856847501
1	-2.87807712491032	5.73542626325595
1	-0.766931271538602	2.22674439937469
1	1.13053242829008	6.03811549680112
1	6.65043333581921	5.0176220468239
1	9.44511717584912	4.17170056886464
1	5.38820949799105	4.93509909043636
1	7.81299269178465	7.14789350932132
1	-1.29491353050677	2.53143937115822
1	8.67049521087237	3.67559970703532
1	2.31378192939679	2.77000713970732
1	9.88122450101968	7.71148236694679
1	9.40661557055468	3.27782995299775
1	2.15311722002144	5.52743766973284
1	1.41268317376875	2.57771528044578
1	9.39955268545147	3.82973126618933
1	5.13947219406398	2.85142059352297
1	9.08499027724131	4.50672271823133
1	5.36810319444381	4.6746080204667
1	1.96156831766021	2.80517028162863
1	8.39846714223112	8.3207093649754
1	5.18780636190517	5.05254341584238
1	6.50776261402182	3.21588806186078
1	10.4478676194402	3.50088798287306
1	4.4694732489229	5.04973852393647
1	-0.871306030983109	2.28781201438765
1	2.30034665122364	5.33430882818511
1	2.34588715545427	6.7261076955523
1	12.3909498764063	7.97979506249127
1	13.9387180330806	7.77252187830528
1	0.23706642464464	6.21147697481601
1	4.02049231090547	4.75442460197042
1	10.7951485216016	3.72212501194802
1	0.233671824257256	5.55943713713588
1	4.94907873701757	1.91580287739942
1	1.83688095080756	6.37469368402403
1	4.02100722935262	5.18333042228145
1	0.533242306116686	6.09538826851205
1	8.37055999542821	3.80229650854258
1	4.19978810011259	6.63092452731695
1	0.11697167428337	5.04307382375492
1	7.66056494244898	2.97110310074323
1	10.1163885197263	7.88210360453719
1	4.45354499695112	2.18620374454525
1	1.2721136596478	6.04730338512523
1	-0.433043155965496	2.44455424109828
1	1.40126937391547	5.99250583724895
1	-1.42564467382355	6.08545013465778
1	1.09277664001855	5.05887110184114
1	0.58298273947091	2.06468580247161
1	-0.599831042607216	2.26527540988637
1	0.158479537609441	5.68069326459892
1	4.22277918280051	2.89182861432531
1	0.391714334442204	1.57205005049233
1	0.33177022213654	5.3590604227829
1	7.5173302663086	3.35844539982324
1	2.69585614553595	5.60865644656339
1	-2.37380881558173	6.14609588974372
1	6.47047610945289	3.03751437653507
1	7.73251541197951	7.02927258562862
1	9.98290102516725	3.368478573786
1	9.31726091151868	7.61249179057463
1	5.30332070511052	6.72113064630885
1	10.0747615832888	7.45687760773978
1	3.82923596449484	6.76331737328625
1	11.5969566128186	8.0643591213853
1	12.2741860713448	3.86409018995132
1	1.49729153160628	2.17937879284653
1	7.15395395372344	2.88035163774628
1	4.05029911945523	2.7479099540496
1	-0.109726383816623	5.21062837159309
1	-0.553939803402985	5.53600841930686
1	-0.226251676677918	2.6502649398824
1	8.81242485221115	4.13305370873225
1	8.55632071564338	3.77455079009491
1	0.175002105410684	5.94560525031043
1	1.30168454422251	6.54276975884154
1	3.50342881885624	1.34116773957878
1	8.68840932869351	3.92741597148771
1	10.0117443452968	6.9535560681352
1	11.2590644663253	7.55719112290858
1	5.52246623443888	5.04614985289267
1	1.11859344544774	1.83517102671692
1	12.9970950903469	4.17749571542247
1	1.0340007896917	1.46006740143207
1	5.8384678084801	3.21964100282188
1	2.91957960781285	5.92019110920873
1	0.0349888098504865	5.38199880191627
1	8.9947178895006	7.42154488497435
1	6.34460717134618	8.39453760489936
1	6.99388021776221	3.33647477784348
1	9.43567368757619	7.74575096304199
1	2.98403160328304	5.27535899218472
1	9.61489063798503	3.87983858001729
1	2.1282747074767	1.34725509105072
1	7.42181550735181	4.92032231498695
1	3.63732299504189	5.00128183208457
1	8.14695862208917	7.23987807799465
1	5.21783591565566	3.05383151187742
1	3.79803920581527	5.22055720126683
1	5.52105325366223	4.80817040192763
1	6.72285671406426	6.99433100055375
1	4.20797677855704	6.84231280972781
1	8.91230044113409	4.19944893774644
1	9.03218425560953	4.34949980570278
1	8.49667672673218	7.93381933959593
1	9.32091834610859	8.23279931656487
1	6.9123546798909	3.86043800236849
1	1.07035984447719	1.80247683040394
1	6.54460496586534	4.18230937655023
1	7.73540897138004	4.45009714531751
1	5.47983669390778	4.70119015139256
1	1.46692306421476	1.39580894201729
1	5.3440734357843	4.83357245597679
1	5.23292947675027	3.57248308535741
1	12.0460714848872	4.15747733515771
1	1.62997162363475	6.76879483991604
1	2.88644765006361	6.6298506455068
1	4.668533833276	3.23751831512347
1	0.803780709811993	5.23009501227646
1	12.6076383930942	7.22774980710265
1	5.9359075149856	3.11231645569677
1	7.42547261116105	7.73276607552825
1	-2.9985591613619	2.26379592280405
1	10.8055576418856	4.06312758847351
1	8.12978496903149	4.47703462720573
1	-0.0621291524143852	6.12143397571116
1	0.475089487267889	5.22605847486376
1	2.05153761369778	4.88542006731676
1	6.02462503540665	7.18642354918065
1	8.74066847700793	4.67524867616173
1	8.39276821289705	7.94669787948808
1	-0.0540511022314258	6.48879853954564
1	10.2448781354606	6.95721820867655
1	3.19817493684269	6.43814833265172
1	-0.475229338323001	2.04383567876106
1	4.11027026380791	5.27571198441158
1	5.69035499382832	2.87264588693861
1	-1.18604411447534	2.14805917101745
1	5.09384561388329	5.51411887110624
1	8.82429058176307	8.02926456720051
1	-2.44773827934238	6.07311934109332
1	6.91695793778167	3.27772194571153
1	0.767720897728969	6.05779843872626
1	14.6158719177026	3.94958643217722
1	1.15683106764185	2.43609973007649
1	1.38770604247118	2.32437331479495
1	0.0230024708188306	5.67083087012696
1	-0.621341522821964	5.74906397063299
1	-0.0667370358522751	2.04130607995429
1	11.5106223174834	3.84949173792287
1	10.3809630483758	3.15277889170553
1	11.8207729573972	4.13038850694277
1	2.4545735165825	1.98632396060646
1	-0.553269126895843	6.37378082488836
1	9.63762828435777	7.11158640247874
1	0.453897148631049	2.10606822076253
1	2.26581546078627	4.86455017180348
1	1.12986398833778	2.17370265094866
1	7.45632988097753	7.12646554067818
1	8.15088203201351	3.0301996544501
1	5.63187883421854	3.27215657385474
1	0.0479606144664847	1.69368444234824
1	5.85334177583055	4.5455298533509
1	7.47175317907716	3.36399539882681
1	0.94456294939532	5.68850148377164
1	8.52163708262522	7.7623914312307
1	2.08564079178643	1.81193150227399
1	0.0115136148397563	6.44936611655498
1	7.32992453795833	4.23644963352728
1	12.8789455866351	7.69407961646827
1	-1.0826905038033	2.43687390998237
1	1.73616109502928	6.1992943876269
1	2.98812319560942	2.85200687256945
1	2.13777704125361	4.72509376967461
1	0.370577449836003	4.85724376326456
1	7.16402454575909	5.10604870161488
1	3.27689919299469	5.52172179664597
1	7.78067610730869	4.64598029100295
1	-1.62928343012448	5.5095522178967
1	1.91628439509508	5.56692337592371
1	11.1582838640615	5.21505615804007
1	11.150414870694	5.17578403042992
1	8.66180901230595	4.47257908442687
1	9.90929073231001	4.65130103949517
1	9.15011536979567	4.6148375361022
1	7.66580506057516	5.24756221303305
1	-4.34858158202059	4.87209279423052
1	6.76808851786802	5.35021615158767
1	4.77210484422042	5.01289488073353
1	7.49602192084265	5.28548565266636
1	5.03162066214857	5.62546616575479
1	1.68542638489522	4.86704982484552
1	5.25455808507939	5.35964109242069
1	2.45984371888309	5.55456547629359
1	8.10240287198131	4.6589462326385
1	9.99457053677909	5.2037468924037
1	5.90181810027828	4.55162078763275
1	4.53342840149862	4.72721580714861
1	-0.00841014455275049	4.87458466090507
1	6.83559412691964	4.41259213494954
1	-2.87807712491032	4.86996610172766
1	-0.766931271538602	5.47397989683593
1	1.13053242829008	4.81785864947498
1	6.65043333581921	4.99353491352989
1	9.44511717584912	5.13915890056773
1	5.38820949799105	5.00774110434596
1	7.81299269178465	4.62681219525798
1	-1.29491353050677	5.42152716005409
1	8.67049521087237	5.22456184558668
1	2.31378192939679	5.38045811222869
1	9.88122450101968	4.5297913030878
1	9.40661557055468	5.2930372526017
1	2.15311722002144	4.90577099501433
1	1.41268317376875	5.41356083860483
1	9.39955268545147	5.19802835192659
1	5.13947219406398	5.36644292045018
1	9.08499027724131	5.08148539019126
1	5.36810319444381	5.05258421234725
1	1.96156831766021	5.37440483535042
1	8.39846714223112	4.42491388032978
1	5.18780636190517	4.98752325745803
1	6.50776261402182	5.30370044698446
1	10.4478676194402	5.25463818070485
1	4.4694732489229	4.98800611497281
1	-0.871306030983109	5.46346720764575
1	2.30034665122364	4.93901780651039
1	2.34588715545427	4.69942192733999
1	12.3909498764063	4.48360171514599
1	13.9387180330806	4.51928345189538
1	0.23706642464464	4.78801475700378
1	4.02049231090547	5.03884391950312
1	10.7951485216016	5.21655259109194
1	0.233671824257256	4.90026233948573
1	4.94907873701757	5.52750796692925
1	1.83688095080756	4.75991726974833
1	4.02100722935262	4.96500849003972
1	0.533242306116686	4.80799923629946
1	8.37055999542821	5.20275120020037
1	4.19978810011259	4.71580755274197
1	0.11697167428337	4.98915343211529
1	7.66056494244898	5.34583977425493
1	10.1163885197263	4.50041913848549
1	4.45354499695112	5.48095890369083
1	1.2721136596478	4.8162769696559
1	-0.433043155965496	5.43648429187222
1	1.40126937391547	4.82571027713131
1	-1.42564467382355	4.80971006964898
1	1.09277664001855	4.9864339567512
1	0.58298273947091	5.50187801696844
1	-0.599831042607216	5.46734684693531
1	0.158479537609441	4.87938829716145
1	4.22277918280051	5.35948674632425
1	0.391714334442204	5.58668444904259
1	0.33177022213654	4.93475686032946
1	7.5173302663086	5.2791594364102
1	2.69585614553595	4.89178931655767
1	-2.37380881558173	4.79927000294936
1	6.47047610945289	5.33440718267632
1	7.73251541197951	4.6472325916001
1	9.98290102516725	5.27743224206277
1	9.31726091151868	4.54683236752
1	5.30332070511052	4.70027871815734
1	10.0747615832888	4.57362109240108
1	3.82923596449484	4.69301634269745
1	11.5969566128186	4.46904415190034
1	12.2741860713448	5.19211351987785
1	1.49729153160628	5.48213380786764
1	7.15395395372344	5.36146248891045
1	4.05029911945523	5.38426210628917
1	-0.109726383816623	4.96030919309516
1	-0.553939803402985	4.90429555461307
1	-0.226251676677918	5.40107153440737
1	8.81242485221115	5.14581189378946
1	8.55632071564338	5.20752757986308
1	0.175002105410684	4.83378413580774
1	1.30168454422251	4.73098325071899
1	3.50342881885624	5.6264304580136
1	8.68840932869351	5.18121209104563
1	10.0117443452968	4.66026706518814
1	11.2590644663253	4.55635228623729
1	5.52246623443888	4.9886238987733
1	1.11859344544774	5.54138860701768
1	12.9970950903469	5.13816127564721
1	1.0340007896917	5.60596207735692
1	5.8384678084801	5.30305438438868
1	2.91957960781285	4.83815913827641
1	0.0349888098504865	4.93080805619974
1	8.9947178895006	4.57970356234193
1	6.34460717134618	4.41220447061051
1	6.99388021776221	5.28294164274229
1	9.43567368757619	4.52389202079789
1	2.98403160328304	4.94916592353694
1	9.61489063798503	5.1894024605058
1	2.1282747074767	5.62538253049912
1	7.42181550735181	5.0102849018645
1	3.63732299504189	4.9963478545432
1	8.14695862208917	4.61097720349434
1	5.21783591565566	5.33159821474313
1	3.79803920581527	4.95859996144496
1	5.52105325366223	5.02959166869706
1	6.72285671406426	4.65324772783272
1	4.20797677855704	4.67941740862125
1	8.91230044113409	5.13438206463716
1	9.03218425560953	5.10855105523542
1	8.49667672673218	4.49151636000301
1	9.32091834610859	4.44004745015131
1	6.9123546798909	5.19274223794575
1	1.07035984447719	5.54701685898213
1	6.54460496586534	5.13733261182446
1	7.73540897138004	5.09123338916145
1	5.47983669390778	5.04800814235701
1	1.46692306421476	5.6170240651474
1	5.3440734357843	5.02521874699455
1	5.23292947675027	5.24231320191213
1	12.0460714848872	5.1416074067884
1	1.62997162363475	4.69207340585251
1	2.88644765006361	4.71599241972416
1	4.668533833276	5.29997683456555
1	0.803780709811993	4.95695804301278
1	12.6076383930942	4.61306506532217
1	5.9359075149856	5.32153012813868
1	7.42547261116105	4.52612734776412
1	-2.9985591613619	5.46760153819604
1	10.8055576418856	5.15784956004511
1	8.12978496903149	5.08659614608922
1	-0.0621291524143852	4.80351551076892
1	0.475089487267889	4.95765292626989
1	2.05153761369778	5.01629326622779
1	6.02462503540665	4.62017931245356
1	8.74066847700793	5.05247392452615
1	8.39276821289705	4.48929934060441
1	-0.0540511022314258	4.74027430709236
1	10.2448781354606	4.65963663373484
1	3.19817493684269	4.74899365665892
1	-0.475229338323001	5.50546733137182
1	4.11027026380791	4.94910515650736
1	5.69035499382832	5.36278902120094
1	-1.18604411447534	5.48752542910212
1	5.09384561388329	4.90806380422782
1	8.82429058176307	4.4750856215129
1	-2.44773827934238	4.8118327954208
1	6.91695793778167	5.29305584587786
1	0.767720897728969	4.81447026349064
1	14.6158719177026	5.17739548280929
1	1.15683106764185	5.43793972199846
1	1.38770604247118	5.45717324009046
1	0.0230024708188306	4.88108609210125
1	-0.621341522821964	4.86761839289883
1	-0.0667370358522751	5.50590279763369
1	11.5106223174834	5.19462661931361
1	10.3809630483758	5.31456458652473
1	11.8207729573972	5.14627070388112
1	2.4545735165825	5.51536787878347
1	-0.553269126895843	4.76007441694272
1	9.63762828435777	4.63306240381041
1	0.453897148631049	5.49475410192218
1	2.26581546078627	5.01988598431439
1	1.12986398833778	5.48311094633226
1	7.45632988097753	4.63050098471331
1	8.15088203201351	5.33566640001722
1	5.63187883421854	5.29401391546263
1	0.0479606144664847	5.56574528912704
1	5.85334177583055	5.07480480589488
1	7.47175317907716	5.27820401323675
1	0.94456294939532	4.87804412511094
1	8.52163708262522	4.52102739164855
1	2.08564079178643	5.54538925281569
1	0.0115136148397563	4.74706253366431
1	7.32992453795833	5.12801245589311
1	12.8789455866351	4.5327871578759
1	-1.0826905038033	5.43780644820471
1	1.73616109502928	4.79011196929255
1	2.98812319560942	5.36634199347943
1	2.13777704125361	7.76896141618263
1	0.370577449836003	6.44940468386508
1	7.16402454575909	3.96501386011119
1	3.27689919299469	-0.185604812588012
1	7.78067610730869	8.55893287635667
1	-1.62928343012448	-0.0640879730345123
1	1.91628439509508	-0.636955937374263
1	11.1582838640615	2.87654219930288
1	11.150414870694	3.26868599721481
1	8.66180901230595	10.2903951588251
1	9.90929073231001	8.50580363054178
1	9.15011536979567	8.86990248578178
1	7.66580506057516	2.55195963564299
1	-4.34858158202059	6.30113272223096
1	6.76808851786802	1.52692972804442
1	4.77210484422042	4.89518228574511
1	7.49602192084265	2.1732828856762
1	5.03162066214857	-1.22152299145941
1	1.68542638489522	6.35148826158495
1	5.25455808507939	1.43281890904207
1	2.45984371888309	-0.513558658182341
1	8.10240287198131	8.42946411808253
1	9.99457053677909	2.98946855822758
1	5.90181810027828	9.50114039788432
1	4.53342840149862	7.74777224500694
1	-0.00841014455275049	6.27625069721439
1	6.83559412691964	10.8893825736835
1	-2.87807712491032	6.32236837524525
1	-0.766931271538602	0.291112163301189
1	1.13053242829008	6.84267668216265
1	6.65043333581921	5.08849727855753
1	9.44511717584912	3.63439874050572
1	5.38820949799105	4.94664426575979
1	7.81299269178465	8.75033197596215
1	-1.29491353050677	0.814868238263392
1	8.67049521087237	2.78162510050717
1	2.31378192939679	1.22495481546015
1	9.88122450101968	9.71911425101742
1	9.40661557055468	2.09787792905266
1	2.15311722002144	5.96484593651603
1	1.41268317376875	0.894414311741027
1	9.39955268545147	3.04656987454717
1	5.13947219406398	1.36490064643335
1	9.08499027724131	4.21028578239087
1	5.36810319444381	4.49887258258629
1	1.96156831766021	1.28539857364967
1	8.39846714223112	10.7663463053592
1	5.18780636190517	5.14852544069741
1	6.50776261402182	1.99140278248975
1	10.4478676194402	2.48130400770582
1	4.4694732489229	5.14370396574253
1	-0.871306030983109	0.396084471046434
1	2.30034665122364	5.63286670030172
1	2.34588715545427	8.02530234714586
1	12.3909498764063	10.180330934241
1	13.9387180330806	9.82403824992558
1	0.23706642464464	7.14067676645427
1	4.02049231090547	4.63607346647547
1	10.7951485216016	2.86159987312931
1	0.233671824257256	6.01985148960999
1	4.94907873701757	-0.243381432504671
1	1.83688095080756	7.42123847865664
1	4.02100722935262	5.37334204580124
1	0.533242306116686	6.94112583587837
1	8.37055999542821	2.99941083907476
1	4.19978810011259	7.86168703605095
1	0.11697167428337	5.13224766507745
1	7.66056494244898	1.57062914879884
1	10.1163885197263	10.0124039931567
1	4.45354499695112	0.221424717769767
1	1.2721136596478	6.85847022249468
1	-0.433043155965496	0.665516857679713
1	1.40126937391547	6.76427586009599
1	-1.42564467382355	6.92404265938388
1	1.09277664001855	5.15940243011047
1	0.58298273947091	0.0125411907281991
1	-0.599831042607216	0.357345126424265
1	0.158479537609441	6.22828496986537
1	4.22277918280051	1.43436010041955
1	0.391714334442204	-0.834276091265012
1	0.33177022213654	5.67541350689887
1	7.5173302663086	2.23645202419933
1	2.69585614553595	6.10445712706834
1	-2.37380881558173	7.02828981010319
1	6.47047610945289	1.68478695369586
1	7.73251541197951	8.54642828487721
1	9.98290102516725	2.25369857009206
1	9.31726091151868	9.54895418754331
1	5.30332070511052	8.01674703767888
1	10.0747615832888	9.28146085434864
1	3.82923596449484	8.08926400245794
1	11.5969566128186	10.3256925045681
1	12.2741860713448	3.10563122020762
1	1.49729153160628	0.209692952415696
1	7.15395395372344	1.41463172692432
1	4.05029911945523	1.18697081080115
1	-0.109726383816623	5.42026591429272
1	-0.553939803402985	5.97957864487054
1	-0.226251676677918	1.01912370436391
1	8.81242485221115	3.56796663742875
1	8.55632071564338	2.95171727686698
1	0.175002105410684	6.68365599563103
1	1.30168454422251	7.71015320779111
1	3.50342881885624	-1.23115173458279
1	8.68840932869351	3.21448520813944
1	10.0117443452968	8.41627521480839
1	11.2590644663253	9.45389498630341
1	5.52246623443888	5.13753521195828
1	1.11859344544774	-0.381983725096513
1	12.9970950903469	3.64436032010511
1	1.0340007896917	-1.02676890593916
1	5.8384678084801	1.99785390840051
1	2.91957960781285	6.63997030330061
1	0.0349888098504865	5.7148434828862
1	8.9947178895006	9.22072559480356
1	6.34460717134618	10.8932535166518
1	6.99388021776221	2.19868557644589
1	9.43567368757619	9.77802032774139
1	2.98403160328304	5.53153475333029
1	9.61489063798503	3.13270194907342
1	2.1282747074767	-1.22068786871984
1	7.42181550735181	4.9212436959221
1	3.63732299504189	5.06040923140068
1	8.14695862208917	8.90844904748266
1	5.21783591565566	1.71283532847379
1	3.79803920581527	5.43733309734615
1	5.52105325366223	4.72845992453389
1	6.72285671406426	8.48636537230388
1	4.20797677855704	8.22505337728213
1	8.91230044113409	3.68209685868292
1	9.03218425560953	3.94002711984037
1	8.49667672673218	10.1013008668058
1	9.32091834610859	10.6152331391795
1	6.9123546798909	3.09935328453243
1	1.07035984447719	-0.438183483939582
1	6.54460496586534	3.65263477322037
1	7.73540897138004	4.11294913243494
1	5.47983669390778	4.54456599352893
1	1.46692306421476	-1.13722612250956
1	5.3440734357843	4.77212483979945
1	5.23292947675027	2.60437256260919
1	12.0460714848872	3.60994968243296
1	1.62997162363475	8.09867950546399
1	2.88644765006361	7.85984108461119
1	4.668533833276	2.02858415270728
1	0.803780709811993	5.4537281380286
1	12.6076383930942	8.88760113023187
1	5.9359075149856	1.81336814803398
1	7.42547261116105	9.75569992751223
1	-2.9985591613619	0.354801958932338
1	10.8055576418856	3.44776698310013
1	8.12978496903149	4.15925337467613
1	-0.0621291524143852	6.9858971601059
1	0.475089487267889	5.44678952338939
1	2.05153761369778	4.86124840246486
1	6.02462503540665	8.81656327058029
1	8.74066847700793	4.49997383906672
1	8.39276821289705	10.1234384605629
1	-0.0540511022314258	7.61737926467719
1	10.2448781354606	8.42257025914296
1	3.19817493684269	7.53031398295133
1	-0.475229338323001	-0.0232991741232338
1	4.11027026380791	5.53214153007541
1	5.69035499382832	1.40138591005363
1	-1.18604411447534	0.155856021328578
1	5.09384561388329	5.94195155906357
1	8.82429058176307	10.2653666454153
1	-2.44773827934238	6.9028466153511
1	6.91695793778167	2.09769226969647
1	0.767720897728969	6.87651071738179
1	14.6158719177026	3.25259516907143
1	1.15683106764185	0.65098395783375
1	1.38770604247118	0.458931596762854
1	0.0230024708188306	6.21133198574448
1	-0.621341522821964	6.34581094157795
1	-0.0667370358522751	-0.0276474334151571
1	11.5106223174834	3.08053717979667
1	10.3809630483758	1.88292113915589
1	11.8207729573972	3.56338528309898
1	2.4545735165825	-0.122159065340557
1	-0.553269126895843	7.41966931748837
1	9.63762828435777	8.68792179681875
1	0.453897148631049	0.0836755873663266
1	2.26581546078627	4.82537405083076
1	1.12986398833778	0.199935936131652
1	7.45632988097753	8.71349832332506
1	8.15088203201351	1.67221329648635
1	5.63187883421854	2.08812566181201
1	0.0479606144664847	-0.62519239262056
1	5.85334177583055	4.27699339050065
1	7.47175317907716	2.24599220688478
1	0.94456294939532	6.24170692495184
1	8.52163708262522	9.80662449620874
1	2.08564079178643	-0.42193135545933
1	0.0115136148397563	7.54959681664089
1	7.32992453795833	3.74569928401869
1	12.8789455866351	9.68919975577379
1	-1.0826905038033	0.652314736042674
1	1.73616109502928	7.11973548208814
1	2.98812319560942	1.36590843205719
1	2.13777704125361	2.86646200654403
1	0.370577449836003	3.88523233703334
1	7.16402454575909	5.80331861448738
1	3.27689919299469	9.0078243802185
1	7.78067610730869	2.25656061629068
1	-1.62928343012448	8.91400670056898
1	1.91628439509508	9.35629225833513
1	11.1582838640615	6.64367856753189
1	11.150414870694	6.34092200025916
1	8.66180901230595	0.919776559539958
1	9.90929073231001	2.29757931445792
1	9.15011536979567	2.01647498449693
1	7.66580506057516	6.89427414826913
1	-4.34858158202059	3.9997064415995
1	6.76808851786802	7.68565358058166
1	4.77210484422042	5.08517746057922
1	7.49602192084265	7.18663341427412
1	5.03162066214857	9.80761015645805
1	1.68542638489522	3.96082919728464
1	5.25455808507939	7.75831230591684
1	2.45984371888309	9.26102277592111
1	8.10240287198131	2.35651761429207
1	9.99457053677909	6.55649321112769
1	5.90181810027828	1.52912461858986
1	4.53342840149862	2.88282121141394
1	-0.00841014455275049	4.01891673262265
1	6.83559412691964	0.457325350244478
1	-2.87807712491032	3.98331135019519
1	-0.766931271538602	8.63977267074518
1	1.13053242829008	3.58160473704821
1	6.65043333581921	4.93592766002676
1	9.44511717584912	6.05857166001099
1	5.38820949799105	5.04544598325569
1	7.81299269178465	2.10878999060643
1	-1.29491353050677	8.23540419115136
1	8.67049521087237	6.71695978518697
1	2.31378192939679	7.91879481199551
1	9.88122450101968	1.36083682242635
1	9.40661557055468	7.24485018563261
1	2.15311722002144	4.25933832511865
1	1.41268317376875	8.17399024995339
1	9.39955268545147	6.51240785619481
1	5.13947219406398	7.81074893796874
1	9.08499027724131	5.61395520842771
1	5.36810319444381	5.39115033569323
1	1.96156831766021	7.87212890821235
1	8.39846714223112	0.55231611242476
1	5.18780636190517	4.88958261923833
1	6.50776261402182	7.32705485148451
1	10.4478676194402	6.94882417682157
1	4.4694732489229	4.8933050629294
1	-0.871306030983109	8.55872827906826
1	2.30034665122364	4.51564454364679
1	2.34588715545427	2.66855271734152
1	12.3909498764063	1.00475219090798
1	13.9387180330806	1.2798297278271
1	0.23706642464464	3.35153229156387
1	4.02049231090547	5.28522371169903
1	10.7951485216016	6.65521486468479
1	0.233671824257256	4.21687101459548
1	4.94907873701757	9.05243110664827
1	1.83688095080756	3.13492322788151
1	4.02100722935262	4.71601184242235
1	0.533242306116686	3.50559657884556
1	8.37055999542821	6.54881722380828
1	4.19978810011259	2.79487273108168
1	0.11697167428337	4.90214995677057
1	7.66056494244898	7.6519152256979
1	10.1163885197263	1.13440102000077
1	4.45354499695112	8.69357520926151
1	1.2721136596478	3.5694112557756
1	-0.433043155965496	8.35071166647987
1	1.40126937391547	3.64213448120494
1	-1.42564467382355	3.51878573012406
1	1.09277664001855	4.88118498552719
1	0.58298273947091	8.85484477400706
1	-0.599831042607216	8.58863718253341
1	0.158479537609441	4.05594891070695
1	4.22277918280051	7.75712242145751
1	0.391714334442204	9.50863426339498
1	0.33177022213654	4.48279607024912
1	7.5173302663086	7.13786336706522
1	2.69585614553595	4.15155081189126
1	-2.37380881558173	3.43830119953146
1	6.47047610945289	7.56377912531319
1	7.73251541197951	2.26621484826279
1	9.98290102516725	7.12454808563122
1	9.31726091151868	1.49220974475394
1	5.30332070511052	2.67515788651663
1	10.0747615832888	1.69872930150222
1	3.82923596449484	2.61917080360865
1	11.5969566128186	0.892525068408702
1	12.2741860713448	6.46680925087228
1	1.49729153160628	8.70263277698427
1	7.15395395372344	7.77235381022126
1	4.05029911945523	7.94812055148971
1	-0.109726383816623	4.67978403664477
1	-0.553939803402985	4.2479638644443
1	-0.226251676677918	8.07770774384666
1	8.81242485221115	6.10986089521345
1	8.55632071564338	6.58563927544323
1	0.175002105410684	3.70437744806907
1	1.30168454422251	2.91186517598054
1	3.50342881885624	9.81504407542019
1	8.68840932869351	6.38276798872388
1	10.0117443452968	2.3667001725848
1	11.2590644663253	1.56560067330701
1	5.52246623443888	4.89806767993371
1	1.11859344544774	9.15943969519328
1	12.9970950903469	6.05088077299407
1	1.0340007896917	9.65724929723137
1	5.8384678084801	7.32207422767716
1	2.91957960781285	3.73810520385487
1	0.0349888098504865	4.45235396140758
1	8.9947178895006	1.74562026035506
1	6.34460717134618	0.454336769495693
1	6.99388021776221	7.1670211406697
1	9.43567368757619	1.31535809325758
1	2.98403160328304	4.59387837670366
1	9.61489063798503	6.44590916016927
1	2.1282747074767	9.80696539579823
1	7.42181550735181	5.06505661938402
1	3.63732299504189	4.95761317637022
1	8.14695862208917	1.98671492004388
1	5.21783591565566	7.54212423822696
1	3.79803920581527	4.66660723318189
1	5.52105325366223	5.21389628779691
1	6.72285671406426	2.31258671829601
1	4.20797677855704	2.51433394220019
1	8.91230044113409	6.02174609091722
1	9.03218425560953	5.82260975144278
1	8.49667672673218	1.06576774707745
1	9.32091834610859	0.668983783074869
1	6.9123546798909	6.47165616229788
1	1.07035984447719	9.20282899819765
1	6.54460496586534	6.04449244036055
1	7.73540897138004	5.68910445257591
1	5.47983669390778	5.35587251077891
1	1.46692306421476	9.74252834001471
1	5.3440734357843	5.18018457304725
1	5.23292947675027	6.85380848762756
1	12.0460714848872	6.07744767675427
1	1.62997162363475	2.61190151773843
1	2.88644765006361	2.79629790706108
1	4.668533833276	7.29834878989819
1	0.803780709811993	4.6539493605756
1	12.6076383930942	2.00281065812578
1	5.9359075149856	7.46450737545785
1	7.42547261116105	1.33259066913795
1	-2.9985591613619	8.59060064762952
1	10.8055576418856	6.20266163546658
1	8.12978496903149	5.65335503232304
1	-0.0621291524143852	3.47103065556038
1	0.475089487267889	4.65930635247751
1	2.05153761369778	5.11137628374274
1	6.02462503540665	2.05765579057218
1	8.74066847700793	5.39030010515668
1	8.39276821289705	1.04867630784202
1	-0.0540511022314258	2.98349175964472
1	10.2448781354606	2.36184005233373
1	3.19817493684269	3.05071094292471
1	-0.475229338323001	8.88251550573864
1	4.11027026380791	4.59340991170324
1	5.69035499382832	7.78258030893894
1	-1.18604411447534	8.74419784708158
1	5.09384561388329	4.27701404296568
1	8.82429058176307	0.939099947654852
1	-2.44773827934238	3.53515024121743
1	6.91695793778167	7.24499352486087
1	0.767720897728969	3.5554830020763
1	14.6158719177026	6.3533450040634
1	1.15683106764185	8.36193186400259
1	1.38770604247118	8.51020684344649
1	0.0230024708188306	4.06903754631664
1	-0.621341522821964	3.96521240039987
1	-0.0667370358522751	8.88587260092628
1	11.5106223174834	6.4861832294339
1	10.3809630483758	7.41080864313632
1	11.8207729573972	6.11339795258303
1	2.4545735165825	8.95884077586986
1	-0.553269126895843	3.13613470655676
1	9.63762828435777	2.15697407945583
1	0.453897148631049	8.79992510970062
1	2.26581546078627	5.13907325513871
1	1.12986398833778	8.71016572987734
1	7.45632988097753	2.13722759510738
1	8.15088203201351	7.57348667982529
1	5.63187883421854	7.25237947200313
1	0.0479606144664847	9.34721015516901
1	5.85334177583055	5.56245326819601
1	7.47175317907716	7.13049782162913
1	0.94456294939532	4.04558642360476
1	8.52163708262522	1.29327410289236
1	2.08564079178643	9.19028146166702
1	0.0115136148397563	3.03582353538128
1	7.32992453795833	5.97264152247214
1	12.8789455866351	1.38393245708865
1	-1.0826905038033	8.36090443007534
1	1.73616109502928	3.36770011419101
1	2.98812319560942	7.80997087207137
1	2.13777704125361	10.7631888903911
1	0.370577449836003	8.01548782033944
1	7.16402454575909	2.84226323842564
1	3.27689919299469	-5.30389799172775
1	7.78067610730869	12.408139329633
1	-1.62928343012448	-5.30389799172775
1	1.91628439509508	-5.30389799172775
1	11.1582838640615	0.575748526419954
1	11.150414870694	1.39230601633122
1	8.66180901230595	15.7130630218298
1	9.90929073231001	12.2975087807515
1	9.15011536979567	13.0556685397415
1	7.66580506057516	-0.100126815386676
1	-4.34858158202059	7.70674245330609
1	6.76808851786802	-2.23453733746928
1	4.77210484422042	4.77914455307268
1	7.49602192084265	-0.888641992949386
1	5.03162066214857	-5.30389799172775
1	1.68542638489522	7.81159733826656
1	5.25455808507939	-2.43050344619584
1	2.45984371888309	-5.30389799172775
1	8.10240287198131	12.1385477031909
1	9.99457053677909	0.810894064050204
1	5.90181810027828	14.3700895449643
1	4.53342840149862	10.7190668705589
1	-0.00841014455275049	7.6549308372621
1	6.83559412691964	15.7130630218298
1	-2.87807712491032	7.75096126185107
1	-0.766931271538602	-5.30389799172775
1	1.13053242829008	8.83439455172772
1	6.65043333581921	5.1816826172564
1	9.44511717584912	2.15382635983861
1	5.38820949799105	4.88630336943138
1	7.81299269178465	12.8066879466896
1	-1.29491353050677	-3.71725654877414
1	8.67049521087237	0.378103508559216
1	2.31378192939679	-2.86333697155494
1	9.88122450101968	15.7130630218298
1	9.40661557055468	-1.04565705333091
1	2.15311722002144	7.00649551558612
1	1.41268317376875	-3.55161847815551
1	9.39955268545147	0.929795619481733
1	5.13947219406398	-2.57192903122413
1	9.08499027724131	3.35299074774452
1	5.36810319444381	3.95391243627781
1	1.96156831766021	-2.73747547959499
1	8.39846714223112	15.7130630218298
1	5.18780636190517	5.30667871731441
1	6.50776261402182	-1.26736928970515
1	10.4478676194402	-0.247252391524019
1	4.4694732489229	5.29663900354668
1	-0.871306030983109	-5.30389799172775
1	2.30034665122364	6.31521814930045
1	2.34588715545427	11.2969652965549
1	12.3909498764063	15.7130630218298
1	13.9387180330806	15.7130630218298
1	0.23706642464464	9.45491743674645
1	4.02049231090547	4.23960459807839
1	10.7951485216016	0.544634255535922
1	0.233671824257256	7.12103308217455
1	4.94907873701757	-5.30389799172775
1	1.83688095080756	10.0391285570065
1	4.02100722935262	5.77481230435939
1	0.533242306116686	9.03939433565915
1	8.37055999542821	0.831596785694147
1	4.19978810011259	10.9562706114671
1	0.11697167428337	5.27278365210529
1	7.66056494244898	-2.14354242817374
1	10.1163885197263	15.7130630218298
1	4.45354499695112	-5.30389799172775
1	1.2721136596478	8.86728129816871
1	-0.433043155965496	-4.0282495801406
1	1.40126937391547	8.67114122778225
1	-1.42564467382355	9.00382219148061
1	1.09277664001855	5.32932777416603
1	0.58298273947091	-5.30389799172775
1	-0.599831042607216	-5.30389799172775
1	0.158479537609441	7.55505223626309
1	4.22277918280051	-2.42729423730519
1	0.391714334442204	-5.30389799172775
1	0.33177022213654	6.40381298054271
1	7.5173302663086	-0.757105466126922
1	2.69585614553595	7.29720663718982
1	-2.37380881558173	9.22089509222523
1	6.47047610945289	-1.90583266171347
1	7.73251541197951	12.3821011316934
1	9.98290102516725	-0.721193139325386
1	9.31726091151868	14.4696517674831
1	5.30332070511052	11.2791506528936
1	10.0747615832888	13.9126528148426
1	3.82923596449484	11.4301520739317
1	11.5969566128186	15.7130630218298
1	12.2741860713448	1.05277852631355
1	1.49729153160628	-5.30389799172775
1	7.15395395372344	-2.46837445131617
1	4.05029911945523	-2.94243072151678
1	-0.109726383816623	5.87252145206579
1	-0.553939803402985	7.03717330117807
1	-0.226251676677918	-3.29193723583897
1	8.81242485221115	2.01549539138545
1	8.55632071564338	0.732284911711492
1	0.175002105410684	8.50326721188545
1	1.30168454422251	10.6407330890089
1	3.50342881885624	-5.30389799172775
1	8.68840932869351	1.27944420259285
1	10.0117443452968	12.1110845689796
1	11.2590644663253	14.2717108509858
1	5.52246623443888	5.28379386323649
1	1.11859344544774	-5.30389799172775
1	12.9970950903469	2.17456926710003
1	1.0340007896917	-5.30389799172775
1	5.8384678084801	-1.25393616846535
1	2.91957960781285	8.41230088916325
1	0.0349888098504865	6.48591766354655
1	8.9947178895006	13.7861843322418
1	6.34460717134618	15.7130630218298
1	6.99388021776221	-0.835746199308519
1	9.43567368757619	15.7130630218298
1	2.98403160328304	6.10421555100004
1	9.61489063798503	1.10914766062201
1	2.1282747074767	-5.30389799172775
1	7.42181550735181	4.83341199218807
1	3.63732299504189	5.12319513025537
1	8.14695862208917	13.1359336971526
1	5.21783591565566	-1.84742778414888
1	3.79803920581527	5.90806029324642
1	5.52105325366223	4.43198008557984
1	6.72285671406426	12.2570326711216
1	4.20797677855704	11.7129050631501
1	8.91230044113409	2.25314772067526
1	9.03218425560953	2.79023357475316
1	8.49667672673218	15.7130630218298
1	9.32091834610859	15.7130630218298
1	6.9123546798909	1.03970603753762
1	1.07035984447719	-5.30389799172775
1	6.54460496586534	2.1917990861158
1	7.73540897138004	3.15030752034782
1	5.47983669390778	4.04905941333947
1	1.46692306421476	-5.30389799172775
1	5.3440734357843	4.52290314440746
1	5.23292947675027	0.00901214922352889
1	12.0460714848872	2.10291630695268
1	1.62997162363475	11.4497578908331
1	2.88644765006361	10.9524268034503
1	4.668533833276	-1.18994685819418
1	0.803780709811993	5.94219953843644
1	12.6076383930942	13.0925222672873
1	5.9359075149856	-1.63808920164196
1	7.42547261116105	15.7130630218298
1	-2.9985591613619	-5.30389799172775
1	10.8055576418856	1.76520473640275
1	8.12978496903149	3.24672642590757
1	-0.0621291524143852	9.13262125987906
1	0.475089487267889	5.92775132381867
1	2.05153761369778	4.70848433429118
1	6.02462503540665	12.944600773502
1	8.74066847700793	3.95620557270428
1	8.39276821289705	15.7130630218298
1	-0.0540511022314258	10.4475507448748
1	10.2448781354606	12.1241926829625
1	3.19817493684269	10.2662554948083
1	-0.475229338323001	-5.30389799172775
1	4.11027026380791	6.10547903673811
1	5.69035499382832	-2.49595609619578
1	-1.18604411447534	-5.30389799172775
1	5.09384561388329	6.95882276011935
1	8.82429058176307	15.7130630218298
1	-2.44773827934238	8.95968586036019
1	6.91695793778167	-1.04604365013207
1	0.767720897728969	8.90484685779306
1	14.6158719177026	1.35880023016472
1	1.15683106764185	-4.05851130627917
1	1.38770604247118	-5.30389799172775
1	0.0230024708188306	7.51975119048863
1	-0.621341522821964	7.79977550607382
1	-0.0667370358522751	-5.30389799172775
1	11.5106223174834	1.00052543252805
1	10.3809630483758	-1.49325963618982
1	11.8207729573972	2.00595567862745
1	2.4545735165825	-5.30389799172775
1	-0.553269126895843	10.0358611068731
1	9.63762828435777	12.6767317941313
1	0.453897148631049	-5.30389799172775
1	2.26581546078627	4.63378349577604
1	1.12986398833778	-5.30389799172775
1	7.45632988097753	12.7299895643571
1	8.15088203201351	-1.93201467459923
1	5.63187883421854	-1.0659641113575
1	0.0479606144664847	-5.30389799172775
1	5.85334177583055	3.49189539784008
1	7.47175317907716	-0.737240029854799
1	0.94456294939532	7.58300065215916
1	8.52163708262522	15.7130630218298
1	2.08564079178643	-5.30389799172775
1	0.0115136148397563	10.3064079653045
1	7.32992453795833	2.38558647671574
1	12.8789455866351	15.7130630218298
1	-1.0826905038033	-4.0557402388297
1	1.73616109502928	9.41131158937979
1	2.98812319560942	-2.56983052831842
1	2.13777704125361	-1.95650096415608
1	0.370577449836003	1.36265944359407
1	7.16402454575909	7.61179709537129
1	3.27689919299469	15.7130630218298
1	7.78067610730869	-3.94356368730036
1	-1.62928343012448	15.7130630218298
1	1.91628439509508	15.7130630218298
1	11.1582838640615	10.3496953251562
1	11.150414870694	9.36331244649963
1	8.66180901230595	-5.30389799172775
1	9.90929073231001	-3.80992450007671
1	9.15011536979567	-5.30389799172775
1	7.66580506057516	11.1661373681245
1	-4.34858158202059	1.73561682585915
1	6.76808851786802	13.744456740635
1	4.77210484422042	5.27208851347423
1	7.49602192084265	12.1186457711682
1	5.03162066214857	15.7130630218298
1	1.68542638489522	1.60895450930902
1	5.25455808507939	13.9811793435541
1	2.45984371888309	15.7130630218298
1	8.10240287198131	-3.61790313328281
1	9.99457053677909	10.0656448630924
1	5.90181810027828	-5.30389799172775
1	4.53342840149862	-1.90320256756812
1	-0.00841014455275049	1.7982040798036
1	6.83559412691964	-5.30389799172775
1	-2.87807712491032	1.68220151070712
1	-0.766931271538602	15.7130630218298
1	1.13053242829008	0.373438734656837
1	6.65043333581921	4.78583168597083
1	9.44511717584912	8.44341318911116
1	5.38820949799105	5.14264310018825
1	7.81299269178465	-5.30389799172775
1	-1.29491353050677	15.7130630218298
1	8.67049521087237	10.5884460121297
1	2.31378192939679	14.5040323992149
1	9.88122450101968	-5.30389799172775
1	9.40661557055468	12.3083163934638
1	2.15311722002144	2.58149920246161
1	1.41268317376875	15.7130630218298
1	9.39955268545147	9.92201448804551
1	5.13947219406398	14.1520182341398
1	9.08499027724131	6.99484987845725
1	5.36810319444381	6.26895014413842
1	1.96156831766021	14.351994579116
1	8.39846714223112	-5.30389799172775
1	5.18780636190517	4.63483923960987
1	6.50776261402182	12.5761397330941
1	10.4478676194402	11.3438617183477
1	4.4694732489229	4.64696698553034
1	-0.871306030983109	15.7130630218298
1	2.30034665122364	3.41654654074652
1	2.34588715545427	-2.60129072430884
1	12.3909498764063	-5.30389799172775
1	13.9387180330806	-5.30389799172775
1	0.23706642464464	-0.376138799269876
1	4.02049231090547	5.9238405095466
1	10.7951485216016	10.3872806568213
1	0.233671824257256	2.44314042669667
1	4.94907873701757	15.7130630218298
1	1.83688095080756	-1.08185254712608
1	4.02100722935262	4.06934451218359
1	0.533242306116686	0.125803657523153
1	8.37055999542821	10.0406364461426
1	4.19978810011259	-2.18973929238658
1	0.11697167428337	4.67578370758218
1	7.66056494244898	13.6345369595015
1	10.1163885197263	-5.30389799172775
1	4.45354499695112	15.7130630218298
1	1.2721136596478	0.333712292826464
1	-0.433043155965496	15.7130630218298
1	1.40126937391547	0.570645037474644
1	-1.42564467382355	0.168773998752441
1	1.09277664001855	4.60747969399039
1	0.58298273947091	15.7130630218298
1	-0.599831042607216	15.7130630218298
1	0.158479537609441	1.91885515849287
1	4.22277918280051	13.9773026921941
1	0.391714334442204	15.7130630218298
1	0.33177022213654	3.30952599932165
1	7.5173302663086	11.9597526380102
1	2.69585614553595	2.23032677856271
1	-2.37380881558173	-0.0934451289394573
1	6.47047610945289	13.3473889673235
1	7.73251541197951	-3.91211013631827
1	9.98290102516725	11.9163713639084
1	9.31726091151868	-5.30389799172775
1	5.30332070511052	-2.57977103988497
1	10.0747615832888	-5.30389799172775
1	3.82923596449484	-2.76217732260851
1	11.5969566128186	-5.30389799172775
1	12.2741860713448	9.77345393332021
1	1.49729153160628	15.7130630218298
1	7.15395395372344	14.0269266565232
1	4.05029911945523	14.599575850515
1	-0.109726383816623	3.95131408373672
1	-0.553939803402985	2.54444113510339
1	-0.226251676677918	15.7130630218298
1	8.81242485221115	8.61051385324812
1	8.55632071564338	10.1606029314839
1	0.175002105410684	0.773433031091505
1	1.30168454422251	-1.80857714082716
1	3.50342881885624	15.7130630218298
1	8.68840932869351	9.49964695092964
1	10.0117443452968	-3.58472829168864
1	11.2590644663253	-5.30389799172775
1	5.52246623443888	4.66248362291651
1	1.11859344544774	15.7130630218298
1	12.9970950903469	8.4183562288493
1	1.0340007896917	15.7130630218298
1	5.8384678084801	12.5599128281161
1	2.91957960781285	0.883318280294572
1	0.0349888098504865	3.21034540937774
1	8.9947178895006	-5.30389799172775
1	6.34460717134618	-5.30389799172775
1	6.99388021776221	12.0547488553418
1	9.43567368757619	-5.30389799172775
1	2.98403160328304	3.67143288112924
1	9.61489063798503	9.7053613009538
1	2.1282747074767	15.7130630218298
1	7.42181550735181	5.20653468110686
1	3.63732299504189	4.85648324021686
1	8.14695862208917	-5.30389799172775
1	5.21783591565566	13.2768372033981
1	3.79803920581527	3.90838397177157
1	5.52105325366223	5.69145529541395
1	6.72285671406426	-3.76103028010213
1	4.20797677855704	-3.10373650356015
1	8.91230044113409	8.32343524386594
1	9.03218425560953	7.67464774589238
1	8.49667672673218	-5.30389799172775
1	9.32091834610859	-5.30389799172775
1	6.9123546798909	9.78924520248291
1	1.07035984447719	15.7130630218298
1	6.54460496586534	8.39754299929781
1	7.73540897138004	7.23968660797729
1	5.47983669390778	6.15401475956463
1	1.46692306421476	15.7130630218298
1	5.3440734357843	5.58162230801169
1	5.23292947675027	11.0342999807809
1	12.0460714848872	8.50491137526293
1	1.62997162363475	-2.78586070357376
1	2.88644765006361	-2.18509605971348
1	4.668533833276	12.4826151964755
1	0.803780709811993	3.86714453993518
1	12.6076383930942	-5.30389799172775
1	5.9359075149856	13.0239609562529
1	7.42547261116105	-5.30389799172775
1	-2.9985591613619	15.7130630218298
1	10.8055576418856	8.91285927266189
1	8.12978496903149	7.12321476270247
1	-0.0621291524143852	0.0131876531187087
1	0.475089487267889	3.88459765462974
1	2.05153761369778	5.35744445089362
1	6.02462503540665	-5.30389799172775
1	8.74066847700793	6.26618008748296
1	8.39276821289705	-5.30389799172775
1	-0.0540511022314258	-1.57521726223083
1	10.2448781354606	-3.6005625952912
1	3.19817493684269	-1.35621672294629
1	-0.475229338323001	15.7130630218298
1	4.11027026380791	3.66990661909031
1	5.69035499382832	14.0602446563095
1	-1.18604411447534	15.7130630218298
1	5.09384561388329	2.63908680694971
1	8.82429058176307	-5.30389799172775
1	-2.44773827934238	0.222089683051209
1	6.91695793778167	12.3087833936081
1	0.767720897728969	0.288333951070465
1	14.6158719177026	9.40378667424097
1	1.15683106764185	15.7130630218298
1	1.38770604247118	15.7130630218298
1	0.0230024708188306	1.96149801901502
1	-0.621341522821964	1.62323501376013
1	-0.0667370358522751	15.7130630218298
1	11.5106223174834	9.83657448233685
1	10.3809630483758	12.8490101347244
1	11.8207729573972	8.62203760931925
1	2.4545735165825	15.7130630218298
1	-0.553269126895843	-1.0779055416692
1	9.63762828435777	-4.26801727641148
1	0.453897148631049	15.7130630218298
1	2.26581546078627	5.4476813650644
1	1.12986398833778	15.7130630218298
1	7.45632988097753	-4.33235145172081
1	8.15088203201351	13.3790162434901
1	5.63187883421854	12.3328468577615
1	0.0479606144664847	15.7130630218298
1	5.85334177583055	6.82705621994224
1	7.47175317907716	11.935755642749
1	0.94456294939532	1.88509410765926
1	8.52163708262522	-5.30389799172775
1	2.08564079178643	15.7130630218298
1	0.0115136148397563	-1.40471999420709
1	7.32992453795833	8.16345223832997
1	12.8789455866351	-5.30389799172775
1	-1.0826905038033	15.7130630218298
1	1.73616109502928	-0.323463927282037
1	2.98812319560942	14.1494832903513
1	2.13777704125361	15.7130630218298
1	0.370577449836003	12.0787339629209
1	7.16402454575909	-0.0707519405585932
1	3.27689919299469	-5.30389799172775
1	7.78067610730869	15.7130630218298
1	-1.62928343012448	-5.30389799172775
1	1.91628439509508	-5.30389799172775
1	11.1582838640615	-5.30389799172775
1	11.150414870694	-3.47602355626862
1	8.66180901230595	15.7130630218298
1	9.90929073231001	15.7130630218298
1	9.15011536979567	15.7130630218298
1	7.66580506057516	-5.30389799172775
1	-4.34858158202059	11.3536354435853
1	6.76808851786802	-5.30389799172775
1	4.77210484422042	4.47807671677208
1	7.49602192084265	-5.30389799172775
1	5.03162066214857	-5.30389799172775
1	1.68542638489522	11.5998905455177
1	5.25455808507939	-5.30389799172775
1	2.45984371888309	-5.30389799172775
1	8.10240287198131	15.7130630218298
1	9.99457053677909	-5.30389799172775
1	5.90181810027828	15.7130630218298
1	4.53342840149862	15.7130630218298
1	-0.00841014455275049	11.2319541810003
1	6.83559412691964	15.7130630218298
1	-2.87807712491032	11.457484751223
1	-0.766931271538602	-5.30389799172775
1	1.13053242829008	14.0019630112113
1	6.65043333581921	5.42345043078256
1	9.44511717584912	-1.68756830323317
1	5.38820949799105	4.72974267640107
1	7.81299269178465	15.7130630218298
1	-1.29491353050677	-5.30389799172775
1	8.67049521087237	-5.30389799172775
1	2.31378192939679	-5.30389799172775
1	9.88122450101968	15.7130630218298
1	9.40661557055468	-5.30389799172775
1	2.15311722002144	9.70908277356839
1	1.41268317376875	-5.30389799172775
1	9.39955268545147	-5.30389799172775
1	5.13947219406398	-5.30389799172775
1	9.08499027724131	1.12870819822653
1	5.36810319444381	2.53999229547122
1	1.96156831766021	-5.30389799172775
1	8.39846714223112	15.7130630218298
1	5.18780636190517	5.71700783034993
1	6.50776261402182	-5.30389799172775
1	10.4478676194402	-5.30389799172775
1	4.4694732489229	5.6934292365803
1	-0.871306030983109	-5.30389799172775
1	2.30034665122364	8.08559543330388
1	2.34588715545427	15.7130630218298
1	12.3909498764063	15.7130630218298
1	13.9387180330806	15.7130630218298
1	0.23706642464464	15.7130630218298
1	4.02049231090547	3.2109496137879
1	10.7951485216016	-5.30389799172775
1	0.233671824257256	9.97807796769741
1	4.94907873701757	-5.30389799172775
1	1.83688095080756	15.7130630218298
1	4.02100722935262	6.81643475966453
1	0.533242306116686	14.483411660048
1	8.37055999542821	-5.30389799172775
1	4.19978810011259	15.7130630218298
1	0.11697167428337	5.637404169145
1	7.66056494244898	-5.30389799172775
1	10.1163885197263	15.7130630218298
1	4.45354499695112	-5.30389799172775
1	1.2721136596478	14.0791986030495
1	-0.433043155965496	-5.30389799172775
1	1.40126937391547	13.618557279145
1	-1.42564467382355	14.3998693244292
1	1.09277664001855	5.77019987577319
1	0.58298273947091	-5.30389799172775
1	-0.599831042607216	-5.30389799172775
1	0.158479537609441	10.9973860435297
1	4.22277918280051	-5.30389799172775
1	0.391714334442204	-5.30389799172775
1	0.33177022213654	8.29366327112059
1	7.5173302663086	-5.30389799172775
1	2.69585614553595	10.3918272819466
1	-2.37380881558173	15.7130630218298
1	6.47047610945289	-5.30389799172775
1	7.73251541197951	15.7130630218298
1	9.98290102516725	-5.30389799172775
1	9.31726091151868	15.7130630218298
1	5.30332070511052	15.7130630218298
1	10.0747615832888	15.7130630218298
1	3.82923596449484	15.7130630218298
1	11.5969566128186	15.7130630218298
1	12.2741860713448	-4.27341489091806
1	1.49729153160628	-5.30389799172775
1	7.15395395372344	-5.30389799172775
1	4.05029911945523	-5.30389799172775
1	-0.109726383816623	7.04590786563604
1	-0.553939803402985	9.7811305491284
1	-0.226251676677918	-5.30389799172775
1	8.81242485221115	-2.01244307420524
1	8.55632071564338	-5.30389799172775
1	0.175002105410684	13.2242997019988
1	1.30168454422251	15.7130630218298
1	3.50342881885624	-5.30389799172775
1	8.68840932869351	-3.74108319041817
1	10.0117443452968	15.7130630218298
1	11.2590644663253	15.7130630218298
1	5.52246623443888	5.66326200748446
1	1.11859344544774	-5.30389799172775
1	12.9970950903469	-1.63885291201453
1	1.0340007896917	-5.30389799172775
1	5.8384678084801	-5.30389799172775
1	2.91957960781285	13.01066233944
1	0.0349888098504865	8.48648878506643
1	8.9947178895006	15.7130630218298
1	6.34460717134618	15.7130630218298
1	6.99388021776221	-5.30389799172775
1	9.43567368757619	15.7130630218298
1	2.98403160328304	7.59004898001226
1	9.61489063798503	-4.14103014870787
1	2.1282747074767	-5.30389799172775
1	7.42181550735181	4.60552555958001
1	3.63732299504189	5.28609066849167
1	8.14695862208917	15.7130630218298
1	5.21783591565566	-5.30389799172775
1	3.79803920581527	7.12937198808292
1	5.52105325366223	3.66274969255216
1	6.72285671406426	15.7130630218298
1	4.20797677855704	15.7130630218298
1	8.91230044113409	-1.45430886237725
1	9.03218425560953	-0.192945295079012
1	8.49667672673218	15.7130630218298
1	9.32091834610859	15.7130630218298
1	6.9123546798909	-4.30411605526762
1	1.07035984447719	-5.30389799172775
1	6.54460496586534	-1.59838812260958
1	7.73540897138004	0.652700057629449
1	5.47983669390778	2.76344806049074
1	1.46692306421476	-5.30389799172775
1	5.3440734357843	3.87628544844983
1	5.23292947675027	-5.30389799172775
1	12.0460714848872	-1.807132215468
1	1.62997162363475	15.7130630218298
1	2.88644765006361	15.7130630218298
1	4.668533833276	-5.30389799172775
1	0.803780709811993	7.20954911390144
1	12.6076383930942	15.7130630218298
1	5.9359075149856	-5.30389799172775
1	7.42547261116105	15.7130630218298
1	-2.9985591613619	-5.30389799172775
1	10.8055576418856	-2.60025880428513
1	8.12978496903149	0.879142988025802
1	-0.0621291524143852	14.7023581186252
1	0.475089487267889	7.17561701274296
1	2.05153761369778	4.3121288986503
1	6.02462503540665	15.7130630218298
1	8.74066847700793	2.54537780082615
1	8.39276821289705	15.7130630218298
1	-0.0540511022314258	15.7130630218298
1	10.2448781354606	15.7130630218298
1	3.19817493684269	15.7130630218298
1	-0.475229338323001	-5.30389799172775
1	4.11027026380791	7.59301631729307
1	5.69035499382832	-5.30389799172775
1	-1.18604411447534	-5.30389799172775
1	5.09384561388329	9.59712175943641
1	8.82429058176307	15.7130630218298
1	-2.44773827934238	14.2962137177011
1	6.91695793778167	-5.30389799172775
1	0.767720897728969	14.1674225395683
1	14.6158719177026	-3.5547129830022
1	1.15683106764185	-5.30389799172775
1	1.38770604247118	-5.30389799172775
1	0.0230024708188306	10.9144803913153
1	-0.621341522821964	11.5721265887621
1	-0.0667370358522751	-5.30389799172775
1	11.5106223174834	-5.30389799172775
1	10.3809630483758	-5.30389799172775
1	11.8207729573972	-2.03484739936866
1	2.4545735165825	-5.30389799172775
1	-0.553269126895843	15.7130630218298
1	9.63762828435777	15.7130630218298
1	0.453897148631049	-5.30389799172775
1	2.26581546078627	4.13669155388649
1	1.12986398833778	-5.30389799172775
1	7.45632988097753	15.7130630218298
1	8.15088203201351	-5.30389799172775
1	5.63187883421854	-5.30389799172775
1	0.0479606144664847	-5.30389799172775
1	5.85334177583055	1.45493027916303
1	7.47175317907716	-5.30389799172775
1	0.94456294939532	11.0630238057372
1	8.52163708262522	15.7130630218298
1	2.08564079178643	-5.30389799172775
1	0.0115136148397563	15.7130630218298
1	7.32992453795833	-1.1432721435745
1	12.8789455866351	15.7130630218298
1	-1.0826905038033	-5.30389799172775
1	1.73616109502928	15.7130630218298
1	2.98812319560942	-5.30389799172775
1	2.13777704125361	-5.30389799172775
1	0.370577449836003	-5.30389799172775
1	7.16402454575909	12.3039499612852
1	3.27689919299469	15.7130630218298
1	7.78067610730869	-5.30389799172775
1	-1.62928343012448	15.7130630218298
1	1.91628439509508	15.7130630218298
1	11.1582838640615	15.7130630218298
1	11.150414870694	15.7130630218298
1	8.66180901230595	-5.30389799172775
1	9.90929073231001	-5.30389799172775
1	9.15011536979567	-5.30389799172775
1	7.66580506057516	15.7130630218298
1	-4.34858158202059	-4.13863316727458
1	6.76808851786802	15.7130630218298
1	4.77210484422042	5.75703494336979
1	7.49602192084265	15.7130630218298
1	5.03162066214857	15.7130630218298
1	1.68542638489522	-5.30389799172775
1	5.25455808507939	15.7130630218298
1	2.45984371888309	15.7130630218298
1	8.10240287198131	-5.30389799172775
1	9.99457053677909	15.7130630218298
1	5.90181810027828	-5.30389799172775
1	4.53342840149862	-5.30389799172775
1	-0.00841014455275049	-3.96350305237507
1	6.83559412691964	-5.30389799172775
1	-2.87807712491032	-4.28809858859298
1	-0.766931271538602	15.7130630218298
1	1.13053242829008	-5.30389799172775
1	6.65043333581921	4.39640304622782
1	9.44511717584912	14.6309576644544
1	5.38820949799105	5.39482397111481
1	7.81299269178465	-5.30389799172775
1	-1.29491353050677	15.7130630218298
1	8.67049521087237	15.7130630218298
1	2.31378192939679	15.7130630218298
1	9.88122450101968	-5.30389799172775
1	9.40661557055468	15.7130630218298
1	2.15311722002144	-1.77170590222245
1	1.41268317376875	15.7130630218298
1	9.39955268545147	15.7130630218298
1	5.13947219406398	15.7130630218298
1	9.08499027724131	10.5776234303115
1	5.36810319444381	8.54642864439529
1	1.96156831766021	15.7130630218298
1	8.39846714223112	-5.30389799172775
1	5.18780636190517	3.97389969588716
1	6.50776261402182	15.7130630218298
1	10.4478676194402	15.7130630218298
1	4.4694732489229	4.00783525628752
1	-0.871306030983109	15.7130630218298
1	2.30034665122364	0.564903025054739
1	2.34588715545427	-5.30389799172775
1	12.3909498764063	-5.30389799172775
1	13.9387180330806	-5.30389799172775
1	0.23706642464464	-5.30389799172775
1	4.02049231090547	7.58075135149733
1	10.7951485216016	15.7130630218298
1	0.233671824257256	-2.15885802617688
1	4.94907873701757	15.7130630218298
1	1.83688095080756	-5.30389799172775
1	4.02100722935262	2.39154625572612
1	0.533242306116686	-5.30389799172775
1	8.37055999542821	15.7130630218298
1	4.19978810011259	-5.30389799172775
1	0.11697167428337	4.08846949929879
1	7.66056494244898	15.7130630218298
1	10.1163885197263	-5.30389799172775
1	4.45354499695112	15.7130630218298
1	1.2721136596478	-5.30389799172775
1	-0.433043155965496	15.7130630218298
1	1.40126937391547	-5.30389799172775
1	-1.42564467382355	-5.30389799172775
1	1.09277664001855	3.89734288813535
1	0.58298273947091	15.7130630218298
1	-0.599831042607216	15.7130630218298
1	0.158479537609441	-3.62590017092647
1	4.22277918280051	15.7130630218298
1	0.391714334442204	15.7130630218298
1	0.33177022213654	0.265440777789809
1	7.5173302663086	15.7130630218298
1	2.69585614553595	-2.75434794306898
1	-2.37380881558173	-5.30389799172775
1	6.47047610945289	15.7130630218298
1	7.73251541197951	-5.30389799172775
1	9.98290102516725	15.7130630218298
1	9.31726091151868	-5.30389799172775
1	5.30332070511052	-5.30389799172775
1	10.0747615832888	-5.30389799172775
1	3.82923596449484	-5.30389799172775
1	11.5969566128186	-5.30389799172775
1	12.2741860713448	15.7130630218298
1	1.49729153160628	15.7130630218298
1	7.15395395372344	15.7130630218298
1	4.05029911945523	15.7130630218298
1	-0.109726383816623	2.06127641334121
1	-0.553939803402985	-1.87540087500651
1	-0.226251676677918	15.7130630218298
1	8.81242485221115	15.7130630218298
1	8.55632071564338	15.7130630218298
1	0.175002105410684	-5.30389799172775
1	1.30168454422251	-5.30389799172775
1	3.50342881885624	15.7130630218298
1	8.68840932869351	15.7130630218298
1	10.0117443452968	-5.30389799172775
1	11.2590644663253	-5.30389799172775
1	5.52246623443888	4.05125352945069
1	1.11859344544774	15.7130630218298
1	12.9970950903469	14.5608438944273
1	1.0340007896917	15.7130630218298
1	5.8384678084801	15.7130630218298
1	2.91957960781285	-5.30389799172775
1	0.0349888098504865	-0.0120839100339145
1	8.9947178895006	-5.30389799172775
1	6.34460717134618	-5.30389799172775
1	6.99388021776221	15.7130630218298
1	9.43567368757619	-5.30389799172775
1	2.98403160328304	1.27811971478458
1	9.61489063798503	15.7130630218298
1	2.1282747074767	15.7130630218298
1	7.42181550735181	5.57360382167861
1	3.63732299504189	4.59409848792141
1	8.14695862208917	-5.30389799172775
1	5.21783591565566	15.7130630218298
1	3.79803920581527	1.94115042973793
1	5.52105325366223	6.93049675991357
1	6.72285671406426	-5.30389799172775
1	4.20797677855704	-5.30389799172775
1	8.91230044113409	14.2952383284559
1	9.03218425560953	12.4798171060082
1	8.49667672673218	-5.30389799172775
1	9.32091834610859	-5.30389799172775
1	6.9123546798909	15.7130630218298
1	1.07035984447719	15.7130630218298
1	6.54460496586534	14.502604827316
1	7.73540897138004	11.2627195460561
1	5.47983669390778	8.22481927766557
1	1.46692306421476	15.7130630218298
1	5.3440734357843	6.62316479547578
1	5.23292947675027	15.7130630218298
1	12.0460714848872	15.7130630218298
1	1.62997162363475	-5.30389799172775
1	2.88644765006361	-5.30389799172775
1	4.668533833276	15.7130630218298
1	0.803780709811993	1.82575526569529
1	12.6076383930942	-5.30389799172775
1	5.9359075149856	15.7130630218298
1	7.42547261116105	-5.30389799172775
1	-2.9985591613619	15.7130630218298
1	10.8055576418856	15.7130630218298
1	8.12978496903149	10.936810892776
1	-0.0621291524143852	-5.30389799172775
1	0.475089487267889	1.87459214204276
1	2.05153761369778	5.99587582846246
1	6.02462503540665	-5.30389799172775
1	8.74066847700793	8.53867753998064
1	8.39276821289705	-5.30389799172775
1	-0.0540511022314258	-5.30389799172775
1	10.2448781354606	-5.30389799172775
1	3.19817493684269	-5.30389799172775
1	-0.475229338323001	15.7130630218298
1	4.11027026380791	1.27384896587967
1	5.69035499382832	15.7130630218298
1	-1.18604411447534	15.7130630218298
1	5.09384561388329	-1.61056568348495
1	8.82429058176307	-5.30389799172775
1	-2.44773827934238	-5.30389799172775
1	6.91695793778167	15.7130630218298
1	0.767720897728969	-5.30389799172775
1	14.6158719177026	15.7130630218298
1	1.15683106764185	15.7130630218298
1	1.38770604247118	15.7130630218298
1	0.0230024708188306	-3.50657796724717
1	-0.621341522821964	-5.30389799172775
1	-0.0667370358522751	15.7130630218298
1	11.5106223174834	15.7130630218298
1	10.3809630483758	15.7130630218298
1	11.8207729573972	15.7130630218298
1	2.4545735165825	15.7130630218298
1	-0.553269126895843	-5.30389799172775
1	9.63762828435777	-5.30389799172775
1	0.453897148631049	15.7130630218298
1	2.26581546078627	6.24837454267242
1	1.12986398833778	15.7130630218298
1	7.45632988097753	-5.30389799172775
1	8.15088203201351	15.7130630218298
1	5.63187883421854	15.7130630218298
1	0.0479606144664847	15.7130630218298
1	5.85334177583055	10.1081073412812
1	7.47175317907716	15.7130630218298
1	0.94456294939532	-3.72036951314854
1	8.52163708262522	-5.30389799172775
1	2.08564079178643	15.7130630218298
1	0.0115136148397563	-5.30389799172775
1	7.32992453795833	13.8475778165192
1	12.8789455866351	-5.30389799172775
1	-1.0826905038033	15.7130630218298
1	1.73616109502928	-5.30389799172775
1	2.98812319560942	15.7130630218298
1	2.13777704125361	15.7130630218298
1	0.370577449836003	15.7130630218298
1	7.16402454575909	-5.30389799172775
1	3.27689919299469	-5.30389799172775
1	7.78067610730869	15.7130630218298
1	-1.62928343012448	-5.30389799172775
1	1.91628439509508	-5.30389799172775
1	11.1582838640615	-5.30389799172775
1	11.150414870694	-5.30389799172775
1	8.66180901230595	15.7130630218298
1	9.90929073231001	15.7130630218298
1	9.15011536979567	15.7130630218298
1	7.66580506057516	-5.30389799172775
1	-4.34858158202059	15.7130630218298
1	6.76808851786802	-5.30389799172775
1	4.77210484422042	3.6969469797216
1	7.49602192084265	-5.30389799172775
1	5.03162066214857	-5.30389799172775
1	1.68542638489522	15.7130630218298
1	5.25455808507939	-5.30389799172775
1	2.45984371888309	-5.30389799172775
1	8.10240287198131	15.7130630218298
1	9.99457053677909	-5.30389799172775
1	5.90181810027828	15.7130630218298
1	4.53342840149862	15.7130630218298
1	-0.00841014455275049	15.7130630218298
1	6.83559412691964	15.7130630218298
1	-2.87807712491032	15.7130630218298
1	-0.766931271538602	-5.30389799172775
1	1.13053242829008	15.7130630218298
1	6.65043333581921	6.05072443923067
1	9.44511717584912	-5.30389799172775
1	5.38820949799105	4.32354115546558
1	7.81299269178465	15.7130630218298
1	-1.29491353050677	-5.30389799172775
1	8.67049521087237	-5.30389799172775
1	2.31378192939679	-5.30389799172775
1	9.88122450101968	15.7130630218298
1	9.40661557055468	-5.30389799172775
1	2.15311722002144	15.7130630218298
1	1.41268317376875	-5.30389799172775
1	9.39955268545147	-5.30389799172775
1	5.13947219406398	-5.30389799172775
1	9.08499027724131	-5.30389799172775
1	5.36810319444381	-1.12846688347064
1	1.96156831766021	-5.30389799172775
1	8.39846714223112	15.7130630218298
1	5.18780636190517	6.78161930116051
1	6.50776261402182	-5.30389799172775
1	10.4478676194402	-5.30389799172775
1	4.4694732489229	6.72291366790735
1	-0.871306030983109	-5.30389799172775
1	2.30034665122364	12.6788936045202
1	2.34588715545427	15.7130630218298
1	12.3909498764063	15.7130630218298
1	13.9387180330806	15.7130630218298
1	0.23706642464464	15.7130630218298
1	4.02049231090547	0.542072701818674
1	10.7951485216016	-5.30389799172775
1	0.233671824257256	15.7130630218298
1	4.94907873701757	-5.30389799172775
1	1.83688095080756	15.7130630218298
1	4.02100722935262	9.51895617254438
1	0.533242306116686	15.7130630218298
1	8.37055999542821	-5.30389799172775
1	4.19978810011259	15.7130630218298
1	0.11697167428337	6.58342328548784
1	7.66056494244898	-5.30389799172775
1	10.1163885197263	15.7130630218298
1	4.45354499695112	-5.30389799172775
1	1.2721136596478	15.7130630218298
1	-0.433043155965496	-5.30389799172775
1	1.40126937391547	15.7130630218298
1	-1.42564467382355	15.7130630218298
1	1.09277664001855	6.91405606736943
1	0.58298273947091	-5.30389799172775
1	-0.599831042607216	-5.30389799172775
1	0.158479537609441	15.7130630218298
1	4.22277918280051	-5.30389799172775
1	0.391714334442204	-5.30389799172775
1	0.33177022213654	13.1969378228475
1	7.5173302663086	-5.30389799172775
1	2.69585614553595	15.7130630218298
1	-2.37380881558173	15.7130630218298
1	6.47047610945289	-5.30389799172775
1	7.73251541197951	15.7130630218298
1	9.98290102516725	-5.30389799172775
1	9.31726091151868	15.7130630218298
1	5.30332070511052	15.7130630218298
1	10.0747615832888	15.7130630218298
1	3.82923596449484	15.7130630218298
1	11.5969566128186	15.7130630218298
1	12.2741860713448	-5.30389799172775
1	1.49729153160628	-5.30389799172775
1	7.15395395372344	-5.30389799172775
1	4.05029911945523	-5.30389799172775
1	-0.109726383816623	10.0902949102251
1	-0.553939803402985	15.7130630218298
1	-0.226251676677918	-5.30389799172775
1	8.81242485221115	-5.30389799172775
1	8.55632071564338	-5.30389799172775
1	0.175002105410684	15.7130630218298
1	1.30168454422251	15.7130630218298
1	3.50342881885624	-5.30389799172775
1	8.68840932869351	-5.30389799172775
1	10.0117443452968	15.7130630218298
1	11.2590644663253	15.7130630218298
1	5.52246623443888	6.64780374808484
1	1.11859344544774	-5.30389799172775
1	12.9970950903469	-5.30389799172775
1	1.0340007896917	-5.30389799172775
1	5.8384678084801	-5.30389799172775
1	2.91957960781285	15.7130630218298
1	0.0349888098504865	13.6770319291439
1	8.9947178895006	15.7130630218298
1	6.34460717134618	15.7130630218298
1	6.99388021776221	-5.30389799172775
1	9.43567368757619	15.7130630218298
1	2.98403160328304	11.4450893907883
1	9.61489063798503	-5.30389799172775
1	2.1282747074767	-5.30389799172775
1	7.42181550735181	4.01426721932209
1	3.63732299504189	5.70872813921485
1	8.14695862208917	15.7130630218298
1	5.21783591565566	-5.30389799172775
1	3.79803920581527	10.2981026450729
1	5.52105325366223	1.66695784072148
1	6.72285671406426	15.7130630218298
1	4.20797677855704	15.7130630218298
1	8.91230044113409	-5.30389799172775
1	9.03218425560953	-5.30389799172775
1	8.49667672673218	15.7130630218298
1	9.32091834610859	15.7130630218298
1	6.9123546798909	-5.30389799172775
1	1.07035984447719	-5.30389799172775
1	6.54460496586534	-5.30389799172775
1	7.73540897138004	-5.30389799172775
1	5.47983669390778	-0.572110032094831
1	1.46692306421476	-5.30389799172775
1	5.3440734357843	2.19861600043376
1	5.23292947675027	-5.30389799172775
1	12.0460714848872	-5.30389799172775
1	1.62997162363475	15.7130630218298
1	2.88644765006361	15.7130630218298
1	4.668533833276	-5.30389799172775
1	0.803780709811993	10.4977264644398
1	12.6076383930942	15.7130630218298
1	5.9359075149856	-5.30389799172775
1	7.42547261116105	15.7130630218298
1	-2.9985591613619	-5.30389799172775
1	10.8055576418856	-5.30389799172775
1	8.12978496903149	-5.30389799172775
1	-0.0621291524143852	15.7130630218298
1	0.475089487267889	10.4132428219639
1	2.05153761369778	3.28377256206963
1	6.02462503540665	15.7130630218298
1	8.74066847700793	-1.11505813206931
1	8.39276821289705	15.7130630218298
1	-0.0540511022314258	15.7130630218298
1	10.2448781354606	15.7130630218298
1	3.19817493684269	15.7130630218298
1	-0.475229338323001	-5.30389799172775
1	4.11027026380791	11.4524774231641
1	5.69035499382832	-5.30389799172775
1	-1.18604411447534	-5.30389799172775
1	5.09384561388329	15.7130630218298
1	8.82429058176307	15.7130630218298
1	-2.44773827934238	15.7130630218298
1	6.91695793778167	-5.30389799172775
1	0.767720897728969	15.7130630218298
1	14.6158719177026	-5.30389799172775
1	1.15683106764185	-5.30389799172775
1	1.38770604247118	-5.30389799172775
1	0.0230024708188306	15.7130630218298
1	-0.621341522821964	15.7130630218298
1	-0.0667370358522751	-5.30389799172775
1	11.5106223174834	-5.30389799172775
1	10.3809630483758	-5.30389799172775
1	11.8207729573972	-5.30389799172775
1	2.4545735165825	-5.30389799172775
1	-0.553269126895843	15.7130630218298
1	9.63762828435777	15.7130630218298
1	0.453897148631049	-5.30389799172775
1	2.26581546078627	2.84697126165118
1	1.12986398833778	-5.30389799172775
1	7.45632988097753	15.7130630218298
1	8.15088203201351	-5.30389799172775
1	5.63187883421854	-5.30389799172775
1	0.0479606144664847	-5.30389799172775
1	5.85334177583055	-3.83003820738772
1	7.47175317907716	-5.30389799172775
1	0.94456294939532	15.7130630218298
1	8.52163708262522	15.7130630218298
1	2.08564079178643	-5.30389799172775
1	0.0115136148397563	15.7130630218298
1	7.32992453795833	-5.30389799172775
1	12.8789455866351	15.7130630218298
1	-1.0826905038033	-5.30389799172775
1	1.73616109502928	15.7130630218298
1	2.98812319560942	-5.30389799172775
1	2.13777704125361	-5.30389799172775
1	0.370577449836003	-5.30389799172775
1	7.16402454575909	15.7130630218298
1	3.27689919299469	15.7130630218298
1	7.78067610730869	-5.30389799172775
1	-1.62928343012448	15.7130630218298
1	1.91628439509508	15.7130630218298
1	11.1582838640615	15.7130630218298
1	11.150414870694	15.7130630218298
1	8.66180901230595	-5.30389799172775
1	9.90929073231001	-5.30389799172775
1	9.15011536979567	-5.30389799172775
1	7.66580506057516	15.7130630218298
1	-4.34858158202059	-5.30389799172775
1	6.76808851786802	15.7130630218298
1	4.77210484422042	7.01524333194725
1	7.49602192084265	15.7130630218298
1	5.03162066214857	15.7130630218298
1	1.68542638489522	-5.30389799172775
1	5.25455808507939	15.7130630218298
1	2.45984371888309	15.7130630218298
1	8.10240287198131	-5.30389799172775
1	9.99457053677909	15.7130630218298
1	5.90181810027828	-5.30389799172775
1	4.53342840149862	-5.30389799172775
1	-0.00841014455275049	-5.30389799172775
1	6.83559412691964	-5.30389799172775
1	-2.87807712491032	-5.30389799172775
1	-0.766931271538602	15.7130630218298
1	1.13053242829008	-5.30389799172775
1	6.65043333581921	3.38601849430157
1	9.44511717584912	15.7130630218298
1	5.38820949799105	6.04911497663176
1	7.81299269178465	-5.30389799172775
1	-1.29491353050677	15.7130630218298
1	8.67049521087237	15.7130630218298
1	2.31378192939679	15.7130630218298
1	9.88122450101968	-5.30389799172775
1	9.40661557055468	15.7130630218298
1	2.15311722002144	-5.30389799172775
1	1.41268317376875	15.7130630218298
1	9.39955268545147	15.7130630218298
1	5.13947219406398	15.7130630218298
1	9.08499027724131	15.7130630218298
1	5.36810319444381	14.4554164772325
1	1.96156831766021	15.7130630218298
1	8.39846714223112	-5.30389799172775
1	5.18780636190517	2.25907177471805
1	6.50776261402182	15.7130630218298
1	10.4478676194402	15.7130630218298
1	4.4694732489229	2.3495883787629
1	-0.871306030983109	15.7130630218298
1	2.30034665122364	-5.30389799172775
1	2.34588715545427	-5.30389799172775
1	12.3909498764063	-5.30389799172775
1	13.9387180330806	-5.30389799172775
1	0.23706642464464	-5.30389799172775
1	4.02049231090547	11.879657358328
1	10.7951485216016	15.7130630218298
1	0.233671824257256	-5.30389799172775
1	4.94907873701757	15.7130630218298
1	1.83688095080756	-5.30389799172775
1	4.02100722935262	-1.96155278878749
1	0.533242306116686	-5.30389799172775
1	8.37055999542821	15.7130630218298
1	4.19978810011259	-5.30389799172775
1	0.11697167428337	2.56466476945753
1	7.66056494244898	15.7130630218298
1	10.1163885197263	-5.30389799172775
1	4.45354499695112	15.7130630218298
1	1.2721136596478	-5.30389799172775
1	-0.433043155965496	15.7130630218298
1	1.40126937391547	-5.30389799172775
1	-1.42564467382355	-5.30389799172775
1	1.09277664001855	2.05487116118889
1	0.58298273947091	15.7130630218298
1	-0.599831042607216	15.7130630218298
1	0.158479537609441	-5.30389799172775
1	4.22277918280051	15.7130630218298
1	0.391714334442204	15.7130630218298
1	0.33177022213654	-5.30389799172775
1	7.5173302663086	15.7130630218298
1	2.69585614553595	-5.30389799172775
1	-2.37380881558173	-5.30389799172775
1	6.47047610945289	15.7130630218298
1	7.73251541197951	-5.30389799172775
1	9.98290102516725	15.7130630218298
1	9.31726091151868	-5.30389799172775
1	5.30332070511052	-5.30389799172775
1	10.0747615832888	-5.30389799172775
1	3.82923596449484	-5.30389799172775
1	11.5969566128186	-5.30389799172775
1	12.2741860713448	15.7130630218298
1	1.49729153160628	15.7130630218298
1	7.15395395372344	15.7130630218298
1	4.05029911945523	15.7130630218298
1	-0.109726383816623	-2.84248430129015
1	-0.553939803402985	-5.30389799172775
1	-0.226251676677918	15.7130630218298
1	8.81242485221115	15.7130630218298
1	8.55632071564338	15.7130630218298
1	0.175002105410684	-5.30389799172775
1	1.30168454422251	-5.30389799172775
1	3.50342881885624	15.7130630218298
1	8.68840932869351	15.7130630218298
1	10.0117443452968	-5.30389799172775
1	11.2590644663253	-5.30389799172775
1	5.52246623443888	2.46539830186001
1	1.11859344544774	15.7130630218298
1	12.9970950903469	15.7130630218298
1	1.0340007896917	15.7130630218298
1	5.8384678084801	15.7130630218298
1	2.91957960781285	-5.30389799172775
1	0.0349888098504865	-5.30389799172775
1	8.9947178895006	-5.30389799172775
1	6.34460717134618	-5.30389799172775
1	6.99388021776221	15.7130630218298
1	9.43567368757619	-5.30389799172775
1	2.98403160328304	-5.30389799172775
1	9.61489063798503	15.7130630218298
1	2.1282747074767	15.7130630218298
1	7.42181550735181	6.52597596710216
1	3.63732299504189	3.91333319917568
1	8.14695862208917	-5.30389799172775
1	5.21783591565566	15.7130630218298
1	3.79803920581527	-3.16289734191884
1	5.52105325366223	10.1452278483878
1	6.72285671406426	-5.30389799172775
1	4.20797677855704	-5.30389799172775
1	8.91230044113409	15.7130630218298
1	9.03218425560953	15.7130630218298
1	8.49667672673218	-5.30389799172775
1	9.32091834610859	-5.30389799172775
1	6.9123546798909	15.7130630218298
1	1.07035984447719	15.7130630218298
1	6.54460496586534	15.7130630218298
1	7.73540897138004	15.7130630218298
1	5.47983669390778	13.5975851238689
1	1.46692306421476	15.7130630218298
1	5.3440734357843	9.32547872955343
1	5.23292947675027	15.7130630218298
1	12.0460714848872	15.7130630218298
1	1.62997162363475	-5.30389799172775
1	2.88644765006361	-5.30389799172775
1	4.668533833276	15.7130630218298
1	0.803780709811993	-3.47069182797157
1	12.6076383930942	-5.30389799172775
1	5.9359075149856	15.7130630218298
1	7.42547261116105	-5.30389799172775
1	-2.9985591613619	15.7130630218298
1	10.8055576418856	15.7130630218298
1	8.12978496903149	15.7130630218298
1	-0.0621291524143852	-5.30389799172775
1	0.475089487267889	-3.34042881928747
1	2.05153761369778	7.65230562208197
1	6.02462503540665	-5.30389799172775
1	8.74066847700793	14.434741891608
1	8.39276821289705	-5.30389799172775
1	-0.0540511022314258	-5.30389799172775
1	10.2448781354606	-5.30389799172775
1	3.19817493684269	-5.30389799172775
1	-0.475229338323001	15.7130630218298
1	4.11027026380791	-5.30389799172775
1	5.69035499382832	15.7130630218298
1	-1.18604411447534	15.7130630218298
1	5.09384561388329	-5.30389799172775
1	8.82429058176307	-5.30389799172775
1	-2.44773827934238	-5.30389799172775
1	6.91695793778167	15.7130630218298
1	0.767720897728969	-5.30389799172775
1	14.6158719177026	15.7130630218298
1	1.15683106764185	15.7130630218298
1	1.38770604247118	15.7130630218298
1	0.0230024708188306	-5.30389799172775
1	-0.621341522821964	-5.30389799172775
1	-0.0667370358522751	15.7130630218298
1	11.5106223174834	15.7130630218298
1	10.3809630483758	15.7130630218298
1	11.8207729573972	15.7130630218298
1	2.4545735165825	15.7130630218298
1	-0.553269126895843	-5.30389799172775
1	9.63762828435777	-5.30389799172775
1	0.453897148631049	15.7130630218298
1	2.26581546078627	8.32579755403597
1	1.12986398833778	15.7130630218298
1	7.45632988097753	-5.30389799172775
1	8.15088203201351	15.7130630218298
1	5.63187883421854	15.7130630218298
1	0.0479606144664847	15.7130630218298
1	5.85334177583055	15.7130630218298
1	7.47175317907716	15.7130630218298
1	0.94456294939532	-5.30389799172775
1	8.52163708262522	-5.30389799172775
1	2.08564079178643	15.7130630218298
1	0.0115136148397563	-5.30389799172775
1	7.32992453795833	15.7130630218298
1	12.8789455866351	-5.30389799172775
1	-1.0826905038033	15.7130630218298
1	1.73616109502928	-5.30389799172775
1	2.98812319560942	15.7130630218298
1	2.13777704125361	15.7130630218298
1	0.370577449836003	15.7130630218298
1	7.16402454575909	-5.30389799172775
1	3.27689919299469	-5.30389799172775
1	7.78067610730869	15.7130630218298
1	-1.62928343012448	-5.30389799172775
1	1.91628439509508	-5.30389799172775
1	11.1582838640615	-5.30389799172775
1	11.150414870694	-5.30389799172775
1	8.66180901230595	15.7130630218298
1	9.90929073231001	15.7130630218298
1	9.15011536979567	15.7130630218298
1	7.66580506057516	-5.30389799172775
1	-4.34858158202059	15.7130630218298
1	6.76808851786802	-5.30389799172775
1	4.77210484422042	1.67028191501114
1	7.49602192084265	-5.30389799172775
1	5.03162066214857	-5.30389799172775
1	1.68542638489522	15.7130630218298
1	5.25455808507939	-5.30389799172775
1	2.45984371888309	-5.30389799172775
1	8.10240287198131	15.7130630218298
1	9.99457053677909	-5.30389799172775
1	5.90181810027828	15.7130630218298
1	4.53342840149862	15.7130630218298
1	-0.00841014455275049	15.7130630218298
1	6.83559412691964	15.7130630218298
1	-2.87807712491032	15.7130630218298
1	-0.766931271538602	-5.30389799172775
1	1.13053242829008	15.7130630218298
1	6.65043333581921	7.67820609640451
1	9.44511717584912	-5.30389799172775
1	5.38820949799105	3.26963884876208
1	7.81299269178465	15.7130630218298
1	-1.29491353050677	-5.30389799172775
1	8.67049521087237	-5.30389799172775
1	2.31378192939679	-5.30389799172775
1	9.88122450101968	15.7130630218298
1	9.40661557055468	-5.30389799172775
1	2.15311722002144	15.7130630218298
1	1.41268317376875	-5.30389799172775
1	9.39955268545147	-5.30389799172775
1	5.13947219406398	-5.30389799172775
1	9.08499027724131	-5.30389799172775
1	5.36810319444381	-5.30389799172775
1	1.96156831766021	-5.30389799172775
1	8.39846714223112	15.7130630218298
1	5.18780636190517	9.54378642019617
1	6.50776261402182	-5.30389799172775
1	10.4478676194402	-5.30389799172775
1	4.4694732489229	9.39394260544606
1	-0.871306030983109	-5.30389799172775
1	2.30034665122364	15.7130630218298
1	2.34588715545427	15.7130630218298
1	12.3909498764063	15.7130630218298
1	13.9387180330806	15.7130630218298
1	0.23706642464464	15.7130630218298
1	4.02049231090547	-5.30389799172775
1	10.7951485216016	-5.30389799172775
1	0.233671824257256	15.7130630218298
1	4.94907873701757	-5.30389799172775
1	1.83688095080756	15.7130630218298
1	4.02100722935262	15.7130630218298
1	0.533242306116686	15.7130630218298
1	8.37055999542821	-5.30389799172775
1	4.19978810011259	15.7130630218298
1	0.11697167428337	9.03789890291831
1	7.66056494244898	-5.30389799172775
1	10.1163885197263	15.7130630218298
1	4.45354499695112	-5.30389799172775
1	1.2721136596478	15.7130630218298
1	-0.433043155965496	-5.30389799172775
1	1.40126937391547	15.7130630218298
1	-1.42564467382355	15.7130630218298
1	1.09277664001855	9.88182604539422
1	0.58298273947091	-5.30389799172775
1	-0.599831042607216	-5.30389799172775
1	0.158479537609441	15.7130630218298
1	4.22277918280051	-5.30389799172775
1	0.391714334442204	-5.30389799172775
1	0.33177022213654	15.7130630218298
1	7.5173302663086	-5.30389799172775
1	2.69585614553595	15.7130630218298
1	-2.37380881558173	15.7130630218298
1	6.47047610945289	-5.30389799172775
1	7.73251541197951	15.7130630218298
1	9.98290102516725	-5.30389799172775
1	9.31726091151868	15.7130630218298
1	5.30332070511052	15.7130630218298
1	10.0747615832888	15.7130630218298
1	3.82923596449484	15.7130630218298
1	11.5969566128186	15.7130630218298
1	12.2741860713448	-5.30389799172775
1	1.49729153160628	-5.30389799172775
1	7.15395395372344	-5.30389799172775
1	4.05029911945523	-5.30389799172775
1	-0.109726383816623	15.7130630218298
1	-0.553939803402985	15.7130630218298
1	-0.226251676677918	-5.30389799172775
1	8.81242485221115	-5.30389799172775
1	8.55632071564338	-5.30389799172775
1	0.175002105410684	15.7130630218298
1	1.30168454422251	15.7130630218298
1	3.50342881885624	-5.30389799172775
1	8.68840932869351	-5.30389799172775
1	10.0117443452968	15.7130630218298
1	11.2590644663253	15.7130630218298
1	5.52246623443888	9.20222749587138
1	1.11859344544774	-5.30389799172775
1	12.9970950903469	-5.30389799172775
1	1.0340007896917	-5.30389799172775
1	5.8384678084801	-5.30389799172775
1	2.91957960781285	15.7130630218298
1	0.0349888098504865	15.7130630218298
1	8.9947178895006	15.7130630218298
1	6.34460717134618	15.7130630218298
1	6.99388021776221	-5.30389799172775
1	9.43567368757619	15.7130630218298
1	2.98403160328304	15.7130630218298
1	9.61489063798503	-5.30389799172775
1	2.1282747074767	-5.30389799172775
1	7.42181550735181	2.48022931808421
1	3.63732299504189	6.80527402183164
1	8.14695862208917	15.7130630218298
1	5.21783591565566	-5.30389799172775
1	3.79803920581527	15.7130630218298
1	5.52105325366223	-3.51118534175682
1	6.72285671406426	15.7130630218298
1	4.20797677855704	15.7130630218298
1	8.91230044113409	-5.30389799172775
1	9.03218425560953	-5.30389799172775
1	8.49667672673218	15.7130630218298
1	9.32091834610859	15.7130630218298
1	6.9123546798909	-5.30389799172775
1	1.07035984447719	-5.30389799172775
1	6.54460496586534	-5.30389799172775
1	7.73540897138004	-5.30389799172775
1	5.47983669390778	-5.30389799172775
1	1.46692306421476	-5.30389799172775
1	5.3440734357843	-2.15414884662584
1	5.23292947675027	-5.30389799172775
1	12.0460714848872	-5.30389799172775
1	1.62997162363475	15.7130630218298
1	2.88644765006361	15.7130630218298
1	4.668533833276	-5.30389799172775
1	0.803780709811993	15.7130630218298
1	12.6076383930942	15.7130630218298
1	5.9359075149856	-5.30389799172775
1	7.42547261116105	15.7130630218298
1	-2.9985591613619	-5.30389799172775
1	10.8055576418856	-5.30389799172775
1	8.12978496903149	-5.30389799172775
1	-0.0621291524143852	15.7130630218298
1	0.475089487267889	15.7130630218298
1	2.05153761369778	0.615670500955816
1	6.02462503540665	15.7130630218298
1	8.74066847700793	-5.30389799172775
1	8.39276821289705	15.7130630218298
1	-0.0540511022314258	15.7130630218298
1	10.2448781354606	15.7130630218298
1	3.19817493684269	15.7130630218298
1	-0.475229338323001	-5.30389799172775
1	4.11027026380791	15.7130630218298
1	5.69035499382832	-5.30389799172775
1	-1.18604411447534	-5.30389799172775
1	5.09384561388329	15.7130630218298
1	8.82429058176307	15.7130630218298
1	-2.44773827934238	15.7130630218298
1	6.91695793778167	-5.30389799172775
1	0.767720897728969	15.7130630218298
1	14.6158719177026	-5.30389799172775
1	1.15683106764185	-5.30389799172775
1	1.38770604247118	-5.30389799172775
1	0.0230024708188306	15.7130630218298
1	-0.621341522821964	15.7130630218298
1	-0.0667370358522751	-5.30389799172775
1	11.5106223174834	-5.30389799172775
1	10.3809630483758	-5.30389799172775
1	11.8207729573972	-5.30389799172775
1	2.4545735165825	-5.30389799172775
1	-0.553269126895843	15.7130630218298
1	9.63762828435777	15.7130630218298
1	0.453897148631049	-5.30389799172775
1	2.26581546078627	-0.49924760000832
1	1.12986398833778	-5.30389799172775
1	7.45632988097753	15.7130630218298
1	8.15088203201351	-5.30389799172775
1	5.63187883421854	-5.30389799172775
1	0.0479606144664847	-5.30389799172775
1	5.85334177583055	-5.30389799172775
1	7.47175317907716	-5.30389799172775
1	0.94456294939532	15.7130630218298
1	8.52163708262522	15.7130630218298
1	2.08564079178643	-5.30389799172775
1	0.0115136148397563	15.7130630218298
1	7.32992453795833	-5.30389799172775
1	12.8789455866351	15.7130630218298
1	-1.0826905038033	-5.30389799172775
1	1.73616109502928	15.7130630218298
1	2.98812319560942	-5.30389799172775
1	2.13777704125361	-5.30389799172775
1	0.370577449836003	-5.30389799172775
1	7.16402454575909	15.7130630218298
1	3.27689919299469	15.7130630218298
1	7.78067610730869	-5.30389799172775
1	-1.62928343012448	15.7130630218298
1	1.91628439509508	15.7130630218298
1	11.1582838640615	15.7130630218298
1	11.150414870694	15.7130630218298
1	8.66180901230595	-5.30389799172775
1	9.90929073231001	-5.30389799172775
1	9.15011536979567	-5.30389799172775
1	7.66580506057516	15.7130630218298
1	-4.34858158202059	-5.30389799172775
1	6.76808851786802	15.7130630218298
1	4.77210484422042	10.2797035929074
1	7.49602192084265	15.7130630218298
1	5.03162066214857	15.7130630218298
1	1.68542638489522	-5.30389799172775
1	5.25455808507939	15.7130630218298
1	2.45984371888309	15.7130630218298
1	8.10240287198131	-5.30389799172775
1	9.99457053677909	15.7130630218298
1	5.90181810027828	-5.30389799172775
1	4.53342840149862	-5.30389799172775
1	-0.00841014455275049	-5.30389799172775
1	6.83559412691964	-5.30389799172775
1	-2.87807712491032	-5.30389799172775
1	-0.766931271538602	15.7130630218298
1	1.13053242829008	-5.30389799172775
1	6.65043333581921	0.764544779776067
1	9.44511717584912	15.7130630218298
1	5.38820949799105	7.74669306147399
1	7.81299269178465	-5.30389799172775
1	-1.29491353050677	15.7130630218298
1	8.67049521087237	15.7130630218298
1	2.31378192939679	15.7130630218298
1	9.88122450101968	-5.30389799172775
1	9.40661557055468	15.7130630218298
1	2.15311722002144	-5.30389799172775
1	1.41268317376875	15.7130630218298
1	9.39955268545147	15.7130630218298
1	5.13947219406398	15.7130630218298
1	9.08499027724131	15.7130630218298
1	5.36810319444381	15.7130630218298
1	1.96156831766021	15.7130630218298
1	8.39846714223112	-5.30389799172775
1	5.18780636190517	-2.19010187081028
1	6.50776261402182	15.7130630218298
1	10.4478676194402	15.7130630218298
1	4.4694732489229	-1.95278401334989
1	-0.871306030983109	15.7130630218298
1	2.30034665122364	-5.30389799172775
1	2.34588715545427	-5.30389799172775
1	12.3909498764063	-5.30389799172775
1	13.9387180330806	-5.30389799172775
1	0.23706642464464	-5.30389799172775
1	4.02049231090547	15.7130630218298
1	10.7951485216016	15.7130630218298
1	0.233671824257256	-5.30389799172775
1	4.94907873701757	15.7130630218298
1	1.83688095080756	-5.30389799172775
1	4.02100722935262	-5.30389799172775
1	0.533242306116686	-5.30389799172775
1	8.37055999542821	15.7130630218298
1	4.19978810011259	-5.30389799172775
1	0.11697167428337	-1.38889334634398
1	7.66056494244898	15.7130630218298
1	10.1163885197263	-5.30389799172775
1	4.45354499695112	15.7130630218298
1	1.2721136596478	-5.30389799172775
1	-0.433043155965496	15.7130630218298
1	1.40126937391547	-5.30389799172775
1	-1.42564467382355	-5.30389799172775
1	1.09277664001855	-2.7254782540297
1	0.58298273947091	15.7130630218298
1	-0.599831042607216	15.7130630218298
1	0.158479537609441	-5.30389799172775
1	4.22277918280051	15.7130630218298
1	0.391714334442204	15.7130630218298
1	0.33177022213654	-5.30389799172775
1	7.5173302663086	15.7130630218298
1	2.69585614553595	-5.30389799172775
1	-2.37380881558173	-5.30389799172775
1	6.47047610945289	15.7130630218298
1	7.73251541197951	-5.30389799172775
1	9.98290102516725	15.7130630218298
1	9.31726091151868	-5.30389799172775
1	5.30332070511052	-5.30389799172775
1	10.0747615832888	-5.30389799172775
1	3.82923596449484	-5.30389799172775
1	11.5969566128186	-5.30389799172775
1	12.2741860713448	15.7130630218298
1	1.49729153160628	15.7130630218298
1	7.15395395372344	15.7130630218298
1	4.05029911945523	15.7130630218298
1	-0.109726383816623	-5.30389799172775
1	-0.553939803402985	-5.30389799172775
1	-0.226251676677918	15.7130630218298
1	8.81242485221115	15.7130630218298
1	8.55632071564338	15.7130630218298
1	0.175002105410684	-5.30389799172775
1	1.30168454422251	-5.30389799172775
1	3.50342881885624	15.7130630218298
1	8.68840932869351	15.7130630218298
1	10.0117443452968	-5.30389799172775
1	11.2590644663253	-5.30389799172775
1	5.52246623443888	-1.64915173381322
1	1.11859344544774	15.7130630218298
1	12.9970950903469	15.7130630218298
1	1.0340007896917	15.7130630218298
1	5.8384678084801	15.7130630218298
1	2.91957960781285	-5.30389799172775
1	0.0349888098504865	-5.30389799172775
1	8.9947178895006	-5.30389799172775
1	6.34460717134618	-5.30389799172775
1	6.99388021776221	15.7130630218298
1	9.43567368757619	-5.30389799172775
1	2.98403160328304	-5.30389799172775
1	9.61489063798503	15.7130630218298
1	2.1282747074767	15.7130630218298
1	7.42181550735181	8.99693471336804
1	3.63732299504189	2.14706677437134
1	8.14695862208917	-5.30389799172775
1	5.21783591565566	15.7130630218298
1	3.79803920581527	-5.30389799172775
1	5.52105325366223	15.7130630218298
1	6.72285671406426	-5.30389799172775
1	4.20797677855704	-5.30389799172775
1	8.91230044113409	15.7130630218298
1	9.03218425560953	15.7130630218298
1	8.49667672673218	-5.30389799172775
1	9.32091834610859	-5.30389799172775
1	6.9123546798909	15.7130630218298
1	1.07035984447719	15.7130630218298
1	6.54460496586534	15.7130630218298
1	7.73540897138004	15.7130630218298
1	5.47983669390778	15.7130630218298
1	1.46692306421476	15.7130630218298
1	5.3440734357843	15.7130630218298
1	5.23292947675027	15.7130630218298
1	12.0460714848872	15.7130630218298
1	1.62997162363475	-5.30389799172775
1	2.88644765006361	-5.30389799172775
1	4.668533833276	15.7130630218298
1	0.803780709811993	-5.30389799172775
1	12.6076383930942	-5.30389799172775
1	5.9359075149856	15.7130630218298
1	7.42547261116105	-5.30389799172775
1	-2.9985591613619	15.7130630218298
1	10.8055576418856	15.7130630218298
1	8.12978496903149	15.7130630218298
1	-0.0621291524143852	-5.30389799172775
1	0.475089487267889	-5.30389799172775
1	2.05153761369778	11.9499635342621
1	6.02462503540665	-5.30389799172775
1	8.74066847700793	15.7130630218298
1	8.39276821289705	-5.30389799172775
1	-0.0540511022314258	-5.30389799172775
1	10.2448781354606	-5.30389799172775
1	3.19817493684269	-5.30389799172775
1	-0.475229338323001	15.7130630218298
1	4.11027026380791	-5.30389799172775
1	5.69035499382832	15.7130630218298
1	-1.18604411447534	15.7130630218298
1	5.09384561388329	-5.30389799172775
1	8.82429058176307	-5.30389799172775
1	-2.44773827934238	-5.30389799172775
1	6.91695793778167	15.7130630218298
1	0.767720897728969	-5.30389799172775
1	14.6158719177026	15.7130630218298
1	1.15683106764185	15.7130630218298
1	1.38770604247118	15.7130630218298
1	0.0230024708188306	-5.30389799172775
1	-0.621341522821964	-5.30389799172775
1	-0.0667370358522751	15.7130630218298
1	11.5106223174834	15.7130630218298
1	10.3809630483758	15.7130630218298
1	11.8207729573972	15.7130630218298
1	2.4545735165825	15.7130630218298
1	-0.553269126895843	-5.30389799172775
1	9.63762828435777	-5.30389799172775
1	0.453897148631049	15.7130630218298
1	2.26581546078627	13.7157352840395
1	1.12986398833778	15.7130630218298
1	7.45632988097753	-5.30389799172775
1	8.15088203201351	15.7130630218298
1	5.63187883421854	15.7130630218298
1	0.0479606144664847	15.7130630218298
1	5.85334177583055	15.7130630218298
1	7.47175317907716	15.7130630218298
1	0.94456294939532	-5.30389799172775
1	8.52163708262522	-5.30389799172775
1	2.08564079178643	15.7130630218298
1	0.0115136148397563	-5.30389799172775
1	7.32992453795833	15.7130630218298
1	12.8789455866351	-5.30389799172775
1	-1.0826905038033	15.7130630218298
1	1.73616109502928	-5.30389799172775
1	2.98812319560942	15.7130630218298
1	2.13777704125361	15.7130630218298
1	0.370577449836003	15.7130630218298
1	7.16402454575909	-5.30389799172775
1	3.27689919299469	-5.30389799172775
1	7.78067610730869	15.7130630218298
1	-1.62928343012448	-5.30389799172775
1	1.91628439509508	-5.30389799172775
1	11.1582838640615	-5.30389799172775
1	11.150414870694	-5.30389799172775
1	8.66180901230595	15.7130630218298
1	9.90929073231001	15.7130630218298
1	9.15011536979567	15.7130630218298
1	7.66580506057516	-5.30389799172775
1	-4.34858158202059	15.7130630218298
1	6.76808851786802	-5.30389799172775
1	4.77210484422042	-3.58796276535031
1	7.49602192084265	-5.30389799172775
1	5.03162066214857	-5.30389799172775
1	1.68542638489522	15.7130630218298
1	5.25455808507939	-5.30389799172775
1	2.45984371888309	-5.30389799172775
1	8.10240287198131	15.7130630218298
1	9.99457053677909	-5.30389799172775
1	5.90181810027828	15.7130630218298
1	4.53342840149862	15.7130630218298
1	-0.00841014455275049	15.7130630218298
1	6.83559412691964	15.7130630218298
1	-2.87807712491032	15.7130630218298
1	-0.766931271538602	-5.30389799172775
1	1.13053242829008	15.7130630218298
1	6.65043333581921	11.9007571805634
1	9.44511717584912	-5.30389799172775
1	5.38820949799105	0.535256984516519
1	7.81299269178465	15.7130630218298
1	-1.29491353050677	-5.30389799172775
1	8.67049521087237	-5.30389799172775
1	2.31378192939679	-5.30389799172775
1	9.88122450101968	15.7130630218298
1	9.40661557055468	-5.30389799172775
1	2.15311722002144	15.7130630218298
1	1.41268317376875	-5.30389799172775
1	9.39955268545147	-5.30389799172775
1	5.13947219406398	-5.30389799172775
1	9.08499027724131	-5.30389799172775
1	5.36810319444381	-5.30389799172775
1	1.96156831766021	-5.30389799172775
1	8.39846714223112	15.7130630218298
1	5.18780636190517	15.7130630218298
1	6.50776261402182	-5.30389799172775
1	10.4478676194402	-5.30389799172775
1	4.4694732489229	15.7130630218298
1	-0.871306030983109	-5.30389799172775
1	2.30034665122364	15.7130630218298
1	2.34588715545427	15.7130630218298
1	12.3909498764063	15.7130630218298
1	13.9387180330806	15.7130630218298
1	0.23706642464464	15.7130630218298
1	4.02049231090547	-5.30389799172775
1	10.7951485216016	-5.30389799172775
1	0.233671824257256	15.7130630218298
1	4.94907873701757	-5.30389799172775
1	1.83688095080756	15.7130630218298
1	4.02100722935262	15.7130630218298
1	0.533242306116686	15.7130630218298
1	8.37055999542821	-5.30389799172775
1	4.19978810011259	15.7130630218298
1	0.11697167428337	15.7130630218298
1	7.66056494244898	-5.30389799172775
1	10.1163885197263	15.7130630218298
1	4.45354499695112	-5.30389799172775
1	1.2721136596478	15.7130630218298
1	-0.433043155965496	-5.30389799172775
1	1.40126937391547	15.7130630218298
1	-1.42564467382355	15.7130630218298
1	1.09277664001855	15.7130630218298
1	0.58298273947091	-5.30389799172775
1	-0.599831042607216	-5.30389799172775
1	0.158479537609441	15.7130630218298
1	4.22277918280051	-5.30389799172775
1	0.391714334442204	-5.30389799172775
1	0.33177022213654	15.7130630218298
1	7.5173302663086	-5.30389799172775
1	2.69585614553595	15.7130630218298
1	-2.37380881558173	15.7130630218298
1	6.47047610945289	-5.30389799172775
1	7.73251541197951	15.7130630218298
1	9.98290102516725	-5.30389799172775
1	9.31726091151868	15.7130630218298
1	5.30332070511052	15.7130630218298
1	10.0747615832888	15.7130630218298
1	3.82923596449484	15.7130630218298
1	11.5969566128186	15.7130630218298
1	12.2741860713448	-5.30389799172775
1	1.49729153160628	-5.30389799172775
1	7.15395395372344	-5.30389799172775
1	4.05029911945523	-5.30389799172775
1	-0.109726383816623	15.7130630218298
1	-0.553939803402985	15.7130630218298
1	-0.226251676677918	-5.30389799172775
1	8.81242485221115	-5.30389799172775
1	8.55632071564338	-5.30389799172775
1	0.175002105410684	15.7130630218298
1	1.30168454422251	15.7130630218298
1	3.50342881885624	-5.30389799172775
1	8.68840932869351	-5.30389799172775
1	10.0117443452968	15.7130630218298
1	11.2590644663253	15.7130630218298
1	5.52246623443888	15.7130630218298
1	1.11859344544774	-5.30389799172775
1	12.9970950903469	-5.30389799172775
1	1.0340007896917	-5.30389799172775
1	5.8384678084801	-5.30389799172775
1	2.91957960781285	15.7130630218298
1	0.0349888098504865	15.7130630218298
1	8.9947178895006	15.7130630218298
1	6.34460717134618	15.7130630218298
1	6.99388021776221	-5.30389799172775
1	9.43567368757619	15.7130630218298
1	2.98403160328304	15.7130630218298
1	9.61489063798503	-5.30389799172775
1	2.1282747074767	-5.30389799172775
1	7.42181550735181	-1.49987907481855
1	3.63732299504189	9.65029595191839
1	8.14695862208917	15.7130630218298
1	5.21783591565566	-5.30389799172775
1	3.79803920581527	15.7130630218298
1	5.52105325366223	-5.30389799172775
1	6.72285671406426	15.7130630218298
1	4.20797677855704	15.7130630218298
1	8.91230044113409	-5.30389799172775
1	9.03218425560953	-5.30389799172775
1	8.49667672673218	15.7130630218298
1	9.32091834610859	15.7130630218298
1	6.9123546798909	-5.30389799172775
1	1.07035984447719	-5.30389799172775
1	6.54460496586534	-5.30389799172775
1	7.73540897138004	-5.30389799172775
1	5.47983669390778	-5.30389799172775
1	1.46692306421476	-5.30389799172775
1	5.3440734357843	-5.30389799172775
1	5.23292947675027	-5.30389799172775
1	12.0460714848872	-5.30389799172775
1	1.62997162363475	15.7130630218298
1	2.88644765006361	15.7130630218298
1	4.668533833276	-5.30389799172775
1	0.803780709811993	15.7130630218298
1	12.6076383930942	15.7130630218298
1	5.9359075149856	-5.30389799172775
1	7.42547261116105	15.7130630218298
1	-2.9985591613619	-5.30389799172775
1	10.8055576418856	-5.30389799172775
1	8.12978496903149	-5.30389799172775
1	-0.0621291524143852	15.7130630218298
1	0.475089487267889	15.7130630218298
1	2.05153761369778	-5.30389799172775
1	6.02462503540665	15.7130630218298
1	8.74066847700793	-5.30389799172775
1	8.39276821289705	15.7130630218298
1	-0.0540511022314258	15.7130630218298
1	10.2448781354606	15.7130630218298
1	3.19817493684269	15.7130630218298
1	-0.475229338323001	-5.30389799172775
1	4.11027026380791	15.7130630218298
1	5.69035499382832	-5.30389799172775
1	-1.18604411447534	-5.30389799172775
1	5.09384561388329	15.7130630218298
1	8.82429058176307	15.7130630218298
1	-2.44773827934238	15.7130630218298
1	6.91695793778167	-5.30389799172775
1	0.767720897728969	15.7130630218298
1	14.6158719177026	-5.30389799172775
1	1.15683106764185	-5.30389799172775
1	1.38770604247118	-5.30389799172775
1	0.0230024708188306	15.7130630218298
1	-0.621341522821964	15.7130630218298
1	-0.0667370358522751	-5.30389799172775
1	11.5106223174834	-5.30389799172775
1	10.3809630483758	-5.30389799172775
1	11.8207729573972	-5.30389799172775
1	2.4545735165825	-5.30389799172775
1	-0.553269126895843	15.7130630218298
1	9.63762828435777	15.7130630218298
1	0.453897148631049	-5.30389799172775
1	2.26581546078627	-5.30389799172775
1	1.12986398833778	-5.30389799172775
1	7.45632988097753	15.7130630218298
1	8.15088203201351	-5.30389799172775
1	5.63187883421854	-5.30389799172775
1	0.0479606144664847	-5.30389799172775
1	5.85334177583055	-5.30389799172775
1	7.47175317907716	-5.30389799172775
1	0.94456294939532	15.7130630218298
1	8.52163708262522	15.7130630218298
1	2.08564079178643	-5.30389799172775
1	0.0115136148397563	15.7130630218298
1	7.32992453795833	-5.30389799172775
1	12.8789455866351	15.7130630218298
1	-1.0826905038033	-5.30389799172775
1	1.73616109502928	15.7130630218298
1	2.98812319560942	-5.30389799172775
1	2.13777704125361	-5.30389799172775
1	0.370577449836003	-5.30389799172775
1	7.16402454575909	15.7130630218298
1	3.27689919299469	15.7130630218298
1	7.78067610730869	-5.30389799172775
1	-1.62928343012448	15.7130630218298
1	1.91628439509508	15.7130630218298
1	11.1582838640615	15.7130630218298
1	11.150414870694	15.7130630218298
1	8.66180901230595	-5.30389799172775
1	9.90929073231001	-5.30389799172775
1	9.15011536979567	-5.30389799172775
1	7.66580506057516	15.7130630218298
1	-4.34858158202059	-5.30389799172775
1	6.76808851786802	15.7130630218298
1	4.77210484422042	15.7130630218298
1	7.49602192084265	15.7130630218298
1	5.03162066214857	15.7130630218298
1	1.68542638489522	-5.30389799172775
1	5.25455808507939	15.7130630218298
1	2.45984371888309	15.7130630218298
1	8.10240287198131	-5.30389799172775
1	9.99457053677909	15.7130630218298
1	5.90181810027828	-5.30389799172775
1	4.53342840149862	-5.30389799172775
1	-0.00841014455275049	-5.30389799172775
1	6.83559412691964	-5.30389799172775
1	-2.87807712491032	-5.30389799172775
1	-0.766931271538602	15.7130630218298
1	1.13053242829008	-5.30389799172775
1	6.65043333581921	-5.30389799172775
1	9.44511717584912	15.7130630218298
1	5.38820949799105	12.1511114774963
1	7.81299269178465	-5.30389799172775
1	-1.29491353050677	15.7130630218298
1	8.67049521087237	15.7130630218298
1	2.31378192939679	15.7130630218298
1	9.88122450101968	-5.30389799172775
1	9.40661557055468	15.7130630218298
1	2.15311722002144	-5.30389799172775
1	1.41268317376875	15.7130630218298
1	9.39955268545147	15.7130630218298
1	5.13947219406398	15.7130630218298
1	9.08499027724131	15.7130630218298
1	5.36810319444381	15.7130630218298
1	1.96156831766021	15.7130630218298
1	8.39846714223112	-5.30389799172775
1	5.18780636190517	-5.30389799172775
1	6.50776261402182	15.7130630218298
1	10.4478676194402	15.7130630218298
1	4.4694732489229	-5.30389799172775
1	-0.871306030983109	15.7130630218298
1	2.30034665122364	-5.30389799172775
1	2.34588715545427	-5.30389799172775
1	12.3909498764063	-5.30389799172775
1	13.9387180330806	-5.30389799172775
1	0.23706642464464	-5.30389799172775
1	4.02049231090547	15.7130630218298
1	10.7951485216016	15.7130630218298
1	0.233671824257256	-5.30389799172775
1	4.94907873701757	15.7130630218298
1	1.83688095080756	-5.30389799172775
1	4.02100722935262	-5.30389799172775
1	0.533242306116686	-5.30389799172775
1	8.37055999542821	15.7130630218298
1	4.19978810011259	-5.30389799172775
1	0.11697167428337	-5.30389799172775
1	7.66056494244898	15.7130630218298
1	10.1163885197263	-5.30389799172775
1	4.45354499695112	15.7130630218298
1	1.2721136596478	-5.30389799172775
1	-0.433043155965496	15.7130630218298
1	1.40126937391547	-5.30389799172775
1	-1.42564467382355	-5.30389799172775
1	1.09277664001855	-5.30389799172775
1	0.58298273947091	15.7130630218298
1	-0.599831042607216	15.7130630218298
1	0.158479537609441	-5.30389799172775
1	4.22277918280051	15.7130630218298
1	0.391714334442204	15.7130630218298
1	0.33177022213654	-5.30389799172775
1	7.5173302663086	15.7130630218298
1	2.69585614553595	-5.30389799172775
1	-2.37380881558173	-5.30389799172775
1	6.47047610945289	15.7130630218298
1	7.73251541197951	-5.30389799172775
1	9.98290102516725	15.7130630218298
1	9.31726091151868	-5.30389799172775
1	5.30332070511052	-5.30389799172775
1	10.0747615832888	-5.30389799172775
1	3.82923596449484	-5.30389799172775
1	11.5969566128186	-5.30389799172775
1	12.2741860713448	15.7130630218298
1	1.49729153160628	15.7130630218298
1	7.15395395372344	15.7130630218298
1	4.05029911945523	15.7130630218298
1	-0.109726383816623	-5.30389799172775
1	-0.553939803402985	-5.30389799172775
1	-0.226251676677918	15.7130630218298
1	8.81242485221115	15.7130630218298
1	8.55632071564338	15.7130630218298
1	0.175002105410684	-5.30389799172775
1	1.30168454422251	-5.30389799172775
1	3.50342881885624	15.7130630218298
1	8.68840932869351	15.7130630218298
1	10.0117443452968	-5.30389799172775
1	11.2590644663253	-5.30389799172775
1	5.52246623443888	-5.30389799172775
1	1.11859344544774	15.7130630218298
1	12.9970950903469	15.7130630218298
1	1.0340007896917	15.7130630218298
1	5.8384678084801	15.7130630218298
1	2.91957960781285	-5.30389799172775
1	0.0349888098504865	-5.30389799172775
1	8.9947178895006	-5.30389799172775
1	6.34460717134618	-5.30389799172775
1	6.99388021776221	15.7130630218298
1	9.43567368757619	-5.30389799172775
1	2.98403160328304	-5.30389799172775
1	9.61489063798503	15.7130630218298
1	2.1282747074767	15.7130630218298
1	7.42181550735181	15.7130630218298
1	3.63732299504189	-2.43556564676594
1	8.14695862208917	-5.30389799172775
1	5.21783591565566	15.7130630218298
1	3.79803920581527	-5.30389799172775
1	5.52105325366223	15.7130630218298
1	6.72285671406426	-5.30389799172775
1	4.20797677855704	-5.30389799172775
1	8.91230044113409	15.7130630218298
1	9.03218425560953	15.7130630218298
1	8.49667672673218	-5.30389799172775
1	9.32091834610859	-5.30389799172775
1	6.9123546798909	15.7130630218298
1	1.07035984447719	15.7130630218298
1	6.54460496586534	15.7130630218298
1	7.73540897138004	15.7130630218298
1	5.47983669390778	15.7130630218298
1	1.46692306421476	15.7130630218298
1	5.3440734357843	15.7130630218298
1	5.23292947675027	15.7130630218298
1	12.0460714848872	15.7130630218298
1	1.62997162363475	-5.30389799172775
1	2.88644765006361	-5.30389799172775
1	4.668533833276	15.7130630218298
1	0.803780709811993	-5.30389799172775
1	12.6076383930942	-5.30389799172775
1	5.9359075149856	15.7130630218298
1	7.42547261116105	-5.30389799172775
1	-2.9985591613619	15.7130630218298
1	10.8055576418856	15.7130630218298
1	8.12978496903149	15.7130630218298
1	-0.0621291524143852	-5.30389799172775
1	0.475089487267889	-5.30389799172775
1	2.05153761369778	15.7130630218298
1	6.02462503540665	-5.30389799172775
1	8.74066847700793	15.7130630218298
1	8.39276821289705	-5.30389799172775
1	-0.0540511022314258	-5.30389799172775
1	10.2448781354606	-5.30389799172775
1	3.19817493684269	-5.30389799172775
1	-0.475229338323001	15.7130630218298
1	4.11027026380791	-5.30389799172775
1	5.69035499382832	15.7130630218298
1	-1.18604411447534	15.7130630218298
1	5.09384561388329	-5.30389799172775
1	8.82429058176307	-5.30389799172775
1	-2.44773827934238	-5.30389799172775
1	6.91695793778167	15.7130630218298
1	0.767720897728969	-5.30389799172775
1	14.6158719177026	15.7130630218298
1	1.15683106764185	15.7130630218298
1	1.38770604247118	15.7130630218298
1	0.0230024708188306	-5.30389799172775
1	-0.621341522821964	-5.30389799172775
1	-0.0667370358522751	15.7130630218298
1	11.5106223174834	15.7130630218298
1	10.3809630483758	15.7130630218298
1	11.8207729573972	15.7130630218298
1	2.4545735165825	15.7130630218298
1	-0.553269126895843	-5.30389799172775
1	9.63762828435777	-5.30389799172775
1	0.453897148631049	15.7130630218298
1	2.26581546078627	15.7130630218298
1	1.12986398833778	15.7130630218298
1	7.45632988097753	-5.30389799172775
1	8.15088203201351	15.7130630218298
1	5.63187883421854	15.7130630218298
1	0.0479606144664847	15.7130630218298
1	5.85334177583055	15.7130630218298
1	7.47175317907716	15.7130630218298
1	0.94456294939532	-5.30389799172775
1	8.52163708262522	-5.30389799172775
1	2.08564079178643	15.7130630218298
1	0.0115136148397563	-5.30389799172775
1	7.32992453795833	15.7130630218298
1	12.8789455866351	-5.30389799172775
1	-1.0826905038033	15.7130630218298
1	1.73616109502928	-5.30389799172775
1	2.98812319560942	15.7130630218298
1	2.13777704125361	15.7130630218298
1	0.370577449836003	15.7130630218298
1	7.16402454575909	-5.30389799172775
1	3.27689919299469	-5.30389799172775
1	7.78067610730869	15.7130630218298
1	-1.62928343012448	-5.30389799172775
1	1.91628439509508	-5.30389799172775
1	11.1582838640615	-5.30389799172775
1	11.150414870694	-5.30389799172775
1	8.66180901230595	15.7130630218298
1	9.90929073231001	15.7130630218298
1	9.15011536979567	15.7130630218298
1	7.66580506057516	-5.30389799172775
1	-4.34858158202059	15.7130630218298
1	6.76808851786802	-5.30389799172775
1	4.77210484422042	-5.30389799172775
1	7.49602192084265	-5.30389799172775
1	5.03162066214857	-5.30389799172775
1	1.68542638489522	15.7130630218298
1	5.25455808507939	-5.30389799172775
1	2.45984371888309	-5.30389799172775
1	8.10240287198131	15.7130630218298
1	9.99457053677909	-5.30389799172775
1	5.90181810027828	15.7130630218298
1	4.53342840149862	15.7130630218298
1	-0.00841014455275049	15.7130630218298
1	6.83559412691964	15.7130630218298
1	-2.87807712491032	15.7130630218298
1	-0.766931271538602	-5.30389799172775
1	1.13053242829008	15.7130630218298
1	6.65043333581921	15.7130630218298
1	9.44511717584912	-5.30389799172775
1	5.38820949799105	-5.30389799172775
1	7.81299269178465	15.7130630218298
1	-1.29491353050677	-5.30389799172775
1	8.67049521087237	-5.30389799172775
1	2.31378192939679	-5.30389799172775
1	9.88122450101968	15.7130630218298
1	9.40661557055468	-5.30389799172775
1	2.15311722002144	15.7130630218298
1	1.41268317376875	-5.30389799172775
1	9.39955268545147	-5.30389799172775
1	5.13947219406398	-5.30389799172775
1	9.08499027724131	-5.30389799172775
1	5.36810319444381	-5.30389799172775
1	1.96156831766021	-5.30389799172775
1	8.39846714223112	15.7130630218298
1	5.18780636190517	15.7130630218298
1	6.50776261402182	-5.30389799172775
1	10.4478676194402	-5.30389799172775
1	4.4694732489229	15.7130630218298
1	-0.871306030983109	-5.30389799172775
1	2.30034665122364	15.7130630218298
1	2.34588715545427	15.7130630218298
1	12.3909498764063	15.7130630218298
1	13.9387180330806	15.7130630218298
1	0.23706642464464	15.7130630218298
1	4.02049231090547	-5.30389799172775
1	10.7951485216016	-5.30389799172775
1	0.233671824257256	15.7130630218298
1	4.94907873701757	-5.30389799172775
1	1.83688095080756	15.7130630218298
1	4.02100722935262	15.7130630218298
1	0.533242306116686	15.7130630218298
1	8.37055999542821	-5.30389799172775
1	4.19978810011259	15.7130630218298
1	0.11697167428337	15.7130630218298
1	7.66056494244898	-5.30389799172775
1	10.1163885197263	15.7130630218298
1	4.45354499695112	-5.30389799172775
1	1.2721136596478	15.7130630218298
1	-0.433043155965496	-5.30389799172775
1	1.40126937391547	15.7130630218298
1	-1.42564467382355	15.7130630218298
1	1.09277664001855	15.7130630218298
1	0.58298273947091	-5.30389799172775
1	-0.599831042607216	-5.30389799172775
1	0.158479537609441	15.7130630218298
1	4.22277918280051	-5.30389799172775
1	0.391714334442204	-5.30389799172775
1	0.33177022213654	15.7130630218298
1	7.5173302663086	-5.30389799172775
1	2.69585614553595	15.7130630218298
1	-2.37380881558173	15.7130630218298
1	6.47047610945289	-5.30389799172775
1	7.73251541197951	15.7130630218298
1	9.98290102516725	-5.30389799172775
1	9.31726091151868	15.7130630218298
1	5.30332070511052	15.7130630218298
1	10.0747615832888	15.7130630218298
1	3.82923596449484	15.7130630218298
1	11.5969566128186	15.7130630218298
1	12.2741860713448	-5.30389799172775
1	1.49729153160628	-5.30389799172775
1	7.15395395372344	-5.30389799172775
1	4.05029911945523	-5.30389799172775
1	-0.109726383816623	15.7130630218298
1	-0.553939803402985	15.7130630218298
1	-0.226251676677918	-5.30389799172775
1	8.81242485221115	-5.30389799172775
1	8.55632071564338	-5.30389799172775
1	0.175002105410684	15.7130630218298
1	1.30168454422251	15.7130630218298
1	3.50342881885624	-5.30389799172775
1	8.68840932869351	-5.30389799172775
1	10.0117443452968	15.7130630218298
1	11.2590644663253	15.7130630218298
1	5.52246623443888	15.7130630218298
1	1.11859344544774	-5.30389799172775
1	12.9970950903469	-5.30389799172775
1	1.0340007896917	-5.30389799172775
1	5.8384678084801	-5.30389799172775
1	2.91957960781285	15.7130630218298
1	0.0349888098504865	15.7130630218298
1	8.9947178895006	15.7130630218298
1	6.34460717134618	15.7130630218298
1	6.99388021776221	-5.30389799172775
1	9.43567368757619	15.7130630218298
1	2.98403160328304	15.7130630218298
1	9.61489063798503	-5.30389799172775
1	2.1282747074767	-5.30389799172775
1	7.42181550735181	-5.30389799172775
1	3.63732299504189	15.7130630218298
1	8.14695862208917	15.7130630218298
1	5.21783591565566	-5.30389799172775
1	3.79803920581527	15.7130630218298
1	5.52105325366223	-5.30389799172775
1	6.72285671406426	15.7130630218298
1	4.20797677855704	15.7130630218298
1	8.91230044113409	-5.30389799172775
1	9.03218425560953	-5.30389799172775
1	8.49667672673218	15.7130630218298
1	9.32091834610859	15.7130630218298
1	6.9123546798909	-5.30389799172775
1	1.07035984447719	-5.30389799172775
1	6.54460496586534	-5.30389799172775
1	7.73540897138004	-5.30389799172775
1	5.47983669390778	-5.30389799172775
1	1.46692306421476	-5.30389799172775
1	5.3440734357843	-5.30389799172775
1	5.23292947675027	-5.30389799172775
1	12.0460714848872	-5.30389799172775
1	1.62997162363475	15.7130630218298
1	2.88644765006361	15.7130630218298
1	4.668533833276	-5.30389799172775
1	0.803780709811993	15.7130630218298
1	12.6076383930942	15.7130630218298
1	5.9359075149856	-5.30389799172775
1	7.42547261116105	15.7130630218298
1	-2.9985591613619	-5.30389799172775
1	10.8055576418856	-5.30389799172775
1	8.12978496903149	-5.30389799172775
1	-0.0621291524143852	15.7130630218298
1	0.475089487267889	15.7130630218298
1	2.05153761369778	-5.30389799172775
1	6.02462503540665	15.7130630218298
1	8.74066847700793	-5.30389799172775
1	8.39276821289705	15.7130630218298
1	-0.0540511022314258	15.7130630218298
1	10.2448781354606	15.7130630218298
1	3.19817493684269	15.7130630218298
1	-0.475229338323001	-5.30389799172775
1	4.11027026380791	15.7130630218298
1	5.69035499382832	-5.30389799172775
1	-1.18604411447534	-5.30389799172775
1	5.09384561388329	15.7130630218298
1	8.82429058176307	15.7130630218298
1	-2.44773827934238	15.7130630218298
1	6.91695793778167	-5.30389799172775
1	0.767720897728969	15.7130630218298
1	14.6158719177026	-5.30389799172775
1	1.15683106764185	-5.30389799172775
1	1.38770604247118	-5.30389799172775
1	0.0230024708188306	15.7130630218298
1	-0.621341522821964	15.7130630218298
1	-0.0667370358522751	-5.30389799172775
1	11.5106223174834	-5.30389799172775
1	10.3809630483758	-5.30389799172775
1	11.8207729573972	-5.30389799172775
1	2.4545735165825	-5.30389799172775
1	-0.553269126895843	15.7130630218298
1	9.63762828435777	15.7130630218298
1	0.453897148631049	-5.30389799172775
1	2.26581546078627	-5.30389799172775
1	1.12986398833778	-5.30389799172775
1	7.45632988097753	15.7130630218298
1	8.15088203201351	-5.30389799172775
1	5.63187883421854	-5.30389799172775
1	0.0479606144664847	-5.30389799172775
1	5.85334177583055	-5.30389799172775
1	7.47175317907716	-5.30389799172775
1	0.94456294939532	15.7130630218298
1	8.52163708262522	15.7130630218298
1	2.08564079178643	-5.30389799172775
1	0.0115136148397563	15.7130630218298
1	7.32992453795833	-5.30389799172775
1	12.8789455866351	15.7130630218298
1	-1.0826905038033	-5.30389799172775
1	1.73616109502928	15.7130630218298
1	2.98812319560942	-5.30389799172775
1	2.13777704125361	-5.30389799172775
1	0.370577449836003	-5.30389799172775
1	7.16402454575909	15.7130630218298
1	3.27689919299469	15.7130630218298
1	7.78067610730869	-5.30389799172775
1	-1.62928343012448	15.7130630218298
1	1.91628439509508	15.7130630218298
1	11.1582838640615	15.7130630218298
1	11.150414870694	15.7130630218298
1	8.66180901230595	-5.30389799172775
1	9.90929073231001	-5.30389799172775
1	9.15011536979567	-5.30389799172775
1	7.66580506057516	15.7130630218298
1	-4.34858158202059	-5.30389799172775
1	6.76808851786802	15.7130630218298
1	4.77210484422042	15.7130630218298
1	7.49602192084265	15.7130630218298
1	5.03162066214857	15.7130630218298
1	1.68542638489522	-5.30389799172775
1	5.25455808507939	15.7130630218298
1	2.45984371888309	15.7130630218298
1	8.10240287198131	-5.30389799172775
1	9.99457053677909	15.7130630218298
1	5.90181810027828	-5.30389799172775
1	4.53342840149862	-5.30389799172775
1	-0.00841014455275049	-5.30389799172775
1	6.83559412691964	-5.30389799172775
1	-2.87807712491032	-5.30389799172775
1	-0.766931271538602	15.7130630218298
1	1.13053242829008	-5.30389799172775
1	6.65043333581921	-5.30389799172775
1	9.44511717584912	15.7130630218298
1	5.38820949799105	15.7130630218298
1	7.81299269178465	-5.30389799172775
1	-1.29491353050677	15.7130630218298
1	8.67049521087237	15.7130630218298
1	2.31378192939679	15.7130630218298
1	9.88122450101968	-5.30389799172775
1	9.40661557055468	15.7130630218298
1	2.15311722002144	-5.30389799172775
1	1.41268317376875	15.7130630218298
1	9.39955268545147	15.7130630218298
1	5.13947219406398	15.7130630218298
1	9.08499027724131	15.7130630218298
1	5.36810319444381	15.7130630218298
1	1.96156831766021	15.7130630218298
1	8.39846714223112	-5.30389799172775
1	5.18780636190517	-5.30389799172775
1	6.50776261402182	15.7130630218298
1	10.4478676194402	15.7130630218298
1	4.4694732489229	-5.30389799172775
1	-0.871306030983109	15.7130630218298
1	2.30034665122364	-5.30389799172775
1	2.34588715545427	-5.30389799172775
1	12.3909498764063	-5.30389799172775
1	13.9387180330806	-5.30389799172775
1	0.23706642464464	-5.30389799172775
1	4.02049231090547	15.7130630218298
1	10.7951485216016	15.7130630218298
1	0.233671824257256	-5.30389799172775
1	4.94907873701757	15.7130630218298
1	1.83688095080756	-5.30389799172775
1	4.02100722935262	-5.30389799172775
1	0.533242306116686	-5.30389799172775
1	8.37055999542821	15.7130630218298
1	4.19978810011259	-5.30389799172775
1	0.11697167428337	-5.30389799172775
1	7.66056494244898	15.7130630218298
1	10.1163885197263	-5.30389799172775
1	4.45354499695112	15.7130630218298
1	1.2721136596478	-5.30389799172775
1	-0.433043155965496	15.7130630218298
1	1.40126937391547	-5.30389799172775
1	-1.42564467382355	-5.30389799172775
1	1.09277664001855	-5.30389799172775
1	0.58298273947091	15.7130630218298
1	-0.599831042607216	15.7130630218298
1	0.158479537609441	-5.30389799172775
1	4.22277918280051	15.7130630218298
1	0.391714334442204	15.7130630218298
1	0.33177022213654	-5.30389799172775
1	7.5173302663086	15.7130630218298
1	2.69585614553595	-5.30389799172775
1	-2.37380881558173	-5.30389799172775
1	6.47047610945289	15.7130630218298
1	7.73251541197951	-5.30389799172775
1	9.98290102516725	15.7130630218298
1	9.31726091151868	-5.30389799172775
1	5.30332070511052	-5.30389799172775
1	10.0747615832888	-5.30389799172775
1	3.82923596449484	-5.30389799172775
1	11.5969566128186	-5.30389799172775
1	12.2741860713448	15.7130630218298
1	1.49729153160628	15.7130630218298
1	7.15395395372344	15.7130630218298
1	4.05029911945523	15.7130630218298
1	-0.109726383816623	-5.30389799172775
1	-0.553939803402985	-5.30389799172775
1	-0.226251676677918	15.7130630218298
1	8.81242485221115	15.7130630218298
1	8.55632071564338	15.7130630218298
1	0.175002105410684	-5.30389799172775
1	1.30168454422251	-5.30389799172775
1	3.50342881885624	15.7130630218298
1	8.68840932869351	15.7130630218298
1	10.0117443452968	-5.30389799172775
1	11.2590644663253	-5.30389799172775
1	5.52246623443888	-5.30389799172775
1	1.11859344544774	15.7130630218298
1	12.9970950903469	15.7130630218298
1	1.0340007896917	15.7130630218298
1	5.8384678084801	15.7130630218298
1	2.91957960781285	-5.30389799172775
1	0.0349888098504865	-5.30389799172775
1	8.9947178895006	-5.30389799172775
1	6.34460717134618	-5.30389799172775
1	6.99388021776221	15.7130630218298
1	9.43567368757619	-5.30389799172775
1	2.98403160328304	-5.30389799172775
1	9.61489063798503	15.7130630218298
1	2.1282747074767	15.7130630218298
1	7.42181550735181	15.7130630218298
1	3.63732299504189	-5.30389799172775
1	8.14695862208917	-5.30389799172775
1	5.21783591565566	15.7130630218298
1	3.79803920581527	-5.30389799172775
1	5.52105325366223	15.7130630218298
1	6.72285671406426	-5.30389799172775
1	4.20797677855704	-5.30389799172775
1	8.91230044113409	15.7130630218298
1	9.03218425560953	15.7130630218298
1	8.49667672673218	-5.30389799172775
1	9.32091834610859	-5.30389799172775
1	6.9123546798909	15.7130630218298
1	1.07035984447719	15.7130630218298
1	6.54460496586534	15.7130630218298
1	7.73540897138004	15.7130630218298
1	5.47983669390778	15.7130630218298
1	1.46692306421476	15.7130630218298
1	5.3440734357843	15.7130630218298
1	5.23292947675027	15.7130630218298
1	12.0460714848872	15.7130630218298
1	1.62997162363475	-5.30389799172775
1	2.88644765006361	-5.30389799172775
1	4.668533833276	15.7130630218298
1	0.803780709811993	-5.30389799172775
1	12.6076383930942	-5.30389799172775
1	5.9359075149856	15.7130630218298
1	7.42547261116105	-5.30389799172775
1	-2.9985591613619	15.7130630218298
1	10.8055576418856	15.7130630218298
1	8.12978496903149	15.7130630218298
1	-0.0621291524143852	-5.30389799172775
1	0.475089487267889	-5.30389799172775
1	2.05153761369778	15.7130630218298
1	6.02462503540665	-5.30389799172775
1	8.74066847700793	15.7130630218298
1	8.39276821289705	-5.30389799172775
1	-0.0540511022314258	-5.30389799172775
1	10.2448781354606	-5.30389799172775
1	3.19817493684269	-5.30389799172775
1	-0.475229338323001	15.7130630218298
1	4.11027026380791	-5.30389799172775
1	5.69035499382832	15.7130630218298
1	-1.18604411447534	15.7130630218298
1	5.09384561388329	-5.30389799172775
1	8.82429058176307	-5.30389799172775
1	-2.44773827934238	-5.30389799172775
1	6.91695793778167	15.7130630218298
1	0.767720897728969	-5.30389799172775
1	14.6158719177026	15.7130630218298
1	1.15683106764185	15.7130630218298
1	1.38770604247118	15.7130630218298
1	0.0230024708188306	-5.30389799172775
1	-0.621341522821964	-5.30389799172775
1	-0.0667370358522751	15.7130630218298
1	11.5106223174834	15.7130630218298
1	10.3809630483758	15.7130630218298
1	11.8207729573972	15.7130630218298
1	2.4545735165825	15.7130630218298
1	-0.553269126895843	-5.30389799172775
1	9.63762828435777	-5.30389799172775
1	0.453897148631049	15.7130630218298
1	2.26581546078627	15.7130630218298
1	1.12986398833778	15.7130630218298
1	7.45632988097753	-5.30389799172775
1	8.15088203201351	15.7130630218298
1	5.63187883421854	15.7130630218298
1	0.0479606144664847	15.7130630218298
1	5.85334177583055	15.7130630218298
1	7.47175317907716	15.7130630218298
1	0.94456294939532	-5.30389799172775
1	8.52163708262522	-5.30389799172775
1	2.08564079178643	15.7130630218298
1	0.0115136148397563	-5.30389799172775
1	7.32992453795833	15.7130630218298
1	12.8789455866351	-5.30389799172775
1	-1.0826905038033	15.7130630218298
1	1.73616109502928	-5.30389799172775
1	2.98812319560942	15.7130630218298
1	2.13777704125361	15.7130630218298
1	0.370577449836003	15.7130630218298
1	7.16402454575909	-5.30389799172775
1	3.27689919299469	-5.30389799172775
1	7.78067610730869	15.7130630218298
1	-1.62928343012448	-5.30389799172775
1	1.91628439509508	-5.30389799172775
1	11.1582838640615	-5.30389799172775
1	11.150414870694	-5.30389799172775
1	8.66180901230595	15.7130630218298
1	9.90929073231001	15.7130630218298
1	9.15011536979567	15.7130630218298
1	7.66580506057516	-5.30389799172775
1	-4.34858158202059	15.7130630218298
1	6.76808851786802	-5.30389799172775
1	4.77210484422042	-5.30389799172775
1	7.49602192084265	-5.30389799172775
1	5.03162066214857	-5.30389799172775
1	1.68542638489522	15.7130630218298
1	5.25455808507939	-5.30389799172775
1	2.45984371888309	-5.30389799172775
1	8.10240287198131	15.7130630218298
1	9.99457053677909	-5.30389799172775
1	5.90181810027828	15.7130630218298
1	4.53342840149862	15.7130630218298
1	-0.00841014455275049	15.7130630218298
1	6.83559412691964	15.7130630218298
1	-2.87807712491032	15.7130630218298
1	-0.766931271538602	-5.30389799172775
1	1.13053242829008	15.7130630218298
1	6.65043333581921	15.7130630218298
1	9.44511717584912	-5.30389799172775
1	5.38820949799105	-5.30389799172775
1	7.81299269178465	15.7130630218298
1	-1.29491353050677	-5.30389799172775
1	8.67049521087237	-5.30389799172775
1	2.31378192939679	-5.30389799172775
1	9.88122450101968	15.7130630218298
1	9.40661557055468	-5.30389799172775
1	2.15311722002144	15.7130630218298
1	1.41268317376875	-5.30389799172775
1	9.39955268545147	-5.30389799172775
1	5.13947219406398	-5.30389799172775
1	9.08499027724131	-5.30389799172775
1	5.36810319444381	-5.30389799172775
1	1.96156831766021	-5.30389799172775
1	8.39846714223112	15.7130630218298
1	5.18780636190517	15.7130630218298
1	6.50776261402182	-5.30389799172775
1	10.4478676194402	-5.30389799172775
1	4.4694732489229	15.7130630218298
1	-0.871306030983109	-5.30389799172775
1	2.30034665122364	15.7130630218298
1	2.34588715545427	15.7130630218298
1	12.3909498764063	15.7130630218298
1	13.9387180330806	15.7130630218298
1	0.23706642464464	15.7130630218298
1	4.02049231090547	-5.30389799172775
1	10.7951485216016	-5.30389799172775
1	0.233671824257256	15.7130630218298
1	4.94907873701757	-5.30389799172775
1	1.83688095080756	15.7130630218298
1	4.02100722935262	15.7130630218298
1	0.533242306116686	15.7130630218298
1	8.37055999542821	-5.30389799172775
1	4.19978810011259	15.7130630218298
1	0.11697167428337	15.7130630218298
1	7.66056494244898	-5.30389799172775
1	10.1163885197263	15.7130630218298
1	4.45354499695112	-5.30389799172775
1	1.2721136596478	15.7130630218298
1	-0.433043155965496	-5.30389799172775
1	1.40126937391547	15.7130630218298
1	-1.42564467382355	15.7130630218298
1	1.09277664001855	15.7130630218298
1	0.58298273947091	-5.30389799172775
1	-0.599831042607216	-5.30389799172775
1	0.158479537609441	15.7130630218298
1	4.22277918280051	-5.30389799172775
1	0.391714334442204	-5.30389799172775
1	0.33177022213654	15.7130630218298
1	7.5173302663086	-5.30389799172775
1	2.69585614553595	15.7130630218298
1	-2.37380881558173	15.7130630218298
1	6.47047610945289	-5.30389799172775
1	7.73251541197951	15.7130630218298
1	9.98290102516725	-5.30389799172775
1	9.31726091151868	15.7130630218298
1	5.30332070511052	15.7130630218298
1	10.0747615832888	15.7130630218298
1	3.82923596449484	15.7130630218298
1	11.5969566128186	15.7130630218298
1	12.2741860713448	-5.30389799172775
1	1.49729153160628	-5.30389799172775
1	7.15395395372344	-5.30389799172775
1	4.05029911945523	-5.30389799172775
1	-0.109726383816623	15.7130630218298
1	-0.553939803402985	15.7130630218298
1	-0.226251676677918	-5.30389799172775
1	8.81242485221115	-5.30389799172775
1	8.55632071564338	-5.30389799172775
1	0.175002105410684	15.7130630218298
1	1.30168454422251	15.7130630218298
1	3.50342881885624	-5.30389799172775
1	8.68840932869351	-5.30389799172775
1	10.0117443452968	15.7130630218298
1	11.2590644663253	15.7130630218298
1	5.52246623443888	15.7130630218298
1	1.11859344544774	-5.30389799172775
1	12.9970950903469	-5.30389799172775
1	1.0340007896917	-5.30389799172775
1	5.8384678084801	-5.30389799172775
1	2.91957960781285	15.7130630218298
1	0.0349888098504865	15.7130630218298
1	8.9947178895006	15.7130630218298
1	6.34460717134618	15.7130630218298
1	6.99388021776221	-5.30389799172775
1	9.43567368757619	15.7130630218298
1	2.98403160328304	15.7130630218298
1	9.61489063798503	-5.30389799172775
1	2.1282747074767	-5.30389799172775
1	7.42181550735181	-5.30389799172775
1	3.63732299504189	15.7130630218298
1	8.14695862208917	15.7130630218298
1	5.21783591565566	-5.30389799172775
1	3.79803920581527	15.7130630218298
1	5.52105325366223	-5.30389799172775
1	6.72285671406426	15.7130630218298
1	4.20797677855704	15.7130630218298
1	8.91230044113409	-5.30389799172775
1	9.03218425560953	-5.30389799172775
1	8.49667672673218	15.7130630218298
1	9.32091834610859	15.7130630218298
1	6.9123546798909	-5.30389799172775
1	1.07035984447719	-5.30389799172775
1	6.54460496586534	-5.30389799172775
1	7.73540897138004	-5.30389799172775
1	5.47983669390778	-5.30389799172775
1	1.46692306421476	-5.30389799172775
1	5.3440734357843	-5.30389799172775
1	5.23292947675027	-5.30389799172775
1	12.0460714848872	-5.30389799172775
1	1.62997162363475	15.7130630218298
1	2.88644765006361	15.7130630218298
1	4.668533833276	-5.30389799172775
1	0.803780709811993	15.7130630218298
1	12.6076383930942	15.7130630218298
1	5.9359075149856	-5.30389799172775
1	7.42547261116105	15.7130630218298
1	-2.9985591613619	-5.30389799172775
1	10.8055576418856	-5.30389799172775
1	8.12978496903149	-5.30389799172775
1	-0.0621291524143852	15.7130630218298
1	0.475089487267889	15.7130630218298
1	2.05153761369778	-5.30389799172775
1	6.02462503540665	15.7130630218298
1	8.74066847700793	-5.30389799172775
1	8.39276821289705	15.7130630218298
1	-0.0540511022314258	15.7130630218298
1	10.2448781354606	15.7130630218298
1	3.19817493684269	15.7130630218298
1	-0.475229338323001	-5.30389799172775
1	4.11027026380791	15.7130630218298
1	5.69035499382832	-5.30389799172775
1	-1.18604411447534	-5.30389799172775
1	5.09384561388329	15.7130630218298
1	8.82429058176307	15.7130630218298
1	-2.44773827934238	15.7130630218298
1	6.91695793778167	-5.30389799172775
1	0.767720897728969	15.7130630218298
1	14.6158719177026	-5.30389799172775
1	1.15683106764185	-5.30389799172775
1	1.38770604247118	-5.30389799172775
1	0.0230024708188306	15.7130630218298
1	-0.621341522821964	15.7130630218298
1	-0.0667370358522751	-5.30389799172775
1	11.5106223174834	-5.30389799172775
1	10.3809630483758	-5.30389799172775
1	11.8207729573972	-5.30389799172775
1	2.4545735165825	-5.30389799172775
1	-0.553269126895843	15.7130630218298
1	9.63762828435777	15.7130630218298
1	0.453897148631049	-5.30389799172775
1	2.26581546078627	-5.30389799172775
1	1.12986398833778	-5.30389799172775
1	7.45632988097753	15.7130630218298
1	8.15088203201351	-5.30389799172775
1	5.63187883421854	-5.30389799172775
1	0.0479606144664847	-5.30389799172775
1	5.85334177583055	-5.30389799172775
1	7.47175317907716	-5.30389799172775
1	0.94456294939532	15.7130630218298
1	8.52163708262522	15.7130630218298
1	2.08564079178643	-5.30389799172775
1	0.0115136148397563	15.7130630218298
1	7.32992453795833	-5.30389799172775
1	12.8789455866351	15.7130630218298
1	-1.0826905038033	-5.30389799172775
1	1.73616109502928	15.7130630218298
1	2.98812319560942	-5.30389799172775
1	2.13777704125361	-5.30389799172775
1	0.370577449836003	-5.30389799172775
1	7.16402454575909	15.7130630218298
1	3.27689919299469	15.7130630218298
1	7.78067610730869	-5.30389799172775
1	-1.62928343012448	15.7130630218298
1	1.91628439509508	15.7130630218298
1	11.1582838640615	15.7130630218298
1	11.150414870694	15.7130630218298
1	8.66180901230595	-5.30389799172775
1	9.90929073231001	-5.30389799172775
1	9.15011536979567	-5.30389799172775
1	7.66580506057516	15.7130630218298
1	-4.34858158202059	-5.30389799172775
1	6.76808851786802	15.7130630218298
1	4.77210484422042	15.7130630218298
1	7.49602192084265	15.7130630218298
1	5.03162066214857	15.7130630218298
1	1.68542638489522	-5.30389799172775
1	5.25455808507939	15.7130630218298
1	2.45984371888309	15.7130630218298
1	8.10240287198131	-5.30389799172775
1	9.99457053677909	15.7130630218298
1	5.90181810027828	-5.30389799172775
1	4.53342840149862	-5.30389799172775
1	-0.00841014455275049	-5.30389799172775
1	6.83559412691964	-5.30389799172775
1	-2.87807712491032	-5.30389799172775
1	-0.766931271538602	15.7130630218298
1	1.13053242829008	-5.30389799172775
1	6.65043333581921	-5.30389799172775
1	9.44511717584912	15.7130630218298
1	5.38820949799105	15.7130630218298
1	7.81299269178465	-5.30389799172775
1	-1.29491353050677	15.7130630218298
1	8.67049521087237	15.7130630218298
1	2.31378192939679	15.7130630218298
1	9.88122450101968	-5.30389799172775
1	9.40661557055468	15.7130630218298
1	2.15311722002144	-5.30389799172775
1	1.41268317376875	15.7130630218298
1	9.39955268545147	15.7130630218298
1	5.13947219406398	15.7130630218298
1	9.08499027724131	15.7130630218298
1	5.36810319444381	15.7130630218298
1	1.96156831766021	15.7130630218298
1	8.39846714223112	-5.30389799172775
1	5.18780636190517	-5.30389799172775
1	6.50776261402182	15.7130630218298
1	10.4478676194402	15.7130630218298
1	4.4694732489229	-5.30389799172775
1	-0.871306030983109	15.7130630218298
1	2.30034665122364	-5.30389799172775
1	2.34588715545427	-5.30389799172775
1	12.3909498764063	-5.30389799172775
1	13.9387180330806	-5.30389799172775
1	0.23706642464464	-5.30389799172775
1	4.02049231090547	15.7130630218298
1	10.7951485216016	15.7130630218298
1	0.233671824257256	-5.30389799172775
1	4.94907873701757	15.7130630218298
1	1.83688095080756	-5.30389799172775
1	4.02100722935262	-5.30389799172775
1	0.533242306116686	-5.30389799172775
1	8.37055999542821	15.7130630218298
1	4.19978810011259	-5.30389799172775
1	0.11697167428337	-5.30389799172775
1	7.66056494244898	15.7130630218298
1	10.1163885197263	-5.30389799172775
1	4.45354499695112	15.7130630218298
1	1.2721136596478	-5.30389799172775
1	-0.433043155965496	15.7130630218298
1	1.40126937391547	-5.30389799172775
1	-1.42564467382355	-5.30389799172775
1	1.09277664001855	-5.30389799172775
1	0.58298273947091	15.7130630218298
1	-0.599831042607216	15.7130630218298
1	0.158479537609441	-5.30389799172775
1	4.22277918280051	15.7130630218298
1	0.391714334442204	15.7130630218298
1	0.33177022213654	-5.30389799172775
1	7.5173302663086	15.7130630218298
1	2.69585614553595	-5.30389799172775
1	-2.37380881558173	-5.30389799172775
1	6.47047610945289	15.7130630218298
1	7.73251541197951	-5.30389799172775
1	9.98290102516725	15.7130630218298
1	9.31726091151868	-5.30389799172775
1	5.30332070511052	-5.30389799172775
1	10.0747615832888	-5.30389799172775
1	3.82923596449484	-5.30389799172775
1	11.5969566128186	-5.30389799172775
1	12.2741860713448	15.7130630218298
1	1.49729153160628	15.7130630218298
1	7.15395395372344	15.7130630218298
1	4.05029911945523	15.7130630218298
1	-0.109726383816623	-5.30389799172775
1	-0.553939803402985	-5.30389799172775
1	-0.226251676677918	15.7130630218298
1	8.81242485221115	15.7130630218298
1	8.55632071564338	15.7130630218298
1	0.175002105410684	-5.30389799172775
1	1.30168454422251	-5.30389799172775
1	3.50342881885624	15.7130630218298
1	8.68840932869351	15.7130630218298
1	10.0117443452968	-5.30389799172775
1	11.2590644663253	-5.30389799172775
1	5.52246623443888	-5.30389799172775
1	1.11859344544774	15.7130630218298
1	12.9970950903469	15.7130630218298
1	1.0340007896917	15.7130630218298
1	5.8384678084801	15.7130630218298
1	2.91957960781285	-5.30389799172775
1	0.0349888098504865	-5.30389799172775
1	8.9947178895006	-5.30389799172775
1	6.34460717134618	-5.30389799172775
1	6.99388021776221	15.7130630218298
1	9.43567368757619	-5.30389799172775
1	2.98403160328304	-5.30389799172775
1	9.61489063798503	15.7130630218298
1	2.1282747074767	15.7130630218298
1	7.42181550735181	15.7130630218298
1	3.63732299504189	-5.30389799172775
1	8.14695862208917	-5.30389799172775
1	5.21783591565566	15.7130630218298
1	3.79803920581527	-5.30389799172775
1	5.52105325366223	15.7130630218298
1	6.72285671406426	-5.30389799172775
1	4.20797677855704	-5.30389799172775
1	8.91230044113409	15.7130630218298
1	9.03218425560953	15.7130630218298
1	8.49667672673218	-5.30389799172775
1	9.32091834610859	-5.30389799172775
1	6.9123546798909	15.7130630218298
1	1.07035984447719	15.7130630218298
1	6.54460496586534	15.7130630218298
1	7.73540897138004	15.7130630218298
1	5.47983669390778	15.7130630218298
1	1.46692306421476	15.7130630218298
1	5.3440734357843	15.7130630218298
1	5.23292947675027	15.7130630218298
1	12.0460714848872	15.7130630218298
1	1.62997162363475	-5.30389799172775
1	2.88644765006361	-5.30389799172775
1	4.668533833276	15.7130630218298
1	0.803780709811993	-5.30389799172775
1	12.6076383930942	-5.30389799172775
1	5.9359075149856	15.7130630218298
1	7.42547261116105	-5.30389799172775
1	-2.9985591613619	15.7130630218298
1	10.8055576418856	15.7130630218298
1	8.12978496903149	15.7130630218298
1	-0.0621291524143852	-5.30389799172775
1	0.475089487267889	-5.30389799172775
1	2.05153761369778	15.7130630218298
1	6.02462503540665	-5.30389799172775
1	8.74066847700793	15.7130630218298
1	8.39276821289705	-5.30389799172775
1	-0.0540511022314258	-5.30389799172775
1	10.2448781354606	-5.30389799172775
1	3.19817493684269	-5.30389799172775
1	-0.475229338323001	15.7130630218298
1	4.11027026380791	-5.30389799172775
1	5.69035499382832	15.7130630218298
1	-1.18604411447534	15.7130630218298
1	5.09384561388329	-5.30389799172775
1	8.82429058176307	-5.30389799172775
1	-2.44773827934238	-5.30389799172775
1	6.91695793778167	15.7130630218298
1	0.767720897728969	-5.30389799172775
1	14.6158719177026	15.7130630218298
1	1.15683106764185	15.7130630218298
1	1.38770604247118	15.7130630218298
1	0.0230024708188306	-5.30389799172775
1	-0.621341522821964	-5.30389799172775
1	-0.0667370358522751	15.7130630218298
1	11.5106223174834	15.7130630218298
1	10.3809630483758	15.7130630218298
1	11.8207729573972	15.7130630218298
1	2.4545735165825	15.7130630218298
1	-0.553269126895843	-5.30389799172775
1	9.63762828435777	-5.30389799172775
1	0.453897148631049	15.7130630218298
1	2.26581546078627	15.7130630218298
1	1.12986398833778	15.7130630218298
1	7.45632988097753	-5.30389799172775
1	8.15088203201351	15.7130630218298
1	5.63187883421854	15.7130630218298
1	0.0479606144664847	15.7130630218298
1	5.85334177583055	15.7130630218298
1	7.47175317907716	15.7130630218298
1	0.94456294939532	-5.30389799172775
1	8.52163708262522	-5.30389799172775
1	2.08564079178643	15.7130630218298
1	0.0115136148397563	-5.30389799172775
1	7.32992453795833	15.7130630218298
1	12.8789455866351	-5.30389799172775
1	-1.0826905038033	15.7130630218298
1	1.73616109502928	-5.30389799172775
1	2.98812319560942	15.7130630218298
1	2.13777704125361	15.7130630218298
1	0.370577449836003	15.7130630218298
1	7.16402454575909	-5.30389799172775
1	3.27689919299469	-5.30389799172775
1	7.78067610730869	15.7130630218298
1	-1.62928343012448	-5.30389799172775
1	1.91628439509508	-5.30389799172775
1	11.1582838640615	-5.30389799172775
1	11.150414870694	-5.30389799172775
1	8.66180901230595	15.7130630218298
1	9.90929073231001	15.7130630218298
1	9.15011536979567	15.7130630218298
1	7.66580506057516	-5.30389799172775
1	-4.34858158202059	15.7130630218298
1	6.76808851786802	-5.30389799172775
1	4.77210484422042	-5.30389799172775
1	7.49602192084265	-5.30389799172775
1	5.03162066214857	-5.30389799172775
1	1.68542638489522	15.7130630218298
1	5.25455808507939	-5.30389799172775
1	2.45984371888309	-5.30389799172775
1	8.10240287198131	15.7130630218298
1	9.99457053677909	-5.30389799172775
1	5.90181810027828	15.7130630218298
1	4.53342840149862	15.7130630218298
1	-0.00841014455275049	15.7130630218298
1	6.83559412691964	15.7130630218298
1	-2.87807712491032	15.7130630218298
1	-0.766931271538602	-5.30389799172775
1	1.13053242829008	15.7130630218298
1	6.65043333581921	15.7130630218298
1	9.44511717584912	-5.30389799172775
1	5.38820949799105	-5.30389799172775
1	7.81299269178465	15.7130630218298
1	-1.29491353050677	-5.30389799172775
1	8.67049521087237	-5.30389799172775
1	2.31378192939679	-5.30389799172775
1	9.88122450101968	15.7130630218298
1	9.40661557055468	-5.30389799172775
1	2.15311722002144	15.7130630218298
1	1.41268317376875	-5.30389799172775
1	9.39955268545147	-5.30389799172775
1	5.13947219406398	-5.30389799172775
1	9.08499027724131	-5.30389799172775
1	5.36810319444381	-5.30389799172775
1	1.96156831766021	-5.30389799172775
1	8.39846714223112	15.7130630218298
1	5.18780636190517	15.7130630218298
1	6.50776261402182	-5.30389799172775
1	10.4478676194402	-5.30389799172775
1	4.4694732489229	15.7130630218298
1	-0.871306030983109	-5.30389799172775
1	2.30034665122364	15.7130630218298
1	2.34588715545427	15.7130630218298
1	12.3909498764063	15.7130630218298
1	13.9387180330806	15.7130630218298
1	0.23706642464464	15.7130630218298
1	4.02049231090547	-5.30389799172775
1	10.7951485216016	-5.30389799172775
1	0.233671824257256	15.7130630218298
1	4.94907873701757	-5.30389799172775
1	1.83688095080756	15.7130630218298
1	4.02100722935262	15.7130630218298
1	0.533242306116686	15.7130630218298
1	8.37055999542821	-5.30389799172775
1	4.19978810011259	15.7130630218298
1	0.11697167428337	15.7130630218298
1	7.66056494244898	-5.30389799172775
1	10.1163885197263	15.7130630218298
1	4.45354499695112	-5.30389799172775
1	1.2721136596478	15.7130630218298
1	-0.433043155965496	-5.30389799172775
1	1.40126937391547	15.7130630218298
1	-1.42564467382355	15.7130630218298
1	1.09277664001855	15.7130630218298
1	0.58298273947091	-5.30389799172775
1	-0.599831042607216	-5.30389799172775
1	0.158479537609441	15.7130630218298
1	4.22277918280051	-5.30389799172775
1	0.391714334442204	-5.30389799172775
1	0.33177022213654	15.7130630218298
1	7.5173302663086	-5.30389799172775
1	2.69585614553595	15.7130630218298
1	-2.37380881558173	15.7130630218298
1	6.47047610945289	-5.30389799172775
1	7.73251541197951	15.7130630218298
1	9.98290102516725	-5.30389799172775
1	9.31726091151868	15.7130630218298
1	5.30332070511052	15.7130630218298
1	10.0747615832888	15.7130630218298
1	3.82923596449484	15.7130630218298
1	11.5969566128186	15.7130630218298
1	12.2741860713448	-5.30389799172775
1	1.49729153160628	-5.30389799172775
1	7.15395395372344	-5.30389799172775
1	4.05029911945523	-5.30389799172775
1	-0.109726383816623	15.7130630218298
1	-0.553939803402985	15.7130630218298
1	-0.226251676677918	-5.30389799172775
1	8.81242485221115	-5.30389799172775
1	8.55632071564338	-5.30389799172775
1	0.175002105410684	15.7130630218298
1	1.30168454422251	15.7130630218298
1	3.50342881885624	-5.30389799172775
1	8.68840932869351	-5.30389799172775
1	10.0117443452968	15.7130630218298
1	11.2590644663253	15.7130630218298
1	5.52246623443888	15.7130630218298
1	1.11859344544774	-5.30389799172775
1	12.9970950903469	-5.30389799172775
1	1.0340007896917	-5.30389799172775
1	5.8384678084801	-5.30389799172775
1	2.91957960781285	15.7130630218298
1	0.0349888098504865	15.7130630218298
1	8.9947178895006	15.7130630218298
1	6.34460717134618	15.7130630218298
1	6.99388021776221	-5.30389799172775
1	9.43567368757619	15.7130630218298
1	2.98403160328304	15.7130630218298
1	9.61489063798503	-5.30389799172775
1	2.1282747074767	-5.30389799172775
1	7.42181550735181	-5.30389799172775
1	3.63732299504189	15.7130630218298
1	8.14695862208917	15.7130630218298
1	5.21783591565566	-5.30389799172775
1	3.79803920581527	15.7130630218298
1	5.52105325366223	-5.30389799172775
1	6.72285671406426	15.7130630218298
1	4.20797677855704	15.7130630218298
1	8.91230044113409	-5.30389799172775
1	9.03218425560953	-5.30389799172775
1	8.49667672673218	15.7130630218298
1	9.32091834610859	15.7130630218298
1	6.9123546798909	-5.30389799172775
1	1.07035984447719	-5.30389799172775
1	6.54460496586534	-5.30389799172775
1	7.73540897138004	-5.30389799172775
1	5.47983669390778	-5.30389799172775
1	1.46692306421476	-5.30389799172775
1	5.3440734357843	-5.30389799172775
1	5.23292947675027	-5.30389799172775
1	12.0460714848872	-5.30389799172775
1	1.62997162363475	15.7130630218298
1	2.88644765006361	15.7130630218298
1	4.668533833276	-5.30389799172775
1	0.803780709811993	15.7130630218298
1	12.6076383930942	15.7130630218298
1	5.9359075149856	-5.30389799172775
1	7.42547261116105	15.7130630218298
1	-2.9985591613619	-5.30389799172775
1	10.8055576418856	-5.30389799172775
1	8.12978496903149	-5.30389799172775
1	-0.0621291524143852	15.7130630218298
1	0.475089487267889	15.7130630218298
1	2.05153761369778	-5.30389799172775
1	6.02462503540665	15.7130630218298
1	8.74066847700793	-5.30389799172775
1	8.39276821289705	15.7130630218298
1	-0.0540511022314258	15.7130630218298
1	10.2448781354606	15.7130630218298
1	3.19817493684269	15.7130630218298
1	-0.475229338323001	-5.30389799172775
1	4.11027026380791	15.7130630218298
1	5.69035499382832	-5.30389799172775
1	-1.18604411447534	-5.30389799172775
1	5.09384561388329	15.7130630218298
1	8.82429058176307	15.7130630218298
1	-2.44773827934238	15.7130630218298
1	6.91695793778167	-5.30389799172775
1	0.767720897728969	15.7130630218298
1	14.6158719177026	-5.30389799172775
1	1.15683106764185	-5.30389799172775
1	1.38770604247118	-5.30389799172775
1	0.0230024708188306	15.7130630218298
1	-0.621341522821964	15.7130630218298
1	-0.0667370358522751	-5.30389799172775
1	11.5106223174834	-5.30389799172775
1	10.3809630483758	-5.30389799172775
1	11.8207729573972	-5.30389799172775
1	2.4545735165825	-5.30389799172775
1	-0.553269126895843	15.7130630218298
1	9.63762828435777	15.7130630218298
1	0.453897148631049	-5.30389799172775
1	2.26581546078627	-5.30389799172775
1	1.12986398833778	-5.30389799172775
1	7.45632988097753	15.7130630218298
1	8.15088203201351	-5.30389799172775
1	5.63187883421854	-5.30389799172775
1	0.0479606144664847	-5.30389799172775
1	5.85334177583055	-5.30389799172775
1	7.47175317907716	-5.30389799172775
1	0.94456294939532	15.7130630218298
1	8.52163708262522	15.7130630218298
1	2.08564079178643	-5.30389799172775
1	0.0115136148397563	15.7130630218298
1	7.32992453795833	-5.30389799172775
1	12.8789455866351	15.7130630218298
1	-1.0826905038033	-5.30389799172775
1	1.73616109502928	15.7130630218298
1	2.98812319560942	-5.30389799172775
1	2.13777704125361	-5.30389799172775
1	0.370577449836003	-5.30389799172775
1	7.16402454575909	15.7130630218298
1	3.27689919299469	15.7130630218298
1	7.78067610730869	-5.30389799172775
1	-1.62928343012448	15.7130630218298
1	1.91628439509508	15.7130630218298
1	11.1582838640615	15.7130630218298
1	11.150414870694	15.7130630218298
1	8.66180901230595	-5.30389799172775
1	9.90929073231001	-5.30389799172775
1	9.15011536979567	-5.30389799172775
1	7.66580506057516	15.7130630218298
1	-4.34858158202059	-5.30389799172775
1	6.76808851786802	15.7130630218298
1	4.77210484422042	15.7130630218298
1	7.49602192084265	15.7130630218298
1	5.03162066214857	15.7130630218298
1	1.68542638489522	-5.30389799172775
1	5.25455808507939	15.7130630218298
1	2.45984371888309	15.7130630218298
1	8.10240287198131	-5.30389799172775
1	9.99457053677909	15.7130630218298
1	5.90181810027828	-5.30389799172775
1	4.53342840149862	-5.30389799172775
1	-0.00841014455275049	-5.30389799172775
1	6.83559412691964	-5.30389799172775
1	-2.87807712491032	-5.30389799172775
1	-0.766931271538602	15.7130630218298
1	1.13053242829008	-5.30389799172775
1	6.65043333581921	-5.30389799172775
1	9.44511717584912	15.7130630218298
1	5.38820949799105	15.7130630218298
1	7.81299269178465	-5.30389799172775
1	-1.29491353050677	15.7130630218298
1	8.67049521087237	15.7130630218298
1	2.31378192939679	15.7130630218298
1	9.88122450101968	-5.30389799172775
1	9.40661557055468	15.7130630218298
1	2.15311722002144	-5.30389799172775
1	1.41268317376875	15.7130630218298
1	9.39955268545147	15.7130630218298
1	5.13947219406398	15.7130630218298
1	9.08499027724131	15.7130630218298
1	5.36810319444381	15.7130630218298
1	1.96156831766021	15.7130630218298
1	8.39846714223112	-5.30389799172775
1	5.18780636190517	-5.30389799172775
1	6.50776261402182	15.7130630218298
1	10.4478676194402	15.7130630218298
1	4.4694732489229	-5.30389799172775
1	-0.871306030983109	15.7130630218298
1	2.30034665122364	-5.30389799172775
1	2.34588715545427	-5.30389799172775
1	12.3909498764063	-5.30389799172775
1	13.9387180330806	-5.30389799172775
1	0.23706642464464	-5.30389799172775
1	4.02049231090547	15.7130630218298
1	10.7951485216016	15.7130630218298
1	0.233671824257256	-5.30389799172775
1	4.94907873701757	15.7130630218298
1	1.83688095080756	-5.30389799172775
1	4.02100722935262	-5.30389799172775
1	0.533242306116686	-5.30389799172775
1	8.37055999542821	15.7130630218298
1	4.19978810011259	-5.30389799172775
1	0.11697167428337	-5.30389799172775
1	7.66056494244898	15.7130630218298
1	10.1163885197263	-5.30389799172775
1	4.45354499695112	15.7130630218298
1	1.2721136596478	-5.30389799172775
1	-0.433043155965496	15.7130630218298
1	1.40126937391547	-5.30389799172775
1	-1.42564467382355	-5.30389799172775
1	1.09277664001855	-5.30389799172775
1	0.58298273947091	15.7130630218298
1	-0.599831042607216	15.7130630218298
1	0.158479537609441	-5.30389799172775
1	4.22277918280051	15.7130630218298
1	0.391714334442204	15.7130630218298
1	0.33177022213654	-5.30389799172775
1	7.5173302663086	15.7130630218298
1	2.69585614553595	-5.30389799172775
1	-2.37380881558173	-5.30389799172775
1	6.47047610945289	15.7130630218298
1	7.73251541197951	-5.30389799172775
1	9.98290102516725	15.7130630218298
1	9.31726091151868	-5.30389799172775
1	5.30332070511052	-5.30389799172775
1	10.0747615832888	-5.30389799172775
1	3.82923596449484	-5.30389799172775
1	11.5969566128186	-5.30389799172775
1	12.2741860713448	15.7130630218298
1	1.49729153160628	15.7130630218298
1	7.15395395372344	15.7130630218298
1	4.05029911945523	15.7130630218298
1	-0.109726383816623	-5.30389799172775
1	-0.553939803402985	-5.30389799172775
1	-0.226251676677918	15.7130630218298
1	8.81242485221115	15.7130630218298
1	8.55632071564338	15.7130630218298
1	0.175002105410684	-5.30389799172775
1	1.30168454422251	-5.30389799172775
1	3.50342881885624	15.7130630218298
1	8.68840932869351	15.7130630218298
1	10.0117443452968	-5.30389799172775
1	11.2590644663253	-5.30389799172775
1	5.52246623443888	-5.30389799172775
1	1.11859344544774	15.7130630218298
1	12.9970950903469	15.7130630218298
1	1.0340007896917	15.7130630218298
1	5.8384678084801	15.7130630218298
1	2.91957960781285	-5.30389799172775
1	0.0349888098504865	-5.30389799172775
1	8.9947178895006	-5.30389799172775
1	6.34460717134618	-5.30389799172775
1	6.99388021776221	15.7130630218298
1	9.43567368757619	-5.30389799172775
1	2.98403160328304	-5.30389799172775
1	9.61489063798503	15.7130630218298
1	2.1282747074767	15.7130630218298
1	7.42181550735181	15.7130630218298
1	3.63732299504189	-5.30389799172775
1	8.14695862208917	-5.30389799172775
1	5.21783591565566	15.7130630218298
1	3.79803920581527	-5.30389799172775
1	5.52105325366223	15.7130630218298
1	6.72285671406426	-5.30389799172775
1	4.20797677855704	-5.30389799172775
1	8.91230044113409	15.7130630218298
1	9.03218425560953	15.7130630218298
1	8.49667672673218	-5.30389799172775
1	9.32091834610859	-5.30389799172775
1	6.9123546798909	15.7130630218298
1	1.07035984447719	15.7130630218298
1	6.54460496586534	15.7130630218298
1	7.73540897138004	15.7130630218298
1	5.47983669390778	15.7130630218298
1	1.46692306421476	15.7130630218298
1	5.3440734357843	15.7130630218298
1	5.23292947675027	15.7130630218298
1	12.0460714848872	15.7130630218298
1	1.62997162363475	-5.30389799172775
1	2.88644765006361	-5.30389799172775
1	4.668533833276	15.7130630218298
1	0.803780709811993	-5.30389799172775
1	12.6076383930942	-5.30389799172775
1	5.9359075149856	15.7130630218298
1	7.42547261116105	-5.30389799172775
1	-2.9985591613619	15.7130630218298
1	10.8055576418856	15.7130630218298
1	8.12978496903149	15.7130630218298
1	-0.0621291524143852	-5.30389799172775
1	0.475089487267889	-5.30389799172775
1	2.05153761369778	15.7130630218298
1	6.02462503540665	-5.30389799172775
1	8.74066847700793	15.7130630218298
1	8.39276821289705	-5.30389799172775
1	-0.0540511022314258	-5.30389799172775
1	10.2448781354606	-5.30389799172775
1	3.19817493684269	-5.30389799172775
1	-0.475229338323001	15.7130630218298
1	4.11027026380791	-5.30389799172775
1	5.69035499382832	15.7130630218298
1	-1.18604411447534	15.7130630218298
1	5.09384561388329	-5.30389799172775
1	8.82429058176307	-5.30389799172775
1	-2.44773827934238	-5.30389799172775
1	6.91695793778167	15.7130630218298
1	0.767720897728969	-5.30389799172775
1	14.6158719177026	15.7130630218298
1	1.15683106764185	15.7130630218298
1	1.38770604247118	15.7130630218298
1	0.0230024708188306	-5.30389799172775
1	-0.621341522821964	-5.30389799172775
1	-0.0667370358522751	15.7130630218298
1	11.5106223174834	15.7130630218298
1	10.3809630483758	15.7130630218298
1	11.8207729573972	15.7130630218298
1	2.4545735165825	15.7130630218298
1	-0.553269126895843	-5.30389799172775
1	9.63762828435777	-5.30389799172775
1	0.453897148631049	15.7130630218298
1	2.26581546078627	15.7130630218298
1	1.12986398833778	15.7130630218298
1	7.45632988097753	-5.30389799172775
1	8.15088203201351	15.7130630218298
1	5.63187883421854	15.7130630218298
1	0.0479606144664847	15.7130630218298
1	5.85334177583055	15.7130630218298
1	7.47175317907716	15.7130630218298
1	0.94456294939532	-5.30389799172775
1	8.52163708262522	-5.30389799172775
1	2.08564079178643	15.7130630218298
1	0.0115136148397563	-5.30389799172775
1	7.32992453795833	15.7130630218298
1	12.8789455866351	-5.30389799172775
1	-1.0826905038033	15.7130630218298
1	1.73616109502928	-5.30389799172775
1	2.98812319560942	15.7130630218298
1	2.13777704125361	15.7130630218298
1	0.370577449836003	15.7130630218298
1	7.16402454575909	-5.30389799172775
1	3.27689919299469	-5.30389799172775
1	7.78067610730869	15.7130630218298
1	-1.62928343012448	-5.30389799172775
1	1.91628439509508	-5.30389799172775
1	11.1582838640615	-5.30389799172775
1	11.150414870694	-5.30389799172775
1	8.66180901230595	15.7130630218298
1	9.90929073231001	15.7130630218298
1	9.15011536979567	15.7130630218298
1	7.66580506057516	-5.30389799172775
1	-4.34858158202059	15.7130630218298
1	6.76808851786802	-5.30389799172775
1	4.77210484422042	-5.30389799172775
1	7.49602192084265	-5.30389799172775
1	5.03162066214857	-5.30389799172775
1	1.68542638489522	15.7130630218298
1	5.25455808507939	-5.30389799172775
1	2.45984371888309	-5.30389799172775
1	8.10240287198131	15.7130630218298
1	9.99457053677909	-5.30389799172775
1	5.90181810027828	15.7130630218298
1	4.53342840149862	15.7130630218298
1	-0.00841014455275049	15.7130630218298
1	6.83559412691964	15.7130630218298
1	-2.87807712491032	15.7130630218298
1	-0.766931271538602	-5.30389799172775
1	1.13053242829008	15.7130630218298
1	6.65043333581921	15.7130630218298
1	9.44511717584912	-5.30389799172775
1	5.38820949799105	-5.30389799172775
1	7.81299269178465	15.7130630218298
1	-1.29491353050677	-5.30389799172775
1	8.67049521087237	-5.30389799172775
1	2.31378192939679	-5.30389799172775
1	9.88122450101968	15.7130630218298
1	9.40661557055468	-5.30389799172775
1	2.15311722002144	15.7130630218298
1	1.41268317376875	-5.30389799172775
1	9.39955268545147	-5.30389799172775
1	5.13947219406398	-5.30389799172775
1	9.08499027724131	-5.30389799172775
1	5.36810319444381	-5.30389799172775
1	1.96156831766021	-5.30389799172775
1	8.39846714223112	15.7130630218298
1	5.18780636190517	15.7130630218298
1	6.50776261402182	-5.30389799172775
1	10.4478676194402	-5.30389799172775
1	4.4694732489229	15.7130630218298
1	-0.871306030983109	-5.30389799172775
1	2.30034665122364	15.7130630218298
1	2.34588715545427	15.7130630218298
1	12.3909498764063	15.7130630218298
1	13.9387180330806	15.7130630218298
1	0.23706642464464	15.7130630218298
1	4.02049231090547	-5.30389799172775
1	10.7951485216016	-5.30389799172775
1	0.233671824257256	15.7130630218298
1	4.94907873701757	-5.30389799172775
1	1.83688095080756	15.7130630218298
1	4.02100722935262	15.7130630218298
1	0.533242306116686	15.7130630218298
1	8.37055999542821	-5.30389799172775
1	4.19978810011259	15.7130630218298
1	0.11697167428337	15.7130630218298
1	7.66056494244898	-5.30389799172775
1	10.1163885197263	15.7130630218298
1	4.45354499695112	-5.30389799172775
1	1.2721136596478	15.7130630218298
1	-0.433043155965496	-5.30389799172775
1	1.40126937391547	15.7130630218298
1	-1.42564467382355	15.7130630218298
1	1.09277664001855	15.7130630218298
1	0.58298273947091	-5.30389799172775
1	-0.599831042607216	-5.30389799172775
1	0.158479537609441	15.7130630218298
1	4.22277918280051	-5.30389799172775
1	0.391714334442204	-5.30389799172775
1	0.33177022213654	15.7130630218298
1	7.5173302663086	-5.30389799172775
1	2.69585614553595	15.7130630218298
1	-2.37380881558173	15.7130630218298
1	6.47047610945289	-5.30389799172775
1	7.73251541197951	15.7130630218298
1	9.98290102516725	-5.30389799172775
1	9.31726091151868	15.7130630218298
1	5.30332070511052	15.7130630218298
1	10.0747615832888	15.7130630218298
1	3.82923596449484	15.7130630218298
1	11.5969566128186	15.7130630218298
1	12.2741860713448	-5.30389799172775
1	1.49729153160628	-5.30389799172775
1	7.15395395372344	-5.30389799172775
1	4.05029911945523	-5.30389799172775
1	-0.109726383816623	15.7130630218298
1	-0.553939803402985	15.7130630218298
1	-0.226251676677918	-5.30389799172775
1	8.81242485221115	-5.30389799172775
1	8.55632071564338	-5.30389799172775
1	0.175002105410684	15.7130630218298
1	1.30168454422251	15.7130630218298
1	3.50342881885624	-5.30389799172775
1	8.68840932869351	-5.30389799172775
1	10.0117443452968	15.7130630218298
1	11.2590644663253	15.7130630218298
1	5.52246623443888	15.7130630218298
1	1.11859344544774	-5.30389799172775
1	12.9970950903469	-5.30389799172775
1	1.0340007896917	-5.30389799172775
1	5.8384678084801	-5.30389799172775
1	2.91957960781285	15.7130630218298
1	0.0349888098504865	15.7130630218298
1	8.9947178895006	15.7130630218298
1	6.34460717134618	15.7130630218298
1	6.99388021776221	-5.30389799172775
1	9.43567368757619	15.7130630218298
1	2.98403160328304	15.7130630218298
1	9.61489063798503	-5.30389799172775
1	2.1282747074767	-5.30389799172775
1	7.42181550735181	-5.30389799172775
1	3.63732299504189	15.7130630218298
1	8.14695862208917	15.7130630218298
1	5.21783591565566	-5.30389799172775
1	3.79803920581527	15.7130630218298
1	5.52105325366223	-5.30389799172775
1	6.72285671406426	15.7130630218298
1	4.20797677855704	15.7130630218298
1	8.91230044113409	-5.30389799172775
1	9.03218425560953	-5.30389799172775
1	8.49667672673218	15.7130630218298
1	9.32091834610859	15.7130630218298
1	6.9123546798909	-5.30389799172775
1	1.07035984447719	-5.30389799172775
1	6.54460496586534	-5.30389799172775
1	7.73540897138004	-5.30389799172775
1	5.47983669390778	-5.30389799172775
1	1.46692306421476	-5.30389799172775
1	5.3440734357843	-5.30389799172775
1	5.23292947675027	-5.30389799172775
1	12.0460714848872	-5.30389799172775
1	1.62997162363475	15.7130630218298
1	2.88644765006361	15.7130630218298
1	4.668533833276	-5.30389799172775
1	0.803780709811993	15.7130630218298
1	12.6076383930942	15.7130630218298
1	5.9359075149856	-5.30389799172775
1	7.42547261116105	15.7130630218298
1	-2.9985591613619	-5.30389799172775
1	10.8055576418856	-5.30389799172775
1	8.12978496903149	-5.30389799172775
1	-0.0621291524143852	15.7130630218298
1	0.475089487267889	15.7130630218298
1	2.05153761369778	-5.30389799172775
1	6.02462503540665	15.7130630218298
1	8.74066847700793	-5.30389799172775
1	8.39276821289705	15.7130630218298
1	-0.0540511022314258	15.7130630218298
1	10.2448781354606	15.7130630218298
1	3.19817493684269	15.7130630218298
1	-0.475229338323001	-5.30389799172775
1	4.11027026380791	15.7130630218298
1	5.69035499382832	-5.30389799172775
1	-1.18604411447534	-5.30389799172775
1	5.09384561388329	15.7130630218298
1	8.82429058176307	15.7130630218298
1	-2.44773827934238	15.7130630218298
1	6.91695793778167	-5.30389799172775
1	0.767720897728969	15.7130630218298
1	14.6158719177026	-5.30389799172775
1	1.15683106764185	-5.30389799172775
1	1.38770604247118	-5.30389799172775
1	0.0230024708188306	15.7130630218298
1	-0.621341522821964	15.7130630218298
1	-0.0667370358522751	-5.30389799172775
1	11.5106223174834	-5.30389799172775
1	10.3809630483758	-5.30389799172775
1	11.8207729573972	-5.30389799172775
1	2.4545735165825	-5.30389799172775
1	-0.553269126895843	15.7130630218298
1	9.63762828435777	15.7130630218298
1	0.453897148631049	-5.30389799172775
1	2.26581546078627	-5.30389799172775
1	1.12986398833778	-5.30389799172775
1	7.45632988097753	15.7130630218298
1	8.15088203201351	-5.30389799172775
1	5.63187883421854	-5.30389799172775
1	0.0479606144664847	-5.30389799172775
1	5.85334177583055	-5.30389799172775
1	7.47175317907716	-5.30389799172775
1	0.94456294939532	15.7130630218298
1	8.52163708262522	15.7130630218298
1	2.08564079178643	-5.30389799172775
1	0.0115136148397563	15.7130630218298
1	7.32992453795833	-5.30389799172775
1	12.8789455866351	15.7130630218298
1	-1.0826905038033	-5.30389799172775
1	1.73616109502928	15.7130630218298
1	2.98812319560942	-5.30389799172775
1	2.13777704125361	-5.30389799172775
1	0.370577449836003	-5.30389799172775
1	7.16402454575909	15.7130630218298
1	3.27689919299469	15.7130630218298
1	7.78067610730869	-5.30389799172775
1	-1.62928343012448	15.7130630218298
1	1.91628439509508	15.7130630218298
1	11.1582838640615	15.7130630218298
1	11.150414870694	15.7130630218298
1	8.66180901230595	-5.30389799172775
1	9.90929073231001	-5.30389799172775
1	9.15011536979567	-5.30389799172775
1	7.66580506057516	15.7130630218298
1	-4.34858158202059	-5.30389799172775
1	6.76808851786802	15.7130630218298
1	4.77210484422042	15.7130630218298
1	7.49602192084265	15.7130630218298
1	5.03162066214857	15.7130630218298
1	1.68542638489522	-5.30389799172775
1	5.25455808507939	15.7130630218298
1	2.45984371888309	15.7130630218298
1	8.10240287198131	-5.30389799172775
1	9.99457053677909	15.7130630218298
1	5.90181810027828	-5.30389799172775
1	4.53342840149862	-5.30389799172775
1	-0.00841014455275049	-5.30389799172775
1	6.83559412691964	-5.30389799172775
1	-2.87807712491032	-5.30389799172775
1	-0.766931271538602	15.7130630218298
1	1.13053242829008	-5.30389799172775
1	6.65043333581921	-5.30389799172775
1	9.44511717584912	15.7130630218298
1	5.38820949799105	15.7130630218298
1	7.81299269178465	-5.30389799172775
1	-1.29491353050677	15.7130630218298
1	8.67049521087237	15.7130630218298
1	2.31378192939679	15.7130630218298
1	9.88122450101968	-5.30389799172775
1	9.40661557055468	15.7130630218298
1	2.15311722002144	-5.30389799172775
1	1.41268317376875	15.7130630218298
1	9.39955268545147	15.7130630218298
1	5.13947219406398	15.7130630218298
1	9.08499027724131	15.7130630218298
1	5.36810319444381	15.7130630218298
1	1.96156831766021	15.7130630218298
1	8.39846714223112	-5.30389799172775
1	5.18780636190517	-5.30389799172775
1	6.50776261402182	15.7130630218298
1	10.4478676194402	15.7130630218298
1	4.4694732489229	-5.30389799172775
1	-0.871306030983109	15.7130630218298
1	2.30034665122364	-5.30389799172775
1	2.34588715545427	-5.30389799172775
1	12.3909498764063	-5.30389799172775
1	13.9387180330806	-5.30389799172775
1	0.23706642464464	-5.30389799172775
1	4.02049231090547	15.7130630218298
1	10.7951485216016	15.7130630218298
1	0.233671824257256	-5.30389799172775
1	4.94907873701757	15.7130630218298
1	1.83688095080756	-5.30389799172775
1	4.02100722935262	-5.30389799172775
1	0.533242306116686	-5.30389799172775
1	8.37055999542821	15.7130630218298
1	4.19978810011259	-5.30389799172775
1	0.11697167428337	-5.30389799172775
1	7.66056494244898	15.7130630218298
1	10.1163885197263	-5.30389799172775
1	4.45354499695112	15.7130630218298
1	1.2721136596478	-5.30389799172775
1	-0.433043155965496	15.7130630218298
1	1.40126937391547	-5.30389799172775
1	-1.42564467382355	-5.30389799172775
1	1.09277664001855	-5.30389799172775
1	0.58298273947091	15.7130630218298
1	-0.599831042607216	15.7130630218298
1	0.158479537609441	-5.30389799172775
1	4.22277918280051	15.7130630218298
1	0.391714334442204	15.7130630218298
1	0.33177022213654	-5.30389799172775
1	7.5173302663086	15.7130630218298
1	2.69585614553595	-5.30389799172775
1	-2.37380881558173	-5.30389799172775
1	6.47047610945289	15.7130630218298
1	7.73251541197951	-5.30389799172775
1	9.98290102516725	15.7130630218298
1	9.31726091151868	-5.30389799172775
1	5.30332070511052	-5.30389799172775
1	10.0747615832888	-5.30389799172775
1	3.82923596449484	-5.30389799172775
1	11.5969566128186	-5.30389799172775
1	12.2741860713448	15.7130630218298
1	1.49729153160628	15.7130630218298
1	7.15395395372344	15.7130630218298
1	4.05029911945523	15.7130630218298
1	-0.109726383816623	-5.30389799172775
1	-0.553939803402985	-5.30389799172775
1	-0.226251676677918	15.7130630218298
1	8.81242485221115	15.7130630218298
1	8.55632071564338	15.7130630218298
1	0.175002105410684	-5.30389799172775
1	1.30168454422251	-5.30389799172775
1	3.50342881885624	15.7130630218298
1	8.68840932869351	15.7130630218298
1	10.0117443452968	-5.30389799172775
1	11.2590644663253	-5.30389799172775
1	5.52246623443888	-5.30389799172775
1	1.11859344544774	15.7130630218298
1	12.9970950903469	15.7130630218298
1	1.0340007896917	15.7130630218298
1	5.8384678084801	15.7130630218298
1	2.91957960781285	-5.30389799172775
1	0.0349888098504865	-5.30389799172775
1	8.9947178895006	-5.30389799172775
1	6.34460717134618	-5.30389799172775
1	6.99388021776221	15.7130630218298
1	9.43567368757619	-5.30389799172775
1	2.98403160328304	-5.30389799172775
1	9.61489063798503	15.7130630218298
1	2.1282747074767	15.7130630218298
1	7.42181550735181	15.7130630218298
1	3.63732299504189	-5.30389799172775
1	8.14695862208917	-5.30389799172775
1	5.21783591565566	15.7130630218298
1	3.79803920581527	-5.30389799172775
1	5.52105325366223	15.7130630218298
1	6.72285671406426	-5.30389799172775
1	4.20797677855704	-5.30389799172775
1	8.91230044113409	15.7130630218298
1	9.03218425560953	15.7130630218298
1	8.49667672673218	-5.30389799172775
1	9.32091834610859	-5.30389799172775
1	6.9123546798909	15.7130630218298
1	1.07035984447719	15.7130630218298
1	6.54460496586534	15.7130630218298
1	7.73540897138004	15.7130630218298
1	5.47983669390778	15.7130630218298
1	1.46692306421476	15.7130630218298
1	5.3440734357843	15.7130630218298
1	5.23292947675027	15.7130630218298
1	12.0460714848872	15.7130630218298
1	1.62997162363475	-5.30389799172775
1	2.88644765006361	-5.30389799172775
1	4.668533833276	15.7130630218298
1	0.803780709811993	-5.30389799172775
1	12.6076383930942	-5.30389799172775
1	5.9359075149856	15.7130630218298
1	7.42547261116105	-5.30389799172775
1	-2.9985591613619	15.7130630218298
1	10.8055576418856	15.7130630218298
1	8.12978496903149	15.7130630218298
1	-0.0621291524143852	-5.30389799172775
1	0.475089487267889	-5.30389799172775
1	2.05153761369778	15.7130630218298
1	6.02462503540665	-5.30389799172775
1	8.74066847700793	15.7130630218298
1	8.39276821289705	-5.30389799172775
1	-0.0540511022314258	-5.30389799172775
1	10.2448781354606	-5.30389799172775
1	3.19817493684269	-5.30389799172775
1	-0.475229338323001	15.7130630218298
1	4.11027026380791	-5.30389799172775
1	5.69035499382832	15.7130630218298
1	-1.18604411447534	15.7130630218298
1	5.09384561388329	-5.30389799172775
1	8.82429058176307	-5.30389799172775
1	-2.44773827934238	-5.30389799172775
1	6.91695793778167	15.7130630218298
1	0.767720897728969	-5.30389799172775
1	14.6158719177026	15.7130630218298
1	1.15683106764185	15.7130630218298
1	1.38770604247118	15.7130630218298
1	0.0230024708188306	-5.30389799172775
1	-0.621341522821964	-5.30389799172775
1	-0.0667370358522751	15.7130630218298
1	11.5106223174834	15.7130630218298
1	10.3809630483758	15.7130630218298
1	11.8207729573972	15.7130630218298
1	2.4545735165825	15.7130630218298
1	-0.553269126895843	-5.30389799172775
1	9.63762828435777	-5.30389799172775
1	0.453897148631049	15.7130630218298
1	2.26581546078627	15.7130630218298
1	1.12986398833778	15.7130630218298
1	7.45632988097753	-5.30389799172775
1	8.15088203201351	15.7130630218298
1	5.63187883421854	15.7130630218298
1	0.0479606144664847	15.7130630218298
1	5.85334177583055	15.7130630218298
1	7.47175317907716	15.7130630218298
1	0.94456294939532	-5.30389799172775
1	8.52163708262522	-5.30389799172775
1	2.08564079178643	15.7130630218298
1	0.0115136148397563	-5.30389799172775
1	7.32992453795833	15.7130630218298
1	12.8789455866351	-5.30389799172775
1	-1.0826905038033	15.7130630218298
1	1.73616109502928	-5.30389799172775
1	2.98812319560942	15.7130630218298
1	2.13777704125361	15.7130630218298
1	0.370577449836003	15.7130630218298
1	7.16402454575909	-5.30389799172775
1	3.27689919299469	-5.30389799172775
1	7.78067610730869	15.7130630218298
1	-1.62928343012448	-5.30389799172775
1	1.91628439509508	-5.30389799172775
1	11.1582838640615	-5.30389799172775
1	11.150414870694	-5.30389799172775
1	8.66180901230595	15.7130630218298
1	9.90929073231001	15.7130630218298
1	9.15011536979567	15.7130630218298
1	7.66580506057516	-5.30389799172775
1	-4.34858158202059	15.7130630218298
1	6.76808851786802	-5.30389799172775
1	4.77210484422042	-5.30389799172775
1	7.49602192084265	-5.30389799172775
1	5.03162066214857	-5.30389799172775
1	1.68542638489522	15.7130630218298
1	5.25455808507939	-5.30389799172775
1	2.45984371888309	-5.30389799172775
1	8.10240287198131	15.7130630218298
1	9.99457053677909	-5.30389799172775
1	5.90181810027828	15.7130630218298
1	4.53342840149862	15.7130630218298
1	-0.00841014455275049	15.7130630218298
1	6.83559412691964	15.7130630218298
1	-2.87807712491032	15.7130630218298
1	-0.766931271538602	-5.30389799172775
1	1.13053242829008	15.7130630218298
1	6.65043333581921	15.7130630218298
1	9.44511717584912	-5.30389799172775
1	5.38820949799105	-5.30389799172775
1	7.81299269178465	15.7130630218298
1	-1.29491353050677	-5.30389799172775
1	8.67049521087237	-5.30389799172775
1	2.31378192939679	-5.30389799172775
1	9.88122450101968	15.7130630218298
1	9.40661557055468	-5.30389799172775
1	2.15311722002144	15.7130630218298
1	1.41268317376875	-5.30389799172775
1	9.39955268545147	-5.30389799172775
1	5.13947219406398	-5.30389799172775
1	9.08499027724131	-5.30389799172775
1	5.36810319444381	-5.30389799172775
1	1.96156831766021	-5.30389799172775
1	8.39846714223112	15.7130630218298
1	5.18780636190517	15.7130630218298
1	6.50776261402182	-5.30389799172775
1	10.4478676194402	-5.30389799172775
1	4.4694732489229	15.7130630218298
1	-0.871306030983109	-5.30389799172775
1	2.30034665122364	15.7130630218298
1	2.34588715545427	15.7130630218298
1	12.3909498764063	15.7130630218298
1	13.9387180330806	15.7130630218298
1	0.23706642464464	15.7130630218298
1	4.02049231090547	-5.30389799172775
1	10.7951485216016	-5.30389799172775
1	0.233671824257256	15.7130630218298
1	4.94907873701757	-5.30389799172775
1	1.83688095080756	15.7130630218298
1	4.02100722935262	15.7130630218298
1	0.533242306116686	15.7130630218298
1	8.37055999542821	-5.30389799172775
1	4.19978810011259	15.7130630218298
1	0.11697167428337	15.7130630218298
1	7.66056494244898	-5.30389799172775
1	10.1163885197263	15.7130630218298
1	4.45354499695112	-5.30389799172775
1	1.2721136596478	15.7130630218298
1	-0.433043155965496	-5.30389799172775
1	1.40126937391547	15.7130630218298
1	-1.42564467382355	15.7130630218298
1	1.09277664001855	15.7130630218298
1	0.58298273947091	-5.30389799172775
1	-0.599831042607216	-5.30389799172775
1	0.158479537609441	15.7130630218298
1	4.22277918280051	-5.30389799172775
1	0.391714334442204	-5.30389799172775
1	0.33177022213654	15.7130630218298
1	7.5173302663086	-5.30389799172775
1	2.69585614553595	15.7130630218298
1	-2.37380881558173	15.7130630218298
1	6.47047610945289	-5.30389799172775
1	7.73251541197951	15.7130630218298
1	9.98290102516725	-5.30389799172775
1	9.31726091151868	15.7130630218298
1	5.30332070511052	15.7130630218298
1	10.0747615832888	15.7130630218298
1	3.82923596449484	15.7130630218298
1	11.5969566128186	15.7130630218298
1	12.2741860713448	-5.30389799172775
1	1.49729153160628	-5.30389799172775
1	7.15395395372344	-5.30389799172775
1	4.05029911945523	-5.30389799172775
1	-0.109726383816623	15.7130630218298
1	-0.553939803402985	15.7130630218298
1	-0.226251676677918	-5.30389799172775
1	8.81242485221115	-5.30389799172775
1	8.55632071564338	-5.30389799172775
1	0.175002105410684	15.7130630218298
1	1.30168454422251	15.7130630218298
1	3.50342881885624	-5.30389799172775
1	8.68840932869351	-5.30389799172775
1	10.0117443452968	15.7130630218298
1	11.2590644663253	15.7130630218298
1	5.52246623443888	15.7130630218298
1	1.11859344544774	-5.30389799172775
1	12.9970950903469	-5.30389799172775
1	1.0340007896917	-5.30389799172775
1	5.8384678084801	-5.30389799172775
1	2.91957960781285	15.7130630218298
1	0.0349888098504865	15.7130630218298
1	8.9947178895006	15.7130630218298
1	6.34460717134618	15.7130630218298
1	6.99388021776221	-5.30389799172775
1	9.43567368757619	15.7130630218298
1	2.98403160328304	15.7130630218298
1	9.61489063798503	-5.30389799172775
1	2.1282747074767	-5.30389799172775
1	7.42181550735181	-5.30389799172775
1	3.63732299504189	15.7130630218298
1	8.14695862208917	15.7130630218298
1	5.21783591565566	-5.30389799172775
1	3.79803920581527	15.7130630218298
1	5.52105325366223	-5.30389799172775
1	6.72285671406426	15.7130630218298
1	4.20797677855704	15.7130630218298
1	8.91230044113409	-5.30389799172775
1	9.03218425560953	-5.30389799172775
1	8.49667672673218	15.7130630218298
1	9.32091834610859	15.7130630218298
1	6.9123546798909	-5.30389799172775
1	1.07035984447719	-5.30389799172775
1	6.54460496586534	-5.30389799172775
1	7.73540897138004	-5.30389799172775
1	5.47983669390778	-5.30389799172775
1	1.46692306421476	-5.30389799172775
1	5.3440734357843	-5.30389799172775
1	5.23292947675027	-5.30389799172775
1	12.0460714848872	-5.30389799172775
1	1.62997162363475	15.7130630218298
1	2.88644765006361	15.7130630218298
1	4.668533833276	-5.30389799172775
1	0.803780709811993	15.7130630218298
1	12.6076383930942	15.7130630218298
1	5.9359075149856	-5.30389799172775
1	7.42547261116105	15.7130630218298
1	-2.9985591613619	-5.30389799172775
1	10.8055576418856	-5.30389799172775
1	8.12978496903149	-5.30389799172775
1	-0.0621291524143852	15.7130630218298
1	0.475089487267889	15.7130630218298
1	2.05153761369778	-5.30389799172775
1	6.02462503540665	15.7130630218298
1	8.74066847700793	-5.30389799172775
1	8.39276821289705	15.7130630218298
1	-0.0540511022314258	15.7130630218298
1	10.2448781354606	15.7130630218298
1	3.19817493684269	15.7130630218298
1	-0.475229338323001	-5.30389799172775
1	4.11027026380791	15.7130630218298
1	5.69035499382832	-5.30389799172775
1	-1.18604411447534	-5.30389799172775
1	5.09384561388329	15.7130630218298
1	8.82429058176307	15.7130630218298
1	-2.44773827934238	15.7130630218298
1	6.91695793778167	-5.30389799172775
1	0.767720897728969	15.7130630218298
1	14.6158719177026	-5.30389799172775
1	1.15683106764185	-5.30389799172775
1	1.38770604247118	-5.30389799172775
1	0.0230024708188306	15.7130630218298
1	-0.621341522821964	15.7130630218298
1	-0.0667370358522751	-5.30389799172775
1	11.5106223174834	-5.30389799172775
1	10.3809630483758	-5.30389799172775
1	11.8207729573972	-5.30389799172775
1	2.4545735165825	-5.30389799172775
1	-0.553269126895843	15.7130630218298
1	9.63762828435777	15.7130630218298
1	0.453897148631049	-5.30389799172775
1	2.26581546078627	-5.30389799172775
1	1.12986398833778	-5.30389799172775
1	7.45632988097753	15.7130630218298
1	8.15088203201351	-5.30389799172775
1	5.63187883421854	-5.30389799172775
1	0.0479606144664847	-5.30389799172775
1	5.85334177583055	-5.30389799172775
1	7.47175317907716	-5.30389799172775
1	0.94456294939532	15.7130630218298
1	8.52163708262522	15.7130630218298
1	2.08564079178643	-5.30389799172775
1	0.0115136148397563	15.7130630218298
1	7.32992453795833	-5.30389799172775
1	12.8789455866351	15.7130630218298
1	-1.0826905038033	-5.30389799172775
1	1.73616109502928	15.7130630218298
1	2.98812319560942	-5.30389799172775
1	2.13777704125361	-5.30389799172775
1	0.370577449836003	-5.30389799172775
1	7.16402454575909	15.7130630218298
1	3.27689919299469	15.7130630218298
1	7.78067610730869	-5.30389799172775
1	-1.62928343012448	15.7130630218298
1	1.91628439509508	15.7130630218298
1	11.1582838640615	15.7130630218298
1	11.150414870694	15.7130630218298
1	8.66180901230595	-5.30389799172775
1	9.90929073231001	-5.30389799172775
1	9.15011536979567	-5.30389799172775
1	7.66580506057516	15.7130630218298
1	-4.34858158202059	-5.30389799172775
1	6.76808851786802	15.7130630218298
1	4.77210484422042	15.7130630218298
1	7.49602192084265	15.7130630218298
1	5.03162066214857	15.7130630218298
1	1.68542638489522	-5.30389799172775
1	5.25455808507939	15.7130630218298
1	2.45984371888309	15.7130630218298
1	8.10240287198131	-5.30389799172775
1	9.99457053677909	15.7130630218298
1	5.90181810027828	-5.30389799172775
1	4.53342840149862	-5.30389799172775
1	-0.00841014455275049	-5.30389799172775
1	6.83559412691964	-5.30389799172775
1	-2.87807712491032	-5.30389799172775
1	-0.766931271538602	15.7130630218298
1	1.13053242829008	-5.30389799172775
1	6.65043333581921	-5.30389799172775
1	9.44511717584912	15.7130630218298
1	5.38820949799105	15.7130630218298
1	7.81299269178465	-5.30389799172775
1	-1.29491353050677	15.7130630218298
1	8.67049521087237	15.7130630218298
1	2.31378192939679	15.7130630218298
1	9.88122450101968	-5.30389799172775
1	9.40661557055468	15.7130630218298
1	2.15311722002144	-5.30389799172775
1	1.41268317376875	15.7130630218298
1	9.39955268545147	15.7130630218298
1	5.13947219406398	15.7130630218298
1	9.08499027724131	15.7130630218298
1	5.36810319444381	15.7130630218298
1	1.96156831766021	15.7130630218298
1	8.39846714223112	-5.30389799172775
1	5.18780636190517	-5.30389799172775
1	6.50776261402182	15.7130630218298
1	10.4478676194402	15.7130630218298
1	4.4694732489229	-5.30389799172775
1	-0.871306030983109	15.7130630218298
1	2.30034665122364	-5.30389799172775
1	2.34588715545427	-5.30389799172775
1	12.3909498764063	-5.30389799172775
1	13.9387180330806	-5.30389799172775
1	0.23706642464464	-5.30389799172775
1	4.02049231090547	15.7130630218298
1	10.7951485216016	15.7130630218298
1	0.233671824257256	-5.30389799172775
1	4.94907873701757	15.7130630218298
1	1.83688095080756	-5.30389799172775
1	4.02100722935262	-5.30389799172775
1	0.533242306116686	-5.30389799172775
1	8.37055999542821	15.7130630218298
1	4.19978810011259	-5.30389799172775
1	0.11697167428337	-5.30389799172775
1	7.66056494244898	15.7130630218298
1	10.1163885197263	-5.30389799172775
1	4.45354499695112	15.7130630218298
1	1.2721136596478	-5.30389799172775
1	-0.433043155965496	15.7130630218298
1	1.40126937391547	-5.30389799172775
1	-1.42564467382355	-5.30389799172775
1	1.09277664001855	-5.30389799172775
1	0.58298273947091	15.7130630218298
1	-0.599831042607216	15.7130630218298
1	0.158479537609441	-5.30389799172775
1	4.22277918280051	15.7130630218298
1	0.391714334442204	15.7130630218298
1	0.33177022213654	-5.30389799172775
1	7.5173302663086	15.7130630218298
1	2.69585614553595	-5.30389799172775
1	-2.37380881558173	-5.30389799172775
1	6.47047610945289	15.7130630218298
1	7.73251541197951	-5.30389799172775
1	9.98290102516725	15.7130630218298
1	9.31726091151868	-5.30389799172775
1	5.30332070511052	-5.30389799172775
1	10.0747615832888	-5.30389799172775
1	3.82923596449484	-5.30389799172775
1	11.5969566128186	-5.30389799172775
1	12.2741860713448	15.7130630218298
1	1.49729153160628	15.7130630218298
1	7.15395395372344	15.7130630218298
1	4.05029911945523	15.7130630218298
1	-0.109726383816623	-5.30389799172775
1	-0.553939803402985	-5.30389799172775
1	-0.226251676677918	15.7130630218298
1	8.81242485221115	15.7130630218298
1	8.55632071564338	15.7130630218298
1	0.175002105410684	-5.30389799172775
1	1.30168454422251	-5.30389799172775
1	3.50342881885624	15.7130630218298
1	8.68840932869351	15.7130630218298
1	10.0117443452968	-5.30389799172775
1	11.2590644663253	-5.30389799172775
1	5.52246623443888	-5.30389799172775
1	1.11859344544774	15.7130630218298
1	12.9970950903469	15.7130630218298
1	1.0340007896917	15.7130630218298
1	5.8384678084801	15.7130630218298
1	2.91957960781285	-5.30389799172775
1	0.0349888098504865	-5.30389799172775
1	8.9947178895006	-5.30389799172775
1	6.34460717134618	-5.30389799172775
1	6.99388021776221	15.7130630218298
1	9.43567368757619	-5.30389799172775
1	2.98403160328304	-5.30389799172775
1	9.61489063798503	15.7130630218298
1	2.1282747074767	15.7130630218298
1	7.42181550735181	15.7130630218298
1	3.63732299504189	-5.30389799172775
1	8.14695862208917	-5.30389799172775
1	5.21783591565566	15.7130630218298
1	3.79803920581527	-5.30389799172775
1	5.52105325366223	15.7130630218298
1	6.72285671406426	-5.30389799172775
1	4.20797677855704	-5.30389799172775
1	8.91230044113409	15.7130630218298
1	9.03218425560953	15.7130630218298
1	8.49667672673218	-5.30389799172775
1	9.32091834610859	-5.30389799172775
1	6.9123546798909	15.7130630218298
1	1.07035984447719	15.7130630218298
1	6.54460496586534	15.7130630218298
1	7.73540897138004	15.7130630218298
1	5.47983669390778	15.7130630218298
1	1.46692306421476	15.7130630218298
1	5.3440734357843	15.7130630218298
1	5.23292947675027	15.7130630218298
1	12.0460714848872	15.7130630218298
1	1.62997162363475	-5.30389799172775
1	2.88644765006361	-5.30389799172775
1	4.668533833276	15.7130630218298
1	0.803780709811993	-5.30389799172775
1	12.6076383930942	-5.30389799172775
1	5.9359075149856	15.7130630218298
1	7.42547261116105	-5.30389799172775
1	-2.9985591613619	15.7130630218298
1	10.8055576418856	15.7130630218298
1	8.12978496903149	15.7130630218298
1	-0.0621291524143852	-5.30389799172775
1	0.475089487267889	-5.30389799172775
1	2.05153761369778	15.7130630218298
1	6.02462503540665	-5.30389799172775
1	8.74066847700793	15.7130630218298
1	8.39276821289705	-5.30389799172775
1	-0.0540511022314258	-5.30389799172775
1	10.2448781354606	-5.30389799172775
1	3.19817493684269	-5.30389799172775
1	-0.475229338323001	15.7130630218298
1	4.11027026380791	-5.30389799172775
1	5.69035499382832	15.7130630218298
1	-1.18604411447534	15.7130630218298
1	5.09384561388329	-5.30389799172775
1	8.82429058176307	-5.30389799172775
1	-2.44773827934238	-5.30389799172775
1	6.91695793778167	15.7130630218298
1	0.767720897728969	-5.30389799172775
1	14.6158719177026	15.7130630218298
1	1.15683106764185	15.7130630218298
1	1.38770604247118	15.7130630218298
1	0.0230024708188306	-5.30389799172775
1	-0.621341522821964	-5.30389799172775
1	-0.0667370358522751	15.7130630218298
1	11.5106223174834	15.7130630218298
1	10.3809630483758	15.7130630218298
1	11.8207729573972	15.7130630218298
1	2.4545735165825	15.7130630218298
1	-0.553269126895843	-5.30389799172775
1	9.63762828435777	-5.30389799172775
1	0.453897148631049	15.7130630218298
1	2.26581546078627	15.7130630218298
1	1.12986398833778	15.7130630218298
1	7.45632988097753	-5.30389799172775
1	8.15088203201351	15.7130630218298
1	5.63187883421854	15.7130630218298
1	0.0479606144664847	15.7130630218298
1	5.85334177583055	15.7130630218298
1	7.47175317907716	15.7130630218298
1	0.94456294939532	-5.30389799172775
1	8.52163708262522	-5.30389799172775
1	2.08564079178643	15.7130630218298
1	0.0115136148397563	-5.30389799172775
1	7.32992453795833	15.7130630218298
1	12.8789455866351	-5.30389799172775
1	-1.0826905038033	15.7130630218298
1	1.73616109502928	-5.30389799172775
1	2.98812319560942	15.7130630218298
1	2.13777704125361	15.7130630218298
1	0.370577449836003	15.7130630218298
1	7.16402454575909	-5.30389799172775
1	3.27689919299469	-5.30389799172775
1	7.78067610730869	15.7130630218298
1	-1.62928343012448	-5.30389799172775
1	1.91628439509508	-5.30389799172775
1	11.1582838640615	-5.30389799172775
1	11.150414870694	-5.30389799172775
1	8.66180901230595	15.7130630218298
1	9.90929073231001	15.7130630218298
1	9.15011536979567	15.7130630218298
1	7.66580506057516	-5.30389799172775
1	-4.34858158202059	15.7130630218298
1	6.76808851786802	-5.30389799172775
1	4.77210484422042	-5.30389799172775
1	7.49602192084265	-5.30389799172775
1	5.03162066214857	-5.30389799172775
1	1.68542638489522	15.7130630218298
1	5.25455808507939	-5.30389799172775
1	2.45984371888309	-5.30389799172775
1	8.10240287198131	15.7130630218298
1	9.99457053677909	-5.30389799172775
1	5.90181810027828	15.7130630218298
1	4.53342840149862	15.7130630218298
1	-0.00841014455275049	15.7130630218298
1	6.83559412691964	15.7130630218298
1	-2.87807712491032	15.7130630218298
1	-0.766931271538602	-5.30389799172775
1	1.13053242829008	15.7130630218298
1	6.65043333581921	15.7130630218298
1	9.44511717584912	-5.30389799172775
1	5.38820949799105	-5.30389799172775
1	7.81299269178465	15.7130630218298
1	-1.29491353050677	-5.30389799172775
1	8.67049521087237	-5.30389799172775
1	2.31378192939679	-5.30389799172775
1	9.88122450101968	15.7130630218298
1	9.40661557055468	-5.30389799172775
1	2.15311722002144	15.7130630218298
1	1.41268317376875	-5.30389799172775
1	9.39955268545147	-5.30389799172775
1	5.13947219406398	-5.30389799172775
1	9.08499027724131	-5.30389799172775
1	5.36810319444381	-5.30389799172775
1	1.96156831766021	-5.30389799172775
1	8.39846714223112	15.7130630218298
1	5.18780636190517	15.7130630218298
1	6.50776261402182	-5.30389799172775
1	10.4478676194402	-5.30389799172775
1	4.4694732489229	15.7130630218298
1	-0.871306030983109	-5.30389799172775
1	2.30034665122364	15.7130630218298
1	2.34588715545427	15.7130630218298
1	12.3909498764063	15.7130630218298
1	13.9387180330806	15.7130630218298
1	0.23706642464464	15.7130630218298
1	4.02049231090547	-5.30389799172775
1	10.7951485216016	-5.30389799172775
1	0.233671824257256	15.7130630218298
1	4.94907873701757	-5.30389799172775
1	1.83688095080756	15.7130630218298
1	4.02100722935262	15.7130630218298
1	0.533242306116686	15.7130630218298
1	8.37055999542821	-5.30389799172775
1	4.19978810011259	15.7130630218298
1	0.11697167428337	15.7130630218298
1	7.66056494244898	-5.30389799172775
1	10.1163885197263	15.7130630218298
1	4.45354499695112	-5.30389799172775
1	1.2721136596478	15.7130630218298
1	-0.433043155965496	-5.30389799172775
1	1.40126937391547	15.7130630218298
1	-1.42564467382355	15.7130630218298
1	1.09277664001855	15.7130630218298
1	0.58298273947091	-5.30389799172775
1	-0.599831042607216	-5.30389799172775
1	0.158479537609441	15.7130630218298
1	4.22277918280051	-5.30389799172775
1	0.391714334442204	-5.30389799172775
1	0.33177022213654	15.7130630218298
1	7.5173302663086	-5.30389799172775
1	2.69585614553595	15.7130630218298
1	-2.37380881558173	15.7130630218298
1	6.47047610945289	-5.30389799172775
1	7.73251541197951	15.7130630218298
1	9.98290102516725	-5.30389799172775
1	9.31726091151868	15.7130630218298
1	5.30332070511052	15.7130630218298
1	10.0747615832888	15.7130630218298
1	3.82923596449484	15.7130630218298
1	11.5969566128186	15.7130630218298
1	12.2741860713448	-5.30389799172775
1	1.49729153160628	-5.30389799172775
1	7.15395395372344	-5.30389799172775
1	4.05029911945523	-5.30389799172775
1	-0.109726383816623	15.7130630218298
1	-0.553939803402985	15.7130630218298
1	-0.226251676677918	-5.30389799172775
1	8.81242485221115	-5.30389799172775
1	8.55632071564338	-5.30389799172775
1	0.175002105410684	15.7130630218298
1	1.30168454422251	15.7130630218298
1	3.50342881885624	-5.30389799172775
1	8.68840932869351	-5.30389799172775
1	10.0117443452968	15.7130630218298
1	11.2590644663253	15.7130630218298
1	5.52246623443888	15.7130630218298
1	1.11859344544774	-5.30389799172775
1	12.9970950903469	-5.30389799172775
1	1.0340007896917	-5.30389799172775
1	5.8384678084801	-5.30389799172775
1	2.91957960781285	15.7130630218298
1	0.0349888098504865	15.7130630218298
1	8.9947178895006	15.7130630218298
1	6.34460717134618	15.7130630218298
1	6.99388021776221	-5.30389799172775
1	9.43567368757619	15.7130630218298
1	2.98403160328304	15.7130630218298
1	9.61489063798503	-5.30389799172775
1	2.1282747074767	-5.30389799172775
1	7.42181550735181	-5.30389799172775
1	3.63732299504189	15.7130630218298
1	8.14695862208917	15.7130630218298
1	5.21783591565566	-5.30389799172775
1	3.79803920581527	15.7130630218298
1	5.52105325366223	-5.30389799172775
1	6.72285671406426	15.7130630218298
1	4.20797677855704	15.7130630218298
1	8.91230044113409	-5.30389799172775
1	9.03218425560953	-5.30389799172775
1	8.49667672673218	15.7130630218298
1	9.32091834610859	15.7130630218298
1	6.9123546798909	-5.30389799172775
1	1.07035984447719	-5.30389799172775
1	6.54460496586534	-5.30389799172775
1	7.73540897138004	-5.30389799172775
1	5.47983669390778	-5.30389799172775
1	1.46692306421476	-5.30389799172775
1	5.3440734357843	-5.30389799172775
1	5.23292947675027	-5.30389799172775
1	12.0460714848872	-5.30389799172775
1	1.62997162363475	15.7130630218298
1	2.88644765006361	15.7130630218298
1	4.668533833276	-5.30389799172775
1	0.803780709811993	15.7130630218298
1	12.6076383930942	15.7130630218298
1	5.9359075149856	-5.30389799172775
1	7.42547261116105	15.7130630218298
1	-2.9985591613619	-5.30389799172775
1	10.8055576418856	-5.30389799172775
1	8.12978496903149	-5.30389799172775
1	-0.0621291524143852	15.7130630218298
1	0.475089487267889	15.7130630218298
1	2.05153761369778	-5.30389799172775
1	6.02462503540665	15.7130630218298
1	8.74066847700793	-5.30389799172775
1	8.39276821289705	15.7130630218298
1	-0.0540511022314258	15.7130630218298
1	10.2448781354606	15.7130630218298
1	3.19817493684269	15.7130630218298
1	-0.475229338323001	-5.30389799172775
1	4.11027026380791	15.7130630218298
1	5.69035499382832	-5.30389799172775
1	-1.18604411447534	-5.30389799172775
1	5.09384561388329	15.7130630218298
1	8.82429058176307	15.7130630218298
1	-2.44773827934238	15.7130630218298
1	6.91695793778167	-5.30389799172775
1	0.767720897728969	15.7130630218298
1	14.6158719177026	-5.30389799172775
1	1.15683106764185	-5.30389799172775
1	1.38770604247118	-5.30389799172775
1	0.0230024708188306	15.7130630218298
1	-0.621341522821964	15.7130630218298
1	-0.0667370358522751	-5.30389799172775
1	11.5106223174834	-5.30389799172775
1	10.3809630483758	-5.30389799172775
1	11.8207729573972	-5.30389799172775
1	2.4545735165825	-5.30389799172775
1	-0.553269126895843	15.7130630218298
1	9.63762828435777	15.7130630218298
1	0.453897148631049	-5.30389799172775
1	2.26581546078627	-5.30389799172775
1	1.12986398833778	-5.30389799172775
1	7.45632988097753	15.7130630218298
1	8.15088203201351	-5.30389799172775
1	5.63187883421854	-5.30389799172775
1	0.0479606144664847	-5.30389799172775
1	5.85334177583055	-5.30389799172775
1	7.47175317907716	-5.30389799172775
1	0.94456294939532	15.7130630218298
1	8.52163708262522	15.7130630218298
1	2.08564079178643	-5.30389799172775
1	0.0115136148397563	15.7130630218298
1	7.32992453795833	-5.30389799172775
1	12.8789455866351	15.7130630218298
1	-1.0826905038033	-5.30389799172775
1	1.73616109502928	15.7130630218298
1	2.98812319560942	-5.30389799172775
1	2.13777704125361	-5.30389799172775
1	0.370577449836003	-5.30389799172775
1	7.16402454575909	15.7130630218298
1	3.27689919299469	15.7130630218298
1	7.78067610730869	-5.30389799172775
1	-1.62928343012448	15.7130630218298
1	1.91628439509508	15.7130630218298
1	11.1582838640615	15.7130630218298
1	11.150414870694	15.7130630218298
1	8.66180901230595	-5.30389799172775
1	9.90929073231001	-5.30389799172775
1	9.15011536979567	-5.30389799172775
1	7.66580506057516	15.7130630218298
1	-4.34858158202059	-5.30389799172775
1	6.76808851786802	15.7130630218298
1	4.77210484422042	15.7130630218298
1	7.49602192084265	15.7130630218298
1	5.03162066214857	15.7130630218298
1	1.68542638489522	-5.30389799172775
1	5.25455808507939	15.7130630218298
1	2.45984371888309	15.7130630218298
1	8.10240287198131	-5.30389799172775
1	9.99457053677909	15.7130630218298
1	5.90181810027828	-5.30389799172775
1	4.53342840149862	-5.30389799172775
1	-0.00841014455275049	-5.30389799172775
1	6.83559412691964	-5.30389799172775
1	-2.87807712491032	-5.30389799172775
1	-0.766931271538602	15.7130630218298
1	1.13053242829008	-5.30389799172775
1	6.65043333581921	-5.30389799172775
1	9.44511717584912	15.7130630218298
1	5.38820949799105	15.7130630218298
1	7.81299269178465	-5.30389799172775
1	-1.29491353050677	15.7130630218298
1	8.67049521087237	15.7130630218298
1	2.31378192939679	15.7130630218298
1	9.88122450101968	-5.30389799172775
1	9.40661557055468	15.7130630218298
1	2.15311722002144	-5.30389799172775
1	1.41268317376875	15.7130630218298
1	9.39955268545147	15.7130630218298
1	5.13947219406398	15.7130630218298
1	9.08499027724131	15.7130630218298
1	5.36810319444381	15.7130630218298
1	1.96156831766021	15.7130630218298
1	8.39846714223112	-5.30389799172775
1	5.18780636190517	-5.30389799172775
1	6.50776261402182	15.7130630218298
1	10.4478676194402	15.7130630218298
1	4.4694732489229	-5.30389799172775
1	-0.871306030983109	15.7130630218298
1	2.30034665122364	-5.30389799172775
1	2.34588715545427	-5.30389799172775
1	12.3909498764063	-5.30389799172775
1	13.9387180330806	-5.30389799172775
1	0.23706642464464	-5.30389799172775
1	4.02049231090547	15.7130630218298
1	10.7951485216016	15.7130630218298
1	0.233671824257256	-5.30389799172775
1	4.94907873701757	15.7130630218298
1	1.83688095080756	-5.30389799172775
1	4.02100722935262	-5.30389799172775
1	0.533242306116686	-5.30389799172775
1	8.37055999542821	15.7130630218298
1	4.19978810011259	-5.30389799172775
1	0.11697167428337	-5.30389799172775
1	7.66056494244898	15.7130630218298
1	10.1163885197263	-5.30389799172775
1	4.45354499695112	15.7130630218298
1	1.2721136596478	-5.30389799172775
1	-0.433043155965496	15.7130630218298
1	1.40126937391547	-5.30389799172775
1	-1.42564467382355	-5.30389799172775
1	1.09277664001855	-5.30389799172775
1	0.58298273947091	15.7130630218298
1	-0.599831042607216	15.7130630218298
1	0.158479537609441	-5.30389799172775
1	4.22277918280051	15.7130630218298
1	0.391714334442204	15.7130630218298
1	0.33177022213654	-5.30389799172775
1	7.5173302663086	15.7130630218298
1	2.69585614553595	-5.30389799172775
1	-2.37380881558173	-5.30389799172775
1	6.47047610945289	15.7130630218298
1	7.73251541197951	-5.30389799172775
1	9.98290102516725	15.7130630218298
1	9.31726091151868	-5.30389799172775
1	5.30332070511052	-5.30389799172775
1	10.0747615832888	-5.30389799172775
1	3.82923596449484	-5.30389799172775
1	11.5969566128186	-5.30389799172775
1	12.2741860713448	15.7130630218298
1	1.49729153160628	15.7130630218298
1	7.15395395372344	15.7130630218298
1	4.05029911945523	15.7130630218298
1	-0.109726383816623	-5.30389799172775
1	-0.553939803402985	-5.30389799172775
1	-0.226251676677918	15.7130630218298
1	8.81242485221115	15.7130630218298
1	8.55632071564338	15.7130630218298
1	0.175002105410684	-5.30389799172775
1	1.30168454422251	-5.30389799172775
1	3.50342881885624	15.7130630218298
1	8.68840932869351	15.7130630218298
1	10.0117443452968	-5.30389799172775
1	11.2590644663253	-5.30389799172775
1	5.52246623443888	-5.30389799172775
1	1.11859344544774	15.7130630218298
1	12.9970950903469	15.7130630218298
1	1.0340007896917	15.7130630218298
1	5.8384678084801	15.7130630218298
1	2.91957960781285	-5.30389799172775
1	0.0349888098504865	-5.30389799172775
1	8.9947178895006	-5.30389799172775
1	6.34460717134618	-5.30389799172775
1	6.99388021776221	15.7130630218298
1	9.43567368757619	-5.30389799172775
1	2.98403160328304	-5.30389799172775
1	9.61489063798503	15.7130630218298
1	2.1282747074767	15.7130630218298
1	7.42181550735181	15.7130630218298
1	3.63732299504189	-5.30389799172775
1	8.14695862208917	-5.30389799172775
1	5.21783591565566	15.7130630218298
1	3.79803920581527	-5.30389799172775
1	5.52105325366223	15.7130630218298
1	6.72285671406426	-5.30389799172775
1	4.20797677855704	-5.30389799172775
1	8.91230044113409	15.7130630218298
1	9.03218425560953	15.7130630218298
1	8.49667672673218	-5.30389799172775
1	9.32091834610859	-5.30389799172775
1	6.9123546798909	15.7130630218298
1	1.07035984447719	15.7130630218298
1	6.54460496586534	15.7130630218298
1	7.73540897138004	15.7130630218298
1	5.47983669390778	15.7130630218298
1	1.46692306421476	15.7130630218298
1	5.3440734357843	15.7130630218298
1	5.23292947675027	15.7130630218298
1	12.0460714848872	15.7130630218298
1	1.62997162363475	-5.30389799172775
1	2.88644765006361	-5.30389799172775
1	4.668533833276	15.7130630218298
1	0.803780709811993	-5.30389799172775
1	12.6076383930942	-5.30389799172775
1	5.9359075149856	15.7130630218298
1	7.42547261116105	-5.30389799172775
1	-2.9985591613619	15.7130630218298
1	10.8055576418856	15.7130630218298
1	8.12978496903149	15.7130630218298
1	-0.0621291524143852	-5.30389799172775
1	0.475089487267889	-5.30389799172775
1	2.05153761369778	15.7130630218298
1	6.02462503540665	-5.30389799172775
1	8.74066847700793	15.7130630218298
1	8.39276821289705	-5.30389799172775
1	-0.0540511022314258	-5.30389799172775
1	10.2448781354606	-5.30389799172775
1	3.19817493684269	-5.30389799172775
1	-0.475229338323001	15.7130630218298
1	4.11027026380791	-5.30389799172775
1	5.69035499382832	15.7130630218298
1	-1.18604411447534	15.7130630218298
1	5.09384561388329	-5.30389799172775
1	8.82429058176307	-5.30389799172775
1	-2.44773827934238	-5.30389799172775
1	6.91695793778167	15.7130630218298
1	0.767720897728969	-5.30389799172775
1	14.6158719177026	15.7130630218298
1	1.15683106764185	15.7130630218298
1	1.38770604247118	15.7130630218298
1	0.0230024708188306	-5.30389799172775
1	-0.621341522821964	-5.30389799172775
1	-0.0667370358522751	15.7130630218298
1	11.5106223174834	15.7130630218298
1	10.3809630483758	15.7130630218298
1	11.8207729573972	15.7130630218298
1	2.4545735165825	15.7130630218298
1	-0.553269126895843	-5.30389799172775
1	9.63762828435777	-5.30389799172775
1	0.453897148631049	15.7130630218298
1	2.26581546078627	15.7130630218298
1	1.12986398833778	15.7130630218298
1	7.45632988097753	-5.30389799172775
1	8.15088203201351	15.7130630218298
1	5.63187883421854	15.7130630218298
1	0.0479606144664847	15.7130630218298
1	5.85334177583055	15.7130630218298
1	7.47175317907716	15.7130630218298
1	0.94456294939532	-5.30389799172775
1	8.52163708262522	-5.30389799172775
1	2.08564079178643	15.7130630218298
1	0.0115136148397563	-5.30389799172775
1	7.32992453795833	15.7130630218298
1	12.8789455866351	-5.30389799172775
1	-1.0826905038033	15.7130630218298
1	1.73616109502928	-5.30389799172775
1	2.98812319560942	15.7130630218298
1	2.13777704125361	15.7130630218298
1	0.370577449836003	15.7130630218298
1	7.16402454575909	-5.30389799172775
1	3.27689919299469	-5.30389799172775
1	7.78067610730869	15.7130630218298
1	-1.62928343012448	-5.30389799172775
1	1.91628439509508	-5.30389799172775
1	11.1582838640615	-5.30389799172775
1	11.150414870694	-5.30389799172775
1	8.66180901230595	15.7130630218298
1	9.90929073231001	15.7130630218298
1	9.15011536979567	15.7130630218298
1	7.66580506057516	-5.30389799172775
1	-4.34858158202059	15.7130630218298
1	6.76808851786802	-5.30389799172775
1	4.77210484422042	-5.30389799172775
1	7.49602192084265	-5.30389799172775
1	5.03162066214857	-5.30389799172775
1	1.68542638489522	15.7130630218298
1	5.25455808507939	-5.30389799172775
1	2.45984371888309	-5.30389799172775
1	8.10240287198131	15.7130630218298
1	9.99457053677909	-5.30389799172775
1	5.90181810027828	15.7130630218298
1	4.53342840149862	15.7130630218298
1	-0.00841014455275049	15.7130630218298
1	6.83559412691964	15.7130630218298
1	-2.87807712491032	15.7130630218298
1	-0.766931271538602	-5.30389799172775
1	1.13053242829008	15.7130630218298
1	6.65043333581921	15.7130630218298
1	9.44511717584912	-5.30389799172775
1	5.38820949799105	-5.30389799172775
1	7.81299269178465	15.7130630218298
1	-1.29491353050677	-5.30389799172775
1	8.67049521087237	-5.30389799172775
1	2.31378192939679	-5.30389799172775
1	9.88122450101968	15.7130630218298
1	9.40661557055468	-5.30389799172775
1	2.15311722002144	15.7130630218298
1	1.41268317376875	-5.30389799172775
1	9.39955268545147	-5.30389799172775
1	5.13947219406398	-5.30389799172775
1	9.08499027724131	-5.30389799172775
1	5.36810319444381	-5.30389799172775
1	1.96156831766021	-5.30389799172775
1	8.39846714223112	15.7130630218298
1	5.18780636190517	15.7130630218298
1	6.50776261402182	-5.30389799172775
1	10.4478676194402	-5.30389799172775
1	4.4694732489229	15.7130630218298
1	-0.871306030983109	-5.30389799172775
1	2.30034665122364	15.7130630218298
1	2.34588715545427	15.7130630218298
1	12.3909498764063	15.7130630218298
1	13.9387180330806	15.7130630218298
1	0.23706642464464	15.7130630218298
1	4.02049231090547	-5.30389799172775
1	10.7951485216016	-5.30389799172775
1	0.233671824257256	15.7130630218298
1	4.94907873701757	-5.30389799172775
1	1.83688095080756	15.7130630218298
1	4.02100722935262	15.7130630218298
1	0.533242306116686	15.7130630218298
1	8.37055999542821	-5.30389799172775
1	4.19978810011259	15.7130630218298
1	0.11697167428337	15.7130630218298
1	7.66056494244898	-5.30389799172775
1	10.1163885197263	15.7130630218298
1	4.45354499695112	-5.30389799172775
1	1.2721136596478	15.7130630218298
1	-0.433043155965496	-5.30389799172775
1	1.40126937391547	15.7130630218298
1	-1.42564467382355	15.7130630218298
1	1.09277664001855	15.7130630218298
1	0.58298273947091	-5.30389799172775
1	-0.599831042607216	-5.30389799172775
1	0.158479537609441	15.7130630218298
1	4.22277918280051	-5.30389799172775
1	0.391714334442204	-5.30389799172775
1	0.33177022213654	15.7130630218298
1	7.5173302663086	-5.30389799172775
1	2.69585614553595	15.7130630218298
1	-2.37380881558173	15.7130630218298
1	6.47047610945289	-5.30389799172775
1	7.73251541197951	15.7130630218298
1	9.98290102516725	-5.30389799172775
1	9.31726091151868	15.7130630218298
1	5.30332070511052	15.7130630218298
1	10.0747615832888	15.7130630218298
1	3.82923596449484	15.7130630218298
1	11.5969566128186	15.7130630218298
1	12.2741860713448	-5.30389799172775
1	1.49729153160628	-5.30389799172775
1	7.15395395372344	-5.30389799172775
1	4.05029911945523	-5.30389799172775
1	-0.109726383816623	15.7130630218298
1	-0.553939803402985	15.7130630218298
1	-0.226251676677918	-5.30389799172775
1	8.81242485221115	-5.30389799172775
1	8.55632071564338	-5.30389799172775
1	0.175002105410684	15.7130630218298
1	1.30168454422251	15.7130630218298
1	3.50342881885624	-5.30389799172775
1	8.68840932869351	-5.30389799172775
1	10.0117443452968	15.7130630218298
1	11.2590644663253	15.7130630218298
1	5.52246623443888	15.7130630218298
1	1.11859344544774	-5.30389799172775
1	12.9970950903469	-5.30389799172775
1	1.0340007896917	-5.30389799172775
1	5.8384678084801	-5.30389799172775
1	2.91957960781285	15.7130630218298
1	0.0349888098504865	15.7130630218298
1	8.9947178895006	15.7130630218298
1	6.34460717134618	15.7130630218298
1	6.99388021776221	-5.30389799172775
1	9.43567368757619	15.7130630218298
1	2.98403160328304	15.7130630218298
1	9.61489063798503	-5.30389799172775
1	2.1282747074767	-5.30389799172775
1	7.42181550735181	-5.30389799172775
1	3.63732299504189	15.7130630218298
1	8.14695862208917	15.7130630218298
1	5.21783591565566	-5.30389799172775
1	3.79803920581527	15.7130630218298
1	5.52105325366223	-5.30389799172775
1	6.72285671406426	15.7130630218298
1	4.20797677855704	15.7130630218298
1	8.91230044113409	-5.30389799172775
1	9.03218425560953	-5.30389799172775
1	8.49667672673218	15.7130630218298
1	9.32091834610859	15.7130630218298
1	6.9123546798909	-5.30389799172775
1	1.07035984447719	-5.30389799172775
1	6.54460496586534	-5.30389799172775
1	7.73540897138004	-5.30389799172775
1	5.47983669390778	-5.30389799172775
1	1.46692306421476	-5.30389799172775
1	5.3440734357843	-5.30389799172775
1	5.23292947675027	-5.30389799172775
1	12.0460714848872	-5.30389799172775
1	1.62997162363475	15.7130630218298
1	2.88644765006361	15.7130630218298
1	4.668533833276	-5.30389799172775
1	0.803780709811993	15.7130630218298
1	12.6076383930942	15.7130630218298
1	5.9359075149856	-5.30389799172775
1	7.42547261116105	15.7130630218298
1	-2.9985591613619	-5.30389799172775
1	10.8055576418856	-5.30389799172775
1	8.12978496903149	-5.30389799172775
1	-0.0621291524143852	15.7130630218298
1	0.475089487267889	15.7130630218298
1	2.05153761369778	-5.30389799172775
1	6.02462503540665	15.7130630218298
1	8.74066847700793	-5.30389799172775
1	8.39276821289705	15.7130630218298
1	-0.0540511022314258	15.7130630218298
1	10.2448781354606	15.7130630218298
1	3.19817493684269	15.7130630218298
1	-0.475229338323001	-5.30389799172775
1	4.11027026380791	15.7130630218298
1	5.69035499382832	-5.30389799172775
1	-1.18604411447534	-5.30389799172775
1	5.09384561388329	15.7130630218298
1	8.82429058176307	15.7130630218298
1	-2.44773827934238	15.7130630218298
1	6.91695793778167	-5.30389799172775
1	0.767720897728969	15.7130630218298
1	14.6158719177026	-5.30389799172775
1	1.15683106764185	-5.30389799172775
1	1.38770604247118	-5.30389799172775
1	0.0230024708188306	15.7130630218298
1	-0.621341522821964	15.7130630218298
1	-0.0667370358522751	-5.30389799172775
1	11.5106223174834	-5.30389799172775
1	10.3809630483758	-5.30389799172775
1	11.8207729573972	-5.30389799172775
1	2.4545735165825	-5.30389799172775
1	-0.553269126895843	15.7130630218298
1	9.63762828435777	15.7130630218298
1	0.453897148631049	-5.30389799172775
1	2.26581546078627	-5.30389799172775
1	1.12986398833778	-5.30389799172775
1	7.45632988097753	15.7130630218298
1	8.15088203201351	-5.30389799172775
1	5.63187883421854	-5.30389799172775
1	0.0479606144664847	-5.30389799172775
1	5.85334177583055	-5.30389799172775
1	7.47175317907716	-5.30389799172775
1	0.94456294939532	15.7130630218298
1	8.52163708262522	15.7130630218298
1	2.08564079178643	-5.30389799172775
1	0.0115136148397563	15.7130630218298
1	7.32992453795833	-5.30389799172775
1	12.8789455866351	15.7130630218298
1	-1.0826905038033	-5.30389799172775
1	1.73616109502928	15.7130630218298
1	2.98812319560942	-5.30389799172775
1	2.13777704125361	-5.30389799172775
1	0.370577449836003	-5.30389799172775
1	7.16402454575909	15.7130630218298
1	3.27689919299469	15.7130630218298
1	7.78067610730869	-5.30389799172775
1	-1.62928343012448	15.7130630218298
1	1.91628439509508	15.7130630218298
1	11.1582838640615	15.7130630218298
1	11.150414870694	15.7130630218298
1	8.66180901230595	-5.30389799172775
1	9.90929073231001	-5.30389799172775
1	9.15011536979567	-5.30389799172775
1	7.66580506057516	15.7130630218298
1	-4.34858158202059	-5.30389799172775
1	6.76808851786802	15.7130630218298
1	4.77210484422042	15.7130630218298
1	7.49602192084265	15.7130630218298
1	5.03162066214857	15.7130630218298
1	1.68542638489522	-5.30389799172775
1	5.25455808507939	15.7130630218298
1	2.45984371888309	15.7130630218298
1	8.10240287198131	-5.30389799172775
1	9.99457053677909	15.7130630218298
1	5.90181810027828	-5.30389799172775
1	4.53342840149862	-5.30389799172775
1	-0.00841014455275049	-5.30389799172775
1	6.83559412691964	-5.30389799172775
1	-2.87807712491032	-5.30389799172775
1	-0.766931271538602	15.7130630218298
1	1.13053242829008	-5.30389799172775
1	6.65043333581921	-5.30389799172775
1	9.44511717584912	15.7130630218298
1	5.38820949799105	15.7130630218298
1	7.81299269178465	-5.30389799172775
1	-1.29491353050677	15.7130630218298
1	8.67049521087237	15.7130630218298
1	2.31378192939679	15.7130630218298
1	9.88122450101968	-5.30389799172775
1	9.40661557055468	15.7130630218298
1	2.15311722002144	-5.30389799172775
1	1.41268317376875	15.7130630218298
1	9.39955268545147	15.7130630218298
1	5.13947219406398	15.7130630218298
1	9.08499027724131	15.7130630218298
1	5.36810319444381	15.7130630218298
1	1.96156831766021	15.7130630218298
1	8.39846714223112	-5.30389799172775
1	5.18780636190517	-5.30389799172775
1	6.50776261402182	15.7130630218298
1	10.4478676194402	15.7130630218298
1	4.4694732489229	-5.30389799172775
1	-0.871306030983109	15.7130630218298
1	2.30034665122364	-5.30389799172775
1	2.34588715545427	-5.30389799172775
1	12.3909498764063	-5.30389799172775
1	13.9387180330806	-5.30389799172775
1	0.23706642464464	-5.30389799172775
1	4.02049231090547	15.7130630218298
1	10.7951485216016	15.7130630218298
1	0.233671824257256	-5.30389799172775
1	4.94907873701757	15.7130630218298
1	1.83688095080756	-5.30389799172775
1	4.02100722935262	-5.30389799172775
1	0.533242306116686	-5.30389799172775
1	8.37055999542821	15.7130630218298
1	4.19978810011259	-5.30389799172775
1	0.11697167428337	-5.30389799172775
1	7.66056494244898	15.7130630218298
1	10.1163885197263	-5.30389799172775
1	4.45354499695112	15.7130630218298
1	1.2721136596478	-5.30389799172775
1	-0.433043155965496	15.7130630218298
1	1.40126937391547	-5.30389799172775
1	-1.42564467382355	-5.30389799172775
1	1.09277664001855	-5.30389799172775
1	0.58298273947091	15.7130630218298
1	-0.599831042607216	15.7130630218298
1	0.158479537609441	-5.30389799172775
1	4.22277918280051	15.7130630218298
1	0.391714334442204	15.7130630218298
1	0.33177022213654	-5.30389799172775
1	7.5173302663086	15.7130630218298
1	2.69585614553595	-5.30389799172775
1	-2.37380881558173	-5.30389799172775
1	6.47047610945289	15.7130630218298
1	7.73251541197951	-5.30389799172775
1	9.98290102516725	15.7130630218298
1	9.31726091151868	-5.30389799172775
1	5.30332070511052	-5.30389799172775
1	10.0747615832888	-5.30389799172775
1	3.82923596449484	-5.30389799172775
1	11.5969566128186	-5.30389799172775
1	12.2741860713448	15.7130630218298
1	1.49729153160628	15.7130630218298
1	7.15395395372344	15.7130630218298
1	4.05029911945523	15.7130630218298
1	-0.109726383816623	-5.30389799172775
1	-0.553939803402985	-5.30389799172775
1	-0.226251676677918	15.7130630218298
1	8.81242485221115	15.7130630218298
1	8.55632071564338	15.7130630218298
1	0.175002105410684	-5.30389799172775
1	1.30168454422251	-5.30389799172775
1	3.50342881885624	15.7130630218298
1	8.68840932869351	15.7130630218298
1	10.0117443452968	-5.30389799172775
1	11.2590644663253	-5.30389799172775
1	5.52246623443888	-5.30389799172775
1	1.11859344544774	15.7130630218298
1	12.9970950903469	15.7130630218298
1	1.0340007896917	15.7130630218298
1	5.8384678084801	15.7130630218298
1	2.91957960781285	-5.30389799172775
1	0.0349888098504865	-5.30389799172775
1	8.9947178895006	-5.30389799172775
1	6.34460717134618	-5.30389799172775
1	6.99388021776221	15.7130630218298
1	9.43567368757619	-5.30389799172775
1	2.98403160328304	-5.30389799172775
1	9.61489063798503	15.7130630218298
1	2.1282747074767	15.7130630218298
1	7.42181550735181	15.7130630218298
1	3.63732299504189	-5.30389799172775
1	8.14695862208917	-5.30389799172775
1	5.21783591565566	15.7130630218298
1	3.79803920581527	-5.30389799172775
1	5.52105325366223	15.7130630218298
1	6.72285671406426	-5.30389799172775
1	4.20797677855704	-5.30389799172775
1	8.91230044113409	15.7130630218298
1	9.03218425560953	15.7130630218298
1	8.49667672673218	-5.30389799172775
1	9.32091834610859	-5.30389799172775
1	6.9123546798909	15.7130630218298
1	1.07035984447719	15.7130630218298
1	6.54460496586534	15.7130630218298
1	7.73540897138004	15.7130630218298
1	5.47983669390778	15.7130630218298
1	1.46692306421476	15.7130630218298
1	5.3440734357843	15.7130630218298
1	5.23292947675027	15.7130630218298
1	12.0460714848872	15.7130630218298
1	1.62997162363475	-5.30389799172775
1	2.88644765006361	-5.30389799172775
1	4.668533833276	15.7130630218298
1	0.803780709811993	-5.30389799172775
1	12.6076383930942	-5.30389799172775
1	5.9359075149856	15.7130630218298
1	7.42547261116105	-5.30389799172775
1	-2.9985591613619	15.7130630218298
1	10.8055576418856	15.7130630218298
1	8.12978496903149	15.7130630218298
1	-0.0621291524143852	-5.30389799172775
1	0.475089487267889	-5.30389799172775
1	2.05153761369778	15.7130630218298
1	6.02462503540665	-5.30389799172775
1	8.74066847700793	15.7130630218298
1	8.39276821289705	-5.30389799172775
1	-0.0540511022314258	-5.30389799172775
1	10.2448781354606	-5.30389799172775
1	3.19817493684269	-5.30389799172775
1	-0.475229338323001	15.7130630218298
1	4.11027026380791	-5.30389799172775
1	5.69035499382832	15.7130630218298
1	-1.18604411447534	15.7130630218298
1	5.09384561388329	-5.30389799172775
1	8.82429058176307	-5.30389799172775
1	-2.44773827934238	-5.30389799172775
1	6.91695793778167	15.7130630218298
1	0.767720897728969	-5.30389799172775
1	14.6158719177026	15.7130630218298
1	1.15683106764185	15.7130630218298
1	1.38770604247118	15.7130630218298
1	0.0230024708188306	-5.30389799172775
1	-0.621341522821964	-5.30389799172775
1	-0.0667370358522751	15.7130630218298
1	11.5106223174834	15.7130630218298
1	10.3809630483758	15.7130630218298
1	11.8207729573972	15.7130630218298
1	2.4545735165825	15.7130630218298
1	-0.553269126895843	-5.30389799172775
1	9.63762828435777	-5.30389799172775
1	0.453897148631049	15.7130630218298
1	2.26581546078627	15.7130630218298
1	1.12986398833778	15.7130630218298
1	7.45632988097753	-5.30389799172775
1	8.15088203201351	15.7130630218298
1	5.63187883421854	15.7130630218298
1	0.0479606144664847	15.7130630218298
1	5.85334177583055	15.7130630218298
1	7.47175317907716	15.7130630218298
1	0.94456294939532	-5.30389799172775
1	8.52163708262522	-5.30389799172775
1	2.08564079178643	15.7130630218298
1	0.0115136148397563	-5.30389799172775
1	7.32992453795833	15.7130630218298
1	12.8789455866351	-5.30389799172775
1	-1.0826905038033	15.7130630218298
1	1.73616109502928	-5.30389799172775
1	2.98812319560942	15.7130630218298
1	2.13777704125361	15.7130630218298
1	0.370577449836003	15.7130630218298
1	7.16402454575909	-5.30389799172775
1	3.27689919299469	-5.30389799172775
1	7.78067610730869	15.7130630218298
1	-1.62928343012448	-5.30389799172775
1	1.91628439509508	-5.30389799172775
1	11.1582838640615	-5.30389799172775
1	11.150414870694	-5.30389799172775
1	8.66180901230595	15.7130630218298
1	9.90929073231001	15.7130630218298
1	9.15011536979567	15.7130630218298
1	7.66580506057516	-5.30389799172775
1	-4.34858158202059	15.7130630218298
1	6.76808851786802	-5.30389799172775
1	4.77210484422042	-5.30389799172775
1	7.49602192084265	-5.30389799172775
1	5.03162066214857	-5.30389799172775
1	1.68542638489522	15.7130630218298
1	5.25455808507939	-5.30389799172775
1	2.45984371888309	-5.30389799172775
1	8.10240287198131	15.7130630218298
1	9.99457053677909	-5.30389799172775
1	5.90181810027828	15.7130630218298
1	4.53342840149862	15.7130630218298
1	-0.00841014455275049	15.7130630218298
1	6.83559412691964	15.7130630218298
1	-2.87807712491032	15.7130630218298
1	-0.766931271538602	-5.30389799172775
1	1.13053242829008	15.7130630218298
1	6.65043333581921	15.7130630218298
1	9.44511717584912	-5.30389799172775
1	5.38820949799105	-5.30389799172775
1	7.81299269178465	15.7130630218298
1	-1.29491353050677	-5.30389799172775
1	8.67049521087237	-5.30389799172775
1	2.31378192939679	-5.30389799172775
1	9.88122450101968	15.7130630218298
1	9.40661557055468	-5.30389799172775
1	2.15311722002144	15.7130630218298
1	1.41268317376875	-5.30389799172775
1	9.39955268545147	-5.30389799172775
1	5.13947219406398	-5.30389799172775
1	9.08499027724131	-5.30389799172775
1	5.36810319444381	-5.30389799172775
1	1.96156831766021	-5.30389799172775
1	8.39846714223112	15.7130630218298
1	5.18780636190517	15.7130630218298
1	6.50776261402182	-5.30389799172775
1	10.4478676194402	-5.30389799172775
1	4.4694732489229	15.7130630218298
1	-0.871306030983109	-5.30389799172775
1	2.30034665122364	15.7130630218298
1	2.34588715545427	15.7130630218298
1	12.3909498764063	15.7130630218298
1	13.9387180330806	15.7130630218298
1	0.23706642464464	15.7130630218298
1	4.02049231090547	-5.30389799172775
1	10.7951485216016	-5.30389799172775
1	0.233671824257256	15.7130630218298
1	4.94907873701757	-5.30389799172775
1	1.83688095080756	15.7130630218298
1	4.02100722935262	15.7130630218298
1	0.533242306116686	15.7130630218298
1	8.37055999542821	-5.30389799172775
1	4.19978810011259	15.7130630218298
1	0.11697167428337	15.7130630218298
1	7.66056494244898	-5.30389799172775
1	10.1163885197263	15.7130630218298
1	4.45354499695112	-5.30389799172775
1	1.2721136596478	15.7130630218298
1	-0.433043155965496	-5.30389799172775
1	1.40126937391547	15.7130630218298
1	-1.42564467382355	15.7130630218298
1	1.09277664001855	15.7130630218298
1	0.58298273947091	-5.30389799172775
1	-0.599831042607216	-5.30389799172775
1	0.158479537609441	15.7130630218298
1	4.22277918280051	-5.30389799172775
1	0.391714334442204	-5.30389799172775
1	0.33177022213654	15.7130630218298
1	7.5173302663086	-5.30389799172775
1	2.69585614553595	15.7130630218298
1	-2.37380881558173	15.7130630218298
1	6.47047610945289	-5.30389799172775
1	7.73251541197951	15.7130630218298
1	9.98290102516725	-5.30389799172775
1	9.31726091151868	15.7130630218298
1	5.30332070511052	15.7130630218298
1	10.0747615832888	15.7130630218298
1	3.82923596449484	15.7130630218298
1	11.5969566128186	15.7130630218298
1	12.2741860713448	-5.30389799172775
1	1.49729153160628	-5.30389799172775
1	7.15395395372344	-5.30389799172775
1	4.05029911945523	-5.30389799172775
1	-0.109726383816623	15.7130630218298
1	-0.553939803402985	15.7130630218298
1	-0.226251676677918	-5.30389799172775
1	8.81242485221115	-5.30389799172775
1	8.55632071564338	-5.30389799172775
1	0.175002105410684	15.7130630218298
1	1.30168454422251	15.7130630218298
1	3.50342881885624	-5.30389799172775
1	8.68840932869351	-5.30389799172775
1	10.0117443452968	15.7130630218298
1	11.2590644663253	15.7130630218298
1	5.52246623443888	15.7130630218298
1	1.11859344544774	-5.30389799172775
1	12.9970950903469	-5.30389799172775
1	1.0340007896917	-5.30389799172775
1	5.8384678084801	-5.30389799172775
1	2.91957960781285	15.7130630218298
1	0.0349888098504865	15.7130630218298
1	8.9947178895006	15.7130630218298
1	6.34460717134618	15.7130630218298
1	6.99388021776221	-5.30389799172775
1	9.43567368757619	15.7130630218298
1	2.98403160328304	15.7130630218298
1	9.61489063798503	-5.30389799172775
1	2.1282747074767	-5.30389799172775
1	7.42181550735181	-5.30389799172775
1	3.63732299504189	15.7130630218298
1	8.14695862208917	15.7130630218298
1	5.21783591565566	-5.30389799172775
1	3.79803920581527	15.7130630218298
1	5.52105325366223	-5.30389799172775
1	6.72285671406426	15.7130630218298
1	4.20797677855704	15.7130630218298
1	8.91230044113409	-5.30389799172775
1	9.03218425560953	-5.30389799172775
1	8.49667672673218	15.7130630218298
1	9.32091834610859	15.7130630218298
1	6.9123546798909	-5.30389799172775
1	1.07035984447719	-5.30389799172775
1	6.54460496586534	-5.30389799172775
1	7.73540897138004	-5.30389799172775
1	5.47983669390778	-5.30389799172775
1	1.46692306421476	-5.30389799172775
1	5.3440734357843	-5.30389799172775
1	5.23292947675027	-5.30389799172775
1	12.0460714848872	-5.30389799172775
1	1.62997162363475	15.7130630218298
1	2.88644765006361	15.7130630218298
1	4.668533833276	-5.30389799172775
1	0.803780709811993	15.7130630218298
1	12.6076383930942	15.7130630218298
1	5.9359075149856	-5.30389799172775
1	7.42547261116105	15.7130630218298
1	-2.9985591613619	-5.30389799172775
1	10.8055576418856	-5.30389799172775
1	8.12978496903149	-5.30389799172775
1	-0.0621291524143852	15.7130630218298
1	0.475089487267889	15.7130630218298
1	2.05153761369778	-5.30389799172775
1	6.02462503540665	15.7130630218298
1	8.74066847700793	-5.30389799172775
1	8.39276821289705	15.7130630218298
1	-0.0540511022314258	15.7130630218298
1	10.2448781354606	15.7130630218298
1	3.19817493684269	15.7130630218298
1	-0.475229338323001	-5.30389799172775
1	4.11027026380791	15.7130630218298
1	5.69035499382832	-5.30389799172775
1	-1.18604411447534	-5.30389799172775
1	5.09384561388329	15.7130630218298
1	8.82429058176307	15.7130630218298
1	-2.44773827934238	15.7130630218298
1	6.91695793778167	-5.30389799172775
1	0.767720897728969	15.7130630218298
1	14.6158719177026	-5.30389799172775
1	1.15683106764185	-5.30389799172775
1	1.38770604247118	-5.30389799172775
1	0.0230024708188306	15.7130630218298
1	-0.621341522821964	15.7130630218298
1	-0.0667370358522751	-5.30389799172775
1	11.5106223174834	-5.30389799172775
1	10.3809630483758	-5.30389799172775
1	11.8207729573972	-5.30389799172775
1	2.4545735165825	-5.30389799172775
1	-0.553269126895843	15.7130630218298
1	9.63762828435777	15.7130630218298
1	0.453897148631049	-5.30389799172775
1	2.26581546078627	-5.30389799172775
1	1.12986398833778	-5.30389799172775
1	7.45632988097753	15.7130630218298
1	8.15088203201351	-5.30389799172775
1	5.63187883421854	-5.30389799172775
1	0.0479606144664847	-5.30389799172775
1	5.85334177583055	-5.30389799172775
1	7.47175317907716	-5.30389799172775
1	0.94456294939532	15.7130630218298
1	8.52163708262522	15.7130630218298
1	2.08564079178643	-5.30389799172775
1	0.0115136148397563	15.7130630218298
1	7.32992453795833	-5.30389799172775
1	12.8789455866351	15.7130630218298
1	-1.0826905038033	-5.30389799172775
1	1.73616109502928	15.7130630218298
1	2.98812319560942	-5.30389799172775
1	2.13777704125361	-5.30389799172775
1	0.370577449836003	-5.30389799172775
1	7.16402454575909	15.7130630218298
1	3.27689919299469	15.7130630218298
1	7.78067610730869	-5.30389799172775
1	-1.62928343012448	15.7130630218298
1	1.91628439509508	15.7130630218298
1	11.1582838640615	15.7130630218298
1	11.150414870694	15.7130630218298
1	8.66180901230595	-5.30389799172775
1	9.90929073231001	-5.30389799172775
1	9.15011536979567	-5.30389799172775
1	7.66580506057516	15.7130630218298
1	-4.34858158202059	-5.30389799172775
1	6.76808851786802	15.7130630218298
1	4.77210484422042	15.7130630218298
1	7.49602192084265	15.7130630218298
1	5.03162066214857	15.7130630218298
1	1.68542638489522	-5.30389799172775
1	5.25455808507939	15.7130630218298
1	2.45984371888309	15.7130630218298
1	8.10240287198131	-5.30389799172775
1	9.99457053677909	15.7130630218298
1	5.90181810027828	-5.30389799172775
1	4.53342840149862	-5.30389799172775
1	-0.00841014455275049	-5.30389799172775
1	6.83559412691964	-5.30389799172775
1	-2.87807712491032	-5.30389799172775
1	-0.766931271538602	15.7130630218298
1	1.13053242829008	-5.30389799172775
1	6.65043333581921	-5.30389799172775
1	9.44511717584912	15.7130630218298
1	5.38820949799105	15.7130630218298
1	7.81299269178465	-5.30389799172775
1	-1.29491353050677	15.7130630218298
1	8.67049521087237	15.7130630218298
1	2.31378192939679	15.7130630218298
1	9.88122450101968	-5.30389799172775
1	9.40661557055468	15.7130630218298
1	2.15311722002144	-5.30389799172775
1	1.41268317376875	15.7130630218298
1	9.39955268545147	15.7130630218298
1	5.13947219406398	15.7130630218298
1	9.08499027724131	15.7130630218298
1	5.36810319444381	15.7130630218298
1	1.96156831766021	15.7130630218298
1	8.39846714223112	-5.30389799172775
1	5.18780636190517	-5.30389799172775
1	6.50776261402182	15.7130630218298
1	10.4478676194402	15.7130630218298
1	4.4694732489229	-5.30389799172775
1	-0.871306030983109	15.7130630218298
1	2.30034665122364	-5.30389799172775
1	2.34588715545427	-5.30389799172775
1	12.3909498764063	-5.30389799172775
1	13.9387180330806	-5.30389799172775
1	0.23706642464464	-5.30389799172775
1	4.02049231090547	15.7130630218298
1	10.7951485216016	15.7130630218298
1	0.233671824257256	-5.30389799172775
1	4.94907873701757	15.7130630218298
1	1.83688095080756	-5.30389799172775
1	4.02100722935262	-5.30389799172775
1	0.533242306116686	-5.30389799172775
1	8.37055999542821	15.7130630218298
1	4.19978810011259	-5.30389799172775
1	0.11697167428337	-5.30389799172775
1	7.66056494244898	15.7130630218298
1	10.1163885197263	-5.30389799172775
1	4.45354499695112	15.7130630218298
1	1.2721136596478	-5.30389799172775
1	-0.433043155965496	15.7130630218298
1	1.40126937391547	-5.30389799172775
1	-1.42564467382355	-5.30389799172775
1	1.09277664001855	-5.30389799172775
1	0.58298273947091	15.7130630218298
1	-0.599831042607216	15.7130630218298
1	0.158479537609441	-5.30389799172775
1	4.22277918280051	15.7130630218298
1	0.391714334442204	15.7130630218298
1	0.33177022213654	-5.30389799172775
1	7.5173302663086	15.7130630218298
1	2.69585614553595	-5.30389799172775
1	-2.37380881558173	-5.30389799172775
1	6.47047610945289	15.7130630218298
1	7.73251541197951	-5.30389799172775
1	9.98290102516725	15.7130630218298
1	9.31726091151868	-5.30389799172775
1	5.30332070511052	-5.30389799172775
1	10.0747615832888	-5.30389799172775
1	3.82923596449484	-5.30389799172775
1	11.5969566128186	-5.30389799172775
1	12.2741860713448	15.7130630218298
1	1.49729153160628	15.7130630218298
1	7.15395395372344	15.7130630218298
1	4.05029911945523	15.7130630218298
1	-0.109726383816623	-5.30389799172775
1	-0.553939803402985	-5.30389799172775
1	-0.226251676677918	15.7130630218298
1	8.81242485221115	15.7130630218298
1	8.55632071564338	15.7130630218298
1	0.175002105410684	-5.30389799172775
1	1.30168454422251	-5.30389799172775
1	3.50342881885624	15.7130630218298
1	8.68840932869351	15.7130630218298
1	10.0117443452968	-5.30389799172775
1	11.2590644663253	-5.30389799172775
1	5.52246623443888	-5.30389799172775
1	1.11859344544774	15.7130630218298
1	12.9970950903469	15.7130630218298
1	1.0340007896917	15.7130630218298
1	5.8384678084801	15.7130630218298
1	2.91957960781285	-5.30389799172775
1	0.0349888098504865	-5.30389799172775
1	8.9947178895006	-5.30389799172775
1	6.34460717134618	-5.30389799172775
1	6.99388021776221	15.7130630218298
1	9.43567368757619	-5.30389799172775
1	2.98403160328304	-5.30389799172775
1	9.61489063798503	15.7130630218298
1	2.1282747074767	15.7130630218298
1	7.42181550735181	15.7130630218298
1	3.63732299504189	-5.30389799172775
1	8.14695862208917	-5.30389799172775
1	5.21783591565566	15.7130630218298
1	3.79803920581527	-5.30389799172775
1	5.52105325366223	15.7130630218298
1	6.72285671406426	-5.30389799172775
1	4.20797677855704	-5.30389799172775
1	8.91230044113409	15.7130630218298
1	9.03218425560953	15.7130630218298
1	8.49667672673218	-5.30389799172775
1	9.32091834610859	-5.30389799172775
1	6.9123546798909	15.7130630218298
1	1.07035984447719	15.7130630218298
1	6.54460496586534	15.7130630218298
1	7.73540897138004	15.7130630218298
1	5.47983669390778	15.7130630218298
1	1.46692306421476	15.7130630218298
1	5.3440734357843	15.7130630218298
1	5.23292947675027	15.7130630218298
1	12.0460714848872	15.7130630218298
1	1.62997162363475	-5.30389799172775
1	2.88644765006361	-5.30389799172775
1	4.668533833276	15.7130630218298
1	0.803780709811993	-5.30389799172775
1	12.6076383930942	-5.30389799172775
1	5.9359075149856	15.7130630218298
1	7.42547261116105	-5.30389799172775
1	-2.9985591613619	15.7130630218298
1	10.8055576418856	15.7130630218298
1	8.12978496903149	15.7130630218298
1	-0.0621291524143852	-5.30389799172775
1	0.475089487267889	-5.30389799172775
1	2.05153761369778	15.7130630218298
1	6.02462503540665	-5.30389799172775
1	8.74066847700793	15.7130630218298
1	8.39276821289705	-5.30389799172775
1	-0.0540511022314258	-5.30389799172775
1	10.2448781354606	-5.30389799172775
1	3.19817493684269	-5.30389799172775
1	-0.475229338323001	15.7130630218298
1	4.11027026380791	-5.30389799172775
1	5.69035499382832	15.7130630218298
1	-1.18604411447534	15.7130630218298
1	5.09384561388329	-5.30389799172775
1	8.82429058176307	-5.30389799172775
1	-2.44773827934238	-5.30389799172775
1	6.91695793778167	15.7130630218298
1	0.767720897728969	-5.30389799172775
1	14.6158719177026	15.7130630218298
1	1.15683106764185	15.7130630218298
1	1.38770604247118	15.7130630218298
1	0.0230024708188306	-5.30389799172775
1	-0.621341522821964	-5.30389799172775
1	-0.0667370358522751	15.7130630218298
1	11.5106223174834	15.7130630218298
1	10.3809630483758	15.7130630218298
1	11.8207729573972	15.7130630218298
1	2.4545735165825	15.7130630218298
1	-0.553269126895843	-5.30389799172775
1	9.63762828435777	-5.30389799172775
1	0.453897148631049	15.7130630218298
1	2.26581546078627	15.7130630218298
1	1.12986398833778	15.7130630218298
1	7.45632988097753	-5.30389799172775
1	8.15088203201351	15.7130630218298
1	5.63187883421854	15.7130630218298
1	0.0479606144664847	15.7130630218298
1	5.85334177583055	15.7130630218298
1	7.47175317907716	15.7130630218298
1	0.94456294939532	-5.30389799172775
1	8.52163708262522	-5.30389799172775
1	2.08564079178643	15.7130630218298
1	0.0115136148397563	-5.30389799172775
1	7.32992453795833	15.7130630218298
1	12.8789455866351	-5.30389799172775
1	-1.0826905038033	15.7130630218298
1	1.73616109502928	-5.30389799172775
1	2.98812319560942	15.7130630218298
1	2.13777704125361	15.7130630218298
1	0.370577449836003	15.7130630218298
1	7.16402454575909	-5.30389799172775
1	3.27689919299469	-5.30389799172775
1	7.78067610730869	15.7130630218298
1	-1.62928343012448	-5.30389799172775
1	1.91628439509508	-5.30389799172775
1	11.1582838640615	-5.30389799172775
1	11.150414870694	-5.30389799172775
1	8.66180901230595	15.7130630218298
1	9.90929073231001	15.7130630218298
1	9.15011536979567	15.7130630218298
1	7.66580506057516	-5.30389799172775
1	-4.34858158202059	15.7130630218298
1	6.76808851786802	-5.30389799172775
1	4.77210484422042	-5.30389799172775
1	7.49602192084265	-5.30389799172775
1	5.03162066214857	-5.30389799172775
1	1.68542638489522	15.7130630218298
1	5.25455808507939	-5.30389799172775
1	2.45984371888309	-5.30389799172775
1	8.10240287198131	15.7130630218298
1	9.99457053677909	-5.30389799172775
1	5.90181810027828	15.7130630218298
1	4.53342840149862	15.7130630218298
1	-0.00841014455275049	15.7130630218298
1	6.83559412691964	15.7130630218298
1	-2.87807712491032	15.7130630218298
1	-0.766931271538602	-5.30389799172775
1	1.13053242829008	15.7130630218298
1	6.65043333581921	15.7130630218298
1	9.44511717584912	-5.30389799172775
1	5.38820949799105	-5.30389799172775
1	7.81299269178465	15.7130630218298
1	-1.29491353050677	-5.30389799172775
1	8.67049521087237	-5.30389799172775
1	2.31378192939679	-5.30389799172775
1	9.88122450101968	15.7130630218298
1	9.40661557055468	-5.30389799172775
1	2.15311722002144	15.7130630218298
1	1.41268317376875	-5.30389799172775
1	9.39955268545147	-5.30389799172775
1	5.13947219406398	-5.30389799172775
1	9.08499027724131	-5.30389799172775
1	5.36810319444381	-5.30389799172775
1	1.96156831766021	-5.30389799172775
1	8.39846714223112	15.7130630218298
1	5.18780636190517	15.7130630218298
1	6.50776261402182	-5.30389799172775
1	10.4478676194402	-5.30389799172775
1	4.4694732489229	15.7130630218298
1	-0.871306030983109	-5.30389799172775
1	2.30034665122364	15.7130630218298
1	2.34588715545427	15.7130630218298
1	12.3909498764063	15.7130630218298
1	13.9387180330806	15.7130630218298
1	0.23706642464464	15.7130630218298
1	4.02049231090547	-5.30389799172775
1	10.7951485216016	-5.30389799172775
1	0.233671824257256	15.7130630218298
1	4.94907873701757	-5.30389799172775
1	1.83688095080756	15.7130630218298
1	4.02100722935262	15.7130630218298
1	0.533242306116686	15.7130630218298
1	8.37055999542821	-5.30389799172775
1	4.19978810011259	15.7130630218298
1	0.11697167428337	15.7130630218298
1	7.66056494244898	-5.30389799172775
1	10.1163885197263	15.7130630218298
1	4.45354499695112	-5.30389799172775
1	1.2721136596478	15.7130630218298
1	-0.433043155965496	-5.30389799172775
1	1.40126937391547	15.7130630218298
1	-1.42564467382355	15.7130630218298
1	1.09277664001855	15.7130630218298
1	0.58298273947091	-5.30389799172775
1	-0.599831042607216	-5.30389799172775
1	0.158479537609441	15.7130630218298
1	4.22277918280051	-5.30389799172775
1	0.391714334442204	-5.30389799172775
1	0.33177022213654	15.7130630218298
1	7.5173302663086	-5.30389799172775
1	2.69585614553595	15.7130630218298
1	-2.37380881558173	15.7130630218298
1	6.47047610945289	-5.30389799172775
1	7.73251541197951	15.7130630218298
1	9.98290102516725	-5.30389799172775
1	9.31726091151868	15.7130630218298
1	5.30332070511052	15.7130630218298
1	10.0747615832888	15.7130630218298
1	3.82923596449484	15.7130630218298
1	11.5969566128186	15.7130630218298
1	12.2741860713448	-5.30389799172775
1	1.49729153160628	-5.30389799172775
1	7.15395395372344	-5.30389799172775
1	4.05029911945523	-5.30389799172775
1	-0.109726383816623	15.7130630218298
1	-0.553939803402985	15.7130630218298
1	-0.226251676677918	-5.30389799172775
1	8.81242485221115	-5.30389799172775
1	8.55632071564338	-5.30389799172775
1	0.175002105410684	15.7130630218298
1	1.30168454422251	15.7130630218298
1	3.50342881885624	-5.30389799172775
1	8.68840932869351	-5.30389799172775
1	10.0117443452968	15.7130630218298
1	11.2590644663253	15.7130630218298
1	5.52246623443888	15.7130630218298
1	1.11859344544774	-5.30389799172775
1	12.9970950903469	-5.30389799172775
1	1.0340007896917	-5.30389799172775
1	5.8384678084801	-5.30389799172775
1	2.91957960781285	15.7130630218298
1	0.0349888098504865	15.7130630218298
1	8.9947178895006	15.7130630218298
1	6.34460717134618	15.7130630218298
1	6.99388021776221	-5.30389799172775
1	9.43567368757619	15.7130630218298
1	2.98403160328304	15.7130630218298
1	9.61489063798503	-5.30389799172775
1	2.1282747074767	-5.30389799172775
1	7.42181550735181	-5.30389799172775
1	3.63732299504189	15.7130630218298
1	8.14695862208917	15.7130630218298
1	5.21783591565566	-5.30389799172775
1	3.79803920581527	15.7130630218298
1	5.52105325366223	-5.30389799172775
1	6.72285671406426	15.7130630218298
1	4.20797677855704	15.7130630218298
1	8.91230044113409	-5.30389799172775
1	9.03218425560953	-5.30389799172775
1	8.49667672673218	15.7130630218298
1	9.32091834610859	15.7130630218298
1	6.9123546798909	-5.30389799172775
1	1.07035984447719	-5.30389799172775
1	6.54460496586534	-5.30389799172775
1	7.73540897138004	-5.30389799172775
1	5.47983669390778	-5.30389799172775
1	1.46692306421476	-5.30389799172775
1	5.3440734357843	-5.30389799172775
1	5.23292947675027	-5.30389799172775
1	12.0460714848872	-5.30389799172775
1	1.62997162363475	15.7130630218298
1	2.88644765006361	15.7130630218298
1	4.668533833276	-5.30389799172775
1	0.803780709811993	15.7130630218298
1	12.6076383930942	15.7130630218298
1	5.9359075149856	-5.30389799172775
1	7.42547261116105	15.7130630218298
1	-2.9985591613619	-5.30389799172775
1	10.8055576418856	-5.30389799172775
1	8.12978496903149	-5.30389799172775
1	-0.0621291524143852	15.7130630218298
1	0.475089487267889	15.7130630218298
1	2.05153761369778	-5.30389799172775
1	6.02462503540665	15.7130630218298
1	8.74066847700793	-5.30389799172775
1	8.39276821289705	15.7130630218298
1	-0.0540511022314258	15.7130630218298
1	10.2448781354606	15.7130630218298
1	3.19817493684269	15.7130630218298
1	-0.475229338323001	-5.30389799172775
1	4.11027026380791	15.7130630218298
1	5.69035499382832	-5.30389799172775
1	-1.18604411447534	-5.30389799172775
1	5.09384561388329	15.7130630218298
1	8.82429058176307	15.7130630218298
1	-2.44773827934238	15.7130630218298
1	6.91695793778167	-5.30389799172775
1	0.767720897728969	15.7130630218298
1	14.6158719177026	-5.30389799172775
1	1.15683106764185	-5.30389799172775
1	1.38770604247118	-5.30389799172775
1	0.0230024708188306	15.7130630218298
1	-0.621341522821964	15.7130630218298
1	-0.0667370358522751	-5.30389799172775
1	11.5106223174834	-5.30389799172775
1	10.3809630483758	-5.30389799172775
1	11.8207729573972	-5.30389799172775
1	2.4545735165825	-5.30389799172775
1	-0.553269126895843	15.7130630218298
1	9.63762828435777	15.7130630218298
1	0.453897148631049	-5.30389799172775
1	2.26581546078627	-5.30389799172775
1	1.12986398833778	-5.30389799172775
1	7.45632988097753	15.7130630218298
1	8.15088203201351	-5.30389799172775
1	5.63187883421854	-5.30389799172775
1	0.0479606144664847	-5.30389799172775
1	5.85334177583055	-5.30389799172775
1	7.47175317907716	-5.30389799172775
1	0.94456294939532	15.7130630218298
1	8.52163708262522	15.7130630218298
1	2.08564079178643	-5.30389799172775
1	0.0115136148397563	15.7130630218298
1	7.32992453795833	-5.30389799172775
1	12.8789455866351	15.7130630218298
1	-1.0826905038033	-5.30389799172775
1	1.73616109502928	15.7130630218298
1	2.98812319560942	-5.30389799172775
1	2.13777704125361	-5.30389799172775
1	0.370577449836003	-5.30389799172775
1	7.16402454575909	15.7130630218298
1	3.27689919299469	15.7130630218298
1	7.78067610730869	-5.30389799172775
1	-1.62928343012448	15.7130630218298
1	1.91628439509508	15.7130630218298
1	11.1582838640615	15.7130630218298
1	11.150414870694	15.7130630218298
1	8.66180901230595	-5.30389799172775
1	9.90929073231001	-5.30389799172775
1	9.15011536979567	-5.30389799172775
1	7.66580506057516	15.7130630218298
1	-4.34858158202059	-5.30389799172775
1	6.76808851786802	15.7130630218298
1	4.77210484422042	15.7130630218298
1	7.49602192084265	15.7130630218298
1	5.03162066214857	15.7130630218298
1	1.68542638489522	-5.30389799172775
1	5.25455808507939	15.7130630218298
1	2.45984371888309	15.7130630218298
1	8.10240287198131	-5.30389799172775
1	9.99457053677909	15.7130630218298
1	5.90181810027828	-5.30389799172775
1	4.53342840149862	-5.30389799172775
1	-0.00841014455275049	-5.30389799172775
1	6.83559412691964	-5.30389799172775
1	-2.87807712491032	-5.30389799172775
1	-0.766931271538602	15.7130630218298
1	1.13053242829008	-5.30389799172775
1	6.65043333581921	-5.30389799172775
1	9.44511717584912	15.7130630218298
1	5.38820949799105	15.7130630218298
1	7.81299269178465	-5.30389799172775
1	-1.29491353050677	15.7130630218298
1	8.67049521087237	15.7130630218298
1	2.31378192939679	15.7130630218298
1	9.88122450101968	-5.30389799172775
1	9.40661557055468	15.7130630218298
1	2.15311722002144	-5.30389799172775
1	1.41268317376875	15.7130630218298
1	9.39955268545147	15.7130630218298
1	5.13947219406398	15.7130630218298
1	9.08499027724131	15.7130630218298
1	5.36810319444381	15.7130630218298
1	1.96156831766021	15.7130630218298
1	8.39846714223112	-5.30389799172775
1	5.18780636190517	-5.30389799172775
1	6.50776261402182	15.7130630218298
1	10.4478676194402	15.7130630218298
1	4.4694732489229	-5.30389799172775
1	-0.871306030983109	15.7130630218298
1	2.30034665122364	-5.30389799172775
1	2.34588715545427	-5.30389799172775
1	12.3909498764063	-5.30389799172775
1	13.9387180330806	-5.30389799172775
1	0.23706642464464	-5.30389799172775
1	4.02049231090547	15.7130630218298
1	10.7951485216016	15.7130630218298
1	0.233671824257256	-5.30389799172775
1	4.94907873701757	15.7130630218298
1	1.83688095080756	-5.30389799172775
1	4.02100722935262	-5.30389799172775
1	0.533242306116686	-5.30389799172775
1	8.37055999542821	15.7130630218298
1	4.19978810011259	-5.30389799172775
1	0.11697167428337	-5.30389799172775
1	7.66056494244898	15.7130630218298
1	10.1163885197263	-5.30389799172775
1	4.45354499695112	15.7130630218298
1	1.2721136596478	-5.30389799172775
1	-0.433043155965496	15.7130630218298
1	1.40126937391547	-5.30389799172775
1	-1.42564467382355	-5.30389799172775
1	1.09277664001855	-5.30389799172775
1	0.58298273947091	15.7130630218298
1	-0.599831042607216	15.7130630218298
1	0.158479537609441	-5.30389799172775
1	4.22277918280051	15.7130630218298
1	0.391714334442204	15.7130630218298
1	0.33177022213654	-5.30389799172775
1	7.5173302663086	15.7130630218298
1	2.69585614553595	-5.30389799172775
1	-2.37380881558173	-5.30389799172775
1	6.47047610945289	15.7130630218298
1	7.73251541197951	-5.30389799172775
1	9.98290102516725	15.7130630218298
1	9.31726091151868	-5.30389799172775
1	5.30332070511052	-5.30389799172775
1	10.0747615832888	-5.30389799172775
1	3.82923596449484	-5.30389799172775
1	11.5969566128186	-5.30389799172775
1	12.2741860713448	15.7130630218298
1	1.49729153160628	15.7130630218298
1	7.15395395372344	15.7130630218298
1	4.05029911945523	15.7130630218298
1	-0.109726383816623	-5.30389799172775
1	-0.553939803402985	-5.30389799172775
1	-0.226251676677918	15.7130630218298
1	8.81242485221115	15.7130630218298
1	8.55632071564338	15.7130630218298
1	0.175002105410684	-5.30389799172775
1	1.30168454422251	-5.30389799172775
1	3.50342881885624	15.7130630218298
1	8.68840932869351	15.7130630218298
1	10.0117443452968	-5.30389799172775
1	11.2590644663253	-5.30389799172775
1	5.52246623443888	-5.30389799172775
1	1.11859344544774	15.7130630218298
1	12.9970950903469	15.7130630218298
1	1.0340007896917	15.7130630218298
1	5.8384678084801	15.7130630218298
1	2.91957960781285	-5.30389799172775
1	0.0349888098504865	-5.30389799172775
1	8.9947178895006	-5.30389799172775
1	6.34460717134618	-5.30389799172775
1	6.99388021776221	15.7130630218298
1	9.43567368757619	-5.30389799172775
1	2.98403160328304	-5.30389799172775
1	9.61489063798503	15.7130630218298
1	2.1282747074767	15.7130630218298
1	7.42181550735181	15.7130630218298
1	3.63732299504189	-5.30389799172775
1	8.14695862208917	-5.30389799172775
1	5.21783591565566	15.7130630218298
1	3.79803920581527	-5.30389799172775
1	5.52105325366223	15.7130630218298
1	6.72285671406426	-5.30389799172775
1	4.20797677855704	-5.30389799172775
1	8.91230044113409	15.7130630218298
1	9.03218425560953	15.7130630218298
1	8.49667672673218	-5.30389799172775
1	9.32091834610859	-5.30389799172775
1	6.9123546798909	15.7130630218298
1	1.07035984447719	15.7130630218298
1	6.54460496586534	15.7130630218298
1	7.73540897138004	15.7130630218298
1	5.47983669390778	15.7130630218298
1	1.46692306421476	15.7130630218298
1	5.3440734357843	15.7130630218298
1	5.23292947675027	15.7130630218298
1	12.0460714848872	15.7130630218298
1	1.62997162363475	-5.30389799172775
1	2.88644765006361	-5.30389799172775
1	4.668533833276	15.7130630218298
1	0.803780709811993	-5.30389799172775
1	12.6076383930942	-5.30389799172775
1	5.9359075149856	15.7130630218298
1	7.42547261116105	-5.30389799172775
1	-2.9985591613619	15.7130630218298
1	10.8055576418856	15.7130630218298
1	8.12978496903149	15.7130630218298
1	-0.0621291524143852	-5.30389799172775
1	0.475089487267889	-5.30389799172775
1	2.05153761369778	15.7130630218298
1	6.02462503540665	-5.30389799172775
1	8.74066847700793	15.7130630218298
1	8.39276821289705	-5.30389799172775
1	-0.0540511022314258	-5.30389799172775
1	10.2448781354606	-5.30389799172775
1	3.19817493684269	-5.30389799172775
1	-0.475229338323001	15.7130630218298
1	4.11027026380791	-5.30389799172775
1	5.69035499382832	15.7130630218298
1	-1.18604411447534	15.7130630218298
1	5.09384561388329	-5.30389799172775
1	8.82429058176307	-5.30389799172775
1	-2.44773827934238	-5.30389799172775
1	6.91695793778167	15.7130630218298
1	0.767720897728969	-5.30389799172775
1	14.6158719177026	15.7130630218298
1	1.15683106764185	15.7130630218298
1	1.38770604247118	15.7130630218298
1	0.0230024708188306	-5.30389799172775
1	-0.621341522821964	-5.30389799172775
1	-0.0667370358522751	15.7130630218298
1	11.5106223174834	15.7130630218298
1	10.3809630483758	15.7130630218298
1	11.8207729573972	15.7130630218298
1	2.4545735165825	15.7130630218298
1	-0.553269126895843	-5.30389799172775
1	9.63762828435777	-5.30389799172775
1	0.453897148631049	15.7130630218298
1	2.26581546078627	15.7130630218298
1	1.12986398833778	15.7130630218298
1	7.45632988097753	-5.30389799172775
1	8.15088203201351	15.7130630218298
1	5.63187883421854	15.7130630218298
1	0.0479606144664847	15.7130630218298
1	5.85334177583055	15.7130630218298
1	7.47175317907716	15.7130630218298
1	0.94456294939532	-5.30389799172775
1	8.52163708262522	-5.30389799172775
1	2.08564079178643	15.7130630218298
1	0.0115136148397563	-5.30389799172775
1	7.32992453795833	15.7130630218298
1	12.8789455866351	-5.30389799172775
1	-1.0826905038033	15.7130630218298
1	1.73616109502928	-5.30389799172775
1	2.98812319560942	15.7130630218298
1	2.13777704125361	15.7130630218298
1	0.370577449836003	15.7130630218298
1	7.16402454575909	-5.30389799172775
1	3.27689919299469	-5.30389799172775
1	7.78067610730869	15.7130630218298
1	-1.62928343012448	-5.30389799172775
1	1.91628439509508	-5.30389799172775
1	11.1582838640615	-5.30389799172775
1	11.150414870694	-5.30389799172775
1	8.66180901230595	15.7130630218298
1	9.90929073231001	15.7130630218298
1	9.15011536979567	15.7130630218298
1	7.66580506057516	-5.30389799172775
1	-4.34858158202059	15.7130630218298
1	6.76808851786802	-5.30389799172775
1	4.77210484422042	-5.30389799172775
1	7.49602192084265	-5.30389799172775
1	5.03162066214857	-5.30389799172775
1	1.68542638489522	15.7130630218298
1	5.25455808507939	-5.30389799172775
1	2.45984371888309	-5.30389799172775
1	8.10240287198131	15.7130630218298
1	9.99457053677909	-5.30389799172775
1	5.90181810027828	15.7130630218298
1	4.53342840149862	15.7130630218298
1	-0.00841014455275049	15.7130630218298
1	6.83559412691964	15.7130630218298
1	-2.87807712491032	15.7130630218298
1	-0.766931271538602	-5.30389799172775
1	1.13053242829008	15.7130630218298
1	6.65043333581921	15.7130630218298
1	9.44511717584912	-5.30389799172775
1	5.38820949799105	-5.30389799172775
1	7.81299269178465	15.7130630218298
1	-1.29491353050677	-5.30389799172775
1	8.67049521087237	-5.30389799172775
1	2.31378192939679	-5.30389799172775
1	9.88122450101968	15.7130630218298
1	9.40661557055468	-5.30389799172775
1	2.15311722002144	15.7130630218298
1	1.41268317376875	-5.30389799172775
1	9.39955268545147	-5.30389799172775
1	5.13947219406398	-5.30389799172775
1	9.08499027724131	-5.30389799172775
1	5.36810319444381	-5.30389799172775
1	1.96156831766021	-5.30389799172775
1	8.39846714223112	15.7130630218298
1	5.18780636190517	15.7130630218298
1	6.50776261402182	-5.30389799172775
1	10.4478676194402	-5.30389799172775
1	4.4694732489229	15.7130630218298
1	-0.871306030983109	-5.30389799172775
1	2.30034665122364	15.7130630218298
1	2.34588715545427	15.7130630218298
1	12.3909498764063	15.7130630218298
1	13.9387180330806	15.7130630218298
1	0.23706642464464	15.7130630218298
1	4.02049231090547	-5.30389799172775
1	10.7951485216016	-5.30389799172775
1	0.233671824257256	15.7130630218298
1	4.94907873701757	-5.30389799172775
1	1.83688095080756	15.7130630218298
1	4.02100722935262	15.7130630218298
1	0.533242306116686	15.7130630218298
1	8.37055999542821	-5.30389799172775
1	4.19978810011259	15.7130630218298
1	0.11697167428337	15.7130630218298
1	7.66056494244898	-5.30389799172775
1	10.1163885197263	15.7130630218298
1	4.45354499695112	-5.30389799172775
1	1.2721136596478	15.7130630218298
1	-0.433043155965496	-5.30389799172775
1	1.40126937391547	15.7130630218298
1	-1.42564467382355	15.7130630218298
1	1.09277664001855	15.7130630218298
1	0.58298273947091	-5.30389799172775
1	-0.599831042607216	-5.30389799172775
1	0.158479537609441	15.7130630218298
1	4.22277918280051	-5.30389799172775
1	0.391714334442204	-5.30389799172775
1	0.33177022213654	15.7130630218298
1	7.5173302663086	-5.30389799172775
1	2.69585614553595	15.7130630218298
1	-2.37380881558173	15.7130630218298
1	6.47047610945289	-5.30389799172775
1	7.73251541197951	15.7130630218298
1	9.98290102516725	-5.30389799172775
1	9.31726091151868	15.7130630218298
1	5.30332070511052	15.7130630218298
1	10.0747615832888	15.7130630218298
1	3.82923596449484	15.7130630218298
1	11.5969566128186	15.7130630218298
1	12.2741860713448	-5.30389799172775
1	1.49729153160628	-5.30389799172775
1	7.15395395372344	-5.30389799172775
1	4.05029911945523	-5.30389799172775
1	-0.109726383816623	15.7130630218298
1	-0.553939803402985	15.7130630218298
1	-0.226251676677918	-5.30389799172775
1	8.81242485221115	-5.30389799172775
1	8.55632071564338	-5.30389799172775
1	0.175002105410684	15.7130630218298
1	1.30168454422251	15.7130630218298
1	3.50342881885624	-5.30389799172775
1	8.68840932869351	-5.30389799172775
1	10.0117443452968	15.7130630218298
1	11.2590644663253	15.7130630218298
1	5.52246623443888	15.7130630218298
1	1.11859344544774	-5.30389799172775
1	12.9970950903469	-5.30389799172775
1	1.0340007896917	-5.30389799172775
1	5.8384678084801	-5.30389799172775
1	2.91957960781285	15.7130630218298
1	0.0349888098504865	15.7130630218298
1	8.9947178895006	15.7130630218298
1	6.34460717134618	15.7130630218298
1	6.99388021776221	-5.30389799172775
1	9.43567368757619	15.7130630218298
1	2.98403160328304	15.7130630218298
1	9.61489063798503	-5.30389799172775
1	2.1282747074767	-5.30389799172775
1	7.42181550735181	-5.30389799172775
1	3.63732299504189	15.7130630218298
1	8.14695862208917	15.7130630218298
1	5.21783591565566	-5.30389799172775
1	3.79803920581527	15.7130630218298
1	5.52105325366223	-5.30389799172775
1	6.72285671406426	15.7130630218298
1	4.20797677855704	15.7130630218298
1	8.91230044113409	-5.30389799172775
1	9.03218425560953	-5.30389799172775
1	8.49667672673218	15.7130630218298
1	9.32091834610859	15.7130630218298
1	6.9123546798909	-5.30389799172775
1	1.07035984447719	-5.30389799172775
1	6.54460496586534	-5.30389799172775
1	7.73540897138004	-5.30389799172775
1	5.47983669390778	-5.30389799172775
1	1.46692306421476	-5.30389799172775
1	5.3440734357843	-5.30389799172775
1	5.23292947675027	-5.30389799172775
1	12.0460714848872	-5.30389799172775
1	1.62997162363475	15.7130630218298
1	2.88644765006361	15.7130630218298
1	4.668533833276	-5.30389799172775
1	0.803780709811993	15.7130630218298
1	12.6076383930942	15.7130630218298
1	5.9359075149856	-5.30389799172775
1	7.42547261116105	15.7130630218298
1	-2.9985591613619	-5.30389799172775
1	10.8055576418856	-5.30389799172775
1	8.12978496903149	-5.30389799172775
1	-0.0621291524143852	15.7130630218298
1	0.475089487267889	15.7130630218298
1	2.05153761369778	-5.30389799172775
1	6.02462503540665	15.7130630218298
1	8.74066847700793	-5.30389799172775
1	8.39276821289705	15.7130630218298
1	-0.0540511022314258	15.7130630218298
1	10.2448781354606	15.7130630218298
1	3.19817493684269	15.7130630218298
1	-0.475229338323001	-5.30389799172775
1	4.11027026380791	15.7130630218298
1	5.69035499382832	-5.30389799172775
1	-1.18604411447534	-5.30389799172775
1	5.09384561388329	15.7130630218298
1	8.82429058176307	15.7130630218298
1	-2.44773827934238	15.7130630218298
1	6.91695793778167	-5.30389799172775
1	0.767720897728969	15.7130630218298
1	14.6158719177026	-5.30389799172775
1	1.15683106764185	-5.30389799172775
1	1.38770604247118	-5.30389799172775
1	0.0230024708188306	15.7130630218298
1	-0.621341522821964	15.7130630218298
1	-0.0667370358522751	-5.30389799172775
1	11.5106223174834	-5.30389799172775
1	10.3809630483758	-5.30389799172775
1	11.8207729573972	-5.30389799172775
1	2.4545735165825	-5.30389799172775
1	-0.553269126895843	15.7130630218298
1	9.63762828435777	15.7130630218298
1	0.453897148631049	-5.30389799172775
1	2.26581546078627	-5.30389799172775
1	1.12986398833778	-5.30389799172775
1	7.45632988097753	15.7130630218298
1	8.15088203201351	-5.30389799172775
1	5.63187883421854	-5.30389799172775
1	0.0479606144664847	-5.30389799172775
1	5.85334177583055	-5.30389799172775
1	7.47175317907716	-5.30389799172775
1	0.94456294939532	15.7130630218298
1	8.52163708262522	15.7130630218298
1	2.08564079178643	-5.30389799172775
1	0.0115136148397563	15.7130630218298
1	7.32992453795833	-5.30389799172775
1	12.8789455866351	15.7130630218298
1	-1.0826905038033	-5.30389799172775
1	1.73616109502928	15.7130630218298
1	2.98812319560942	-5.30389799172775
1	2.13777704125361	-5.30389799172775
1	0.370577449836003	-5.30389799172775
1	7.16402454575909	15.7130630218298
1	3.27689919299469	15.7130630218298
1	7.78067610730869	-5.30389799172775
1	-1.62928343012448	15.7130630218298
1	1.91628439509508	15.7130630218298
1	11.1582838640615	15.7130630218298
1	11.150414870694	15.7130630218298
1	8.66180901230595	-5.30389799172775
1	9.90929073231001	-5.30389799172775
1	9.15011536979567	-5.30389799172775
1	7.66580506057516	15.7130630218298
1	-4.34858158202059	-5.30389799172775
1	6.76808851786802	15.7130630218298
1	4.77210484422042	15.7130630218298
1	7.49602192084265	15.7130630218298
1	5.03162066214857	15.7130630218298
1	1.68542638489522	-5.30389799172775
1	5.25455808507939	15.7130630218298
1	2.45984371888309	15.7130630218298
1	8.10240287198131	-5.30389799172775
1	9.99457053677909	15.7130630218298
1	5.90181810027828	-5.30389799172775
1	4.53342840149862	-5.30389799172775
1	-0.00841014455275049	-5.30389799172775
1	6.83559412691964	-5.30389799172775
1	-2.87807712491032	-5.30389799172775
1	-0.766931271538602	15.7130630218298
1	1.13053242829008	-5.30389799172775
1	6.65043333581921	-5.30389799172775
1	9.44511717584912	15.7130630218298
1	5.38820949799105	15.7130630218298
1	7.81299269178465	-5.30389799172775
1	-1.29491353050677	15.7130630218298
1	8.67049521087237	15.7130630218298
1	2.31378192939679	15.7130630218298
1	9.88122450101968	-5.30389799172775
1	9.40661557055468	15.7130630218298
1	2.15311722002144	-5.30389799172775
1	1.41268317376875	15.7130630218298
1	9.39955268545147	15.7130630218298
1	5.13947219406398	15.7130630218298
1	9.08499027724131	15.7130630218298
1	5.36810319444381	15.7130630218298
1	1.96156831766021	15.7130630218298
1	8.39846714223112	-5.30389799172775
1	5.18780636190517	-5.30389799172775
1	6.50776261402182	15.7130630218298
1	10.4478676194402	15.7130630218298
1	4.4694732489229	-5.30389799172775
1	-0.871306030983109	15.7130630218298
1	2.30034665122364	-5.30389799172775
1	2.34588715545427	-5.30389799172775
1	12.3909498764063	-5.30389799172775
1	13.9387180330806	-5.30389799172775
1	0.23706642464464	-5.30389799172775
1	4.02049231090547	15.7130630218298
1	10.7951485216016	15.7130630218298
1	0.233671824257256	-5.30389799172775
1	4.94907873701757	15.7130630218298
1	1.83688095080756	-5.30389799172775
1	4.02100722935262	-5.30389799172775
1	0.533242306116686	-5.30389799172775
1	8.37055999542821	15.7130630218298
1	4.19978810011259	-5.30389799172775
1	0.11697167428337	-5.30389799172775
1	7.66056494244898	15.7130630218298
1	10.1163885197263	-5.30389799172775
1	4.45354499695112	15.7130630218298
1	1.2721136596478	-5.30389799172775
1	-0.433043155965496	15.7130630218298
1	1.40126937391547	-5.30389799172775
1	-1.42564467382355	-5.30389799172775
1	1.09277664001855	-5.30389799172775
1	0.58298273947091	15.7130630218298
1	-0.599831042607216	15.7130630218298
1	0.158479537609441	-5.30389799172775
1	4.22277918280051	15.7130630218298
1	0.391714334442204	15.7130630218298
1	0.33177022213654	-5.30389799172775
1	7.5173302663086	15.7130630218298
1	2.69585614553595	-5.30389799172775
1	-2.37380881558173	-5.30389799172775
1	6.47047610945289	15.7130630218298
1	7.73251541197951	-5.30389799172775
1	9.98290102516725	15.7130630218298
1	9.31726091151868	-5.30389799172775
1	5.30332070511052	-5.30389799172775
1	10.0747615832888	-5.30389799172775
1	3.82923596449484	-5.30389799172775
1	11.5969566128186	-5.30389799172775
1	12.2741860713448	15.7130630218298
1	1.49729153160628	15.7130630218298
1	7.15395395372344	15.7130630218298
1	4.05029911945523	15.7130630218298
1	-0.109726383816623	-5.30389799172775
1	-0.553939803402985	-5.30389799172775
1	-0.226251676677918	15.7130630218298
1	8.81242485221115	15.7130630218298
1	8.55632071564338	15.7130630218298
1	0.175002105410684	-5.30389799172775
1	1.30168454422251	-5.30389799172775
1	3.50342881885624	15.7130630218298
1	8.68840932869351	15.7130630218298
1	10.0117443452968	-5.30389799172775
1	11.2590644663253	-5.30389799172775
1	5.52246623443888	-5.30389799172775
1	1.11859344544774	15.7130630218298
1	12.9970950903469	15.7130630218298
1	1.0340007896917	15.7130630218298
1	5.8384678084801	15.7130630218298
1	2.91957960781285	-5.30389799172775
1	0.0349888098504865	-5.30389799172775
1	8.9947178895006	-5.30389799172775
1	6.34460717134618	-5.30389799172775
1	6.99388021776221	15.7130630218298
1	9.43567368757619	-5.30389799172775
1	2.98403160328304	-5.30389799172775
1	9.61489063798503	15.7130630218298
1	2.1282747074767	15.7130630218298
1	7.42181550735181	15.7130630218298
1	3.63732299504189	-5.30389799172775
1	8.14695862208917	-5.30389799172775
1	5.21783591565566	15.7130630218298
1	3.79803920581527	-5.30389799172775
1	5.52105325366223	15.7130630218298
1	6.72285671406426	-5.30389799172775
1	4.20797677855704	-5.30389799172775
1	8.91230044113409	15.7130630218298
1	9.03218425560953	15.7130630218298
1	8.49667672673218	-5.30389799172775
1	9.32091834610859	-5.30389799172775
1	6.9123546798909	15.7130630218298
1	1.07035984447719	15.7130630218298
1	6.54460496586534	15.7130630218298
1	7.73540897138004	15.7130630218298
1	5.47983669390778	15.7130630218298
1	1.46692306421476	15.7130630218298
1	5.3440734357843	15.7130630218298
1	5.23292947675027	15.7130630218298
1	12.0460714848872	15.7130630218298
1	1.62997162363475	-5.30389799172775
1	2.88644765006361	-5.30389799172775
1	4.668533833276	15.7130630218298
1	0.803780709811993	-5.30389799172775
1	12.6076383930942	-5.30389799172775
1	5.9359075149856	15.7130630218298
1	7.42547261116105	-5.30389799172775
1	-2.9985591613619	15.7130630218298
1	10.8055576418856	15.7130630218298
1	8.12978496903149	15.7130630218298
1	-0.0621291524143852	-5.30389799172775
1	0.475089487267889	-5.30389799172775
1	2.05153761369778	15.7130630218298
1	6.02462503540665	-5.30389799172775
1	8.74066847700793	15.7130630218298
1	8.39276821289705	-5.30389799172775
1	-0.0540511022314258	-5.30389799172775
1	10.2448781354606	-5.30389799172775
1	3.19817493684269	-5.30389799172775
1	-0.475229338323001	15.7130630218298
1	4.11027026380791	-5.30389799172775
1	5.69035499382832	15.7130630218298
1	-1.18604411447534	15.7130630218298
1	5.09384561388329	-5.30389799172775
1	8.82429058176307	-5.30389799172775
1	-2.44773827934238	-5.30389799172775
1	6.91695793778167	15.7130630218298
1	0.767720897728969	-5.30389799172775
1	14.6158719177026	15.7130630218298
1	1.15683106764185	15.7130630218298
1	1.38770604247118	15.7130630218298
1	0.0230024708188306	-5.30389799172775
1	-0.621341522821964	-5.30389799172775
1	-0.0667370358522751	15.7130630218298
1	11.5106223174834	15.7130630218298
1	10.3809630483758	15.7130630218298
1	11.8207729573972	15.7130630218298
1	2.4545735165825	15.7130630218298
1	-0.553269126895843	-5.30389799172775
1	9.63762828435777	-5.30389799172775
1	0.453897148631049	15.7130630218298
1	2.26581546078627	15.7130630218298
1	1.12986398833778	15.7130630218298
1	7.45632988097753	-5.30389799172775
1	8.15088203201351	15.7130630218298
1	5.63187883421854	15.7130630218298
1	0.0479606144664847	15.7130630218298
1	5.85334177583055	15.7130630218298
1	7.47175317907716	15.7130630218298
1	0.94456294939532	-5.30389799172775
1	8.52163708262522	-5.30389799172775
1	2.08564079178643	15.7130630218298
1	0.0115136148397563	-5.30389799172775
1	7.32992453795833	15.7130630218298
1	12.8789455866351	-5.30389799172775
1	-1.0826905038033	15.7130630218298
1	1.73616109502928	-5.30389799172775
1	2.98812319560942	15.7130630218298
1	2.13777704125361	15.7130630218298
1	0.370577449836003	15.7130630218298
1	7.16402454575909	-5.30389799172775
1	3.27689919299469	-5.30389799172775
1	7.78067610730869	15.7130630218298
1	-1.62928343012448	-5.30389799172775
1	1.91628439509508	-5.30389799172775
1	11.1582838640615	-5.30389799172775
1	11.150414870694	-5.30389799172775
1	8.66180901230595	15.7130630218298
1	9.90929073231001	15.7130630218298
1	9.15011536979567	15.7130630218298
1	7.66580506057516	-5.30389799172775
1	-4.34858158202059	15.7130630218298
1	6.76808851786802	-5.30389799172775
1	4.77210484422042	-5.30389799172775
1	7.49602192084265	-5.30389799172775
1	5.03162066214857	-5.30389799172775
1	1.68542638489522	15.7130630218298
1	5.25455808507939	-5.30389799172775
1	2.45984371888309	-5.30389799172775
1	8.10240287198131	15.7130630218298
1	9.99457053677909	-5.30389799172775
1	5.90181810027828	15.7130630218298
1	4.53342840149862	15.7130630218298
1	-0.00841014455275049	15.7130630218298
1	6.83559412691964	15.7130630218298
1	-2.87807712491032	15.7130630218298
1	-0.766931271538602	-5.30389799172775
1	1.13053242829008	15.7130630218298
1	6.65043333581921	15.7130630218298
1	9.44511717584912	-5.30389799172775
1	5.38820949799105	-5.30389799172775
1	7.81299269178465	15.7130630218298
1	-1.29491353050677	-5.30389799172775
1	8.67049521087237	-5.30389799172775
1	2.31378192939679	-5.30389799172775
1	9.88122450101968	15.7130630218298
1	9.40661557055468	-5.30389799172775
1	2.15311722002144	15.7130630218298
1	1.41268317376875	-5.30389799172775
1	9.39955268545147	-5.30389799172775
1	5.13947219406398	-5.30389799172775
1	9.08499027724131	-5.30389799172775
1	5.36810319444381	-5.30389799172775
1	1.96156831766021	-5.30389799172775
1	8.39846714223112	15.7130630218298
1	5.18780636190517	15.7130630218298
1	6.50776261402182	-5.30389799172775
1	10.4478676194402	-5.30389799172775
1	4.4694732489229	15.7130630218298
1	-0.871306030983109	-5.30389799172775
1	2.30034665122364	15.7130630218298
1	2.34588715545427	15.7130630218298
1	12.3909498764063	15.7130630218298
1	13.9387180330806	15.7130630218298
1	0.23706642464464	15.7130630218298
1	4.02049231090547	-5.30389799172775
1	10.7951485216016	-5.30389799172775
1	0.233671824257256	15.7130630218298
1	4.94907873701757	-5.30389799172775
1	1.83688095080756	15.7130630218298
1	4.02100722935262	15.7130630218298
1	0.533242306116686	15.7130630218298
1	8.37055999542821	-5.30389799172775
1	4.19978810011259	15.7130630218298
1	0.11697167428337	15.7130630218298
1	7.66056494244898	-5.30389799172775
1	10.1163885197263	15.7130630218298
1	4.45354499695112	-5.30389799172775
1	1.2721136596478	15.7130630218298
1	-0.433043155965496	-5.30389799172775
1	1.40126937391547	15.7130630218298
1	-1.42564467382355	15.7130630218298
1	1.09277664001855	15.7130630218298
1	0.58298273947091	-5.30389799172775
1	-0.599831042607216	-5.30389799172775
1	0.158479537609441	15.7130630218298
1	4.22277918280051	-5.30389799172775
1	0.391714334442204	-5.30389799172775
1	0.33177022213654	15.7130630218298
1	7.5173302663086	-5.30389799172775
1	2.69585614553595	15.7130630218298
1	-2.37380881558173	15.7130630218298
1	6.47047610945289	-5.30389799172775
1	7.73251541197951	15.7130630218298
1	9.98290102516725	-5.30389799172775
1	9.31726091151868	15.7130630218298
1	5.30332070511052	15.7130630218298
1	10.0747615832888	15.7130630218298
1	3.82923596449484	15.7130630218298
1	11.5969566128186	15.7130630218298
1	12.2741860713448	-5.30389799172775
1	1.49729153160628	-5.30389799172775
1	7.15395395372344	-5.30389799172775
1	4.05029911945523	-5.30389799172775
1	-0.109726383816623	15.7130630218298
1	-0.553939803402985	15.7130630218298
1	-0.226251676677918	-5.30389799172775
1	8.81242485221115	-5.30389799172775
1	8.55632071564338	-5.30389799172775
1	0.175002105410684	15.7130630218298
1	1.30168454422251	15.7130630218298
1	3.50342881885624	-5.30389799172775
1	8.68840932869351	-5.30389799172775
1	10.0117443452968	15.7130630218298
1	11.2590644663253	15.7130630218298
1	5.52246623443888	15.7130630218298
1	1.11859344544774	-5.30389799172775
1	12.9970950903469	-5.30389799172775
1	1.0340007896917	-5.30389799172775
1	5.8384678084801	-5.30389799172775
1	2.91957960781285	15.7130630218298
1	0.0349888098504865	15.7130630218298
1	8.9947178895006	15.7130630218298
1	6.34460717134618	15.7130630218298
1	6.99388021776221	-5.30389799172775
1	9.43567368757619	15.7130630218298
1	2.98403160328304	15.7130630218298
1	9.61489063798503	-5.30389799172775
1	2.1282747074767	-5.30389799172775
1	7.42181550735181	-5.30389799172775
1	3.63732299504189	15.7130630218298
1	8.14695862208917	15.7130630218298
1	5.21783591565566	-5.30389799172775
1	3.79803920581527	15.7130630218298
1	5.52105325366223	-5.30389799172775
1	6.72285671406426	15.7130630218298
1	4.20797677855704	15.7130630218298
1	8.91230044113409	-5.30389799172775
1	9.03218425560953	-5.30389799172775
1	8.49667672673218	15.7130630218298
1	9.32091834610859	15.7130630218298
1	6.9123546798909	-5.30389799172775
1	1.07035984447719	-5.30389799172775
1	6.54460496586534	-5.30389799172775
1	7.73540897138004	-5.30389799172775
1	5.47983669390778	-5.30389799172775
1	1.46692306421476	-5.30389799172775
1	5.3440734357843	-5.30389799172775
1	5.23292947675027	-5.30389799172775
1	12.0460714848872	-5.30389799172775
1	1.62997162363475	15.7130630218298
1	2.88644765006361	15.7130630218298
1	4.668533833276	-5.30389799172775
1	0.803780709811993	15.7130630218298
1	12.6076383930942	15.7130630218298
1	5.9359075149856	-5.30389799172775
1	7.42547261116105	15.7130630218298
1	-2.9985591613619	-5.30389799172775
1	10.8055576418856	-5.30389799172775
1	8.12978496903149	-5.30389799172775
1	-0.0621291524143852	15.7130630218298
1	0.475089487267889	15.7130630218298
1	2.05153761369778	-5.30389799172775
1	6.02462503540665	15.7130630218298
1	8.74066847700793	-5.30389799172775
1	8.39276821289705	15.7130630218298
1	-0.0540511022314258	15.7130630218298
1	10.2448781354606	15.7130630218298
1	3.19817493684269	15.7130630218298
1	-0.475229338323001	-5.30389799172775
1	4.11027026380791	15.7130630218298
1	5.69035499382832	-5.30389799172775
1	-1.18604411447534	-5.30389799172775
1	5.09384561388329	15.7130630218298
1	8.82429058176307	15.7130630218298
1	-2.44773827934238	15.7130630218298
1	6.91695793778167	-5.30389799172775
1	0.767720897728969	15.7130630218298
1	14.6158719177026	-5.30389799172775
1	1.15683106764185	-5.30389799172775
1	1.38770604247118	-5.30389799172775
1	0.0230024708188306	15.7130630218298
1	-0.621341522821964	15.7130630218298
1	-0.0667370358522751	-5.30389799172775
1	11.5106223174834	-5.30389799172775
1	10.3809630483758	-5.30389799172775
1	11.8207729573972	-5.30389799172775
1	2.4545735165825	-5.30389799172775
1	-0.553269126895843	15.7130630218298
1	9.63762828435777	15.7130630218298
1	0.453897148631049	-5.30389799172775
1	2.26581546078627	-5.30389799172775
1	1.12986398833778	-5.30389799172775
1	7.45632988097753	15.7130630218298
1	8.15088203201351	-5.30389799172775
1	5.63187883421854	-5.30389799172775
1	0.0479606144664847	-5.30389799172775
1	5.85334177583055	-5.30389799172775
1	7.47175317907716	-5.30389799172775
1	0.94456294939532	15.7130630218298
1	8.52163708262522	15.7130630218298
1	2.08564079178643	-5.30389799172775
1	0.0115136148397563	15.7130630218298
1	7.32992453795833	-5.30389799172775
1	12.8789455866351	15.7130630218298
1	-1.0826905038033	-5.30389799172775
1	1.73616109502928	15.7130630218298
1	2.98812319560942	-5.30389799172775
1	2.13777704125361	-5.30389799172775
1	0.370577449836003	-5.30389799172775
1	7.16402454575909	15.7130630218298
1	3.27689919299469	15.7130630218298
1	7.78067610730869	-5.30389799172775
1	-1.62928343012448	15.7130630218298
1	1.91628439509508	15.7130630218298
1	11.1582838640615	15.7130630218298
1	11.150414870694	15.7130630218298
1	8.66180901230595	-5.30389799172775
1	9.90929073231001	-5.30389799172775
1	9.15011536979567	-5.30389799172775
1	7.66580506057516	15.7130630218298
1	-4.34858158202059	-5.30389799172775
1	6.76808851786802	15.7130630218298
1	4.77210484422042	15.7130630218298
1	7.49602192084265	15.7130630218298
1	5.03162066214857	15.7130630218298
1	1.68542638489522	-5.30389799172775
1	5.25455808507939	15.7130630218298
1	2.45984371888309	15.7130630218298
1	8.10240287198131	-5.30389799172775
1	9.99457053677909	15.7130630218298
1	5.90181810027828	-5.30389799172775
1	4.53342840149862	-5.30389799172775
1	-0.00841014455275049	-5.30389799172775
1	6.83559412691964	-5.30389799172775
1	-2.87807712491032	-5.30389799172775
1	-0.766931271538602	15.7130630218298
1	1.13053242829008	-5.30389799172775
1	6.65043333581921	-5.30389799172775
1	9.44511717584912	15.7130630218298
1	5.38820949799105	15.7130630218298
1	7.81299269178465	-5.30389799172775
1	-1.29491353050677	15.7130630218298
1	8.67049521087237	15.7130630218298
1	2.31378192939679	15.7130630218298
1	9.88122450101968	-5.30389799172775
1	9.40661557055468	15.7130630218298
1	2.15311722002144	-5.30389799172775
1	1.41268317376875	15.7130630218298
1	9.39955268545147	15.7130630218298
1	5.13947219406398	15.7130630218298
1	9.08499027724131	15.7130630218298
1	5.36810319444381	15.7130630218298
1	1.96156831766021	15.7130630218298
1	8.39846714223112	-5.30389799172775
1	5.18780636190517	-5.30389799172775
1	6.50776261402182	15.7130630218298
1	10.4478676194402	15.7130630218298
1	4.4694732489229	-5.30389799172775
1	-0.871306030983109	15.7130630218298
1	2.30034665122364	-5.30389799172775
1	2.34588715545427	-5.30389799172775
1	12.3909498764063	-5.30389799172775
1	13.9387180330806	-5.30389799172775
1	0.23706642464464	-5.30389799172775
1	4.02049231090547	15.7130630218298
1	10.7951485216016	15.7130630218298
1	0.233671824257256	-5.30389799172775
1	4.94907873701757	15.7130630218298
1	1.83688095080756	-5.30389799172775
1	4.02100722935262	-5.30389799172775
1	0.533242306116686	-5.30389799172775
1	8.37055999542821	15.7130630218298
1	4.19978810011259	-5.30389799172775
1	0.11697167428337	-5.30389799172775
1	7.66056494244898	15.7130630218298
1	10.1163885197263	-5.30389799172775
1	4.45354499695112	15.7130630218298
1	1.2721136596478	-5.30389799172775
1	-0.433043155965496	15.7130630218298
1	1.40126937391547	-5.30389799172775
1	-1.42564467382355	-5.30389799172775
1	1.09277664001855	-5.30389799172775
1	0.58298273947091	15.7130630218298
1	-0.599831042607216	15.7130630218298
1	0.158479537609441	-5.30389799172775
1	4.22277918280051	15.7130630218298
1	0.391714334442204	15.7130630218298
1	0.33177022213654	-5.30389799172775
1	7.5173302663086	15.7130630218298
1	2.69585614553595	-5.30389799172775
1	-2.37380881558173	-5.30389799172775
1	6.47047610945289	15.7130630218298
1	7.73251541197951	-5.30389799172775
1	9.98290102516725	15.7130630218298
1	9.31726091151868	-5.30389799172775
1	5.30332070511052	-5.30389799172775
1	10.0747615832888	-5.30389799172775
1	3.82923596449484	-5.30389799172775
1	11.5969566128186	-5.30389799172775
1	12.2741860713448	15.7130630218298
1	1.49729153160628	15.7130630218298
1	7.15395395372344	15.7130630218298
1	4.05029911945523	15.7130630218298
1	-0.109726383816623	-5.30389799172775
1	-0.553939803402985	-5.30389799172775
1	-0.226251676677918	15.7130630218298
1	8.81242485221115	15.7130630218298
1	8.55632071564338	15.7130630218298
1	0.175002105410684	-5.30389799172775
1	1.30168454422251	-5.30389799172775
1	3.50342881885624	15.7130630218298
1	8.68840932869351	15.7130630218298
1	10.0117443452968	-5.30389799172775
1	11.2590644663253	-5.30389799172775
1	5.52246623443888	-5.30389799172775
1	1.11859344544774	15.7130630218298
1	12.9970950903469	15.7130630218298
1	1.0340007896917	15.7130630218298
1	5.8384678084801	15.7130630218298
1	2.91957960781285	-5.30389799172775
1	0.0349888098504865	-5.30389799172775
1	8.9947178895006	-5.30389799172775
1	6.34460717134618	-5.30389799172775
1	6.99388021776221	15.7130630218298
1	9.43567368757619	-5.30389799172775
1	2.98403160328304	-5.30389799172775
1	9.61489063798503	15.7130630218298
1	2.1282747074767	15.7130630218298
1	7.42181550735181	15.7130630218298
1	3.63732299504189	-5.30389799172775
1	8.14695862208917	-5.30389799172775
1	5.21783591565566	15.7130630218298
1	3.79803920581527	-5.30389799172775
1	5.52105325366223	15.7130630218298
1	6.72285671406426	-5.30389799172775
1	4.20797677855704	-5.30389799172775
1	8.91230044113409	15.7130630218298
1	9.03218425560953	15.7130630218298
1	8.49667672673218	-5.30389799172775
1	9.32091834610859	-5.30389799172775
1	6.9123546798909	15.7130630218298
1	1.07035984447719	15.7130630218298
1	6.54460496586534	15.7130630218298
1	7.73540897138004	15.7130630218298
1	5.47983669390778	15.7130630218298
1	1.46692306421476	15.7130630218298
1	5.3440734357843	15.7130630218298
1	5.23292947675027	15.7130630218298
1	12.0460714848872	15.7130630218298
1	1.62997162363475	-5.30389799172775
1	2.88644765006361	-5.30389799172775
1	4.668533833276	15.7130630218298
1	0.803780709811993	-5.30389799172775
1	12.6076383930942	-5.30389799172775
1	5.9359075149856	15.7130630218298
1	7.42547261116105	-5.30389799172775
1	-2.9985591613619	15.7130630218298
1	10.8055576418856	15.7130630218298
1	8.12978496903149	15.7130630218298
1	-0.0621291524143852	-5.30389799172775
1	0.475089487267889	-5.30389799172775
1	2.05153761369778	15.7130630218298
1	6.02462503540665	-5.30389799172775
1	8.74066847700793	15.7130630218298
1	8.39276821289705	-5.30389799172775
1	-0.0540511022314258	-5.30389799172775
1	10.2448781354606	-5.30389799172775
1	3.19817493684269	-5.30389799172775
1	-0.475229338323001	15.7130630218298
1	4.11027026380791	-5.30389799172775
1	5.69035499382832	15.7130630218298
1	-1.18604411447534	15.7130630218298
1	5.09384561388329	-5.30389799172775
1	8.82429058176307	-5.30389799172775
1	-2.44773827934238	-5.30389799172775
1	6.91695793778167	15.7130630218298
1	0.767720897728969	-5.30389799172775
1	14.6158719177026	15.7130630218298
1	1.15683106764185	15.7130630218298
1	1.38770604247118	15.7130630218298
1	0.0230024708188306	-5.30389799172775
1	-0.621341522821964	-5.30389799172775
1	-0.0667370358522751	15.7130630218298
1	11.5106223174834	15.7130630218298
1	10.3809630483758	15.7130630218298
1	11.8207729573972	15.7130630218298
1	2.4545735165825	15.7130630218298
1	-0.553269126895843	-5.30389799172775
1	9.63762828435777	-5.30389799172775
1	0.453897148631049	15.7130630218298
1	2.26581546078627	15.7130630218298
1	1.12986398833778	15.7130630218298
1	7.45632988097753	-5.30389799172775
1	8.15088203201351	15.7130630218298
1	5.63187883421854	15.7130630218298
1	0.0479606144664847	15.7130630218298
1	5.85334177583055	15.7130630218298
1	7.47175317907716	15.7130630218298
1	0.94456294939532	-5.30389799172775
1	8.52163708262522	-5.30389799172775
1	2.08564079178643	15.7130630218298
1	0.0115136148397563	-5.30389799172775
1	7.32992453795833	15.7130630218298
1	12.8789455866351	-5.30389799172775
1	-1.0826905038033	15.7130630218298
1	1.73616109502928	-5.30389799172775
1	2.98812319560942	15.7130630218298
1	2.13777704125361	15.7130630218298
1	0.370577449836003	15.7130630218298
1	7.16402454575909	-5.30389799172775
1	3.27689919299469	-5.30389799172775
1	7.78067610730869	15.7130630218298
1	-1.62928343012448	-5.30389799172775
1	1.91628439509508	-5.30389799172775
1	11.1582838640615	-5.30389799172775
1	11.150414870694	-5.30389799172775
1	8.66180901230595	15.7130630218298
1	9.90929073231001	15.7130630218298
1	9.15011536979567	15.7130630218298
1	7.66580506057516	-5.30389799172775
1	-4.34858158202059	15.7130630218298
1	6.76808851786802	-5.30389799172775
1	4.77210484422042	-5.30389799172775
1	7.49602192084265	-5.30389799172775
1	5.03162066214857	-5.30389799172775
1	1.68542638489522	15.7130630218298
1	5.25455808507939	-5.30389799172775
1	2.45984371888309	-5.30389799172775
1	8.10240287198131	15.7130630218298
1	9.99457053677909	-5.30389799172775
1	5.90181810027828	15.7130630218298
1	4.53342840149862	15.7130630218298
1	-0.00841014455275049	15.7130630218298
1	6.83559412691964	15.7130630218298
1	-2.87807712491032	15.7130630218298
1	-0.766931271538602	-5.30389799172775
1	1.13053242829008	15.7130630218298
1	6.65043333581921	15.7130630218298
1	9.44511717584912	-5.30389799172775
1	5.38820949799105	-5.30389799172775
1	7.81299269178465	15.7130630218298
1	-1.29491353050677	-5.30389799172775
1	8.67049521087237	-5.30389799172775
1	2.31378192939679	-5.30389799172775
1	9.88122450101968	15.7130630218298
1	9.40661557055468	-5.30389799172775
1	2.15311722002144	15.7130630218298
1	1.41268317376875	-5.30389799172775
1	9.39955268545147	-5.30389799172775
1	5.13947219406398	-5.30389799172775
1	9.08499027724131	-5.30389799172775
1	5.36810319444381	-5.30389799172775
1	1.96156831766021	-5.30389799172775
1	8.39846714223112	15.7130630218298
1	5.18780636190517	15.7130630218298
1	6.50776261402182	-5.30389799172775
1	10.4478676194402	-5.30389799172775
1	4.4694732489229	15.7130630218298
1	-0.871306030983109	-5.30389799172775
1	2.30034665122364	15.7130630218298
1	2.34588715545427	15.7130630218298
1	12.3909498764063	15.7130630218298
1	13.9387180330806	15.7130630218298
1	0.23706642464464	15.7130630218298
1	4.02049231090547	-5.30389799172775
1	10.7951485216016	-5.30389799172775
1	0.233671824257256	15.7130630218298
1	4.94907873701757	-5.30389799172775
1	1.83688095080756	15.7130630218298
1	4.02100722935262	15.7130630218298
1	0.533242306116686	15.7130630218298
1	8.37055999542821	-5.30389799172775
1	4.19978810011259	15.7130630218298
1	0.11697167428337	15.7130630218298
1	7.66056494244898	-5.30389799172775
1	10.1163885197263	15.7130630218298
1	4.45354499695112	-5.30389799172775
1	1.2721136596478	15.7130630218298
1	-0.433043155965496	-5.30389799172775
1	1.40126937391547	15.7130630218298
1	-1.42564467382355	15.7130630218298
1	1.09277664001855	15.7130630218298
1	0.58298273947091	-5.30389799172775
1	-0.599831042607216	-5.30389799172775
1	0.158479537609441	15.7130630218298
1	4.22277918280051	-5.30389799172775
1	0.391714334442204	-5.30389799172775
1	0.33177022213654	15.7130630218298
1	7.5173302663086	-5.30389799172775
1	2.69585614553595	15.7130630218298
1	-2.37380881558173	15.7130630218298
1	6.47047610945289	-5.30389799172775
1	7.73251541197951	15.7130630218298
1	9.98290102516725	-5.30389799172775
1	9.31726091151868	15.7130630218298
1	5.30332070511052	15.7130630218298
1	10.0747615832888	15.7130630218298
1	3.82923596449484	15.7130630218298
1	11.5969566128186	15.7130630218298
1	12.2741860713448	-5.30389799172775
1	1.49729153160628	-5.30389799172775
1	7.15395395372344	-5.30389799172775
1	4.05029911945523	-5.30389799172775
1	-0.109726383816623	15.7130630218298
1	-0.553939803402985	15.7130630218298
1	-0.226251676677918	-5.30389799172775
1	8.81242485221115	-5.30389799172775
1	8.55632071564338	-5.30389799172775
1	0.175002105410684	15.7130630218298
1	1.30168454422251	15.7130630218298
1	3.50342881885624	-5.30389799172775
1	8.68840932869351	-5.30389799172775
1	10.0117443452968	15.7130630218298
1	11.2590644663253	15.7130630218298
1	5.52246623443888	15.7130630218298
1	1.11859344544774	-5.30389799172775
1	12.9970950903469	-5.30389799172775
1	1.0340007896917	-5.30389799172775
1	5.8384678084801	-5.30389799172775
1	2.91957960781285	15.7130630218298
1	0.0349888098504865	15.7130630218298
1	8.9947178895006	15.7130630218298
1	6.34460717134618	15.7130630218298
1	6.99388021776221	-5.30389799172775
1	9.43567368757619	15.7130630218298
1	2.98403160328304	15.7130630218298
1	9.61489063798503	-5.30389799172775
1	2.1282747074767	-5.30389799172775
1	7.42181550735181	-5.30389799172775
1	3.63732299504189	15.7130630218298
1	8.14695862208917	15.7130630218298
1	5.21783591565566	-5.30389799172775
1	3.79803920581527	15.7130630218298
1	5.52105325366223	-5.30389799172775
1	6.72285671406426	15.7130630218298
1	4.20797677855704	15.7130630218298
1	8.91230044113409	-5.30389799172775
1	9.03218425560953	-5.30389799172775
1	8.49667672673218	15.7130630218298
1	9.32091834610859	15.7130630218298
1	6.9123546798909	-5.30389799172775
1	1.07035984447719	-5.30389799172775
1	6.54460496586534	-5.30389799172775
1	7.73540897138004	-5.30389799172775
1	5.47983669390778	-5.30389799172775
1	1.46692306421476	-5.30389799172775
1	5.3440734357843	-5.30389799172775
1	5.23292947675027	-5.30389799172775
1	12.0460714848872	-5.30389799172775
1	1.62997162363475	15.7130630218298
1	2.88644765006361	15.7130630218298
1	4.668533833276	-5.30389799172775
1	0.803780709811993	15.7130630218298
1	12.6076383930942	15.7130630218298
1	5.9359075149856	-5.30389799172775
1	7.42547261116105	15.7130630218298
1	-2.9985591613619	-5.30389799172775
1	10.8055576418856	-5.30389799172775
1	8.12978496903149	-5.30389799172775
1	-0.0621291524143852	15.7130630218298
1	0.475089487267889	15.7130630218298
1	2.05153761369778	-5.30389799172775
1	6.02462503540665	15.7130630218298
1	8.74066847700793	-5.30389799172775
1	8.39276821289705	15.7130630218298
1	-0.0540511022314258	15.7130630218298
1	10.2448781354606	15.7130630218298
1	3.19817493684269	15.7130630218298
1	-0.475229338323001	-5.30389799172775
1	4.11027026380791	15.7130630218298
1	5.69035499382832	-5.30389799172775
1	-1.18604411447534	-5.30389799172775
1	5.09384561388329	15.7130630218298
1	8.82429058176307	15.7130630218298
1	-2.44773827934238	15.7130630218298
1	6.91695793778167	-5.30389799172775
1	0.767720897728969	15.7130630218298
1	14.6158719177026	-5.30389799172775
1	1.15683106764185	-5.30389799172775
1	1.38770604247118	-5.30389799172775
1	0.0230024708188306	15.7130630218298
1	-0.621341522821964	15.7130630218298
1	-0.0667370358522751	-5.30389799172775
1	11.5106223174834	-5.30389799172775
1	10.3809630483758	-5.30389799172775
1	11.8207729573972	-5.30389799172775
1	2.4545735165825	-5.30389799172775
1	-0.553269126895843	15.7130630218298
1	9.63762828435777	15.7130630218298
1	0.453897148631049	-5.30389799172775
1	2.26581546078627	-5.30389799172775
1	1.12986398833778	-5.30389799172775
1	7.45632988097753	15.7130630218298
1	8.15088203201351	-5.30389799172775
1	5.63187883421854	-5.30389799172775
1	0.0479606144664847	-5.30389799172775
1	5.85334177583055	-5.30389799172775
1	7.47175317907716	-5.30389799172775
1	0.94456294939532	15.7130630218298
1	8.52163708262522	15.7130630218298
1	2.08564079178643	-5.30389799172775
1	0.0115136148397563	15.7130630218298
1	7.32992453795833	-5.30389799172775
1	12.8789455866351	15.7130630218298
1	-1.0826905038033	-5.30389799172775
1	1.73616109502928	15.7130630218298
1	2.98812319560942	-5.30389799172775
1	2.13777704125361	-5.30389799172775
1	0.370577449836003	-5.30389799172775
1	7.16402454575909	15.7130630218298
1	3.27689919299469	15.7130630218298
1	7.78067610730869	-5.30389799172775
1	-1.62928343012448	15.7130630218298
1	1.91628439509508	15.7130630218298
1	11.1582838640615	15.7130630218298
1	11.150414870694	15.7130630218298
1	8.66180901230595	-5.30389799172775
1	9.90929073231001	-5.30389799172775
1	9.15011536979567	-5.30389799172775
1	7.66580506057516	15.7130630218298
1	-4.34858158202059	-5.30389799172775
1	6.76808851786802	15.7130630218298
1	4.77210484422042	15.7130630218298
1	7.49602192084265	15.7130630218298
1	5.03162066214857	15.7130630218298
1	1.68542638489522	-5.30389799172775
1	5.25455808507939	15.7130630218298
1	2.45984371888309	15.7130630218298
1	8.10240287198131	-5.30389799172775
1	9.99457053677909	15.7130630218298
1	5.90181810027828	-5.30389799172775
1	4.53342840149862	-5.30389799172775
1	-0.00841014455275049	-5.30389799172775
1	6.83559412691964	-5.30389799172775
1	-2.87807712491032	-5.30389799172775
1	-0.766931271538602	15.7130630218298
1	1.13053242829008	-5.30389799172775
1	6.65043333581921	-5.30389799172775
1	9.44511717584912	15.7130630218298
1	5.38820949799105	15.7130630218298
1	7.81299269178465	-5.30389799172775
1	-1.29491353050677	15.7130630218298
1	8.67049521087237	15.7130630218298
1	2.31378192939679	15.7130630218298
1	9.88122450101968	-5.30389799172775
1	9.40661557055468	15.7130630218298
1	2.15311722002144	-5.30389799172775
1	1.41268317376875	15.7130630218298
1	9.39955268545147	15.7130630218298
1	5.13947219406398	15.7130630218298
1	9.08499027724131	15.7130630218298
1	5.36810319444381	15.7130630218298
1	1.96156831766021	15.7130630218298
1	8.39846714223112	-5.30389799172775
1	5.18780636190517	-5.30389799172775
1	6.50776261402182	15.7130630218298
1	10.4478676194402	15.7130630218298
1	4.4694732489229	-5.30389799172775
1	-0.871306030983109	15.7130630218298
1	2.30034665122364	-5.30389799172775
1	2.34588715545427	-5.30389799172775
1	12.3909498764063	-5.30389799172775
1	13.9387180330806	-5.30389799172775
1	0.23706642464464	-5.30389799172775
1	4.02049231090547	15.7130630218298
1	10.7951485216016	15.7130630218298
1	0.233671824257256	-5.30389799172775
1	4.94907873701757	15.7130630218298
1	1.83688095080756	-5.30389799172775
1	4.02100722935262	-5.30389799172775
1	0.533242306116686	-5.30389799172775
1	8.37055999542821	15.7130630218298
1	4.19978810011259	-5.30389799172775
1	0.11697167428337	-5.30389799172775
1	7.66056494244898	15.7130630218298
1	10.1163885197263	-5.30389799172775
1	4.45354499695112	15.7130630218298
1	1.2721136596478	-5.30389799172775
1	-0.433043155965496	15.7130630218298
1	1.40126937391547	-5.30389799172775
1	-1.42564467382355	-5.30389799172775
1	1.09277664001855	-5.30389799172775
1	0.58298273947091	15.7130630218298
1	-0.599831042607216	15.7130630218298
1	0.158479537609441	-5.30389799172775
1	4.22277918280051	15.7130630218298
1	0.391714334442204	15.7130630218298
1	0.33177022213654	-5.30389799172775
1	7.5173302663086	15.7130630218298
1	2.69585614553595	-5.30389799172775
1	-2.37380881558173	-5.30389799172775
1	6.47047610945289	15.7130630218298
1	7.73251541197951	-5.30389799172775
1	9.98290102516725	15.7130630218298
1	9.31726091151868	-5.30389799172775
1	5.30332070511052	-5.30389799172775
1	10.0747615832888	-5.30389799172775
1	3.82923596449484	-5.30389799172775
1	11.5969566128186	-5.30389799172775
1	12.2741860713448	15.7130630218298
1	1.49729153160628	15.7130630218298
1	7.15395395372344	15.7130630218298
1	4.05029911945523	15.7130630218298
1	-0.109726383816623	-5.30389799172775
1	-0.553939803402985	-5.30389799172775
1	-0.226251676677918	15.7130630218298
1	8.81242485221115	15.7130630218298
1	8.55632071564338	15.7130630218298
1	0.175002105410684	-5.30389799172775
1	1.30168454422251	-5.30389799172775
1	3.50342881885624	15.7130630218298
1	8.68840932869351	15.7130630218298
1	10.0117443452968	-5.30389799172775
1	11.2590644663253	-5.30389799172775
1	5.52246623443888	-5.30389799172775
1	1.11859344544774	15.7130630218298
1	12.9970950903469	15.7130630218298
1	1.0340007896917	15.7130630218298
1	5.8384678084801	15.7130630218298
1	2.91957960781285	-5.30389799172775
1	0.0349888098504865	-5.30389799172775
1	8.9947178895006	-5.30389799172775
1	6.34460717134618	-5.30389799172775
1	6.99388021776221	15.7130630218298
1	9.43567368757619	-5.30389799172775
1	2.98403160328304	-5.30389799172775
1	9.61489063798503	15.7130630218298
1	2.1282747074767	15.7130630218298
1	7.42181550735181	15.7130630218298
1	3.63732299504189	-5.30389799172775
1	8.14695862208917	-5.30389799172775
1	5.21783591565566	15.7130630218298
1	3.79803920581527	-5.30389799172775
1	5.52105325366223	15.7130630218298
1	6.72285671406426	-5.30389799172775
1	4.20797677855704	-5.30389799172775
1	8.91230044113409	15.7130630218298
1	9.03218425560953	15.7130630218298
1	8.49667672673218	-5.30389799172775
1	9.32091834610859	-5.30389799172775
1	6.9123546798909	15.7130630218298
1	1.07035984447719	15.7130630218298
1	6.54460496586534	15.7130630218298
1	7.73540897138004	15.7130630218298
1	5.47983669390778	15.7130630218298
1	1.46692306421476	15.7130630218298
1	5.3440734357843	15.7130630218298
1	5.23292947675027	15.7130630218298
1	12.0460714848872	15.7130630218298
1	1.62997162363475	-5.30389799172775
1	2.88644765006361	-5.30389799172775
1	4.668533833276	15.7130630218298
1	0.803780709811993	-5.30389799172775
1	12.6076383930942	-5.30389799172775
1	5.9359075149856	15.7130630218298
1	7.42547261116105	-5.30389799172775
1	-2.9985591613619	15.7130630218298
1	10.8055576418856	15.7130630218298
1	8.12978496903149	15.7130630218298
1	-0.0621291524143852	-5.30389799172775
1	0.475089487267889	-5.30389799172775
1	2.05153761369778	15.7130630218298
1	6.02462503540665	-5.30389799172775
1	8.74066847700793	15.7130630218298
1	8.39276821289705	-5.30389799172775
1	-0.0540511022314258	-5.30389799172775
1	10.2448781354606	-5.30389799172775
1	3.19817493684269	-5.30389799172775
1	-0.475229338323001	15.7130630218298
1	4.11027026380791	-5.30389799172775
1	5.69035499382832	15.7130630218298
1	-1.18604411447534	15.7130630218298
1	5.09384561388329	-5.30389799172775
1	8.82429058176307	-5.30389799172775
1	-2.44773827934238	-5.30389799172775
1	6.91695793778167	15.7130630218298
1	0.767720897728969	-5.30389799172775
1	14.6158719177026	15.7130630218298
1	1.15683106764185	15.7130630218298
1	1.38770604247118	15.7130630218298
1	0.0230024708188306	-5.30389799172775
1	-0.621341522821964	-5.30389799172775
1	-0.0667370358522751	15.7130630218298
1	11.5106223174834	15.7130630218298
1	10.3809630483758	15.7130630218298
1	11.8207729573972	15.7130630218298
1	2.4545735165825	15.7130630218298
1	-0.553269126895843	-5.30389799172775
1	9.63762828435777	-5.30389799172775
1	0.453897148631049	15.7130630218298
1	2.26581546078627	15.7130630218298
1	1.12986398833778	15.7130630218298
1	7.45632988097753	-5.30389799172775
1	8.15088203201351	15.7130630218298
1	5.63187883421854	15.7130630218298
1	0.0479606144664847	15.7130630218298
1	5.85334177583055	15.7130630218298
1	7.47175317907716	15.7130630218298
1	0.94456294939532	-5.30389799172775
1	8.52163708262522	-5.30389799172775
1	2.08564079178643	15.7130630218298
1	0.0115136148397563	-5.30389799172775
1	7.32992453795833	15.7130630218298
1	12.8789455866351	-5.30389799172775
1	-1.0826905038033	15.7130630218298
1	1.73616109502928	-5.30389799172775
1	2.98812319560942	15.7130630218298
1	2.13777704125361	15.7130630218298
1	0.370577449836003	15.7130630218298
1	7.16402454575909	-5.30389799172775
1	3.27689919299469	-5.30389799172775
1	7.78067610730869	15.7130630218298
1	-1.62928343012448	-5.30389799172775
1	1.91628439509508	-5.30389799172775
1	11.1582838640615	-5.30389799172775
1	11.150414870694	-5.30389799172775
1	8.66180901230595	15.7130630218298
1	9.90929073231001	15.7130630218298
1	9.15011536979567	15.7130630218298
1	7.66580506057516	-5.30389799172775
1	-4.34858158202059	15.7130630218298
1	6.76808851786802	-5.30389799172775
1	4.77210484422042	-5.30389799172775
1	7.49602192084265	-5.30389799172775
1	5.03162066214857	-5.30389799172775
1	1.68542638489522	15.7130630218298
1	5.25455808507939	-5.30389799172775
1	2.45984371888309	-5.30389799172775
1	8.10240287198131	15.7130630218298
1	9.99457053677909	-5.30389799172775
1	5.90181810027828	15.7130630218298
1	4.53342840149862	15.7130630218298
1	-0.00841014455275049	15.7130630218298
1	6.83559412691964	15.7130630218298
1	-2.87807712491032	15.7130630218298
1	-0.766931271538602	-5.30389799172775
1	1.13053242829008	15.7130630218298
1	6.65043333581921	15.7130630218298
1	9.44511717584912	-5.30389799172775
1	5.38820949799105	-5.30389799172775
1	7.81299269178465	15.7130630218298
1	-1.29491353050677	-5.30389799172775
1	8.67049521087237	-5.30389799172775
1	2.31378192939679	-5.30389799172775
1	9.88122450101968	15.7130630218298
1	9.40661557055468	-5.30389799172775
1	2.15311722002144	15.7130630218298
1	1.41268317376875	-5.30389799172775
1	9.39955268545147	-5.30389799172775
1	5.13947219406398	-5.30389799172775
1	9.08499027724131	-5.30389799172775
1	5.36810319444381	-5.30389799172775
1	1.96156831766021	-5.30389799172775
1	8.39846714223112	15.7130630218298
1	5.18780636190517	15.7130630218298
1	6.50776261402182	-5.30389799172775
1	10.4478676194402	-5.30389799172775
1	4.4694732489229	15.7130630218298
1	-0.871306030983109	-5.30389799172775
1	2.30034665122364	15.7130630218298
1	2.34588715545427	15.7130630218298
1	12.3909498764063	15.7130630218298
1	13.9387180330806	15.7130630218298
1	0.23706642464464	15.7130630218298
1	4.02049231090547	-5.30389799172775
1	10.7951485216016	-5.30389799172775
1	0.233671824257256	15.7130630218298
1	4.94907873701757	-5.30389799172775
1	1.83688095080756	15.7130630218298
1	4.02100722935262	15.7130630218298
1	0.533242306116686	15.7130630218298
1	8.37055999542821	-5.30389799172775
1	4.19978810011259	15.7130630218298
1	0.11697167428337	15.7130630218298
1	7.66056494244898	-5.30389799172775
1	10.1163885197263	15.7130630218298
1	4.45354499695112	-5.30389799172775
1	1.2721136596478	15.7130630218298
1	-0.433043155965496	-5.30389799172775
1	1.40126937391547	15.7130630218298
1	-1.42564467382355	15.7130630218298
1	1.09277664001855	15.7130630218298
1	0.58298273947091	-5.30389799172775
1	-0.599831042607216	-5.30389799172775
1	0.158479537609441	15.7130630218298
1	4.22277918280051	-5.30389799172775
1	0.391714334442204	-5.30389799172775
1	0.33177022213654	15.7130630218298
1	7.5173302663086	-5.30389799172775
1	2.69585614553595	15.7130630218298
1	-2.37380881558173	15.7130630218298
1	6.47047610945289	-5.30389799172775
1	7.73251541197951	15.7130630218298
1	9.98290102516725	-5.30389799172775
1	9.31726091151868	15.7130630218298
1	5.30332070511052	15.7130630218298
1	10.0747615832888	15.7130630218298
1	3.82923596449484	15.7130630218298
1	11.5969566128186	15.7130630218298
1	12.2741860713448	-5.30389799172775
1	1.49729153160628	-5.30389799172775
1	7.15395395372344	-5.30389799172775
1	4.05029911945523	-5.30389799172775
1	-0.109726383816623	15.7130630218298
1	-0.553939803402985	15.7130630218298
1	-0.226251676677918	-5.30389799172775
1	8.81242485221115	-5.30389799172775
1	8.55632071564338	-5.30389799172775
1	0.175002105410684	15.7130630218298
1	1.30168454422251	15.7130630218298
1	3.50342881885624	-5.30389799172775
1	8.68840932869351	-5.30389799172775
1	10.0117443452968	15.7130630218298
1	11.2590644663253	15.7130630218298
1	5.52246623443888	15.7130630218298
1	1.11859344544774	-5.30389799172775
1	12.9970950903469	-5.30389799172775
1	1.0340007896917	-5.30389799172775
1	5.8384678084801	-5.30389799172775
1	2.91957960781285	15.7130630218298
1	0.0349888098504865	15.7130630218298
1	8.9947178895006	15.7130630218298
1	6.34460717134618	15.7130630218298
1	6.99388021776221	-5.30389799172775
1	9.43567368757619	15.7130630218298
1	2.98403160328304	15.7130630218298
1	9.61489063798503	-5.30389799172775
1	2.1282747074767	-5.30389799172775
1	7.42181550735181	-5.30389799172775
1	3.63732299504189	15.7130630218298
1	8.14695862208917	15.7130630218298
1	5.21783591565566	-5.30389799172775
1	3.79803920581527	15.7130630218298
1	5.52105325366223	-5.30389799172775
1	6.72285671406426	15.7130630218298
1	4.20797677855704	15.7130630218298
1	8.91230044113409	-5.30389799172775
1	9.03218425560953	-5.30389799172775
1	8.49667672673218	15.7130630218298
1	9.32091834610859	15.7130630218298
1	6.9123546798909	-5.30389799172775
1	1.07035984447719	-5.30389799172775
1	6.54460496586534	-5.30389799172775
1	7.73540897138004	-5.30389799172775
1	5.47983669390778	-5.30389799172775
1	1.46692306421476	-5.30389799172775
1	5.3440734357843	-5.30389799172775
1	5.23292947675027	-5.30389799172775
1	12.0460714848872	-5.30389799172775
1	1.62997162363475	15.7130630218298
1	2.88644765006361	15.7130630218298
1	4.668533833276	-5.30389799172775
1	0.803780709811993	15.7130630218298
1	12.6076383930942	15.7130630218298
1	5.9359075149856	-5.30389799172775
1	7.42547261116105	15.7130630218298
1	-2.9985591613619	-5.30389799172775
1	10.8055576418856	-5.30389799172775
1	8.12978496903149	-5.30389799172775
1	-0.0621291524143852	15.7130630218298
1	0.475089487267889	15.7130630218298
1	2.05153761369778	-5.30389799172775
1	6.02462503540665	15.7130630218298
1	8.74066847700793	-5.30389799172775
1	8.39276821289705	15.7130630218298
1	-0.0540511022314258	15.7130630218298
1	10.2448781354606	15.7130630218298
1	3.19817493684269	15.7130630218298
1	-0.475229338323001	-5.30389799172775
1	4.11027026380791	15.7130630218298
1	5.69035499382832	-5.30389799172775
1	-1.18604411447534	-5.30389799172775
1	5.09384561388329	15.7130630218298
1	8.82429058176307	15.7130630218298
1	-2.44773827934238	15.7130630218298
1	6.91695793778167	-5.30389799172775
1	0.767720897728969	15.7130630218298
1	14.6158719177026	-5.30389799172775
1	1.15683106764185	-5.30389799172775
1	1.38770604247118	-5.30389799172775
1	0.0230024708188306	15.7130630218298
1	-0.621341522821964	15.7130630218298
1	-0.0667370358522751	-5.30389799172775
1	11.5106223174834	-5.30389799172775
1	10.3809630483758	-5.30389799172775
1	11.8207729573972	-5.30389799172775
1	2.4545735165825	-5.30389799172775
1	-0.553269126895843	15.7130630218298
1	9.63762828435777	15.7130630218298
1	0.453897148631049	-5.30389799172775
1	2.26581546078627	-5.30389799172775
1	1.12986398833778	-5.30389799172775
1	7.45632988097753	15.7130630218298
1	8.15088203201351	-5.30389799172775
1	5.63187883421854	-5.30389799172775
1	0.0479606144664847	-5.30389799172775
1	5.85334177583055	-5.30389799172775
1	7.47175317907716	-5.30389799172775
1	0.94456294939532	15.7130630218298
1	8.52163708262522	15.7130630218298
1	2.08564079178643	-5.30389799172775
1	0.0115136148397563	15.7130630218298
1	7.32992453795833	-5.30389799172775
1	12.8789455866351	15.7130630218298
1	-1.0826905038033	-5.30389799172775
1	1.73616109502928	15.7130630218298
1	2.98812319560942	-5.30389799172775
1	2.13777704125361	-5.30389799172775
1	0.370577449836003	-5.30389799172775
1	7.16402454575909	15.7130630218298
1	3.27689919299469	15.7130630218298
1	7.78067610730869	-5.30389799172775
1	-1.62928343012448	15.7130630218298
1	1.91628439509508	15.7130630218298
1	11.1582838640615	15.7130630218298
1	11.150414870694	15.7130630218298
1	8.66180901230595	-5.30389799172775
1	9.90929073231001	-5.30389799172775
1	9.15011536979567	-5.30389799172775
1	7.66580506057516	15.7130630218298
1	-4.34858158202059	-5.30389799172775
1	6.76808851786802	15.7130630218298
1	4.77210484422042	15.7130630218298
1	7.49602192084265	15.7130630218298
1	5.03162066214857	15.7130630218298
1	1.68542638489522	-5.30389799172775
1	5.25455808507939	15.7130630218298
1	2.45984371888309	15.7130630218298
1	8.10240287198131	-5.30389799172775
1	9.99457053677909	15.7130630218298
1	5.90181810027828	-5.30389799172775
1	4.53342840149862	-5.30389799172775
1	-0.00841014455275049	-5.30389799172775
1	6.83559412691964	-5.30389799172775
1	-2.87807712491032	-5.30389799172775
1	-0.766931271538602	15.7130630218298
1	1.13053242829008	-5.30389799172775
1	6.65043333581921	-5.30389799172775
1	9.44511717584912	15.7130630218298
1	5.38820949799105	15.7130630218298
1	7.81299269178465	-5.30389799172775
1	-1.29491353050677	15.7130630218298
1	8.67049521087237	15.7130630218298
1	2.31378192939679	15.7130630218298
1	9.88122450101968	-5.30389799172775
1	9.40661557055468	15.7130630218298
1	2.15311722002144	-5.30389799172775
1	1.41268317376875	15.7130630218298
1	9.39955268545147	15.7130630218298
1	5.13947219406398	15.7130630218298
1	9.08499027724131	15.7130630218298
1	5.36810319444381	15.7130630218298
1	1.96156831766021	15.7130630218298
1	8.39846714223112	-5.30389799172775
1	5.18780636190517	-5.30389799172775
1	6.50776261402182	15.7130630218298
1	10.4478676194402	15.7130630218298
1	4.4694732489229	-5.30389799172775
1	-0.871306030983109	15.7130630218298
1	2.30034665122364	-5.30389799172775
1	2.34588715545427	-5.30389799172775
1	12.3909498764063	-5.30389799172775
1	13.9387180330806	-5.30389799172775
1	0.23706642464464	-5.30389799172775
1	4.02049231090547	15.7130630218298
1	10.7951485216016	15.7130630218298
1	0.233671824257256	-5.30389799172775
1	4.94907873701757	15.7130630218298
1	1.83688095080756	-5.30389799172775
1	4.02100722935262	-5.30389799172775
1	0.533242306116686	-5.30389799172775
1	8.37055999542821	15.7130630218298
1	4.19978810011259	-5.30389799172775
1	0.11697167428337	-5.30389799172775
1	7.66056494244898	15.7130630218298
1	10.1163885197263	-5.30389799172775
1	4.45354499695112	15.7130630218298
1	1.2721136596478	-5.30389799172775
1	-0.433043155965496	15.7130630218298
1	1.40126937391547	-5.30389799172775
1	-1.42564467382355	-5.30389799172775
1	1.09277664001855	-5.30389799172775
1	0.58298273947091	15.7130630218298
1	-0.599831042607216	15.7130630218298
1	0.158479537609441	-5.30389799172775
1	4.22277918280051	15.7130630218298
1	0.391714334442204	15.7130630218298
1	0.33177022213654	-5.30389799172775
1	7.5173302663086	15.7130630218298
1	2.69585614553595	-5.30389799172775
1	-2.37380881558173	-5.30389799172775
1	6.47047610945289	15.7130630218298
1	7.73251541197951	-5.30389799172775
1	9.98290102516725	15.7130630218298
1	9.31726091151868	-5.30389799172775
1	5.30332070511052	-5.30389799172775
1	10.0747615832888	-5.30389799172775
1	3.82923596449484	-5.30389799172775
1	11.5969566128186	-5.30389799172775
1	12.2741860713448	15.7130630218298
1	1.49729153160628	15.7130630218298
1	7.15395395372344	15.7130630218298
1	4.05029911945523	15.7130630218298
1	-0.109726383816623	-5.30389799172775
1	-0.553939803402985	-5.30389799172775
1	-0.226251676677918	15.7130630218298
1	8.81242485221115	15.7130630218298
1	8.55632071564338	15.7130630218298
1	0.175002105410684	-5.30389799172775
1	1.30168454422251	-5.30389799172775
1	3.50342881885624	15.7130630218298
1	8.68840932869351	15.7130630218298
1	10.0117443452968	-5.30389799172775
1	11.2590644663253	-5.30389799172775
1	5.52246623443888	-5.30389799172775
1	1.11859344544774	15.7130630218298
1	12.9970950903469	15.7130630218298
1	1.0340007896917	15.7130630218298
1	5.8384678084801	15.7130630218298
1	2.91957960781285	-5.30389799172775
1	0.0349888098504865	-5.30389799172775
1	8.9947178895006	-5.30389799172775
1	6.34460717134618	-5.30389799172775
1	6.99388021776221	15.7130630218298
1	9.43567368757619	-5.30389799172775
1	2.98403160328304	-5.30389799172775
1	9.61489063798503	15.7130630218298
1	2.1282747074767	15.7130630218298
1	7.42181550735181	15.7130630218298
1	3.63732299504189	-5.30389799172775
1	8.14695862208917	-5.30389799172775
1	5.21783591565566	15.7130630218298
1	3.79803920581527	-5.30389799172775
1	5.52105325366223	15.7130630218298
1	6.72285671406426	-5.30389799172775
1	4.20797677855704	-5.30389799172775
1	8.91230044113409	15.7130630218298
1	9.03218425560953	15.7130630218298
1	8.49667672673218	-5.30389799172775
1	9.32091834610859	-5.30389799172775
1	6.9123546798909	15.7130630218298
1	1.07035984447719	15.7130630218298
1	6.54460496586534	15.7130630218298
1	7.73540897138004	15.7130630218298
1	5.47983669390778	15.7130630218298
1	1.46692306421476	15.7130630218298
1	5.3440734357843	15.7130630218298
1	5.23292947675027	15.7130630218298
1	12.0460714848872	15.7130630218298
1	1.62997162363475	-5.30389799172775
1	2.88644765006361	-5.30389799172775
1	4.668533833276	15.7130630218298
1	0.803780709811993	-5.30389799172775
1	12.6076383930942	-5.30389799172775
1	5.9359075149856	15.7130630218298
1	7.42547261116105	-5.30389799172775
1	-2.9985591613619	15.7130630218298
1	10.8055576418856	15.7130630218298
1	8.12978496903149	15.7130630218298
1	-0.0621291524143852	-5.30389799172775
1	0.475089487267889	-5.30389799172775
1	2.05153761369778	15.7130630218298
1	6.02462503540665	-5.30389799172775
1	8.74066847700793	15.7130630218298
1	8.39276821289705	-5.30389799172775
1	-0.0540511022314258	-5.30389799172775
1	10.2448781354606	-5.30389799172775
1	3.19817493684269	-5.30389799172775
1	-0.475229338323001	15.7130630218298
1	4.11027026380791	-5.30389799172775
1	5.69035499382832	15.7130630218298
1	-1.18604411447534	15.7130630218298
1	5.09384561388329	-5.30389799172775
1	8.82429058176307	-5.30389799172775
1	-2.44773827934238	-5.30389799172775
1	6.91695793778167	15.7130630218298
1	0.767720897728969	-5.30389799172775
1	14.6158719177026	15.7130630218298
1	1.15683106764185	15.7130630218298
1	1.38770604247118	15.7130630218298
1	0.0230024708188306	-5.30389799172775
1	-0.621341522821964	-5.30389799172775
1	-0.0667370358522751	15.7130630218298
1	11.5106223174834	15.7130630218298
1	10.3809630483758	15.7130630218298
1	11.8207729573972	15.7130630218298
1	2.4545735165825	15.7130630218298
1	-0.553269126895843	-5.30389799172775
1	9.63762828435777	-5.30389799172775
1	0.453897148631049	15.7130630218298
1	2.26581546078627	15.7130630218298
1	1.12986398833778	15.7130630218298
1	7.45632988097753	-5.30389799172775
1	8.15088203201351	15.7130630218298
1	5.63187883421854	15.7130630218298
1	0.0479606144664847	15.7130630218298
1	5.85334177583055	15.7130630218298
1	7.47175317907716	15.7130630218298
1	0.94456294939532	-5.30389799172775
1	8.52163708262522	-5.30389799172775
1	2.08564079178643	15.7130630218298
1	0.0115136148397563	-5.30389799172775
1	7.32992453795833	15.7130630218298
1	12.8789455866351	-5.30389799172775
1	-1.0826905038033	15.7130630218298
1	1.73616109502928	-5.30389799172775
1	2.98812319560942	15.7130630218298
