xmin	xmax	key	clickSelects.variable	clickSelects.value	showSelected.variable	showSelected.value	PANEL
-0.5	0.5	1	itération	0	itération	0	1
0.5	1.5	1 0	itération	1	itération	0	1
1.5	2.5	2 0	itération	2	itération	0	1
2.5	3.5	3 0	itération	3	itération	0	1
3.5	4.5	4 0	itération	4	itération	0	1
4.5	5.5	5 0	itération	5	itération	0	1
5.5	6.5	6 0	itération	6	itération	0	1
6.5	7.5	7 0	itération	7	itération	0	1
7.5	8.5	8 0	itération	8	itération	0	1
8.5	9.5	9 0	itération	9	itération	0	1
9.5	10.5	10 0	itération	10	itération	0	1
10.5	11.5	11 0	itération	11	itération	0	1
11.5	12.5	12 0	itération	12	itération	0	1
12.5	13.5	13 0	itération	13	itération	0	1
13.5	14.5	14 0	itération	14	itération	0	1
14.5	15.5	15 0	itération	15	itération	0	1
15.5	16.5	16 0	itération	16	itération	0	1
16.5	17.5	17 0	itération	17	itération	0	1
17.5	18.5	18 0	itération	18	itération	0	1
18.5	19.5	19 0	itération	19	itération	0	1
19.5	20.5	20 0	itération	20	itération	0	1
20.5	21.5	21 0	itération	21	itération	0	1
21.5	22.5	22 0	itération	22	itération	0	1
22.5	23.5	23 0	itération	23	itération	0	1
23.5	24.5	24 0	itération	24	itération	0	1
24.5	25.5	25 0	itération	25	itération	0	1
25.5	26.5	26 0	itération	26	itération	0	1
26.5	27.5	27 0	itération	27	itération	0	1
27.5	28.5	28 0	itération	28	itération	0	1
28.5	29.5	29 0	itération	29	itération	0	1
29.5	30.5	30 0	itération	30	itération	0	1
30.5	31.5	31 0	itération	31	itération	0	1
31.5	32.5	32 0	itération	32	itération	0	1
32.5	33.5	33 0	itération	33	itération	0	1
33.5	34.5	34 0	itération	34	itération	0	1
34.5	35.5	35 0	itération	35	itération	0	1
35.5	36.5	36 0	itération	36	itération	0	1
36.5	37.5	37 0	itération	37	itération	0	1
37.5	38.5	38 0	itération	38	itération	0	1
38.5	39.5	39 0	itération	39	itération	0	1
39.5	40.5	40 0	itération	40	itération	0	1
-0.5	0.5	0 1	itération	0	itération	1	1
0.5	1.5	1	itération	1	itération	1	1
1.5	2.5	2 1	itération	2	itération	1	1
2.5	3.5	3 1	itération	3	itération	1	1
3.5	4.5	4 1	itération	4	itération	1	1
4.5	5.5	5 1	itération	5	itération	1	1
5.5	6.5	6 1	itération	6	itération	1	1
6.5	7.5	7 1	itération	7	itération	1	1
7.5	8.5	8 1	itération	8	itération	1	1
8.5	9.5	9 1	itération	9	itération	1	1
9.5	10.5	10 1	itération	10	itération	1	1
10.5	11.5	11 1	itération	11	itération	1	1
11.5	12.5	12 1	itération	12	itération	1	1
12.5	13.5	13 1	itération	13	itération	1	1
13.5	14.5	14 1	itération	14	itération	1	1
14.5	15.5	15 1	itération	15	itération	1	1
15.5	16.5	16 1	itération	16	itération	1	1
16.5	17.5	17 1	itération	17	itération	1	1
17.5	18.5	18 1	itération	18	itération	1	1
18.5	19.5	19 1	itération	19	itération	1	1
19.5	20.5	20 1	itération	20	itération	1	1
20.5	21.5	21 1	itération	21	itération	1	1
21.5	22.5	22 1	itération	22	itération	1	1
22.5	23.5	23 1	itération	23	itération	1	1
23.5	24.5	24 1	itération	24	itération	1	1
24.5	25.5	25 1	itération	25	itération	1	1
25.5	26.5	26 1	itération	26	itération	1	1
26.5	27.5	27 1	itération	27	itération	1	1
27.5	28.5	28 1	itération	28	itération	1	1
28.5	29.5	29 1	itération	29	itération	1	1
29.5	30.5	30 1	itération	30	itération	1	1
30.5	31.5	31 1	itération	31	itération	1	1
31.5	32.5	32 1	itération	32	itération	1	1
32.5	33.5	33 1	itération	33	itération	1	1
33.5	34.5	34 1	itération	34	itération	1	1
34.5	35.5	35 1	itération	35	itération	1	1
35.5	36.5	36 1	itération	36	itération	1	1
36.5	37.5	37 1	itération	37	itération	1	1
37.5	38.5	38 1	itération	38	itération	1	1
38.5	39.5	39 1	itération	39	itération	1	1
39.5	40.5	40 1	itération	40	itération	1	1
-0.5	0.5	0 2	itération	0	itération	2	1
0.5	1.5	1 2	itération	1	itération	2	1
1.5	2.5	1	itération	2	itération	2	1
2.5	3.5	3 2	itération	3	itération	2	1
3.5	4.5	4 2	itération	4	itération	2	1
4.5	5.5	5 2	itération	5	itération	2	1
5.5	6.5	6 2	itération	6	itération	2	1
6.5	7.5	7 2	itération	7	itération	2	1
7.5	8.5	8 2	itération	8	itération	2	1
8.5	9.5	9 2	itération	9	itération	2	1
9.5	10.5	10 2	itération	10	itération	2	1
10.5	11.5	11 2	itération	11	itération	2	1
11.5	12.5	12 2	itération	12	itération	2	1
12.5	13.5	13 2	itération	13	itération	2	1
13.5	14.5	14 2	itération	14	itération	2	1
14.5	15.5	15 2	itération	15	itération	2	1
15.5	16.5	16 2	itération	16	itération	2	1
16.5	17.5	17 2	itération	17	itération	2	1
17.5	18.5	18 2	itération	18	itération	2	1
18.5	19.5	19 2	itération	19	itération	2	1
19.5	20.5	20 2	itération	20	itération	2	1
20.5	21.5	21 2	itération	21	itération	2	1
21.5	22.5	22 2	itération	22	itération	2	1
22.5	23.5	23 2	itération	23	itération	2	1
23.5	24.5	24 2	itération	24	itération	2	1
24.5	25.5	25 2	itération	25	itération	2	1
25.5	26.5	26 2	itération	26	itération	2	1
26.5	27.5	27 2	itération	27	itération	2	1
27.5	28.5	28 2	itération	28	itération	2	1
28.5	29.5	29 2	itération	29	itération	2	1
29.5	30.5	30 2	itération	30	itération	2	1
30.5	31.5	31 2	itération	31	itération	2	1
31.5	32.5	32 2	itération	32	itération	2	1
32.5	33.5	33 2	itération	33	itération	2	1
33.5	34.5	34 2	itération	34	itération	2	1
34.5	35.5	35 2	itération	35	itération	2	1
35.5	36.5	36 2	itération	36	itération	2	1
36.5	37.5	37 2	itération	37	itération	2	1
37.5	38.5	38 2	itération	38	itération	2	1
38.5	39.5	39 2	itération	39	itération	2	1
39.5	40.5	40 2	itération	40	itération	2	1
-0.5	0.5	0 3	itération	0	itération	3	1
0.5	1.5	1 3	itération	1	itération	3	1
1.5	2.5	2 3	itération	2	itération	3	1
2.5	3.5	1	itération	3	itération	3	1
3.5	4.5	4 3	itération	4	itération	3	1
4.5	5.5	5 3	itération	5	itération	3	1
5.5	6.5	6 3	itération	6	itération	3	1
6.5	7.5	7 3	itération	7	itération	3	1
7.5	8.5	8 3	itération	8	itération	3	1
8.5	9.5	9 3	itération	9	itération	3	1
9.5	10.5	10 3	itération	10	itération	3	1
10.5	11.5	11 3	itération	11	itération	3	1
11.5	12.5	12 3	itération	12	itération	3	1
12.5	13.5	13 3	itération	13	itération	3	1
13.5	14.5	14 3	itération	14	itération	3	1
14.5	15.5	15 3	itération	15	itération	3	1
15.5	16.5	16 3	itération	16	itération	3	1
16.5	17.5	17 3	itération	17	itération	3	1
17.5	18.5	18 3	itération	18	itération	3	1
18.5	19.5	19 3	itération	19	itération	3	1
19.5	20.5	20 3	itération	20	itération	3	1
20.5	21.5	21 3	itération	21	itération	3	1
21.5	22.5	22 3	itération	22	itération	3	1
22.5	23.5	23 3	itération	23	itération	3	1
23.5	24.5	24 3	itération	24	itération	3	1
24.5	25.5	25 3	itération	25	itération	3	1
25.5	26.5	26 3	itération	26	itération	3	1
26.5	27.5	27 3	itération	27	itération	3	1
27.5	28.5	28 3	itération	28	itération	3	1
28.5	29.5	29 3	itération	29	itération	3	1
29.5	30.5	30 3	itération	30	itération	3	1
30.5	31.5	31 3	itération	31	itération	3	1
31.5	32.5	32 3	itération	32	itération	3	1
32.5	33.5	33 3	itération	33	itération	3	1
33.5	34.5	34 3	itération	34	itération	3	1
34.5	35.5	35 3	itération	35	itération	3	1
35.5	36.5	36 3	itération	36	itération	3	1
36.5	37.5	37 3	itération	37	itération	3	1
37.5	38.5	38 3	itération	38	itération	3	1
38.5	39.5	39 3	itération	39	itération	3	1
39.5	40.5	40 3	itération	40	itération	3	1
-0.5	0.5	0 4	itération	0	itération	4	1
0.5	1.5	1 4	itération	1	itération	4	1
1.5	2.5	2 4	itération	2	itération	4	1
2.5	3.5	3 4	itération	3	itération	4	1
3.5	4.5	1	itération	4	itération	4	1
4.5	5.5	5 4	itération	5	itération	4	1
5.5	6.5	6 4	itération	6	itération	4	1
6.5	7.5	7 4	itération	7	itération	4	1
7.5	8.5	8 4	itération	8	itération	4	1
8.5	9.5	9 4	itération	9	itération	4	1
9.5	10.5	10 4	itération	10	itération	4	1
10.5	11.5	11 4	itération	11	itération	4	1
11.5	12.5	12 4	itération	12	itération	4	1
12.5	13.5	13 4	itération	13	itération	4	1
13.5	14.5	14 4	itération	14	itération	4	1
14.5	15.5	15 4	itération	15	itération	4	1
15.5	16.5	16 4	itération	16	itération	4	1
16.5	17.5	17 4	itération	17	itération	4	1
17.5	18.5	18 4	itération	18	itération	4	1
18.5	19.5	19 4	itération	19	itération	4	1
19.5	20.5	20 4	itération	20	itération	4	1
20.5	21.5	21 4	itération	21	itération	4	1
21.5	22.5	22 4	itération	22	itération	4	1
22.5	23.5	23 4	itération	23	itération	4	1
23.5	24.5	24 4	itération	24	itération	4	1
24.5	25.5	25 4	itération	25	itération	4	1
25.5	26.5	26 4	itération	26	itération	4	1
26.5	27.5	27 4	itération	27	itération	4	1
27.5	28.5	28 4	itération	28	itération	4	1
28.5	29.5	29 4	itération	29	itération	4	1
29.5	30.5	30 4	itération	30	itération	4	1
30.5	31.5	31 4	itération	31	itération	4	1
31.5	32.5	32 4	itération	32	itération	4	1
32.5	33.5	33 4	itération	33	itération	4	1
33.5	34.5	34 4	itération	34	itération	4	1
34.5	35.5	35 4	itération	35	itération	4	1
35.5	36.5	36 4	itération	36	itération	4	1
36.5	37.5	37 4	itération	37	itération	4	1
37.5	38.5	38 4	itération	38	itération	4	1
38.5	39.5	39 4	itération	39	itération	4	1
39.5	40.5	40 4	itération	40	itération	4	1
-0.5	0.5	0 5	itération	0	itération	5	1
0.5	1.5	1 5	itération	1	itération	5	1
1.5	2.5	2 5	itération	2	itération	5	1
2.5	3.5	3 5	itération	3	itération	5	1
3.5	4.5	4 5	itération	4	itération	5	1
4.5	5.5	1	itération	5	itération	5	1
5.5	6.5	6 5	itération	6	itération	5	1
6.5	7.5	7 5	itération	7	itération	5	1
7.5	8.5	8 5	itération	8	itération	5	1
8.5	9.5	9 5	itération	9	itération	5	1
9.5	10.5	10 5	itération	10	itération	5	1
10.5	11.5	11 5	itération	11	itération	5	1
11.5	12.5	12 5	itération	12	itération	5	1
12.5	13.5	13 5	itération	13	itération	5	1
13.5	14.5	14 5	itération	14	itération	5	1
14.5	15.5	15 5	itération	15	itération	5	1
15.5	16.5	16 5	itération	16	itération	5	1
16.5	17.5	17 5	itération	17	itération	5	1
17.5	18.5	18 5	itération	18	itération	5	1
18.5	19.5	19 5	itération	19	itération	5	1
19.5	20.5	20 5	itération	20	itération	5	1
20.5	21.5	21 5	itération	21	itération	5	1
21.5	22.5	22 5	itération	22	itération	5	1
22.5	23.5	23 5	itération	23	itération	5	1
23.5	24.5	24 5	itération	24	itération	5	1
24.5	25.5	25 5	itération	25	itération	5	1
25.5	26.5	26 5	itération	26	itération	5	1
26.5	27.5	27 5	itération	27	itération	5	1
27.5	28.5	28 5	itération	28	itération	5	1
28.5	29.5	29 5	itération	29	itération	5	1
29.5	30.5	30 5	itération	30	itération	5	1
30.5	31.5	31 5	itération	31	itération	5	1
31.5	32.5	32 5	itération	32	itération	5	1
32.5	33.5	33 5	itération	33	itération	5	1
33.5	34.5	34 5	itération	34	itération	5	1
34.5	35.5	35 5	itération	35	itération	5	1
35.5	36.5	36 5	itération	36	itération	5	1
36.5	37.5	37 5	itération	37	itération	5	1
37.5	38.5	38 5	itération	38	itération	5	1
38.5	39.5	39 5	itération	39	itération	5	1
39.5	40.5	40 5	itération	40	itération	5	1
-0.5	0.5	0 6	itération	0	itération	6	1
0.5	1.5	1 6	itération	1	itération	6	1
1.5	2.5	2 6	itération	2	itération	6	1
2.5	3.5	3 6	itération	3	itération	6	1
3.5	4.5	4 6	itération	4	itération	6	1
4.5	5.5	5 6	itération	5	itération	6	1
5.5	6.5	1	itération	6	itération	6	1
6.5	7.5	7 6	itération	7	itération	6	1
7.5	8.5	8 6	itération	8	itération	6	1
8.5	9.5	9 6	itération	9	itération	6	1
9.5	10.5	10 6	itération	10	itération	6	1
10.5	11.5	11 6	itération	11	itération	6	1
11.5	12.5	12 6	itération	12	itération	6	1
12.5	13.5	13 6	itération	13	itération	6	1
13.5	14.5	14 6	itération	14	itération	6	1
14.5	15.5	15 6	itération	15	itération	6	1
15.5	16.5	16 6	itération	16	itération	6	1
16.5	17.5	17 6	itération	17	itération	6	1
17.5	18.5	18 6	itération	18	itération	6	1
18.5	19.5	19 6	itération	19	itération	6	1
19.5	20.5	20 6	itération	20	itération	6	1
20.5	21.5	21 6	itération	21	itération	6	1
21.5	22.5	22 6	itération	22	itération	6	1
22.5	23.5	23 6	itération	23	itération	6	1
23.5	24.5	24 6	itération	24	itération	6	1
24.5	25.5	25 6	itération	25	itération	6	1
25.5	26.5	26 6	itération	26	itération	6	1
26.5	27.5	27 6	itération	27	itération	6	1
27.5	28.5	28 6	itération	28	itération	6	1
28.5	29.5	29 6	itération	29	itération	6	1
29.5	30.5	30 6	itération	30	itération	6	1
30.5	31.5	31 6	itération	31	itération	6	1
31.5	32.5	32 6	itération	32	itération	6	1
32.5	33.5	33 6	itération	33	itération	6	1
33.5	34.5	34 6	itération	34	itération	6	1
34.5	35.5	35 6	itération	35	itération	6	1
35.5	36.5	36 6	itération	36	itération	6	1
36.5	37.5	37 6	itération	37	itération	6	1
37.5	38.5	38 6	itération	38	itération	6	1
38.5	39.5	39 6	itération	39	itération	6	1
39.5	40.5	40 6	itération	40	itération	6	1
-0.5	0.5	0 7	itération	0	itération	7	1
0.5	1.5	1 7	itération	1	itération	7	1
1.5	2.5	2 7	itération	2	itération	7	1
2.5	3.5	3 7	itération	3	itération	7	1
3.5	4.5	4 7	itération	4	itération	7	1
4.5	5.5	5 7	itération	5	itération	7	1
5.5	6.5	6 7	itération	6	itération	7	1
6.5	7.5	1	itération	7	itération	7	1
7.5	8.5	8 7	itération	8	itération	7	1
8.5	9.5	9 7	itération	9	itération	7	1
9.5	10.5	10 7	itération	10	itération	7	1
10.5	11.5	11 7	itération	11	itération	7	1
11.5	12.5	12 7	itération	12	itération	7	1
12.5	13.5	13 7	itération	13	itération	7	1
13.5	14.5	14 7	itération	14	itération	7	1
14.5	15.5	15 7	itération	15	itération	7	1
15.5	16.5	16 7	itération	16	itération	7	1
16.5	17.5	17 7	itération	17	itération	7	1
17.5	18.5	18 7	itération	18	itération	7	1
18.5	19.5	19 7	itération	19	itération	7	1
19.5	20.5	20 7	itération	20	itération	7	1
20.5	21.5	21 7	itération	21	itération	7	1
21.5	22.5	22 7	itération	22	itération	7	1
22.5	23.5	23 7	itération	23	itération	7	1
23.5	24.5	24 7	itération	24	itération	7	1
24.5	25.5	25 7	itération	25	itération	7	1
25.5	26.5	26 7	itération	26	itération	7	1
26.5	27.5	27 7	itération	27	itération	7	1
27.5	28.5	28 7	itération	28	itération	7	1
28.5	29.5	29 7	itération	29	itération	7	1
29.5	30.5	30 7	itération	30	itération	7	1
30.5	31.5	31 7	itération	31	itération	7	1
31.5	32.5	32 7	itération	32	itération	7	1
32.5	33.5	33 7	itération	33	itération	7	1
33.5	34.5	34 7	itération	34	itération	7	1
34.5	35.5	35 7	itération	35	itération	7	1
35.5	36.5	36 7	itération	36	itération	7	1
36.5	37.5	37 7	itération	37	itération	7	1
37.5	38.5	38 7	itération	38	itération	7	1
38.5	39.5	39 7	itération	39	itération	7	1
39.5	40.5	40 7	itération	40	itération	7	1
-0.5	0.5	0 8	itération	0	itération	8	1
0.5	1.5	1 8	itération	1	itération	8	1
1.5	2.5	2 8	itération	2	itération	8	1
2.5	3.5	3 8	itération	3	itération	8	1
3.5	4.5	4 8	itération	4	itération	8	1
4.5	5.5	5 8	itération	5	itération	8	1
5.5	6.5	6 8	itération	6	itération	8	1
6.5	7.5	7 8	itération	7	itération	8	1
7.5	8.5	1	itération	8	itération	8	1
8.5	9.5	9 8	itération	9	itération	8	1
9.5	10.5	10 8	itération	10	itération	8	1
10.5	11.5	11 8	itération	11	itération	8	1
11.5	12.5	12 8	itération	12	itération	8	1
12.5	13.5	13 8	itération	13	itération	8	1
13.5	14.5	14 8	itération	14	itération	8	1
14.5	15.5	15 8	itération	15	itération	8	1
15.5	16.5	16 8	itération	16	itération	8	1
16.5	17.5	17 8	itération	17	itération	8	1
17.5	18.5	18 8	itération	18	itération	8	1
18.5	19.5	19 8	itération	19	itération	8	1
19.5	20.5	20 8	itération	20	itération	8	1
20.5	21.5	21 8	itération	21	itération	8	1
21.5	22.5	22 8	itération	22	itération	8	1
22.5	23.5	23 8	itération	23	itération	8	1
23.5	24.5	24 8	itération	24	itération	8	1
24.5	25.5	25 8	itération	25	itération	8	1
25.5	26.5	26 8	itération	26	itération	8	1
26.5	27.5	27 8	itération	27	itération	8	1
27.5	28.5	28 8	itération	28	itération	8	1
28.5	29.5	29 8	itération	29	itération	8	1
29.5	30.5	30 8	itération	30	itération	8	1
30.5	31.5	31 8	itération	31	itération	8	1
31.5	32.5	32 8	itération	32	itération	8	1
32.5	33.5	33 8	itération	33	itération	8	1
33.5	34.5	34 8	itération	34	itération	8	1
34.5	35.5	35 8	itération	35	itération	8	1
35.5	36.5	36 8	itération	36	itération	8	1
36.5	37.5	37 8	itération	37	itération	8	1
37.5	38.5	38 8	itération	38	itération	8	1
38.5	39.5	39 8	itération	39	itération	8	1
39.5	40.5	40 8	itération	40	itération	8	1
-0.5	0.5	0 9	itération	0	itération	9	1
0.5	1.5	1 9	itération	1	itération	9	1
1.5	2.5	2 9	itération	2	itération	9	1
2.5	3.5	3 9	itération	3	itération	9	1
3.5	4.5	4 9	itération	4	itération	9	1
4.5	5.5	5 9	itération	5	itération	9	1
5.5	6.5	6 9	itération	6	itération	9	1
6.5	7.5	7 9	itération	7	itération	9	1
7.5	8.5	8 9	itération	8	itération	9	1
8.5	9.5	1	itération	9	itération	9	1
9.5	10.5	10 9	itération	10	itération	9	1
10.5	11.5	11 9	itération	11	itération	9	1
11.5	12.5	12 9	itération	12	itération	9	1
12.5	13.5	13 9	itération	13	itération	9	1
13.5	14.5	14 9	itération	14	itération	9	1
14.5	15.5	15 9	itération	15	itération	9	1
15.5	16.5	16 9	itération	16	itération	9	1
16.5	17.5	17 9	itération	17	itération	9	1
17.5	18.5	18 9	itération	18	itération	9	1
18.5	19.5	19 9	itération	19	itération	9	1
19.5	20.5	20 9	itération	20	itération	9	1
20.5	21.5	21 9	itération	21	itération	9	1
21.5	22.5	22 9	itération	22	itération	9	1
22.5	23.5	23 9	itération	23	itération	9	1
23.5	24.5	24 9	itération	24	itération	9	1
24.5	25.5	25 9	itération	25	itération	9	1
25.5	26.5	26 9	itération	26	itération	9	1
26.5	27.5	27 9	itération	27	itération	9	1
27.5	28.5	28 9	itération	28	itération	9	1
28.5	29.5	29 9	itération	29	itération	9	1
29.5	30.5	30 9	itération	30	itération	9	1
30.5	31.5	31 9	itération	31	itération	9	1
31.5	32.5	32 9	itération	32	itération	9	1
32.5	33.5	33 9	itération	33	itération	9	1
33.5	34.5	34 9	itération	34	itération	9	1
34.5	35.5	35 9	itération	35	itération	9	1
35.5	36.5	36 9	itération	36	itération	9	1
36.5	37.5	37 9	itération	37	itération	9	1
37.5	38.5	38 9	itération	38	itération	9	1
38.5	39.5	39 9	itération	39	itération	9	1
39.5	40.5	40 9	itération	40	itération	9	1
-0.5	0.5	0 10	itération	0	itération	10	1
0.5	1.5	1 10	itération	1	itération	10	1
1.5	2.5	2 10	itération	2	itération	10	1
2.5	3.5	3 10	itération	3	itération	10	1
3.5	4.5	4 10	itération	4	itération	10	1
4.5	5.5	5 10	itération	5	itération	10	1
5.5	6.5	6 10	itération	6	itération	10	1
6.5	7.5	7 10	itération	7	itération	10	1
7.5	8.5	8 10	itération	8	itération	10	1
8.5	9.5	9 10	itération	9	itération	10	1
9.5	10.5	1	itération	10	itération	10	1
10.5	11.5	11 10	itération	11	itération	10	1
11.5	12.5	12 10	itération	12	itération	10	1
12.5	13.5	13 10	itération	13	itération	10	1
13.5	14.5	14 10	itération	14	itération	10	1
14.5	15.5	15 10	itération	15	itération	10	1
15.5	16.5	16 10	itération	16	itération	10	1
16.5	17.5	17 10	itération	17	itération	10	1
17.5	18.5	18 10	itération	18	itération	10	1
18.5	19.5	19 10	itération	19	itération	10	1
19.5	20.5	20 10	itération	20	itération	10	1
20.5	21.5	21 10	itération	21	itération	10	1
21.5	22.5	22 10	itération	22	itération	10	1
22.5	23.5	23 10	itération	23	itération	10	1
23.5	24.5	24 10	itération	24	itération	10	1
24.5	25.5	25 10	itération	25	itération	10	1
25.5	26.5	26 10	itération	26	itération	10	1
26.5	27.5	27 10	itération	27	itération	10	1
27.5	28.5	28 10	itération	28	itération	10	1
28.5	29.5	29 10	itération	29	itération	10	1
29.5	30.5	30 10	itération	30	itération	10	1
30.5	31.5	31 10	itération	31	itération	10	1
31.5	32.5	32 10	itération	32	itération	10	1
32.5	33.5	33 10	itération	33	itération	10	1
33.5	34.5	34 10	itération	34	itération	10	1
34.5	35.5	35 10	itération	35	itération	10	1
35.5	36.5	36 10	itération	36	itération	10	1
36.5	37.5	37 10	itération	37	itération	10	1
37.5	38.5	38 10	itération	38	itération	10	1
38.5	39.5	39 10	itération	39	itération	10	1
39.5	40.5	40 10	itération	40	itération	10	1
-0.5	0.5	0 11	itération	0	itération	11	1
0.5	1.5	1 11	itération	1	itération	11	1
1.5	2.5	2 11	itération	2	itération	11	1
2.5	3.5	3 11	itération	3	itération	11	1
3.5	4.5	4 11	itération	4	itération	11	1
4.5	5.5	5 11	itération	5	itération	11	1
5.5	6.5	6 11	itération	6	itération	11	1
6.5	7.5	7 11	itération	7	itération	11	1
7.5	8.5	8 11	itération	8	itération	11	1
8.5	9.5	9 11	itération	9	itération	11	1
9.5	10.5	10 11	itération	10	itération	11	1
10.5	11.5	1	itération	11	itération	11	1
11.5	12.5	12 11	itération	12	itération	11	1
12.5	13.5	13 11	itération	13	itération	11	1
13.5	14.5	14 11	itération	14	itération	11	1
14.5	15.5	15 11	itération	15	itération	11	1
15.5	16.5	16 11	itération	16	itération	11	1
16.5	17.5	17 11	itération	17	itération	11	1
17.5	18.5	18 11	itération	18	itération	11	1
18.5	19.5	19 11	itération	19	itération	11	1
19.5	20.5	20 11	itération	20	itération	11	1
20.5	21.5	21 11	itération	21	itération	11	1
21.5	22.5	22 11	itération	22	itération	11	1
22.5	23.5	23 11	itération	23	itération	11	1
23.5	24.5	24 11	itération	24	itération	11	1
24.5	25.5	25 11	itération	25	itération	11	1
25.5	26.5	26 11	itération	26	itération	11	1
26.5	27.5	27 11	itération	27	itération	11	1
27.5	28.5	28 11	itération	28	itération	11	1
28.5	29.5	29 11	itération	29	itération	11	1
29.5	30.5	30 11	itération	30	itération	11	1
30.5	31.5	31 11	itération	31	itération	11	1
31.5	32.5	32 11	itération	32	itération	11	1
32.5	33.5	33 11	itération	33	itération	11	1
33.5	34.5	34 11	itération	34	itération	11	1
34.5	35.5	35 11	itération	35	itération	11	1
35.5	36.5	36 11	itération	36	itération	11	1
36.5	37.5	37 11	itération	37	itération	11	1
37.5	38.5	38 11	itération	38	itération	11	1
38.5	39.5	39 11	itération	39	itération	11	1
39.5	40.5	40 11	itération	40	itération	11	1
-0.5	0.5	0 12	itération	0	itération	12	1
0.5	1.5	1 12	itération	1	itération	12	1
1.5	2.5	2 12	itération	2	itération	12	1
2.5	3.5	3 12	itération	3	itération	12	1
3.5	4.5	4 12	itération	4	itération	12	1
4.5	5.5	5 12	itération	5	itération	12	1
5.5	6.5	6 12	itération	6	itération	12	1
6.5	7.5	7 12	itération	7	itération	12	1
7.5	8.5	8 12	itération	8	itération	12	1
8.5	9.5	9 12	itération	9	itération	12	1
9.5	10.5	10 12	itération	10	itération	12	1
10.5	11.5	11 12	itération	11	itération	12	1
11.5	12.5	1	itération	12	itération	12	1
12.5	13.5	13 12	itération	13	itération	12	1
13.5	14.5	14 12	itération	14	itération	12	1
14.5	15.5	15 12	itération	15	itération	12	1
15.5	16.5	16 12	itération	16	itération	12	1
16.5	17.5	17 12	itération	17	itération	12	1
17.5	18.5	18 12	itération	18	itération	12	1
18.5	19.5	19 12	itération	19	itération	12	1
19.5	20.5	20 12	itération	20	itération	12	1
20.5	21.5	21 12	itération	21	itération	12	1
21.5	22.5	22 12	itération	22	itération	12	1
22.5	23.5	23 12	itération	23	itération	12	1
23.5	24.5	24 12	itération	24	itération	12	1
24.5	25.5	25 12	itération	25	itération	12	1
25.5	26.5	26 12	itération	26	itération	12	1
26.5	27.5	27 12	itération	27	itération	12	1
27.5	28.5	28 12	itération	28	itération	12	1
28.5	29.5	29 12	itération	29	itération	12	1
29.5	30.5	30 12	itération	30	itération	12	1
30.5	31.5	31 12	itération	31	itération	12	1
31.5	32.5	32 12	itération	32	itération	12	1
32.5	33.5	33 12	itération	33	itération	12	1
33.5	34.5	34 12	itération	34	itération	12	1
34.5	35.5	35 12	itération	35	itération	12	1
35.5	36.5	36 12	itération	36	itération	12	1
36.5	37.5	37 12	itération	37	itération	12	1
37.5	38.5	38 12	itération	38	itération	12	1
38.5	39.5	39 12	itération	39	itération	12	1
39.5	40.5	40 12	itération	40	itération	12	1
-0.5	0.5	0 13	itération	0	itération	13	1
0.5	1.5	1 13	itération	1	itération	13	1
1.5	2.5	2 13	itération	2	itération	13	1
2.5	3.5	3 13	itération	3	itération	13	1
3.5	4.5	4 13	itération	4	itération	13	1
4.5	5.5	5 13	itération	5	itération	13	1
5.5	6.5	6 13	itération	6	itération	13	1
6.5	7.5	7 13	itération	7	itération	13	1
7.5	8.5	8 13	itération	8	itération	13	1
8.5	9.5	9 13	itération	9	itération	13	1
9.5	10.5	10 13	itération	10	itération	13	1
10.5	11.5	11 13	itération	11	itération	13	1
11.5	12.5	12 13	itération	12	itération	13	1
12.5	13.5	1	itération	13	itération	13	1
13.5	14.5	14 13	itération	14	itération	13	1
14.5	15.5	15 13	itération	15	itération	13	1
15.5	16.5	16 13	itération	16	itération	13	1
16.5	17.5	17 13	itération	17	itération	13	1
17.5	18.5	18 13	itération	18	itération	13	1
18.5	19.5	19 13	itération	19	itération	13	1
19.5	20.5	20 13	itération	20	itération	13	1
20.5	21.5	21 13	itération	21	itération	13	1
21.5	22.5	22 13	itération	22	itération	13	1
22.5	23.5	23 13	itération	23	itération	13	1
23.5	24.5	24 13	itération	24	itération	13	1
24.5	25.5	25 13	itération	25	itération	13	1
25.5	26.5	26 13	itération	26	itération	13	1
26.5	27.5	27 13	itération	27	itération	13	1
27.5	28.5	28 13	itération	28	itération	13	1
28.5	29.5	29 13	itération	29	itération	13	1
29.5	30.5	30 13	itération	30	itération	13	1
30.5	31.5	31 13	itération	31	itération	13	1
31.5	32.5	32 13	itération	32	itération	13	1
32.5	33.5	33 13	itération	33	itération	13	1
33.5	34.5	34 13	itération	34	itération	13	1
34.5	35.5	35 13	itération	35	itération	13	1
35.5	36.5	36 13	itération	36	itération	13	1
36.5	37.5	37 13	itération	37	itération	13	1
37.5	38.5	38 13	itération	38	itération	13	1
38.5	39.5	39 13	itération	39	itération	13	1
39.5	40.5	40 13	itération	40	itération	13	1
-0.5	0.5	0 14	itération	0	itération	14	1
0.5	1.5	1 14	itération	1	itération	14	1
1.5	2.5	2 14	itération	2	itération	14	1
2.5	3.5	3 14	itération	3	itération	14	1
3.5	4.5	4 14	itération	4	itération	14	1
4.5	5.5	5 14	itération	5	itération	14	1
5.5	6.5	6 14	itération	6	itération	14	1
6.5	7.5	7 14	itération	7	itération	14	1
7.5	8.5	8 14	itération	8	itération	14	1
8.5	9.5	9 14	itération	9	itération	14	1
9.5	10.5	10 14	itération	10	itération	14	1
10.5	11.5	11 14	itération	11	itération	14	1
11.5	12.5	12 14	itération	12	itération	14	1
12.5	13.5	13 14	itération	13	itération	14	1
13.5	14.5	1	itération	14	itération	14	1
14.5	15.5	15 14	itération	15	itération	14	1
15.5	16.5	16 14	itération	16	itération	14	1
16.5	17.5	17 14	itération	17	itération	14	1
17.5	18.5	18 14	itération	18	itération	14	1
18.5	19.5	19 14	itération	19	itération	14	1
19.5	20.5	20 14	itération	20	itération	14	1
20.5	21.5	21 14	itération	21	itération	14	1
21.5	22.5	22 14	itération	22	itération	14	1
22.5	23.5	23 14	itération	23	itération	14	1
23.5	24.5	24 14	itération	24	itération	14	1
24.5	25.5	25 14	itération	25	itération	14	1
25.5	26.5	26 14	itération	26	itération	14	1
26.5	27.5	27 14	itération	27	itération	14	1
27.5	28.5	28 14	itération	28	itération	14	1
28.5	29.5	29 14	itération	29	itération	14	1
29.5	30.5	30 14	itération	30	itération	14	1
30.5	31.5	31 14	itération	31	itération	14	1
31.5	32.5	32 14	itération	32	itération	14	1
32.5	33.5	33 14	itération	33	itération	14	1
33.5	34.5	34 14	itération	34	itération	14	1
34.5	35.5	35 14	itération	35	itération	14	1
35.5	36.5	36 14	itération	36	itération	14	1
36.5	37.5	37 14	itération	37	itération	14	1
37.5	38.5	38 14	itération	38	itération	14	1
38.5	39.5	39 14	itération	39	itération	14	1
39.5	40.5	40 14	itération	40	itération	14	1
-0.5	0.5	0 15	itération	0	itération	15	1
0.5	1.5	1 15	itération	1	itération	15	1
1.5	2.5	2 15	itération	2	itération	15	1
2.5	3.5	3 15	itération	3	itération	15	1
3.5	4.5	4 15	itération	4	itération	15	1
4.5	5.5	5 15	itération	5	itération	15	1
5.5	6.5	6 15	itération	6	itération	15	1
6.5	7.5	7 15	itération	7	itération	15	1
7.5	8.5	8 15	itération	8	itération	15	1
8.5	9.5	9 15	itération	9	itération	15	1
9.5	10.5	10 15	itération	10	itération	15	1
10.5	11.5	11 15	itération	11	itération	15	1
11.5	12.5	12 15	itération	12	itération	15	1
12.5	13.5	13 15	itération	13	itération	15	1
13.5	14.5	14 15	itération	14	itération	15	1
14.5	15.5	1	itération	15	itération	15	1
15.5	16.5	16 15	itération	16	itération	15	1
16.5	17.5	17 15	itération	17	itération	15	1
17.5	18.5	18 15	itération	18	itération	15	1
18.5	19.5	19 15	itération	19	itération	15	1
19.5	20.5	20 15	itération	20	itération	15	1
20.5	21.5	21 15	itération	21	itération	15	1
21.5	22.5	22 15	itération	22	itération	15	1
22.5	23.5	23 15	itération	23	itération	15	1
23.5	24.5	24 15	itération	24	itération	15	1
24.5	25.5	25 15	itération	25	itération	15	1
25.5	26.5	26 15	itération	26	itération	15	1
26.5	27.5	27 15	itération	27	itération	15	1
27.5	28.5	28 15	itération	28	itération	15	1
28.5	29.5	29 15	itération	29	itération	15	1
29.5	30.5	30 15	itération	30	itération	15	1
30.5	31.5	31 15	itération	31	itération	15	1
31.5	32.5	32 15	itération	32	itération	15	1
32.5	33.5	33 15	itération	33	itération	15	1
33.5	34.5	34 15	itération	34	itération	15	1
34.5	35.5	35 15	itération	35	itération	15	1
35.5	36.5	36 15	itération	36	itération	15	1
36.5	37.5	37 15	itération	37	itération	15	1
37.5	38.5	38 15	itération	38	itération	15	1
38.5	39.5	39 15	itération	39	itération	15	1
39.5	40.5	40 15	itération	40	itération	15	1
-0.5	0.5	0 16	itération	0	itération	16	1
0.5	1.5	1 16	itération	1	itération	16	1
1.5	2.5	2 16	itération	2	itération	16	1
2.5	3.5	3 16	itération	3	itération	16	1
3.5	4.5	4 16	itération	4	itération	16	1
4.5	5.5	5 16	itération	5	itération	16	1
5.5	6.5	6 16	itération	6	itération	16	1
6.5	7.5	7 16	itération	7	itération	16	1
7.5	8.5	8 16	itération	8	itération	16	1
8.5	9.5	9 16	itération	9	itération	16	1
9.5	10.5	10 16	itération	10	itération	16	1
10.5	11.5	11 16	itération	11	itération	16	1
11.5	12.5	12 16	itération	12	itération	16	1
12.5	13.5	13 16	itération	13	itération	16	1
13.5	14.5	14 16	itération	14	itération	16	1
14.5	15.5	15 16	itération	15	itération	16	1
15.5	16.5	1	itération	16	itération	16	1
16.5	17.5	17 16	itération	17	itération	16	1
17.5	18.5	18 16	itération	18	itération	16	1
18.5	19.5	19 16	itération	19	itération	16	1
19.5	20.5	20 16	itération	20	itération	16	1
20.5	21.5	21 16	itération	21	itération	16	1
21.5	22.5	22 16	itération	22	itération	16	1
22.5	23.5	23 16	itération	23	itération	16	1
23.5	24.5	24 16	itération	24	itération	16	1
24.5	25.5	25 16	itération	25	itération	16	1
25.5	26.5	26 16	itération	26	itération	16	1
26.5	27.5	27 16	itération	27	itération	16	1
27.5	28.5	28 16	itération	28	itération	16	1
28.5	29.5	29 16	itération	29	itération	16	1
29.5	30.5	30 16	itération	30	itération	16	1
30.5	31.5	31 16	itération	31	itération	16	1
31.5	32.5	32 16	itération	32	itération	16	1
32.5	33.5	33 16	itération	33	itération	16	1
33.5	34.5	34 16	itération	34	itération	16	1
34.5	35.5	35 16	itération	35	itération	16	1
35.5	36.5	36 16	itération	36	itération	16	1
36.5	37.5	37 16	itération	37	itération	16	1
37.5	38.5	38 16	itération	38	itération	16	1
38.5	39.5	39 16	itération	39	itération	16	1
39.5	40.5	40 16	itération	40	itération	16	1
-0.5	0.5	0 17	itération	0	itération	17	1
0.5	1.5	1 17	itération	1	itération	17	1
1.5	2.5	2 17	itération	2	itération	17	1
2.5	3.5	3 17	itération	3	itération	17	1
3.5	4.5	4 17	itération	4	itération	17	1
4.5	5.5	5 17	itération	5	itération	17	1
5.5	6.5	6 17	itération	6	itération	17	1
6.5	7.5	7 17	itération	7	itération	17	1
7.5	8.5	8 17	itération	8	itération	17	1
8.5	9.5	9 17	itération	9	itération	17	1
9.5	10.5	10 17	itération	10	itération	17	1
10.5	11.5	11 17	itération	11	itération	17	1
11.5	12.5	12 17	itération	12	itération	17	1
12.5	13.5	13 17	itération	13	itération	17	1
13.5	14.5	14 17	itération	14	itération	17	1
14.5	15.5	15 17	itération	15	itération	17	1
15.5	16.5	16 17	itération	16	itération	17	1
16.5	17.5	1	itération	17	itération	17	1
17.5	18.5	18 17	itération	18	itération	17	1
18.5	19.5	19 17	itération	19	itération	17	1
19.5	20.5	20 17	itération	20	itération	17	1
20.5	21.5	21 17	itération	21	itération	17	1
21.5	22.5	22 17	itération	22	itération	17	1
22.5	23.5	23 17	itération	23	itération	17	1
23.5	24.5	24 17	itération	24	itération	17	1
24.5	25.5	25 17	itération	25	itération	17	1
25.5	26.5	26 17	itération	26	itération	17	1
26.5	27.5	27 17	itération	27	itération	17	1
27.5	28.5	28 17	itération	28	itération	17	1
28.5	29.5	29 17	itération	29	itération	17	1
29.5	30.5	30 17	itération	30	itération	17	1
30.5	31.5	31 17	itération	31	itération	17	1
31.5	32.5	32 17	itération	32	itération	17	1
32.5	33.5	33 17	itération	33	itération	17	1
33.5	34.5	34 17	itération	34	itération	17	1
34.5	35.5	35 17	itération	35	itération	17	1
35.5	36.5	36 17	itération	36	itération	17	1
36.5	37.5	37 17	itération	37	itération	17	1
37.5	38.5	38 17	itération	38	itération	17	1
38.5	39.5	39 17	itération	39	itération	17	1
39.5	40.5	40 17	itération	40	itération	17	1
-0.5	0.5	0 18	itération	0	itération	18	1
0.5	1.5	1 18	itération	1	itération	18	1
1.5	2.5	2 18	itération	2	itération	18	1
2.5	3.5	3 18	itération	3	itération	18	1
3.5	4.5	4 18	itération	4	itération	18	1
4.5	5.5	5 18	itération	5	itération	18	1
5.5	6.5	6 18	itération	6	itération	18	1
6.5	7.5	7 18	itération	7	itération	18	1
7.5	8.5	8 18	itération	8	itération	18	1
8.5	9.5	9 18	itération	9	itération	18	1
9.5	10.5	10 18	itération	10	itération	18	1
10.5	11.5	11 18	itération	11	itération	18	1
11.5	12.5	12 18	itération	12	itération	18	1
12.5	13.5	13 18	itération	13	itération	18	1
13.5	14.5	14 18	itération	14	itération	18	1
14.5	15.5	15 18	itération	15	itération	18	1
15.5	16.5	16 18	itération	16	itération	18	1
16.5	17.5	17 18	itération	17	itération	18	1
17.5	18.5	1	itération	18	itération	18	1
18.5	19.5	19 18	itération	19	itération	18	1
19.5	20.5	20 18	itération	20	itération	18	1
20.5	21.5	21 18	itération	21	itération	18	1
21.5	22.5	22 18	itération	22	itération	18	1
22.5	23.5	23 18	itération	23	itération	18	1
23.5	24.5	24 18	itération	24	itération	18	1
24.5	25.5	25 18	itération	25	itération	18	1
25.5	26.5	26 18	itération	26	itération	18	1
26.5	27.5	27 18	itération	27	itération	18	1
27.5	28.5	28 18	itération	28	itération	18	1
28.5	29.5	29 18	itération	29	itération	18	1
29.5	30.5	30 18	itération	30	itération	18	1
30.5	31.5	31 18	itération	31	itération	18	1
31.5	32.5	32 18	itération	32	itération	18	1
32.5	33.5	33 18	itération	33	itération	18	1
33.5	34.5	34 18	itération	34	itération	18	1
34.5	35.5	35 18	itération	35	itération	18	1
35.5	36.5	36 18	itération	36	itération	18	1
36.5	37.5	37 18	itération	37	itération	18	1
37.5	38.5	38 18	itération	38	itération	18	1
38.5	39.5	39 18	itération	39	itération	18	1
39.5	40.5	40 18	itération	40	itération	18	1
-0.5	0.5	0 19	itération	0	itération	19	1
0.5	1.5	1 19	itération	1	itération	19	1
1.5	2.5	2 19	itération	2	itération	19	1
2.5	3.5	3 19	itération	3	itération	19	1
3.5	4.5	4 19	itération	4	itération	19	1
4.5	5.5	5 19	itération	5	itération	19	1
5.5	6.5	6 19	itération	6	itération	19	1
6.5	7.5	7 19	itération	7	itération	19	1
7.5	8.5	8 19	itération	8	itération	19	1
8.5	9.5	9 19	itération	9	itération	19	1
9.5	10.5	10 19	itération	10	itération	19	1
10.5	11.5	11 19	itération	11	itération	19	1
11.5	12.5	12 19	itération	12	itération	19	1
12.5	13.5	13 19	itération	13	itération	19	1
13.5	14.5	14 19	itération	14	itération	19	1
14.5	15.5	15 19	itération	15	itération	19	1
15.5	16.5	16 19	itération	16	itération	19	1
16.5	17.5	17 19	itération	17	itération	19	1
17.5	18.5	18 19	itération	18	itération	19	1
18.5	19.5	1	itération	19	itération	19	1
19.5	20.5	20 19	itération	20	itération	19	1
20.5	21.5	21 19	itération	21	itération	19	1
21.5	22.5	22 19	itération	22	itération	19	1
22.5	23.5	23 19	itération	23	itération	19	1
23.5	24.5	24 19	itération	24	itération	19	1
24.5	25.5	25 19	itération	25	itération	19	1
25.5	26.5	26 19	itération	26	itération	19	1
26.5	27.5	27 19	itération	27	itération	19	1
27.5	28.5	28 19	itération	28	itération	19	1
28.5	29.5	29 19	itération	29	itération	19	1
29.5	30.5	30 19	itération	30	itération	19	1
30.5	31.5	31 19	itération	31	itération	19	1
31.5	32.5	32 19	itération	32	itération	19	1
32.5	33.5	33 19	itération	33	itération	19	1
33.5	34.5	34 19	itération	34	itération	19	1
34.5	35.5	35 19	itération	35	itération	19	1
35.5	36.5	36 19	itération	36	itération	19	1
36.5	37.5	37 19	itération	37	itération	19	1
37.5	38.5	38 19	itération	38	itération	19	1
38.5	39.5	39 19	itération	39	itération	19	1
39.5	40.5	40 19	itération	40	itération	19	1
-0.5	0.5	0 20	itération	0	itération	20	1
0.5	1.5	1 20	itération	1	itération	20	1
1.5	2.5	2 20	itération	2	itération	20	1
2.5	3.5	3 20	itération	3	itération	20	1
3.5	4.5	4 20	itération	4	itération	20	1
4.5	5.5	5 20	itération	5	itération	20	1
5.5	6.5	6 20	itération	6	itération	20	1
6.5	7.5	7 20	itération	7	itération	20	1
7.5	8.5	8 20	itération	8	itération	20	1
8.5	9.5	9 20	itération	9	itération	20	1
9.5	10.5	10 20	itération	10	itération	20	1
10.5	11.5	11 20	itération	11	itération	20	1
11.5	12.5	12 20	itération	12	itération	20	1
12.5	13.5	13 20	itération	13	itération	20	1
13.5	14.5	14 20	itération	14	itération	20	1
14.5	15.5	15 20	itération	15	itération	20	1
15.5	16.5	16 20	itération	16	itération	20	1
16.5	17.5	17 20	itération	17	itération	20	1
17.5	18.5	18 20	itération	18	itération	20	1
18.5	19.5	19 20	itération	19	itération	20	1
19.5	20.5	1	itération	20	itération	20	1
20.5	21.5	21 20	itération	21	itération	20	1
21.5	22.5	22 20	itération	22	itération	20	1
22.5	23.5	23 20	itération	23	itération	20	1
23.5	24.5	24 20	itération	24	itération	20	1
24.5	25.5	25 20	itération	25	itération	20	1
25.5	26.5	26 20	itération	26	itération	20	1
26.5	27.5	27 20	itération	27	itération	20	1
27.5	28.5	28 20	itération	28	itération	20	1
28.5	29.5	29 20	itération	29	itération	20	1
29.5	30.5	30 20	itération	30	itération	20	1
30.5	31.5	31 20	itération	31	itération	20	1
31.5	32.5	32 20	itération	32	itération	20	1
32.5	33.5	33 20	itération	33	itération	20	1
33.5	34.5	34 20	itération	34	itération	20	1
34.5	35.5	35 20	itération	35	itération	20	1
35.5	36.5	36 20	itération	36	itération	20	1
36.5	37.5	37 20	itération	37	itération	20	1
37.5	38.5	38 20	itération	38	itération	20	1
38.5	39.5	39 20	itération	39	itération	20	1
39.5	40.5	40 20	itération	40	itération	20	1
-0.5	0.5	0 21	itération	0	itération	21	1
0.5	1.5	1 21	itération	1	itération	21	1
1.5	2.5	2 21	itération	2	itération	21	1
2.5	3.5	3 21	itération	3	itération	21	1
3.5	4.5	4 21	itération	4	itération	21	1
4.5	5.5	5 21	itération	5	itération	21	1
5.5	6.5	6 21	itération	6	itération	21	1
6.5	7.5	7 21	itération	7	itération	21	1
7.5	8.5	8 21	itération	8	itération	21	1
8.5	9.5	9 21	itération	9	itération	21	1
9.5	10.5	10 21	itération	10	itération	21	1
10.5	11.5	11 21	itération	11	itération	21	1
11.5	12.5	12 21	itération	12	itération	21	1
12.5	13.5	13 21	itération	13	itération	21	1
13.5	14.5	14 21	itération	14	itération	21	1
14.5	15.5	15 21	itération	15	itération	21	1
15.5	16.5	16 21	itération	16	itération	21	1
16.5	17.5	17 21	itération	17	itération	21	1
17.5	18.5	18 21	itération	18	itération	21	1
18.5	19.5	19 21	itération	19	itération	21	1
19.5	20.5	20 21	itération	20	itération	21	1
20.5	21.5	1	itération	21	itération	21	1
21.5	22.5	22 21	itération	22	itération	21	1
22.5	23.5	23 21	itération	23	itération	21	1
23.5	24.5	24 21	itération	24	itération	21	1
24.5	25.5	25 21	itération	25	itération	21	1
25.5	26.5	26 21	itération	26	itération	21	1
26.5	27.5	27 21	itération	27	itération	21	1
27.5	28.5	28 21	itération	28	itération	21	1
28.5	29.5	29 21	itération	29	itération	21	1
29.5	30.5	30 21	itération	30	itération	21	1
30.5	31.5	31 21	itération	31	itération	21	1
31.5	32.5	32 21	itération	32	itération	21	1
32.5	33.5	33 21	itération	33	itération	21	1
33.5	34.5	34 21	itération	34	itération	21	1
34.5	35.5	35 21	itération	35	itération	21	1
35.5	36.5	36 21	itération	36	itération	21	1
36.5	37.5	37 21	itération	37	itération	21	1
37.5	38.5	38 21	itération	38	itération	21	1
38.5	39.5	39 21	itération	39	itération	21	1
39.5	40.5	40 21	itération	40	itération	21	1
-0.5	0.5	0 22	itération	0	itération	22	1
0.5	1.5	1 22	itération	1	itération	22	1
1.5	2.5	2 22	itération	2	itération	22	1
2.5	3.5	3 22	itération	3	itération	22	1
3.5	4.5	4 22	itération	4	itération	22	1
4.5	5.5	5 22	itération	5	itération	22	1
5.5	6.5	6 22	itération	6	itération	22	1
6.5	7.5	7 22	itération	7	itération	22	1
7.5	8.5	8 22	itération	8	itération	22	1
8.5	9.5	9 22	itération	9	itération	22	1
9.5	10.5	10 22	itération	10	itération	22	1
10.5	11.5	11 22	itération	11	itération	22	1
11.5	12.5	12 22	itération	12	itération	22	1
12.5	13.5	13 22	itération	13	itération	22	1
13.5	14.5	14 22	itération	14	itération	22	1
14.5	15.5	15 22	itération	15	itération	22	1
15.5	16.5	16 22	itération	16	itération	22	1
16.5	17.5	17 22	itération	17	itération	22	1
17.5	18.5	18 22	itération	18	itération	22	1
18.5	19.5	19 22	itération	19	itération	22	1
19.5	20.5	20 22	itération	20	itération	22	1
20.5	21.5	21 22	itération	21	itération	22	1
21.5	22.5	1	itération	22	itération	22	1
22.5	23.5	23 22	itération	23	itération	22	1
23.5	24.5	24 22	itération	24	itération	22	1
24.5	25.5	25 22	itération	25	itération	22	1
25.5	26.5	26 22	itération	26	itération	22	1
26.5	27.5	27 22	itération	27	itération	22	1
27.5	28.5	28 22	itération	28	itération	22	1
28.5	29.5	29 22	itération	29	itération	22	1
29.5	30.5	30 22	itération	30	itération	22	1
30.5	31.5	31 22	itération	31	itération	22	1
31.5	32.5	32 22	itération	32	itération	22	1
32.5	33.5	33 22	itération	33	itération	22	1
33.5	34.5	34 22	itération	34	itération	22	1
34.5	35.5	35 22	itération	35	itération	22	1
35.5	36.5	36 22	itération	36	itération	22	1
36.5	37.5	37 22	itération	37	itération	22	1
37.5	38.5	38 22	itération	38	itération	22	1
38.5	39.5	39 22	itération	39	itération	22	1
39.5	40.5	40 22	itération	40	itération	22	1
-0.5	0.5	0 23	itération	0	itération	23	1
0.5	1.5	1 23	itération	1	itération	23	1
1.5	2.5	2 23	itération	2	itération	23	1
2.5	3.5	3 23	itération	3	itération	23	1
3.5	4.5	4 23	itération	4	itération	23	1
4.5	5.5	5 23	itération	5	itération	23	1
5.5	6.5	6 23	itération	6	itération	23	1
6.5	7.5	7 23	itération	7	itération	23	1
7.5	8.5	8 23	itération	8	itération	23	1
8.5	9.5	9 23	itération	9	itération	23	1
9.5	10.5	10 23	itération	10	itération	23	1
10.5	11.5	11 23	itération	11	itération	23	1
11.5	12.5	12 23	itération	12	itération	23	1
12.5	13.5	13 23	itération	13	itération	23	1
13.5	14.5	14 23	itération	14	itération	23	1
14.5	15.5	15 23	itération	15	itération	23	1
15.5	16.5	16 23	itération	16	itération	23	1
16.5	17.5	17 23	itération	17	itération	23	1
17.5	18.5	18 23	itération	18	itération	23	1
18.5	19.5	19 23	itération	19	itération	23	1
19.5	20.5	20 23	itération	20	itération	23	1
20.5	21.5	21 23	itération	21	itération	23	1
21.5	22.5	22 23	itération	22	itération	23	1
22.5	23.5	1	itération	23	itération	23	1
23.5	24.5	24 23	itération	24	itération	23	1
24.5	25.5	25 23	itération	25	itération	23	1
25.5	26.5	26 23	itération	26	itération	23	1
26.5	27.5	27 23	itération	27	itération	23	1
27.5	28.5	28 23	itération	28	itération	23	1
28.5	29.5	29 23	itération	29	itération	23	1
29.5	30.5	30 23	itération	30	itération	23	1
30.5	31.5	31 23	itération	31	itération	23	1
31.5	32.5	32 23	itération	32	itération	23	1
32.5	33.5	33 23	itération	33	itération	23	1
33.5	34.5	34 23	itération	34	itération	23	1
34.5	35.5	35 23	itération	35	itération	23	1
35.5	36.5	36 23	itération	36	itération	23	1
36.5	37.5	37 23	itération	37	itération	23	1
37.5	38.5	38 23	itération	38	itération	23	1
38.5	39.5	39 23	itération	39	itération	23	1
39.5	40.5	40 23	itération	40	itération	23	1
-0.5	0.5	0 24	itération	0	itération	24	1
0.5	1.5	1 24	itération	1	itération	24	1
1.5	2.5	2 24	itération	2	itération	24	1
2.5	3.5	3 24	itération	3	itération	24	1
3.5	4.5	4 24	itération	4	itération	24	1
4.5	5.5	5 24	itération	5	itération	24	1
5.5	6.5	6 24	itération	6	itération	24	1
6.5	7.5	7 24	itération	7	itération	24	1
7.5	8.5	8 24	itération	8	itération	24	1
8.5	9.5	9 24	itération	9	itération	24	1
9.5	10.5	10 24	itération	10	itération	24	1
10.5	11.5	11 24	itération	11	itération	24	1
11.5	12.5	12 24	itération	12	itération	24	1
12.5	13.5	13 24	itération	13	itération	24	1
13.5	14.5	14 24	itération	14	itération	24	1
14.5	15.5	15 24	itération	15	itération	24	1
15.5	16.5	16 24	itération	16	itération	24	1
16.5	17.5	17 24	itération	17	itération	24	1
17.5	18.5	18 24	itération	18	itération	24	1
18.5	19.5	19 24	itération	19	itération	24	1
19.5	20.5	20 24	itération	20	itération	24	1
20.5	21.5	21 24	itération	21	itération	24	1
21.5	22.5	22 24	itération	22	itération	24	1
22.5	23.5	23 24	itération	23	itération	24	1
23.5	24.5	1	itération	24	itération	24	1
24.5	25.5	25 24	itération	25	itération	24	1
25.5	26.5	26 24	itération	26	itération	24	1
26.5	27.5	27 24	itération	27	itération	24	1
27.5	28.5	28 24	itération	28	itération	24	1
28.5	29.5	29 24	itération	29	itération	24	1
29.5	30.5	30 24	itération	30	itération	24	1
30.5	31.5	31 24	itération	31	itération	24	1
31.5	32.5	32 24	itération	32	itération	24	1
32.5	33.5	33 24	itération	33	itération	24	1
33.5	34.5	34 24	itération	34	itération	24	1
34.5	35.5	35 24	itération	35	itération	24	1
35.5	36.5	36 24	itération	36	itération	24	1
36.5	37.5	37 24	itération	37	itération	24	1
37.5	38.5	38 24	itération	38	itération	24	1
38.5	39.5	39 24	itération	39	itération	24	1
39.5	40.5	40 24	itération	40	itération	24	1
-0.5	0.5	0 25	itération	0	itération	25	1
0.5	1.5	1 25	itération	1	itération	25	1
1.5	2.5	2 25	itération	2	itération	25	1
2.5	3.5	3 25	itération	3	itération	25	1
3.5	4.5	4 25	itération	4	itération	25	1
4.5	5.5	5 25	itération	5	itération	25	1
5.5	6.5	6 25	itération	6	itération	25	1
6.5	7.5	7 25	itération	7	itération	25	1
7.5	8.5	8 25	itération	8	itération	25	1
8.5	9.5	9 25	itération	9	itération	25	1
9.5	10.5	10 25	itération	10	itération	25	1
10.5	11.5	11 25	itération	11	itération	25	1
11.5	12.5	12 25	itération	12	itération	25	1
12.5	13.5	13 25	itération	13	itération	25	1
13.5	14.5	14 25	itération	14	itération	25	1
14.5	15.5	15 25	itération	15	itération	25	1
15.5	16.5	16 25	itération	16	itération	25	1
16.5	17.5	17 25	itération	17	itération	25	1
17.5	18.5	18 25	itération	18	itération	25	1
18.5	19.5	19 25	itération	19	itération	25	1
19.5	20.5	20 25	itération	20	itération	25	1
20.5	21.5	21 25	itération	21	itération	25	1
21.5	22.5	22 25	itération	22	itération	25	1
22.5	23.5	23 25	itération	23	itération	25	1
23.5	24.5	24 25	itération	24	itération	25	1
24.5	25.5	1	itération	25	itération	25	1
25.5	26.5	26 25	itération	26	itération	25	1
26.5	27.5	27 25	itération	27	itération	25	1
27.5	28.5	28 25	itération	28	itération	25	1
28.5	29.5	29 25	itération	29	itération	25	1
29.5	30.5	30 25	itération	30	itération	25	1
30.5	31.5	31 25	itération	31	itération	25	1
31.5	32.5	32 25	itération	32	itération	25	1
32.5	33.5	33 25	itération	33	itération	25	1
33.5	34.5	34 25	itération	34	itération	25	1
34.5	35.5	35 25	itération	35	itération	25	1
35.5	36.5	36 25	itération	36	itération	25	1
36.5	37.5	37 25	itération	37	itération	25	1
37.5	38.5	38 25	itération	38	itération	25	1
38.5	39.5	39 25	itération	39	itération	25	1
39.5	40.5	40 25	itération	40	itération	25	1
-0.5	0.5	0 26	itération	0	itération	26	1
0.5	1.5	1 26	itération	1	itération	26	1
1.5	2.5	2 26	itération	2	itération	26	1
2.5	3.5	3 26	itération	3	itération	26	1
3.5	4.5	4 26	itération	4	itération	26	1
4.5	5.5	5 26	itération	5	itération	26	1
5.5	6.5	6 26	itération	6	itération	26	1
6.5	7.5	7 26	itération	7	itération	26	1
7.5	8.5	8 26	itération	8	itération	26	1
8.5	9.5	9 26	itération	9	itération	26	1
9.5	10.5	10 26	itération	10	itération	26	1
10.5	11.5	11 26	itération	11	itération	26	1
11.5	12.5	12 26	itération	12	itération	26	1
12.5	13.5	13 26	itération	13	itération	26	1
13.5	14.5	14 26	itération	14	itération	26	1
14.5	15.5	15 26	itération	15	itération	26	1
15.5	16.5	16 26	itération	16	itération	26	1
16.5	17.5	17 26	itération	17	itération	26	1
17.5	18.5	18 26	itération	18	itération	26	1
18.5	19.5	19 26	itération	19	itération	26	1
19.5	20.5	20 26	itération	20	itération	26	1
20.5	21.5	21 26	itération	21	itération	26	1
21.5	22.5	22 26	itération	22	itération	26	1
22.5	23.5	23 26	itération	23	itération	26	1
23.5	24.5	24 26	itération	24	itération	26	1
24.5	25.5	25 26	itération	25	itération	26	1
25.5	26.5	1	itération	26	itération	26	1
26.5	27.5	27 26	itération	27	itération	26	1
27.5	28.5	28 26	itération	28	itération	26	1
28.5	29.5	29 26	itération	29	itération	26	1
29.5	30.5	30 26	itération	30	itération	26	1
30.5	31.5	31 26	itération	31	itération	26	1
31.5	32.5	32 26	itération	32	itération	26	1
32.5	33.5	33 26	itération	33	itération	26	1
33.5	34.5	34 26	itération	34	itération	26	1
34.5	35.5	35 26	itération	35	itération	26	1
35.5	36.5	36 26	itération	36	itération	26	1
36.5	37.5	37 26	itération	37	itération	26	1
37.5	38.5	38 26	itération	38	itération	26	1
38.5	39.5	39 26	itération	39	itération	26	1
39.5	40.5	40 26	itération	40	itération	26	1
-0.5	0.5	0 27	itération	0	itération	27	1
0.5	1.5	1 27	itération	1	itération	27	1
1.5	2.5	2 27	itération	2	itération	27	1
2.5	3.5	3 27	itération	3	itération	27	1
3.5	4.5	4 27	itération	4	itération	27	1
4.5	5.5	5 27	itération	5	itération	27	1
5.5	6.5	6 27	itération	6	itération	27	1
6.5	7.5	7 27	itération	7	itération	27	1
7.5	8.5	8 27	itération	8	itération	27	1
8.5	9.5	9 27	itération	9	itération	27	1
9.5	10.5	10 27	itération	10	itération	27	1
10.5	11.5	11 27	itération	11	itération	27	1
11.5	12.5	12 27	itération	12	itération	27	1
12.5	13.5	13 27	itération	13	itération	27	1
13.5	14.5	14 27	itération	14	itération	27	1
14.5	15.5	15 27	itération	15	itération	27	1
15.5	16.5	16 27	itération	16	itération	27	1
16.5	17.5	17 27	itération	17	itération	27	1
17.5	18.5	18 27	itération	18	itération	27	1
18.5	19.5	19 27	itération	19	itération	27	1
19.5	20.5	20 27	itération	20	itération	27	1
20.5	21.5	21 27	itération	21	itération	27	1
21.5	22.5	22 27	itération	22	itération	27	1
22.5	23.5	23 27	itération	23	itération	27	1
23.5	24.5	24 27	itération	24	itération	27	1
24.5	25.5	25 27	itération	25	itération	27	1
25.5	26.5	26 27	itération	26	itération	27	1
26.5	27.5	1	itération	27	itération	27	1
27.5	28.5	28 27	itération	28	itération	27	1
28.5	29.5	29 27	itération	29	itération	27	1
29.5	30.5	30 27	itération	30	itération	27	1
30.5	31.5	31 27	itération	31	itération	27	1
31.5	32.5	32 27	itération	32	itération	27	1
32.5	33.5	33 27	itération	33	itération	27	1
33.5	34.5	34 27	itération	34	itération	27	1
34.5	35.5	35 27	itération	35	itération	27	1
35.5	36.5	36 27	itération	36	itération	27	1
36.5	37.5	37 27	itération	37	itération	27	1
37.5	38.5	38 27	itération	38	itération	27	1
38.5	39.5	39 27	itération	39	itération	27	1
39.5	40.5	40 27	itération	40	itération	27	1
-0.5	0.5	0 28	itération	0	itération	28	1
0.5	1.5	1 28	itération	1	itération	28	1
1.5	2.5	2 28	itération	2	itération	28	1
2.5	3.5	3 28	itération	3	itération	28	1
3.5	4.5	4 28	itération	4	itération	28	1
4.5	5.5	5 28	itération	5	itération	28	1
5.5	6.5	6 28	itération	6	itération	28	1
6.5	7.5	7 28	itération	7	itération	28	1
7.5	8.5	8 28	itération	8	itération	28	1
8.5	9.5	9 28	itération	9	itération	28	1
9.5	10.5	10 28	itération	10	itération	28	1
10.5	11.5	11 28	itération	11	itération	28	1
11.5	12.5	12 28	itération	12	itération	28	1
12.5	13.5	13 28	itération	13	itération	28	1
13.5	14.5	14 28	itération	14	itération	28	1
14.5	15.5	15 28	itération	15	itération	28	1
15.5	16.5	16 28	itération	16	itération	28	1
16.5	17.5	17 28	itération	17	itération	28	1
17.5	18.5	18 28	itération	18	itération	28	1
18.5	19.5	19 28	itération	19	itération	28	1
19.5	20.5	20 28	itération	20	itération	28	1
20.5	21.5	21 28	itération	21	itération	28	1
21.5	22.5	22 28	itération	22	itération	28	1
22.5	23.5	23 28	itération	23	itération	28	1
23.5	24.5	24 28	itération	24	itération	28	1
24.5	25.5	25 28	itération	25	itération	28	1
25.5	26.5	26 28	itération	26	itération	28	1
26.5	27.5	27 28	itération	27	itération	28	1
27.5	28.5	1	itération	28	itération	28	1
28.5	29.5	29 28	itération	29	itération	28	1
29.5	30.5	30 28	itération	30	itération	28	1
30.5	31.5	31 28	itération	31	itération	28	1
31.5	32.5	32 28	itération	32	itération	28	1
32.5	33.5	33 28	itération	33	itération	28	1
33.5	34.5	34 28	itération	34	itération	28	1
34.5	35.5	35 28	itération	35	itération	28	1
35.5	36.5	36 28	itération	36	itération	28	1
36.5	37.5	37 28	itération	37	itération	28	1
37.5	38.5	38 28	itération	38	itération	28	1
38.5	39.5	39 28	itération	39	itération	28	1
39.5	40.5	40 28	itération	40	itération	28	1
-0.5	0.5	0 29	itération	0	itération	29	1
0.5	1.5	1 29	itération	1	itération	29	1
1.5	2.5	2 29	itération	2	itération	29	1
2.5	3.5	3 29	itération	3	itération	29	1
3.5	4.5	4 29	itération	4	itération	29	1
4.5	5.5	5 29	itération	5	itération	29	1
5.5	6.5	6 29	itération	6	itération	29	1
6.5	7.5	7 29	itération	7	itération	29	1
7.5	8.5	8 29	itération	8	itération	29	1
8.5	9.5	9 29	itération	9	itération	29	1
9.5	10.5	10 29	itération	10	itération	29	1
10.5	11.5	11 29	itération	11	itération	29	1
11.5	12.5	12 29	itération	12	itération	29	1
12.5	13.5	13 29	itération	13	itération	29	1
13.5	14.5	14 29	itération	14	itération	29	1
14.5	15.5	15 29	itération	15	itération	29	1
15.5	16.5	16 29	itération	16	itération	29	1
16.5	17.5	17 29	itération	17	itération	29	1
17.5	18.5	18 29	itération	18	itération	29	1
18.5	19.5	19 29	itération	19	itération	29	1
19.5	20.5	20 29	itération	20	itération	29	1
20.5	21.5	21 29	itération	21	itération	29	1
21.5	22.5	22 29	itération	22	itération	29	1
22.5	23.5	23 29	itération	23	itération	29	1
23.5	24.5	24 29	itération	24	itération	29	1
24.5	25.5	25 29	itération	25	itération	29	1
25.5	26.5	26 29	itération	26	itération	29	1
26.5	27.5	27 29	itération	27	itération	29	1
27.5	28.5	28 29	itération	28	itération	29	1
28.5	29.5	1	itération	29	itération	29	1
29.5	30.5	30 29	itération	30	itération	29	1
30.5	31.5	31 29	itération	31	itération	29	1
31.5	32.5	32 29	itération	32	itération	29	1
32.5	33.5	33 29	itération	33	itération	29	1
33.5	34.5	34 29	itération	34	itération	29	1
34.5	35.5	35 29	itération	35	itération	29	1
35.5	36.5	36 29	itération	36	itération	29	1
36.5	37.5	37 29	itération	37	itération	29	1
37.5	38.5	38 29	itération	38	itération	29	1
38.5	39.5	39 29	itération	39	itération	29	1
39.5	40.5	40 29	itération	40	itération	29	1
-0.5	0.5	0 30	itération	0	itération	30	1
0.5	1.5	1 30	itération	1	itération	30	1
1.5	2.5	2 30	itération	2	itération	30	1
2.5	3.5	3 30	itération	3	itération	30	1
3.5	4.5	4 30	itération	4	itération	30	1
4.5	5.5	5 30	itération	5	itération	30	1
5.5	6.5	6 30	itération	6	itération	30	1
6.5	7.5	7 30	itération	7	itération	30	1
7.5	8.5	8 30	itération	8	itération	30	1
8.5	9.5	9 30	itération	9	itération	30	1
9.5	10.5	10 30	itération	10	itération	30	1
10.5	11.5	11 30	itération	11	itération	30	1
11.5	12.5	12 30	itération	12	itération	30	1
12.5	13.5	13 30	itération	13	itération	30	1
13.5	14.5	14 30	itération	14	itération	30	1
14.5	15.5	15 30	itération	15	itération	30	1
15.5	16.5	16 30	itération	16	itération	30	1
16.5	17.5	17 30	itération	17	itération	30	1
17.5	18.5	18 30	itération	18	itération	30	1
18.5	19.5	19 30	itération	19	itération	30	1
19.5	20.5	20 30	itération	20	itération	30	1
20.5	21.5	21 30	itération	21	itération	30	1
21.5	22.5	22 30	itération	22	itération	30	1
22.5	23.5	23 30	itération	23	itération	30	1
23.5	24.5	24 30	itération	24	itération	30	1
24.5	25.5	25 30	itération	25	itération	30	1
25.5	26.5	26 30	itération	26	itération	30	1
26.5	27.5	27 30	itération	27	itération	30	1
27.5	28.5	28 30	itération	28	itération	30	1
28.5	29.5	29 30	itération	29	itération	30	1
29.5	30.5	1	itération	30	itération	30	1
30.5	31.5	31 30	itération	31	itération	30	1
31.5	32.5	32 30	itération	32	itération	30	1
32.5	33.5	33 30	itération	33	itération	30	1
33.5	34.5	34 30	itération	34	itération	30	1
34.5	35.5	35 30	itération	35	itération	30	1
35.5	36.5	36 30	itération	36	itération	30	1
36.5	37.5	37 30	itération	37	itération	30	1
37.5	38.5	38 30	itération	38	itération	30	1
38.5	39.5	39 30	itération	39	itération	30	1
39.5	40.5	40 30	itération	40	itération	30	1
-0.5	0.5	0 31	itération	0	itération	31	1
0.5	1.5	1 31	itération	1	itération	31	1
1.5	2.5	2 31	itération	2	itération	31	1
2.5	3.5	3 31	itération	3	itération	31	1
3.5	4.5	4 31	itération	4	itération	31	1
4.5	5.5	5 31	itération	5	itération	31	1
5.5	6.5	6 31	itération	6	itération	31	1
6.5	7.5	7 31	itération	7	itération	31	1
7.5	8.5	8 31	itération	8	itération	31	1
8.5	9.5	9 31	itération	9	itération	31	1
9.5	10.5	10 31	itération	10	itération	31	1
10.5	11.5	11 31	itération	11	itération	31	1
11.5	12.5	12 31	itération	12	itération	31	1
12.5	13.5	13 31	itération	13	itération	31	1
13.5	14.5	14 31	itération	14	itération	31	1
14.5	15.5	15 31	itération	15	itération	31	1
15.5	16.5	16 31	itération	16	itération	31	1
16.5	17.5	17 31	itération	17	itération	31	1
17.5	18.5	18 31	itération	18	itération	31	1
18.5	19.5	19 31	itération	19	itération	31	1
19.5	20.5	20 31	itération	20	itération	31	1
20.5	21.5	21 31	itération	21	itération	31	1
21.5	22.5	22 31	itération	22	itération	31	1
22.5	23.5	23 31	itération	23	itération	31	1
23.5	24.5	24 31	itération	24	itération	31	1
24.5	25.5	25 31	itération	25	itération	31	1
25.5	26.5	26 31	itération	26	itération	31	1
26.5	27.5	27 31	itération	27	itération	31	1
27.5	28.5	28 31	itération	28	itération	31	1
28.5	29.5	29 31	itération	29	itération	31	1
29.5	30.5	30 31	itération	30	itération	31	1
30.5	31.5	1	itération	31	itération	31	1
31.5	32.5	32 31	itération	32	itération	31	1
32.5	33.5	33 31	itération	33	itération	31	1
33.5	34.5	34 31	itération	34	itération	31	1
34.5	35.5	35 31	itération	35	itération	31	1
35.5	36.5	36 31	itération	36	itération	31	1
36.5	37.5	37 31	itération	37	itération	31	1
37.5	38.5	38 31	itération	38	itération	31	1
38.5	39.5	39 31	itération	39	itération	31	1
39.5	40.5	40 31	itération	40	itération	31	1
-0.5	0.5	0 32	itération	0	itération	32	1
0.5	1.5	1 32	itération	1	itération	32	1
1.5	2.5	2 32	itération	2	itération	32	1
2.5	3.5	3 32	itération	3	itération	32	1
3.5	4.5	4 32	itération	4	itération	32	1
4.5	5.5	5 32	itération	5	itération	32	1
5.5	6.5	6 32	itération	6	itération	32	1
6.5	7.5	7 32	itération	7	itération	32	1
7.5	8.5	8 32	itération	8	itération	32	1
8.5	9.5	9 32	itération	9	itération	32	1
9.5	10.5	10 32	itération	10	itération	32	1
10.5	11.5	11 32	itération	11	itération	32	1
11.5	12.5	12 32	itération	12	itération	32	1
12.5	13.5	13 32	itération	13	itération	32	1
13.5	14.5	14 32	itération	14	itération	32	1
14.5	15.5	15 32	itération	15	itération	32	1
15.5	16.5	16 32	itération	16	itération	32	1
16.5	17.5	17 32	itération	17	itération	32	1
17.5	18.5	18 32	itération	18	itération	32	1
18.5	19.5	19 32	itération	19	itération	32	1
19.5	20.5	20 32	itération	20	itération	32	1
20.5	21.5	21 32	itération	21	itération	32	1
21.5	22.5	22 32	itération	22	itération	32	1
22.5	23.5	23 32	itération	23	itération	32	1
23.5	24.5	24 32	itération	24	itération	32	1
24.5	25.5	25 32	itération	25	itération	32	1
25.5	26.5	26 32	itération	26	itération	32	1
26.5	27.5	27 32	itération	27	itération	32	1
27.5	28.5	28 32	itération	28	itération	32	1
28.5	29.5	29 32	itération	29	itération	32	1
29.5	30.5	30 32	itération	30	itération	32	1
30.5	31.5	31 32	itération	31	itération	32	1
31.5	32.5	1	itération	32	itération	32	1
32.5	33.5	33 32	itération	33	itération	32	1
33.5	34.5	34 32	itération	34	itération	32	1
34.5	35.5	35 32	itération	35	itération	32	1
35.5	36.5	36 32	itération	36	itération	32	1
36.5	37.5	37 32	itération	37	itération	32	1
37.5	38.5	38 32	itération	38	itération	32	1
38.5	39.5	39 32	itération	39	itération	32	1
39.5	40.5	40 32	itération	40	itération	32	1
-0.5	0.5	0 33	itération	0	itération	33	1
0.5	1.5	1 33	itération	1	itération	33	1
1.5	2.5	2 33	itération	2	itération	33	1
2.5	3.5	3 33	itération	3	itération	33	1
3.5	4.5	4 33	itération	4	itération	33	1
4.5	5.5	5 33	itération	5	itération	33	1
5.5	6.5	6 33	itération	6	itération	33	1
6.5	7.5	7 33	itération	7	itération	33	1
7.5	8.5	8 33	itération	8	itération	33	1
8.5	9.5	9 33	itération	9	itération	33	1
9.5	10.5	10 33	itération	10	itération	33	1
10.5	11.5	11 33	itération	11	itération	33	1
11.5	12.5	12 33	itération	12	itération	33	1
12.5	13.5	13 33	itération	13	itération	33	1
13.5	14.5	14 33	itération	14	itération	33	1
14.5	15.5	15 33	itération	15	itération	33	1
15.5	16.5	16 33	itération	16	itération	33	1
16.5	17.5	17 33	itération	17	itération	33	1
17.5	18.5	18 33	itération	18	itération	33	1
18.5	19.5	19 33	itération	19	itération	33	1
19.5	20.5	20 33	itération	20	itération	33	1
20.5	21.5	21 33	itération	21	itération	33	1
21.5	22.5	22 33	itération	22	itération	33	1
22.5	23.5	23 33	itération	23	itération	33	1
23.5	24.5	24 33	itération	24	itération	33	1
24.5	25.5	25 33	itération	25	itération	33	1
25.5	26.5	26 33	itération	26	itération	33	1
26.5	27.5	27 33	itération	27	itération	33	1
27.5	28.5	28 33	itération	28	itération	33	1
28.5	29.5	29 33	itération	29	itération	33	1
29.5	30.5	30 33	itération	30	itération	33	1
30.5	31.5	31 33	itération	31	itération	33	1
31.5	32.5	32 33	itération	32	itération	33	1
32.5	33.5	1	itération	33	itération	33	1
33.5	34.5	34 33	itération	34	itération	33	1
34.5	35.5	35 33	itération	35	itération	33	1
35.5	36.5	36 33	itération	36	itération	33	1
36.5	37.5	37 33	itération	37	itération	33	1
37.5	38.5	38 33	itération	38	itération	33	1
38.5	39.5	39 33	itération	39	itération	33	1
39.5	40.5	40 33	itération	40	itération	33	1
-0.5	0.5	0 34	itération	0	itération	34	1
0.5	1.5	1 34	itération	1	itération	34	1
1.5	2.5	2 34	itération	2	itération	34	1
2.5	3.5	3 34	itération	3	itération	34	1
3.5	4.5	4 34	itération	4	itération	34	1
4.5	5.5	5 34	itération	5	itération	34	1
5.5	6.5	6 34	itération	6	itération	34	1
6.5	7.5	7 34	itération	7	itération	34	1
7.5	8.5	8 34	itération	8	itération	34	1
8.5	9.5	9 34	itération	9	itération	34	1
9.5	10.5	10 34	itération	10	itération	34	1
10.5	11.5	11 34	itération	11	itération	34	1
11.5	12.5	12 34	itération	12	itération	34	1
12.5	13.5	13 34	itération	13	itération	34	1
13.5	14.5	14 34	itération	14	itération	34	1
14.5	15.5	15 34	itération	15	itération	34	1
15.5	16.5	16 34	itération	16	itération	34	1
16.5	17.5	17 34	itération	17	itération	34	1
17.5	18.5	18 34	itération	18	itération	34	1
18.5	19.5	19 34	itération	19	itération	34	1
19.5	20.5	20 34	itération	20	itération	34	1
20.5	21.5	21 34	itération	21	itération	34	1
21.5	22.5	22 34	itération	22	itération	34	1
22.5	23.5	23 34	itération	23	itération	34	1
23.5	24.5	24 34	itération	24	itération	34	1
24.5	25.5	25 34	itération	25	itération	34	1
25.5	26.5	26 34	itération	26	itération	34	1
26.5	27.5	27 34	itération	27	itération	34	1
27.5	28.5	28 34	itération	28	itération	34	1
28.5	29.5	29 34	itération	29	itération	34	1
29.5	30.5	30 34	itération	30	itération	34	1
30.5	31.5	31 34	itération	31	itération	34	1
31.5	32.5	32 34	itération	32	itération	34	1
32.5	33.5	33 34	itération	33	itération	34	1
33.5	34.5	1	itération	34	itération	34	1
34.5	35.5	35 34	itération	35	itération	34	1
35.5	36.5	36 34	itération	36	itération	34	1
36.5	37.5	37 34	itération	37	itération	34	1
37.5	38.5	38 34	itération	38	itération	34	1
38.5	39.5	39 34	itération	39	itération	34	1
39.5	40.5	40 34	itération	40	itération	34	1
-0.5	0.5	0 35	itération	0	itération	35	1
0.5	1.5	1 35	itération	1	itération	35	1
1.5	2.5	2 35	itération	2	itération	35	1
2.5	3.5	3 35	itération	3	itération	35	1
3.5	4.5	4 35	itération	4	itération	35	1
4.5	5.5	5 35	itération	5	itération	35	1
5.5	6.5	6 35	itération	6	itération	35	1
6.5	7.5	7 35	itération	7	itération	35	1
7.5	8.5	8 35	itération	8	itération	35	1
8.5	9.5	9 35	itération	9	itération	35	1
9.5	10.5	10 35	itération	10	itération	35	1
10.5	11.5	11 35	itération	11	itération	35	1
11.5	12.5	12 35	itération	12	itération	35	1
12.5	13.5	13 35	itération	13	itération	35	1
13.5	14.5	14 35	itération	14	itération	35	1
14.5	15.5	15 35	itération	15	itération	35	1
15.5	16.5	16 35	itération	16	itération	35	1
16.5	17.5	17 35	itération	17	itération	35	1
17.5	18.5	18 35	itération	18	itération	35	1
18.5	19.5	19 35	itération	19	itération	35	1
19.5	20.5	20 35	itération	20	itération	35	1
20.5	21.5	21 35	itération	21	itération	35	1
21.5	22.5	22 35	itération	22	itération	35	1
22.5	23.5	23 35	itération	23	itération	35	1
23.5	24.5	24 35	itération	24	itération	35	1
24.5	25.5	25 35	itération	25	itération	35	1
25.5	26.5	26 35	itération	26	itération	35	1
26.5	27.5	27 35	itération	27	itération	35	1
27.5	28.5	28 35	itération	28	itération	35	1
28.5	29.5	29 35	itération	29	itération	35	1
29.5	30.5	30 35	itération	30	itération	35	1
30.5	31.5	31 35	itération	31	itération	35	1
31.5	32.5	32 35	itération	32	itération	35	1
32.5	33.5	33 35	itération	33	itération	35	1
33.5	34.5	34 35	itération	34	itération	35	1
34.5	35.5	1	itération	35	itération	35	1
35.5	36.5	36 35	itération	36	itération	35	1
36.5	37.5	37 35	itération	37	itération	35	1
37.5	38.5	38 35	itération	38	itération	35	1
38.5	39.5	39 35	itération	39	itération	35	1
39.5	40.5	40 35	itération	40	itération	35	1
-0.5	0.5	0 36	itération	0	itération	36	1
0.5	1.5	1 36	itération	1	itération	36	1
1.5	2.5	2 36	itération	2	itération	36	1
2.5	3.5	3 36	itération	3	itération	36	1
3.5	4.5	4 36	itération	4	itération	36	1
4.5	5.5	5 36	itération	5	itération	36	1
5.5	6.5	6 36	itération	6	itération	36	1
6.5	7.5	7 36	itération	7	itération	36	1
7.5	8.5	8 36	itération	8	itération	36	1
8.5	9.5	9 36	itération	9	itération	36	1
9.5	10.5	10 36	itération	10	itération	36	1
10.5	11.5	11 36	itération	11	itération	36	1
11.5	12.5	12 36	itération	12	itération	36	1
12.5	13.5	13 36	itération	13	itération	36	1
13.5	14.5	14 36	itération	14	itération	36	1
14.5	15.5	15 36	itération	15	itération	36	1
15.5	16.5	16 36	itération	16	itération	36	1
16.5	17.5	17 36	itération	17	itération	36	1
17.5	18.5	18 36	itération	18	itération	36	1
18.5	19.5	19 36	itération	19	itération	36	1
19.5	20.5	20 36	itération	20	itération	36	1
20.5	21.5	21 36	itération	21	itération	36	1
21.5	22.5	22 36	itération	22	itération	36	1
22.5	23.5	23 36	itération	23	itération	36	1
23.5	24.5	24 36	itération	24	itération	36	1
24.5	25.5	25 36	itération	25	itération	36	1
25.5	26.5	26 36	itération	26	itération	36	1
26.5	27.5	27 36	itération	27	itération	36	1
27.5	28.5	28 36	itération	28	itération	36	1
28.5	29.5	29 36	itération	29	itération	36	1
29.5	30.5	30 36	itération	30	itération	36	1
30.5	31.5	31 36	itération	31	itération	36	1
31.5	32.5	32 36	itération	32	itération	36	1
32.5	33.5	33 36	itération	33	itération	36	1
33.5	34.5	34 36	itération	34	itération	36	1
34.5	35.5	35 36	itération	35	itération	36	1
35.5	36.5	1	itération	36	itération	36	1
36.5	37.5	37 36	itération	37	itération	36	1
37.5	38.5	38 36	itération	38	itération	36	1
38.5	39.5	39 36	itération	39	itération	36	1
39.5	40.5	40 36	itération	40	itération	36	1
-0.5	0.5	0 37	itération	0	itération	37	1
0.5	1.5	1 37	itération	1	itération	37	1
1.5	2.5	2 37	itération	2	itération	37	1
2.5	3.5	3 37	itération	3	itération	37	1
3.5	4.5	4 37	itération	4	itération	37	1
4.5	5.5	5 37	itération	5	itération	37	1
5.5	6.5	6 37	itération	6	itération	37	1
6.5	7.5	7 37	itération	7	itération	37	1
7.5	8.5	8 37	itération	8	itération	37	1
8.5	9.5	9 37	itération	9	itération	37	1
9.5	10.5	10 37	itération	10	itération	37	1
10.5	11.5	11 37	itération	11	itération	37	1
11.5	12.5	12 37	itération	12	itération	37	1
12.5	13.5	13 37	itération	13	itération	37	1
13.5	14.5	14 37	itération	14	itération	37	1
14.5	15.5	15 37	itération	15	itération	37	1
15.5	16.5	16 37	itération	16	itération	37	1
16.5	17.5	17 37	itération	17	itération	37	1
17.5	18.5	18 37	itération	18	itération	37	1
18.5	19.5	19 37	itération	19	itération	37	1
19.5	20.5	20 37	itération	20	itération	37	1
20.5	21.5	21 37	itération	21	itération	37	1
21.5	22.5	22 37	itération	22	itération	37	1
22.5	23.5	23 37	itération	23	itération	37	1
23.5	24.5	24 37	itération	24	itération	37	1
24.5	25.5	25 37	itération	25	itération	37	1
25.5	26.5	26 37	itération	26	itération	37	1
26.5	27.5	27 37	itération	27	itération	37	1
27.5	28.5	28 37	itération	28	itération	37	1
28.5	29.5	29 37	itération	29	itération	37	1
29.5	30.5	30 37	itération	30	itération	37	1
30.5	31.5	31 37	itération	31	itération	37	1
31.5	32.5	32 37	itération	32	itération	37	1
32.5	33.5	33 37	itération	33	itération	37	1
33.5	34.5	34 37	itération	34	itération	37	1
34.5	35.5	35 37	itération	35	itération	37	1
35.5	36.5	36 37	itération	36	itération	37	1
36.5	37.5	1	itération	37	itération	37	1
37.5	38.5	38 37	itération	38	itération	37	1
38.5	39.5	39 37	itération	39	itération	37	1
39.5	40.5	40 37	itération	40	itération	37	1
-0.5	0.5	0 38	itération	0	itération	38	1
0.5	1.5	1 38	itération	1	itération	38	1
1.5	2.5	2 38	itération	2	itération	38	1
2.5	3.5	3 38	itération	3	itération	38	1
3.5	4.5	4 38	itération	4	itération	38	1
4.5	5.5	5 38	itération	5	itération	38	1
5.5	6.5	6 38	itération	6	itération	38	1
6.5	7.5	7 38	itération	7	itération	38	1
7.5	8.5	8 38	itération	8	itération	38	1
8.5	9.5	9 38	itération	9	itération	38	1
9.5	10.5	10 38	itération	10	itération	38	1
10.5	11.5	11 38	itération	11	itération	38	1
11.5	12.5	12 38	itération	12	itération	38	1
12.5	13.5	13 38	itération	13	itération	38	1
13.5	14.5	14 38	itération	14	itération	38	1
14.5	15.5	15 38	itération	15	itération	38	1
15.5	16.5	16 38	itération	16	itération	38	1
16.5	17.5	17 38	itération	17	itération	38	1
17.5	18.5	18 38	itération	18	itération	38	1
18.5	19.5	19 38	itération	19	itération	38	1
19.5	20.5	20 38	itération	20	itération	38	1
20.5	21.5	21 38	itération	21	itération	38	1
21.5	22.5	22 38	itération	22	itération	38	1
22.5	23.5	23 38	itération	23	itération	38	1
23.5	24.5	24 38	itération	24	itération	38	1
24.5	25.5	25 38	itération	25	itération	38	1
25.5	26.5	26 38	itération	26	itération	38	1
26.5	27.5	27 38	itération	27	itération	38	1
27.5	28.5	28 38	itération	28	itération	38	1
28.5	29.5	29 38	itération	29	itération	38	1
29.5	30.5	30 38	itération	30	itération	38	1
30.5	31.5	31 38	itération	31	itération	38	1
31.5	32.5	32 38	itération	32	itération	38	1
32.5	33.5	33 38	itération	33	itération	38	1
33.5	34.5	34 38	itération	34	itération	38	1
34.5	35.5	35 38	itération	35	itération	38	1
35.5	36.5	36 38	itération	36	itération	38	1
36.5	37.5	37 38	itération	37	itération	38	1
37.5	38.5	1	itération	38	itération	38	1
38.5	39.5	39 38	itération	39	itération	38	1
39.5	40.5	40 38	itération	40	itération	38	1
-0.5	0.5	0 39	itération	0	itération	39	1
0.5	1.5	1 39	itération	1	itération	39	1
1.5	2.5	2 39	itération	2	itération	39	1
2.5	3.5	3 39	itération	3	itération	39	1
3.5	4.5	4 39	itération	4	itération	39	1
4.5	5.5	5 39	itération	5	itération	39	1
5.5	6.5	6 39	itération	6	itération	39	1
6.5	7.5	7 39	itération	7	itération	39	1
7.5	8.5	8 39	itération	8	itération	39	1
8.5	9.5	9 39	itération	9	itération	39	1
9.5	10.5	10 39	itération	10	itération	39	1
10.5	11.5	11 39	itération	11	itération	39	1
11.5	12.5	12 39	itération	12	itération	39	1
12.5	13.5	13 39	itération	13	itération	39	1
13.5	14.5	14 39	itération	14	itération	39	1
14.5	15.5	15 39	itération	15	itération	39	1
15.5	16.5	16 39	itération	16	itération	39	1
16.5	17.5	17 39	itération	17	itération	39	1
17.5	18.5	18 39	itération	18	itération	39	1
18.5	19.5	19 39	itération	19	itération	39	1
19.5	20.5	20 39	itération	20	itération	39	1
20.5	21.5	21 39	itération	21	itération	39	1
21.5	22.5	22 39	itération	22	itération	39	1
22.5	23.5	23 39	itération	23	itération	39	1
23.5	24.5	24 39	itération	24	itération	39	1
24.5	25.5	25 39	itération	25	itération	39	1
25.5	26.5	26 39	itération	26	itération	39	1
26.5	27.5	27 39	itération	27	itération	39	1
27.5	28.5	28 39	itération	28	itération	39	1
28.5	29.5	29 39	itération	29	itération	39	1
29.5	30.5	30 39	itération	30	itération	39	1
30.5	31.5	31 39	itération	31	itération	39	1
31.5	32.5	32 39	itération	32	itération	39	1
32.5	33.5	33 39	itération	33	itération	39	1
33.5	34.5	34 39	itération	34	itération	39	1
34.5	35.5	35 39	itération	35	itération	39	1
35.5	36.5	36 39	itération	36	itération	39	1
36.5	37.5	37 39	itération	37	itération	39	1
37.5	38.5	38 39	itération	38	itération	39	1
38.5	39.5	1	itération	39	itération	39	1
39.5	40.5	40 39	itération	40	itération	39	1
-0.5	0.5	0 40	itération	0	itération	40	1
0.5	1.5	1 40	itération	1	itération	40	1
1.5	2.5	2 40	itération	2	itération	40	1
2.5	3.5	3 40	itération	3	itération	40	1
3.5	4.5	4 40	itération	4	itération	40	1
4.5	5.5	5 40	itération	5	itération	40	1
5.5	6.5	6 40	itération	6	itération	40	1
6.5	7.5	7 40	itération	7	itération	40	1
7.5	8.5	8 40	itération	8	itération	40	1
8.5	9.5	9 40	itération	9	itération	40	1
9.5	10.5	10 40	itération	10	itération	40	1
10.5	11.5	11 40	itération	11	itération	40	1
11.5	12.5	12 40	itération	12	itération	40	1
12.5	13.5	13 40	itération	13	itération	40	1
13.5	14.5	14 40	itération	14	itération	40	1
14.5	15.5	15 40	itération	15	itération	40	1
15.5	16.5	16 40	itération	16	itération	40	1
16.5	17.5	17 40	itération	17	itération	40	1
17.5	18.5	18 40	itération	18	itération	40	1
18.5	19.5	19 40	itération	19	itération	40	1
19.5	20.5	20 40	itération	20	itération	40	1
20.5	21.5	21 40	itération	21	itération	40	1
21.5	22.5	22 40	itération	22	itération	40	1
22.5	23.5	23 40	itération	23	itération	40	1
23.5	24.5	24 40	itération	24	itération	40	1
24.5	25.5	25 40	itération	25	itération	40	1
25.5	26.5	26 40	itération	26	itération	40	1
26.5	27.5	27 40	itération	27	itération	40	1
27.5	28.5	28 40	itération	28	itération	40	1
28.5	29.5	29 40	itération	29	itération	40	1
29.5	30.5	30 40	itération	30	itération	40	1
30.5	31.5	31 40	itération	31	itération	40	1
31.5	32.5	32 40	itération	32	itération	40	1
32.5	33.5	33 40	itération	33	itération	40	1
33.5	34.5	34 40	itération	34	itération	40	1
34.5	35.5	35 40	itération	35	itération	40	1
35.5	36.5	36 40	itération	36	itération	40	1
36.5	37.5	37 40	itération	37	itération	40	1
37.5	38.5	38 40	itération	38	itération	40	1
38.5	39.5	39 40	itération	39	itération	40	1
39.5	40.5	1	itération	40	itération	40	1
-0.5	0.5	1	itération	0	itération	0	2
0.5	1.5	1 0	itération	1	itération	0	2
1.5	2.5	2 0	itération	2	itération	0	2
2.5	3.5	3 0	itération	3	itération	0	2
3.5	4.5	4 0	itération	4	itération	0	2
4.5	5.5	5 0	itération	5	itération	0	2
5.5	6.5	6 0	itération	6	itération	0	2
6.5	7.5	7 0	itération	7	itération	0	2
7.5	8.5	8 0	itération	8	itération	0	2
8.5	9.5	9 0	itération	9	itération	0	2
9.5	10.5	10 0	itération	10	itération	0	2
10.5	11.5	11 0	itération	11	itération	0	2
11.5	12.5	12 0	itération	12	itération	0	2
12.5	13.5	13 0	itération	13	itération	0	2
13.5	14.5	14 0	itération	14	itération	0	2
14.5	15.5	15 0	itération	15	itération	0	2
15.5	16.5	16 0	itération	16	itération	0	2
16.5	17.5	17 0	itération	17	itération	0	2
17.5	18.5	18 0	itération	18	itération	0	2
18.5	19.5	19 0	itération	19	itération	0	2
19.5	20.5	20 0	itération	20	itération	0	2
20.5	21.5	21 0	itération	21	itération	0	2
21.5	22.5	22 0	itération	22	itération	0	2
22.5	23.5	23 0	itération	23	itération	0	2
23.5	24.5	24 0	itération	24	itération	0	2
24.5	25.5	25 0	itération	25	itération	0	2
25.5	26.5	26 0	itération	26	itération	0	2
26.5	27.5	27 0	itération	27	itération	0	2
27.5	28.5	28 0	itération	28	itération	0	2
28.5	29.5	29 0	itération	29	itération	0	2
29.5	30.5	30 0	itération	30	itération	0	2
30.5	31.5	31 0	itération	31	itération	0	2
31.5	32.5	32 0	itération	32	itération	0	2
32.5	33.5	33 0	itération	33	itération	0	2
33.5	34.5	34 0	itération	34	itération	0	2
34.5	35.5	35 0	itération	35	itération	0	2
35.5	36.5	36 0	itération	36	itération	0	2
36.5	37.5	37 0	itération	37	itération	0	2
37.5	38.5	38 0	itération	38	itération	0	2
38.5	39.5	39 0	itération	39	itération	0	2
39.5	40.5	40 0	itération	40	itération	0	2
-0.5	0.5	0 1	itération	0	itération	1	2
0.5	1.5	1	itération	1	itération	1	2
1.5	2.5	2 1	itération	2	itération	1	2
2.5	3.5	3 1	itération	3	itération	1	2
3.5	4.5	4 1	itération	4	itération	1	2
4.5	5.5	5 1	itération	5	itération	1	2
5.5	6.5	6 1	itération	6	itération	1	2
6.5	7.5	7 1	itération	7	itération	1	2
7.5	8.5	8 1	itération	8	itération	1	2
8.5	9.5	9 1	itération	9	itération	1	2
9.5	10.5	10 1	itération	10	itération	1	2
10.5	11.5	11 1	itération	11	itération	1	2
11.5	12.5	12 1	itération	12	itération	1	2
12.5	13.5	13 1	itération	13	itération	1	2
13.5	14.5	14 1	itération	14	itération	1	2
14.5	15.5	15 1	itération	15	itération	1	2
15.5	16.5	16 1	itération	16	itération	1	2
16.5	17.5	17 1	itération	17	itération	1	2
17.5	18.5	18 1	itération	18	itération	1	2
18.5	19.5	19 1	itération	19	itération	1	2
19.5	20.5	20 1	itération	20	itération	1	2
20.5	21.5	21 1	itération	21	itération	1	2
21.5	22.5	22 1	itération	22	itération	1	2
22.5	23.5	23 1	itération	23	itération	1	2
23.5	24.5	24 1	itération	24	itération	1	2
24.5	25.5	25 1	itération	25	itération	1	2
25.5	26.5	26 1	itération	26	itération	1	2
26.5	27.5	27 1	itération	27	itération	1	2
27.5	28.5	28 1	itération	28	itération	1	2
28.5	29.5	29 1	itération	29	itération	1	2
29.5	30.5	30 1	itération	30	itération	1	2
30.5	31.5	31 1	itération	31	itération	1	2
31.5	32.5	32 1	itération	32	itération	1	2
32.5	33.5	33 1	itération	33	itération	1	2
33.5	34.5	34 1	itération	34	itération	1	2
34.5	35.5	35 1	itération	35	itération	1	2
35.5	36.5	36 1	itération	36	itération	1	2
36.5	37.5	37 1	itération	37	itération	1	2
37.5	38.5	38 1	itération	38	itération	1	2
38.5	39.5	39 1	itération	39	itération	1	2
39.5	40.5	40 1	itération	40	itération	1	2
-0.5	0.5	0 2	itération	0	itération	2	2
0.5	1.5	1 2	itération	1	itération	2	2
1.5	2.5	1	itération	2	itération	2	2
2.5	3.5	3 2	itération	3	itération	2	2
3.5	4.5	4 2	itération	4	itération	2	2
4.5	5.5	5 2	itération	5	itération	2	2
5.5	6.5	6 2	itération	6	itération	2	2
6.5	7.5	7 2	itération	7	itération	2	2
7.5	8.5	8 2	itération	8	itération	2	2
8.5	9.5	9 2	itération	9	itération	2	2
9.5	10.5	10 2	itération	10	itération	2	2
10.5	11.5	11 2	itération	11	itération	2	2
11.5	12.5	12 2	itération	12	itération	2	2
12.5	13.5	13 2	itération	13	itération	2	2
13.5	14.5	14 2	itération	14	itération	2	2
14.5	15.5	15 2	itération	15	itération	2	2
15.5	16.5	16 2	itération	16	itération	2	2
16.5	17.5	17 2	itération	17	itération	2	2
17.5	18.5	18 2	itération	18	itération	2	2
18.5	19.5	19 2	itération	19	itération	2	2
19.5	20.5	20 2	itération	20	itération	2	2
20.5	21.5	21 2	itération	21	itération	2	2
21.5	22.5	22 2	itération	22	itération	2	2
22.5	23.5	23 2	itération	23	itération	2	2
23.5	24.5	24 2	itération	24	itération	2	2
24.5	25.5	25 2	itération	25	itération	2	2
25.5	26.5	26 2	itération	26	itération	2	2
26.5	27.5	27 2	itération	27	itération	2	2
27.5	28.5	28 2	itération	28	itération	2	2
28.5	29.5	29 2	itération	29	itération	2	2
29.5	30.5	30 2	itération	30	itération	2	2
30.5	31.5	31 2	itération	31	itération	2	2
31.5	32.5	32 2	itération	32	itération	2	2
32.5	33.5	33 2	itération	33	itération	2	2
33.5	34.5	34 2	itération	34	itération	2	2
34.5	35.5	35 2	itération	35	itération	2	2
35.5	36.5	36 2	itération	36	itération	2	2
36.5	37.5	37 2	itération	37	itération	2	2
37.5	38.5	38 2	itération	38	itération	2	2
38.5	39.5	39 2	itération	39	itération	2	2
39.5	40.5	40 2	itération	40	itération	2	2
-0.5	0.5	0 3	itération	0	itération	3	2
0.5	1.5	1 3	itération	1	itération	3	2
1.5	2.5	2 3	itération	2	itération	3	2
2.5	3.5	1	itération	3	itération	3	2
3.5	4.5	4 3	itération	4	itération	3	2
4.5	5.5	5 3	itération	5	itération	3	2
5.5	6.5	6 3	itération	6	itération	3	2
6.5	7.5	7 3	itération	7	itération	3	2
7.5	8.5	8 3	itération	8	itération	3	2
8.5	9.5	9 3	itération	9	itération	3	2
9.5	10.5	10 3	itération	10	itération	3	2
10.5	11.5	11 3	itération	11	itération	3	2
11.5	12.5	12 3	itération	12	itération	3	2
12.5	13.5	13 3	itération	13	itération	3	2
13.5	14.5	14 3	itération	14	itération	3	2
14.5	15.5	15 3	itération	15	itération	3	2
15.5	16.5	16 3	itération	16	itération	3	2
16.5	17.5	17 3	itération	17	itération	3	2
17.5	18.5	18 3	itération	18	itération	3	2
18.5	19.5	19 3	itération	19	itération	3	2
19.5	20.5	20 3	itération	20	itération	3	2
20.5	21.5	21 3	itération	21	itération	3	2
21.5	22.5	22 3	itération	22	itération	3	2
22.5	23.5	23 3	itération	23	itération	3	2
23.5	24.5	24 3	itération	24	itération	3	2
24.5	25.5	25 3	itération	25	itération	3	2
25.5	26.5	26 3	itération	26	itération	3	2
26.5	27.5	27 3	itération	27	itération	3	2
27.5	28.5	28 3	itération	28	itération	3	2
28.5	29.5	29 3	itération	29	itération	3	2
29.5	30.5	30 3	itération	30	itération	3	2
30.5	31.5	31 3	itération	31	itération	3	2
31.5	32.5	32 3	itération	32	itération	3	2
32.5	33.5	33 3	itération	33	itération	3	2
33.5	34.5	34 3	itération	34	itération	3	2
34.5	35.5	35 3	itération	35	itération	3	2
35.5	36.5	36 3	itération	36	itération	3	2
36.5	37.5	37 3	itération	37	itération	3	2
37.5	38.5	38 3	itération	38	itération	3	2
38.5	39.5	39 3	itération	39	itération	3	2
39.5	40.5	40 3	itération	40	itération	3	2
-0.5	0.5	0 4	itération	0	itération	4	2
0.5	1.5	1 4	itération	1	itération	4	2
1.5	2.5	2 4	itération	2	itération	4	2
2.5	3.5	3 4	itération	3	itération	4	2
3.5	4.5	1	itération	4	itération	4	2
4.5	5.5	5 4	itération	5	itération	4	2
5.5	6.5	6 4	itération	6	itération	4	2
6.5	7.5	7 4	itération	7	itération	4	2
7.5	8.5	8 4	itération	8	itération	4	2
8.5	9.5	9 4	itération	9	itération	4	2
9.5	10.5	10 4	itération	10	itération	4	2
10.5	11.5	11 4	itération	11	itération	4	2
11.5	12.5	12 4	itération	12	itération	4	2
12.5	13.5	13 4	itération	13	itération	4	2
13.5	14.5	14 4	itération	14	itération	4	2
14.5	15.5	15 4	itération	15	itération	4	2
15.5	16.5	16 4	itération	16	itération	4	2
16.5	17.5	17 4	itération	17	itération	4	2
17.5	18.5	18 4	itération	18	itération	4	2
18.5	19.5	19 4	itération	19	itération	4	2
19.5	20.5	20 4	itération	20	itération	4	2
20.5	21.5	21 4	itération	21	itération	4	2
21.5	22.5	22 4	itération	22	itération	4	2
22.5	23.5	23 4	itération	23	itération	4	2
23.5	24.5	24 4	itération	24	itération	4	2
24.5	25.5	25 4	itération	25	itération	4	2
25.5	26.5	26 4	itération	26	itération	4	2
26.5	27.5	27 4	itération	27	itération	4	2
27.5	28.5	28 4	itération	28	itération	4	2
28.5	29.5	29 4	itération	29	itération	4	2
29.5	30.5	30 4	itération	30	itération	4	2
30.5	31.5	31 4	itération	31	itération	4	2
31.5	32.5	32 4	itération	32	itération	4	2
32.5	33.5	33 4	itération	33	itération	4	2
33.5	34.5	34 4	itération	34	itération	4	2
34.5	35.5	35 4	itération	35	itération	4	2
35.5	36.5	36 4	itération	36	itération	4	2
36.5	37.5	37 4	itération	37	itération	4	2
37.5	38.5	38 4	itération	38	itération	4	2
38.5	39.5	39 4	itération	39	itération	4	2
39.5	40.5	40 4	itération	40	itération	4	2
-0.5	0.5	0 5	itération	0	itération	5	2
0.5	1.5	1 5	itération	1	itération	5	2
1.5	2.5	2 5	itération	2	itération	5	2
2.5	3.5	3 5	itération	3	itération	5	2
3.5	4.5	4 5	itération	4	itération	5	2
4.5	5.5	1	itération	5	itération	5	2
5.5	6.5	6 5	itération	6	itération	5	2
6.5	7.5	7 5	itération	7	itération	5	2
7.5	8.5	8 5	itération	8	itération	5	2
8.5	9.5	9 5	itération	9	itération	5	2
9.5	10.5	10 5	itération	10	itération	5	2
10.5	11.5	11 5	itération	11	itération	5	2
11.5	12.5	12 5	itération	12	itération	5	2
12.5	13.5	13 5	itération	13	itération	5	2
13.5	14.5	14 5	itération	14	itération	5	2
14.5	15.5	15 5	itération	15	itération	5	2
15.5	16.5	16 5	itération	16	itération	5	2
16.5	17.5	17 5	itération	17	itération	5	2
17.5	18.5	18 5	itération	18	itération	5	2
18.5	19.5	19 5	itération	19	itération	5	2
19.5	20.5	20 5	itération	20	itération	5	2
20.5	21.5	21 5	itération	21	itération	5	2
21.5	22.5	22 5	itération	22	itération	5	2
22.5	23.5	23 5	itération	23	itération	5	2
23.5	24.5	24 5	itération	24	itération	5	2
24.5	25.5	25 5	itération	25	itération	5	2
25.5	26.5	26 5	itération	26	itération	5	2
26.5	27.5	27 5	itération	27	itération	5	2
27.5	28.5	28 5	itération	28	itération	5	2
28.5	29.5	29 5	itération	29	itération	5	2
29.5	30.5	30 5	itération	30	itération	5	2
30.5	31.5	31 5	itération	31	itération	5	2
31.5	32.5	32 5	itération	32	itération	5	2
32.5	33.5	33 5	itération	33	itération	5	2
33.5	34.5	34 5	itération	34	itération	5	2
34.5	35.5	35 5	itération	35	itération	5	2
35.5	36.5	36 5	itération	36	itération	5	2
36.5	37.5	37 5	itération	37	itération	5	2
37.5	38.5	38 5	itération	38	itération	5	2
38.5	39.5	39 5	itération	39	itération	5	2
39.5	40.5	40 5	itération	40	itération	5	2
-0.5	0.5	0 6	itération	0	itération	6	2
0.5	1.5	1 6	itération	1	itération	6	2
1.5	2.5	2 6	itération	2	itération	6	2
2.5	3.5	3 6	itération	3	itération	6	2
3.5	4.5	4 6	itération	4	itération	6	2
4.5	5.5	5 6	itération	5	itération	6	2
5.5	6.5	1	itération	6	itération	6	2
6.5	7.5	7 6	itération	7	itération	6	2
7.5	8.5	8 6	itération	8	itération	6	2
8.5	9.5	9 6	itération	9	itération	6	2
9.5	10.5	10 6	itération	10	itération	6	2
10.5	11.5	11 6	itération	11	itération	6	2
11.5	12.5	12 6	itération	12	itération	6	2
12.5	13.5	13 6	itération	13	itération	6	2
13.5	14.5	14 6	itération	14	itération	6	2
14.5	15.5	15 6	itération	15	itération	6	2
15.5	16.5	16 6	itération	16	itération	6	2
16.5	17.5	17 6	itération	17	itération	6	2
17.5	18.5	18 6	itération	18	itération	6	2
18.5	19.5	19 6	itération	19	itération	6	2
19.5	20.5	20 6	itération	20	itération	6	2
20.5	21.5	21 6	itération	21	itération	6	2
21.5	22.5	22 6	itération	22	itération	6	2
22.5	23.5	23 6	itération	23	itération	6	2
23.5	24.5	24 6	itération	24	itération	6	2
24.5	25.5	25 6	itération	25	itération	6	2
25.5	26.5	26 6	itération	26	itération	6	2
26.5	27.5	27 6	itération	27	itération	6	2
27.5	28.5	28 6	itération	28	itération	6	2
28.5	29.5	29 6	itération	29	itération	6	2
29.5	30.5	30 6	itération	30	itération	6	2
30.5	31.5	31 6	itération	31	itération	6	2
31.5	32.5	32 6	itération	32	itération	6	2
32.5	33.5	33 6	itération	33	itération	6	2
33.5	34.5	34 6	itération	34	itération	6	2
34.5	35.5	35 6	itération	35	itération	6	2
35.5	36.5	36 6	itération	36	itération	6	2
36.5	37.5	37 6	itération	37	itération	6	2
37.5	38.5	38 6	itération	38	itération	6	2
38.5	39.5	39 6	itération	39	itération	6	2
39.5	40.5	40 6	itération	40	itération	6	2
-0.5	0.5	0 7	itération	0	itération	7	2
0.5	1.5	1 7	itération	1	itération	7	2
1.5	2.5	2 7	itération	2	itération	7	2
2.5	3.5	3 7	itération	3	itération	7	2
3.5	4.5	4 7	itération	4	itération	7	2
4.5	5.5	5 7	itération	5	itération	7	2
5.5	6.5	6 7	itération	6	itération	7	2
6.5	7.5	1	itération	7	itération	7	2
7.5	8.5	8 7	itération	8	itération	7	2
8.5	9.5	9 7	itération	9	itération	7	2
9.5	10.5	10 7	itération	10	itération	7	2
10.5	11.5	11 7	itération	11	itération	7	2
11.5	12.5	12 7	itération	12	itération	7	2
12.5	13.5	13 7	itération	13	itération	7	2
13.5	14.5	14 7	itération	14	itération	7	2
14.5	15.5	15 7	itération	15	itération	7	2
15.5	16.5	16 7	itération	16	itération	7	2
16.5	17.5	17 7	itération	17	itération	7	2
17.5	18.5	18 7	itération	18	itération	7	2
18.5	19.5	19 7	itération	19	itération	7	2
19.5	20.5	20 7	itération	20	itération	7	2
20.5	21.5	21 7	itération	21	itération	7	2
21.5	22.5	22 7	itération	22	itération	7	2
22.5	23.5	23 7	itération	23	itération	7	2
23.5	24.5	24 7	itération	24	itération	7	2
24.5	25.5	25 7	itération	25	itération	7	2
25.5	26.5	26 7	itération	26	itération	7	2
26.5	27.5	27 7	itération	27	itération	7	2
27.5	28.5	28 7	itération	28	itération	7	2
28.5	29.5	29 7	itération	29	itération	7	2
29.5	30.5	30 7	itération	30	itération	7	2
30.5	31.5	31 7	itération	31	itération	7	2
31.5	32.5	32 7	itération	32	itération	7	2
32.5	33.5	33 7	itération	33	itération	7	2
33.5	34.5	34 7	itération	34	itération	7	2
34.5	35.5	35 7	itération	35	itération	7	2
35.5	36.5	36 7	itération	36	itération	7	2
36.5	37.5	37 7	itération	37	itération	7	2
37.5	38.5	38 7	itération	38	itération	7	2
38.5	39.5	39 7	itération	39	itération	7	2
39.5	40.5	40 7	itération	40	itération	7	2
-0.5	0.5	0 8	itération	0	itération	8	2
0.5	1.5	1 8	itération	1	itération	8	2
1.5	2.5	2 8	itération	2	itération	8	2
2.5	3.5	3 8	itération	3	itération	8	2
3.5	4.5	4 8	itération	4	itération	8	2
4.5	5.5	5 8	itération	5	itération	8	2
5.5	6.5	6 8	itération	6	itération	8	2
6.5	7.5	7 8	itération	7	itération	8	2
7.5	8.5	1	itération	8	itération	8	2
8.5	9.5	9 8	itération	9	itération	8	2
9.5	10.5	10 8	itération	10	itération	8	2
10.5	11.5	11 8	itération	11	itération	8	2
11.5	12.5	12 8	itération	12	itération	8	2
12.5	13.5	13 8	itération	13	itération	8	2
13.5	14.5	14 8	itération	14	itération	8	2
14.5	15.5	15 8	itération	15	itération	8	2
15.5	16.5	16 8	itération	16	itération	8	2
16.5	17.5	17 8	itération	17	itération	8	2
17.5	18.5	18 8	itération	18	itération	8	2
18.5	19.5	19 8	itération	19	itération	8	2
19.5	20.5	20 8	itération	20	itération	8	2
20.5	21.5	21 8	itération	21	itération	8	2
21.5	22.5	22 8	itération	22	itération	8	2
22.5	23.5	23 8	itération	23	itération	8	2
23.5	24.5	24 8	itération	24	itération	8	2
24.5	25.5	25 8	itération	25	itération	8	2
25.5	26.5	26 8	itération	26	itération	8	2
26.5	27.5	27 8	itération	27	itération	8	2
27.5	28.5	28 8	itération	28	itération	8	2
28.5	29.5	29 8	itération	29	itération	8	2
29.5	30.5	30 8	itération	30	itération	8	2
30.5	31.5	31 8	itération	31	itération	8	2
31.5	32.5	32 8	itération	32	itération	8	2
32.5	33.5	33 8	itération	33	itération	8	2
33.5	34.5	34 8	itération	34	itération	8	2
34.5	35.5	35 8	itération	35	itération	8	2
35.5	36.5	36 8	itération	36	itération	8	2
36.5	37.5	37 8	itération	37	itération	8	2
37.5	38.5	38 8	itération	38	itération	8	2
38.5	39.5	39 8	itération	39	itération	8	2
39.5	40.5	40 8	itération	40	itération	8	2
-0.5	0.5	0 9	itération	0	itération	9	2
0.5	1.5	1 9	itération	1	itération	9	2
1.5	2.5	2 9	itération	2	itération	9	2
2.5	3.5	3 9	itération	3	itération	9	2
3.5	4.5	4 9	itération	4	itération	9	2
4.5	5.5	5 9	itération	5	itération	9	2
5.5	6.5	6 9	itération	6	itération	9	2
6.5	7.5	7 9	itération	7	itération	9	2
7.5	8.5	8 9	itération	8	itération	9	2
8.5	9.5	1	itération	9	itération	9	2
9.5	10.5	10 9	itération	10	itération	9	2
10.5	11.5	11 9	itération	11	itération	9	2
11.5	12.5	12 9	itération	12	itération	9	2
12.5	13.5	13 9	itération	13	itération	9	2
13.5	14.5	14 9	itération	14	itération	9	2
14.5	15.5	15 9	itération	15	itération	9	2
15.5	16.5	16 9	itération	16	itération	9	2
16.5	17.5	17 9	itération	17	itération	9	2
17.5	18.5	18 9	itération	18	itération	9	2
18.5	19.5	19 9	itération	19	itération	9	2
19.5	20.5	20 9	itération	20	itération	9	2
20.5	21.5	21 9	itération	21	itération	9	2
21.5	22.5	22 9	itération	22	itération	9	2
22.5	23.5	23 9	itération	23	itération	9	2
23.5	24.5	24 9	itération	24	itération	9	2
24.5	25.5	25 9	itération	25	itération	9	2
25.5	26.5	26 9	itération	26	itération	9	2
26.5	27.5	27 9	itération	27	itération	9	2
27.5	28.5	28 9	itération	28	itération	9	2
28.5	29.5	29 9	itération	29	itération	9	2
29.5	30.5	30 9	itération	30	itération	9	2
30.5	31.5	31 9	itération	31	itération	9	2
31.5	32.5	32 9	itération	32	itération	9	2
32.5	33.5	33 9	itération	33	itération	9	2
33.5	34.5	34 9	itération	34	itération	9	2
34.5	35.5	35 9	itération	35	itération	9	2
35.5	36.5	36 9	itération	36	itération	9	2
36.5	37.5	37 9	itération	37	itération	9	2
37.5	38.5	38 9	itération	38	itération	9	2
38.5	39.5	39 9	itération	39	itération	9	2
39.5	40.5	40 9	itération	40	itération	9	2
-0.5	0.5	0 10	itération	0	itération	10	2
0.5	1.5	1 10	itération	1	itération	10	2
1.5	2.5	2 10	itération	2	itération	10	2
2.5	3.5	3 10	itération	3	itération	10	2
3.5	4.5	4 10	itération	4	itération	10	2
4.5	5.5	5 10	itération	5	itération	10	2
5.5	6.5	6 10	itération	6	itération	10	2
6.5	7.5	7 10	itération	7	itération	10	2
7.5	8.5	8 10	itération	8	itération	10	2
8.5	9.5	9 10	itération	9	itération	10	2
9.5	10.5	1	itération	10	itération	10	2
10.5	11.5	11 10	itération	11	itération	10	2
11.5	12.5	12 10	itération	12	itération	10	2
12.5	13.5	13 10	itération	13	itération	10	2
13.5	14.5	14 10	itération	14	itération	10	2
14.5	15.5	15 10	itération	15	itération	10	2
15.5	16.5	16 10	itération	16	itération	10	2
16.5	17.5	17 10	itération	17	itération	10	2
17.5	18.5	18 10	itération	18	itération	10	2
18.5	19.5	19 10	itération	19	itération	10	2
19.5	20.5	20 10	itération	20	itération	10	2
20.5	21.5	21 10	itération	21	itération	10	2
21.5	22.5	22 10	itération	22	itération	10	2
22.5	23.5	23 10	itération	23	itération	10	2
23.5	24.5	24 10	itération	24	itération	10	2
24.5	25.5	25 10	itération	25	itération	10	2
25.5	26.5	26 10	itération	26	itération	10	2
26.5	27.5	27 10	itération	27	itération	10	2
27.5	28.5	28 10	itération	28	itération	10	2
28.5	29.5	29 10	itération	29	itération	10	2
29.5	30.5	30 10	itération	30	itération	10	2
30.5	31.5	31 10	itération	31	itération	10	2
31.5	32.5	32 10	itération	32	itération	10	2
32.5	33.5	33 10	itération	33	itération	10	2
33.5	34.5	34 10	itération	34	itération	10	2
34.5	35.5	35 10	itération	35	itération	10	2
35.5	36.5	36 10	itération	36	itération	10	2
36.5	37.5	37 10	itération	37	itération	10	2
37.5	38.5	38 10	itération	38	itération	10	2
38.5	39.5	39 10	itération	39	itération	10	2
39.5	40.5	40 10	itération	40	itération	10	2
-0.5	0.5	0 11	itération	0	itération	11	2
0.5	1.5	1 11	itération	1	itération	11	2
1.5	2.5	2 11	itération	2	itération	11	2
2.5	3.5	3 11	itération	3	itération	11	2
3.5	4.5	4 11	itération	4	itération	11	2
4.5	5.5	5 11	itération	5	itération	11	2
5.5	6.5	6 11	itération	6	itération	11	2
6.5	7.5	7 11	itération	7	itération	11	2
7.5	8.5	8 11	itération	8	itération	11	2
8.5	9.5	9 11	itération	9	itération	11	2
9.5	10.5	10 11	itération	10	itération	11	2
10.5	11.5	1	itération	11	itération	11	2
11.5	12.5	12 11	itération	12	itération	11	2
12.5	13.5	13 11	itération	13	itération	11	2
13.5	14.5	14 11	itération	14	itération	11	2
14.5	15.5	15 11	itération	15	itération	11	2
15.5	16.5	16 11	itération	16	itération	11	2
16.5	17.5	17 11	itération	17	itération	11	2
17.5	18.5	18 11	itération	18	itération	11	2
18.5	19.5	19 11	itération	19	itération	11	2
19.5	20.5	20 11	itération	20	itération	11	2
20.5	21.5	21 11	itération	21	itération	11	2
21.5	22.5	22 11	itération	22	itération	11	2
22.5	23.5	23 11	itération	23	itération	11	2
23.5	24.5	24 11	itération	24	itération	11	2
24.5	25.5	25 11	itération	25	itération	11	2
25.5	26.5	26 11	itération	26	itération	11	2
26.5	27.5	27 11	itération	27	itération	11	2
27.5	28.5	28 11	itération	28	itération	11	2
28.5	29.5	29 11	itération	29	itération	11	2
29.5	30.5	30 11	itération	30	itération	11	2
30.5	31.5	31 11	itération	31	itération	11	2
31.5	32.5	32 11	itération	32	itération	11	2
32.5	33.5	33 11	itération	33	itération	11	2
33.5	34.5	34 11	itération	34	itération	11	2
34.5	35.5	35 11	itération	35	itération	11	2
35.5	36.5	36 11	itération	36	itération	11	2
36.5	37.5	37 11	itération	37	itération	11	2
37.5	38.5	38 11	itération	38	itération	11	2
38.5	39.5	39 11	itération	39	itération	11	2
39.5	40.5	40 11	itération	40	itération	11	2
-0.5	0.5	0 12	itération	0	itération	12	2
0.5	1.5	1 12	itération	1	itération	12	2
1.5	2.5	2 12	itération	2	itération	12	2
2.5	3.5	3 12	itération	3	itération	12	2
3.5	4.5	4 12	itération	4	itération	12	2
4.5	5.5	5 12	itération	5	itération	12	2
5.5	6.5	6 12	itération	6	itération	12	2
6.5	7.5	7 12	itération	7	itération	12	2
7.5	8.5	8 12	itération	8	itération	12	2
8.5	9.5	9 12	itération	9	itération	12	2
9.5	10.5	10 12	itération	10	itération	12	2
10.5	11.5	11 12	itération	11	itération	12	2
11.5	12.5	1	itération	12	itération	12	2
12.5	13.5	13 12	itération	13	itération	12	2
13.5	14.5	14 12	itération	14	itération	12	2
14.5	15.5	15 12	itération	15	itération	12	2
15.5	16.5	16 12	itération	16	itération	12	2
16.5	17.5	17 12	itération	17	itération	12	2
17.5	18.5	18 12	itération	18	itération	12	2
18.5	19.5	19 12	itération	19	itération	12	2
19.5	20.5	20 12	itération	20	itération	12	2
20.5	21.5	21 12	itération	21	itération	12	2
21.5	22.5	22 12	itération	22	itération	12	2
22.5	23.5	23 12	itération	23	itération	12	2
23.5	24.5	24 12	itération	24	itération	12	2
24.5	25.5	25 12	itération	25	itération	12	2
25.5	26.5	26 12	itération	26	itération	12	2
26.5	27.5	27 12	itération	27	itération	12	2
27.5	28.5	28 12	itération	28	itération	12	2
28.5	29.5	29 12	itération	29	itération	12	2
29.5	30.5	30 12	itération	30	itération	12	2
30.5	31.5	31 12	itération	31	itération	12	2
31.5	32.5	32 12	itération	32	itération	12	2
32.5	33.5	33 12	itération	33	itération	12	2
33.5	34.5	34 12	itération	34	itération	12	2
34.5	35.5	35 12	itération	35	itération	12	2
35.5	36.5	36 12	itération	36	itération	12	2
36.5	37.5	37 12	itération	37	itération	12	2
37.5	38.5	38 12	itération	38	itération	12	2
38.5	39.5	39 12	itération	39	itération	12	2
39.5	40.5	40 12	itération	40	itération	12	2
-0.5	0.5	0 13	itération	0	itération	13	2
0.5	1.5	1 13	itération	1	itération	13	2
1.5	2.5	2 13	itération	2	itération	13	2
2.5	3.5	3 13	itération	3	itération	13	2
3.5	4.5	4 13	itération	4	itération	13	2
4.5	5.5	5 13	itération	5	itération	13	2
5.5	6.5	6 13	itération	6	itération	13	2
6.5	7.5	7 13	itération	7	itération	13	2
7.5	8.5	8 13	itération	8	itération	13	2
8.5	9.5	9 13	itération	9	itération	13	2
9.5	10.5	10 13	itération	10	itération	13	2
10.5	11.5	11 13	itération	11	itération	13	2
11.5	12.5	12 13	itération	12	itération	13	2
12.5	13.5	1	itération	13	itération	13	2
13.5	14.5	14 13	itération	14	itération	13	2
14.5	15.5	15 13	itération	15	itération	13	2
15.5	16.5	16 13	itération	16	itération	13	2
16.5	17.5	17 13	itération	17	itération	13	2
17.5	18.5	18 13	itération	18	itération	13	2
18.5	19.5	19 13	itération	19	itération	13	2
19.5	20.5	20 13	itération	20	itération	13	2
20.5	21.5	21 13	itération	21	itération	13	2
21.5	22.5	22 13	itération	22	itération	13	2
22.5	23.5	23 13	itération	23	itération	13	2
23.5	24.5	24 13	itération	24	itération	13	2
24.5	25.5	25 13	itération	25	itération	13	2
25.5	26.5	26 13	itération	26	itération	13	2
26.5	27.5	27 13	itération	27	itération	13	2
27.5	28.5	28 13	itération	28	itération	13	2
28.5	29.5	29 13	itération	29	itération	13	2
29.5	30.5	30 13	itération	30	itération	13	2
30.5	31.5	31 13	itération	31	itération	13	2
31.5	32.5	32 13	itération	32	itération	13	2
32.5	33.5	33 13	itération	33	itération	13	2
33.5	34.5	34 13	itération	34	itération	13	2
34.5	35.5	35 13	itération	35	itération	13	2
35.5	36.5	36 13	itération	36	itération	13	2
36.5	37.5	37 13	itération	37	itération	13	2
37.5	38.5	38 13	itération	38	itération	13	2
38.5	39.5	39 13	itération	39	itération	13	2
39.5	40.5	40 13	itération	40	itération	13	2
-0.5	0.5	0 14	itération	0	itération	14	2
0.5	1.5	1 14	itération	1	itération	14	2
1.5	2.5	2 14	itération	2	itération	14	2
2.5	3.5	3 14	itération	3	itération	14	2
3.5	4.5	4 14	itération	4	itération	14	2
4.5	5.5	5 14	itération	5	itération	14	2
5.5	6.5	6 14	itération	6	itération	14	2
6.5	7.5	7 14	itération	7	itération	14	2
7.5	8.5	8 14	itération	8	itération	14	2
8.5	9.5	9 14	itération	9	itération	14	2
9.5	10.5	10 14	itération	10	itération	14	2
10.5	11.5	11 14	itération	11	itération	14	2
11.5	12.5	12 14	itération	12	itération	14	2
12.5	13.5	13 14	itération	13	itération	14	2
13.5	14.5	1	itération	14	itération	14	2
14.5	15.5	15 14	itération	15	itération	14	2
15.5	16.5	16 14	itération	16	itération	14	2
16.5	17.5	17 14	itération	17	itération	14	2
17.5	18.5	18 14	itération	18	itération	14	2
18.5	19.5	19 14	itération	19	itération	14	2
19.5	20.5	20 14	itération	20	itération	14	2
20.5	21.5	21 14	itération	21	itération	14	2
21.5	22.5	22 14	itération	22	itération	14	2
22.5	23.5	23 14	itération	23	itération	14	2
23.5	24.5	24 14	itération	24	itération	14	2
24.5	25.5	25 14	itération	25	itération	14	2
25.5	26.5	26 14	itération	26	itération	14	2
26.5	27.5	27 14	itération	27	itération	14	2
27.5	28.5	28 14	itération	28	itération	14	2
28.5	29.5	29 14	itération	29	itération	14	2
29.5	30.5	30 14	itération	30	itération	14	2
30.5	31.5	31 14	itération	31	itération	14	2
31.5	32.5	32 14	itération	32	itération	14	2
32.5	33.5	33 14	itération	33	itération	14	2
33.5	34.5	34 14	itération	34	itération	14	2
34.5	35.5	35 14	itération	35	itération	14	2
35.5	36.5	36 14	itération	36	itération	14	2
36.5	37.5	37 14	itération	37	itération	14	2
37.5	38.5	38 14	itération	38	itération	14	2
38.5	39.5	39 14	itération	39	itération	14	2
39.5	40.5	40 14	itération	40	itération	14	2
-0.5	0.5	0 15	itération	0	itération	15	2
0.5	1.5	1 15	itération	1	itération	15	2
1.5	2.5	2 15	itération	2	itération	15	2
2.5	3.5	3 15	itération	3	itération	15	2
3.5	4.5	4 15	itération	4	itération	15	2
4.5	5.5	5 15	itération	5	itération	15	2
5.5	6.5	6 15	itération	6	itération	15	2
6.5	7.5	7 15	itération	7	itération	15	2
7.5	8.5	8 15	itération	8	itération	15	2
8.5	9.5	9 15	itération	9	itération	15	2
9.5	10.5	10 15	itération	10	itération	15	2
10.5	11.5	11 15	itération	11	itération	15	2
11.5	12.5	12 15	itération	12	itération	15	2
12.5	13.5	13 15	itération	13	itération	15	2
13.5	14.5	14 15	itération	14	itération	15	2
14.5	15.5	1	itération	15	itération	15	2
15.5	16.5	16 15	itération	16	itération	15	2
16.5	17.5	17 15	itération	17	itération	15	2
17.5	18.5	18 15	itération	18	itération	15	2
18.5	19.5	19 15	itération	19	itération	15	2
19.5	20.5	20 15	itération	20	itération	15	2
20.5	21.5	21 15	itération	21	itération	15	2
21.5	22.5	22 15	itération	22	itération	15	2
22.5	23.5	23 15	itération	23	itération	15	2
23.5	24.5	24 15	itération	24	itération	15	2
24.5	25.5	25 15	itération	25	itération	15	2
25.5	26.5	26 15	itération	26	itération	15	2
26.5	27.5	27 15	itération	27	itération	15	2
27.5	28.5	28 15	itération	28	itération	15	2
28.5	29.5	29 15	itération	29	itération	15	2
29.5	30.5	30 15	itération	30	itération	15	2
30.5	31.5	31 15	itération	31	itération	15	2
31.5	32.5	32 15	itération	32	itération	15	2
32.5	33.5	33 15	itération	33	itération	15	2
33.5	34.5	34 15	itération	34	itération	15	2
34.5	35.5	35 15	itération	35	itération	15	2
35.5	36.5	36 15	itération	36	itération	15	2
36.5	37.5	37 15	itération	37	itération	15	2
37.5	38.5	38 15	itération	38	itération	15	2
38.5	39.5	39 15	itération	39	itération	15	2
39.5	40.5	40 15	itération	40	itération	15	2
-0.5	0.5	0 16	itération	0	itération	16	2
0.5	1.5	1 16	itération	1	itération	16	2
1.5	2.5	2 16	itération	2	itération	16	2
2.5	3.5	3 16	itération	3	itération	16	2
3.5	4.5	4 16	itération	4	itération	16	2
4.5	5.5	5 16	itération	5	itération	16	2
5.5	6.5	6 16	itération	6	itération	16	2
6.5	7.5	7 16	itération	7	itération	16	2
7.5	8.5	8 16	itération	8	itération	16	2
8.5	9.5	9 16	itération	9	itération	16	2
9.5	10.5	10 16	itération	10	itération	16	2
10.5	11.5	11 16	itération	11	itération	16	2
11.5	12.5	12 16	itération	12	itération	16	2
12.5	13.5	13 16	itération	13	itération	16	2
13.5	14.5	14 16	itération	14	itération	16	2
14.5	15.5	15 16	itération	15	itération	16	2
15.5	16.5	1	itération	16	itération	16	2
16.5	17.5	17 16	itération	17	itération	16	2
17.5	18.5	18 16	itération	18	itération	16	2
18.5	19.5	19 16	itération	19	itération	16	2
19.5	20.5	20 16	itération	20	itération	16	2
20.5	21.5	21 16	itération	21	itération	16	2
21.5	22.5	22 16	itération	22	itération	16	2
22.5	23.5	23 16	itération	23	itération	16	2
23.5	24.5	24 16	itération	24	itération	16	2
24.5	25.5	25 16	itération	25	itération	16	2
25.5	26.5	26 16	itération	26	itération	16	2
26.5	27.5	27 16	itération	27	itération	16	2
27.5	28.5	28 16	itération	28	itération	16	2
28.5	29.5	29 16	itération	29	itération	16	2
29.5	30.5	30 16	itération	30	itération	16	2
30.5	31.5	31 16	itération	31	itération	16	2
31.5	32.5	32 16	itération	32	itération	16	2
32.5	33.5	33 16	itération	33	itération	16	2
33.5	34.5	34 16	itération	34	itération	16	2
34.5	35.5	35 16	itération	35	itération	16	2
35.5	36.5	36 16	itération	36	itération	16	2
36.5	37.5	37 16	itération	37	itération	16	2
37.5	38.5	38 16	itération	38	itération	16	2
38.5	39.5	39 16	itération	39	itération	16	2
39.5	40.5	40 16	itération	40	itération	16	2
-0.5	0.5	0 17	itération	0	itération	17	2
0.5	1.5	1 17	itération	1	itération	17	2
1.5	2.5	2 17	itération	2	itération	17	2
2.5	3.5	3 17	itération	3	itération	17	2
3.5	4.5	4 17	itération	4	itération	17	2
4.5	5.5	5 17	itération	5	itération	17	2
5.5	6.5	6 17	itération	6	itération	17	2
6.5	7.5	7 17	itération	7	itération	17	2
7.5	8.5	8 17	itération	8	itération	17	2
8.5	9.5	9 17	itération	9	itération	17	2
9.5	10.5	10 17	itération	10	itération	17	2
10.5	11.5	11 17	itération	11	itération	17	2
11.5	12.5	12 17	itération	12	itération	17	2
12.5	13.5	13 17	itération	13	itération	17	2
13.5	14.5	14 17	itération	14	itération	17	2
14.5	15.5	15 17	itération	15	itération	17	2
15.5	16.5	16 17	itération	16	itération	17	2
16.5	17.5	1	itération	17	itération	17	2
17.5	18.5	18 17	itération	18	itération	17	2
18.5	19.5	19 17	itération	19	itération	17	2
19.5	20.5	20 17	itération	20	itération	17	2
20.5	21.5	21 17	itération	21	itération	17	2
21.5	22.5	22 17	itération	22	itération	17	2
22.5	23.5	23 17	itération	23	itération	17	2
23.5	24.5	24 17	itération	24	itération	17	2
24.5	25.5	25 17	itération	25	itération	17	2
25.5	26.5	26 17	itération	26	itération	17	2
26.5	27.5	27 17	itération	27	itération	17	2
27.5	28.5	28 17	itération	28	itération	17	2
28.5	29.5	29 17	itération	29	itération	17	2
29.5	30.5	30 17	itération	30	itération	17	2
30.5	31.5	31 17	itération	31	itération	17	2
31.5	32.5	32 17	itération	32	itération	17	2
32.5	33.5	33 17	itération	33	itération	17	2
33.5	34.5	34 17	itération	34	itération	17	2
34.5	35.5	35 17	itération	35	itération	17	2
35.5	36.5	36 17	itération	36	itération	17	2
36.5	37.5	37 17	itération	37	itération	17	2
37.5	38.5	38 17	itération	38	itération	17	2
38.5	39.5	39 17	itération	39	itération	17	2
39.5	40.5	40 17	itération	40	itération	17	2
-0.5	0.5	0 18	itération	0	itération	18	2
0.5	1.5	1 18	itération	1	itération	18	2
1.5	2.5	2 18	itération	2	itération	18	2
2.5	3.5	3 18	itération	3	itération	18	2
3.5	4.5	4 18	itération	4	itération	18	2
4.5	5.5	5 18	itération	5	itération	18	2
5.5	6.5	6 18	itération	6	itération	18	2
6.5	7.5	7 18	itération	7	itération	18	2
7.5	8.5	8 18	itération	8	itération	18	2
8.5	9.5	9 18	itération	9	itération	18	2
9.5	10.5	10 18	itération	10	itération	18	2
10.5	11.5	11 18	itération	11	itération	18	2
11.5	12.5	12 18	itération	12	itération	18	2
12.5	13.5	13 18	itération	13	itération	18	2
13.5	14.5	14 18	itération	14	itération	18	2
14.5	15.5	15 18	itération	15	itération	18	2
15.5	16.5	16 18	itération	16	itération	18	2
16.5	17.5	17 18	itération	17	itération	18	2
17.5	18.5	1	itération	18	itération	18	2
18.5	19.5	19 18	itération	19	itération	18	2
19.5	20.5	20 18	itération	20	itération	18	2
20.5	21.5	21 18	itération	21	itération	18	2
21.5	22.5	22 18	itération	22	itération	18	2
22.5	23.5	23 18	itération	23	itération	18	2
23.5	24.5	24 18	itération	24	itération	18	2
24.5	25.5	25 18	itération	25	itération	18	2
25.5	26.5	26 18	itération	26	itération	18	2
26.5	27.5	27 18	itération	27	itération	18	2
27.5	28.5	28 18	itération	28	itération	18	2
28.5	29.5	29 18	itération	29	itération	18	2
29.5	30.5	30 18	itération	30	itération	18	2
30.5	31.5	31 18	itération	31	itération	18	2
31.5	32.5	32 18	itération	32	itération	18	2
32.5	33.5	33 18	itération	33	itération	18	2
33.5	34.5	34 18	itération	34	itération	18	2
34.5	35.5	35 18	itération	35	itération	18	2
35.5	36.5	36 18	itération	36	itération	18	2
36.5	37.5	37 18	itération	37	itération	18	2
37.5	38.5	38 18	itération	38	itération	18	2
38.5	39.5	39 18	itération	39	itération	18	2
39.5	40.5	40 18	itération	40	itération	18	2
-0.5	0.5	0 19	itération	0	itération	19	2
0.5	1.5	1 19	itération	1	itération	19	2
1.5	2.5	2 19	itération	2	itération	19	2
2.5	3.5	3 19	itération	3	itération	19	2
3.5	4.5	4 19	itération	4	itération	19	2
4.5	5.5	5 19	itération	5	itération	19	2
5.5	6.5	6 19	itération	6	itération	19	2
6.5	7.5	7 19	itération	7	itération	19	2
7.5	8.5	8 19	itération	8	itération	19	2
8.5	9.5	9 19	itération	9	itération	19	2
9.5	10.5	10 19	itération	10	itération	19	2
10.5	11.5	11 19	itération	11	itération	19	2
11.5	12.5	12 19	itération	12	itération	19	2
12.5	13.5	13 19	itération	13	itération	19	2
13.5	14.5	14 19	itération	14	itération	19	2
14.5	15.5	15 19	itération	15	itération	19	2
15.5	16.5	16 19	itération	16	itération	19	2
16.5	17.5	17 19	itération	17	itération	19	2
17.5	18.5	18 19	itération	18	itération	19	2
18.5	19.5	1	itération	19	itération	19	2
19.5	20.5	20 19	itération	20	itération	19	2
20.5	21.5	21 19	itération	21	itération	19	2
21.5	22.5	22 19	itération	22	itération	19	2
22.5	23.5	23 19	itération	23	itération	19	2
23.5	24.5	24 19	itération	24	itération	19	2
24.5	25.5	25 19	itération	25	itération	19	2
25.5	26.5	26 19	itération	26	itération	19	2
26.5	27.5	27 19	itération	27	itération	19	2
27.5	28.5	28 19	itération	28	itération	19	2
28.5	29.5	29 19	itération	29	itération	19	2
29.5	30.5	30 19	itération	30	itération	19	2
30.5	31.5	31 19	itération	31	itération	19	2
31.5	32.5	32 19	itération	32	itération	19	2
32.5	33.5	33 19	itération	33	itération	19	2
33.5	34.5	34 19	itération	34	itération	19	2
34.5	35.5	35 19	itération	35	itération	19	2
35.5	36.5	36 19	itération	36	itération	19	2
36.5	37.5	37 19	itération	37	itération	19	2
37.5	38.5	38 19	itération	38	itération	19	2
38.5	39.5	39 19	itération	39	itération	19	2
39.5	40.5	40 19	itération	40	itération	19	2
-0.5	0.5	0 20	itération	0	itération	20	2
0.5	1.5	1 20	itération	1	itération	20	2
1.5	2.5	2 20	itération	2	itération	20	2
2.5	3.5	3 20	itération	3	itération	20	2
3.5	4.5	4 20	itération	4	itération	20	2
4.5	5.5	5 20	itération	5	itération	20	2
5.5	6.5	6 20	itération	6	itération	20	2
6.5	7.5	7 20	itération	7	itération	20	2
7.5	8.5	8 20	itération	8	itération	20	2
8.5	9.5	9 20	itération	9	itération	20	2
9.5	10.5	10 20	itération	10	itération	20	2
10.5	11.5	11 20	itération	11	itération	20	2
11.5	12.5	12 20	itération	12	itération	20	2
12.5	13.5	13 20	itération	13	itération	20	2
13.5	14.5	14 20	itération	14	itération	20	2
14.5	15.5	15 20	itération	15	itération	20	2
15.5	16.5	16 20	itération	16	itération	20	2
16.5	17.5	17 20	itération	17	itération	20	2
17.5	18.5	18 20	itération	18	itération	20	2
18.5	19.5	19 20	itération	19	itération	20	2
19.5	20.5	1	itération	20	itération	20	2
20.5	21.5	21 20	itération	21	itération	20	2
21.5	22.5	22 20	itération	22	itération	20	2
22.5	23.5	23 20	itération	23	itération	20	2
23.5	24.5	24 20	itération	24	itération	20	2
24.5	25.5	25 20	itération	25	itération	20	2
25.5	26.5	26 20	itération	26	itération	20	2
26.5	27.5	27 20	itération	27	itération	20	2
27.5	28.5	28 20	itération	28	itération	20	2
28.5	29.5	29 20	itération	29	itération	20	2
29.5	30.5	30 20	itération	30	itération	20	2
30.5	31.5	31 20	itération	31	itération	20	2
31.5	32.5	32 20	itération	32	itération	20	2
32.5	33.5	33 20	itération	33	itération	20	2
33.5	34.5	34 20	itération	34	itération	20	2
34.5	35.5	35 20	itération	35	itération	20	2
35.5	36.5	36 20	itération	36	itération	20	2
36.5	37.5	37 20	itération	37	itération	20	2
37.5	38.5	38 20	itération	38	itération	20	2
38.5	39.5	39 20	itération	39	itération	20	2
39.5	40.5	40 20	itération	40	itération	20	2
-0.5	0.5	0 21	itération	0	itération	21	2
0.5	1.5	1 21	itération	1	itération	21	2
1.5	2.5	2 21	itération	2	itération	21	2
2.5	3.5	3 21	itération	3	itération	21	2
3.5	4.5	4 21	itération	4	itération	21	2
4.5	5.5	5 21	itération	5	itération	21	2
5.5	6.5	6 21	itération	6	itération	21	2
6.5	7.5	7 21	itération	7	itération	21	2
7.5	8.5	8 21	itération	8	itération	21	2
8.5	9.5	9 21	itération	9	itération	21	2
9.5	10.5	10 21	itération	10	itération	21	2
10.5	11.5	11 21	itération	11	itération	21	2
11.5	12.5	12 21	itération	12	itération	21	2
12.5	13.5	13 21	itération	13	itération	21	2
13.5	14.5	14 21	itération	14	itération	21	2
14.5	15.5	15 21	itération	15	itération	21	2
15.5	16.5	16 21	itération	16	itération	21	2
16.5	17.5	17 21	itération	17	itération	21	2
17.5	18.5	18 21	itération	18	itération	21	2
18.5	19.5	19 21	itération	19	itération	21	2
19.5	20.5	20 21	itération	20	itération	21	2
20.5	21.5	1	itération	21	itération	21	2
21.5	22.5	22 21	itération	22	itération	21	2
22.5	23.5	23 21	itération	23	itération	21	2
23.5	24.5	24 21	itération	24	itération	21	2
24.5	25.5	25 21	itération	25	itération	21	2
25.5	26.5	26 21	itération	26	itération	21	2
26.5	27.5	27 21	itération	27	itération	21	2
27.5	28.5	28 21	itération	28	itération	21	2
28.5	29.5	29 21	itération	29	itération	21	2
29.5	30.5	30 21	itération	30	itération	21	2
30.5	31.5	31 21	itération	31	itération	21	2
31.5	32.5	32 21	itération	32	itération	21	2
32.5	33.5	33 21	itération	33	itération	21	2
33.5	34.5	34 21	itération	34	itération	21	2
34.5	35.5	35 21	itération	35	itération	21	2
35.5	36.5	36 21	itération	36	itération	21	2
36.5	37.5	37 21	itération	37	itération	21	2
37.5	38.5	38 21	itération	38	itération	21	2
38.5	39.5	39 21	itération	39	itération	21	2
39.5	40.5	40 21	itération	40	itération	21	2
-0.5	0.5	0 22	itération	0	itération	22	2
0.5	1.5	1 22	itération	1	itération	22	2
1.5	2.5	2 22	itération	2	itération	22	2
2.5	3.5	3 22	itération	3	itération	22	2
3.5	4.5	4 22	itération	4	itération	22	2
4.5	5.5	5 22	itération	5	itération	22	2
5.5	6.5	6 22	itération	6	itération	22	2
6.5	7.5	7 22	itération	7	itération	22	2
7.5	8.5	8 22	itération	8	itération	22	2
8.5	9.5	9 22	itération	9	itération	22	2
9.5	10.5	10 22	itération	10	itération	22	2
10.5	11.5	11 22	itération	11	itération	22	2
11.5	12.5	12 22	itération	12	itération	22	2
12.5	13.5	13 22	itération	13	itération	22	2
13.5	14.5	14 22	itération	14	itération	22	2
14.5	15.5	15 22	itération	15	itération	22	2
15.5	16.5	16 22	itération	16	itération	22	2
16.5	17.5	17 22	itération	17	itération	22	2
17.5	18.5	18 22	itération	18	itération	22	2
18.5	19.5	19 22	itération	19	itération	22	2
19.5	20.5	20 22	itération	20	itération	22	2
20.5	21.5	21 22	itération	21	itération	22	2
21.5	22.5	1	itération	22	itération	22	2
22.5	23.5	23 22	itération	23	itération	22	2
23.5	24.5	24 22	itération	24	itération	22	2
24.5	25.5	25 22	itération	25	itération	22	2
25.5	26.5	26 22	itération	26	itération	22	2
26.5	27.5	27 22	itération	27	itération	22	2
27.5	28.5	28 22	itération	28	itération	22	2
28.5	29.5	29 22	itération	29	itération	22	2
29.5	30.5	30 22	itération	30	itération	22	2
30.5	31.5	31 22	itération	31	itération	22	2
31.5	32.5	32 22	itération	32	itération	22	2
32.5	33.5	33 22	itération	33	itération	22	2
33.5	34.5	34 22	itération	34	itération	22	2
34.5	35.5	35 22	itération	35	itération	22	2
35.5	36.5	36 22	itération	36	itération	22	2
36.5	37.5	37 22	itération	37	itération	22	2
37.5	38.5	38 22	itération	38	itération	22	2
38.5	39.5	39 22	itération	39	itération	22	2
39.5	40.5	40 22	itération	40	itération	22	2
-0.5	0.5	0 23	itération	0	itération	23	2
0.5	1.5	1 23	itération	1	itération	23	2
1.5	2.5	2 23	itération	2	itération	23	2
2.5	3.5	3 23	itération	3	itération	23	2
3.5	4.5	4 23	itération	4	itération	23	2
4.5	5.5	5 23	itération	5	itération	23	2
5.5	6.5	6 23	itération	6	itération	23	2
6.5	7.5	7 23	itération	7	itération	23	2
7.5	8.5	8 23	itération	8	itération	23	2
8.5	9.5	9 23	itération	9	itération	23	2
9.5	10.5	10 23	itération	10	itération	23	2
10.5	11.5	11 23	itération	11	itération	23	2
11.5	12.5	12 23	itération	12	itération	23	2
12.5	13.5	13 23	itération	13	itération	23	2
13.5	14.5	14 23	itération	14	itération	23	2
14.5	15.5	15 23	itération	15	itération	23	2
15.5	16.5	16 23	itération	16	itération	23	2
16.5	17.5	17 23	itération	17	itération	23	2
17.5	18.5	18 23	itération	18	itération	23	2
18.5	19.5	19 23	itération	19	itération	23	2
19.5	20.5	20 23	itération	20	itération	23	2
20.5	21.5	21 23	itération	21	itération	23	2
21.5	22.5	22 23	itération	22	itération	23	2
22.5	23.5	1	itération	23	itération	23	2
23.5	24.5	24 23	itération	24	itération	23	2
24.5	25.5	25 23	itération	25	itération	23	2
25.5	26.5	26 23	itération	26	itération	23	2
26.5	27.5	27 23	itération	27	itération	23	2
27.5	28.5	28 23	itération	28	itération	23	2
28.5	29.5	29 23	itération	29	itération	23	2
29.5	30.5	30 23	itération	30	itération	23	2
30.5	31.5	31 23	itération	31	itération	23	2
31.5	32.5	32 23	itération	32	itération	23	2
32.5	33.5	33 23	itération	33	itération	23	2
33.5	34.5	34 23	itération	34	itération	23	2
34.5	35.5	35 23	itération	35	itération	23	2
35.5	36.5	36 23	itération	36	itération	23	2
36.5	37.5	37 23	itération	37	itération	23	2
37.5	38.5	38 23	itération	38	itération	23	2
38.5	39.5	39 23	itération	39	itération	23	2
39.5	40.5	40 23	itération	40	itération	23	2
-0.5	0.5	0 24	itération	0	itération	24	2
0.5	1.5	1 24	itération	1	itération	24	2
1.5	2.5	2 24	itération	2	itération	24	2
2.5	3.5	3 24	itération	3	itération	24	2
3.5	4.5	4 24	itération	4	itération	24	2
4.5	5.5	5 24	itération	5	itération	24	2
5.5	6.5	6 24	itération	6	itération	24	2
6.5	7.5	7 24	itération	7	itération	24	2
7.5	8.5	8 24	itération	8	itération	24	2
8.5	9.5	9 24	itération	9	itération	24	2
9.5	10.5	10 24	itération	10	itération	24	2
10.5	11.5	11 24	itération	11	itération	24	2
11.5	12.5	12 24	itération	12	itération	24	2
12.5	13.5	13 24	itération	13	itération	24	2
13.5	14.5	14 24	itération	14	itération	24	2
14.5	15.5	15 24	itération	15	itération	24	2
15.5	16.5	16 24	itération	16	itération	24	2
16.5	17.5	17 24	itération	17	itération	24	2
17.5	18.5	18 24	itération	18	itération	24	2
18.5	19.5	19 24	itération	19	itération	24	2
19.5	20.5	20 24	itération	20	itération	24	2
20.5	21.5	21 24	itération	21	itération	24	2
21.5	22.5	22 24	itération	22	itération	24	2
22.5	23.5	23 24	itération	23	itération	24	2
23.5	24.5	1	itération	24	itération	24	2
24.5	25.5	25 24	itération	25	itération	24	2
25.5	26.5	26 24	itération	26	itération	24	2
26.5	27.5	27 24	itération	27	itération	24	2
27.5	28.5	28 24	itération	28	itération	24	2
28.5	29.5	29 24	itération	29	itération	24	2
29.5	30.5	30 24	itération	30	itération	24	2
30.5	31.5	31 24	itération	31	itération	24	2
31.5	32.5	32 24	itération	32	itération	24	2
32.5	33.5	33 24	itération	33	itération	24	2
33.5	34.5	34 24	itération	34	itération	24	2
34.5	35.5	35 24	itération	35	itération	24	2
35.5	36.5	36 24	itération	36	itération	24	2
36.5	37.5	37 24	itération	37	itération	24	2
37.5	38.5	38 24	itération	38	itération	24	2
38.5	39.5	39 24	itération	39	itération	24	2
39.5	40.5	40 24	itération	40	itération	24	2
-0.5	0.5	0 25	itération	0	itération	25	2
0.5	1.5	1 25	itération	1	itération	25	2
1.5	2.5	2 25	itération	2	itération	25	2
2.5	3.5	3 25	itération	3	itération	25	2
3.5	4.5	4 25	itération	4	itération	25	2
4.5	5.5	5 25	itération	5	itération	25	2
5.5	6.5	6 25	itération	6	itération	25	2
6.5	7.5	7 25	itération	7	itération	25	2
7.5	8.5	8 25	itération	8	itération	25	2
8.5	9.5	9 25	itération	9	itération	25	2
9.5	10.5	10 25	itération	10	itération	25	2
10.5	11.5	11 25	itération	11	itération	25	2
11.5	12.5	12 25	itération	12	itération	25	2
12.5	13.5	13 25	itération	13	itération	25	2
13.5	14.5	14 25	itération	14	itération	25	2
14.5	15.5	15 25	itération	15	itération	25	2
15.5	16.5	16 25	itération	16	itération	25	2
16.5	17.5	17 25	itération	17	itération	25	2
17.5	18.5	18 25	itération	18	itération	25	2
18.5	19.5	19 25	itération	19	itération	25	2
19.5	20.5	20 25	itération	20	itération	25	2
20.5	21.5	21 25	itération	21	itération	25	2
21.5	22.5	22 25	itération	22	itération	25	2
22.5	23.5	23 25	itération	23	itération	25	2
23.5	24.5	24 25	itération	24	itération	25	2
24.5	25.5	1	itération	25	itération	25	2
25.5	26.5	26 25	itération	26	itération	25	2
26.5	27.5	27 25	itération	27	itération	25	2
27.5	28.5	28 25	itération	28	itération	25	2
28.5	29.5	29 25	itération	29	itération	25	2
29.5	30.5	30 25	itération	30	itération	25	2
30.5	31.5	31 25	itération	31	itération	25	2
31.5	32.5	32 25	itération	32	itération	25	2
32.5	33.5	33 25	itération	33	itération	25	2
33.5	34.5	34 25	itération	34	itération	25	2
34.5	35.5	35 25	itération	35	itération	25	2
35.5	36.5	36 25	itération	36	itération	25	2
36.5	37.5	37 25	itération	37	itération	25	2
37.5	38.5	38 25	itération	38	itération	25	2
38.5	39.5	39 25	itération	39	itération	25	2
39.5	40.5	40 25	itération	40	itération	25	2
-0.5	0.5	0 26	itération	0	itération	26	2
0.5	1.5	1 26	itération	1	itération	26	2
1.5	2.5	2 26	itération	2	itération	26	2
2.5	3.5	3 26	itération	3	itération	26	2
3.5	4.5	4 26	itération	4	itération	26	2
4.5	5.5	5 26	itération	5	itération	26	2
5.5	6.5	6 26	itération	6	itération	26	2
6.5	7.5	7 26	itération	7	itération	26	2
7.5	8.5	8 26	itération	8	itération	26	2
8.5	9.5	9 26	itération	9	itération	26	2
9.5	10.5	10 26	itération	10	itération	26	2
10.5	11.5	11 26	itération	11	itération	26	2
11.5	12.5	12 26	itération	12	itération	26	2
12.5	13.5	13 26	itération	13	itération	26	2
13.5	14.5	14 26	itération	14	itération	26	2
14.5	15.5	15 26	itération	15	itération	26	2
15.5	16.5	16 26	itération	16	itération	26	2
16.5	17.5	17 26	itération	17	itération	26	2
17.5	18.5	18 26	itération	18	itération	26	2
18.5	19.5	19 26	itération	19	itération	26	2
19.5	20.5	20 26	itération	20	itération	26	2
20.5	21.5	21 26	itération	21	itération	26	2
21.5	22.5	22 26	itération	22	itération	26	2
22.5	23.5	23 26	itération	23	itération	26	2
23.5	24.5	24 26	itération	24	itération	26	2
24.5	25.5	25 26	itération	25	itération	26	2
25.5	26.5	1	itération	26	itération	26	2
26.5	27.5	27 26	itération	27	itération	26	2
27.5	28.5	28 26	itération	28	itération	26	2
28.5	29.5	29 26	itération	29	itération	26	2
29.5	30.5	30 26	itération	30	itération	26	2
30.5	31.5	31 26	itération	31	itération	26	2
31.5	32.5	32 26	itération	32	itération	26	2
32.5	33.5	33 26	itération	33	itération	26	2
33.5	34.5	34 26	itération	34	itération	26	2
34.5	35.5	35 26	itération	35	itération	26	2
35.5	36.5	36 26	itération	36	itération	26	2
36.5	37.5	37 26	itération	37	itération	26	2
37.5	38.5	38 26	itération	38	itération	26	2
38.5	39.5	39 26	itération	39	itération	26	2
39.5	40.5	40 26	itération	40	itération	26	2
-0.5	0.5	0 27	itération	0	itération	27	2
0.5	1.5	1 27	itération	1	itération	27	2
1.5	2.5	2 27	itération	2	itération	27	2
2.5	3.5	3 27	itération	3	itération	27	2
3.5	4.5	4 27	itération	4	itération	27	2
4.5	5.5	5 27	itération	5	itération	27	2
5.5	6.5	6 27	itération	6	itération	27	2
6.5	7.5	7 27	itération	7	itération	27	2
7.5	8.5	8 27	itération	8	itération	27	2
8.5	9.5	9 27	itération	9	itération	27	2
9.5	10.5	10 27	itération	10	itération	27	2
10.5	11.5	11 27	itération	11	itération	27	2
11.5	12.5	12 27	itération	12	itération	27	2
12.5	13.5	13 27	itération	13	itération	27	2
13.5	14.5	14 27	itération	14	itération	27	2
14.5	15.5	15 27	itération	15	itération	27	2
15.5	16.5	16 27	itération	16	itération	27	2
16.5	17.5	17 27	itération	17	itération	27	2
17.5	18.5	18 27	itération	18	itération	27	2
18.5	19.5	19 27	itération	19	itération	27	2
19.5	20.5	20 27	itération	20	itération	27	2
20.5	21.5	21 27	itération	21	itération	27	2
21.5	22.5	22 27	itération	22	itération	27	2
22.5	23.5	23 27	itération	23	itération	27	2
23.5	24.5	24 27	itération	24	itération	27	2
24.5	25.5	25 27	itération	25	itération	27	2
25.5	26.5	26 27	itération	26	itération	27	2
26.5	27.5	1	itération	27	itération	27	2
27.5	28.5	28 27	itération	28	itération	27	2
28.5	29.5	29 27	itération	29	itération	27	2
29.5	30.5	30 27	itération	30	itération	27	2
30.5	31.5	31 27	itération	31	itération	27	2
31.5	32.5	32 27	itération	32	itération	27	2
32.5	33.5	33 27	itération	33	itération	27	2
33.5	34.5	34 27	itération	34	itération	27	2
34.5	35.5	35 27	itération	35	itération	27	2
35.5	36.5	36 27	itération	36	itération	27	2
36.5	37.5	37 27	itération	37	itération	27	2
37.5	38.5	38 27	itération	38	itération	27	2
38.5	39.5	39 27	itération	39	itération	27	2
39.5	40.5	40 27	itération	40	itération	27	2
-0.5	0.5	0 28	itération	0	itération	28	2
0.5	1.5	1 28	itération	1	itération	28	2
1.5	2.5	2 28	itération	2	itération	28	2
2.5	3.5	3 28	itération	3	itération	28	2
3.5	4.5	4 28	itération	4	itération	28	2
4.5	5.5	5 28	itération	5	itération	28	2
5.5	6.5	6 28	itération	6	itération	28	2
6.5	7.5	7 28	itération	7	itération	28	2
7.5	8.5	8 28	itération	8	itération	28	2
8.5	9.5	9 28	itération	9	itération	28	2
9.5	10.5	10 28	itération	10	itération	28	2
10.5	11.5	11 28	itération	11	itération	28	2
11.5	12.5	12 28	itération	12	itération	28	2
12.5	13.5	13 28	itération	13	itération	28	2
13.5	14.5	14 28	itération	14	itération	28	2
14.5	15.5	15 28	itération	15	itération	28	2
15.5	16.5	16 28	itération	16	itération	28	2
16.5	17.5	17 28	itération	17	itération	28	2
17.5	18.5	18 28	itération	18	itération	28	2
18.5	19.5	19 28	itération	19	itération	28	2
19.5	20.5	20 28	itération	20	itération	28	2
20.5	21.5	21 28	itération	21	itération	28	2
21.5	22.5	22 28	itération	22	itération	28	2
22.5	23.5	23 28	itération	23	itération	28	2
23.5	24.5	24 28	itération	24	itération	28	2
24.5	25.5	25 28	itération	25	itération	28	2
25.5	26.5	26 28	itération	26	itération	28	2
26.5	27.5	27 28	itération	27	itération	28	2
27.5	28.5	1	itération	28	itération	28	2
28.5	29.5	29 28	itération	29	itération	28	2
29.5	30.5	30 28	itération	30	itération	28	2
30.5	31.5	31 28	itération	31	itération	28	2
31.5	32.5	32 28	itération	32	itération	28	2
32.5	33.5	33 28	itération	33	itération	28	2
33.5	34.5	34 28	itération	34	itération	28	2
34.5	35.5	35 28	itération	35	itération	28	2
35.5	36.5	36 28	itération	36	itération	28	2
36.5	37.5	37 28	itération	37	itération	28	2
37.5	38.5	38 28	itération	38	itération	28	2
38.5	39.5	39 28	itération	39	itération	28	2
39.5	40.5	40 28	itération	40	itération	28	2
-0.5	0.5	0 29	itération	0	itération	29	2
0.5	1.5	1 29	itération	1	itération	29	2
1.5	2.5	2 29	itération	2	itération	29	2
2.5	3.5	3 29	itération	3	itération	29	2
3.5	4.5	4 29	itération	4	itération	29	2
4.5	5.5	5 29	itération	5	itération	29	2
5.5	6.5	6 29	itération	6	itération	29	2
6.5	7.5	7 29	itération	7	itération	29	2
7.5	8.5	8 29	itération	8	itération	29	2
8.5	9.5	9 29	itération	9	itération	29	2
9.5	10.5	10 29	itération	10	itération	29	2
10.5	11.5	11 29	itération	11	itération	29	2
11.5	12.5	12 29	itération	12	itération	29	2
12.5	13.5	13 29	itération	13	itération	29	2
13.5	14.5	14 29	itération	14	itération	29	2
14.5	15.5	15 29	itération	15	itération	29	2
15.5	16.5	16 29	itération	16	itération	29	2
16.5	17.5	17 29	itération	17	itération	29	2
17.5	18.5	18 29	itération	18	itération	29	2
18.5	19.5	19 29	itération	19	itération	29	2
19.5	20.5	20 29	itération	20	itération	29	2
20.5	21.5	21 29	itération	21	itération	29	2
21.5	22.5	22 29	itération	22	itération	29	2
22.5	23.5	23 29	itération	23	itération	29	2
23.5	24.5	24 29	itération	24	itération	29	2
24.5	25.5	25 29	itération	25	itération	29	2
25.5	26.5	26 29	itération	26	itération	29	2
26.5	27.5	27 29	itération	27	itération	29	2
27.5	28.5	28 29	itération	28	itération	29	2
28.5	29.5	1	itération	29	itération	29	2
29.5	30.5	30 29	itération	30	itération	29	2
30.5	31.5	31 29	itération	31	itération	29	2
31.5	32.5	32 29	itération	32	itération	29	2
32.5	33.5	33 29	itération	33	itération	29	2
33.5	34.5	34 29	itération	34	itération	29	2
34.5	35.5	35 29	itération	35	itération	29	2
35.5	36.5	36 29	itération	36	itération	29	2
36.5	37.5	37 29	itération	37	itération	29	2
37.5	38.5	38 29	itération	38	itération	29	2
38.5	39.5	39 29	itération	39	itération	29	2
39.5	40.5	40 29	itération	40	itération	29	2
-0.5	0.5	0 30	itération	0	itération	30	2
0.5	1.5	1 30	itération	1	itération	30	2
1.5	2.5	2 30	itération	2	itération	30	2
2.5	3.5	3 30	itération	3	itération	30	2
3.5	4.5	4 30	itération	4	itération	30	2
4.5	5.5	5 30	itération	5	itération	30	2
5.5	6.5	6 30	itération	6	itération	30	2
6.5	7.5	7 30	itération	7	itération	30	2
7.5	8.5	8 30	itération	8	itération	30	2
8.5	9.5	9 30	itération	9	itération	30	2
9.5	10.5	10 30	itération	10	itération	30	2
10.5	11.5	11 30	itération	11	itération	30	2
11.5	12.5	12 30	itération	12	itération	30	2
12.5	13.5	13 30	itération	13	itération	30	2
13.5	14.5	14 30	itération	14	itération	30	2
14.5	15.5	15 30	itération	15	itération	30	2
15.5	16.5	16 30	itération	16	itération	30	2
16.5	17.5	17 30	itération	17	itération	30	2
17.5	18.5	18 30	itération	18	itération	30	2
18.5	19.5	19 30	itération	19	itération	30	2
19.5	20.5	20 30	itération	20	itération	30	2
20.5	21.5	21 30	itération	21	itération	30	2
21.5	22.5	22 30	itération	22	itération	30	2
22.5	23.5	23 30	itération	23	itération	30	2
23.5	24.5	24 30	itération	24	itération	30	2
24.5	25.5	25 30	itération	25	itération	30	2
25.5	26.5	26 30	itération	26	itération	30	2
26.5	27.5	27 30	itération	27	itération	30	2
27.5	28.5	28 30	itération	28	itération	30	2
28.5	29.5	29 30	itération	29	itération	30	2
29.5	30.5	1	itération	30	itération	30	2
30.5	31.5	31 30	itération	31	itération	30	2
31.5	32.5	32 30	itération	32	itération	30	2
32.5	33.5	33 30	itération	33	itération	30	2
33.5	34.5	34 30	itération	34	itération	30	2
34.5	35.5	35 30	itération	35	itération	30	2
35.5	36.5	36 30	itération	36	itération	30	2
36.5	37.5	37 30	itération	37	itération	30	2
37.5	38.5	38 30	itération	38	itération	30	2
38.5	39.5	39 30	itération	39	itération	30	2
39.5	40.5	40 30	itération	40	itération	30	2
-0.5	0.5	0 31	itération	0	itération	31	2
0.5	1.5	1 31	itération	1	itération	31	2
1.5	2.5	2 31	itération	2	itération	31	2
2.5	3.5	3 31	itération	3	itération	31	2
3.5	4.5	4 31	itération	4	itération	31	2
4.5	5.5	5 31	itération	5	itération	31	2
5.5	6.5	6 31	itération	6	itération	31	2
6.5	7.5	7 31	itération	7	itération	31	2
7.5	8.5	8 31	itération	8	itération	31	2
8.5	9.5	9 31	itération	9	itération	31	2
9.5	10.5	10 31	itération	10	itération	31	2
10.5	11.5	11 31	itération	11	itération	31	2
11.5	12.5	12 31	itération	12	itération	31	2
12.5	13.5	13 31	itération	13	itération	31	2
13.5	14.5	14 31	itération	14	itération	31	2
14.5	15.5	15 31	itération	15	itération	31	2
15.5	16.5	16 31	itération	16	itération	31	2
16.5	17.5	17 31	itération	17	itération	31	2
17.5	18.5	18 31	itération	18	itération	31	2
18.5	19.5	19 31	itération	19	itération	31	2
19.5	20.5	20 31	itération	20	itération	31	2
20.5	21.5	21 31	itération	21	itération	31	2
21.5	22.5	22 31	itération	22	itération	31	2
22.5	23.5	23 31	itération	23	itération	31	2
23.5	24.5	24 31	itération	24	itération	31	2
24.5	25.5	25 31	itération	25	itération	31	2
25.5	26.5	26 31	itération	26	itération	31	2
26.5	27.5	27 31	itération	27	itération	31	2
27.5	28.5	28 31	itération	28	itération	31	2
28.5	29.5	29 31	itération	29	itération	31	2
29.5	30.5	30 31	itération	30	itération	31	2
30.5	31.5	1	itération	31	itération	31	2
31.5	32.5	32 31	itération	32	itération	31	2
32.5	33.5	33 31	itération	33	itération	31	2
33.5	34.5	34 31	itération	34	itération	31	2
34.5	35.5	35 31	itération	35	itération	31	2
35.5	36.5	36 31	itération	36	itération	31	2
36.5	37.5	37 31	itération	37	itération	31	2
37.5	38.5	38 31	itération	38	itération	31	2
38.5	39.5	39 31	itération	39	itération	31	2
39.5	40.5	40 31	itération	40	itération	31	2
-0.5	0.5	0 32	itération	0	itération	32	2
0.5	1.5	1 32	itération	1	itération	32	2
1.5	2.5	2 32	itération	2	itération	32	2
2.5	3.5	3 32	itération	3	itération	32	2
3.5	4.5	4 32	itération	4	itération	32	2
4.5	5.5	5 32	itération	5	itération	32	2
5.5	6.5	6 32	itération	6	itération	32	2
6.5	7.5	7 32	itération	7	itération	32	2
7.5	8.5	8 32	itération	8	itération	32	2
8.5	9.5	9 32	itération	9	itération	32	2
9.5	10.5	10 32	itération	10	itération	32	2
10.5	11.5	11 32	itération	11	itération	32	2
11.5	12.5	12 32	itération	12	itération	32	2
12.5	13.5	13 32	itération	13	itération	32	2
13.5	14.5	14 32	itération	14	itération	32	2
14.5	15.5	15 32	itération	15	itération	32	2
15.5	16.5	16 32	itération	16	itération	32	2
16.5	17.5	17 32	itération	17	itération	32	2
17.5	18.5	18 32	itération	18	itération	32	2
18.5	19.5	19 32	itération	19	itération	32	2
19.5	20.5	20 32	itération	20	itération	32	2
20.5	21.5	21 32	itération	21	itération	32	2
21.5	22.5	22 32	itération	22	itération	32	2
22.5	23.5	23 32	itération	23	itération	32	2
23.5	24.5	24 32	itération	24	itération	32	2
24.5	25.5	25 32	itération	25	itération	32	2
25.5	26.5	26 32	itération	26	itération	32	2
26.5	27.5	27 32	itération	27	itération	32	2
27.5	28.5	28 32	itération	28	itération	32	2
28.5	29.5	29 32	itération	29	itération	32	2
29.5	30.5	30 32	itération	30	itération	32	2
30.5	31.5	31 32	itération	31	itération	32	2
31.5	32.5	1	itération	32	itération	32	2
32.5	33.5	33 32	itération	33	itération	32	2
33.5	34.5	34 32	itération	34	itération	32	2
34.5	35.5	35 32	itération	35	itération	32	2
35.5	36.5	36 32	itération	36	itération	32	2
36.5	37.5	37 32	itération	37	itération	32	2
37.5	38.5	38 32	itération	38	itération	32	2
38.5	39.5	39 32	itération	39	itération	32	2
39.5	40.5	40 32	itération	40	itération	32	2
-0.5	0.5	0 33	itération	0	itération	33	2
0.5	1.5	1 33	itération	1	itération	33	2
1.5	2.5	2 33	itération	2	itération	33	2
2.5	3.5	3 33	itération	3	itération	33	2
3.5	4.5	4 33	itération	4	itération	33	2
4.5	5.5	5 33	itération	5	itération	33	2
5.5	6.5	6 33	itération	6	itération	33	2
6.5	7.5	7 33	itération	7	itération	33	2
7.5	8.5	8 33	itération	8	itération	33	2
8.5	9.5	9 33	itération	9	itération	33	2
9.5	10.5	10 33	itération	10	itération	33	2
10.5	11.5	11 33	itération	11	itération	33	2
11.5	12.5	12 33	itération	12	itération	33	2
12.5	13.5	13 33	itération	13	itération	33	2
13.5	14.5	14 33	itération	14	itération	33	2
14.5	15.5	15 33	itération	15	itération	33	2
15.5	16.5	16 33	itération	16	itération	33	2
16.5	17.5	17 33	itération	17	itération	33	2
17.5	18.5	18 33	itération	18	itération	33	2
18.5	19.5	19 33	itération	19	itération	33	2
19.5	20.5	20 33	itération	20	itération	33	2
20.5	21.5	21 33	itération	21	itération	33	2
21.5	22.5	22 33	itération	22	itération	33	2
22.5	23.5	23 33	itération	23	itération	33	2
23.5	24.5	24 33	itération	24	itération	33	2
24.5	25.5	25 33	itération	25	itération	33	2
25.5	26.5	26 33	itération	26	itération	33	2
26.5	27.5	27 33	itération	27	itération	33	2
27.5	28.5	28 33	itération	28	itération	33	2
28.5	29.5	29 33	itération	29	itération	33	2
29.5	30.5	30 33	itération	30	itération	33	2
30.5	31.5	31 33	itération	31	itération	33	2
31.5	32.5	32 33	itération	32	itération	33	2
32.5	33.5	1	itération	33	itération	33	2
33.5	34.5	34 33	itération	34	itération	33	2
34.5	35.5	35 33	itération	35	itération	33	2
35.5	36.5	36 33	itération	36	itération	33	2
36.5	37.5	37 33	itération	37	itération	33	2
37.5	38.5	38 33	itération	38	itération	33	2
38.5	39.5	39 33	itération	39	itération	33	2
39.5	40.5	40 33	itération	40	itération	33	2
-0.5	0.5	0 34	itération	0	itération	34	2
0.5	1.5	1 34	itération	1	itération	34	2
1.5	2.5	2 34	itération	2	itération	34	2
2.5	3.5	3 34	itération	3	itération	34	2
3.5	4.5	4 34	itération	4	itération	34	2
4.5	5.5	5 34	itération	5	itération	34	2
5.5	6.5	6 34	itération	6	itération	34	2
6.5	7.5	7 34	itération	7	itération	34	2
7.5	8.5	8 34	itération	8	itération	34	2
8.5	9.5	9 34	itération	9	itération	34	2
9.5	10.5	10 34	itération	10	itération	34	2
10.5	11.5	11 34	itération	11	itération	34	2
11.5	12.5	12 34	itération	12	itération	34	2
12.5	13.5	13 34	itération	13	itération	34	2
13.5	14.5	14 34	itération	14	itération	34	2
14.5	15.5	15 34	itération	15	itération	34	2
15.5	16.5	16 34	itération	16	itération	34	2
16.5	17.5	17 34	itération	17	itération	34	2
17.5	18.5	18 34	itération	18	itération	34	2
18.5	19.5	19 34	itération	19	itération	34	2
19.5	20.5	20 34	itération	20	itération	34	2
20.5	21.5	21 34	itération	21	itération	34	2
21.5	22.5	22 34	itération	22	itération	34	2
22.5	23.5	23 34	itération	23	itération	34	2
23.5	24.5	24 34	itération	24	itération	34	2
24.5	25.5	25 34	itération	25	itération	34	2
25.5	26.5	26 34	itération	26	itération	34	2
26.5	27.5	27 34	itération	27	itération	34	2
27.5	28.5	28 34	itération	28	itération	34	2
28.5	29.5	29 34	itération	29	itération	34	2
29.5	30.5	30 34	itération	30	itération	34	2
30.5	31.5	31 34	itération	31	itération	34	2
31.5	32.5	32 34	itération	32	itération	34	2
32.5	33.5	33 34	itération	33	itération	34	2
33.5	34.5	1	itération	34	itération	34	2
34.5	35.5	35 34	itération	35	itération	34	2
35.5	36.5	36 34	itération	36	itération	34	2
36.5	37.5	37 34	itération	37	itération	34	2
37.5	38.5	38 34	itération	38	itération	34	2
38.5	39.5	39 34	itération	39	itération	34	2
39.5	40.5	40 34	itération	40	itération	34	2
-0.5	0.5	0 35	itération	0	itération	35	2
0.5	1.5	1 35	itération	1	itération	35	2
1.5	2.5	2 35	itération	2	itération	35	2
2.5	3.5	3 35	itération	3	itération	35	2
3.5	4.5	4 35	itération	4	itération	35	2
4.5	5.5	5 35	itération	5	itération	35	2
5.5	6.5	6 35	itération	6	itération	35	2
6.5	7.5	7 35	itération	7	itération	35	2
7.5	8.5	8 35	itération	8	itération	35	2
8.5	9.5	9 35	itération	9	itération	35	2
9.5	10.5	10 35	itération	10	itération	35	2
10.5	11.5	11 35	itération	11	itération	35	2
11.5	12.5	12 35	itération	12	itération	35	2
12.5	13.5	13 35	itération	13	itération	35	2
13.5	14.5	14 35	itération	14	itération	35	2
14.5	15.5	15 35	itération	15	itération	35	2
15.5	16.5	16 35	itération	16	itération	35	2
16.5	17.5	17 35	itération	17	itération	35	2
17.5	18.5	18 35	itération	18	itération	35	2
18.5	19.5	19 35	itération	19	itération	35	2
19.5	20.5	20 35	itération	20	itération	35	2
20.5	21.5	21 35	itération	21	itération	35	2
21.5	22.5	22 35	itération	22	itération	35	2
22.5	23.5	23 35	itération	23	itération	35	2
23.5	24.5	24 35	itération	24	itération	35	2
24.5	25.5	25 35	itération	25	itération	35	2
25.5	26.5	26 35	itération	26	itération	35	2
26.5	27.5	27 35	itération	27	itération	35	2
27.5	28.5	28 35	itération	28	itération	35	2
28.5	29.5	29 35	itération	29	itération	35	2
29.5	30.5	30 35	itération	30	itération	35	2
30.5	31.5	31 35	itération	31	itération	35	2
31.5	32.5	32 35	itération	32	itération	35	2
32.5	33.5	33 35	itération	33	itération	35	2
33.5	34.5	34 35	itération	34	itération	35	2
34.5	35.5	1	itération	35	itération	35	2
35.5	36.5	36 35	itération	36	itération	35	2
36.5	37.5	37 35	itération	37	itération	35	2
37.5	38.5	38 35	itération	38	itération	35	2
38.5	39.5	39 35	itération	39	itération	35	2
39.5	40.5	40 35	itération	40	itération	35	2
-0.5	0.5	0 36	itération	0	itération	36	2
0.5	1.5	1 36	itération	1	itération	36	2
1.5	2.5	2 36	itération	2	itération	36	2
2.5	3.5	3 36	itération	3	itération	36	2
3.5	4.5	4 36	itération	4	itération	36	2
4.5	5.5	5 36	itération	5	itération	36	2
5.5	6.5	6 36	itération	6	itération	36	2
6.5	7.5	7 36	itération	7	itération	36	2
7.5	8.5	8 36	itération	8	itération	36	2
8.5	9.5	9 36	itération	9	itération	36	2
9.5	10.5	10 36	itération	10	itération	36	2
10.5	11.5	11 36	itération	11	itération	36	2
11.5	12.5	12 36	itération	12	itération	36	2
12.5	13.5	13 36	itération	13	itération	36	2
13.5	14.5	14 36	itération	14	itération	36	2
14.5	15.5	15 36	itération	15	itération	36	2
15.5	16.5	16 36	itération	16	itération	36	2
16.5	17.5	17 36	itération	17	itération	36	2
17.5	18.5	18 36	itération	18	itération	36	2
18.5	19.5	19 36	itération	19	itération	36	2
19.5	20.5	20 36	itération	20	itération	36	2
20.5	21.5	21 36	itération	21	itération	36	2
21.5	22.5	22 36	itération	22	itération	36	2
22.5	23.5	23 36	itération	23	itération	36	2
23.5	24.5	24 36	itération	24	itération	36	2
24.5	25.5	25 36	itération	25	itération	36	2
25.5	26.5	26 36	itération	26	itération	36	2
26.5	27.5	27 36	itération	27	itération	36	2
27.5	28.5	28 36	itération	28	itération	36	2
28.5	29.5	29 36	itération	29	itération	36	2
29.5	30.5	30 36	itération	30	itération	36	2
30.5	31.5	31 36	itération	31	itération	36	2
31.5	32.5	32 36	itération	32	itération	36	2
32.5	33.5	33 36	itération	33	itération	36	2
33.5	34.5	34 36	itération	34	itération	36	2
34.5	35.5	35 36	itération	35	itération	36	2
35.5	36.5	1	itération	36	itération	36	2
36.5	37.5	37 36	itération	37	itération	36	2
37.5	38.5	38 36	itération	38	itération	36	2
38.5	39.5	39 36	itération	39	itération	36	2
39.5	40.5	40 36	itération	40	itération	36	2
-0.5	0.5	0 37	itération	0	itération	37	2
0.5	1.5	1 37	itération	1	itération	37	2
1.5	2.5	2 37	itération	2	itération	37	2
2.5	3.5	3 37	itération	3	itération	37	2
3.5	4.5	4 37	itération	4	itération	37	2
4.5	5.5	5 37	itération	5	itération	37	2
5.5	6.5	6 37	itération	6	itération	37	2
6.5	7.5	7 37	itération	7	itération	37	2
7.5	8.5	8 37	itération	8	itération	37	2
8.5	9.5	9 37	itération	9	itération	37	2
9.5	10.5	10 37	itération	10	itération	37	2
10.5	11.5	11 37	itération	11	itération	37	2
11.5	12.5	12 37	itération	12	itération	37	2
12.5	13.5	13 37	itération	13	itération	37	2
13.5	14.5	14 37	itération	14	itération	37	2
14.5	15.5	15 37	itération	15	itération	37	2
15.5	16.5	16 37	itération	16	itération	37	2
16.5	17.5	17 37	itération	17	itération	37	2
17.5	18.5	18 37	itération	18	itération	37	2
18.5	19.5	19 37	itération	19	itération	37	2
19.5	20.5	20 37	itération	20	itération	37	2
20.5	21.5	21 37	itération	21	itération	37	2
21.5	22.5	22 37	itération	22	itération	37	2
22.5	23.5	23 37	itération	23	itération	37	2
23.5	24.5	24 37	itération	24	itération	37	2
24.5	25.5	25 37	itération	25	itération	37	2
25.5	26.5	26 37	itération	26	itération	37	2
26.5	27.5	27 37	itération	27	itération	37	2
27.5	28.5	28 37	itération	28	itération	37	2
28.5	29.5	29 37	itération	29	itération	37	2
29.5	30.5	30 37	itération	30	itération	37	2
30.5	31.5	31 37	itération	31	itération	37	2
31.5	32.5	32 37	itération	32	itération	37	2
32.5	33.5	33 37	itération	33	itération	37	2
33.5	34.5	34 37	itération	34	itération	37	2
34.5	35.5	35 37	itération	35	itération	37	2
35.5	36.5	36 37	itération	36	itération	37	2
36.5	37.5	1	itération	37	itération	37	2
37.5	38.5	38 37	itération	38	itération	37	2
38.5	39.5	39 37	itération	39	itération	37	2
39.5	40.5	40 37	itération	40	itération	37	2
-0.5	0.5	0 38	itération	0	itération	38	2
0.5	1.5	1 38	itération	1	itération	38	2
1.5	2.5	2 38	itération	2	itération	38	2
2.5	3.5	3 38	itération	3	itération	38	2
3.5	4.5	4 38	itération	4	itération	38	2
4.5	5.5	5 38	itération	5	itération	38	2
5.5	6.5	6 38	itération	6	itération	38	2
6.5	7.5	7 38	itération	7	itération	38	2
7.5	8.5	8 38	itération	8	itération	38	2
8.5	9.5	9 38	itération	9	itération	38	2
9.5	10.5	10 38	itération	10	itération	38	2
10.5	11.5	11 38	itération	11	itération	38	2
11.5	12.5	12 38	itération	12	itération	38	2
12.5	13.5	13 38	itération	13	itération	38	2
13.5	14.5	14 38	itération	14	itération	38	2
14.5	15.5	15 38	itération	15	itération	38	2
15.5	16.5	16 38	itération	16	itération	38	2
16.5	17.5	17 38	itération	17	itération	38	2
17.5	18.5	18 38	itération	18	itération	38	2
18.5	19.5	19 38	itération	19	itération	38	2
19.5	20.5	20 38	itération	20	itération	38	2
20.5	21.5	21 38	itération	21	itération	38	2
21.5	22.5	22 38	itération	22	itération	38	2
22.5	23.5	23 38	itération	23	itération	38	2
23.5	24.5	24 38	itération	24	itération	38	2
24.5	25.5	25 38	itération	25	itération	38	2
25.5	26.5	26 38	itération	26	itération	38	2
26.5	27.5	27 38	itération	27	itération	38	2
27.5	28.5	28 38	itération	28	itération	38	2
28.5	29.5	29 38	itération	29	itération	38	2
29.5	30.5	30 38	itération	30	itération	38	2
30.5	31.5	31 38	itération	31	itération	38	2
31.5	32.5	32 38	itération	32	itération	38	2
32.5	33.5	33 38	itération	33	itération	38	2
33.5	34.5	34 38	itération	34	itération	38	2
34.5	35.5	35 38	itération	35	itération	38	2
35.5	36.5	36 38	itération	36	itération	38	2
36.5	37.5	37 38	itération	37	itération	38	2
37.5	38.5	1	itération	38	itération	38	2
38.5	39.5	39 38	itération	39	itération	38	2
39.5	40.5	40 38	itération	40	itération	38	2
-0.5	0.5	0 39	itération	0	itération	39	2
0.5	1.5	1 39	itération	1	itération	39	2
1.5	2.5	2 39	itération	2	itération	39	2
2.5	3.5	3 39	itération	3	itération	39	2
3.5	4.5	4 39	itération	4	itération	39	2
4.5	5.5	5 39	itération	5	itération	39	2
5.5	6.5	6 39	itération	6	itération	39	2
6.5	7.5	7 39	itération	7	itération	39	2
7.5	8.5	8 39	itération	8	itération	39	2
8.5	9.5	9 39	itération	9	itération	39	2
9.5	10.5	10 39	itération	10	itération	39	2
10.5	11.5	11 39	itération	11	itération	39	2
11.5	12.5	12 39	itération	12	itération	39	2
12.5	13.5	13 39	itération	13	itération	39	2
13.5	14.5	14 39	itération	14	itération	39	2
14.5	15.5	15 39	itération	15	itération	39	2
15.5	16.5	16 39	itération	16	itération	39	2
16.5	17.5	17 39	itération	17	itération	39	2
17.5	18.5	18 39	itération	18	itération	39	2
18.5	19.5	19 39	itération	19	itération	39	2
19.5	20.5	20 39	itération	20	itération	39	2
20.5	21.5	21 39	itération	21	itération	39	2
21.5	22.5	22 39	itération	22	itération	39	2
22.5	23.5	23 39	itération	23	itération	39	2
23.5	24.5	24 39	itération	24	itération	39	2
24.5	25.5	25 39	itération	25	itération	39	2
25.5	26.5	26 39	itération	26	itération	39	2
26.5	27.5	27 39	itération	27	itération	39	2
27.5	28.5	28 39	itération	28	itération	39	2
28.5	29.5	29 39	itération	29	itération	39	2
29.5	30.5	30 39	itération	30	itération	39	2
30.5	31.5	31 39	itération	31	itération	39	2
31.5	32.5	32 39	itération	32	itération	39	2
32.5	33.5	33 39	itération	33	itération	39	2
33.5	34.5	34 39	itération	34	itération	39	2
34.5	35.5	35 39	itération	35	itération	39	2
35.5	36.5	36 39	itération	36	itération	39	2
36.5	37.5	37 39	itération	37	itération	39	2
37.5	38.5	38 39	itération	38	itération	39	2
38.5	39.5	1	itération	39	itération	39	2
39.5	40.5	40 39	itération	40	itération	39	2
-0.5	0.5	0 40	itération	0	itération	40	2
0.5	1.5	1 40	itération	1	itération	40	2
1.5	2.5	2 40	itération	2	itération	40	2
2.5	3.5	3 40	itération	3	itération	40	2
3.5	4.5	4 40	itération	4	itération	40	2
4.5	5.5	5 40	itération	5	itération	40	2
5.5	6.5	6 40	itération	6	itération	40	2
6.5	7.5	7 40	itération	7	itération	40	2
7.5	8.5	8 40	itération	8	itération	40	2
8.5	9.5	9 40	itération	9	itération	40	2
9.5	10.5	10 40	itération	10	itération	40	2
10.5	11.5	11 40	itération	11	itération	40	2
11.5	12.5	12 40	itération	12	itération	40	2
12.5	13.5	13 40	itération	13	itération	40	2
13.5	14.5	14 40	itération	14	itération	40	2
14.5	15.5	15 40	itération	15	itération	40	2
15.5	16.5	16 40	itération	16	itération	40	2
16.5	17.5	17 40	itération	17	itération	40	2
17.5	18.5	18 40	itération	18	itération	40	2
18.5	19.5	19 40	itération	19	itération	40	2
19.5	20.5	20 40	itération	20	itération	40	2
20.5	21.5	21 40	itération	21	itération	40	2
21.5	22.5	22 40	itération	22	itération	40	2
22.5	23.5	23 40	itération	23	itération	40	2
23.5	24.5	24 40	itération	24	itération	40	2
24.5	25.5	25 40	itération	25	itération	40	2
25.5	26.5	26 40	itération	26	itération	40	2
26.5	27.5	27 40	itération	27	itération	40	2
27.5	28.5	28 40	itération	28	itération	40	2
28.5	29.5	29 40	itération	29	itération	40	2
29.5	30.5	30 40	itération	30	itération	40	2
30.5	31.5	31 40	itération	31	itération	40	2
31.5	32.5	32 40	itération	32	itération	40	2
32.5	33.5	33 40	itération	33	itération	40	2
33.5	34.5	34 40	itération	34	itération	40	2
34.5	35.5	35 40	itération	35	itération	40	2
35.5	36.5	36 40	itération	36	itération	40	2
36.5	37.5	37 40	itération	37	itération	40	2
37.5	38.5	38 40	itération	38	itération	40	2
38.5	39.5	39 40	itération	39	itération	40	2
39.5	40.5	1	itération	40	itération	40	2
-0.5	0.5	1	itération	0	itération	0	3
0.5	1.5	1 0	itération	1	itération	0	3
1.5	2.5	2 0	itération	2	itération	0	3
2.5	3.5	3 0	itération	3	itération	0	3
3.5	4.5	4 0	itération	4	itération	0	3
4.5	5.5	5 0	itération	5	itération	0	3
5.5	6.5	6 0	itération	6	itération	0	3
6.5	7.5	7 0	itération	7	itération	0	3
7.5	8.5	8 0	itération	8	itération	0	3
8.5	9.5	9 0	itération	9	itération	0	3
9.5	10.5	10 0	itération	10	itération	0	3
10.5	11.5	11 0	itération	11	itération	0	3
11.5	12.5	12 0	itération	12	itération	0	3
12.5	13.5	13 0	itération	13	itération	0	3
13.5	14.5	14 0	itération	14	itération	0	3
14.5	15.5	15 0	itération	15	itération	0	3
15.5	16.5	16 0	itération	16	itération	0	3
16.5	17.5	17 0	itération	17	itération	0	3
17.5	18.5	18 0	itération	18	itération	0	3
18.5	19.5	19 0	itération	19	itération	0	3
19.5	20.5	20 0	itération	20	itération	0	3
20.5	21.5	21 0	itération	21	itération	0	3
21.5	22.5	22 0	itération	22	itération	0	3
22.5	23.5	23 0	itération	23	itération	0	3
23.5	24.5	24 0	itération	24	itération	0	3
24.5	25.5	25 0	itération	25	itération	0	3
25.5	26.5	26 0	itération	26	itération	0	3
26.5	27.5	27 0	itération	27	itération	0	3
27.5	28.5	28 0	itération	28	itération	0	3
28.5	29.5	29 0	itération	29	itération	0	3
29.5	30.5	30 0	itération	30	itération	0	3
30.5	31.5	31 0	itération	31	itération	0	3
31.5	32.5	32 0	itération	32	itération	0	3
32.5	33.5	33 0	itération	33	itération	0	3
33.5	34.5	34 0	itération	34	itération	0	3
34.5	35.5	35 0	itération	35	itération	0	3
35.5	36.5	36 0	itération	36	itération	0	3
36.5	37.5	37 0	itération	37	itération	0	3
37.5	38.5	38 0	itération	38	itération	0	3
38.5	39.5	39 0	itération	39	itération	0	3
39.5	40.5	40 0	itération	40	itération	0	3
-0.5	0.5	0 1	itération	0	itération	1	3
0.5	1.5	1	itération	1	itération	1	3
1.5	2.5	2 1	itération	2	itération	1	3
2.5	3.5	3 1	itération	3	itération	1	3
3.5	4.5	4 1	itération	4	itération	1	3
4.5	5.5	5 1	itération	5	itération	1	3
5.5	6.5	6 1	itération	6	itération	1	3
6.5	7.5	7 1	itération	7	itération	1	3
7.5	8.5	8 1	itération	8	itération	1	3
8.5	9.5	9 1	itération	9	itération	1	3
9.5	10.5	10 1	itération	10	itération	1	3
10.5	11.5	11 1	itération	11	itération	1	3
11.5	12.5	12 1	itération	12	itération	1	3
12.5	13.5	13 1	itération	13	itération	1	3
13.5	14.5	14 1	itération	14	itération	1	3
14.5	15.5	15 1	itération	15	itération	1	3
15.5	16.5	16 1	itération	16	itération	1	3
16.5	17.5	17 1	itération	17	itération	1	3
17.5	18.5	18 1	itération	18	itération	1	3
18.5	19.5	19 1	itération	19	itération	1	3
19.5	20.5	20 1	itération	20	itération	1	3
20.5	21.5	21 1	itération	21	itération	1	3
21.5	22.5	22 1	itération	22	itération	1	3
22.5	23.5	23 1	itération	23	itération	1	3
23.5	24.5	24 1	itération	24	itération	1	3
24.5	25.5	25 1	itération	25	itération	1	3
25.5	26.5	26 1	itération	26	itération	1	3
26.5	27.5	27 1	itération	27	itération	1	3
27.5	28.5	28 1	itération	28	itération	1	3
28.5	29.5	29 1	itération	29	itération	1	3
29.5	30.5	30 1	itération	30	itération	1	3
30.5	31.5	31 1	itération	31	itération	1	3
31.5	32.5	32 1	itération	32	itération	1	3
32.5	33.5	33 1	itération	33	itération	1	3
33.5	34.5	34 1	itération	34	itération	1	3
34.5	35.5	35 1	itération	35	itération	1	3
35.5	36.5	36 1	itération	36	itération	1	3
36.5	37.5	37 1	itération	37	itération	1	3
37.5	38.5	38 1	itération	38	itération	1	3
38.5	39.5	39 1	itération	39	itération	1	3
39.5	40.5	40 1	itération	40	itération	1	3
-0.5	0.5	0 2	itération	0	itération	2	3
0.5	1.5	1 2	itération	1	itération	2	3
1.5	2.5	1	itération	2	itération	2	3
2.5	3.5	3 2	itération	3	itération	2	3
3.5	4.5	4 2	itération	4	itération	2	3
4.5	5.5	5 2	itération	5	itération	2	3
5.5	6.5	6 2	itération	6	itération	2	3
6.5	7.5	7 2	itération	7	itération	2	3
7.5	8.5	8 2	itération	8	itération	2	3
8.5	9.5	9 2	itération	9	itération	2	3
9.5	10.5	10 2	itération	10	itération	2	3
10.5	11.5	11 2	itération	11	itération	2	3
11.5	12.5	12 2	itération	12	itération	2	3
12.5	13.5	13 2	itération	13	itération	2	3
13.5	14.5	14 2	itération	14	itération	2	3
14.5	15.5	15 2	itération	15	itération	2	3
15.5	16.5	16 2	itération	16	itération	2	3
16.5	17.5	17 2	itération	17	itération	2	3
17.5	18.5	18 2	itération	18	itération	2	3
18.5	19.5	19 2	itération	19	itération	2	3
19.5	20.5	20 2	itération	20	itération	2	3
20.5	21.5	21 2	itération	21	itération	2	3
21.5	22.5	22 2	itération	22	itération	2	3
22.5	23.5	23 2	itération	23	itération	2	3
23.5	24.5	24 2	itération	24	itération	2	3
24.5	25.5	25 2	itération	25	itération	2	3
25.5	26.5	26 2	itération	26	itération	2	3
26.5	27.5	27 2	itération	27	itération	2	3
27.5	28.5	28 2	itération	28	itération	2	3
28.5	29.5	29 2	itération	29	itération	2	3
29.5	30.5	30 2	itération	30	itération	2	3
30.5	31.5	31 2	itération	31	itération	2	3
31.5	32.5	32 2	itération	32	itération	2	3
32.5	33.5	33 2	itération	33	itération	2	3
33.5	34.5	34 2	itération	34	itération	2	3
34.5	35.5	35 2	itération	35	itération	2	3
35.5	36.5	36 2	itération	36	itération	2	3
36.5	37.5	37 2	itération	37	itération	2	3
37.5	38.5	38 2	itération	38	itération	2	3
38.5	39.5	39 2	itération	39	itération	2	3
39.5	40.5	40 2	itération	40	itération	2	3
-0.5	0.5	0 3	itération	0	itération	3	3
0.5	1.5	1 3	itération	1	itération	3	3
1.5	2.5	2 3	itération	2	itération	3	3
2.5	3.5	1	itération	3	itération	3	3
3.5	4.5	4 3	itération	4	itération	3	3
4.5	5.5	5 3	itération	5	itération	3	3
5.5	6.5	6 3	itération	6	itération	3	3
6.5	7.5	7 3	itération	7	itération	3	3
7.5	8.5	8 3	itération	8	itération	3	3
8.5	9.5	9 3	itération	9	itération	3	3
9.5	10.5	10 3	itération	10	itération	3	3
10.5	11.5	11 3	itération	11	itération	3	3
11.5	12.5	12 3	itération	12	itération	3	3
12.5	13.5	13 3	itération	13	itération	3	3
13.5	14.5	14 3	itération	14	itération	3	3
14.5	15.5	15 3	itération	15	itération	3	3
15.5	16.5	16 3	itération	16	itération	3	3
16.5	17.5	17 3	itération	17	itération	3	3
17.5	18.5	18 3	itération	18	itération	3	3
18.5	19.5	19 3	itération	19	itération	3	3
19.5	20.5	20 3	itération	20	itération	3	3
20.5	21.5	21 3	itération	21	itération	3	3
21.5	22.5	22 3	itération	22	itération	3	3
22.5	23.5	23 3	itération	23	itération	3	3
23.5	24.5	24 3	itération	24	itération	3	3
24.5	25.5	25 3	itération	25	itération	3	3
25.5	26.5	26 3	itération	26	itération	3	3
26.5	27.5	27 3	itération	27	itération	3	3
27.5	28.5	28 3	itération	28	itération	3	3
28.5	29.5	29 3	itération	29	itération	3	3
29.5	30.5	30 3	itération	30	itération	3	3
30.5	31.5	31 3	itération	31	itération	3	3
31.5	32.5	32 3	itération	32	itération	3	3
32.5	33.5	33 3	itération	33	itération	3	3
33.5	34.5	34 3	itération	34	itération	3	3
34.5	35.5	35 3	itération	35	itération	3	3
35.5	36.5	36 3	itération	36	itération	3	3
36.5	37.5	37 3	itération	37	itération	3	3
37.5	38.5	38 3	itération	38	itération	3	3
38.5	39.5	39 3	itération	39	itération	3	3
39.5	40.5	40 3	itération	40	itération	3	3
-0.5	0.5	0 4	itération	0	itération	4	3
0.5	1.5	1 4	itération	1	itération	4	3
1.5	2.5	2 4	itération	2	itération	4	3
2.5	3.5	3 4	itération	3	itération	4	3
3.5	4.5	1	itération	4	itération	4	3
4.5	5.5	5 4	itération	5	itération	4	3
5.5	6.5	6 4	itération	6	itération	4	3
6.5	7.5	7 4	itération	7	itération	4	3
7.5	8.5	8 4	itération	8	itération	4	3
8.5	9.5	9 4	itération	9	itération	4	3
9.5	10.5	10 4	itération	10	itération	4	3
10.5	11.5	11 4	itération	11	itération	4	3
11.5	12.5	12 4	itération	12	itération	4	3
12.5	13.5	13 4	itération	13	itération	4	3
13.5	14.5	14 4	itération	14	itération	4	3
14.5	15.5	15 4	itération	15	itération	4	3
15.5	16.5	16 4	itération	16	itération	4	3
16.5	17.5	17 4	itération	17	itération	4	3
17.5	18.5	18 4	itération	18	itération	4	3
18.5	19.5	19 4	itération	19	itération	4	3
19.5	20.5	20 4	itération	20	itération	4	3
20.5	21.5	21 4	itération	21	itération	4	3
21.5	22.5	22 4	itération	22	itération	4	3
22.5	23.5	23 4	itération	23	itération	4	3
23.5	24.5	24 4	itération	24	itération	4	3
24.5	25.5	25 4	itération	25	itération	4	3
25.5	26.5	26 4	itération	26	itération	4	3
26.5	27.5	27 4	itération	27	itération	4	3
27.5	28.5	28 4	itération	28	itération	4	3
28.5	29.5	29 4	itération	29	itération	4	3
29.5	30.5	30 4	itération	30	itération	4	3
30.5	31.5	31 4	itération	31	itération	4	3
31.5	32.5	32 4	itération	32	itération	4	3
32.5	33.5	33 4	itération	33	itération	4	3
33.5	34.5	34 4	itération	34	itération	4	3
34.5	35.5	35 4	itération	35	itération	4	3
35.5	36.5	36 4	itération	36	itération	4	3
36.5	37.5	37 4	itération	37	itération	4	3
37.5	38.5	38 4	itération	38	itération	4	3
38.5	39.5	39 4	itération	39	itération	4	3
39.5	40.5	40 4	itération	40	itération	4	3
-0.5	0.5	0 5	itération	0	itération	5	3
0.5	1.5	1 5	itération	1	itération	5	3
1.5	2.5	2 5	itération	2	itération	5	3
2.5	3.5	3 5	itération	3	itération	5	3
3.5	4.5	4 5	itération	4	itération	5	3
4.5	5.5	1	itération	5	itération	5	3
5.5	6.5	6 5	itération	6	itération	5	3
6.5	7.5	7 5	itération	7	itération	5	3
7.5	8.5	8 5	itération	8	itération	5	3
8.5	9.5	9 5	itération	9	itération	5	3
9.5	10.5	10 5	itération	10	itération	5	3
10.5	11.5	11 5	itération	11	itération	5	3
11.5	12.5	12 5	itération	12	itération	5	3
12.5	13.5	13 5	itération	13	itération	5	3
13.5	14.5	14 5	itération	14	itération	5	3
14.5	15.5	15 5	itération	15	itération	5	3
15.5	16.5	16 5	itération	16	itération	5	3
16.5	17.5	17 5	itération	17	itération	5	3
17.5	18.5	18 5	itération	18	itération	5	3
18.5	19.5	19 5	itération	19	itération	5	3
19.5	20.5	20 5	itération	20	itération	5	3
20.5	21.5	21 5	itération	21	itération	5	3
21.5	22.5	22 5	itération	22	itération	5	3
22.5	23.5	23 5	itération	23	itération	5	3
23.5	24.5	24 5	itération	24	itération	5	3
24.5	25.5	25 5	itération	25	itération	5	3
25.5	26.5	26 5	itération	26	itération	5	3
26.5	27.5	27 5	itération	27	itération	5	3
27.5	28.5	28 5	itération	28	itération	5	3
28.5	29.5	29 5	itération	29	itération	5	3
29.5	30.5	30 5	itération	30	itération	5	3
30.5	31.5	31 5	itération	31	itération	5	3
31.5	32.5	32 5	itération	32	itération	5	3
32.5	33.5	33 5	itération	33	itération	5	3
33.5	34.5	34 5	itération	34	itération	5	3
34.5	35.5	35 5	itération	35	itération	5	3
35.5	36.5	36 5	itération	36	itération	5	3
36.5	37.5	37 5	itération	37	itération	5	3
37.5	38.5	38 5	itération	38	itération	5	3
38.5	39.5	39 5	itération	39	itération	5	3
39.5	40.5	40 5	itération	40	itération	5	3
-0.5	0.5	0 6	itération	0	itération	6	3
0.5	1.5	1 6	itération	1	itération	6	3
1.5	2.5	2 6	itération	2	itération	6	3
2.5	3.5	3 6	itération	3	itération	6	3
3.5	4.5	4 6	itération	4	itération	6	3
4.5	5.5	5 6	itération	5	itération	6	3
5.5	6.5	1	itération	6	itération	6	3
6.5	7.5	7 6	itération	7	itération	6	3
7.5	8.5	8 6	itération	8	itération	6	3
8.5	9.5	9 6	itération	9	itération	6	3
9.5	10.5	10 6	itération	10	itération	6	3
10.5	11.5	11 6	itération	11	itération	6	3
11.5	12.5	12 6	itération	12	itération	6	3
12.5	13.5	13 6	itération	13	itération	6	3
13.5	14.5	14 6	itération	14	itération	6	3
14.5	15.5	15 6	itération	15	itération	6	3
15.5	16.5	16 6	itération	16	itération	6	3
16.5	17.5	17 6	itération	17	itération	6	3
17.5	18.5	18 6	itération	18	itération	6	3
18.5	19.5	19 6	itération	19	itération	6	3
19.5	20.5	20 6	itération	20	itération	6	3
20.5	21.5	21 6	itération	21	itération	6	3
21.5	22.5	22 6	itération	22	itération	6	3
22.5	23.5	23 6	itération	23	itération	6	3
23.5	24.5	24 6	itération	24	itération	6	3
24.5	25.5	25 6	itération	25	itération	6	3
25.5	26.5	26 6	itération	26	itération	6	3
26.5	27.5	27 6	itération	27	itération	6	3
27.5	28.5	28 6	itération	28	itération	6	3
28.5	29.5	29 6	itération	29	itération	6	3
29.5	30.5	30 6	itération	30	itération	6	3
30.5	31.5	31 6	itération	31	itération	6	3
31.5	32.5	32 6	itération	32	itération	6	3
32.5	33.5	33 6	itération	33	itération	6	3
33.5	34.5	34 6	itération	34	itération	6	3
34.5	35.5	35 6	itération	35	itération	6	3
35.5	36.5	36 6	itération	36	itération	6	3
36.5	37.5	37 6	itération	37	itération	6	3
37.5	38.5	38 6	itération	38	itération	6	3
38.5	39.5	39 6	itération	39	itération	6	3
39.5	40.5	40 6	itération	40	itération	6	3
-0.5	0.5	0 7	itération	0	itération	7	3
0.5	1.5	1 7	itération	1	itération	7	3
1.5	2.5	2 7	itération	2	itération	7	3
2.5	3.5	3 7	itération	3	itération	7	3
3.5	4.5	4 7	itération	4	itération	7	3
4.5	5.5	5 7	itération	5	itération	7	3
5.5	6.5	6 7	itération	6	itération	7	3
6.5	7.5	1	itération	7	itération	7	3
7.5	8.5	8 7	itération	8	itération	7	3
8.5	9.5	9 7	itération	9	itération	7	3
9.5	10.5	10 7	itération	10	itération	7	3
10.5	11.5	11 7	itération	11	itération	7	3
11.5	12.5	12 7	itération	12	itération	7	3
12.5	13.5	13 7	itération	13	itération	7	3
13.5	14.5	14 7	itération	14	itération	7	3
14.5	15.5	15 7	itération	15	itération	7	3
15.5	16.5	16 7	itération	16	itération	7	3
16.5	17.5	17 7	itération	17	itération	7	3
17.5	18.5	18 7	itération	18	itération	7	3
18.5	19.5	19 7	itération	19	itération	7	3
19.5	20.5	20 7	itération	20	itération	7	3
20.5	21.5	21 7	itération	21	itération	7	3
21.5	22.5	22 7	itération	22	itération	7	3
22.5	23.5	23 7	itération	23	itération	7	3
23.5	24.5	24 7	itération	24	itération	7	3
24.5	25.5	25 7	itération	25	itération	7	3
25.5	26.5	26 7	itération	26	itération	7	3
26.5	27.5	27 7	itération	27	itération	7	3
27.5	28.5	28 7	itération	28	itération	7	3
28.5	29.5	29 7	itération	29	itération	7	3
29.5	30.5	30 7	itération	30	itération	7	3
30.5	31.5	31 7	itération	31	itération	7	3
31.5	32.5	32 7	itération	32	itération	7	3
32.5	33.5	33 7	itération	33	itération	7	3
33.5	34.5	34 7	itération	34	itération	7	3
34.5	35.5	35 7	itération	35	itération	7	3
35.5	36.5	36 7	itération	36	itération	7	3
36.5	37.5	37 7	itération	37	itération	7	3
37.5	38.5	38 7	itération	38	itération	7	3
38.5	39.5	39 7	itération	39	itération	7	3
39.5	40.5	40 7	itération	40	itération	7	3
-0.5	0.5	0 8	itération	0	itération	8	3
0.5	1.5	1 8	itération	1	itération	8	3
1.5	2.5	2 8	itération	2	itération	8	3
2.5	3.5	3 8	itération	3	itération	8	3
3.5	4.5	4 8	itération	4	itération	8	3
4.5	5.5	5 8	itération	5	itération	8	3
5.5	6.5	6 8	itération	6	itération	8	3
6.5	7.5	7 8	itération	7	itération	8	3
7.5	8.5	1	itération	8	itération	8	3
8.5	9.5	9 8	itération	9	itération	8	3
9.5	10.5	10 8	itération	10	itération	8	3
10.5	11.5	11 8	itération	11	itération	8	3
11.5	12.5	12 8	itération	12	itération	8	3
12.5	13.5	13 8	itération	13	itération	8	3
13.5	14.5	14 8	itération	14	itération	8	3
14.5	15.5	15 8	itération	15	itération	8	3
15.5	16.5	16 8	itération	16	itération	8	3
16.5	17.5	17 8	itération	17	itération	8	3
17.5	18.5	18 8	itération	18	itération	8	3
18.5	19.5	19 8	itération	19	itération	8	3
19.5	20.5	20 8	itération	20	itération	8	3
20.5	21.5	21 8	itération	21	itération	8	3
21.5	22.5	22 8	itération	22	itération	8	3
22.5	23.5	23 8	itération	23	itération	8	3
23.5	24.5	24 8	itération	24	itération	8	3
24.5	25.5	25 8	itération	25	itération	8	3
25.5	26.5	26 8	itération	26	itération	8	3
26.5	27.5	27 8	itération	27	itération	8	3
27.5	28.5	28 8	itération	28	itération	8	3
28.5	29.5	29 8	itération	29	itération	8	3
29.5	30.5	30 8	itération	30	itération	8	3
30.5	31.5	31 8	itération	31	itération	8	3
31.5	32.5	32 8	itération	32	itération	8	3
32.5	33.5	33 8	itération	33	itération	8	3
33.5	34.5	34 8	itération	34	itération	8	3
34.5	35.5	35 8	itération	35	itération	8	3
35.5	36.5	36 8	itération	36	itération	8	3
36.5	37.5	37 8	itération	37	itération	8	3
37.5	38.5	38 8	itération	38	itération	8	3
38.5	39.5	39 8	itération	39	itération	8	3
39.5	40.5	40 8	itération	40	itération	8	3
-0.5	0.5	0 9	itération	0	itération	9	3
0.5	1.5	1 9	itération	1	itération	9	3
1.5	2.5	2 9	itération	2	itération	9	3
2.5	3.5	3 9	itération	3	itération	9	3
3.5	4.5	4 9	itération	4	itération	9	3
4.5	5.5	5 9	itération	5	itération	9	3
5.5	6.5	6 9	itération	6	itération	9	3
6.5	7.5	7 9	itération	7	itération	9	3
7.5	8.5	8 9	itération	8	itération	9	3
8.5	9.5	1	itération	9	itération	9	3
9.5	10.5	10 9	itération	10	itération	9	3
10.5	11.5	11 9	itération	11	itération	9	3
11.5	12.5	12 9	itération	12	itération	9	3
12.5	13.5	13 9	itération	13	itération	9	3
13.5	14.5	14 9	itération	14	itération	9	3
14.5	15.5	15 9	itération	15	itération	9	3
15.5	16.5	16 9	itération	16	itération	9	3
16.5	17.5	17 9	itération	17	itération	9	3
17.5	18.5	18 9	itération	18	itération	9	3
18.5	19.5	19 9	itération	19	itération	9	3
19.5	20.5	20 9	itération	20	itération	9	3
20.5	21.5	21 9	itération	21	itération	9	3
21.5	22.5	22 9	itération	22	itération	9	3
22.5	23.5	23 9	itération	23	itération	9	3
23.5	24.5	24 9	itération	24	itération	9	3
24.5	25.5	25 9	itération	25	itération	9	3
25.5	26.5	26 9	itération	26	itération	9	3
26.5	27.5	27 9	itération	27	itération	9	3
27.5	28.5	28 9	itération	28	itération	9	3
28.5	29.5	29 9	itération	29	itération	9	3
29.5	30.5	30 9	itération	30	itération	9	3
30.5	31.5	31 9	itération	31	itération	9	3
31.5	32.5	32 9	itération	32	itération	9	3
32.5	33.5	33 9	itération	33	itération	9	3
33.5	34.5	34 9	itération	34	itération	9	3
34.5	35.5	35 9	itération	35	itération	9	3
35.5	36.5	36 9	itération	36	itération	9	3
36.5	37.5	37 9	itération	37	itération	9	3
37.5	38.5	38 9	itération	38	itération	9	3
38.5	39.5	39 9	itération	39	itération	9	3
39.5	40.5	40 9	itération	40	itération	9	3
-0.5	0.5	0 10	itération	0	itération	10	3
0.5	1.5	1 10	itération	1	itération	10	3
1.5	2.5	2 10	itération	2	itération	10	3
2.5	3.5	3 10	itération	3	itération	10	3
3.5	4.5	4 10	itération	4	itération	10	3
4.5	5.5	5 10	itération	5	itération	10	3
5.5	6.5	6 10	itération	6	itération	10	3
6.5	7.5	7 10	itération	7	itération	10	3
7.5	8.5	8 10	itération	8	itération	10	3
8.5	9.5	9 10	itération	9	itération	10	3
9.5	10.5	1	itération	10	itération	10	3
10.5	11.5	11 10	itération	11	itération	10	3
11.5	12.5	12 10	itération	12	itération	10	3
12.5	13.5	13 10	itération	13	itération	10	3
13.5	14.5	14 10	itération	14	itération	10	3
14.5	15.5	15 10	itération	15	itération	10	3
15.5	16.5	16 10	itération	16	itération	10	3
16.5	17.5	17 10	itération	17	itération	10	3
17.5	18.5	18 10	itération	18	itération	10	3
18.5	19.5	19 10	itération	19	itération	10	3
19.5	20.5	20 10	itération	20	itération	10	3
20.5	21.5	21 10	itération	21	itération	10	3
21.5	22.5	22 10	itération	22	itération	10	3
22.5	23.5	23 10	itération	23	itération	10	3
23.5	24.5	24 10	itération	24	itération	10	3
24.5	25.5	25 10	itération	25	itération	10	3
25.5	26.5	26 10	itération	26	itération	10	3
26.5	27.5	27 10	itération	27	itération	10	3
27.5	28.5	28 10	itération	28	itération	10	3
28.5	29.5	29 10	itération	29	itération	10	3
29.5	30.5	30 10	itération	30	itération	10	3
30.5	31.5	31 10	itération	31	itération	10	3
31.5	32.5	32 10	itération	32	itération	10	3
32.5	33.5	33 10	itération	33	itération	10	3
33.5	34.5	34 10	itération	34	itération	10	3
34.5	35.5	35 10	itération	35	itération	10	3
35.5	36.5	36 10	itération	36	itération	10	3
36.5	37.5	37 10	itération	37	itération	10	3
37.5	38.5	38 10	itération	38	itération	10	3
38.5	39.5	39 10	itération	39	itération	10	3
39.5	40.5	40 10	itération	40	itération	10	3
-0.5	0.5	0 11	itération	0	itération	11	3
0.5	1.5	1 11	itération	1	itération	11	3
1.5	2.5	2 11	itération	2	itération	11	3
2.5	3.5	3 11	itération	3	itération	11	3
3.5	4.5	4 11	itération	4	itération	11	3
4.5	5.5	5 11	itération	5	itération	11	3
5.5	6.5	6 11	itération	6	itération	11	3
6.5	7.5	7 11	itération	7	itération	11	3
7.5	8.5	8 11	itération	8	itération	11	3
8.5	9.5	9 11	itération	9	itération	11	3
9.5	10.5	10 11	itération	10	itération	11	3
10.5	11.5	1	itération	11	itération	11	3
11.5	12.5	12 11	itération	12	itération	11	3
12.5	13.5	13 11	itération	13	itération	11	3
13.5	14.5	14 11	itération	14	itération	11	3
14.5	15.5	15 11	itération	15	itération	11	3
15.5	16.5	16 11	itération	16	itération	11	3
16.5	17.5	17 11	itération	17	itération	11	3
17.5	18.5	18 11	itération	18	itération	11	3
18.5	19.5	19 11	itération	19	itération	11	3
19.5	20.5	20 11	itération	20	itération	11	3
20.5	21.5	21 11	itération	21	itération	11	3
21.5	22.5	22 11	itération	22	itération	11	3
22.5	23.5	23 11	itération	23	itération	11	3
23.5	24.5	24 11	itération	24	itération	11	3
24.5	25.5	25 11	itération	25	itération	11	3
25.5	26.5	26 11	itération	26	itération	11	3
26.5	27.5	27 11	itération	27	itération	11	3
27.5	28.5	28 11	itération	28	itération	11	3
28.5	29.5	29 11	itération	29	itération	11	3
29.5	30.5	30 11	itération	30	itération	11	3
30.5	31.5	31 11	itération	31	itération	11	3
31.5	32.5	32 11	itération	32	itération	11	3
32.5	33.5	33 11	itération	33	itération	11	3
33.5	34.5	34 11	itération	34	itération	11	3
34.5	35.5	35 11	itération	35	itération	11	3
35.5	36.5	36 11	itération	36	itération	11	3
36.5	37.5	37 11	itération	37	itération	11	3
37.5	38.5	38 11	itération	38	itération	11	3
38.5	39.5	39 11	itération	39	itération	11	3
39.5	40.5	40 11	itération	40	itération	11	3
-0.5	0.5	0 12	itération	0	itération	12	3
0.5	1.5	1 12	itération	1	itération	12	3
1.5	2.5	2 12	itération	2	itération	12	3
2.5	3.5	3 12	itération	3	itération	12	3
3.5	4.5	4 12	itération	4	itération	12	3
4.5	5.5	5 12	itération	5	itération	12	3
5.5	6.5	6 12	itération	6	itération	12	3
6.5	7.5	7 12	itération	7	itération	12	3
7.5	8.5	8 12	itération	8	itération	12	3
8.5	9.5	9 12	itération	9	itération	12	3
9.5	10.5	10 12	itération	10	itération	12	3
10.5	11.5	11 12	itération	11	itération	12	3
11.5	12.5	1	itération	12	itération	12	3
12.5	13.5	13 12	itération	13	itération	12	3
13.5	14.5	14 12	itération	14	itération	12	3
14.5	15.5	15 12	itération	15	itération	12	3
15.5	16.5	16 12	itération	16	itération	12	3
16.5	17.5	17 12	itération	17	itération	12	3
17.5	18.5	18 12	itération	18	itération	12	3
18.5	19.5	19 12	itération	19	itération	12	3
19.5	20.5	20 12	itération	20	itération	12	3
20.5	21.5	21 12	itération	21	itération	12	3
21.5	22.5	22 12	itération	22	itération	12	3
22.5	23.5	23 12	itération	23	itération	12	3
23.5	24.5	24 12	itération	24	itération	12	3
24.5	25.5	25 12	itération	25	itération	12	3
25.5	26.5	26 12	itération	26	itération	12	3
26.5	27.5	27 12	itération	27	itération	12	3
27.5	28.5	28 12	itération	28	itération	12	3
28.5	29.5	29 12	itération	29	itération	12	3
29.5	30.5	30 12	itération	30	itération	12	3
30.5	31.5	31 12	itération	31	itération	12	3
31.5	32.5	32 12	itération	32	itération	12	3
32.5	33.5	33 12	itération	33	itération	12	3
33.5	34.5	34 12	itération	34	itération	12	3
34.5	35.5	35 12	itération	35	itération	12	3
35.5	36.5	36 12	itération	36	itération	12	3
36.5	37.5	37 12	itération	37	itération	12	3
37.5	38.5	38 12	itération	38	itération	12	3
38.5	39.5	39 12	itération	39	itération	12	3
39.5	40.5	40 12	itération	40	itération	12	3
-0.5	0.5	0 13	itération	0	itération	13	3
0.5	1.5	1 13	itération	1	itération	13	3
1.5	2.5	2 13	itération	2	itération	13	3
2.5	3.5	3 13	itération	3	itération	13	3
3.5	4.5	4 13	itération	4	itération	13	3
4.5	5.5	5 13	itération	5	itération	13	3
5.5	6.5	6 13	itération	6	itération	13	3
6.5	7.5	7 13	itération	7	itération	13	3
7.5	8.5	8 13	itération	8	itération	13	3
8.5	9.5	9 13	itération	9	itération	13	3
9.5	10.5	10 13	itération	10	itération	13	3
10.5	11.5	11 13	itération	11	itération	13	3
11.5	12.5	12 13	itération	12	itération	13	3
12.5	13.5	1	itération	13	itération	13	3
13.5	14.5	14 13	itération	14	itération	13	3
14.5	15.5	15 13	itération	15	itération	13	3
15.5	16.5	16 13	itération	16	itération	13	3
16.5	17.5	17 13	itération	17	itération	13	3
17.5	18.5	18 13	itération	18	itération	13	3
18.5	19.5	19 13	itération	19	itération	13	3
19.5	20.5	20 13	itération	20	itération	13	3
20.5	21.5	21 13	itération	21	itération	13	3
21.5	22.5	22 13	itération	22	itération	13	3
22.5	23.5	23 13	itération	23	itération	13	3
23.5	24.5	24 13	itération	24	itération	13	3
24.5	25.5	25 13	itération	25	itération	13	3
25.5	26.5	26 13	itération	26	itération	13	3
26.5	27.5	27 13	itération	27	itération	13	3
27.5	28.5	28 13	itération	28	itération	13	3
28.5	29.5	29 13	itération	29	itération	13	3
29.5	30.5	30 13	itération	30	itération	13	3
30.5	31.5	31 13	itération	31	itération	13	3
31.5	32.5	32 13	itération	32	itération	13	3
32.5	33.5	33 13	itération	33	itération	13	3
33.5	34.5	34 13	itération	34	itération	13	3
34.5	35.5	35 13	itération	35	itération	13	3
35.5	36.5	36 13	itération	36	itération	13	3
36.5	37.5	37 13	itération	37	itération	13	3
37.5	38.5	38 13	itération	38	itération	13	3
38.5	39.5	39 13	itération	39	itération	13	3
39.5	40.5	40 13	itération	40	itération	13	3
-0.5	0.5	0 14	itération	0	itération	14	3
0.5	1.5	1 14	itération	1	itération	14	3
1.5	2.5	2 14	itération	2	itération	14	3
2.5	3.5	3 14	itération	3	itération	14	3
3.5	4.5	4 14	itération	4	itération	14	3
4.5	5.5	5 14	itération	5	itération	14	3
5.5	6.5	6 14	itération	6	itération	14	3
6.5	7.5	7 14	itération	7	itération	14	3
7.5	8.5	8 14	itération	8	itération	14	3
8.5	9.5	9 14	itération	9	itération	14	3
9.5	10.5	10 14	itération	10	itération	14	3
10.5	11.5	11 14	itération	11	itération	14	3
11.5	12.5	12 14	itération	12	itération	14	3
12.5	13.5	13 14	itération	13	itération	14	3
13.5	14.5	1	itération	14	itération	14	3
14.5	15.5	15 14	itération	15	itération	14	3
15.5	16.5	16 14	itération	16	itération	14	3
16.5	17.5	17 14	itération	17	itération	14	3
17.5	18.5	18 14	itération	18	itération	14	3
18.5	19.5	19 14	itération	19	itération	14	3
19.5	20.5	20 14	itération	20	itération	14	3
20.5	21.5	21 14	itération	21	itération	14	3
21.5	22.5	22 14	itération	22	itération	14	3
22.5	23.5	23 14	itération	23	itération	14	3
23.5	24.5	24 14	itération	24	itération	14	3
24.5	25.5	25 14	itération	25	itération	14	3
25.5	26.5	26 14	itération	26	itération	14	3
26.5	27.5	27 14	itération	27	itération	14	3
27.5	28.5	28 14	itération	28	itération	14	3
28.5	29.5	29 14	itération	29	itération	14	3
29.5	30.5	30 14	itération	30	itération	14	3
30.5	31.5	31 14	itération	31	itération	14	3
31.5	32.5	32 14	itération	32	itération	14	3
32.5	33.5	33 14	itération	33	itération	14	3
33.5	34.5	34 14	itération	34	itération	14	3
34.5	35.5	35 14	itération	35	itération	14	3
35.5	36.5	36 14	itération	36	itération	14	3
36.5	37.5	37 14	itération	37	itération	14	3
37.5	38.5	38 14	itération	38	itération	14	3
38.5	39.5	39 14	itération	39	itération	14	3
39.5	40.5	40 14	itération	40	itération	14	3
-0.5	0.5	0 15	itération	0	itération	15	3
0.5	1.5	1 15	itération	1	itération	15	3
1.5	2.5	2 15	itération	2	itération	15	3
2.5	3.5	3 15	itération	3	itération	15	3
3.5	4.5	4 15	itération	4	itération	15	3
4.5	5.5	5 15	itération	5	itération	15	3
5.5	6.5	6 15	itération	6	itération	15	3
6.5	7.5	7 15	itération	7	itération	15	3
7.5	8.5	8 15	itération	8	itération	15	3
8.5	9.5	9 15	itération	9	itération	15	3
9.5	10.5	10 15	itération	10	itération	15	3
10.5	11.5	11 15	itération	11	itération	15	3
11.5	12.5	12 15	itération	12	itération	15	3
12.5	13.5	13 15	itération	13	itération	15	3
13.5	14.5	14 15	itération	14	itération	15	3
14.5	15.5	1	itération	15	itération	15	3
15.5	16.5	16 15	itération	16	itération	15	3
16.5	17.5	17 15	itération	17	itération	15	3
17.5	18.5	18 15	itération	18	itération	15	3
18.5	19.5	19 15	itération	19	itération	15	3
19.5	20.5	20 15	itération	20	itération	15	3
20.5	21.5	21 15	itération	21	itération	15	3
21.5	22.5	22 15	itération	22	itération	15	3
22.5	23.5	23 15	itération	23	itération	15	3
23.5	24.5	24 15	itération	24	itération	15	3
24.5	25.5	25 15	itération	25	itération	15	3
25.5	26.5	26 15	itération	26	itération	15	3
26.5	27.5	27 15	itération	27	itération	15	3
27.5	28.5	28 15	itération	28	itération	15	3
28.5	29.5	29 15	itération	29	itération	15	3
29.5	30.5	30 15	itération	30	itération	15	3
30.5	31.5	31 15	itération	31	itération	15	3
31.5	32.5	32 15	itération	32	itération	15	3
32.5	33.5	33 15	itération	33	itération	15	3
33.5	34.5	34 15	itération	34	itération	15	3
34.5	35.5	35 15	itération	35	itération	15	3
35.5	36.5	36 15	itération	36	itération	15	3
36.5	37.5	37 15	itération	37	itération	15	3
37.5	38.5	38 15	itération	38	itération	15	3
38.5	39.5	39 15	itération	39	itération	15	3
39.5	40.5	40 15	itération	40	itération	15	3
-0.5	0.5	0 16	itération	0	itération	16	3
0.5	1.5	1 16	itération	1	itération	16	3
1.5	2.5	2 16	itération	2	itération	16	3
2.5	3.5	3 16	itération	3	itération	16	3
3.5	4.5	4 16	itération	4	itération	16	3
4.5	5.5	5 16	itération	5	itération	16	3
5.5	6.5	6 16	itération	6	itération	16	3
6.5	7.5	7 16	itération	7	itération	16	3
7.5	8.5	8 16	itération	8	itération	16	3
8.5	9.5	9 16	itération	9	itération	16	3
9.5	10.5	10 16	itération	10	itération	16	3
10.5	11.5	11 16	itération	11	itération	16	3
11.5	12.5	12 16	itération	12	itération	16	3
12.5	13.5	13 16	itération	13	itération	16	3
13.5	14.5	14 16	itération	14	itération	16	3
14.5	15.5	15 16	itération	15	itération	16	3
15.5	16.5	1	itération	16	itération	16	3
16.5	17.5	17 16	itération	17	itération	16	3
17.5	18.5	18 16	itération	18	itération	16	3
18.5	19.5	19 16	itération	19	itération	16	3
19.5	20.5	20 16	itération	20	itération	16	3
20.5	21.5	21 16	itération	21	itération	16	3
21.5	22.5	22 16	itération	22	itération	16	3
22.5	23.5	23 16	itération	23	itération	16	3
23.5	24.5	24 16	itération	24	itération	16	3
24.5	25.5	25 16	itération	25	itération	16	3
25.5	26.5	26 16	itération	26	itération	16	3
26.5	27.5	27 16	itération	27	itération	16	3
27.5	28.5	28 16	itération	28	itération	16	3
28.5	29.5	29 16	itération	29	itération	16	3
29.5	30.5	30 16	itération	30	itération	16	3
30.5	31.5	31 16	itération	31	itération	16	3
31.5	32.5	32 16	itération	32	itération	16	3
32.5	33.5	33 16	itération	33	itération	16	3
33.5	34.5	34 16	itération	34	itération	16	3
34.5	35.5	35 16	itération	35	itération	16	3
35.5	36.5	36 16	itération	36	itération	16	3
36.5	37.5	37 16	itération	37	itération	16	3
37.5	38.5	38 16	itération	38	itération	16	3
38.5	39.5	39 16	itération	39	itération	16	3
39.5	40.5	40 16	itération	40	itération	16	3
-0.5	0.5	0 17	itération	0	itération	17	3
0.5	1.5	1 17	itération	1	itération	17	3
1.5	2.5	2 17	itération	2	itération	17	3
2.5	3.5	3 17	itération	3	itération	17	3
3.5	4.5	4 17	itération	4	itération	17	3
4.5	5.5	5 17	itération	5	itération	17	3
5.5	6.5	6 17	itération	6	itération	17	3
6.5	7.5	7 17	itération	7	itération	17	3
7.5	8.5	8 17	itération	8	itération	17	3
8.5	9.5	9 17	itération	9	itération	17	3
9.5	10.5	10 17	itération	10	itération	17	3
10.5	11.5	11 17	itération	11	itération	17	3
11.5	12.5	12 17	itération	12	itération	17	3
12.5	13.5	13 17	itération	13	itération	17	3
13.5	14.5	14 17	itération	14	itération	17	3
14.5	15.5	15 17	itération	15	itération	17	3
15.5	16.5	16 17	itération	16	itération	17	3
16.5	17.5	1	itération	17	itération	17	3
17.5	18.5	18 17	itération	18	itération	17	3
18.5	19.5	19 17	itération	19	itération	17	3
19.5	20.5	20 17	itération	20	itération	17	3
20.5	21.5	21 17	itération	21	itération	17	3
21.5	22.5	22 17	itération	22	itération	17	3
22.5	23.5	23 17	itération	23	itération	17	3
23.5	24.5	24 17	itération	24	itération	17	3
24.5	25.5	25 17	itération	25	itération	17	3
25.5	26.5	26 17	itération	26	itération	17	3
26.5	27.5	27 17	itération	27	itération	17	3
27.5	28.5	28 17	itération	28	itération	17	3
28.5	29.5	29 17	itération	29	itération	17	3
29.5	30.5	30 17	itération	30	itération	17	3
30.5	31.5	31 17	itération	31	itération	17	3
31.5	32.5	32 17	itération	32	itération	17	3
32.5	33.5	33 17	itération	33	itération	17	3
33.5	34.5	34 17	itération	34	itération	17	3
34.5	35.5	35 17	itération	35	itération	17	3
35.5	36.5	36 17	itération	36	itération	17	3
36.5	37.5	37 17	itération	37	itération	17	3
37.5	38.5	38 17	itération	38	itération	17	3
38.5	39.5	39 17	itération	39	itération	17	3
39.5	40.5	40 17	itération	40	itération	17	3
-0.5	0.5	0 18	itération	0	itération	18	3
0.5	1.5	1 18	itération	1	itération	18	3
1.5	2.5	2 18	itération	2	itération	18	3
2.5	3.5	3 18	itération	3	itération	18	3
3.5	4.5	4 18	itération	4	itération	18	3
4.5	5.5	5 18	itération	5	itération	18	3
5.5	6.5	6 18	itération	6	itération	18	3
6.5	7.5	7 18	itération	7	itération	18	3
7.5	8.5	8 18	itération	8	itération	18	3
8.5	9.5	9 18	itération	9	itération	18	3
9.5	10.5	10 18	itération	10	itération	18	3
10.5	11.5	11 18	itération	11	itération	18	3
11.5	12.5	12 18	itération	12	itération	18	3
12.5	13.5	13 18	itération	13	itération	18	3
13.5	14.5	14 18	itération	14	itération	18	3
14.5	15.5	15 18	itération	15	itération	18	3
15.5	16.5	16 18	itération	16	itération	18	3
16.5	17.5	17 18	itération	17	itération	18	3
17.5	18.5	1	itération	18	itération	18	3
18.5	19.5	19 18	itération	19	itération	18	3
19.5	20.5	20 18	itération	20	itération	18	3
20.5	21.5	21 18	itération	21	itération	18	3
21.5	22.5	22 18	itération	22	itération	18	3
22.5	23.5	23 18	itération	23	itération	18	3
23.5	24.5	24 18	itération	24	itération	18	3
24.5	25.5	25 18	itération	25	itération	18	3
25.5	26.5	26 18	itération	26	itération	18	3
26.5	27.5	27 18	itération	27	itération	18	3
27.5	28.5	28 18	itération	28	itération	18	3
28.5	29.5	29 18	itération	29	itération	18	3
29.5	30.5	30 18	itération	30	itération	18	3
30.5	31.5	31 18	itération	31	itération	18	3
31.5	32.5	32 18	itération	32	itération	18	3
32.5	33.5	33 18	itération	33	itération	18	3
33.5	34.5	34 18	itération	34	itération	18	3
34.5	35.5	35 18	itération	35	itération	18	3
35.5	36.5	36 18	itération	36	itération	18	3
36.5	37.5	37 18	itération	37	itération	18	3
37.5	38.5	38 18	itération	38	itération	18	3
38.5	39.5	39 18	itération	39	itération	18	3
39.5	40.5	40 18	itération	40	itération	18	3
-0.5	0.5	0 19	itération	0	itération	19	3
0.5	1.5	1 19	itération	1	itération	19	3
1.5	2.5	2 19	itération	2	itération	19	3
2.5	3.5	3 19	itération	3	itération	19	3
3.5	4.5	4 19	itération	4	itération	19	3
4.5	5.5	5 19	itération	5	itération	19	3
5.5	6.5	6 19	itération	6	itération	19	3
6.5	7.5	7 19	itération	7	itération	19	3
7.5	8.5	8 19	itération	8	itération	19	3
8.5	9.5	9 19	itération	9	itération	19	3
9.5	10.5	10 19	itération	10	itération	19	3
10.5	11.5	11 19	itération	11	itération	19	3
11.5	12.5	12 19	itération	12	itération	19	3
12.5	13.5	13 19	itération	13	itération	19	3
13.5	14.5	14 19	itération	14	itération	19	3
14.5	15.5	15 19	itération	15	itération	19	3
15.5	16.5	16 19	itération	16	itération	19	3
16.5	17.5	17 19	itération	17	itération	19	3
17.5	18.5	18 19	itération	18	itération	19	3
18.5	19.5	1	itération	19	itération	19	3
19.5	20.5	20 19	itération	20	itération	19	3
20.5	21.5	21 19	itération	21	itération	19	3
21.5	22.5	22 19	itération	22	itération	19	3
22.5	23.5	23 19	itération	23	itération	19	3
23.5	24.5	24 19	itération	24	itération	19	3
24.5	25.5	25 19	itération	25	itération	19	3
25.5	26.5	26 19	itération	26	itération	19	3
26.5	27.5	27 19	itération	27	itération	19	3
27.5	28.5	28 19	itération	28	itération	19	3
28.5	29.5	29 19	itération	29	itération	19	3
29.5	30.5	30 19	itération	30	itération	19	3
30.5	31.5	31 19	itération	31	itération	19	3
31.5	32.5	32 19	itération	32	itération	19	3
32.5	33.5	33 19	itération	33	itération	19	3
33.5	34.5	34 19	itération	34	itération	19	3
34.5	35.5	35 19	itération	35	itération	19	3
35.5	36.5	36 19	itération	36	itération	19	3
36.5	37.5	37 19	itération	37	itération	19	3
37.5	38.5	38 19	itération	38	itération	19	3
38.5	39.5	39 19	itération	39	itération	19	3
39.5	40.5	40 19	itération	40	itération	19	3
-0.5	0.5	0 20	itération	0	itération	20	3
0.5	1.5	1 20	itération	1	itération	20	3
1.5	2.5	2 20	itération	2	itération	20	3
2.5	3.5	3 20	itération	3	itération	20	3
3.5	4.5	4 20	itération	4	itération	20	3
4.5	5.5	5 20	itération	5	itération	20	3
5.5	6.5	6 20	itération	6	itération	20	3
6.5	7.5	7 20	itération	7	itération	20	3
7.5	8.5	8 20	itération	8	itération	20	3
8.5	9.5	9 20	itération	9	itération	20	3
9.5	10.5	10 20	itération	10	itération	20	3
10.5	11.5	11 20	itération	11	itération	20	3
11.5	12.5	12 20	itération	12	itération	20	3
12.5	13.5	13 20	itération	13	itération	20	3
13.5	14.5	14 20	itération	14	itération	20	3
14.5	15.5	15 20	itération	15	itération	20	3
15.5	16.5	16 20	itération	16	itération	20	3
16.5	17.5	17 20	itération	17	itération	20	3
17.5	18.5	18 20	itération	18	itération	20	3
18.5	19.5	19 20	itération	19	itération	20	3
19.5	20.5	1	itération	20	itération	20	3
20.5	21.5	21 20	itération	21	itération	20	3
21.5	22.5	22 20	itération	22	itération	20	3
22.5	23.5	23 20	itération	23	itération	20	3
23.5	24.5	24 20	itération	24	itération	20	3
24.5	25.5	25 20	itération	25	itération	20	3
25.5	26.5	26 20	itération	26	itération	20	3
26.5	27.5	27 20	itération	27	itération	20	3
27.5	28.5	28 20	itération	28	itération	20	3
28.5	29.5	29 20	itération	29	itération	20	3
29.5	30.5	30 20	itération	30	itération	20	3
30.5	31.5	31 20	itération	31	itération	20	3
31.5	32.5	32 20	itération	32	itération	20	3
32.5	33.5	33 20	itération	33	itération	20	3
33.5	34.5	34 20	itération	34	itération	20	3
34.5	35.5	35 20	itération	35	itération	20	3
35.5	36.5	36 20	itération	36	itération	20	3
36.5	37.5	37 20	itération	37	itération	20	3
37.5	38.5	38 20	itération	38	itération	20	3
38.5	39.5	39 20	itération	39	itération	20	3
39.5	40.5	40 20	itération	40	itération	20	3
-0.5	0.5	0 21	itération	0	itération	21	3
0.5	1.5	1 21	itération	1	itération	21	3
1.5	2.5	2 21	itération	2	itération	21	3
2.5	3.5	3 21	itération	3	itération	21	3
3.5	4.5	4 21	itération	4	itération	21	3
4.5	5.5	5 21	itération	5	itération	21	3
5.5	6.5	6 21	itération	6	itération	21	3
6.5	7.5	7 21	itération	7	itération	21	3
7.5	8.5	8 21	itération	8	itération	21	3
8.5	9.5	9 21	itération	9	itération	21	3
9.5	10.5	10 21	itération	10	itération	21	3
10.5	11.5	11 21	itération	11	itération	21	3
11.5	12.5	12 21	itération	12	itération	21	3
12.5	13.5	13 21	itération	13	itération	21	3
13.5	14.5	14 21	itération	14	itération	21	3
14.5	15.5	15 21	itération	15	itération	21	3
15.5	16.5	16 21	itération	16	itération	21	3
16.5	17.5	17 21	itération	17	itération	21	3
17.5	18.5	18 21	itération	18	itération	21	3
18.5	19.5	19 21	itération	19	itération	21	3
19.5	20.5	20 21	itération	20	itération	21	3
20.5	21.5	1	itération	21	itération	21	3
21.5	22.5	22 21	itération	22	itération	21	3
22.5	23.5	23 21	itération	23	itération	21	3
23.5	24.5	24 21	itération	24	itération	21	3
24.5	25.5	25 21	itération	25	itération	21	3
25.5	26.5	26 21	itération	26	itération	21	3
26.5	27.5	27 21	itération	27	itération	21	3
27.5	28.5	28 21	itération	28	itération	21	3
28.5	29.5	29 21	itération	29	itération	21	3
29.5	30.5	30 21	itération	30	itération	21	3
30.5	31.5	31 21	itération	31	itération	21	3
31.5	32.5	32 21	itération	32	itération	21	3
32.5	33.5	33 21	itération	33	itération	21	3
33.5	34.5	34 21	itération	34	itération	21	3
34.5	35.5	35 21	itération	35	itération	21	3
35.5	36.5	36 21	itération	36	itération	21	3
36.5	37.5	37 21	itération	37	itération	21	3
37.5	38.5	38 21	itération	38	itération	21	3
38.5	39.5	39 21	itération	39	itération	21	3
39.5	40.5	40 21	itération	40	itération	21	3
-0.5	0.5	0 22	itération	0	itération	22	3
0.5	1.5	1 22	itération	1	itération	22	3
1.5	2.5	2 22	itération	2	itération	22	3
2.5	3.5	3 22	itération	3	itération	22	3
3.5	4.5	4 22	itération	4	itération	22	3
4.5	5.5	5 22	itération	5	itération	22	3
5.5	6.5	6 22	itération	6	itération	22	3
6.5	7.5	7 22	itération	7	itération	22	3
7.5	8.5	8 22	itération	8	itération	22	3
8.5	9.5	9 22	itération	9	itération	22	3
9.5	10.5	10 22	itération	10	itération	22	3
10.5	11.5	11 22	itération	11	itération	22	3
11.5	12.5	12 22	itération	12	itération	22	3
12.5	13.5	13 22	itération	13	itération	22	3
13.5	14.5	14 22	itération	14	itération	22	3
14.5	15.5	15 22	itération	15	itération	22	3
15.5	16.5	16 22	itération	16	itération	22	3
16.5	17.5	17 22	itération	17	itération	22	3
17.5	18.5	18 22	itération	18	itération	22	3
18.5	19.5	19 22	itération	19	itération	22	3
19.5	20.5	20 22	itération	20	itération	22	3
20.5	21.5	21 22	itération	21	itération	22	3
21.5	22.5	1	itération	22	itération	22	3
22.5	23.5	23 22	itération	23	itération	22	3
23.5	24.5	24 22	itération	24	itération	22	3
24.5	25.5	25 22	itération	25	itération	22	3
25.5	26.5	26 22	itération	26	itération	22	3
26.5	27.5	27 22	itération	27	itération	22	3
27.5	28.5	28 22	itération	28	itération	22	3
28.5	29.5	29 22	itération	29	itération	22	3
29.5	30.5	30 22	itération	30	itération	22	3
30.5	31.5	31 22	itération	31	itération	22	3
31.5	32.5	32 22	itération	32	itération	22	3
32.5	33.5	33 22	itération	33	itération	22	3
33.5	34.5	34 22	itération	34	itération	22	3
34.5	35.5	35 22	itération	35	itération	22	3
35.5	36.5	36 22	itération	36	itération	22	3
36.5	37.5	37 22	itération	37	itération	22	3
37.5	38.5	38 22	itération	38	itération	22	3
38.5	39.5	39 22	itération	39	itération	22	3
39.5	40.5	40 22	itération	40	itération	22	3
-0.5	0.5	0 23	itération	0	itération	23	3
0.5	1.5	1 23	itération	1	itération	23	3
1.5	2.5	2 23	itération	2	itération	23	3
2.5	3.5	3 23	itération	3	itération	23	3
3.5	4.5	4 23	itération	4	itération	23	3
4.5	5.5	5 23	itération	5	itération	23	3
5.5	6.5	6 23	itération	6	itération	23	3
6.5	7.5	7 23	itération	7	itération	23	3
7.5	8.5	8 23	itération	8	itération	23	3
8.5	9.5	9 23	itération	9	itération	23	3
9.5	10.5	10 23	itération	10	itération	23	3
10.5	11.5	11 23	itération	11	itération	23	3
11.5	12.5	12 23	itération	12	itération	23	3
12.5	13.5	13 23	itération	13	itération	23	3
13.5	14.5	14 23	itération	14	itération	23	3
14.5	15.5	15 23	itération	15	itération	23	3
15.5	16.5	16 23	itération	16	itération	23	3
16.5	17.5	17 23	itération	17	itération	23	3
17.5	18.5	18 23	itération	18	itération	23	3
18.5	19.5	19 23	itération	19	itération	23	3
19.5	20.5	20 23	itération	20	itération	23	3
20.5	21.5	21 23	itération	21	itération	23	3
21.5	22.5	22 23	itération	22	itération	23	3
22.5	23.5	1	itération	23	itération	23	3
23.5	24.5	24 23	itération	24	itération	23	3
24.5	25.5	25 23	itération	25	itération	23	3
25.5	26.5	26 23	itération	26	itération	23	3
26.5	27.5	27 23	itération	27	itération	23	3
27.5	28.5	28 23	itération	28	itération	23	3
28.5	29.5	29 23	itération	29	itération	23	3
29.5	30.5	30 23	itération	30	itération	23	3
30.5	31.5	31 23	itération	31	itération	23	3
31.5	32.5	32 23	itération	32	itération	23	3
32.5	33.5	33 23	itération	33	itération	23	3
33.5	34.5	34 23	itération	34	itération	23	3
34.5	35.5	35 23	itération	35	itération	23	3
35.5	36.5	36 23	itération	36	itération	23	3
36.5	37.5	37 23	itération	37	itération	23	3
37.5	38.5	38 23	itération	38	itération	23	3
38.5	39.5	39 23	itération	39	itération	23	3
39.5	40.5	40 23	itération	40	itération	23	3
-0.5	0.5	0 24	itération	0	itération	24	3
0.5	1.5	1 24	itération	1	itération	24	3
1.5	2.5	2 24	itération	2	itération	24	3
2.5	3.5	3 24	itération	3	itération	24	3
3.5	4.5	4 24	itération	4	itération	24	3
4.5	5.5	5 24	itération	5	itération	24	3
5.5	6.5	6 24	itération	6	itération	24	3
6.5	7.5	7 24	itération	7	itération	24	3
7.5	8.5	8 24	itération	8	itération	24	3
8.5	9.5	9 24	itération	9	itération	24	3
9.5	10.5	10 24	itération	10	itération	24	3
10.5	11.5	11 24	itération	11	itération	24	3
11.5	12.5	12 24	itération	12	itération	24	3
12.5	13.5	13 24	itération	13	itération	24	3
13.5	14.5	14 24	itération	14	itération	24	3
14.5	15.5	15 24	itération	15	itération	24	3
15.5	16.5	16 24	itération	16	itération	24	3
16.5	17.5	17 24	itération	17	itération	24	3
17.5	18.5	18 24	itération	18	itération	24	3
18.5	19.5	19 24	itération	19	itération	24	3
19.5	20.5	20 24	itération	20	itération	24	3
20.5	21.5	21 24	itération	21	itération	24	3
21.5	22.5	22 24	itération	22	itération	24	3
22.5	23.5	23 24	itération	23	itération	24	3
23.5	24.5	1	itération	24	itération	24	3
24.5	25.5	25 24	itération	25	itération	24	3
25.5	26.5	26 24	itération	26	itération	24	3
26.5	27.5	27 24	itération	27	itération	24	3
27.5	28.5	28 24	itération	28	itération	24	3
28.5	29.5	29 24	itération	29	itération	24	3
29.5	30.5	30 24	itération	30	itération	24	3
30.5	31.5	31 24	itération	31	itération	24	3
31.5	32.5	32 24	itération	32	itération	24	3
32.5	33.5	33 24	itération	33	itération	24	3
33.5	34.5	34 24	itération	34	itération	24	3
34.5	35.5	35 24	itération	35	itération	24	3
35.5	36.5	36 24	itération	36	itération	24	3
36.5	37.5	37 24	itération	37	itération	24	3
37.5	38.5	38 24	itération	38	itération	24	3
38.5	39.5	39 24	itération	39	itération	24	3
39.5	40.5	40 24	itération	40	itération	24	3
-0.5	0.5	0 25	itération	0	itération	25	3
0.5	1.5	1 25	itération	1	itération	25	3
1.5	2.5	2 25	itération	2	itération	25	3
2.5	3.5	3 25	itération	3	itération	25	3
3.5	4.5	4 25	itération	4	itération	25	3
4.5	5.5	5 25	itération	5	itération	25	3
5.5	6.5	6 25	itération	6	itération	25	3
6.5	7.5	7 25	itération	7	itération	25	3
7.5	8.5	8 25	itération	8	itération	25	3
8.5	9.5	9 25	itération	9	itération	25	3
9.5	10.5	10 25	itération	10	itération	25	3
10.5	11.5	11 25	itération	11	itération	25	3
11.5	12.5	12 25	itération	12	itération	25	3
12.5	13.5	13 25	itération	13	itération	25	3
13.5	14.5	14 25	itération	14	itération	25	3
14.5	15.5	15 25	itération	15	itération	25	3
15.5	16.5	16 25	itération	16	itération	25	3
16.5	17.5	17 25	itération	17	itération	25	3
17.5	18.5	18 25	itération	18	itération	25	3
18.5	19.5	19 25	itération	19	itération	25	3
19.5	20.5	20 25	itération	20	itération	25	3
20.5	21.5	21 25	itération	21	itération	25	3
21.5	22.5	22 25	itération	22	itération	25	3
22.5	23.5	23 25	itération	23	itération	25	3
23.5	24.5	24 25	itération	24	itération	25	3
24.5	25.5	1	itération	25	itération	25	3
25.5	26.5	26 25	itération	26	itération	25	3
26.5	27.5	27 25	itération	27	itération	25	3
27.5	28.5	28 25	itération	28	itération	25	3
28.5	29.5	29 25	itération	29	itération	25	3
29.5	30.5	30 25	itération	30	itération	25	3
30.5	31.5	31 25	itération	31	itération	25	3
31.5	32.5	32 25	itération	32	itération	25	3
32.5	33.5	33 25	itération	33	itération	25	3
33.5	34.5	34 25	itération	34	itération	25	3
34.5	35.5	35 25	itération	35	itération	25	3
35.5	36.5	36 25	itération	36	itération	25	3
36.5	37.5	37 25	itération	37	itération	25	3
37.5	38.5	38 25	itération	38	itération	25	3
38.5	39.5	39 25	itération	39	itération	25	3
39.5	40.5	40 25	itération	40	itération	25	3
-0.5	0.5	0 26	itération	0	itération	26	3
0.5	1.5	1 26	itération	1	itération	26	3
1.5	2.5	2 26	itération	2	itération	26	3
2.5	3.5	3 26	itération	3	itération	26	3
3.5	4.5	4 26	itération	4	itération	26	3
4.5	5.5	5 26	itération	5	itération	26	3
5.5	6.5	6 26	itération	6	itération	26	3
6.5	7.5	7 26	itération	7	itération	26	3
7.5	8.5	8 26	itération	8	itération	26	3
8.5	9.5	9 26	itération	9	itération	26	3
9.5	10.5	10 26	itération	10	itération	26	3
10.5	11.5	11 26	itération	11	itération	26	3
11.5	12.5	12 26	itération	12	itération	26	3
12.5	13.5	13 26	itération	13	itération	26	3
13.5	14.5	14 26	itération	14	itération	26	3
14.5	15.5	15 26	itération	15	itération	26	3
15.5	16.5	16 26	itération	16	itération	26	3
16.5	17.5	17 26	itération	17	itération	26	3
17.5	18.5	18 26	itération	18	itération	26	3
18.5	19.5	19 26	itération	19	itération	26	3
19.5	20.5	20 26	itération	20	itération	26	3
20.5	21.5	21 26	itération	21	itération	26	3
21.5	22.5	22 26	itération	22	itération	26	3
22.5	23.5	23 26	itération	23	itération	26	3
23.5	24.5	24 26	itération	24	itération	26	3
24.5	25.5	25 26	itération	25	itération	26	3
25.5	26.5	1	itération	26	itération	26	3
26.5	27.5	27 26	itération	27	itération	26	3
27.5	28.5	28 26	itération	28	itération	26	3
28.5	29.5	29 26	itération	29	itération	26	3
29.5	30.5	30 26	itération	30	itération	26	3
30.5	31.5	31 26	itération	31	itération	26	3
31.5	32.5	32 26	itération	32	itération	26	3
32.5	33.5	33 26	itération	33	itération	26	3
33.5	34.5	34 26	itération	34	itération	26	3
34.5	35.5	35 26	itération	35	itération	26	3
35.5	36.5	36 26	itération	36	itération	26	3
36.5	37.5	37 26	itération	37	itération	26	3
37.5	38.5	38 26	itération	38	itération	26	3
38.5	39.5	39 26	itération	39	itération	26	3
39.5	40.5	40 26	itération	40	itération	26	3
-0.5	0.5	0 27	itération	0	itération	27	3
0.5	1.5	1 27	itération	1	itération	27	3
1.5	2.5	2 27	itération	2	itération	27	3
2.5	3.5	3 27	itération	3	itération	27	3
3.5	4.5	4 27	itération	4	itération	27	3
4.5	5.5	5 27	itération	5	itération	27	3
5.5	6.5	6 27	itération	6	itération	27	3
6.5	7.5	7 27	itération	7	itération	27	3
7.5	8.5	8 27	itération	8	itération	27	3
8.5	9.5	9 27	itération	9	itération	27	3
9.5	10.5	10 27	itération	10	itération	27	3
10.5	11.5	11 27	itération	11	itération	27	3
11.5	12.5	12 27	itération	12	itération	27	3
12.5	13.5	13 27	itération	13	itération	27	3
13.5	14.5	14 27	itération	14	itération	27	3
14.5	15.5	15 27	itération	15	itération	27	3
15.5	16.5	16 27	itération	16	itération	27	3
16.5	17.5	17 27	itération	17	itération	27	3
17.5	18.5	18 27	itération	18	itération	27	3
18.5	19.5	19 27	itération	19	itération	27	3
19.5	20.5	20 27	itération	20	itération	27	3
20.5	21.5	21 27	itération	21	itération	27	3
21.5	22.5	22 27	itération	22	itération	27	3
22.5	23.5	23 27	itération	23	itération	27	3
23.5	24.5	24 27	itération	24	itération	27	3
24.5	25.5	25 27	itération	25	itération	27	3
25.5	26.5	26 27	itération	26	itération	27	3
26.5	27.5	1	itération	27	itération	27	3
27.5	28.5	28 27	itération	28	itération	27	3
28.5	29.5	29 27	itération	29	itération	27	3
29.5	30.5	30 27	itération	30	itération	27	3
30.5	31.5	31 27	itération	31	itération	27	3
31.5	32.5	32 27	itération	32	itération	27	3
32.5	33.5	33 27	itération	33	itération	27	3
33.5	34.5	34 27	itération	34	itération	27	3
34.5	35.5	35 27	itération	35	itération	27	3
35.5	36.5	36 27	itération	36	itération	27	3
36.5	37.5	37 27	itération	37	itération	27	3
37.5	38.5	38 27	itération	38	itération	27	3
38.5	39.5	39 27	itération	39	itération	27	3
39.5	40.5	40 27	itération	40	itération	27	3
-0.5	0.5	0 28	itération	0	itération	28	3
0.5	1.5	1 28	itération	1	itération	28	3
1.5	2.5	2 28	itération	2	itération	28	3
2.5	3.5	3 28	itération	3	itération	28	3
3.5	4.5	4 28	itération	4	itération	28	3
4.5	5.5	5 28	itération	5	itération	28	3
5.5	6.5	6 28	itération	6	itération	28	3
6.5	7.5	7 28	itération	7	itération	28	3
7.5	8.5	8 28	itération	8	itération	28	3
8.5	9.5	9 28	itération	9	itération	28	3
9.5	10.5	10 28	itération	10	itération	28	3
10.5	11.5	11 28	itération	11	itération	28	3
11.5	12.5	12 28	itération	12	itération	28	3
12.5	13.5	13 28	itération	13	itération	28	3
13.5	14.5	14 28	itération	14	itération	28	3
14.5	15.5	15 28	itération	15	itération	28	3
15.5	16.5	16 28	itération	16	itération	28	3
16.5	17.5	17 28	itération	17	itération	28	3
17.5	18.5	18 28	itération	18	itération	28	3
18.5	19.5	19 28	itération	19	itération	28	3
19.5	20.5	20 28	itération	20	itération	28	3
20.5	21.5	21 28	itération	21	itération	28	3
21.5	22.5	22 28	itération	22	itération	28	3
22.5	23.5	23 28	itération	23	itération	28	3
23.5	24.5	24 28	itération	24	itération	28	3
24.5	25.5	25 28	itération	25	itération	28	3
25.5	26.5	26 28	itération	26	itération	28	3
26.5	27.5	27 28	itération	27	itération	28	3
27.5	28.5	1	itération	28	itération	28	3
28.5	29.5	29 28	itération	29	itération	28	3
29.5	30.5	30 28	itération	30	itération	28	3
30.5	31.5	31 28	itération	31	itération	28	3
31.5	32.5	32 28	itération	32	itération	28	3
32.5	33.5	33 28	itération	33	itération	28	3
33.5	34.5	34 28	itération	34	itération	28	3
34.5	35.5	35 28	itération	35	itération	28	3
35.5	36.5	36 28	itération	36	itération	28	3
36.5	37.5	37 28	itération	37	itération	28	3
37.5	38.5	38 28	itération	38	itération	28	3
38.5	39.5	39 28	itération	39	itération	28	3
39.5	40.5	40 28	itération	40	itération	28	3
-0.5	0.5	0 29	itération	0	itération	29	3
0.5	1.5	1 29	itération	1	itération	29	3
1.5	2.5	2 29	itération	2	itération	29	3
2.5	3.5	3 29	itération	3	itération	29	3
3.5	4.5	4 29	itération	4	itération	29	3
4.5	5.5	5 29	itération	5	itération	29	3
5.5	6.5	6 29	itération	6	itération	29	3
6.5	7.5	7 29	itération	7	itération	29	3
7.5	8.5	8 29	itération	8	itération	29	3
8.5	9.5	9 29	itération	9	itération	29	3
9.5	10.5	10 29	itération	10	itération	29	3
10.5	11.5	11 29	itération	11	itération	29	3
11.5	12.5	12 29	itération	12	itération	29	3
12.5	13.5	13 29	itération	13	itération	29	3
13.5	14.5	14 29	itération	14	itération	29	3
14.5	15.5	15 29	itération	15	itération	29	3
15.5	16.5	16 29	itération	16	itération	29	3
16.5	17.5	17 29	itération	17	itération	29	3
17.5	18.5	18 29	itération	18	itération	29	3
18.5	19.5	19 29	itération	19	itération	29	3
19.5	20.5	20 29	itération	20	itération	29	3
20.5	21.5	21 29	itération	21	itération	29	3
21.5	22.5	22 29	itération	22	itération	29	3
22.5	23.5	23 29	itération	23	itération	29	3
23.5	24.5	24 29	itération	24	itération	29	3
24.5	25.5	25 29	itération	25	itération	29	3
25.5	26.5	26 29	itération	26	itération	29	3
26.5	27.5	27 29	itération	27	itération	29	3
27.5	28.5	28 29	itération	28	itération	29	3
28.5	29.5	1	itération	29	itération	29	3
29.5	30.5	30 29	itération	30	itération	29	3
30.5	31.5	31 29	itération	31	itération	29	3
31.5	32.5	32 29	itération	32	itération	29	3
32.5	33.5	33 29	itération	33	itération	29	3
33.5	34.5	34 29	itération	34	itération	29	3
34.5	35.5	35 29	itération	35	itération	29	3
35.5	36.5	36 29	itération	36	itération	29	3
36.5	37.5	37 29	itération	37	itération	29	3
37.5	38.5	38 29	itération	38	itération	29	3
38.5	39.5	39 29	itération	39	itération	29	3
39.5	40.5	40 29	itération	40	itération	29	3
-0.5	0.5	0 30	itération	0	itération	30	3
0.5	1.5	1 30	itération	1	itération	30	3
1.5	2.5	2 30	itération	2	itération	30	3
2.5	3.5	3 30	itération	3	itération	30	3
3.5	4.5	4 30	itération	4	itération	30	3
4.5	5.5	5 30	itération	5	itération	30	3
5.5	6.5	6 30	itération	6	itération	30	3
6.5	7.5	7 30	itération	7	itération	30	3
7.5	8.5	8 30	itération	8	itération	30	3
8.5	9.5	9 30	itération	9	itération	30	3
9.5	10.5	10 30	itération	10	itération	30	3
10.5	11.5	11 30	itération	11	itération	30	3
11.5	12.5	12 30	itération	12	itération	30	3
12.5	13.5	13 30	itération	13	itération	30	3
13.5	14.5	14 30	itération	14	itération	30	3
14.5	15.5	15 30	itération	15	itération	30	3
15.5	16.5	16 30	itération	16	itération	30	3
16.5	17.5	17 30	itération	17	itération	30	3
17.5	18.5	18 30	itération	18	itération	30	3
18.5	19.5	19 30	itération	19	itération	30	3
19.5	20.5	20 30	itération	20	itération	30	3
20.5	21.5	21 30	itération	21	itération	30	3
21.5	22.5	22 30	itération	22	itération	30	3
22.5	23.5	23 30	itération	23	itération	30	3
23.5	24.5	24 30	itération	24	itération	30	3
24.5	25.5	25 30	itération	25	itération	30	3
25.5	26.5	26 30	itération	26	itération	30	3
26.5	27.5	27 30	itération	27	itération	30	3
27.5	28.5	28 30	itération	28	itération	30	3
28.5	29.5	29 30	itération	29	itération	30	3
29.5	30.5	1	itération	30	itération	30	3
30.5	31.5	31 30	itération	31	itération	30	3
31.5	32.5	32 30	itération	32	itération	30	3
32.5	33.5	33 30	itération	33	itération	30	3
33.5	34.5	34 30	itération	34	itération	30	3
34.5	35.5	35 30	itération	35	itération	30	3
35.5	36.5	36 30	itération	36	itération	30	3
36.5	37.5	37 30	itération	37	itération	30	3
37.5	38.5	38 30	itération	38	itération	30	3
38.5	39.5	39 30	itération	39	itération	30	3
39.5	40.5	40 30	itération	40	itération	30	3
-0.5	0.5	0 31	itération	0	itération	31	3
0.5	1.5	1 31	itération	1	itération	31	3
1.5	2.5	2 31	itération	2	itération	31	3
2.5	3.5	3 31	itération	3	itération	31	3
3.5	4.5	4 31	itération	4	itération	31	3
4.5	5.5	5 31	itération	5	itération	31	3
5.5	6.5	6 31	itération	6	itération	31	3
6.5	7.5	7 31	itération	7	itération	31	3
7.5	8.5	8 31	itération	8	itération	31	3
8.5	9.5	9 31	itération	9	itération	31	3
9.5	10.5	10 31	itération	10	itération	31	3
10.5	11.5	11 31	itération	11	itération	31	3
11.5	12.5	12 31	itération	12	itération	31	3
12.5	13.5	13 31	itération	13	itération	31	3
13.5	14.5	14 31	itération	14	itération	31	3
14.5	15.5	15 31	itération	15	itération	31	3
15.5	16.5	16 31	itération	16	itération	31	3
16.5	17.5	17 31	itération	17	itération	31	3
17.5	18.5	18 31	itération	18	itération	31	3
18.5	19.5	19 31	itération	19	itération	31	3
19.5	20.5	20 31	itération	20	itération	31	3
20.5	21.5	21 31	itération	21	itération	31	3
21.5	22.5	22 31	itération	22	itération	31	3
22.5	23.5	23 31	itération	23	itération	31	3
23.5	24.5	24 31	itération	24	itération	31	3
24.5	25.5	25 31	itération	25	itération	31	3
25.5	26.5	26 31	itération	26	itération	31	3
26.5	27.5	27 31	itération	27	itération	31	3
27.5	28.5	28 31	itération	28	itération	31	3
28.5	29.5	29 31	itération	29	itération	31	3
29.5	30.5	30 31	itération	30	itération	31	3
30.5	31.5	1	itération	31	itération	31	3
31.5	32.5	32 31	itération	32	itération	31	3
32.5	33.5	33 31	itération	33	itération	31	3
33.5	34.5	34 31	itération	34	itération	31	3
34.5	35.5	35 31	itération	35	itération	31	3
35.5	36.5	36 31	itération	36	itération	31	3
36.5	37.5	37 31	itération	37	itération	31	3
37.5	38.5	38 31	itération	38	itération	31	3
38.5	39.5	39 31	itération	39	itération	31	3
39.5	40.5	40 31	itération	40	itération	31	3
-0.5	0.5	0 32	itération	0	itération	32	3
0.5	1.5	1 32	itération	1	itération	32	3
1.5	2.5	2 32	itération	2	itération	32	3
2.5	3.5	3 32	itération	3	itération	32	3
3.5	4.5	4 32	itération	4	itération	32	3
4.5	5.5	5 32	itération	5	itération	32	3
5.5	6.5	6 32	itération	6	itération	32	3
6.5	7.5	7 32	itération	7	itération	32	3
7.5	8.5	8 32	itération	8	itération	32	3
8.5	9.5	9 32	itération	9	itération	32	3
9.5	10.5	10 32	itération	10	itération	32	3
10.5	11.5	11 32	itération	11	itération	32	3
11.5	12.5	12 32	itération	12	itération	32	3
12.5	13.5	13 32	itération	13	itération	32	3
13.5	14.5	14 32	itération	14	itération	32	3
14.5	15.5	15 32	itération	15	itération	32	3
15.5	16.5	16 32	itération	16	itération	32	3
16.5	17.5	17 32	itération	17	itération	32	3
17.5	18.5	18 32	itération	18	itération	32	3
18.5	19.5	19 32	itération	19	itération	32	3
19.5	20.5	20 32	itération	20	itération	32	3
20.5	21.5	21 32	itération	21	itération	32	3
21.5	22.5	22 32	itération	22	itération	32	3
22.5	23.5	23 32	itération	23	itération	32	3
23.5	24.5	24 32	itération	24	itération	32	3
24.5	25.5	25 32	itération	25	itération	32	3
25.5	26.5	26 32	itération	26	itération	32	3
26.5	27.5	27 32	itération	27	itération	32	3
27.5	28.5	28 32	itération	28	itération	32	3
28.5	29.5	29 32	itération	29	itération	32	3
29.5	30.5	30 32	itération	30	itération	32	3
30.5	31.5	31 32	itération	31	itération	32	3
31.5	32.5	1	itération	32	itération	32	3
32.5	33.5	33 32	itération	33	itération	32	3
33.5	34.5	34 32	itération	34	itération	32	3
34.5	35.5	35 32	itération	35	itération	32	3
35.5	36.5	36 32	itération	36	itération	32	3
36.5	37.5	37 32	itération	37	itération	32	3
37.5	38.5	38 32	itération	38	itération	32	3
38.5	39.5	39 32	itération	39	itération	32	3
39.5	40.5	40 32	itération	40	itération	32	3
-0.5	0.5	0 33	itération	0	itération	33	3
0.5	1.5	1 33	itération	1	itération	33	3
1.5	2.5	2 33	itération	2	itération	33	3
2.5	3.5	3 33	itération	3	itération	33	3
3.5	4.5	4 33	itération	4	itération	33	3
4.5	5.5	5 33	itération	5	itération	33	3
5.5	6.5	6 33	itération	6	itération	33	3
6.5	7.5	7 33	itération	7	itération	33	3
7.5	8.5	8 33	itération	8	itération	33	3
8.5	9.5	9 33	itération	9	itération	33	3
9.5	10.5	10 33	itération	10	itération	33	3
10.5	11.5	11 33	itération	11	itération	33	3
11.5	12.5	12 33	itération	12	itération	33	3
12.5	13.5	13 33	itération	13	itération	33	3
13.5	14.5	14 33	itération	14	itération	33	3
14.5	15.5	15 33	itération	15	itération	33	3
15.5	16.5	16 33	itération	16	itération	33	3
16.5	17.5	17 33	itération	17	itération	33	3
17.5	18.5	18 33	itération	18	itération	33	3
18.5	19.5	19 33	itération	19	itération	33	3
19.5	20.5	20 33	itération	20	itération	33	3
20.5	21.5	21 33	itération	21	itération	33	3
21.5	22.5	22 33	itération	22	itération	33	3
22.5	23.5	23 33	itération	23	itération	33	3
23.5	24.5	24 33	itération	24	itération	33	3
24.5	25.5	25 33	itération	25	itération	33	3
25.5	26.5	26 33	itération	26	itération	33	3
26.5	27.5	27 33	itération	27	itération	33	3
27.5	28.5	28 33	itération	28	itération	33	3
28.5	29.5	29 33	itération	29	itération	33	3
29.5	30.5	30 33	itération	30	itération	33	3
30.5	31.5	31 33	itération	31	itération	33	3
31.5	32.5	32 33	itération	32	itération	33	3
32.5	33.5	1	itération	33	itération	33	3
33.5	34.5	34 33	itération	34	itération	33	3
34.5	35.5	35 33	itération	35	itération	33	3
35.5	36.5	36 33	itération	36	itération	33	3
36.5	37.5	37 33	itération	37	itération	33	3
37.5	38.5	38 33	itération	38	itération	33	3
38.5	39.5	39 33	itération	39	itération	33	3
39.5	40.5	40 33	itération	40	itération	33	3
-0.5	0.5	0 34	itération	0	itération	34	3
0.5	1.5	1 34	itération	1	itération	34	3
1.5	2.5	2 34	itération	2	itération	34	3
2.5	3.5	3 34	itération	3	itération	34	3
3.5	4.5	4 34	itération	4	itération	34	3
4.5	5.5	5 34	itération	5	itération	34	3
5.5	6.5	6 34	itération	6	itération	34	3
6.5	7.5	7 34	itération	7	itération	34	3
7.5	8.5	8 34	itération	8	itération	34	3
8.5	9.5	9 34	itération	9	itération	34	3
9.5	10.5	10 34	itération	10	itération	34	3
10.5	11.5	11 34	itération	11	itération	34	3
11.5	12.5	12 34	itération	12	itération	34	3
12.5	13.5	13 34	itération	13	itération	34	3
13.5	14.5	14 34	itération	14	itération	34	3
14.5	15.5	15 34	itération	15	itération	34	3
15.5	16.5	16 34	itération	16	itération	34	3
16.5	17.5	17 34	itération	17	itération	34	3
17.5	18.5	18 34	itération	18	itération	34	3
18.5	19.5	19 34	itération	19	itération	34	3
19.5	20.5	20 34	itération	20	itération	34	3
20.5	21.5	21 34	itération	21	itération	34	3
21.5	22.5	22 34	itération	22	itération	34	3
22.5	23.5	23 34	itération	23	itération	34	3
23.5	24.5	24 34	itération	24	itération	34	3
24.5	25.5	25 34	itération	25	itération	34	3
25.5	26.5	26 34	itération	26	itération	34	3
26.5	27.5	27 34	itération	27	itération	34	3
27.5	28.5	28 34	itération	28	itération	34	3
28.5	29.5	29 34	itération	29	itération	34	3
29.5	30.5	30 34	itération	30	itération	34	3
30.5	31.5	31 34	itération	31	itération	34	3
31.5	32.5	32 34	itération	32	itération	34	3
32.5	33.5	33 34	itération	33	itération	34	3
33.5	34.5	1	itération	34	itération	34	3
34.5	35.5	35 34	itération	35	itération	34	3
35.5	36.5	36 34	itération	36	itération	34	3
36.5	37.5	37 34	itération	37	itération	34	3
37.5	38.5	38 34	itération	38	itération	34	3
38.5	39.5	39 34	itération	39	itération	34	3
39.5	40.5	40 34	itération	40	itération	34	3
-0.5	0.5	0 35	itération	0	itération	35	3
0.5	1.5	1 35	itération	1	itération	35	3
1.5	2.5	2 35	itération	2	itération	35	3
2.5	3.5	3 35	itération	3	itération	35	3
3.5	4.5	4 35	itération	4	itération	35	3
4.5	5.5	5 35	itération	5	itération	35	3
5.5	6.5	6 35	itération	6	itération	35	3
6.5	7.5	7 35	itération	7	itération	35	3
7.5	8.5	8 35	itération	8	itération	35	3
8.5	9.5	9 35	itération	9	itération	35	3
9.5	10.5	10 35	itération	10	itération	35	3
10.5	11.5	11 35	itération	11	itération	35	3
11.5	12.5	12 35	itération	12	itération	35	3
12.5	13.5	13 35	itération	13	itération	35	3
13.5	14.5	14 35	itération	14	itération	35	3
14.5	15.5	15 35	itération	15	itération	35	3
15.5	16.5	16 35	itération	16	itération	35	3
16.5	17.5	17 35	itération	17	itération	35	3
17.5	18.5	18 35	itération	18	itération	35	3
18.5	19.5	19 35	itération	19	itération	35	3
19.5	20.5	20 35	itération	20	itération	35	3
20.5	21.5	21 35	itération	21	itération	35	3
21.5	22.5	22 35	itération	22	itération	35	3
22.5	23.5	23 35	itération	23	itération	35	3
23.5	24.5	24 35	itération	24	itération	35	3
24.5	25.5	25 35	itération	25	itération	35	3
25.5	26.5	26 35	itération	26	itération	35	3
26.5	27.5	27 35	itération	27	itération	35	3
27.5	28.5	28 35	itération	28	itération	35	3
28.5	29.5	29 35	itération	29	itération	35	3
29.5	30.5	30 35	itération	30	itération	35	3
30.5	31.5	31 35	itération	31	itération	35	3
31.5	32.5	32 35	itération	32	itération	35	3
32.5	33.5	33 35	itération	33	itération	35	3
33.5	34.5	34 35	itération	34	itération	35	3
34.5	35.5	1	itération	35	itération	35	3
35.5	36.5	36 35	itération	36	itération	35	3
36.5	37.5	37 35	itération	37	itération	35	3
37.5	38.5	38 35	itération	38	itération	35	3
38.5	39.5	39 35	itération	39	itération	35	3
39.5	40.5	40 35	itération	40	itération	35	3
-0.5	0.5	0 36	itération	0	itération	36	3
0.5	1.5	1 36	itération	1	itération	36	3
1.5	2.5	2 36	itération	2	itération	36	3
2.5	3.5	3 36	itération	3	itération	36	3
3.5	4.5	4 36	itération	4	itération	36	3
4.5	5.5	5 36	itération	5	itération	36	3
5.5	6.5	6 36	itération	6	itération	36	3
6.5	7.5	7 36	itération	7	itération	36	3
7.5	8.5	8 36	itération	8	itération	36	3
8.5	9.5	9 36	itération	9	itération	36	3
9.5	10.5	10 36	itération	10	itération	36	3
10.5	11.5	11 36	itération	11	itération	36	3
11.5	12.5	12 36	itération	12	itération	36	3
12.5	13.5	13 36	itération	13	itération	36	3
13.5	14.5	14 36	itération	14	itération	36	3
14.5	15.5	15 36	itération	15	itération	36	3
15.5	16.5	16 36	itération	16	itération	36	3
16.5	17.5	17 36	itération	17	itération	36	3
17.5	18.5	18 36	itération	18	itération	36	3
18.5	19.5	19 36	itération	19	itération	36	3
19.5	20.5	20 36	itération	20	itération	36	3
20.5	21.5	21 36	itération	21	itération	36	3
21.5	22.5	22 36	itération	22	itération	36	3
22.5	23.5	23 36	itération	23	itération	36	3
23.5	24.5	24 36	itération	24	itération	36	3
24.5	25.5	25 36	itération	25	itération	36	3
25.5	26.5	26 36	itération	26	itération	36	3
26.5	27.5	27 36	itération	27	itération	36	3
27.5	28.5	28 36	itération	28	itération	36	3
28.5	29.5	29 36	itération	29	itération	36	3
29.5	30.5	30 36	itération	30	itération	36	3
30.5	31.5	31 36	itération	31	itération	36	3
31.5	32.5	32 36	itération	32	itération	36	3
32.5	33.5	33 36	itération	33	itération	36	3
33.5	34.5	34 36	itération	34	itération	36	3
34.5	35.5	35 36	itération	35	itération	36	3
35.5	36.5	1	itération	36	itération	36	3
36.5	37.5	37 36	itération	37	itération	36	3
37.5	38.5	38 36	itération	38	itération	36	3
38.5	39.5	39 36	itération	39	itération	36	3
39.5	40.5	40 36	itération	40	itération	36	3
-0.5	0.5	0 37	itération	0	itération	37	3
0.5	1.5	1 37	itération	1	itération	37	3
1.5	2.5	2 37	itération	2	itération	37	3
2.5	3.5	3 37	itération	3	itération	37	3
3.5	4.5	4 37	itération	4	itération	37	3
4.5	5.5	5 37	itération	5	itération	37	3
5.5	6.5	6 37	itération	6	itération	37	3
6.5	7.5	7 37	itération	7	itération	37	3
7.5	8.5	8 37	itération	8	itération	37	3
8.5	9.5	9 37	itération	9	itération	37	3
9.5	10.5	10 37	itération	10	itération	37	3
10.5	11.5	11 37	itération	11	itération	37	3
11.5	12.5	12 37	itération	12	itération	37	3
12.5	13.5	13 37	itération	13	itération	37	3
13.5	14.5	14 37	itération	14	itération	37	3
14.5	15.5	15 37	itération	15	itération	37	3
15.5	16.5	16 37	itération	16	itération	37	3
16.5	17.5	17 37	itération	17	itération	37	3
17.5	18.5	18 37	itération	18	itération	37	3
18.5	19.5	19 37	itération	19	itération	37	3
19.5	20.5	20 37	itération	20	itération	37	3
20.5	21.5	21 37	itération	21	itération	37	3
21.5	22.5	22 37	itération	22	itération	37	3
22.5	23.5	23 37	itération	23	itération	37	3
23.5	24.5	24 37	itération	24	itération	37	3
24.5	25.5	25 37	itération	25	itération	37	3
25.5	26.5	26 37	itération	26	itération	37	3
26.5	27.5	27 37	itération	27	itération	37	3
27.5	28.5	28 37	itération	28	itération	37	3
28.5	29.5	29 37	itération	29	itération	37	3
29.5	30.5	30 37	itération	30	itération	37	3
30.5	31.5	31 37	itération	31	itération	37	3
31.5	32.5	32 37	itération	32	itération	37	3
32.5	33.5	33 37	itération	33	itération	37	3
33.5	34.5	34 37	itération	34	itération	37	3
34.5	35.5	35 37	itération	35	itération	37	3
35.5	36.5	36 37	itération	36	itération	37	3
36.5	37.5	1	itération	37	itération	37	3
37.5	38.5	38 37	itération	38	itération	37	3
38.5	39.5	39 37	itération	39	itération	37	3
39.5	40.5	40 37	itération	40	itération	37	3
-0.5	0.5	0 38	itération	0	itération	38	3
0.5	1.5	1 38	itération	1	itération	38	3
1.5	2.5	2 38	itération	2	itération	38	3
2.5	3.5	3 38	itération	3	itération	38	3
3.5	4.5	4 38	itération	4	itération	38	3
4.5	5.5	5 38	itération	5	itération	38	3
5.5	6.5	6 38	itération	6	itération	38	3
6.5	7.5	7 38	itération	7	itération	38	3
7.5	8.5	8 38	itération	8	itération	38	3
8.5	9.5	9 38	itération	9	itération	38	3
9.5	10.5	10 38	itération	10	itération	38	3
10.5	11.5	11 38	itération	11	itération	38	3
11.5	12.5	12 38	itération	12	itération	38	3
12.5	13.5	13 38	itération	13	itération	38	3
13.5	14.5	14 38	itération	14	itération	38	3
14.5	15.5	15 38	itération	15	itération	38	3
15.5	16.5	16 38	itération	16	itération	38	3
16.5	17.5	17 38	itération	17	itération	38	3
17.5	18.5	18 38	itération	18	itération	38	3
18.5	19.5	19 38	itération	19	itération	38	3
19.5	20.5	20 38	itération	20	itération	38	3
20.5	21.5	21 38	itération	21	itération	38	3
21.5	22.5	22 38	itération	22	itération	38	3
22.5	23.5	23 38	itération	23	itération	38	3
23.5	24.5	24 38	itération	24	itération	38	3
24.5	25.5	25 38	itération	25	itération	38	3
25.5	26.5	26 38	itération	26	itération	38	3
26.5	27.5	27 38	itération	27	itération	38	3
27.5	28.5	28 38	itération	28	itération	38	3
28.5	29.5	29 38	itération	29	itération	38	3
29.5	30.5	30 38	itération	30	itération	38	3
30.5	31.5	31 38	itération	31	itération	38	3
31.5	32.5	32 38	itération	32	itération	38	3
32.5	33.5	33 38	itération	33	itération	38	3
33.5	34.5	34 38	itération	34	itération	38	3
34.5	35.5	35 38	itération	35	itération	38	3
35.5	36.5	36 38	itération	36	itération	38	3
36.5	37.5	37 38	itération	37	itération	38	3
37.5	38.5	1	itération	38	itération	38	3
38.5	39.5	39 38	itération	39	itération	38	3
39.5	40.5	40 38	itération	40	itération	38	3
-0.5	0.5	0 39	itération	0	itération	39	3
0.5	1.5	1 39	itération	1	itération	39	3
1.5	2.5	2 39	itération	2	itération	39	3
2.5	3.5	3 39	itération	3	itération	39	3
3.5	4.5	4 39	itération	4	itération	39	3
4.5	5.5	5 39	itération	5	itération	39	3
5.5	6.5	6 39	itération	6	itération	39	3
6.5	7.5	7 39	itération	7	itération	39	3
7.5	8.5	8 39	itération	8	itération	39	3
8.5	9.5	9 39	itération	9	itération	39	3
9.5	10.5	10 39	itération	10	itération	39	3
10.5	11.5	11 39	itération	11	itération	39	3
11.5	12.5	12 39	itération	12	itération	39	3
12.5	13.5	13 39	itération	13	itération	39	3
13.5	14.5	14 39	itération	14	itération	39	3
14.5	15.5	15 39	itération	15	itération	39	3
15.5	16.5	16 39	itération	16	itération	39	3
16.5	17.5	17 39	itération	17	itération	39	3
17.5	18.5	18 39	itération	18	itération	39	3
18.5	19.5	19 39	itération	19	itération	39	3
19.5	20.5	20 39	itération	20	itération	39	3
20.5	21.5	21 39	itération	21	itération	39	3
21.5	22.5	22 39	itération	22	itération	39	3
22.5	23.5	23 39	itération	23	itération	39	3
23.5	24.5	24 39	itération	24	itération	39	3
24.5	25.5	25 39	itération	25	itération	39	3
25.5	26.5	26 39	itération	26	itération	39	3
26.5	27.5	27 39	itération	27	itération	39	3
27.5	28.5	28 39	itération	28	itération	39	3
28.5	29.5	29 39	itération	29	itération	39	3
29.5	30.5	30 39	itération	30	itération	39	3
30.5	31.5	31 39	itération	31	itération	39	3
31.5	32.5	32 39	itération	32	itération	39	3
32.5	33.5	33 39	itération	33	itération	39	3
33.5	34.5	34 39	itération	34	itération	39	3
34.5	35.5	35 39	itération	35	itération	39	3
35.5	36.5	36 39	itération	36	itération	39	3
36.5	37.5	37 39	itération	37	itération	39	3
37.5	38.5	38 39	itération	38	itération	39	3
38.5	39.5	1	itération	39	itération	39	3
39.5	40.5	40 39	itération	40	itération	39	3
-0.5	0.5	0 40	itération	0	itération	40	3
0.5	1.5	1 40	itération	1	itération	40	3
1.5	2.5	2 40	itération	2	itération	40	3
2.5	3.5	3 40	itération	3	itération	40	3
3.5	4.5	4 40	itération	4	itération	40	3
4.5	5.5	5 40	itération	5	itération	40	3
5.5	6.5	6 40	itération	6	itération	40	3
6.5	7.5	7 40	itération	7	itération	40	3
7.5	8.5	8 40	itération	8	itération	40	3
8.5	9.5	9 40	itération	9	itération	40	3
9.5	10.5	10 40	itération	10	itération	40	3
10.5	11.5	11 40	itération	11	itération	40	3
11.5	12.5	12 40	itération	12	itération	40	3
12.5	13.5	13 40	itération	13	itération	40	3
13.5	14.5	14 40	itération	14	itération	40	3
14.5	15.5	15 40	itération	15	itération	40	3
15.5	16.5	16 40	itération	16	itération	40	3
16.5	17.5	17 40	itération	17	itération	40	3
17.5	18.5	18 40	itération	18	itération	40	3
18.5	19.5	19 40	itération	19	itération	40	3
19.5	20.5	20 40	itération	20	itération	40	3
20.5	21.5	21 40	itération	21	itération	40	3
21.5	22.5	22 40	itération	22	itération	40	3
22.5	23.5	23 40	itération	23	itération	40	3
23.5	24.5	24 40	itération	24	itération	40	3
24.5	25.5	25 40	itération	25	itération	40	3
25.5	26.5	26 40	itération	26	itération	40	3
26.5	27.5	27 40	itération	27	itération	40	3
27.5	28.5	28 40	itération	28	itération	40	3
28.5	29.5	29 40	itération	29	itération	40	3
29.5	30.5	30 40	itération	30	itération	40	3
30.5	31.5	31 40	itération	31	itération	40	3
31.5	32.5	32 40	itération	32	itération	40	3
32.5	33.5	33 40	itération	33	itération	40	3
33.5	34.5	34 40	itération	34	itération	40	3
34.5	35.5	35 40	itération	35	itération	40	3
35.5	36.5	36 40	itération	36	itération	40	3
36.5	37.5	37 40	itération	37	itération	40	3
37.5	38.5	38 40	itération	38	itération	40	3
38.5	39.5	39 40	itération	39	itération	40	3
39.5	40.5	1	itération	40	itération	40	3
-0.5	0.5	1	itération	0	itération	0	4
0.5	1.5	1 0	itération	1	itération	0	4
1.5	2.5	2 0	itération	2	itération	0	4
2.5	3.5	3 0	itération	3	itération	0	4
3.5	4.5	4 0	itération	4	itération	0	4
4.5	5.5	5 0	itération	5	itération	0	4
5.5	6.5	6 0	itération	6	itération	0	4
6.5	7.5	7 0	itération	7	itération	0	4
7.5	8.5	8 0	itération	8	itération	0	4
8.5	9.5	9 0	itération	9	itération	0	4
9.5	10.5	10 0	itération	10	itération	0	4
10.5	11.5	11 0	itération	11	itération	0	4
11.5	12.5	12 0	itération	12	itération	0	4
12.5	13.5	13 0	itération	13	itération	0	4
13.5	14.5	14 0	itération	14	itération	0	4
14.5	15.5	15 0	itération	15	itération	0	4
15.5	16.5	16 0	itération	16	itération	0	4
16.5	17.5	17 0	itération	17	itération	0	4
17.5	18.5	18 0	itération	18	itération	0	4
18.5	19.5	19 0	itération	19	itération	0	4
19.5	20.5	20 0	itération	20	itération	0	4
20.5	21.5	21 0	itération	21	itération	0	4
21.5	22.5	22 0	itération	22	itération	0	4
22.5	23.5	23 0	itération	23	itération	0	4
23.5	24.5	24 0	itération	24	itération	0	4
24.5	25.5	25 0	itération	25	itération	0	4
25.5	26.5	26 0	itération	26	itération	0	4
26.5	27.5	27 0	itération	27	itération	0	4
27.5	28.5	28 0	itération	28	itération	0	4
28.5	29.5	29 0	itération	29	itération	0	4
29.5	30.5	30 0	itération	30	itération	0	4
30.5	31.5	31 0	itération	31	itération	0	4
31.5	32.5	32 0	itération	32	itération	0	4
32.5	33.5	33 0	itération	33	itération	0	4
33.5	34.5	34 0	itération	34	itération	0	4
34.5	35.5	35 0	itération	35	itération	0	4
35.5	36.5	36 0	itération	36	itération	0	4
36.5	37.5	37 0	itération	37	itération	0	4
37.5	38.5	38 0	itération	38	itération	0	4
38.5	39.5	39 0	itération	39	itération	0	4
39.5	40.5	40 0	itération	40	itération	0	4
-0.5	0.5	0 1	itération	0	itération	1	4
0.5	1.5	1	itération	1	itération	1	4
1.5	2.5	2 1	itération	2	itération	1	4
2.5	3.5	3 1	itération	3	itération	1	4
3.5	4.5	4 1	itération	4	itération	1	4
4.5	5.5	5 1	itération	5	itération	1	4
5.5	6.5	6 1	itération	6	itération	1	4
6.5	7.5	7 1	itération	7	itération	1	4
7.5	8.5	8 1	itération	8	itération	1	4
8.5	9.5	9 1	itération	9	itération	1	4
9.5	10.5	10 1	itération	10	itération	1	4
10.5	11.5	11 1	itération	11	itération	1	4
11.5	12.5	12 1	itération	12	itération	1	4
12.5	13.5	13 1	itération	13	itération	1	4
13.5	14.5	14 1	itération	14	itération	1	4
14.5	15.5	15 1	itération	15	itération	1	4
15.5	16.5	16 1	itération	16	itération	1	4
16.5	17.5	17 1	itération	17	itération	1	4
17.5	18.5	18 1	itération	18	itération	1	4
18.5	19.5	19 1	itération	19	itération	1	4
19.5	20.5	20 1	itération	20	itération	1	4
20.5	21.5	21 1	itération	21	itération	1	4
21.5	22.5	22 1	itération	22	itération	1	4
22.5	23.5	23 1	itération	23	itération	1	4
23.5	24.5	24 1	itération	24	itération	1	4
24.5	25.5	25 1	itération	25	itération	1	4
25.5	26.5	26 1	itération	26	itération	1	4
26.5	27.5	27 1	itération	27	itération	1	4
27.5	28.5	28 1	itération	28	itération	1	4
28.5	29.5	29 1	itération	29	itération	1	4
29.5	30.5	30 1	itération	30	itération	1	4
30.5	31.5	31 1	itération	31	itération	1	4
31.5	32.5	32 1	itération	32	itération	1	4
32.5	33.5	33 1	itération	33	itération	1	4
33.5	34.5	34 1	itération	34	itération	1	4
34.5	35.5	35 1	itération	35	itération	1	4
35.5	36.5	36 1	itération	36	itération	1	4
36.5	37.5	37 1	itération	37	itération	1	4
37.5	38.5	38 1	itération	38	itération	1	4
38.5	39.5	39 1	itération	39	itération	1	4
39.5	40.5	40 1	itération	40	itération	1	4
-0.5	0.5	0 2	itération	0	itération	2	4
0.5	1.5	1 2	itération	1	itération	2	4
1.5	2.5	1	itération	2	itération	2	4
2.5	3.5	3 2	itération	3	itération	2	4
3.5	4.5	4 2	itération	4	itération	2	4
4.5	5.5	5 2	itération	5	itération	2	4
5.5	6.5	6 2	itération	6	itération	2	4
6.5	7.5	7 2	itération	7	itération	2	4
7.5	8.5	8 2	itération	8	itération	2	4
8.5	9.5	9 2	itération	9	itération	2	4
9.5	10.5	10 2	itération	10	itération	2	4
10.5	11.5	11 2	itération	11	itération	2	4
11.5	12.5	12 2	itération	12	itération	2	4
12.5	13.5	13 2	itération	13	itération	2	4
13.5	14.5	14 2	itération	14	itération	2	4
14.5	15.5	15 2	itération	15	itération	2	4
15.5	16.5	16 2	itération	16	itération	2	4
16.5	17.5	17 2	itération	17	itération	2	4
17.5	18.5	18 2	itération	18	itération	2	4
18.5	19.5	19 2	itération	19	itération	2	4
19.5	20.5	20 2	itération	20	itération	2	4
20.5	21.5	21 2	itération	21	itération	2	4
21.5	22.5	22 2	itération	22	itération	2	4
22.5	23.5	23 2	itération	23	itération	2	4
23.5	24.5	24 2	itération	24	itération	2	4
24.5	25.5	25 2	itération	25	itération	2	4
25.5	26.5	26 2	itération	26	itération	2	4
26.5	27.5	27 2	itération	27	itération	2	4
27.5	28.5	28 2	itération	28	itération	2	4
28.5	29.5	29 2	itération	29	itération	2	4
29.5	30.5	30 2	itération	30	itération	2	4
30.5	31.5	31 2	itération	31	itération	2	4
31.5	32.5	32 2	itération	32	itération	2	4
32.5	33.5	33 2	itération	33	itération	2	4
33.5	34.5	34 2	itération	34	itération	2	4
34.5	35.5	35 2	itération	35	itération	2	4
35.5	36.5	36 2	itération	36	itération	2	4
36.5	37.5	37 2	itération	37	itération	2	4
37.5	38.5	38 2	itération	38	itération	2	4
38.5	39.5	39 2	itération	39	itération	2	4
39.5	40.5	40 2	itération	40	itération	2	4
-0.5	0.5	0 3	itération	0	itération	3	4
0.5	1.5	1 3	itération	1	itération	3	4
1.5	2.5	2 3	itération	2	itération	3	4
2.5	3.5	1	itération	3	itération	3	4
3.5	4.5	4 3	itération	4	itération	3	4
4.5	5.5	5 3	itération	5	itération	3	4
5.5	6.5	6 3	itération	6	itération	3	4
6.5	7.5	7 3	itération	7	itération	3	4
7.5	8.5	8 3	itération	8	itération	3	4
8.5	9.5	9 3	itération	9	itération	3	4
9.5	10.5	10 3	itération	10	itération	3	4
10.5	11.5	11 3	itération	11	itération	3	4
11.5	12.5	12 3	itération	12	itération	3	4
12.5	13.5	13 3	itération	13	itération	3	4
13.5	14.5	14 3	itération	14	itération	3	4
14.5	15.5	15 3	itération	15	itération	3	4
15.5	16.5	16 3	itération	16	itération	3	4
16.5	17.5	17 3	itération	17	itération	3	4
17.5	18.5	18 3	itération	18	itération	3	4
18.5	19.5	19 3	itération	19	itération	3	4
19.5	20.5	20 3	itération	20	itération	3	4
20.5	21.5	21 3	itération	21	itération	3	4
21.5	22.5	22 3	itération	22	itération	3	4
22.5	23.5	23 3	itération	23	itération	3	4
23.5	24.5	24 3	itération	24	itération	3	4
24.5	25.5	25 3	itération	25	itération	3	4
25.5	26.5	26 3	itération	26	itération	3	4
26.5	27.5	27 3	itération	27	itération	3	4
27.5	28.5	28 3	itération	28	itération	3	4
28.5	29.5	29 3	itération	29	itération	3	4
29.5	30.5	30 3	itération	30	itération	3	4
30.5	31.5	31 3	itération	31	itération	3	4
31.5	32.5	32 3	itération	32	itération	3	4
32.5	33.5	33 3	itération	33	itération	3	4
33.5	34.5	34 3	itération	34	itération	3	4
34.5	35.5	35 3	itération	35	itération	3	4
35.5	36.5	36 3	itération	36	itération	3	4
36.5	37.5	37 3	itération	37	itération	3	4
37.5	38.5	38 3	itération	38	itération	3	4
38.5	39.5	39 3	itération	39	itération	3	4
39.5	40.5	40 3	itération	40	itération	3	4
-0.5	0.5	0 4	itération	0	itération	4	4
0.5	1.5	1 4	itération	1	itération	4	4
1.5	2.5	2 4	itération	2	itération	4	4
2.5	3.5	3 4	itération	3	itération	4	4
3.5	4.5	1	itération	4	itération	4	4
4.5	5.5	5 4	itération	5	itération	4	4
5.5	6.5	6 4	itération	6	itération	4	4
6.5	7.5	7 4	itération	7	itération	4	4
7.5	8.5	8 4	itération	8	itération	4	4
8.5	9.5	9 4	itération	9	itération	4	4
9.5	10.5	10 4	itération	10	itération	4	4
10.5	11.5	11 4	itération	11	itération	4	4
11.5	12.5	12 4	itération	12	itération	4	4
12.5	13.5	13 4	itération	13	itération	4	4
13.5	14.5	14 4	itération	14	itération	4	4
14.5	15.5	15 4	itération	15	itération	4	4
15.5	16.5	16 4	itération	16	itération	4	4
16.5	17.5	17 4	itération	17	itération	4	4
17.5	18.5	18 4	itération	18	itération	4	4
18.5	19.5	19 4	itération	19	itération	4	4
19.5	20.5	20 4	itération	20	itération	4	4
20.5	21.5	21 4	itération	21	itération	4	4
21.5	22.5	22 4	itération	22	itération	4	4
22.5	23.5	23 4	itération	23	itération	4	4
23.5	24.5	24 4	itération	24	itération	4	4
24.5	25.5	25 4	itération	25	itération	4	4
25.5	26.5	26 4	itération	26	itération	4	4
26.5	27.5	27 4	itération	27	itération	4	4
27.5	28.5	28 4	itération	28	itération	4	4
28.5	29.5	29 4	itération	29	itération	4	4
29.5	30.5	30 4	itération	30	itération	4	4
30.5	31.5	31 4	itération	31	itération	4	4
31.5	32.5	32 4	itération	32	itération	4	4
32.5	33.5	33 4	itération	33	itération	4	4
33.5	34.5	34 4	itération	34	itération	4	4
34.5	35.5	35 4	itération	35	itération	4	4
35.5	36.5	36 4	itération	36	itération	4	4
36.5	37.5	37 4	itération	37	itération	4	4
37.5	38.5	38 4	itération	38	itération	4	4
38.5	39.5	39 4	itération	39	itération	4	4
39.5	40.5	40 4	itération	40	itération	4	4
-0.5	0.5	0 5	itération	0	itération	5	4
0.5	1.5	1 5	itération	1	itération	5	4
1.5	2.5	2 5	itération	2	itération	5	4
2.5	3.5	3 5	itération	3	itération	5	4
3.5	4.5	4 5	itération	4	itération	5	4
4.5	5.5	1	itération	5	itération	5	4
5.5	6.5	6 5	itération	6	itération	5	4
6.5	7.5	7 5	itération	7	itération	5	4
7.5	8.5	8 5	itération	8	itération	5	4
8.5	9.5	9 5	itération	9	itération	5	4
9.5	10.5	10 5	itération	10	itération	5	4
10.5	11.5	11 5	itération	11	itération	5	4
11.5	12.5	12 5	itération	12	itération	5	4
12.5	13.5	13 5	itération	13	itération	5	4
13.5	14.5	14 5	itération	14	itération	5	4
14.5	15.5	15 5	itération	15	itération	5	4
15.5	16.5	16 5	itération	16	itération	5	4
16.5	17.5	17 5	itération	17	itération	5	4
17.5	18.5	18 5	itération	18	itération	5	4
18.5	19.5	19 5	itération	19	itération	5	4
19.5	20.5	20 5	itération	20	itération	5	4
20.5	21.5	21 5	itération	21	itération	5	4
21.5	22.5	22 5	itération	22	itération	5	4
22.5	23.5	23 5	itération	23	itération	5	4
23.5	24.5	24 5	itération	24	itération	5	4
24.5	25.5	25 5	itération	25	itération	5	4
25.5	26.5	26 5	itération	26	itération	5	4
26.5	27.5	27 5	itération	27	itération	5	4
27.5	28.5	28 5	itération	28	itération	5	4
28.5	29.5	29 5	itération	29	itération	5	4
29.5	30.5	30 5	itération	30	itération	5	4
30.5	31.5	31 5	itération	31	itération	5	4
31.5	32.5	32 5	itération	32	itération	5	4
32.5	33.5	33 5	itération	33	itération	5	4
33.5	34.5	34 5	itération	34	itération	5	4
34.5	35.5	35 5	itération	35	itération	5	4
35.5	36.5	36 5	itération	36	itération	5	4
36.5	37.5	37 5	itération	37	itération	5	4
37.5	38.5	38 5	itération	38	itération	5	4
38.5	39.5	39 5	itération	39	itération	5	4
39.5	40.5	40 5	itération	40	itération	5	4
-0.5	0.5	0 6	itération	0	itération	6	4
0.5	1.5	1 6	itération	1	itération	6	4
1.5	2.5	2 6	itération	2	itération	6	4
2.5	3.5	3 6	itération	3	itération	6	4
3.5	4.5	4 6	itération	4	itération	6	4
4.5	5.5	5 6	itération	5	itération	6	4
5.5	6.5	1	itération	6	itération	6	4
6.5	7.5	7 6	itération	7	itération	6	4
7.5	8.5	8 6	itération	8	itération	6	4
8.5	9.5	9 6	itération	9	itération	6	4
9.5	10.5	10 6	itération	10	itération	6	4
10.5	11.5	11 6	itération	11	itération	6	4
11.5	12.5	12 6	itération	12	itération	6	4
12.5	13.5	13 6	itération	13	itération	6	4
13.5	14.5	14 6	itération	14	itération	6	4
14.5	15.5	15 6	itération	15	itération	6	4
15.5	16.5	16 6	itération	16	itération	6	4
16.5	17.5	17 6	itération	17	itération	6	4
17.5	18.5	18 6	itération	18	itération	6	4
18.5	19.5	19 6	itération	19	itération	6	4
19.5	20.5	20 6	itération	20	itération	6	4
20.5	21.5	21 6	itération	21	itération	6	4
21.5	22.5	22 6	itération	22	itération	6	4
22.5	23.5	23 6	itération	23	itération	6	4
23.5	24.5	24 6	itération	24	itération	6	4
24.5	25.5	25 6	itération	25	itération	6	4
25.5	26.5	26 6	itération	26	itération	6	4
26.5	27.5	27 6	itération	27	itération	6	4
27.5	28.5	28 6	itération	28	itération	6	4
28.5	29.5	29 6	itération	29	itération	6	4
29.5	30.5	30 6	itération	30	itération	6	4
30.5	31.5	31 6	itération	31	itération	6	4
31.5	32.5	32 6	itération	32	itération	6	4
32.5	33.5	33 6	itération	33	itération	6	4
33.5	34.5	34 6	itération	34	itération	6	4
34.5	35.5	35 6	itération	35	itération	6	4
35.5	36.5	36 6	itération	36	itération	6	4
36.5	37.5	37 6	itération	37	itération	6	4
37.5	38.5	38 6	itération	38	itération	6	4
38.5	39.5	39 6	itération	39	itération	6	4
39.5	40.5	40 6	itération	40	itération	6	4
-0.5	0.5	0 7	itération	0	itération	7	4
0.5	1.5	1 7	itération	1	itération	7	4
1.5	2.5	2 7	itération	2	itération	7	4
2.5	3.5	3 7	itération	3	itération	7	4
3.5	4.5	4 7	itération	4	itération	7	4
4.5	5.5	5 7	itération	5	itération	7	4
5.5	6.5	6 7	itération	6	itération	7	4
6.5	7.5	1	itération	7	itération	7	4
7.5	8.5	8 7	itération	8	itération	7	4
8.5	9.5	9 7	itération	9	itération	7	4
9.5	10.5	10 7	itération	10	itération	7	4
10.5	11.5	11 7	itération	11	itération	7	4
11.5	12.5	12 7	itération	12	itération	7	4
12.5	13.5	13 7	itération	13	itération	7	4
13.5	14.5	14 7	itération	14	itération	7	4
14.5	15.5	15 7	itération	15	itération	7	4
15.5	16.5	16 7	itération	16	itération	7	4
16.5	17.5	17 7	itération	17	itération	7	4
17.5	18.5	18 7	itération	18	itération	7	4
18.5	19.5	19 7	itération	19	itération	7	4
19.5	20.5	20 7	itération	20	itération	7	4
20.5	21.5	21 7	itération	21	itération	7	4
21.5	22.5	22 7	itération	22	itération	7	4
22.5	23.5	23 7	itération	23	itération	7	4
23.5	24.5	24 7	itération	24	itération	7	4
24.5	25.5	25 7	itération	25	itération	7	4
25.5	26.5	26 7	itération	26	itération	7	4
26.5	27.5	27 7	itération	27	itération	7	4
27.5	28.5	28 7	itération	28	itération	7	4
28.5	29.5	29 7	itération	29	itération	7	4
29.5	30.5	30 7	itération	30	itération	7	4
30.5	31.5	31 7	itération	31	itération	7	4
31.5	32.5	32 7	itération	32	itération	7	4
32.5	33.5	33 7	itération	33	itération	7	4
33.5	34.5	34 7	itération	34	itération	7	4
34.5	35.5	35 7	itération	35	itération	7	4
35.5	36.5	36 7	itération	36	itération	7	4
36.5	37.5	37 7	itération	37	itération	7	4
37.5	38.5	38 7	itération	38	itération	7	4
38.5	39.5	39 7	itération	39	itération	7	4
39.5	40.5	40 7	itération	40	itération	7	4
-0.5	0.5	0 8	itération	0	itération	8	4
0.5	1.5	1 8	itération	1	itération	8	4
1.5	2.5	2 8	itération	2	itération	8	4
2.5	3.5	3 8	itération	3	itération	8	4
3.5	4.5	4 8	itération	4	itération	8	4
4.5	5.5	5 8	itération	5	itération	8	4
5.5	6.5	6 8	itération	6	itération	8	4
6.5	7.5	7 8	itération	7	itération	8	4
7.5	8.5	1	itération	8	itération	8	4
8.5	9.5	9 8	itération	9	itération	8	4
9.5	10.5	10 8	itération	10	itération	8	4
10.5	11.5	11 8	itération	11	itération	8	4
11.5	12.5	12 8	itération	12	itération	8	4
12.5	13.5	13 8	itération	13	itération	8	4
13.5	14.5	14 8	itération	14	itération	8	4
14.5	15.5	15 8	itération	15	itération	8	4
15.5	16.5	16 8	itération	16	itération	8	4
16.5	17.5	17 8	itération	17	itération	8	4
17.5	18.5	18 8	itération	18	itération	8	4
18.5	19.5	19 8	itération	19	itération	8	4
19.5	20.5	20 8	itération	20	itération	8	4
20.5	21.5	21 8	itération	21	itération	8	4
21.5	22.5	22 8	itération	22	itération	8	4
22.5	23.5	23 8	itération	23	itération	8	4
23.5	24.5	24 8	itération	24	itération	8	4
24.5	25.5	25 8	itération	25	itération	8	4
25.5	26.5	26 8	itération	26	itération	8	4
26.5	27.5	27 8	itération	27	itération	8	4
27.5	28.5	28 8	itération	28	itération	8	4
28.5	29.5	29 8	itération	29	itération	8	4
29.5	30.5	30 8	itération	30	itération	8	4
30.5	31.5	31 8	itération	31	itération	8	4
31.5	32.5	32 8	itération	32	itération	8	4
32.5	33.5	33 8	itération	33	itération	8	4
33.5	34.5	34 8	itération	34	itération	8	4
34.5	35.5	35 8	itération	35	itération	8	4
35.5	36.5	36 8	itération	36	itération	8	4
36.5	37.5	37 8	itération	37	itération	8	4
37.5	38.5	38 8	itération	38	itération	8	4
38.5	39.5	39 8	itération	39	itération	8	4
39.5	40.5	40 8	itération	40	itération	8	4
-0.5	0.5	0 9	itération	0	itération	9	4
0.5	1.5	1 9	itération	1	itération	9	4
1.5	2.5	2 9	itération	2	itération	9	4
2.5	3.5	3 9	itération	3	itération	9	4
3.5	4.5	4 9	itération	4	itération	9	4
4.5	5.5	5 9	itération	5	itération	9	4
5.5	6.5	6 9	itération	6	itération	9	4
6.5	7.5	7 9	itération	7	itération	9	4
7.5	8.5	8 9	itération	8	itération	9	4
8.5	9.5	1	itération	9	itération	9	4
9.5	10.5	10 9	itération	10	itération	9	4
10.5	11.5	11 9	itération	11	itération	9	4
11.5	12.5	12 9	itération	12	itération	9	4
12.5	13.5	13 9	itération	13	itération	9	4
13.5	14.5	14 9	itération	14	itération	9	4
14.5	15.5	15 9	itération	15	itération	9	4
15.5	16.5	16 9	itération	16	itération	9	4
16.5	17.5	17 9	itération	17	itération	9	4
17.5	18.5	18 9	itération	18	itération	9	4
18.5	19.5	19 9	itération	19	itération	9	4
19.5	20.5	20 9	itération	20	itération	9	4
20.5	21.5	21 9	itération	21	itération	9	4
21.5	22.5	22 9	itération	22	itération	9	4
22.5	23.5	23 9	itération	23	itération	9	4
23.5	24.5	24 9	itération	24	itération	9	4
24.5	25.5	25 9	itération	25	itération	9	4
25.5	26.5	26 9	itération	26	itération	9	4
26.5	27.5	27 9	itération	27	itération	9	4
27.5	28.5	28 9	itération	28	itération	9	4
28.5	29.5	29 9	itération	29	itération	9	4
29.5	30.5	30 9	itération	30	itération	9	4
30.5	31.5	31 9	itération	31	itération	9	4
31.5	32.5	32 9	itération	32	itération	9	4
32.5	33.5	33 9	itération	33	itération	9	4
33.5	34.5	34 9	itération	34	itération	9	4
34.5	35.5	35 9	itération	35	itération	9	4
35.5	36.5	36 9	itération	36	itération	9	4
36.5	37.5	37 9	itération	37	itération	9	4
37.5	38.5	38 9	itération	38	itération	9	4
38.5	39.5	39 9	itération	39	itération	9	4
39.5	40.5	40 9	itération	40	itération	9	4
-0.5	0.5	0 10	itération	0	itération	10	4
0.5	1.5	1 10	itération	1	itération	10	4
1.5	2.5	2 10	itération	2	itération	10	4
2.5	3.5	3 10	itération	3	itération	10	4
3.5	4.5	4 10	itération	4	itération	10	4
4.5	5.5	5 10	itération	5	itération	10	4
5.5	6.5	6 10	itération	6	itération	10	4
6.5	7.5	7 10	itération	7	itération	10	4
7.5	8.5	8 10	itération	8	itération	10	4
8.5	9.5	9 10	itération	9	itération	10	4
9.5	10.5	1	itération	10	itération	10	4
10.5	11.5	11 10	itération	11	itération	10	4
11.5	12.5	12 10	itération	12	itération	10	4
12.5	13.5	13 10	itération	13	itération	10	4
13.5	14.5	14 10	itération	14	itération	10	4
14.5	15.5	15 10	itération	15	itération	10	4
15.5	16.5	16 10	itération	16	itération	10	4
16.5	17.5	17 10	itération	17	itération	10	4
17.5	18.5	18 10	itération	18	itération	10	4
18.5	19.5	19 10	itération	19	itération	10	4
19.5	20.5	20 10	itération	20	itération	10	4
20.5	21.5	21 10	itération	21	itération	10	4
21.5	22.5	22 10	itération	22	itération	10	4
22.5	23.5	23 10	itération	23	itération	10	4
23.5	24.5	24 10	itération	24	itération	10	4
24.5	25.5	25 10	itération	25	itération	10	4
25.5	26.5	26 10	itération	26	itération	10	4
26.5	27.5	27 10	itération	27	itération	10	4
27.5	28.5	28 10	itération	28	itération	10	4
28.5	29.5	29 10	itération	29	itération	10	4
29.5	30.5	30 10	itération	30	itération	10	4
30.5	31.5	31 10	itération	31	itération	10	4
31.5	32.5	32 10	itération	32	itération	10	4
32.5	33.5	33 10	itération	33	itération	10	4
33.5	34.5	34 10	itération	34	itération	10	4
34.5	35.5	35 10	itération	35	itération	10	4
35.5	36.5	36 10	itération	36	itération	10	4
36.5	37.5	37 10	itération	37	itération	10	4
37.5	38.5	38 10	itération	38	itération	10	4
38.5	39.5	39 10	itération	39	itération	10	4
39.5	40.5	40 10	itération	40	itération	10	4
-0.5	0.5	0 11	itération	0	itération	11	4
0.5	1.5	1 11	itération	1	itération	11	4
1.5	2.5	2 11	itération	2	itération	11	4
2.5	3.5	3 11	itération	3	itération	11	4
3.5	4.5	4 11	itération	4	itération	11	4
4.5	5.5	5 11	itération	5	itération	11	4
5.5	6.5	6 11	itération	6	itération	11	4
6.5	7.5	7 11	itération	7	itération	11	4
7.5	8.5	8 11	itération	8	itération	11	4
8.5	9.5	9 11	itération	9	itération	11	4
9.5	10.5	10 11	itération	10	itération	11	4
10.5	11.5	1	itération	11	itération	11	4
11.5	12.5	12 11	itération	12	itération	11	4
12.5	13.5	13 11	itération	13	itération	11	4
13.5	14.5	14 11	itération	14	itération	11	4
14.5	15.5	15 11	itération	15	itération	11	4
15.5	16.5	16 11	itération	16	itération	11	4
16.5	17.5	17 11	itération	17	itération	11	4
17.5	18.5	18 11	itération	18	itération	11	4
18.5	19.5	19 11	itération	19	itération	11	4
19.5	20.5	20 11	itération	20	itération	11	4
20.5	21.5	21 11	itération	21	itération	11	4
21.5	22.5	22 11	itération	22	itération	11	4
22.5	23.5	23 11	itération	23	itération	11	4
23.5	24.5	24 11	itération	24	itération	11	4
24.5	25.5	25 11	itération	25	itération	11	4
25.5	26.5	26 11	itération	26	itération	11	4
26.5	27.5	27 11	itération	27	itération	11	4
27.5	28.5	28 11	itération	28	itération	11	4
28.5	29.5	29 11	itération	29	itération	11	4
29.5	30.5	30 11	itération	30	itération	11	4
30.5	31.5	31 11	itération	31	itération	11	4
31.5	32.5	32 11	itération	32	itération	11	4
32.5	33.5	33 11	itération	33	itération	11	4
33.5	34.5	34 11	itération	34	itération	11	4
34.5	35.5	35 11	itération	35	itération	11	4
35.5	36.5	36 11	itération	36	itération	11	4
36.5	37.5	37 11	itération	37	itération	11	4
37.5	38.5	38 11	itération	38	itération	11	4
38.5	39.5	39 11	itération	39	itération	11	4
39.5	40.5	40 11	itération	40	itération	11	4
-0.5	0.5	0 12	itération	0	itération	12	4
0.5	1.5	1 12	itération	1	itération	12	4
1.5	2.5	2 12	itération	2	itération	12	4
2.5	3.5	3 12	itération	3	itération	12	4
3.5	4.5	4 12	itération	4	itération	12	4
4.5	5.5	5 12	itération	5	itération	12	4
5.5	6.5	6 12	itération	6	itération	12	4
6.5	7.5	7 12	itération	7	itération	12	4
7.5	8.5	8 12	itération	8	itération	12	4
8.5	9.5	9 12	itération	9	itération	12	4
9.5	10.5	10 12	itération	10	itération	12	4
10.5	11.5	11 12	itération	11	itération	12	4
11.5	12.5	1	itération	12	itération	12	4
12.5	13.5	13 12	itération	13	itération	12	4
13.5	14.5	14 12	itération	14	itération	12	4
14.5	15.5	15 12	itération	15	itération	12	4
15.5	16.5	16 12	itération	16	itération	12	4
16.5	17.5	17 12	itération	17	itération	12	4
17.5	18.5	18 12	itération	18	itération	12	4
18.5	19.5	19 12	itération	19	itération	12	4
19.5	20.5	20 12	itération	20	itération	12	4
20.5	21.5	21 12	itération	21	itération	12	4
21.5	22.5	22 12	itération	22	itération	12	4
22.5	23.5	23 12	itération	23	itération	12	4
23.5	24.5	24 12	itération	24	itération	12	4
24.5	25.5	25 12	itération	25	itération	12	4
25.5	26.5	26 12	itération	26	itération	12	4
26.5	27.5	27 12	itération	27	itération	12	4
27.5	28.5	28 12	itération	28	itération	12	4
28.5	29.5	29 12	itération	29	itération	12	4
29.5	30.5	30 12	itération	30	itération	12	4
30.5	31.5	31 12	itération	31	itération	12	4
31.5	32.5	32 12	itération	32	itération	12	4
32.5	33.5	33 12	itération	33	itération	12	4
33.5	34.5	34 12	itération	34	itération	12	4
34.5	35.5	35 12	itération	35	itération	12	4
35.5	36.5	36 12	itération	36	itération	12	4
36.5	37.5	37 12	itération	37	itération	12	4
37.5	38.5	38 12	itération	38	itération	12	4
38.5	39.5	39 12	itération	39	itération	12	4
39.5	40.5	40 12	itération	40	itération	12	4
-0.5	0.5	0 13	itération	0	itération	13	4
0.5	1.5	1 13	itération	1	itération	13	4
1.5	2.5	2 13	itération	2	itération	13	4
2.5	3.5	3 13	itération	3	itération	13	4
3.5	4.5	4 13	itération	4	itération	13	4
4.5	5.5	5 13	itération	5	itération	13	4
5.5	6.5	6 13	itération	6	itération	13	4
6.5	7.5	7 13	itération	7	itération	13	4
7.5	8.5	8 13	itération	8	itération	13	4
8.5	9.5	9 13	itération	9	itération	13	4
9.5	10.5	10 13	itération	10	itération	13	4
10.5	11.5	11 13	itération	11	itération	13	4
11.5	12.5	12 13	itération	12	itération	13	4
12.5	13.5	1	itération	13	itération	13	4
13.5	14.5	14 13	itération	14	itération	13	4
14.5	15.5	15 13	itération	15	itération	13	4
15.5	16.5	16 13	itération	16	itération	13	4
16.5	17.5	17 13	itération	17	itération	13	4
17.5	18.5	18 13	itération	18	itération	13	4
18.5	19.5	19 13	itération	19	itération	13	4
19.5	20.5	20 13	itération	20	itération	13	4
20.5	21.5	21 13	itération	21	itération	13	4
21.5	22.5	22 13	itération	22	itération	13	4
22.5	23.5	23 13	itération	23	itération	13	4
23.5	24.5	24 13	itération	24	itération	13	4
24.5	25.5	25 13	itération	25	itération	13	4
25.5	26.5	26 13	itération	26	itération	13	4
26.5	27.5	27 13	itération	27	itération	13	4
27.5	28.5	28 13	itération	28	itération	13	4
28.5	29.5	29 13	itération	29	itération	13	4
29.5	30.5	30 13	itération	30	itération	13	4
30.5	31.5	31 13	itération	31	itération	13	4
31.5	32.5	32 13	itération	32	itération	13	4
32.5	33.5	33 13	itération	33	itération	13	4
33.5	34.5	34 13	itération	34	itération	13	4
34.5	35.5	35 13	itération	35	itération	13	4
35.5	36.5	36 13	itération	36	itération	13	4
36.5	37.5	37 13	itération	37	itération	13	4
37.5	38.5	38 13	itération	38	itération	13	4
38.5	39.5	39 13	itération	39	itération	13	4
39.5	40.5	40 13	itération	40	itération	13	4
-0.5	0.5	0 14	itération	0	itération	14	4
0.5	1.5	1 14	itération	1	itération	14	4
1.5	2.5	2 14	itération	2	itération	14	4
2.5	3.5	3 14	itération	3	itération	14	4
3.5	4.5	4 14	itération	4	itération	14	4
4.5	5.5	5 14	itération	5	itération	14	4
5.5	6.5	6 14	itération	6	itération	14	4
6.5	7.5	7 14	itération	7	itération	14	4
7.5	8.5	8 14	itération	8	itération	14	4
8.5	9.5	9 14	itération	9	itération	14	4
9.5	10.5	10 14	itération	10	itération	14	4
10.5	11.5	11 14	itération	11	itération	14	4
11.5	12.5	12 14	itération	12	itération	14	4
12.5	13.5	13 14	itération	13	itération	14	4
13.5	14.5	1	itération	14	itération	14	4
14.5	15.5	15 14	itération	15	itération	14	4
15.5	16.5	16 14	itération	16	itération	14	4
16.5	17.5	17 14	itération	17	itération	14	4
17.5	18.5	18 14	itération	18	itération	14	4
18.5	19.5	19 14	itération	19	itération	14	4
19.5	20.5	20 14	itération	20	itération	14	4
20.5	21.5	21 14	itération	21	itération	14	4
21.5	22.5	22 14	itération	22	itération	14	4
22.5	23.5	23 14	itération	23	itération	14	4
23.5	24.5	24 14	itération	24	itération	14	4
24.5	25.5	25 14	itération	25	itération	14	4
25.5	26.5	26 14	itération	26	itération	14	4
26.5	27.5	27 14	itération	27	itération	14	4
27.5	28.5	28 14	itération	28	itération	14	4
28.5	29.5	29 14	itération	29	itération	14	4
29.5	30.5	30 14	itération	30	itération	14	4
30.5	31.5	31 14	itération	31	itération	14	4
31.5	32.5	32 14	itération	32	itération	14	4
32.5	33.5	33 14	itération	33	itération	14	4
33.5	34.5	34 14	itération	34	itération	14	4
34.5	35.5	35 14	itération	35	itération	14	4
35.5	36.5	36 14	itération	36	itération	14	4
36.5	37.5	37 14	itération	37	itération	14	4
37.5	38.5	38 14	itération	38	itération	14	4
38.5	39.5	39 14	itération	39	itération	14	4
39.5	40.5	40 14	itération	40	itération	14	4
-0.5	0.5	0 15	itération	0	itération	15	4
0.5	1.5	1 15	itération	1	itération	15	4
1.5	2.5	2 15	itération	2	itération	15	4
2.5	3.5	3 15	itération	3	itération	15	4
3.5	4.5	4 15	itération	4	itération	15	4
4.5	5.5	5 15	itération	5	itération	15	4
5.5	6.5	6 15	itération	6	itération	15	4
6.5	7.5	7 15	itération	7	itération	15	4
7.5	8.5	8 15	itération	8	itération	15	4
8.5	9.5	9 15	itération	9	itération	15	4
9.5	10.5	10 15	itération	10	itération	15	4
10.5	11.5	11 15	itération	11	itération	15	4
11.5	12.5	12 15	itération	12	itération	15	4
12.5	13.5	13 15	itération	13	itération	15	4
13.5	14.5	14 15	itération	14	itération	15	4
14.5	15.5	1	itération	15	itération	15	4
15.5	16.5	16 15	itération	16	itération	15	4
16.5	17.5	17 15	itération	17	itération	15	4
17.5	18.5	18 15	itération	18	itération	15	4
18.5	19.5	19 15	itération	19	itération	15	4
19.5	20.5	20 15	itération	20	itération	15	4
20.5	21.5	21 15	itération	21	itération	15	4
21.5	22.5	22 15	itération	22	itération	15	4
22.5	23.5	23 15	itération	23	itération	15	4
23.5	24.5	24 15	itération	24	itération	15	4
24.5	25.5	25 15	itération	25	itération	15	4
25.5	26.5	26 15	itération	26	itération	15	4
26.5	27.5	27 15	itération	27	itération	15	4
27.5	28.5	28 15	itération	28	itération	15	4
28.5	29.5	29 15	itération	29	itération	15	4
29.5	30.5	30 15	itération	30	itération	15	4
30.5	31.5	31 15	itération	31	itération	15	4
31.5	32.5	32 15	itération	32	itération	15	4
32.5	33.5	33 15	itération	33	itération	15	4
33.5	34.5	34 15	itération	34	itération	15	4
34.5	35.5	35 15	itération	35	itération	15	4
35.5	36.5	36 15	itération	36	itération	15	4
36.5	37.5	37 15	itération	37	itération	15	4
37.5	38.5	38 15	itération	38	itération	15	4
38.5	39.5	39 15	itération	39	itération	15	4
39.5	40.5	40 15	itération	40	itération	15	4
-0.5	0.5	0 16	itération	0	itération	16	4
0.5	1.5	1 16	itération	1	itération	16	4
1.5	2.5	2 16	itération	2	itération	16	4
2.5	3.5	3 16	itération	3	itération	16	4
3.5	4.5	4 16	itération	4	itération	16	4
4.5	5.5	5 16	itération	5	itération	16	4
5.5	6.5	6 16	itération	6	itération	16	4
6.5	7.5	7 16	itération	7	itération	16	4
7.5	8.5	8 16	itération	8	itération	16	4
8.5	9.5	9 16	itération	9	itération	16	4
9.5	10.5	10 16	itération	10	itération	16	4
10.5	11.5	11 16	itération	11	itération	16	4
11.5	12.5	12 16	itération	12	itération	16	4
12.5	13.5	13 16	itération	13	itération	16	4
13.5	14.5	14 16	itération	14	itération	16	4
14.5	15.5	15 16	itération	15	itération	16	4
15.5	16.5	1	itération	16	itération	16	4
16.5	17.5	17 16	itération	17	itération	16	4
17.5	18.5	18 16	itération	18	itération	16	4
18.5	19.5	19 16	itération	19	itération	16	4
19.5	20.5	20 16	itération	20	itération	16	4
20.5	21.5	21 16	itération	21	itération	16	4
21.5	22.5	22 16	itération	22	itération	16	4
22.5	23.5	23 16	itération	23	itération	16	4
23.5	24.5	24 16	itération	24	itération	16	4
24.5	25.5	25 16	itération	25	itération	16	4
25.5	26.5	26 16	itération	26	itération	16	4
26.5	27.5	27 16	itération	27	itération	16	4
27.5	28.5	28 16	itération	28	itération	16	4
28.5	29.5	29 16	itération	29	itération	16	4
29.5	30.5	30 16	itération	30	itération	16	4
30.5	31.5	31 16	itération	31	itération	16	4
31.5	32.5	32 16	itération	32	itération	16	4
32.5	33.5	33 16	itération	33	itération	16	4
33.5	34.5	34 16	itération	34	itération	16	4
34.5	35.5	35 16	itération	35	itération	16	4
35.5	36.5	36 16	itération	36	itération	16	4
36.5	37.5	37 16	itération	37	itération	16	4
37.5	38.5	38 16	itération	38	itération	16	4
38.5	39.5	39 16	itération	39	itération	16	4
39.5	40.5	40 16	itération	40	itération	16	4
-0.5	0.5	0 17	itération	0	itération	17	4
0.5	1.5	1 17	itération	1	itération	17	4
1.5	2.5	2 17	itération	2	itération	17	4
2.5	3.5	3 17	itération	3	itération	17	4
3.5	4.5	4 17	itération	4	itération	17	4
4.5	5.5	5 17	itération	5	itération	17	4
5.5	6.5	6 17	itération	6	itération	17	4
6.5	7.5	7 17	itération	7	itération	17	4
7.5	8.5	8 17	itération	8	itération	17	4
8.5	9.5	9 17	itération	9	itération	17	4
9.5	10.5	10 17	itération	10	itération	17	4
10.5	11.5	11 17	itération	11	itération	17	4
11.5	12.5	12 17	itération	12	itération	17	4
12.5	13.5	13 17	itération	13	itération	17	4
13.5	14.5	14 17	itération	14	itération	17	4
14.5	15.5	15 17	itération	15	itération	17	4
15.5	16.5	16 17	itération	16	itération	17	4
16.5	17.5	1	itération	17	itération	17	4
17.5	18.5	18 17	itération	18	itération	17	4
18.5	19.5	19 17	itération	19	itération	17	4
19.5	20.5	20 17	itération	20	itération	17	4
20.5	21.5	21 17	itération	21	itération	17	4
21.5	22.5	22 17	itération	22	itération	17	4
22.5	23.5	23 17	itération	23	itération	17	4
23.5	24.5	24 17	itération	24	itération	17	4
24.5	25.5	25 17	itération	25	itération	17	4
25.5	26.5	26 17	itération	26	itération	17	4
26.5	27.5	27 17	itération	27	itération	17	4
27.5	28.5	28 17	itération	28	itération	17	4
28.5	29.5	29 17	itération	29	itération	17	4
29.5	30.5	30 17	itération	30	itération	17	4
30.5	31.5	31 17	itération	31	itération	17	4
31.5	32.5	32 17	itération	32	itération	17	4
32.5	33.5	33 17	itération	33	itération	17	4
33.5	34.5	34 17	itération	34	itération	17	4
34.5	35.5	35 17	itération	35	itération	17	4
35.5	36.5	36 17	itération	36	itération	17	4
36.5	37.5	37 17	itération	37	itération	17	4
37.5	38.5	38 17	itération	38	itération	17	4
38.5	39.5	39 17	itération	39	itération	17	4
39.5	40.5	40 17	itération	40	itération	17	4
-0.5	0.5	0 18	itération	0	itération	18	4
0.5	1.5	1 18	itération	1	itération	18	4
1.5	2.5	2 18	itération	2	itération	18	4
2.5	3.5	3 18	itération	3	itération	18	4
3.5	4.5	4 18	itération	4	itération	18	4
4.5	5.5	5 18	itération	5	itération	18	4
5.5	6.5	6 18	itération	6	itération	18	4
6.5	7.5	7 18	itération	7	itération	18	4
7.5	8.5	8 18	itération	8	itération	18	4
8.5	9.5	9 18	itération	9	itération	18	4
9.5	10.5	10 18	itération	10	itération	18	4
10.5	11.5	11 18	itération	11	itération	18	4
11.5	12.5	12 18	itération	12	itération	18	4
12.5	13.5	13 18	itération	13	itération	18	4
13.5	14.5	14 18	itération	14	itération	18	4
14.5	15.5	15 18	itération	15	itération	18	4
15.5	16.5	16 18	itération	16	itération	18	4
16.5	17.5	17 18	itération	17	itération	18	4
17.5	18.5	1	itération	18	itération	18	4
18.5	19.5	19 18	itération	19	itération	18	4
19.5	20.5	20 18	itération	20	itération	18	4
20.5	21.5	21 18	itération	21	itération	18	4
21.5	22.5	22 18	itération	22	itération	18	4
22.5	23.5	23 18	itération	23	itération	18	4
23.5	24.5	24 18	itération	24	itération	18	4
24.5	25.5	25 18	itération	25	itération	18	4
25.5	26.5	26 18	itération	26	itération	18	4
26.5	27.5	27 18	itération	27	itération	18	4
27.5	28.5	28 18	itération	28	itération	18	4
28.5	29.5	29 18	itération	29	itération	18	4
29.5	30.5	30 18	itération	30	itération	18	4
30.5	31.5	31 18	itération	31	itération	18	4
31.5	32.5	32 18	itération	32	itération	18	4
32.5	33.5	33 18	itération	33	itération	18	4
33.5	34.5	34 18	itération	34	itération	18	4
34.5	35.5	35 18	itération	35	itération	18	4
35.5	36.5	36 18	itération	36	itération	18	4
36.5	37.5	37 18	itération	37	itération	18	4
37.5	38.5	38 18	itération	38	itération	18	4
38.5	39.5	39 18	itération	39	itération	18	4
39.5	40.5	40 18	itération	40	itération	18	4
-0.5	0.5	0 19	itération	0	itération	19	4
0.5	1.5	1 19	itération	1	itération	19	4
1.5	2.5	2 19	itération	2	itération	19	4
2.5	3.5	3 19	itération	3	itération	19	4
3.5	4.5	4 19	itération	4	itération	19	4
4.5	5.5	5 19	itération	5	itération	19	4
5.5	6.5	6 19	itération	6	itération	19	4
6.5	7.5	7 19	itération	7	itération	19	4
7.5	8.5	8 19	itération	8	itération	19	4
8.5	9.5	9 19	itération	9	itération	19	4
9.5	10.5	10 19	itération	10	itération	19	4
10.5	11.5	11 19	itération	11	itération	19	4
11.5	12.5	12 19	itération	12	itération	19	4
12.5	13.5	13 19	itération	13	itération	19	4
13.5	14.5	14 19	itération	14	itération	19	4
14.5	15.5	15 19	itération	15	itération	19	4
15.5	16.5	16 19	itération	16	itération	19	4
16.5	17.5	17 19	itération	17	itération	19	4
17.5	18.5	18 19	itération	18	itération	19	4
18.5	19.5	1	itération	19	itération	19	4
19.5	20.5	20 19	itération	20	itération	19	4
20.5	21.5	21 19	itération	21	itération	19	4
21.5	22.5	22 19	itération	22	itération	19	4
22.5	23.5	23 19	itération	23	itération	19	4
23.5	24.5	24 19	itération	24	itération	19	4
24.5	25.5	25 19	itération	25	itération	19	4
25.5	26.5	26 19	itération	26	itération	19	4
26.5	27.5	27 19	itération	27	itération	19	4
27.5	28.5	28 19	itération	28	itération	19	4
28.5	29.5	29 19	itération	29	itération	19	4
29.5	30.5	30 19	itération	30	itération	19	4
30.5	31.5	31 19	itération	31	itération	19	4
31.5	32.5	32 19	itération	32	itération	19	4
32.5	33.5	33 19	itération	33	itération	19	4
33.5	34.5	34 19	itération	34	itération	19	4
34.5	35.5	35 19	itération	35	itération	19	4
35.5	36.5	36 19	itération	36	itération	19	4
36.5	37.5	37 19	itération	37	itération	19	4
37.5	38.5	38 19	itération	38	itération	19	4
38.5	39.5	39 19	itération	39	itération	19	4
39.5	40.5	40 19	itération	40	itération	19	4
-0.5	0.5	0 20	itération	0	itération	20	4
0.5	1.5	1 20	itération	1	itération	20	4
1.5	2.5	2 20	itération	2	itération	20	4
2.5	3.5	3 20	itération	3	itération	20	4
3.5	4.5	4 20	itération	4	itération	20	4
4.5	5.5	5 20	itération	5	itération	20	4
5.5	6.5	6 20	itération	6	itération	20	4
6.5	7.5	7 20	itération	7	itération	20	4
7.5	8.5	8 20	itération	8	itération	20	4
8.5	9.5	9 20	itération	9	itération	20	4
9.5	10.5	10 20	itération	10	itération	20	4
10.5	11.5	11 20	itération	11	itération	20	4
11.5	12.5	12 20	itération	12	itération	20	4
12.5	13.5	13 20	itération	13	itération	20	4
13.5	14.5	14 20	itération	14	itération	20	4
14.5	15.5	15 20	itération	15	itération	20	4
15.5	16.5	16 20	itération	16	itération	20	4
16.5	17.5	17 20	itération	17	itération	20	4
17.5	18.5	18 20	itération	18	itération	20	4
18.5	19.5	19 20	itération	19	itération	20	4
19.5	20.5	1	itération	20	itération	20	4
20.5	21.5	21 20	itération	21	itération	20	4
21.5	22.5	22 20	itération	22	itération	20	4
22.5	23.5	23 20	itération	23	itération	20	4
23.5	24.5	24 20	itération	24	itération	20	4
24.5	25.5	25 20	itération	25	itération	20	4
25.5	26.5	26 20	itération	26	itération	20	4
26.5	27.5	27 20	itération	27	itération	20	4
27.5	28.5	28 20	itération	28	itération	20	4
28.5	29.5	29 20	itération	29	itération	20	4
29.5	30.5	30 20	itération	30	itération	20	4
30.5	31.5	31 20	itération	31	itération	20	4
31.5	32.5	32 20	itération	32	itération	20	4
32.5	33.5	33 20	itération	33	itération	20	4
33.5	34.5	34 20	itération	34	itération	20	4
34.5	35.5	35 20	itération	35	itération	20	4
35.5	36.5	36 20	itération	36	itération	20	4
36.5	37.5	37 20	itération	37	itération	20	4
37.5	38.5	38 20	itération	38	itération	20	4
38.5	39.5	39 20	itération	39	itération	20	4
39.5	40.5	40 20	itération	40	itération	20	4
-0.5	0.5	0 21	itération	0	itération	21	4
0.5	1.5	1 21	itération	1	itération	21	4
1.5	2.5	2 21	itération	2	itération	21	4
2.5	3.5	3 21	itération	3	itération	21	4
3.5	4.5	4 21	itération	4	itération	21	4
4.5	5.5	5 21	itération	5	itération	21	4
5.5	6.5	6 21	itération	6	itération	21	4
6.5	7.5	7 21	itération	7	itération	21	4
7.5	8.5	8 21	itération	8	itération	21	4
8.5	9.5	9 21	itération	9	itération	21	4
9.5	10.5	10 21	itération	10	itération	21	4
10.5	11.5	11 21	itération	11	itération	21	4
11.5	12.5	12 21	itération	12	itération	21	4
12.5	13.5	13 21	itération	13	itération	21	4
13.5	14.5	14 21	itération	14	itération	21	4
14.5	15.5	15 21	itération	15	itération	21	4
15.5	16.5	16 21	itération	16	itération	21	4
16.5	17.5	17 21	itération	17	itération	21	4
17.5	18.5	18 21	itération	18	itération	21	4
18.5	19.5	19 21	itération	19	itération	21	4
19.5	20.5	20 21	itération	20	itération	21	4
20.5	21.5	1	itération	21	itération	21	4
21.5	22.5	22 21	itération	22	itération	21	4
22.5	23.5	23 21	itération	23	itération	21	4
23.5	24.5	24 21	itération	24	itération	21	4
24.5	25.5	25 21	itération	25	itération	21	4
25.5	26.5	26 21	itération	26	itération	21	4
26.5	27.5	27 21	itération	27	itération	21	4
27.5	28.5	28 21	itération	28	itération	21	4
28.5	29.5	29 21	itération	29	itération	21	4
29.5	30.5	30 21	itération	30	itération	21	4
30.5	31.5	31 21	itération	31	itération	21	4
31.5	32.5	32 21	itération	32	itération	21	4
32.5	33.5	33 21	itération	33	itération	21	4
33.5	34.5	34 21	itération	34	itération	21	4
34.5	35.5	35 21	itération	35	itération	21	4
35.5	36.5	36 21	itération	36	itération	21	4
36.5	37.5	37 21	itération	37	itération	21	4
37.5	38.5	38 21	itération	38	itération	21	4
38.5	39.5	39 21	itération	39	itération	21	4
39.5	40.5	40 21	itération	40	itération	21	4
-0.5	0.5	0 22	itération	0	itération	22	4
0.5	1.5	1 22	itération	1	itération	22	4
1.5	2.5	2 22	itération	2	itération	22	4
2.5	3.5	3 22	itération	3	itération	22	4
3.5	4.5	4 22	itération	4	itération	22	4
4.5	5.5	5 22	itération	5	itération	22	4
5.5	6.5	6 22	itération	6	itération	22	4
6.5	7.5	7 22	itération	7	itération	22	4
7.5	8.5	8 22	itération	8	itération	22	4
8.5	9.5	9 22	itération	9	itération	22	4
9.5	10.5	10 22	itération	10	itération	22	4
10.5	11.5	11 22	itération	11	itération	22	4
11.5	12.5	12 22	itération	12	itération	22	4
12.5	13.5	13 22	itération	13	itération	22	4
13.5	14.5	14 22	itération	14	itération	22	4
14.5	15.5	15 22	itération	15	itération	22	4
15.5	16.5	16 22	itération	16	itération	22	4
16.5	17.5	17 22	itération	17	itération	22	4
17.5	18.5	18 22	itération	18	itération	22	4
18.5	19.5	19 22	itération	19	itération	22	4
19.5	20.5	20 22	itération	20	itération	22	4
20.5	21.5	21 22	itération	21	itération	22	4
21.5	22.5	1	itération	22	itération	22	4
22.5	23.5	23 22	itération	23	itération	22	4
23.5	24.5	24 22	itération	24	itération	22	4
24.5	25.5	25 22	itération	25	itération	22	4
25.5	26.5	26 22	itération	26	itération	22	4
26.5	27.5	27 22	itération	27	itération	22	4
27.5	28.5	28 22	itération	28	itération	22	4
28.5	29.5	29 22	itération	29	itération	22	4
29.5	30.5	30 22	itération	30	itération	22	4
30.5	31.5	31 22	itération	31	itération	22	4
31.5	32.5	32 22	itération	32	itération	22	4
32.5	33.5	33 22	itération	33	itération	22	4
33.5	34.5	34 22	itération	34	itération	22	4
34.5	35.5	35 22	itération	35	itération	22	4
35.5	36.5	36 22	itération	36	itération	22	4
36.5	37.5	37 22	itération	37	itération	22	4
37.5	38.5	38 22	itération	38	itération	22	4
38.5	39.5	39 22	itération	39	itération	22	4
39.5	40.5	40 22	itération	40	itération	22	4
-0.5	0.5	0 23	itération	0	itération	23	4
0.5	1.5	1 23	itération	1	itération	23	4
1.5	2.5	2 23	itération	2	itération	23	4
2.5	3.5	3 23	itération	3	itération	23	4
3.5	4.5	4 23	itération	4	itération	23	4
4.5	5.5	5 23	itération	5	itération	23	4
5.5	6.5	6 23	itération	6	itération	23	4
6.5	7.5	7 23	itération	7	itération	23	4
7.5	8.5	8 23	itération	8	itération	23	4
8.5	9.5	9 23	itération	9	itération	23	4
9.5	10.5	10 23	itération	10	itération	23	4
10.5	11.5	11 23	itération	11	itération	23	4
11.5	12.5	12 23	itération	12	itération	23	4
12.5	13.5	13 23	itération	13	itération	23	4
13.5	14.5	14 23	itération	14	itération	23	4
14.5	15.5	15 23	itération	15	itération	23	4
15.5	16.5	16 23	itération	16	itération	23	4
16.5	17.5	17 23	itération	17	itération	23	4
17.5	18.5	18 23	itération	18	itération	23	4
18.5	19.5	19 23	itération	19	itération	23	4
19.5	20.5	20 23	itération	20	itération	23	4
20.5	21.5	21 23	itération	21	itération	23	4
21.5	22.5	22 23	itération	22	itération	23	4
22.5	23.5	1	itération	23	itération	23	4
23.5	24.5	24 23	itération	24	itération	23	4
24.5	25.5	25 23	itération	25	itération	23	4
25.5	26.5	26 23	itération	26	itération	23	4
26.5	27.5	27 23	itération	27	itération	23	4
27.5	28.5	28 23	itération	28	itération	23	4
28.5	29.5	29 23	itération	29	itération	23	4
29.5	30.5	30 23	itération	30	itération	23	4
30.5	31.5	31 23	itération	31	itération	23	4
31.5	32.5	32 23	itération	32	itération	23	4
32.5	33.5	33 23	itération	33	itération	23	4
33.5	34.5	34 23	itération	34	itération	23	4
34.5	35.5	35 23	itération	35	itération	23	4
35.5	36.5	36 23	itération	36	itération	23	4
36.5	37.5	37 23	itération	37	itération	23	4
37.5	38.5	38 23	itération	38	itération	23	4
38.5	39.5	39 23	itération	39	itération	23	4
39.5	40.5	40 23	itération	40	itération	23	4
-0.5	0.5	0 24	itération	0	itération	24	4
0.5	1.5	1 24	itération	1	itération	24	4
1.5	2.5	2 24	itération	2	itération	24	4
2.5	3.5	3 24	itération	3	itération	24	4
3.5	4.5	4 24	itération	4	itération	24	4
4.5	5.5	5 24	itération	5	itération	24	4
5.5	6.5	6 24	itération	6	itération	24	4
6.5	7.5	7 24	itération	7	itération	24	4
7.5	8.5	8 24	itération	8	itération	24	4
8.5	9.5	9 24	itération	9	itération	24	4
9.5	10.5	10 24	itération	10	itération	24	4
10.5	11.5	11 24	itération	11	itération	24	4
11.5	12.5	12 24	itération	12	itération	24	4
12.5	13.5	13 24	itération	13	itération	24	4
13.5	14.5	14 24	itération	14	itération	24	4
14.5	15.5	15 24	itération	15	itération	24	4
15.5	16.5	16 24	itération	16	itération	24	4
16.5	17.5	17 24	itération	17	itération	24	4
17.5	18.5	18 24	itération	18	itération	24	4
18.5	19.5	19 24	itération	19	itération	24	4
19.5	20.5	20 24	itération	20	itération	24	4
20.5	21.5	21 24	itération	21	itération	24	4
21.5	22.5	22 24	itération	22	itération	24	4
22.5	23.5	23 24	itération	23	itération	24	4
23.5	24.5	1	itération	24	itération	24	4
24.5	25.5	25 24	itération	25	itération	24	4
25.5	26.5	26 24	itération	26	itération	24	4
26.5	27.5	27 24	itération	27	itération	24	4
27.5	28.5	28 24	itération	28	itération	24	4
28.5	29.5	29 24	itération	29	itération	24	4
29.5	30.5	30 24	itération	30	itération	24	4
30.5	31.5	31 24	itération	31	itération	24	4
31.5	32.5	32 24	itération	32	itération	24	4
32.5	33.5	33 24	itération	33	itération	24	4
33.5	34.5	34 24	itération	34	itération	24	4
34.5	35.5	35 24	itération	35	itération	24	4
35.5	36.5	36 24	itération	36	itération	24	4
36.5	37.5	37 24	itération	37	itération	24	4
37.5	38.5	38 24	itération	38	itération	24	4
38.5	39.5	39 24	itération	39	itération	24	4
39.5	40.5	40 24	itération	40	itération	24	4
-0.5	0.5	0 25	itération	0	itération	25	4
0.5	1.5	1 25	itération	1	itération	25	4
1.5	2.5	2 25	itération	2	itération	25	4
2.5	3.5	3 25	itération	3	itération	25	4
3.5	4.5	4 25	itération	4	itération	25	4
4.5	5.5	5 25	itération	5	itération	25	4
5.5	6.5	6 25	itération	6	itération	25	4
6.5	7.5	7 25	itération	7	itération	25	4
7.5	8.5	8 25	itération	8	itération	25	4
8.5	9.5	9 25	itération	9	itération	25	4
9.5	10.5	10 25	itération	10	itération	25	4
10.5	11.5	11 25	itération	11	itération	25	4
11.5	12.5	12 25	itération	12	itération	25	4
12.5	13.5	13 25	itération	13	itération	25	4
13.5	14.5	14 25	itération	14	itération	25	4
14.5	15.5	15 25	itération	15	itération	25	4
15.5	16.5	16 25	itération	16	itération	25	4
16.5	17.5	17 25	itération	17	itération	25	4
17.5	18.5	18 25	itération	18	itération	25	4
18.5	19.5	19 25	itération	19	itération	25	4
19.5	20.5	20 25	itération	20	itération	25	4
20.5	21.5	21 25	itération	21	itération	25	4
21.5	22.5	22 25	itération	22	itération	25	4
22.5	23.5	23 25	itération	23	itération	25	4
23.5	24.5	24 25	itération	24	itération	25	4
24.5	25.5	1	itération	25	itération	25	4
25.5	26.5	26 25	itération	26	itération	25	4
26.5	27.5	27 25	itération	27	itération	25	4
27.5	28.5	28 25	itération	28	itération	25	4
28.5	29.5	29 25	itération	29	itération	25	4
29.5	30.5	30 25	itération	30	itération	25	4
30.5	31.5	31 25	itération	31	itération	25	4
31.5	32.5	32 25	itération	32	itération	25	4
32.5	33.5	33 25	itération	33	itération	25	4
33.5	34.5	34 25	itération	34	itération	25	4
34.5	35.5	35 25	itération	35	itération	25	4
35.5	36.5	36 25	itération	36	itération	25	4
36.5	37.5	37 25	itération	37	itération	25	4
37.5	38.5	38 25	itération	38	itération	25	4
38.5	39.5	39 25	itération	39	itération	25	4
39.5	40.5	40 25	itération	40	itération	25	4
-0.5	0.5	0 26	itération	0	itération	26	4
0.5	1.5	1 26	itération	1	itération	26	4
1.5	2.5	2 26	itération	2	itération	26	4
2.5	3.5	3 26	itération	3	itération	26	4
3.5	4.5	4 26	itération	4	itération	26	4
4.5	5.5	5 26	itération	5	itération	26	4
5.5	6.5	6 26	itération	6	itération	26	4
6.5	7.5	7 26	itération	7	itération	26	4
7.5	8.5	8 26	itération	8	itération	26	4
8.5	9.5	9 26	itération	9	itération	26	4
9.5	10.5	10 26	itération	10	itération	26	4
10.5	11.5	11 26	itération	11	itération	26	4
11.5	12.5	12 26	itération	12	itération	26	4
12.5	13.5	13 26	itération	13	itération	26	4
13.5	14.5	14 26	itération	14	itération	26	4
14.5	15.5	15 26	itération	15	itération	26	4
15.5	16.5	16 26	itération	16	itération	26	4
16.5	17.5	17 26	itération	17	itération	26	4
17.5	18.5	18 26	itération	18	itération	26	4
18.5	19.5	19 26	itération	19	itération	26	4
19.5	20.5	20 26	itération	20	itération	26	4
20.5	21.5	21 26	itération	21	itération	26	4
21.5	22.5	22 26	itération	22	itération	26	4
22.5	23.5	23 26	itération	23	itération	26	4
23.5	24.5	24 26	itération	24	itération	26	4
24.5	25.5	25 26	itération	25	itération	26	4
25.5	26.5	1	itération	26	itération	26	4
26.5	27.5	27 26	itération	27	itération	26	4
27.5	28.5	28 26	itération	28	itération	26	4
28.5	29.5	29 26	itération	29	itération	26	4
29.5	30.5	30 26	itération	30	itération	26	4
30.5	31.5	31 26	itération	31	itération	26	4
31.5	32.5	32 26	itération	32	itération	26	4
32.5	33.5	33 26	itération	33	itération	26	4
33.5	34.5	34 26	itération	34	itération	26	4
34.5	35.5	35 26	itération	35	itération	26	4
35.5	36.5	36 26	itération	36	itération	26	4
36.5	37.5	37 26	itération	37	itération	26	4
37.5	38.5	38 26	itération	38	itération	26	4
38.5	39.5	39 26	itération	39	itération	26	4
39.5	40.5	40 26	itération	40	itération	26	4
-0.5	0.5	0 27	itération	0	itération	27	4
0.5	1.5	1 27	itération	1	itération	27	4
1.5	2.5	2 27	itération	2	itération	27	4
2.5	3.5	3 27	itération	3	itération	27	4
3.5	4.5	4 27	itération	4	itération	27	4
4.5	5.5	5 27	itération	5	itération	27	4
5.5	6.5	6 27	itération	6	itération	27	4
6.5	7.5	7 27	itération	7	itération	27	4
7.5	8.5	8 27	itération	8	itération	27	4
8.5	9.5	9 27	itération	9	itération	27	4
9.5	10.5	10 27	itération	10	itération	27	4
10.5	11.5	11 27	itération	11	itération	27	4
11.5	12.5	12 27	itération	12	itération	27	4
12.5	13.5	13 27	itération	13	itération	27	4
13.5	14.5	14 27	itération	14	itération	27	4
14.5	15.5	15 27	itération	15	itération	27	4
15.5	16.5	16 27	itération	16	itération	27	4
16.5	17.5	17 27	itération	17	itération	27	4
17.5	18.5	18 27	itération	18	itération	27	4
18.5	19.5	19 27	itération	19	itération	27	4
19.5	20.5	20 27	itération	20	itération	27	4
20.5	21.5	21 27	itération	21	itération	27	4
21.5	22.5	22 27	itération	22	itération	27	4
22.5	23.5	23 27	itération	23	itération	27	4
23.5	24.5	24 27	itération	24	itération	27	4
24.5	25.5	25 27	itération	25	itération	27	4
25.5	26.5	26 27	itération	26	itération	27	4
26.5	27.5	1	itération	27	itération	27	4
27.5	28.5	28 27	itération	28	itération	27	4
28.5	29.5	29 27	itération	29	itération	27	4
29.5	30.5	30 27	itération	30	itération	27	4
30.5	31.5	31 27	itération	31	itération	27	4
31.5	32.5	32 27	itération	32	itération	27	4
32.5	33.5	33 27	itération	33	itération	27	4
33.5	34.5	34 27	itération	34	itération	27	4
34.5	35.5	35 27	itération	35	itération	27	4
35.5	36.5	36 27	itération	36	itération	27	4
36.5	37.5	37 27	itération	37	itération	27	4
37.5	38.5	38 27	itération	38	itération	27	4
38.5	39.5	39 27	itération	39	itération	27	4
39.5	40.5	40 27	itération	40	itération	27	4
-0.5	0.5	0 28	itération	0	itération	28	4
0.5	1.5	1 28	itération	1	itération	28	4
1.5	2.5	2 28	itération	2	itération	28	4
2.5	3.5	3 28	itération	3	itération	28	4
3.5	4.5	4 28	itération	4	itération	28	4
4.5	5.5	5 28	itération	5	itération	28	4
5.5	6.5	6 28	itération	6	itération	28	4
6.5	7.5	7 28	itération	7	itération	28	4
7.5	8.5	8 28	itération	8	itération	28	4
8.5	9.5	9 28	itération	9	itération	28	4
9.5	10.5	10 28	itération	10	itération	28	4
10.5	11.5	11 28	itération	11	itération	28	4
11.5	12.5	12 28	itération	12	itération	28	4
12.5	13.5	13 28	itération	13	itération	28	4
13.5	14.5	14 28	itération	14	itération	28	4
14.5	15.5	15 28	itération	15	itération	28	4
15.5	16.5	16 28	itération	16	itération	28	4
16.5	17.5	17 28	itération	17	itération	28	4
17.5	18.5	18 28	itération	18	itération	28	4
18.5	19.5	19 28	itération	19	itération	28	4
19.5	20.5	20 28	itération	20	itération	28	4
20.5	21.5	21 28	itération	21	itération	28	4
21.5	22.5	22 28	itération	22	itération	28	4
22.5	23.5	23 28	itération	23	itération	28	4
23.5	24.5	24 28	itération	24	itération	28	4
24.5	25.5	25 28	itération	25	itération	28	4
25.5	26.5	26 28	itération	26	itération	28	4
26.5	27.5	27 28	itération	27	itération	28	4
27.5	28.5	1	itération	28	itération	28	4
28.5	29.5	29 28	itération	29	itération	28	4
29.5	30.5	30 28	itération	30	itération	28	4
30.5	31.5	31 28	itération	31	itération	28	4
31.5	32.5	32 28	itération	32	itération	28	4
32.5	33.5	33 28	itération	33	itération	28	4
33.5	34.5	34 28	itération	34	itération	28	4
34.5	35.5	35 28	itération	35	itération	28	4
35.5	36.5	36 28	itération	36	itération	28	4
36.5	37.5	37 28	itération	37	itération	28	4
37.5	38.5	38 28	itération	38	itération	28	4
38.5	39.5	39 28	itération	39	itération	28	4
39.5	40.5	40 28	itération	40	itération	28	4
-0.5	0.5	0 29	itération	0	itération	29	4
0.5	1.5	1 29	itération	1	itération	29	4
1.5	2.5	2 29	itération	2	itération	29	4
2.5	3.5	3 29	itération	3	itération	29	4
3.5	4.5	4 29	itération	4	itération	29	4
4.5	5.5	5 29	itération	5	itération	29	4
5.5	6.5	6 29	itération	6	itération	29	4
6.5	7.5	7 29	itération	7	itération	29	4
7.5	8.5	8 29	itération	8	itération	29	4
8.5	9.5	9 29	itération	9	itération	29	4
9.5	10.5	10 29	itération	10	itération	29	4
10.5	11.5	11 29	itération	11	itération	29	4
11.5	12.5	12 29	itération	12	itération	29	4
12.5	13.5	13 29	itération	13	itération	29	4
13.5	14.5	14 29	itération	14	itération	29	4
14.5	15.5	15 29	itération	15	itération	29	4
15.5	16.5	16 29	itération	16	itération	29	4
16.5	17.5	17 29	itération	17	itération	29	4
17.5	18.5	18 29	itération	18	itération	29	4
18.5	19.5	19 29	itération	19	itération	29	4
19.5	20.5	20 29	itération	20	itération	29	4
20.5	21.5	21 29	itération	21	itération	29	4
21.5	22.5	22 29	itération	22	itération	29	4
22.5	23.5	23 29	itération	23	itération	29	4
23.5	24.5	24 29	itération	24	itération	29	4
24.5	25.5	25 29	itération	25	itération	29	4
25.5	26.5	26 29	itération	26	itération	29	4
26.5	27.5	27 29	itération	27	itération	29	4
27.5	28.5	28 29	itération	28	itération	29	4
28.5	29.5	1	itération	29	itération	29	4
29.5	30.5	30 29	itération	30	itération	29	4
30.5	31.5	31 29	itération	31	itération	29	4
31.5	32.5	32 29	itération	32	itération	29	4
32.5	33.5	33 29	itération	33	itération	29	4
33.5	34.5	34 29	itération	34	itération	29	4
34.5	35.5	35 29	itération	35	itération	29	4
35.5	36.5	36 29	itération	36	itération	29	4
36.5	37.5	37 29	itération	37	itération	29	4
37.5	38.5	38 29	itération	38	itération	29	4
38.5	39.5	39 29	itération	39	itération	29	4
39.5	40.5	40 29	itération	40	itération	29	4
-0.5	0.5	0 30	itération	0	itération	30	4
0.5	1.5	1 30	itération	1	itération	30	4
1.5	2.5	2 30	itération	2	itération	30	4
2.5	3.5	3 30	itération	3	itération	30	4
3.5	4.5	4 30	itération	4	itération	30	4
4.5	5.5	5 30	itération	5	itération	30	4
5.5	6.5	6 30	itération	6	itération	30	4
6.5	7.5	7 30	itération	7	itération	30	4
7.5	8.5	8 30	itération	8	itération	30	4
8.5	9.5	9 30	itération	9	itération	30	4
9.5	10.5	10 30	itération	10	itération	30	4
10.5	11.5	11 30	itération	11	itération	30	4
11.5	12.5	12 30	itération	12	itération	30	4
12.5	13.5	13 30	itération	13	itération	30	4
13.5	14.5	14 30	itération	14	itération	30	4
14.5	15.5	15 30	itération	15	itération	30	4
15.5	16.5	16 30	itération	16	itération	30	4
16.5	17.5	17 30	itération	17	itération	30	4
17.5	18.5	18 30	itération	18	itération	30	4
18.5	19.5	19 30	itération	19	itération	30	4
19.5	20.5	20 30	itération	20	itération	30	4
20.5	21.5	21 30	itération	21	itération	30	4
21.5	22.5	22 30	itération	22	itération	30	4
22.5	23.5	23 30	itération	23	itération	30	4
23.5	24.5	24 30	itération	24	itération	30	4
24.5	25.5	25 30	itération	25	itération	30	4
25.5	26.5	26 30	itération	26	itération	30	4
26.5	27.5	27 30	itération	27	itération	30	4
27.5	28.5	28 30	itération	28	itération	30	4
28.5	29.5	29 30	itération	29	itération	30	4
29.5	30.5	1	itération	30	itération	30	4
30.5	31.5	31 30	itération	31	itération	30	4
31.5	32.5	32 30	itération	32	itération	30	4
32.5	33.5	33 30	itération	33	itération	30	4
33.5	34.5	34 30	itération	34	itération	30	4
34.5	35.5	35 30	itération	35	itération	30	4
35.5	36.5	36 30	itération	36	itération	30	4
36.5	37.5	37 30	itération	37	itération	30	4
37.5	38.5	38 30	itération	38	itération	30	4
38.5	39.5	39 30	itération	39	itération	30	4
39.5	40.5	40 30	itération	40	itération	30	4
-0.5	0.5	0 31	itération	0	itération	31	4
0.5	1.5	1 31	itération	1	itération	31	4
1.5	2.5	2 31	itération	2	itération	31	4
2.5	3.5	3 31	itération	3	itération	31	4
3.5	4.5	4 31	itération	4	itération	31	4
4.5	5.5	5 31	itération	5	itération	31	4
5.5	6.5	6 31	itération	6	itération	31	4
6.5	7.5	7 31	itération	7	itération	31	4
7.5	8.5	8 31	itération	8	itération	31	4
8.5	9.5	9 31	itération	9	itération	31	4
9.5	10.5	10 31	itération	10	itération	31	4
10.5	11.5	11 31	itération	11	itération	31	4
11.5	12.5	12 31	itération	12	itération	31	4
12.5	13.5	13 31	itération	13	itération	31	4
13.5	14.5	14 31	itération	14	itération	31	4
14.5	15.5	15 31	itération	15	itération	31	4
15.5	16.5	16 31	itération	16	itération	31	4
16.5	17.5	17 31	itération	17	itération	31	4
17.5	18.5	18 31	itération	18	itération	31	4
18.5	19.5	19 31	itération	19	itération	31	4
19.5	20.5	20 31	itération	20	itération	31	4
20.5	21.5	21 31	itération	21	itération	31	4
21.5	22.5	22 31	itération	22	itération	31	4
22.5	23.5	23 31	itération	23	itération	31	4
23.5	24.5	24 31	itération	24	itération	31	4
24.5	25.5	25 31	itération	25	itération	31	4
25.5	26.5	26 31	itération	26	itération	31	4
26.5	27.5	27 31	itération	27	itération	31	4
27.5	28.5	28 31	itération	28	itération	31	4
28.5	29.5	29 31	itération	29	itération	31	4
29.5	30.5	30 31	itération	30	itération	31	4
30.5	31.5	1	itération	31	itération	31	4
31.5	32.5	32 31	itération	32	itération	31	4
32.5	33.5	33 31	itération	33	itération	31	4
33.5	34.5	34 31	itération	34	itération	31	4
34.5	35.5	35 31	itération	35	itération	31	4
35.5	36.5	36 31	itération	36	itération	31	4
36.5	37.5	37 31	itération	37	itération	31	4
37.5	38.5	38 31	itération	38	itération	31	4
38.5	39.5	39 31	itération	39	itération	31	4
39.5	40.5	40 31	itération	40	itération	31	4
-0.5	0.5	0 32	itération	0	itération	32	4
0.5	1.5	1 32	itération	1	itération	32	4
1.5	2.5	2 32	itération	2	itération	32	4
2.5	3.5	3 32	itération	3	itération	32	4
3.5	4.5	4 32	itération	4	itération	32	4
4.5	5.5	5 32	itération	5	itération	32	4
5.5	6.5	6 32	itération	6	itération	32	4
6.5	7.5	7 32	itération	7	itération	32	4
7.5	8.5	8 32	itération	8	itération	32	4
8.5	9.5	9 32	itération	9	itération	32	4
9.5	10.5	10 32	itération	10	itération	32	4
10.5	11.5	11 32	itération	11	itération	32	4
11.5	12.5	12 32	itération	12	itération	32	4
12.5	13.5	13 32	itération	13	itération	32	4
13.5	14.5	14 32	itération	14	itération	32	4
14.5	15.5	15 32	itération	15	itération	32	4
15.5	16.5	16 32	itération	16	itération	32	4
16.5	17.5	17 32	itération	17	itération	32	4
17.5	18.5	18 32	itération	18	itération	32	4
18.5	19.5	19 32	itération	19	itération	32	4
19.5	20.5	20 32	itération	20	itération	32	4
20.5	21.5	21 32	itération	21	itération	32	4
21.5	22.5	22 32	itération	22	itération	32	4
22.5	23.5	23 32	itération	23	itération	32	4
23.5	24.5	24 32	itération	24	itération	32	4
24.5	25.5	25 32	itération	25	itération	32	4
25.5	26.5	26 32	itération	26	itération	32	4
26.5	27.5	27 32	itération	27	itération	32	4
27.5	28.5	28 32	itération	28	itération	32	4
28.5	29.5	29 32	itération	29	itération	32	4
29.5	30.5	30 32	itération	30	itération	32	4
30.5	31.5	31 32	itération	31	itération	32	4
31.5	32.5	1	itération	32	itération	32	4
32.5	33.5	33 32	itération	33	itération	32	4
33.5	34.5	34 32	itération	34	itération	32	4
34.5	35.5	35 32	itération	35	itération	32	4
35.5	36.5	36 32	itération	36	itération	32	4
36.5	37.5	37 32	itération	37	itération	32	4
37.5	38.5	38 32	itération	38	itération	32	4
38.5	39.5	39 32	itération	39	itération	32	4
39.5	40.5	40 32	itération	40	itération	32	4
-0.5	0.5	0 33	itération	0	itération	33	4
0.5	1.5	1 33	itération	1	itération	33	4
1.5	2.5	2 33	itération	2	itération	33	4
2.5	3.5	3 33	itération	3	itération	33	4
3.5	4.5	4 33	itération	4	itération	33	4
4.5	5.5	5 33	itération	5	itération	33	4
5.5	6.5	6 33	itération	6	itération	33	4
6.5	7.5	7 33	itération	7	itération	33	4
7.5	8.5	8 33	itération	8	itération	33	4
8.5	9.5	9 33	itération	9	itération	33	4
9.5	10.5	10 33	itération	10	itération	33	4
10.5	11.5	11 33	itération	11	itération	33	4
11.5	12.5	12 33	itération	12	itération	33	4
12.5	13.5	13 33	itération	13	itération	33	4
13.5	14.5	14 33	itération	14	itération	33	4
14.5	15.5	15 33	itération	15	itération	33	4
15.5	16.5	16 33	itération	16	itération	33	4
16.5	17.5	17 33	itération	17	itération	33	4
17.5	18.5	18 33	itération	18	itération	33	4
18.5	19.5	19 33	itération	19	itération	33	4
19.5	20.5	20 33	itération	20	itération	33	4
20.5	21.5	21 33	itération	21	itération	33	4
21.5	22.5	22 33	itération	22	itération	33	4
22.5	23.5	23 33	itération	23	itération	33	4
23.5	24.5	24 33	itération	24	itération	33	4
24.5	25.5	25 33	itération	25	itération	33	4
25.5	26.5	26 33	itération	26	itération	33	4
26.5	27.5	27 33	itération	27	itération	33	4
27.5	28.5	28 33	itération	28	itération	33	4
28.5	29.5	29 33	itération	29	itération	33	4
29.5	30.5	30 33	itération	30	itération	33	4
30.5	31.5	31 33	itération	31	itération	33	4
31.5	32.5	32 33	itération	32	itération	33	4
32.5	33.5	1	itération	33	itération	33	4
33.5	34.5	34 33	itération	34	itération	33	4
34.5	35.5	35 33	itération	35	itération	33	4
35.5	36.5	36 33	itération	36	itération	33	4
36.5	37.5	37 33	itération	37	itération	33	4
37.5	38.5	38 33	itération	38	itération	33	4
38.5	39.5	39 33	itération	39	itération	33	4
39.5	40.5	40 33	itération	40	itération	33	4
-0.5	0.5	0 34	itération	0	itération	34	4
0.5	1.5	1 34	itération	1	itération	34	4
1.5	2.5	2 34	itération	2	itération	34	4
2.5	3.5	3 34	itération	3	itération	34	4
3.5	4.5	4 34	itération	4	itération	34	4
4.5	5.5	5 34	itération	5	itération	34	4
5.5	6.5	6 34	itération	6	itération	34	4
6.5	7.5	7 34	itération	7	itération	34	4
7.5	8.5	8 34	itération	8	itération	34	4
8.5	9.5	9 34	itération	9	itération	34	4
9.5	10.5	10 34	itération	10	itération	34	4
10.5	11.5	11 34	itération	11	itération	34	4
11.5	12.5	12 34	itération	12	itération	34	4
12.5	13.5	13 34	itération	13	itération	34	4
13.5	14.5	14 34	itération	14	itération	34	4
14.5	15.5	15 34	itération	15	itération	34	4
15.5	16.5	16 34	itération	16	itération	34	4
16.5	17.5	17 34	itération	17	itération	34	4
17.5	18.5	18 34	itération	18	itération	34	4
18.5	19.5	19 34	itération	19	itération	34	4
19.5	20.5	20 34	itération	20	itération	34	4
20.5	21.5	21 34	itération	21	itération	34	4
21.5	22.5	22 34	itération	22	itération	34	4
22.5	23.5	23 34	itération	23	itération	34	4
23.5	24.5	24 34	itération	24	itération	34	4
24.5	25.5	25 34	itération	25	itération	34	4
25.5	26.5	26 34	itération	26	itération	34	4
26.5	27.5	27 34	itération	27	itération	34	4
27.5	28.5	28 34	itération	28	itération	34	4
28.5	29.5	29 34	itération	29	itération	34	4
29.5	30.5	30 34	itération	30	itération	34	4
30.5	31.5	31 34	itération	31	itération	34	4
31.5	32.5	32 34	itération	32	itération	34	4
32.5	33.5	33 34	itération	33	itération	34	4
33.5	34.5	1	itération	34	itération	34	4
34.5	35.5	35 34	itération	35	itération	34	4
35.5	36.5	36 34	itération	36	itération	34	4
36.5	37.5	37 34	itération	37	itération	34	4
37.5	38.5	38 34	itération	38	itération	34	4
38.5	39.5	39 34	itération	39	itération	34	4
39.5	40.5	40 34	itération	40	itération	34	4
-0.5	0.5	0 35	itération	0	itération	35	4
0.5	1.5	1 35	itération	1	itération	35	4
1.5	2.5	2 35	itération	2	itération	35	4
2.5	3.5	3 35	itération	3	itération	35	4
3.5	4.5	4 35	itération	4	itération	35	4
4.5	5.5	5 35	itération	5	itération	35	4
5.5	6.5	6 35	itération	6	itération	35	4
6.5	7.5	7 35	itération	7	itération	35	4
7.5	8.5	8 35	itération	8	itération	35	4
8.5	9.5	9 35	itération	9	itération	35	4
9.5	10.5	10 35	itération	10	itération	35	4
10.5	11.5	11 35	itération	11	itération	35	4
11.5	12.5	12 35	itération	12	itération	35	4
12.5	13.5	13 35	itération	13	itération	35	4
13.5	14.5	14 35	itération	14	itération	35	4
14.5	15.5	15 35	itération	15	itération	35	4
15.5	16.5	16 35	itération	16	itération	35	4
16.5	17.5	17 35	itération	17	itération	35	4
17.5	18.5	18 35	itération	18	itération	35	4
18.5	19.5	19 35	itération	19	itération	35	4
19.5	20.5	20 35	itération	20	itération	35	4
20.5	21.5	21 35	itération	21	itération	35	4
21.5	22.5	22 35	itération	22	itération	35	4
22.5	23.5	23 35	itération	23	itération	35	4
23.5	24.5	24 35	itération	24	itération	35	4
24.5	25.5	25 35	itération	25	itération	35	4
25.5	26.5	26 35	itération	26	itération	35	4
26.5	27.5	27 35	itération	27	itération	35	4
27.5	28.5	28 35	itération	28	itération	35	4
28.5	29.5	29 35	itération	29	itération	35	4
29.5	30.5	30 35	itération	30	itération	35	4
30.5	31.5	31 35	itération	31	itération	35	4
31.5	32.5	32 35	itération	32	itération	35	4
32.5	33.5	33 35	itération	33	itération	35	4
33.5	34.5	34 35	itération	34	itération	35	4
34.5	35.5	1	itération	35	itération	35	4
35.5	36.5	36 35	itération	36	itération	35	4
36.5	37.5	37 35	itération	37	itération	35	4
37.5	38.5	38 35	itération	38	itération	35	4
38.5	39.5	39 35	itération	39	itération	35	4
39.5	40.5	40 35	itération	40	itération	35	4
-0.5	0.5	0 36	itération	0	itération	36	4
0.5	1.5	1 36	itération	1	itération	36	4
1.5	2.5	2 36	itération	2	itération	36	4
2.5	3.5	3 36	itération	3	itération	36	4
3.5	4.5	4 36	itération	4	itération	36	4
4.5	5.5	5 36	itération	5	itération	36	4
5.5	6.5	6 36	itération	6	itération	36	4
6.5	7.5	7 36	itération	7	itération	36	4
7.5	8.5	8 36	itération	8	itération	36	4
8.5	9.5	9 36	itération	9	itération	36	4
9.5	10.5	10 36	itération	10	itération	36	4
10.5	11.5	11 36	itération	11	itération	36	4
11.5	12.5	12 36	itération	12	itération	36	4
12.5	13.5	13 36	itération	13	itération	36	4
13.5	14.5	14 36	itération	14	itération	36	4
14.5	15.5	15 36	itération	15	itération	36	4
15.5	16.5	16 36	itération	16	itération	36	4
16.5	17.5	17 36	itération	17	itération	36	4
17.5	18.5	18 36	itération	18	itération	36	4
18.5	19.5	19 36	itération	19	itération	36	4
19.5	20.5	20 36	itération	20	itération	36	4
20.5	21.5	21 36	itération	21	itération	36	4
21.5	22.5	22 36	itération	22	itération	36	4
22.5	23.5	23 36	itération	23	itération	36	4
23.5	24.5	24 36	itération	24	itération	36	4
24.5	25.5	25 36	itération	25	itération	36	4
25.5	26.5	26 36	itération	26	itération	36	4
26.5	27.5	27 36	itération	27	itération	36	4
27.5	28.5	28 36	itération	28	itération	36	4
28.5	29.5	29 36	itération	29	itération	36	4
29.5	30.5	30 36	itération	30	itération	36	4
30.5	31.5	31 36	itération	31	itération	36	4
31.5	32.5	32 36	itération	32	itération	36	4
32.5	33.5	33 36	itération	33	itération	36	4
33.5	34.5	34 36	itération	34	itération	36	4
34.5	35.5	35 36	itération	35	itération	36	4
35.5	36.5	1	itération	36	itération	36	4
36.5	37.5	37 36	itération	37	itération	36	4
37.5	38.5	38 36	itération	38	itération	36	4
38.5	39.5	39 36	itération	39	itération	36	4
39.5	40.5	40 36	itération	40	itération	36	4
-0.5	0.5	0 37	itération	0	itération	37	4
0.5	1.5	1 37	itération	1	itération	37	4
1.5	2.5	2 37	itération	2	itération	37	4
2.5	3.5	3 37	itération	3	itération	37	4
3.5	4.5	4 37	itération	4	itération	37	4
4.5	5.5	5 37	itération	5	itération	37	4
5.5	6.5	6 37	itération	6	itération	37	4
6.5	7.5	7 37	itération	7	itération	37	4
7.5	8.5	8 37	itération	8	itération	37	4
8.5	9.5	9 37	itération	9	itération	37	4
9.5	10.5	10 37	itération	10	itération	37	4
10.5	11.5	11 37	itération	11	itération	37	4
11.5	12.5	12 37	itération	12	itération	37	4
12.5	13.5	13 37	itération	13	itération	37	4
13.5	14.5	14 37	itération	14	itération	37	4
14.5	15.5	15 37	itération	15	itération	37	4
15.5	16.5	16 37	itération	16	itération	37	4
16.5	17.5	17 37	itération	17	itération	37	4
17.5	18.5	18 37	itération	18	itération	37	4
18.5	19.5	19 37	itération	19	itération	37	4
19.5	20.5	20 37	itération	20	itération	37	4
20.5	21.5	21 37	itération	21	itération	37	4
21.5	22.5	22 37	itération	22	itération	37	4
22.5	23.5	23 37	itération	23	itération	37	4
23.5	24.5	24 37	itération	24	itération	37	4
24.5	25.5	25 37	itération	25	itération	37	4
25.5	26.5	26 37	itération	26	itération	37	4
26.5	27.5	27 37	itération	27	itération	37	4
27.5	28.5	28 37	itération	28	itération	37	4
28.5	29.5	29 37	itération	29	itération	37	4
29.5	30.5	30 37	itération	30	itération	37	4
30.5	31.5	31 37	itération	31	itération	37	4
31.5	32.5	32 37	itération	32	itération	37	4
32.5	33.5	33 37	itération	33	itération	37	4
33.5	34.5	34 37	itération	34	itération	37	4
34.5	35.5	35 37	itération	35	itération	37	4
35.5	36.5	36 37	itération	36	itération	37	4
36.5	37.5	1	itération	37	itération	37	4
37.5	38.5	38 37	itération	38	itération	37	4
38.5	39.5	39 37	itération	39	itération	37	4
39.5	40.5	40 37	itération	40	itération	37	4
-0.5	0.5	0 38	itération	0	itération	38	4
0.5	1.5	1 38	itération	1	itération	38	4
1.5	2.5	2 38	itération	2	itération	38	4
2.5	3.5	3 38	itération	3	itération	38	4
3.5	4.5	4 38	itération	4	itération	38	4
4.5	5.5	5 38	itération	5	itération	38	4
5.5	6.5	6 38	itération	6	itération	38	4
6.5	7.5	7 38	itération	7	itération	38	4
7.5	8.5	8 38	itération	8	itération	38	4
8.5	9.5	9 38	itération	9	itération	38	4
9.5	10.5	10 38	itération	10	itération	38	4
10.5	11.5	11 38	itération	11	itération	38	4
11.5	12.5	12 38	itération	12	itération	38	4
12.5	13.5	13 38	itération	13	itération	38	4
13.5	14.5	14 38	itération	14	itération	38	4
14.5	15.5	15 38	itération	15	itération	38	4
15.5	16.5	16 38	itération	16	itération	38	4
16.5	17.5	17 38	itération	17	itération	38	4
17.5	18.5	18 38	itération	18	itération	38	4
18.5	19.5	19 38	itération	19	itération	38	4
19.5	20.5	20 38	itération	20	itération	38	4
20.5	21.5	21 38	itération	21	itération	38	4
21.5	22.5	22 38	itération	22	itération	38	4
22.5	23.5	23 38	itération	23	itération	38	4
23.5	24.5	24 38	itération	24	itération	38	4
24.5	25.5	25 38	itération	25	itération	38	4
25.5	26.5	26 38	itération	26	itération	38	4
26.5	27.5	27 38	itération	27	itération	38	4
27.5	28.5	28 38	itération	28	itération	38	4
28.5	29.5	29 38	itération	29	itération	38	4
29.5	30.5	30 38	itération	30	itération	38	4
30.5	31.5	31 38	itération	31	itération	38	4
31.5	32.5	32 38	itération	32	itération	38	4
32.5	33.5	33 38	itération	33	itération	38	4
33.5	34.5	34 38	itération	34	itération	38	4
34.5	35.5	35 38	itération	35	itération	38	4
35.5	36.5	36 38	itération	36	itération	38	4
36.5	37.5	37 38	itération	37	itération	38	4
37.5	38.5	1	itération	38	itération	38	4
38.5	39.5	39 38	itération	39	itération	38	4
39.5	40.5	40 38	itération	40	itération	38	4
-0.5	0.5	0 39	itération	0	itération	39	4
0.5	1.5	1 39	itération	1	itération	39	4
1.5	2.5	2 39	itération	2	itération	39	4
2.5	3.5	3 39	itération	3	itération	39	4
3.5	4.5	4 39	itération	4	itération	39	4
4.5	5.5	5 39	itération	5	itération	39	4
5.5	6.5	6 39	itération	6	itération	39	4
6.5	7.5	7 39	itération	7	itération	39	4
7.5	8.5	8 39	itération	8	itération	39	4
8.5	9.5	9 39	itération	9	itération	39	4
9.5	10.5	10 39	itération	10	itération	39	4
10.5	11.5	11 39	itération	11	itération	39	4
11.5	12.5	12 39	itération	12	itération	39	4
12.5	13.5	13 39	itération	13	itération	39	4
13.5	14.5	14 39	itération	14	itération	39	4
14.5	15.5	15 39	itération	15	itération	39	4
15.5	16.5	16 39	itération	16	itération	39	4
16.5	17.5	17 39	itération	17	itération	39	4
17.5	18.5	18 39	itération	18	itération	39	4
18.5	19.5	19 39	itération	19	itération	39	4
19.5	20.5	20 39	itération	20	itération	39	4
20.5	21.5	21 39	itération	21	itération	39	4
21.5	22.5	22 39	itération	22	itération	39	4
22.5	23.5	23 39	itération	23	itération	39	4
23.5	24.5	24 39	itération	24	itération	39	4
24.5	25.5	25 39	itération	25	itération	39	4
25.5	26.5	26 39	itération	26	itération	39	4
26.5	27.5	27 39	itération	27	itération	39	4
27.5	28.5	28 39	itération	28	itération	39	4
28.5	29.5	29 39	itération	29	itération	39	4
29.5	30.5	30 39	itération	30	itération	39	4
30.5	31.5	31 39	itération	31	itération	39	4
31.5	32.5	32 39	itération	32	itération	39	4
32.5	33.5	33 39	itération	33	itération	39	4
33.5	34.5	34 39	itération	34	itération	39	4
34.5	35.5	35 39	itération	35	itération	39	4
35.5	36.5	36 39	itération	36	itération	39	4
36.5	37.5	37 39	itération	37	itération	39	4
37.5	38.5	38 39	itération	38	itération	39	4
38.5	39.5	1	itération	39	itération	39	4
39.5	40.5	40 39	itération	40	itération	39	4
-0.5	0.5	0 40	itération	0	itération	40	4
0.5	1.5	1 40	itération	1	itération	40	4
1.5	2.5	2 40	itération	2	itération	40	4
2.5	3.5	3 40	itération	3	itération	40	4
3.5	4.5	4 40	itération	4	itération	40	4
4.5	5.5	5 40	itération	5	itération	40	4
5.5	6.5	6 40	itération	6	itération	40	4
6.5	7.5	7 40	itération	7	itération	40	4
7.5	8.5	8 40	itération	8	itération	40	4
8.5	9.5	9 40	itération	9	itération	40	4
9.5	10.5	10 40	itération	10	itération	40	4
10.5	11.5	11 40	itération	11	itération	40	4
11.5	12.5	12 40	itération	12	itération	40	4
12.5	13.5	13 40	itération	13	itération	40	4
13.5	14.5	14 40	itération	14	itération	40	4
14.5	15.5	15 40	itération	15	itération	40	4
15.5	16.5	16 40	itération	16	itération	40	4
16.5	17.5	17 40	itération	17	itération	40	4
17.5	18.5	18 40	itération	18	itération	40	4
18.5	19.5	19 40	itération	19	itération	40	4
19.5	20.5	20 40	itération	20	itération	40	4
20.5	21.5	21 40	itération	21	itération	40	4
21.5	22.5	22 40	itération	22	itération	40	4
22.5	23.5	23 40	itération	23	itération	40	4
23.5	24.5	24 40	itération	24	itération	40	4
24.5	25.5	25 40	itération	25	itération	40	4
25.5	26.5	26 40	itération	26	itération	40	4
26.5	27.5	27 40	itération	27	itération	40	4
27.5	28.5	28 40	itération	28	itération	40	4
28.5	29.5	29 40	itération	29	itération	40	4
29.5	30.5	30 40	itération	30	itération	40	4
30.5	31.5	31 40	itération	31	itération	40	4
31.5	32.5	32 40	itération	32	itération	40	4
32.5	33.5	33 40	itération	33	itération	40	4
33.5	34.5	34 40	itération	34	itération	40	4
34.5	35.5	35 40	itération	35	itération	40	4
35.5	36.5	36 40	itération	36	itération	40	4
36.5	37.5	37 40	itération	37	itération	40	4
37.5	38.5	38 40	itération	38	itération	40	4
38.5	39.5	39 40	itération	39	itération	40	4
39.5	40.5	1	itération	40	itération	40	4
-0.5	0.5	1	itération	0	itération	0	5
0.5	1.5	1 0	itération	1	itération	0	5
1.5	2.5	2 0	itération	2	itération	0	5
2.5	3.5	3 0	itération	3	itération	0	5
3.5	4.5	4 0	itération	4	itération	0	5
4.5	5.5	5 0	itération	5	itération	0	5
5.5	6.5	6 0	itération	6	itération	0	5
6.5	7.5	7 0	itération	7	itération	0	5
7.5	8.5	8 0	itération	8	itération	0	5
8.5	9.5	9 0	itération	9	itération	0	5
9.5	10.5	10 0	itération	10	itération	0	5
10.5	11.5	11 0	itération	11	itération	0	5
11.5	12.5	12 0	itération	12	itération	0	5
12.5	13.5	13 0	itération	13	itération	0	5
13.5	14.5	14 0	itération	14	itération	0	5
14.5	15.5	15 0	itération	15	itération	0	5
15.5	16.5	16 0	itération	16	itération	0	5
16.5	17.5	17 0	itération	17	itération	0	5
17.5	18.5	18 0	itération	18	itération	0	5
18.5	19.5	19 0	itération	19	itération	0	5
19.5	20.5	20 0	itération	20	itération	0	5
20.5	21.5	21 0	itération	21	itération	0	5
21.5	22.5	22 0	itération	22	itération	0	5
22.5	23.5	23 0	itération	23	itération	0	5
23.5	24.5	24 0	itération	24	itération	0	5
24.5	25.5	25 0	itération	25	itération	0	5
25.5	26.5	26 0	itération	26	itération	0	5
26.5	27.5	27 0	itération	27	itération	0	5
27.5	28.5	28 0	itération	28	itération	0	5
28.5	29.5	29 0	itération	29	itération	0	5
29.5	30.5	30 0	itération	30	itération	0	5
30.5	31.5	31 0	itération	31	itération	0	5
31.5	32.5	32 0	itération	32	itération	0	5
32.5	33.5	33 0	itération	33	itération	0	5
33.5	34.5	34 0	itération	34	itération	0	5
34.5	35.5	35 0	itération	35	itération	0	5
35.5	36.5	36 0	itération	36	itération	0	5
36.5	37.5	37 0	itération	37	itération	0	5
37.5	38.5	38 0	itération	38	itération	0	5
38.5	39.5	39 0	itération	39	itération	0	5
39.5	40.5	40 0	itération	40	itération	0	5
-0.5	0.5	0 1	itération	0	itération	1	5
0.5	1.5	1	itération	1	itération	1	5
1.5	2.5	2 1	itération	2	itération	1	5
2.5	3.5	3 1	itération	3	itération	1	5
3.5	4.5	4 1	itération	4	itération	1	5
4.5	5.5	5 1	itération	5	itération	1	5
5.5	6.5	6 1	itération	6	itération	1	5
6.5	7.5	7 1	itération	7	itération	1	5
7.5	8.5	8 1	itération	8	itération	1	5
8.5	9.5	9 1	itération	9	itération	1	5
9.5	10.5	10 1	itération	10	itération	1	5
10.5	11.5	11 1	itération	11	itération	1	5
11.5	12.5	12 1	itération	12	itération	1	5
12.5	13.5	13 1	itération	13	itération	1	5
13.5	14.5	14 1	itération	14	itération	1	5
14.5	15.5	15 1	itération	15	itération	1	5
15.5	16.5	16 1	itération	16	itération	1	5
16.5	17.5	17 1	itération	17	itération	1	5
17.5	18.5	18 1	itération	18	itération	1	5
18.5	19.5	19 1	itération	19	itération	1	5
19.5	20.5	20 1	itération	20	itération	1	5
20.5	21.5	21 1	itération	21	itération	1	5
21.5	22.5	22 1	itération	22	itération	1	5
22.5	23.5	23 1	itération	23	itération	1	5
23.5	24.5	24 1	itération	24	itération	1	5
24.5	25.5	25 1	itération	25	itération	1	5
25.5	26.5	26 1	itération	26	itération	1	5
26.5	27.5	27 1	itération	27	itération	1	5
27.5	28.5	28 1	itération	28	itération	1	5
28.5	29.5	29 1	itération	29	itération	1	5
29.5	30.5	30 1	itération	30	itération	1	5
30.5	31.5	31 1	itération	31	itération	1	5
31.5	32.5	32 1	itération	32	itération	1	5
32.5	33.5	33 1	itération	33	itération	1	5
33.5	34.5	34 1	itération	34	itération	1	5
34.5	35.5	35 1	itération	35	itération	1	5
35.5	36.5	36 1	itération	36	itération	1	5
36.5	37.5	37 1	itération	37	itération	1	5
37.5	38.5	38 1	itération	38	itération	1	5
38.5	39.5	39 1	itération	39	itération	1	5
39.5	40.5	40 1	itération	40	itération	1	5
-0.5	0.5	0 2	itération	0	itération	2	5
0.5	1.5	1 2	itération	1	itération	2	5
1.5	2.5	1	itération	2	itération	2	5
2.5	3.5	3 2	itération	3	itération	2	5
3.5	4.5	4 2	itération	4	itération	2	5
4.5	5.5	5 2	itération	5	itération	2	5
5.5	6.5	6 2	itération	6	itération	2	5
6.5	7.5	7 2	itération	7	itération	2	5
7.5	8.5	8 2	itération	8	itération	2	5
8.5	9.5	9 2	itération	9	itération	2	5
9.5	10.5	10 2	itération	10	itération	2	5
10.5	11.5	11 2	itération	11	itération	2	5
11.5	12.5	12 2	itération	12	itération	2	5
12.5	13.5	13 2	itération	13	itération	2	5
13.5	14.5	14 2	itération	14	itération	2	5
14.5	15.5	15 2	itération	15	itération	2	5
15.5	16.5	16 2	itération	16	itération	2	5
16.5	17.5	17 2	itération	17	itération	2	5
17.5	18.5	18 2	itération	18	itération	2	5
18.5	19.5	19 2	itération	19	itération	2	5
19.5	20.5	20 2	itération	20	itération	2	5
20.5	21.5	21 2	itération	21	itération	2	5
21.5	22.5	22 2	itération	22	itération	2	5
22.5	23.5	23 2	itération	23	itération	2	5
23.5	24.5	24 2	itération	24	itération	2	5
24.5	25.5	25 2	itération	25	itération	2	5
25.5	26.5	26 2	itération	26	itération	2	5
26.5	27.5	27 2	itération	27	itération	2	5
27.5	28.5	28 2	itération	28	itération	2	5
28.5	29.5	29 2	itération	29	itération	2	5
29.5	30.5	30 2	itération	30	itération	2	5
30.5	31.5	31 2	itération	31	itération	2	5
31.5	32.5	32 2	itération	32	itération	2	5
32.5	33.5	33 2	itération	33	itération	2	5
33.5	34.5	34 2	itération	34	itération	2	5
34.5	35.5	35 2	itération	35	itération	2	5
35.5	36.5	36 2	itération	36	itération	2	5
36.5	37.5	37 2	itération	37	itération	2	5
37.5	38.5	38 2	itération	38	itération	2	5
38.5	39.5	39 2	itération	39	itération	2	5
39.5	40.5	40 2	itération	40	itération	2	5
-0.5	0.5	0 3	itération	0	itération	3	5
0.5	1.5	1 3	itération	1	itération	3	5
1.5	2.5	2 3	itération	2	itération	3	5
2.5	3.5	1	itération	3	itération	3	5
3.5	4.5	4 3	itération	4	itération	3	5
4.5	5.5	5 3	itération	5	itération	3	5
5.5	6.5	6 3	itération	6	itération	3	5
6.5	7.5	7 3	itération	7	itération	3	5
7.5	8.5	8 3	itération	8	itération	3	5
8.5	9.5	9 3	itération	9	itération	3	5
9.5	10.5	10 3	itération	10	itération	3	5
10.5	11.5	11 3	itération	11	itération	3	5
11.5	12.5	12 3	itération	12	itération	3	5
12.5	13.5	13 3	itération	13	itération	3	5
13.5	14.5	14 3	itération	14	itération	3	5
14.5	15.5	15 3	itération	15	itération	3	5
15.5	16.5	16 3	itération	16	itération	3	5
16.5	17.5	17 3	itération	17	itération	3	5
17.5	18.5	18 3	itération	18	itération	3	5
18.5	19.5	19 3	itération	19	itération	3	5
19.5	20.5	20 3	itération	20	itération	3	5
20.5	21.5	21 3	itération	21	itération	3	5
21.5	22.5	22 3	itération	22	itération	3	5
22.5	23.5	23 3	itération	23	itération	3	5
23.5	24.5	24 3	itération	24	itération	3	5
24.5	25.5	25 3	itération	25	itération	3	5
25.5	26.5	26 3	itération	26	itération	3	5
26.5	27.5	27 3	itération	27	itération	3	5
27.5	28.5	28 3	itération	28	itération	3	5
28.5	29.5	29 3	itération	29	itération	3	5
29.5	30.5	30 3	itération	30	itération	3	5
30.5	31.5	31 3	itération	31	itération	3	5
31.5	32.5	32 3	itération	32	itération	3	5
32.5	33.5	33 3	itération	33	itération	3	5
33.5	34.5	34 3	itération	34	itération	3	5
34.5	35.5	35 3	itération	35	itération	3	5
35.5	36.5	36 3	itération	36	itération	3	5
36.5	37.5	37 3	itération	37	itération	3	5
37.5	38.5	38 3	itération	38	itération	3	5
38.5	39.5	39 3	itération	39	itération	3	5
39.5	40.5	40 3	itération	40	itération	3	5
-0.5	0.5	0 4	itération	0	itération	4	5
0.5	1.5	1 4	itération	1	itération	4	5
1.5	2.5	2 4	itération	2	itération	4	5
2.5	3.5	3 4	itération	3	itération	4	5
3.5	4.5	1	itération	4	itération	4	5
4.5	5.5	5 4	itération	5	itération	4	5
5.5	6.5	6 4	itération	6	itération	4	5
6.5	7.5	7 4	itération	7	itération	4	5
7.5	8.5	8 4	itération	8	itération	4	5
8.5	9.5	9 4	itération	9	itération	4	5
9.5	10.5	10 4	itération	10	itération	4	5
10.5	11.5	11 4	itération	11	itération	4	5
11.5	12.5	12 4	itération	12	itération	4	5
12.5	13.5	13 4	itération	13	itération	4	5
13.5	14.5	14 4	itération	14	itération	4	5
14.5	15.5	15 4	itération	15	itération	4	5
15.5	16.5	16 4	itération	16	itération	4	5
16.5	17.5	17 4	itération	17	itération	4	5
17.5	18.5	18 4	itération	18	itération	4	5
18.5	19.5	19 4	itération	19	itération	4	5
19.5	20.5	20 4	itération	20	itération	4	5
20.5	21.5	21 4	itération	21	itération	4	5
21.5	22.5	22 4	itération	22	itération	4	5
22.5	23.5	23 4	itération	23	itération	4	5
23.5	24.5	24 4	itération	24	itération	4	5
24.5	25.5	25 4	itération	25	itération	4	5
25.5	26.5	26 4	itération	26	itération	4	5
26.5	27.5	27 4	itération	27	itération	4	5
27.5	28.5	28 4	itération	28	itération	4	5
28.5	29.5	29 4	itération	29	itération	4	5
29.5	30.5	30 4	itération	30	itération	4	5
30.5	31.5	31 4	itération	31	itération	4	5
31.5	32.5	32 4	itération	32	itération	4	5
32.5	33.5	33 4	itération	33	itération	4	5
33.5	34.5	34 4	itération	34	itération	4	5
34.5	35.5	35 4	itération	35	itération	4	5
35.5	36.5	36 4	itération	36	itération	4	5
36.5	37.5	37 4	itération	37	itération	4	5
37.5	38.5	38 4	itération	38	itération	4	5
38.5	39.5	39 4	itération	39	itération	4	5
39.5	40.5	40 4	itération	40	itération	4	5
-0.5	0.5	0 5	itération	0	itération	5	5
0.5	1.5	1 5	itération	1	itération	5	5
1.5	2.5	2 5	itération	2	itération	5	5
2.5	3.5	3 5	itération	3	itération	5	5
3.5	4.5	4 5	itération	4	itération	5	5
4.5	5.5	1	itération	5	itération	5	5
5.5	6.5	6 5	itération	6	itération	5	5
6.5	7.5	7 5	itération	7	itération	5	5
7.5	8.5	8 5	itération	8	itération	5	5
8.5	9.5	9 5	itération	9	itération	5	5
9.5	10.5	10 5	itération	10	itération	5	5
10.5	11.5	11 5	itération	11	itération	5	5
11.5	12.5	12 5	itération	12	itération	5	5
12.5	13.5	13 5	itération	13	itération	5	5
13.5	14.5	14 5	itération	14	itération	5	5
14.5	15.5	15 5	itération	15	itération	5	5
15.5	16.5	16 5	itération	16	itération	5	5
16.5	17.5	17 5	itération	17	itération	5	5
17.5	18.5	18 5	itération	18	itération	5	5
18.5	19.5	19 5	itération	19	itération	5	5
19.5	20.5	20 5	itération	20	itération	5	5
20.5	21.5	21 5	itération	21	itération	5	5
21.5	22.5	22 5	itération	22	itération	5	5
22.5	23.5	23 5	itération	23	itération	5	5
23.5	24.5	24 5	itération	24	itération	5	5
24.5	25.5	25 5	itération	25	itération	5	5
25.5	26.5	26 5	itération	26	itération	5	5
26.5	27.5	27 5	itération	27	itération	5	5
27.5	28.5	28 5	itération	28	itération	5	5
28.5	29.5	29 5	itération	29	itération	5	5
29.5	30.5	30 5	itération	30	itération	5	5
30.5	31.5	31 5	itération	31	itération	5	5
31.5	32.5	32 5	itération	32	itération	5	5
32.5	33.5	33 5	itération	33	itération	5	5
33.5	34.5	34 5	itération	34	itération	5	5
34.5	35.5	35 5	itération	35	itération	5	5
35.5	36.5	36 5	itération	36	itération	5	5
36.5	37.5	37 5	itération	37	itération	5	5
37.5	38.5	38 5	itération	38	itération	5	5
38.5	39.5	39 5	itération	39	itération	5	5
39.5	40.5	40 5	itération	40	itération	5	5
-0.5	0.5	0 6	itération	0	itération	6	5
0.5	1.5	1 6	itération	1	itération	6	5
1.5	2.5	2 6	itération	2	itération	6	5
2.5	3.5	3 6	itération	3	itération	6	5
3.5	4.5	4 6	itération	4	itération	6	5
4.5	5.5	5 6	itération	5	itération	6	5
5.5	6.5	1	itération	6	itération	6	5
6.5	7.5	7 6	itération	7	itération	6	5
7.5	8.5	8 6	itération	8	itération	6	5
8.5	9.5	9 6	itération	9	itération	6	5
9.5	10.5	10 6	itération	10	itération	6	5
10.5	11.5	11 6	itération	11	itération	6	5
11.5	12.5	12 6	itération	12	itération	6	5
12.5	13.5	13 6	itération	13	itération	6	5
13.5	14.5	14 6	itération	14	itération	6	5
14.5	15.5	15 6	itération	15	itération	6	5
15.5	16.5	16 6	itération	16	itération	6	5
16.5	17.5	17 6	itération	17	itération	6	5
17.5	18.5	18 6	itération	18	itération	6	5
18.5	19.5	19 6	itération	19	itération	6	5
19.5	20.5	20 6	itération	20	itération	6	5
20.5	21.5	21 6	itération	21	itération	6	5
21.5	22.5	22 6	itération	22	itération	6	5
22.5	23.5	23 6	itération	23	itération	6	5
23.5	24.5	24 6	itération	24	itération	6	5
24.5	25.5	25 6	itération	25	itération	6	5
25.5	26.5	26 6	itération	26	itération	6	5
26.5	27.5	27 6	itération	27	itération	6	5
27.5	28.5	28 6	itération	28	itération	6	5
28.5	29.5	29 6	itération	29	itération	6	5
29.5	30.5	30 6	itération	30	itération	6	5
30.5	31.5	31 6	itération	31	itération	6	5
31.5	32.5	32 6	itération	32	itération	6	5
32.5	33.5	33 6	itération	33	itération	6	5
33.5	34.5	34 6	itération	34	itération	6	5
34.5	35.5	35 6	itération	35	itération	6	5
35.5	36.5	36 6	itération	36	itération	6	5
36.5	37.5	37 6	itération	37	itération	6	5
37.5	38.5	38 6	itération	38	itération	6	5
38.5	39.5	39 6	itération	39	itération	6	5
39.5	40.5	40 6	itération	40	itération	6	5
-0.5	0.5	0 7	itération	0	itération	7	5
0.5	1.5	1 7	itération	1	itération	7	5
1.5	2.5	2 7	itération	2	itération	7	5
2.5	3.5	3 7	itération	3	itération	7	5
3.5	4.5	4 7	itération	4	itération	7	5
4.5	5.5	5 7	itération	5	itération	7	5
5.5	6.5	6 7	itération	6	itération	7	5
6.5	7.5	1	itération	7	itération	7	5
7.5	8.5	8 7	itération	8	itération	7	5
8.5	9.5	9 7	itération	9	itération	7	5
9.5	10.5	10 7	itération	10	itération	7	5
10.5	11.5	11 7	itération	11	itération	7	5
11.5	12.5	12 7	itération	12	itération	7	5
12.5	13.5	13 7	itération	13	itération	7	5
13.5	14.5	14 7	itération	14	itération	7	5
14.5	15.5	15 7	itération	15	itération	7	5
15.5	16.5	16 7	itération	16	itération	7	5
16.5	17.5	17 7	itération	17	itération	7	5
17.5	18.5	18 7	itération	18	itération	7	5
18.5	19.5	19 7	itération	19	itération	7	5
19.5	20.5	20 7	itération	20	itération	7	5
20.5	21.5	21 7	itération	21	itération	7	5
21.5	22.5	22 7	itération	22	itération	7	5
22.5	23.5	23 7	itération	23	itération	7	5
23.5	24.5	24 7	itération	24	itération	7	5
24.5	25.5	25 7	itération	25	itération	7	5
25.5	26.5	26 7	itération	26	itération	7	5
26.5	27.5	27 7	itération	27	itération	7	5
27.5	28.5	28 7	itération	28	itération	7	5
28.5	29.5	29 7	itération	29	itération	7	5
29.5	30.5	30 7	itération	30	itération	7	5
30.5	31.5	31 7	itération	31	itération	7	5
31.5	32.5	32 7	itération	32	itération	7	5
32.5	33.5	33 7	itération	33	itération	7	5
33.5	34.5	34 7	itération	34	itération	7	5
34.5	35.5	35 7	itération	35	itération	7	5
35.5	36.5	36 7	itération	36	itération	7	5
36.5	37.5	37 7	itération	37	itération	7	5
37.5	38.5	38 7	itération	38	itération	7	5
38.5	39.5	39 7	itération	39	itération	7	5
39.5	40.5	40 7	itération	40	itération	7	5
-0.5	0.5	0 8	itération	0	itération	8	5
0.5	1.5	1 8	itération	1	itération	8	5
1.5	2.5	2 8	itération	2	itération	8	5
2.5	3.5	3 8	itération	3	itération	8	5
3.5	4.5	4 8	itération	4	itération	8	5
4.5	5.5	5 8	itération	5	itération	8	5
5.5	6.5	6 8	itération	6	itération	8	5
6.5	7.5	7 8	itération	7	itération	8	5
7.5	8.5	1	itération	8	itération	8	5
8.5	9.5	9 8	itération	9	itération	8	5
9.5	10.5	10 8	itération	10	itération	8	5
10.5	11.5	11 8	itération	11	itération	8	5
11.5	12.5	12 8	itération	12	itération	8	5
12.5	13.5	13 8	itération	13	itération	8	5
13.5	14.5	14 8	itération	14	itération	8	5
14.5	15.5	15 8	itération	15	itération	8	5
15.5	16.5	16 8	itération	16	itération	8	5
16.5	17.5	17 8	itération	17	itération	8	5
17.5	18.5	18 8	itération	18	itération	8	5
18.5	19.5	19 8	itération	19	itération	8	5
19.5	20.5	20 8	itération	20	itération	8	5
20.5	21.5	21 8	itération	21	itération	8	5
21.5	22.5	22 8	itération	22	itération	8	5
22.5	23.5	23 8	itération	23	itération	8	5
23.5	24.5	24 8	itération	24	itération	8	5
24.5	25.5	25 8	itération	25	itération	8	5
25.5	26.5	26 8	itération	26	itération	8	5
26.5	27.5	27 8	itération	27	itération	8	5
27.5	28.5	28 8	itération	28	itération	8	5
28.5	29.5	29 8	itération	29	itération	8	5
29.5	30.5	30 8	itération	30	itération	8	5
30.5	31.5	31 8	itération	31	itération	8	5
31.5	32.5	32 8	itération	32	itération	8	5
32.5	33.5	33 8	itération	33	itération	8	5
33.5	34.5	34 8	itération	34	itération	8	5
34.5	35.5	35 8	itération	35	itération	8	5
35.5	36.5	36 8	itération	36	itération	8	5
36.5	37.5	37 8	itération	37	itération	8	5
37.5	38.5	38 8	itération	38	itération	8	5
38.5	39.5	39 8	itération	39	itération	8	5
39.5	40.5	40 8	itération	40	itération	8	5
-0.5	0.5	0 9	itération	0	itération	9	5
0.5	1.5	1 9	itération	1	itération	9	5
1.5	2.5	2 9	itération	2	itération	9	5
2.5	3.5	3 9	itération	3	itération	9	5
3.5	4.5	4 9	itération	4	itération	9	5
4.5	5.5	5 9	itération	5	itération	9	5
5.5	6.5	6 9	itération	6	itération	9	5
6.5	7.5	7 9	itération	7	itération	9	5
7.5	8.5	8 9	itération	8	itération	9	5
8.5	9.5	1	itération	9	itération	9	5
9.5	10.5	10 9	itération	10	itération	9	5
10.5	11.5	11 9	itération	11	itération	9	5
11.5	12.5	12 9	itération	12	itération	9	5
12.5	13.5	13 9	itération	13	itération	9	5
13.5	14.5	14 9	itération	14	itération	9	5
14.5	15.5	15 9	itération	15	itération	9	5
15.5	16.5	16 9	itération	16	itération	9	5
16.5	17.5	17 9	itération	17	itération	9	5
17.5	18.5	18 9	itération	18	itération	9	5
18.5	19.5	19 9	itération	19	itération	9	5
19.5	20.5	20 9	itération	20	itération	9	5
20.5	21.5	21 9	itération	21	itération	9	5
21.5	22.5	22 9	itération	22	itération	9	5
22.5	23.5	23 9	itération	23	itération	9	5
23.5	24.5	24 9	itération	24	itération	9	5
24.5	25.5	25 9	itération	25	itération	9	5
25.5	26.5	26 9	itération	26	itération	9	5
26.5	27.5	27 9	itération	27	itération	9	5
27.5	28.5	28 9	itération	28	itération	9	5
28.5	29.5	29 9	itération	29	itération	9	5
29.5	30.5	30 9	itération	30	itération	9	5
30.5	31.5	31 9	itération	31	itération	9	5
31.5	32.5	32 9	itération	32	itération	9	5
32.5	33.5	33 9	itération	33	itération	9	5
33.5	34.5	34 9	itération	34	itération	9	5
34.5	35.5	35 9	itération	35	itération	9	5
35.5	36.5	36 9	itération	36	itération	9	5
36.5	37.5	37 9	itération	37	itération	9	5
37.5	38.5	38 9	itération	38	itération	9	5
38.5	39.5	39 9	itération	39	itération	9	5
39.5	40.5	40 9	itération	40	itération	9	5
-0.5	0.5	0 10	itération	0	itération	10	5
0.5	1.5	1 10	itération	1	itération	10	5
1.5	2.5	2 10	itération	2	itération	10	5
2.5	3.5	3 10	itération	3	itération	10	5
3.5	4.5	4 10	itération	4	itération	10	5
4.5	5.5	5 10	itération	5	itération	10	5
5.5	6.5	6 10	itération	6	itération	10	5
6.5	7.5	7 10	itération	7	itération	10	5
7.5	8.5	8 10	itération	8	itération	10	5
8.5	9.5	9 10	itération	9	itération	10	5
9.5	10.5	1	itération	10	itération	10	5
10.5	11.5	11 10	itération	11	itération	10	5
11.5	12.5	12 10	itération	12	itération	10	5
12.5	13.5	13 10	itération	13	itération	10	5
13.5	14.5	14 10	itération	14	itération	10	5
14.5	15.5	15 10	itération	15	itération	10	5
15.5	16.5	16 10	itération	16	itération	10	5
16.5	17.5	17 10	itération	17	itération	10	5
17.5	18.5	18 10	itération	18	itération	10	5
18.5	19.5	19 10	itération	19	itération	10	5
19.5	20.5	20 10	itération	20	itération	10	5
20.5	21.5	21 10	itération	21	itération	10	5
21.5	22.5	22 10	itération	22	itération	10	5
22.5	23.5	23 10	itération	23	itération	10	5
23.5	24.5	24 10	itération	24	itération	10	5
24.5	25.5	25 10	itération	25	itération	10	5
25.5	26.5	26 10	itération	26	itération	10	5
26.5	27.5	27 10	itération	27	itération	10	5
27.5	28.5	28 10	itération	28	itération	10	5
28.5	29.5	29 10	itération	29	itération	10	5
29.5	30.5	30 10	itération	30	itération	10	5
30.5	31.5	31 10	itération	31	itération	10	5
31.5	32.5	32 10	itération	32	itération	10	5
32.5	33.5	33 10	itération	33	itération	10	5
33.5	34.5	34 10	itération	34	itération	10	5
34.5	35.5	35 10	itération	35	itération	10	5
35.5	36.5	36 10	itération	36	itération	10	5
36.5	37.5	37 10	itération	37	itération	10	5
37.5	38.5	38 10	itération	38	itération	10	5
38.5	39.5	39 10	itération	39	itération	10	5
39.5	40.5	40 10	itération	40	itération	10	5
-0.5	0.5	0 11	itération	0	itération	11	5
0.5	1.5	1 11	itération	1	itération	11	5
1.5	2.5	2 11	itération	2	itération	11	5
2.5	3.5	3 11	itération	3	itération	11	5
3.5	4.5	4 11	itération	4	itération	11	5
4.5	5.5	5 11	itération	5	itération	11	5
5.5	6.5	6 11	itération	6	itération	11	5
6.5	7.5	7 11	itération	7	itération	11	5
7.5	8.5	8 11	itération	8	itération	11	5
8.5	9.5	9 11	itération	9	itération	11	5
9.5	10.5	10 11	itération	10	itération	11	5
10.5	11.5	1	itération	11	itération	11	5
11.5	12.5	12 11	itération	12	itération	11	5
12.5	13.5	13 11	itération	13	itération	11	5
13.5	14.5	14 11	itération	14	itération	11	5
14.5	15.5	15 11	itération	15	itération	11	5
15.5	16.5	16 11	itération	16	itération	11	5
16.5	17.5	17 11	itération	17	itération	11	5
17.5	18.5	18 11	itération	18	itération	11	5
18.5	19.5	19 11	itération	19	itération	11	5
19.5	20.5	20 11	itération	20	itération	11	5
20.5	21.5	21 11	itération	21	itération	11	5
21.5	22.5	22 11	itération	22	itération	11	5
22.5	23.5	23 11	itération	23	itération	11	5
23.5	24.5	24 11	itération	24	itération	11	5
24.5	25.5	25 11	itération	25	itération	11	5
25.5	26.5	26 11	itération	26	itération	11	5
26.5	27.5	27 11	itération	27	itération	11	5
27.5	28.5	28 11	itération	28	itération	11	5
28.5	29.5	29 11	itération	29	itération	11	5
29.5	30.5	30 11	itération	30	itération	11	5
30.5	31.5	31 11	itération	31	itération	11	5
31.5	32.5	32 11	itération	32	itération	11	5
32.5	33.5	33 11	itération	33	itération	11	5
33.5	34.5	34 11	itération	34	itération	11	5
34.5	35.5	35 11	itération	35	itération	11	5
35.5	36.5	36 11	itération	36	itération	11	5
36.5	37.5	37 11	itération	37	itération	11	5
37.5	38.5	38 11	itération	38	itération	11	5
38.5	39.5	39 11	itération	39	itération	11	5
39.5	40.5	40 11	itération	40	itération	11	5
-0.5	0.5	0 12	itération	0	itération	12	5
0.5	1.5	1 12	itération	1	itération	12	5
1.5	2.5	2 12	itération	2	itération	12	5
2.5	3.5	3 12	itération	3	itération	12	5
3.5	4.5	4 12	itération	4	itération	12	5
4.5	5.5	5 12	itération	5	itération	12	5
5.5	6.5	6 12	itération	6	itération	12	5
6.5	7.5	7 12	itération	7	itération	12	5
7.5	8.5	8 12	itération	8	itération	12	5
8.5	9.5	9 12	itération	9	itération	12	5
9.5	10.5	10 12	itération	10	itération	12	5
10.5	11.5	11 12	itération	11	itération	12	5
11.5	12.5	1	itération	12	itération	12	5
12.5	13.5	13 12	itération	13	itération	12	5
13.5	14.5	14 12	itération	14	itération	12	5
14.5	15.5	15 12	itération	15	itération	12	5
15.5	16.5	16 12	itération	16	itération	12	5
16.5	17.5	17 12	itération	17	itération	12	5
17.5	18.5	18 12	itération	18	itération	12	5
18.5	19.5	19 12	itération	19	itération	12	5
19.5	20.5	20 12	itération	20	itération	12	5
20.5	21.5	21 12	itération	21	itération	12	5
21.5	22.5	22 12	itération	22	itération	12	5
22.5	23.5	23 12	itération	23	itération	12	5
23.5	24.5	24 12	itération	24	itération	12	5
24.5	25.5	25 12	itération	25	itération	12	5
25.5	26.5	26 12	itération	26	itération	12	5
26.5	27.5	27 12	itération	27	itération	12	5
27.5	28.5	28 12	itération	28	itération	12	5
28.5	29.5	29 12	itération	29	itération	12	5
29.5	30.5	30 12	itération	30	itération	12	5
30.5	31.5	31 12	itération	31	itération	12	5
31.5	32.5	32 12	itération	32	itération	12	5
32.5	33.5	33 12	itération	33	itération	12	5
33.5	34.5	34 12	itération	34	itération	12	5
34.5	35.5	35 12	itération	35	itération	12	5
35.5	36.5	36 12	itération	36	itération	12	5
36.5	37.5	37 12	itération	37	itération	12	5
37.5	38.5	38 12	itération	38	itération	12	5
38.5	39.5	39 12	itération	39	itération	12	5
39.5	40.5	40 12	itération	40	itération	12	5
-0.5	0.5	0 13	itération	0	itération	13	5
0.5	1.5	1 13	itération	1	itération	13	5
1.5	2.5	2 13	itération	2	itération	13	5
2.5	3.5	3 13	itération	3	itération	13	5
3.5	4.5	4 13	itération	4	itération	13	5
4.5	5.5	5 13	itération	5	itération	13	5
5.5	6.5	6 13	itération	6	itération	13	5
6.5	7.5	7 13	itération	7	itération	13	5
7.5	8.5	8 13	itération	8	itération	13	5
8.5	9.5	9 13	itération	9	itération	13	5
9.5	10.5	10 13	itération	10	itération	13	5
10.5	11.5	11 13	itération	11	itération	13	5
11.5	12.5	12 13	itération	12	itération	13	5
12.5	13.5	1	itération	13	itération	13	5
13.5	14.5	14 13	itération	14	itération	13	5
14.5	15.5	15 13	itération	15	itération	13	5
15.5	16.5	16 13	itération	16	itération	13	5
16.5	17.5	17 13	itération	17	itération	13	5
17.5	18.5	18 13	itération	18	itération	13	5
18.5	19.5	19 13	itération	19	itération	13	5
19.5	20.5	20 13	itération	20	itération	13	5
20.5	21.5	21 13	itération	21	itération	13	5
21.5	22.5	22 13	itération	22	itération	13	5
22.5	23.5	23 13	itération	23	itération	13	5
23.5	24.5	24 13	itération	24	itération	13	5
24.5	25.5	25 13	itération	25	itération	13	5
25.5	26.5	26 13	itération	26	itération	13	5
26.5	27.5	27 13	itération	27	itération	13	5
27.5	28.5	28 13	itération	28	itération	13	5
28.5	29.5	29 13	itération	29	itération	13	5
29.5	30.5	30 13	itération	30	itération	13	5
30.5	31.5	31 13	itération	31	itération	13	5
31.5	32.5	32 13	itération	32	itération	13	5
32.5	33.5	33 13	itération	33	itération	13	5
33.5	34.5	34 13	itération	34	itération	13	5
34.5	35.5	35 13	itération	35	itération	13	5
35.5	36.5	36 13	itération	36	itération	13	5
36.5	37.5	37 13	itération	37	itération	13	5
37.5	38.5	38 13	itération	38	itération	13	5
38.5	39.5	39 13	itération	39	itération	13	5
39.5	40.5	40 13	itération	40	itération	13	5
-0.5	0.5	0 14	itération	0	itération	14	5
0.5	1.5	1 14	itération	1	itération	14	5
1.5	2.5	2 14	itération	2	itération	14	5
2.5	3.5	3 14	itération	3	itération	14	5
3.5	4.5	4 14	itération	4	itération	14	5
4.5	5.5	5 14	itération	5	itération	14	5
5.5	6.5	6 14	itération	6	itération	14	5
6.5	7.5	7 14	itération	7	itération	14	5
7.5	8.5	8 14	itération	8	itération	14	5
8.5	9.5	9 14	itération	9	itération	14	5
9.5	10.5	10 14	itération	10	itération	14	5
10.5	11.5	11 14	itération	11	itération	14	5
11.5	12.5	12 14	itération	12	itération	14	5
12.5	13.5	13 14	itération	13	itération	14	5
13.5	14.5	1	itération	14	itération	14	5
14.5	15.5	15 14	itération	15	itération	14	5
15.5	16.5	16 14	itération	16	itération	14	5
16.5	17.5	17 14	itération	17	itération	14	5
17.5	18.5	18 14	itération	18	itération	14	5
18.5	19.5	19 14	itération	19	itération	14	5
19.5	20.5	20 14	itération	20	itération	14	5
20.5	21.5	21 14	itération	21	itération	14	5
21.5	22.5	22 14	itération	22	itération	14	5
22.5	23.5	23 14	itération	23	itération	14	5
23.5	24.5	24 14	itération	24	itération	14	5
24.5	25.5	25 14	itération	25	itération	14	5
25.5	26.5	26 14	itération	26	itération	14	5
26.5	27.5	27 14	itération	27	itération	14	5
27.5	28.5	28 14	itération	28	itération	14	5
28.5	29.5	29 14	itération	29	itération	14	5
29.5	30.5	30 14	itération	30	itération	14	5
30.5	31.5	31 14	itération	31	itération	14	5
31.5	32.5	32 14	itération	32	itération	14	5
32.5	33.5	33 14	itération	33	itération	14	5
33.5	34.5	34 14	itération	34	itération	14	5
34.5	35.5	35 14	itération	35	itération	14	5
35.5	36.5	36 14	itération	36	itération	14	5
36.5	37.5	37 14	itération	37	itération	14	5
37.5	38.5	38 14	itération	38	itération	14	5
38.5	39.5	39 14	itération	39	itération	14	5
39.5	40.5	40 14	itération	40	itération	14	5
-0.5	0.5	0 15	itération	0	itération	15	5
0.5	1.5	1 15	itération	1	itération	15	5
1.5	2.5	2 15	itération	2	itération	15	5
2.5	3.5	3 15	itération	3	itération	15	5
3.5	4.5	4 15	itération	4	itération	15	5
4.5	5.5	5 15	itération	5	itération	15	5
5.5	6.5	6 15	itération	6	itération	15	5
6.5	7.5	7 15	itération	7	itération	15	5
7.5	8.5	8 15	itération	8	itération	15	5
8.5	9.5	9 15	itération	9	itération	15	5
9.5	10.5	10 15	itération	10	itération	15	5
10.5	11.5	11 15	itération	11	itération	15	5
11.5	12.5	12 15	itération	12	itération	15	5
12.5	13.5	13 15	itération	13	itération	15	5
13.5	14.5	14 15	itération	14	itération	15	5
14.5	15.5	1	itération	15	itération	15	5
15.5	16.5	16 15	itération	16	itération	15	5
16.5	17.5	17 15	itération	17	itération	15	5
17.5	18.5	18 15	itération	18	itération	15	5
18.5	19.5	19 15	itération	19	itération	15	5
19.5	20.5	20 15	itération	20	itération	15	5
20.5	21.5	21 15	itération	21	itération	15	5
21.5	22.5	22 15	itération	22	itération	15	5
22.5	23.5	23 15	itération	23	itération	15	5
23.5	24.5	24 15	itération	24	itération	15	5
24.5	25.5	25 15	itération	25	itération	15	5
25.5	26.5	26 15	itération	26	itération	15	5
26.5	27.5	27 15	itération	27	itération	15	5
27.5	28.5	28 15	itération	28	itération	15	5
28.5	29.5	29 15	itération	29	itération	15	5
29.5	30.5	30 15	itération	30	itération	15	5
30.5	31.5	31 15	itération	31	itération	15	5
31.5	32.5	32 15	itération	32	itération	15	5
32.5	33.5	33 15	itération	33	itération	15	5
33.5	34.5	34 15	itération	34	itération	15	5
34.5	35.5	35 15	itération	35	itération	15	5
35.5	36.5	36 15	itération	36	itération	15	5
36.5	37.5	37 15	itération	37	itération	15	5
37.5	38.5	38 15	itération	38	itération	15	5
38.5	39.5	39 15	itération	39	itération	15	5
39.5	40.5	40 15	itération	40	itération	15	5
-0.5	0.5	0 16	itération	0	itération	16	5
0.5	1.5	1 16	itération	1	itération	16	5
1.5	2.5	2 16	itération	2	itération	16	5
2.5	3.5	3 16	itération	3	itération	16	5
3.5	4.5	4 16	itération	4	itération	16	5
4.5	5.5	5 16	itération	5	itération	16	5
5.5	6.5	6 16	itération	6	itération	16	5
6.5	7.5	7 16	itération	7	itération	16	5
7.5	8.5	8 16	itération	8	itération	16	5
8.5	9.5	9 16	itération	9	itération	16	5
9.5	10.5	10 16	itération	10	itération	16	5
10.5	11.5	11 16	itération	11	itération	16	5
11.5	12.5	12 16	itération	12	itération	16	5
12.5	13.5	13 16	itération	13	itération	16	5
13.5	14.5	14 16	itération	14	itération	16	5
14.5	15.5	15 16	itération	15	itération	16	5
15.5	16.5	1	itération	16	itération	16	5
16.5	17.5	17 16	itération	17	itération	16	5
17.5	18.5	18 16	itération	18	itération	16	5
18.5	19.5	19 16	itération	19	itération	16	5
19.5	20.5	20 16	itération	20	itération	16	5
20.5	21.5	21 16	itération	21	itération	16	5
21.5	22.5	22 16	itération	22	itération	16	5
22.5	23.5	23 16	itération	23	itération	16	5
23.5	24.5	24 16	itération	24	itération	16	5
24.5	25.5	25 16	itération	25	itération	16	5
25.5	26.5	26 16	itération	26	itération	16	5
26.5	27.5	27 16	itération	27	itération	16	5
27.5	28.5	28 16	itération	28	itération	16	5
28.5	29.5	29 16	itération	29	itération	16	5
29.5	30.5	30 16	itération	30	itération	16	5
30.5	31.5	31 16	itération	31	itération	16	5
31.5	32.5	32 16	itération	32	itération	16	5
32.5	33.5	33 16	itération	33	itération	16	5
33.5	34.5	34 16	itération	34	itération	16	5
34.5	35.5	35 16	itération	35	itération	16	5
35.5	36.5	36 16	itération	36	itération	16	5
36.5	37.5	37 16	itération	37	itération	16	5
37.5	38.5	38 16	itération	38	itération	16	5
38.5	39.5	39 16	itération	39	itération	16	5
39.5	40.5	40 16	itération	40	itération	16	5
-0.5	0.5	0 17	itération	0	itération	17	5
0.5	1.5	1 17	itération	1	itération	17	5
1.5	2.5	2 17	itération	2	itération	17	5
2.5	3.5	3 17	itération	3	itération	17	5
3.5	4.5	4 17	itération	4	itération	17	5
4.5	5.5	5 17	itération	5	itération	17	5
5.5	6.5	6 17	itération	6	itération	17	5
6.5	7.5	7 17	itération	7	itération	17	5
7.5	8.5	8 17	itération	8	itération	17	5
8.5	9.5	9 17	itération	9	itération	17	5
9.5	10.5	10 17	itération	10	itération	17	5
10.5	11.5	11 17	itération	11	itération	17	5
11.5	12.5	12 17	itération	12	itération	17	5
12.5	13.5	13 17	itération	13	itération	17	5
13.5	14.5	14 17	itération	14	itération	17	5
14.5	15.5	15 17	itération	15	itération	17	5
15.5	16.5	16 17	itération	16	itération	17	5
16.5	17.5	1	itération	17	itération	17	5
17.5	18.5	18 17	itération	18	itération	17	5
18.5	19.5	19 17	itération	19	itération	17	5
19.5	20.5	20 17	itération	20	itération	17	5
20.5	21.5	21 17	itération	21	itération	17	5
21.5	22.5	22 17	itération	22	itération	17	5
22.5	23.5	23 17	itération	23	itération	17	5
23.5	24.5	24 17	itération	24	itération	17	5
24.5	25.5	25 17	itération	25	itération	17	5
25.5	26.5	26 17	itération	26	itération	17	5
26.5	27.5	27 17	itération	27	itération	17	5
27.5	28.5	28 17	itération	28	itération	17	5
28.5	29.5	29 17	itération	29	itération	17	5
29.5	30.5	30 17	itération	30	itération	17	5
30.5	31.5	31 17	itération	31	itération	17	5
31.5	32.5	32 17	itération	32	itération	17	5
32.5	33.5	33 17	itération	33	itération	17	5
33.5	34.5	34 17	itération	34	itération	17	5
34.5	35.5	35 17	itération	35	itération	17	5
35.5	36.5	36 17	itération	36	itération	17	5
36.5	37.5	37 17	itération	37	itération	17	5
37.5	38.5	38 17	itération	38	itération	17	5
38.5	39.5	39 17	itération	39	itération	17	5
39.5	40.5	40 17	itération	40	itération	17	5
-0.5	0.5	0 18	itération	0	itération	18	5
0.5	1.5	1 18	itération	1	itération	18	5
1.5	2.5	2 18	itération	2	itération	18	5
2.5	3.5	3 18	itération	3	itération	18	5
3.5	4.5	4 18	itération	4	itération	18	5
4.5	5.5	5 18	itération	5	itération	18	5
5.5	6.5	6 18	itération	6	itération	18	5
6.5	7.5	7 18	itération	7	itération	18	5
7.5	8.5	8 18	itération	8	itération	18	5
8.5	9.5	9 18	itération	9	itération	18	5
9.5	10.5	10 18	itération	10	itération	18	5
10.5	11.5	11 18	itération	11	itération	18	5
11.5	12.5	12 18	itération	12	itération	18	5
12.5	13.5	13 18	itération	13	itération	18	5
13.5	14.5	14 18	itération	14	itération	18	5
14.5	15.5	15 18	itération	15	itération	18	5
15.5	16.5	16 18	itération	16	itération	18	5
16.5	17.5	17 18	itération	17	itération	18	5
17.5	18.5	1	itération	18	itération	18	5
18.5	19.5	19 18	itération	19	itération	18	5
19.5	20.5	20 18	itération	20	itération	18	5
20.5	21.5	21 18	itération	21	itération	18	5
21.5	22.5	22 18	itération	22	itération	18	5
22.5	23.5	23 18	itération	23	itération	18	5
23.5	24.5	24 18	itération	24	itération	18	5
24.5	25.5	25 18	itération	25	itération	18	5
25.5	26.5	26 18	itération	26	itération	18	5
26.5	27.5	27 18	itération	27	itération	18	5
27.5	28.5	28 18	itération	28	itération	18	5
28.5	29.5	29 18	itération	29	itération	18	5
29.5	30.5	30 18	itération	30	itération	18	5
30.5	31.5	31 18	itération	31	itération	18	5
31.5	32.5	32 18	itération	32	itération	18	5
32.5	33.5	33 18	itération	33	itération	18	5
33.5	34.5	34 18	itération	34	itération	18	5
34.5	35.5	35 18	itération	35	itération	18	5
35.5	36.5	36 18	itération	36	itération	18	5
36.5	37.5	37 18	itération	37	itération	18	5
37.5	38.5	38 18	itération	38	itération	18	5
38.5	39.5	39 18	itération	39	itération	18	5
39.5	40.5	40 18	itération	40	itération	18	5
-0.5	0.5	0 19	itération	0	itération	19	5
0.5	1.5	1 19	itération	1	itération	19	5
1.5	2.5	2 19	itération	2	itération	19	5
2.5	3.5	3 19	itération	3	itération	19	5
3.5	4.5	4 19	itération	4	itération	19	5
4.5	5.5	5 19	itération	5	itération	19	5
5.5	6.5	6 19	itération	6	itération	19	5
6.5	7.5	7 19	itération	7	itération	19	5
7.5	8.5	8 19	itération	8	itération	19	5
8.5	9.5	9 19	itération	9	itération	19	5
9.5	10.5	10 19	itération	10	itération	19	5
10.5	11.5	11 19	itération	11	itération	19	5
11.5	12.5	12 19	itération	12	itération	19	5
12.5	13.5	13 19	itération	13	itération	19	5
13.5	14.5	14 19	itération	14	itération	19	5
14.5	15.5	15 19	itération	15	itération	19	5
15.5	16.5	16 19	itération	16	itération	19	5
16.5	17.5	17 19	itération	17	itération	19	5
17.5	18.5	18 19	itération	18	itération	19	5
18.5	19.5	1	itération	19	itération	19	5
19.5	20.5	20 19	itération	20	itération	19	5
20.5	21.5	21 19	itération	21	itération	19	5
21.5	22.5	22 19	itération	22	itération	19	5
22.5	23.5	23 19	itération	23	itération	19	5
23.5	24.5	24 19	itération	24	itération	19	5
24.5	25.5	25 19	itération	25	itération	19	5
25.5	26.5	26 19	itération	26	itération	19	5
26.5	27.5	27 19	itération	27	itération	19	5
27.5	28.5	28 19	itération	28	itération	19	5
28.5	29.5	29 19	itération	29	itération	19	5
29.5	30.5	30 19	itération	30	itération	19	5
30.5	31.5	31 19	itération	31	itération	19	5
31.5	32.5	32 19	itération	32	itération	19	5
32.5	33.5	33 19	itération	33	itération	19	5
33.5	34.5	34 19	itération	34	itération	19	5
34.5	35.5	35 19	itération	35	itération	19	5
35.5	36.5	36 19	itération	36	itération	19	5
36.5	37.5	37 19	itération	37	itération	19	5
37.5	38.5	38 19	itération	38	itération	19	5
38.5	39.5	39 19	itération	39	itération	19	5
39.5	40.5	40 19	itération	40	itération	19	5
-0.5	0.5	0 20	itération	0	itération	20	5
0.5	1.5	1 20	itération	1	itération	20	5
1.5	2.5	2 20	itération	2	itération	20	5
2.5	3.5	3 20	itération	3	itération	20	5
3.5	4.5	4 20	itération	4	itération	20	5
4.5	5.5	5 20	itération	5	itération	20	5
5.5	6.5	6 20	itération	6	itération	20	5
6.5	7.5	7 20	itération	7	itération	20	5
7.5	8.5	8 20	itération	8	itération	20	5
8.5	9.5	9 20	itération	9	itération	20	5
9.5	10.5	10 20	itération	10	itération	20	5
10.5	11.5	11 20	itération	11	itération	20	5
11.5	12.5	12 20	itération	12	itération	20	5
12.5	13.5	13 20	itération	13	itération	20	5
13.5	14.5	14 20	itération	14	itération	20	5
14.5	15.5	15 20	itération	15	itération	20	5
15.5	16.5	16 20	itération	16	itération	20	5
16.5	17.5	17 20	itération	17	itération	20	5
17.5	18.5	18 20	itération	18	itération	20	5
18.5	19.5	19 20	itération	19	itération	20	5
19.5	20.5	1	itération	20	itération	20	5
20.5	21.5	21 20	itération	21	itération	20	5
21.5	22.5	22 20	itération	22	itération	20	5
22.5	23.5	23 20	itération	23	itération	20	5
23.5	24.5	24 20	itération	24	itération	20	5
24.5	25.5	25 20	itération	25	itération	20	5
25.5	26.5	26 20	itération	26	itération	20	5
26.5	27.5	27 20	itération	27	itération	20	5
27.5	28.5	28 20	itération	28	itération	20	5
28.5	29.5	29 20	itération	29	itération	20	5
29.5	30.5	30 20	itération	30	itération	20	5
30.5	31.5	31 20	itération	31	itération	20	5
31.5	32.5	32 20	itération	32	itération	20	5
32.5	33.5	33 20	itération	33	itération	20	5
33.5	34.5	34 20	itération	34	itération	20	5
34.5	35.5	35 20	itération	35	itération	20	5
35.5	36.5	36 20	itération	36	itération	20	5
36.5	37.5	37 20	itération	37	itération	20	5
37.5	38.5	38 20	itération	38	itération	20	5
38.5	39.5	39 20	itération	39	itération	20	5
39.5	40.5	40 20	itération	40	itération	20	5
-0.5	0.5	0 21	itération	0	itération	21	5
0.5	1.5	1 21	itération	1	itération	21	5
1.5	2.5	2 21	itération	2	itération	21	5
2.5	3.5	3 21	itération	3	itération	21	5
3.5	4.5	4 21	itération	4	itération	21	5
4.5	5.5	5 21	itération	5	itération	21	5
5.5	6.5	6 21	itération	6	itération	21	5
6.5	7.5	7 21	itération	7	itération	21	5
7.5	8.5	8 21	itération	8	itération	21	5
8.5	9.5	9 21	itération	9	itération	21	5
9.5	10.5	10 21	itération	10	itération	21	5
10.5	11.5	11 21	itération	11	itération	21	5
11.5	12.5	12 21	itération	12	itération	21	5
12.5	13.5	13 21	itération	13	itération	21	5
13.5	14.5	14 21	itération	14	itération	21	5
14.5	15.5	15 21	itération	15	itération	21	5
15.5	16.5	16 21	itération	16	itération	21	5
16.5	17.5	17 21	itération	17	itération	21	5
17.5	18.5	18 21	itération	18	itération	21	5
18.5	19.5	19 21	itération	19	itération	21	5
19.5	20.5	20 21	itération	20	itération	21	5
20.5	21.5	1	itération	21	itération	21	5
21.5	22.5	22 21	itération	22	itération	21	5
22.5	23.5	23 21	itération	23	itération	21	5
23.5	24.5	24 21	itération	24	itération	21	5
24.5	25.5	25 21	itération	25	itération	21	5
25.5	26.5	26 21	itération	26	itération	21	5
26.5	27.5	27 21	itération	27	itération	21	5
27.5	28.5	28 21	itération	28	itération	21	5
28.5	29.5	29 21	itération	29	itération	21	5
29.5	30.5	30 21	itération	30	itération	21	5
30.5	31.5	31 21	itération	31	itération	21	5
31.5	32.5	32 21	itération	32	itération	21	5
32.5	33.5	33 21	itération	33	itération	21	5
33.5	34.5	34 21	itération	34	itération	21	5
34.5	35.5	35 21	itération	35	itération	21	5
35.5	36.5	36 21	itération	36	itération	21	5
36.5	37.5	37 21	itération	37	itération	21	5
37.5	38.5	38 21	itération	38	itération	21	5
38.5	39.5	39 21	itération	39	itération	21	5
39.5	40.5	40 21	itération	40	itération	21	5
-0.5	0.5	0 22	itération	0	itération	22	5
0.5	1.5	1 22	itération	1	itération	22	5
1.5	2.5	2 22	itération	2	itération	22	5
2.5	3.5	3 22	itération	3	itération	22	5
3.5	4.5	4 22	itération	4	itération	22	5
4.5	5.5	5 22	itération	5	itération	22	5
5.5	6.5	6 22	itération	6	itération	22	5
6.5	7.5	7 22	itération	7	itération	22	5
7.5	8.5	8 22	itération	8	itération	22	5
8.5	9.5	9 22	itération	9	itération	22	5
9.5	10.5	10 22	itération	10	itération	22	5
10.5	11.5	11 22	itération	11	itération	22	5
11.5	12.5	12 22	itération	12	itération	22	5
12.5	13.5	13 22	itération	13	itération	22	5
13.5	14.5	14 22	itération	14	itération	22	5
14.5	15.5	15 22	itération	15	itération	22	5
15.5	16.5	16 22	itération	16	itération	22	5
16.5	17.5	17 22	itération	17	itération	22	5
17.5	18.5	18 22	itération	18	itération	22	5
18.5	19.5	19 22	itération	19	itération	22	5
19.5	20.5	20 22	itération	20	itération	22	5
20.5	21.5	21 22	itération	21	itération	22	5
21.5	22.5	1	itération	22	itération	22	5
22.5	23.5	23 22	itération	23	itération	22	5
23.5	24.5	24 22	itération	24	itération	22	5
24.5	25.5	25 22	itération	25	itération	22	5
25.5	26.5	26 22	itération	26	itération	22	5
26.5	27.5	27 22	itération	27	itération	22	5
27.5	28.5	28 22	itération	28	itération	22	5
28.5	29.5	29 22	itération	29	itération	22	5
29.5	30.5	30 22	itération	30	itération	22	5
30.5	31.5	31 22	itération	31	itération	22	5
31.5	32.5	32 22	itération	32	itération	22	5
32.5	33.5	33 22	itération	33	itération	22	5
33.5	34.5	34 22	itération	34	itération	22	5
34.5	35.5	35 22	itération	35	itération	22	5
35.5	36.5	36 22	itération	36	itération	22	5
36.5	37.5	37 22	itération	37	itération	22	5
37.5	38.5	38 22	itération	38	itération	22	5
38.5	39.5	39 22	itération	39	itération	22	5
39.5	40.5	40 22	itération	40	itération	22	5
-0.5	0.5	0 23	itération	0	itération	23	5
0.5	1.5	1 23	itération	1	itération	23	5
1.5	2.5	2 23	itération	2	itération	23	5
2.5	3.5	3 23	itération	3	itération	23	5
3.5	4.5	4 23	itération	4	itération	23	5
4.5	5.5	5 23	itération	5	itération	23	5
5.5	6.5	6 23	itération	6	itération	23	5
6.5	7.5	7 23	itération	7	itération	23	5
7.5	8.5	8 23	itération	8	itération	23	5
8.5	9.5	9 23	itération	9	itération	23	5
9.5	10.5	10 23	itération	10	itération	23	5
10.5	11.5	11 23	itération	11	itération	23	5
11.5	12.5	12 23	itération	12	itération	23	5
12.5	13.5	13 23	itération	13	itération	23	5
13.5	14.5	14 23	itération	14	itération	23	5
14.5	15.5	15 23	itération	15	itération	23	5
15.5	16.5	16 23	itération	16	itération	23	5
16.5	17.5	17 23	itération	17	itération	23	5
17.5	18.5	18 23	itération	18	itération	23	5
18.5	19.5	19 23	itération	19	itération	23	5
19.5	20.5	20 23	itération	20	itération	23	5
20.5	21.5	21 23	itération	21	itération	23	5
21.5	22.5	22 23	itération	22	itération	23	5
22.5	23.5	1	itération	23	itération	23	5
23.5	24.5	24 23	itération	24	itération	23	5
24.5	25.5	25 23	itération	25	itération	23	5
25.5	26.5	26 23	itération	26	itération	23	5
26.5	27.5	27 23	itération	27	itération	23	5
27.5	28.5	28 23	itération	28	itération	23	5
28.5	29.5	29 23	itération	29	itération	23	5
29.5	30.5	30 23	itération	30	itération	23	5
30.5	31.5	31 23	itération	31	itération	23	5
31.5	32.5	32 23	itération	32	itération	23	5
32.5	33.5	33 23	itération	33	itération	23	5
33.5	34.5	34 23	itération	34	itération	23	5
34.5	35.5	35 23	itération	35	itération	23	5
35.5	36.5	36 23	itération	36	itération	23	5
36.5	37.5	37 23	itération	37	itération	23	5
37.5	38.5	38 23	itération	38	itération	23	5
38.5	39.5	39 23	itération	39	itération	23	5
39.5	40.5	40 23	itération	40	itération	23	5
-0.5	0.5	0 24	itération	0	itération	24	5
0.5	1.5	1 24	itération	1	itération	24	5
1.5	2.5	2 24	itération	2	itération	24	5
2.5	3.5	3 24	itération	3	itération	24	5
3.5	4.5	4 24	itération	4	itération	24	5
4.5	5.5	5 24	itération	5	itération	24	5
5.5	6.5	6 24	itération	6	itération	24	5
6.5	7.5	7 24	itération	7	itération	24	5
7.5	8.5	8 24	itération	8	itération	24	5
8.5	9.5	9 24	itération	9	itération	24	5
9.5	10.5	10 24	itération	10	itération	24	5
10.5	11.5	11 24	itération	11	itération	24	5
11.5	12.5	12 24	itération	12	itération	24	5
12.5	13.5	13 24	itération	13	itération	24	5
13.5	14.5	14 24	itération	14	itération	24	5
14.5	15.5	15 24	itération	15	itération	24	5
15.5	16.5	16 24	itération	16	itération	24	5
16.5	17.5	17 24	itération	17	itération	24	5
17.5	18.5	18 24	itération	18	itération	24	5
18.5	19.5	19 24	itération	19	itération	24	5
19.5	20.5	20 24	itération	20	itération	24	5
20.5	21.5	21 24	itération	21	itération	24	5
21.5	22.5	22 24	itération	22	itération	24	5
22.5	23.5	23 24	itération	23	itération	24	5
23.5	24.5	1	itération	24	itération	24	5
24.5	25.5	25 24	itération	25	itération	24	5
25.5	26.5	26 24	itération	26	itération	24	5
26.5	27.5	27 24	itération	27	itération	24	5
27.5	28.5	28 24	itération	28	itération	24	5
28.5	29.5	29 24	itération	29	itération	24	5
29.5	30.5	30 24	itération	30	itération	24	5
30.5	31.5	31 24	itération	31	itération	24	5
31.5	32.5	32 24	itération	32	itération	24	5
32.5	33.5	33 24	itération	33	itération	24	5
33.5	34.5	34 24	itération	34	itération	24	5
34.5	35.5	35 24	itération	35	itération	24	5
35.5	36.5	36 24	itération	36	itération	24	5
36.5	37.5	37 24	itération	37	itération	24	5
37.5	38.5	38 24	itération	38	itération	24	5
38.5	39.5	39 24	itération	39	itération	24	5
39.5	40.5	40 24	itération	40	itération	24	5
-0.5	0.5	0 25	itération	0	itération	25	5
0.5	1.5	1 25	itération	1	itération	25	5
1.5	2.5	2 25	itération	2	itération	25	5
2.5	3.5	3 25	itération	3	itération	25	5
3.5	4.5	4 25	itération	4	itération	25	5
4.5	5.5	5 25	itération	5	itération	25	5
5.5	6.5	6 25	itération	6	itération	25	5
6.5	7.5	7 25	itération	7	itération	25	5
7.5	8.5	8 25	itération	8	itération	25	5
8.5	9.5	9 25	itération	9	itération	25	5
9.5	10.5	10 25	itération	10	itération	25	5
10.5	11.5	11 25	itération	11	itération	25	5
11.5	12.5	12 25	itération	12	itération	25	5
12.5	13.5	13 25	itération	13	itération	25	5
13.5	14.5	14 25	itération	14	itération	25	5
14.5	15.5	15 25	itération	15	itération	25	5
15.5	16.5	16 25	itération	16	itération	25	5
16.5	17.5	17 25	itération	17	itération	25	5
17.5	18.5	18 25	itération	18	itération	25	5
18.5	19.5	19 25	itération	19	itération	25	5
19.5	20.5	20 25	itération	20	itération	25	5
20.5	21.5	21 25	itération	21	itération	25	5
21.5	22.5	22 25	itération	22	itération	25	5
22.5	23.5	23 25	itération	23	itération	25	5
23.5	24.5	24 25	itération	24	itération	25	5
24.5	25.5	1	itération	25	itération	25	5
25.5	26.5	26 25	itération	26	itération	25	5
26.5	27.5	27 25	itération	27	itération	25	5
27.5	28.5	28 25	itération	28	itération	25	5
28.5	29.5	29 25	itération	29	itération	25	5
29.5	30.5	30 25	itération	30	itération	25	5
30.5	31.5	31 25	itération	31	itération	25	5
31.5	32.5	32 25	itération	32	itération	25	5
32.5	33.5	33 25	itération	33	itération	25	5
33.5	34.5	34 25	itération	34	itération	25	5
34.5	35.5	35 25	itération	35	itération	25	5
35.5	36.5	36 25	itération	36	itération	25	5
36.5	37.5	37 25	itération	37	itération	25	5
37.5	38.5	38 25	itération	38	itération	25	5
38.5	39.5	39 25	itération	39	itération	25	5
39.5	40.5	40 25	itération	40	itération	25	5
-0.5	0.5	0 26	itération	0	itération	26	5
0.5	1.5	1 26	itération	1	itération	26	5
1.5	2.5	2 26	itération	2	itération	26	5
2.5	3.5	3 26	itération	3	itération	26	5
3.5	4.5	4 26	itération	4	itération	26	5
4.5	5.5	5 26	itération	5	itération	26	5
5.5	6.5	6 26	itération	6	itération	26	5
6.5	7.5	7 26	itération	7	itération	26	5
7.5	8.5	8 26	itération	8	itération	26	5
8.5	9.5	9 26	itération	9	itération	26	5
9.5	10.5	10 26	itération	10	itération	26	5
10.5	11.5	11 26	itération	11	itération	26	5
11.5	12.5	12 26	itération	12	itération	26	5
12.5	13.5	13 26	itération	13	itération	26	5
13.5	14.5	14 26	itération	14	itération	26	5
14.5	15.5	15 26	itération	15	itération	26	5
15.5	16.5	16 26	itération	16	itération	26	5
16.5	17.5	17 26	itération	17	itération	26	5
17.5	18.5	18 26	itération	18	itération	26	5
18.5	19.5	19 26	itération	19	itération	26	5
19.5	20.5	20 26	itération	20	itération	26	5
20.5	21.5	21 26	itération	21	itération	26	5
21.5	22.5	22 26	itération	22	itération	26	5
22.5	23.5	23 26	itération	23	itération	26	5
23.5	24.5	24 26	itération	24	itération	26	5
24.5	25.5	25 26	itération	25	itération	26	5
25.5	26.5	1	itération	26	itération	26	5
26.5	27.5	27 26	itération	27	itération	26	5
27.5	28.5	28 26	itération	28	itération	26	5
28.5	29.5	29 26	itération	29	itération	26	5
29.5	30.5	30 26	itération	30	itération	26	5
30.5	31.5	31 26	itération	31	itération	26	5
31.5	32.5	32 26	itération	32	itération	26	5
32.5	33.5	33 26	itération	33	itération	26	5
33.5	34.5	34 26	itération	34	itération	26	5
34.5	35.5	35 26	itération	35	itération	26	5
35.5	36.5	36 26	itération	36	itération	26	5
36.5	37.5	37 26	itération	37	itération	26	5
37.5	38.5	38 26	itération	38	itération	26	5
38.5	39.5	39 26	itération	39	itération	26	5
39.5	40.5	40 26	itération	40	itération	26	5
-0.5	0.5	0 27	itération	0	itération	27	5
0.5	1.5	1 27	itération	1	itération	27	5
1.5	2.5	2 27	itération	2	itération	27	5
2.5	3.5	3 27	itération	3	itération	27	5
3.5	4.5	4 27	itération	4	itération	27	5
4.5	5.5	5 27	itération	5	itération	27	5
5.5	6.5	6 27	itération	6	itération	27	5
6.5	7.5	7 27	itération	7	itération	27	5
7.5	8.5	8 27	itération	8	itération	27	5
8.5	9.5	9 27	itération	9	itération	27	5
9.5	10.5	10 27	itération	10	itération	27	5
10.5	11.5	11 27	itération	11	itération	27	5
11.5	12.5	12 27	itération	12	itération	27	5
12.5	13.5	13 27	itération	13	itération	27	5
13.5	14.5	14 27	itération	14	itération	27	5
14.5	15.5	15 27	itération	15	itération	27	5
15.5	16.5	16 27	itération	16	itération	27	5
16.5	17.5	17 27	itération	17	itération	27	5
17.5	18.5	18 27	itération	18	itération	27	5
18.5	19.5	19 27	itération	19	itération	27	5
19.5	20.5	20 27	itération	20	itération	27	5
20.5	21.5	21 27	itération	21	itération	27	5
21.5	22.5	22 27	itération	22	itération	27	5
22.5	23.5	23 27	itération	23	itération	27	5
23.5	24.5	24 27	itération	24	itération	27	5
24.5	25.5	25 27	itération	25	itération	27	5
25.5	26.5	26 27	itération	26	itération	27	5
26.5	27.5	1	itération	27	itération	27	5
27.5	28.5	28 27	itération	28	itération	27	5
28.5	29.5	29 27	itération	29	itération	27	5
29.5	30.5	30 27	itération	30	itération	27	5
30.5	31.5	31 27	itération	31	itération	27	5
31.5	32.5	32 27	itération	32	itération	27	5
32.5	33.5	33 27	itération	33	itération	27	5
33.5	34.5	34 27	itération	34	itération	27	5
34.5	35.5	35 27	itération	35	itération	27	5
35.5	36.5	36 27	itération	36	itération	27	5
36.5	37.5	37 27	itération	37	itération	27	5
37.5	38.5	38 27	itération	38	itération	27	5
38.5	39.5	39 27	itération	39	itération	27	5
39.5	40.5	40 27	itération	40	itération	27	5
-0.5	0.5	0 28	itération	0	itération	28	5
0.5	1.5	1 28	itération	1	itération	28	5
1.5	2.5	2 28	itération	2	itération	28	5
2.5	3.5	3 28	itération	3	itération	28	5
3.5	4.5	4 28	itération	4	itération	28	5
4.5	5.5	5 28	itération	5	itération	28	5
5.5	6.5	6 28	itération	6	itération	28	5
6.5	7.5	7 28	itération	7	itération	28	5
7.5	8.5	8 28	itération	8	itération	28	5
8.5	9.5	9 28	itération	9	itération	28	5
9.5	10.5	10 28	itération	10	itération	28	5
10.5	11.5	11 28	itération	11	itération	28	5
11.5	12.5	12 28	itération	12	itération	28	5
12.5	13.5	13 28	itération	13	itération	28	5
13.5	14.5	14 28	itération	14	itération	28	5
14.5	15.5	15 28	itération	15	itération	28	5
15.5	16.5	16 28	itération	16	itération	28	5
16.5	17.5	17 28	itération	17	itération	28	5
17.5	18.5	18 28	itération	18	itération	28	5
18.5	19.5	19 28	itération	19	itération	28	5
19.5	20.5	20 28	itération	20	itération	28	5
20.5	21.5	21 28	itération	21	itération	28	5
21.5	22.5	22 28	itération	22	itération	28	5
22.5	23.5	23 28	itération	23	itération	28	5
23.5	24.5	24 28	itération	24	itération	28	5
24.5	25.5	25 28	itération	25	itération	28	5
25.5	26.5	26 28	itération	26	itération	28	5
26.5	27.5	27 28	itération	27	itération	28	5
27.5	28.5	1	itération	28	itération	28	5
28.5	29.5	29 28	itération	29	itération	28	5
29.5	30.5	30 28	itération	30	itération	28	5
30.5	31.5	31 28	itération	31	itération	28	5
31.5	32.5	32 28	itération	32	itération	28	5
32.5	33.5	33 28	itération	33	itération	28	5
33.5	34.5	34 28	itération	34	itération	28	5
34.5	35.5	35 28	itération	35	itération	28	5
35.5	36.5	36 28	itération	36	itération	28	5
36.5	37.5	37 28	itération	37	itération	28	5
37.5	38.5	38 28	itération	38	itération	28	5
38.5	39.5	39 28	itération	39	itération	28	5
39.5	40.5	40 28	itération	40	itération	28	5
-0.5	0.5	0 29	itération	0	itération	29	5
0.5	1.5	1 29	itération	1	itération	29	5
1.5	2.5	2 29	itération	2	itération	29	5
2.5	3.5	3 29	itération	3	itération	29	5
3.5	4.5	4 29	itération	4	itération	29	5
4.5	5.5	5 29	itération	5	itération	29	5
5.5	6.5	6 29	itération	6	itération	29	5
6.5	7.5	7 29	itération	7	itération	29	5
7.5	8.5	8 29	itération	8	itération	29	5
8.5	9.5	9 29	itération	9	itération	29	5
9.5	10.5	10 29	itération	10	itération	29	5
10.5	11.5	11 29	itération	11	itération	29	5
11.5	12.5	12 29	itération	12	itération	29	5
12.5	13.5	13 29	itération	13	itération	29	5
13.5	14.5	14 29	itération	14	itération	29	5
14.5	15.5	15 29	itération	15	itération	29	5
15.5	16.5	16 29	itération	16	itération	29	5
16.5	17.5	17 29	itération	17	itération	29	5
17.5	18.5	18 29	itération	18	itération	29	5
18.5	19.5	19 29	itération	19	itération	29	5
19.5	20.5	20 29	itération	20	itération	29	5
20.5	21.5	21 29	itération	21	itération	29	5
21.5	22.5	22 29	itération	22	itération	29	5
22.5	23.5	23 29	itération	23	itération	29	5
23.5	24.5	24 29	itération	24	itération	29	5
24.5	25.5	25 29	itération	25	itération	29	5
25.5	26.5	26 29	itération	26	itération	29	5
26.5	27.5	27 29	itération	27	itération	29	5
27.5	28.5	28 29	itération	28	itération	29	5
28.5	29.5	1	itération	29	itération	29	5
29.5	30.5	30 29	itération	30	itération	29	5
30.5	31.5	31 29	itération	31	itération	29	5
31.5	32.5	32 29	itération	32	itération	29	5
32.5	33.5	33 29	itération	33	itération	29	5
33.5	34.5	34 29	itération	34	itération	29	5
34.5	35.5	35 29	itération	35	itération	29	5
35.5	36.5	36 29	itération	36	itération	29	5
36.5	37.5	37 29	itération	37	itération	29	5
37.5	38.5	38 29	itération	38	itération	29	5
38.5	39.5	39 29	itération	39	itération	29	5
39.5	40.5	40 29	itération	40	itération	29	5
-0.5	0.5	0 30	itération	0	itération	30	5
0.5	1.5	1 30	itération	1	itération	30	5
1.5	2.5	2 30	itération	2	itération	30	5
2.5	3.5	3 30	itération	3	itération	30	5
3.5	4.5	4 30	itération	4	itération	30	5
4.5	5.5	5 30	itération	5	itération	30	5
5.5	6.5	6 30	itération	6	itération	30	5
6.5	7.5	7 30	itération	7	itération	30	5
7.5	8.5	8 30	itération	8	itération	30	5
8.5	9.5	9 30	itération	9	itération	30	5
9.5	10.5	10 30	itération	10	itération	30	5
10.5	11.5	11 30	itération	11	itération	30	5
11.5	12.5	12 30	itération	12	itération	30	5
12.5	13.5	13 30	itération	13	itération	30	5
13.5	14.5	14 30	itération	14	itération	30	5
14.5	15.5	15 30	itération	15	itération	30	5
15.5	16.5	16 30	itération	16	itération	30	5
16.5	17.5	17 30	itération	17	itération	30	5
17.5	18.5	18 30	itération	18	itération	30	5
18.5	19.5	19 30	itération	19	itération	30	5
19.5	20.5	20 30	itération	20	itération	30	5
20.5	21.5	21 30	itération	21	itération	30	5
21.5	22.5	22 30	itération	22	itération	30	5
22.5	23.5	23 30	itération	23	itération	30	5
23.5	24.5	24 30	itération	24	itération	30	5
24.5	25.5	25 30	itération	25	itération	30	5
25.5	26.5	26 30	itération	26	itération	30	5
26.5	27.5	27 30	itération	27	itération	30	5
27.5	28.5	28 30	itération	28	itération	30	5
28.5	29.5	29 30	itération	29	itération	30	5
29.5	30.5	1	itération	30	itération	30	5
30.5	31.5	31 30	itération	31	itération	30	5
31.5	32.5	32 30	itération	32	itération	30	5
32.5	33.5	33 30	itération	33	itération	30	5
33.5	34.5	34 30	itération	34	itération	30	5
34.5	35.5	35 30	itération	35	itération	30	5
35.5	36.5	36 30	itération	36	itération	30	5
36.5	37.5	37 30	itération	37	itération	30	5
37.5	38.5	38 30	itération	38	itération	30	5
38.5	39.5	39 30	itération	39	itération	30	5
39.5	40.5	40 30	itération	40	itération	30	5
-0.5	0.5	0 31	itération	0	itération	31	5
0.5	1.5	1 31	itération	1	itération	31	5
1.5	2.5	2 31	itération	2	itération	31	5
2.5	3.5	3 31	itération	3	itération	31	5
3.5	4.5	4 31	itération	4	itération	31	5
4.5	5.5	5 31	itération	5	itération	31	5
5.5	6.5	6 31	itération	6	itération	31	5
6.5	7.5	7 31	itération	7	itération	31	5
7.5	8.5	8 31	itération	8	itération	31	5
8.5	9.5	9 31	itération	9	itération	31	5
9.5	10.5	10 31	itération	10	itération	31	5
10.5	11.5	11 31	itération	11	itération	31	5
11.5	12.5	12 31	itération	12	itération	31	5
12.5	13.5	13 31	itération	13	itération	31	5
13.5	14.5	14 31	itération	14	itération	31	5
14.5	15.5	15 31	itération	15	itération	31	5
15.5	16.5	16 31	itération	16	itération	31	5
16.5	17.5	17 31	itération	17	itération	31	5
17.5	18.5	18 31	itération	18	itération	31	5
18.5	19.5	19 31	itération	19	itération	31	5
19.5	20.5	20 31	itération	20	itération	31	5
20.5	21.5	21 31	itération	21	itération	31	5
21.5	22.5	22 31	itération	22	itération	31	5
22.5	23.5	23 31	itération	23	itération	31	5
23.5	24.5	24 31	itération	24	itération	31	5
24.5	25.5	25 31	itération	25	itération	31	5
25.5	26.5	26 31	itération	26	itération	31	5
26.5	27.5	27 31	itération	27	itération	31	5
27.5	28.5	28 31	itération	28	itération	31	5
28.5	29.5	29 31	itération	29	itération	31	5
29.5	30.5	30 31	itération	30	itération	31	5
30.5	31.5	1	itération	31	itération	31	5
31.5	32.5	32 31	itération	32	itération	31	5
32.5	33.5	33 31	itération	33	itération	31	5
33.5	34.5	34 31	itération	34	itération	31	5
34.5	35.5	35 31	itération	35	itération	31	5
35.5	36.5	36 31	itération	36	itération	31	5
36.5	37.5	37 31	itération	37	itération	31	5
37.5	38.5	38 31	itération	38	itération	31	5
38.5	39.5	39 31	itération	39	itération	31	5
39.5	40.5	40 31	itération	40	itération	31	5
-0.5	0.5	0 32	itération	0	itération	32	5
0.5	1.5	1 32	itération	1	itération	32	5
1.5	2.5	2 32	itération	2	itération	32	5
2.5	3.5	3 32	itération	3	itération	32	5
3.5	4.5	4 32	itération	4	itération	32	5
4.5	5.5	5 32	itération	5	itération	32	5
5.5	6.5	6 32	itération	6	itération	32	5
6.5	7.5	7 32	itération	7	itération	32	5
7.5	8.5	8 32	itération	8	itération	32	5
8.5	9.5	9 32	itération	9	itération	32	5
9.5	10.5	10 32	itération	10	itération	32	5
10.5	11.5	11 32	itération	11	itération	32	5
11.5	12.5	12 32	itération	12	itération	32	5
12.5	13.5	13 32	itération	13	itération	32	5
13.5	14.5	14 32	itération	14	itération	32	5
14.5	15.5	15 32	itération	15	itération	32	5
15.5	16.5	16 32	itération	16	itération	32	5
16.5	17.5	17 32	itération	17	itération	32	5
17.5	18.5	18 32	itération	18	itération	32	5
18.5	19.5	19 32	itération	19	itération	32	5
19.5	20.5	20 32	itération	20	itération	32	5
20.5	21.5	21 32	itération	21	itération	32	5
21.5	22.5	22 32	itération	22	itération	32	5
22.5	23.5	23 32	itération	23	itération	32	5
23.5	24.5	24 32	itération	24	itération	32	5
24.5	25.5	25 32	itération	25	itération	32	5
25.5	26.5	26 32	itération	26	itération	32	5
26.5	27.5	27 32	itération	27	itération	32	5
27.5	28.5	28 32	itération	28	itération	32	5
28.5	29.5	29 32	itération	29	itération	32	5
29.5	30.5	30 32	itération	30	itération	32	5
30.5	31.5	31 32	itération	31	itération	32	5
31.5	32.5	1	itération	32	itération	32	5
32.5	33.5	33 32	itération	33	itération	32	5
33.5	34.5	34 32	itération	34	itération	32	5
34.5	35.5	35 32	itération	35	itération	32	5
35.5	36.5	36 32	itération	36	itération	32	5
36.5	37.5	37 32	itération	37	itération	32	5
37.5	38.5	38 32	itération	38	itération	32	5
38.5	39.5	39 32	itération	39	itération	32	5
39.5	40.5	40 32	itération	40	itération	32	5
-0.5	0.5	0 33	itération	0	itération	33	5
0.5	1.5	1 33	itération	1	itération	33	5
1.5	2.5	2 33	itération	2	itération	33	5
2.5	3.5	3 33	itération	3	itération	33	5
3.5	4.5	4 33	itération	4	itération	33	5
4.5	5.5	5 33	itération	5	itération	33	5
5.5	6.5	6 33	itération	6	itération	33	5
6.5	7.5	7 33	itération	7	itération	33	5
7.5	8.5	8 33	itération	8	itération	33	5
8.5	9.5	9 33	itération	9	itération	33	5
9.5	10.5	10 33	itération	10	itération	33	5
10.5	11.5	11 33	itération	11	itération	33	5
11.5	12.5	12 33	itération	12	itération	33	5
12.5	13.5	13 33	itération	13	itération	33	5
13.5	14.5	14 33	itération	14	itération	33	5
14.5	15.5	15 33	itération	15	itération	33	5
15.5	16.5	16 33	itération	16	itération	33	5
16.5	17.5	17 33	itération	17	itération	33	5
17.5	18.5	18 33	itération	18	itération	33	5
18.5	19.5	19 33	itération	19	itération	33	5
19.5	20.5	20 33	itération	20	itération	33	5
20.5	21.5	21 33	itération	21	itération	33	5
21.5	22.5	22 33	itération	22	itération	33	5
22.5	23.5	23 33	itération	23	itération	33	5
23.5	24.5	24 33	itération	24	itération	33	5
24.5	25.5	25 33	itération	25	itération	33	5
25.5	26.5	26 33	itération	26	itération	33	5
26.5	27.5	27 33	itération	27	itération	33	5
27.5	28.5	28 33	itération	28	itération	33	5
28.5	29.5	29 33	itération	29	itération	33	5
29.5	30.5	30 33	itération	30	itération	33	5
30.5	31.5	31 33	itération	31	itération	33	5
31.5	32.5	32 33	itération	32	itération	33	5
32.5	33.5	1	itération	33	itération	33	5
33.5	34.5	34 33	itération	34	itération	33	5
34.5	35.5	35 33	itération	35	itération	33	5
35.5	36.5	36 33	itération	36	itération	33	5
36.5	37.5	37 33	itération	37	itération	33	5
37.5	38.5	38 33	itération	38	itération	33	5
38.5	39.5	39 33	itération	39	itération	33	5
39.5	40.5	40 33	itération	40	itération	33	5
-0.5	0.5	0 34	itération	0	itération	34	5
0.5	1.5	1 34	itération	1	itération	34	5
1.5	2.5	2 34	itération	2	itération	34	5
2.5	3.5	3 34	itération	3	itération	34	5
3.5	4.5	4 34	itération	4	itération	34	5
4.5	5.5	5 34	itération	5	itération	34	5
5.5	6.5	6 34	itération	6	itération	34	5
6.5	7.5	7 34	itération	7	itération	34	5
7.5	8.5	8 34	itération	8	itération	34	5
8.5	9.5	9 34	itération	9	itération	34	5
9.5	10.5	10 34	itération	10	itération	34	5
10.5	11.5	11 34	itération	11	itération	34	5
11.5	12.5	12 34	itération	12	itération	34	5
12.5	13.5	13 34	itération	13	itération	34	5
13.5	14.5	14 34	itération	14	itération	34	5
14.5	15.5	15 34	itération	15	itération	34	5
15.5	16.5	16 34	itération	16	itération	34	5
16.5	17.5	17 34	itération	17	itération	34	5
17.5	18.5	18 34	itération	18	itération	34	5
18.5	19.5	19 34	itération	19	itération	34	5
19.5	20.5	20 34	itération	20	itération	34	5
20.5	21.5	21 34	itération	21	itération	34	5
21.5	22.5	22 34	itération	22	itération	34	5
22.5	23.5	23 34	itération	23	itération	34	5
23.5	24.5	24 34	itération	24	itération	34	5
24.5	25.5	25 34	itération	25	itération	34	5
25.5	26.5	26 34	itération	26	itération	34	5
26.5	27.5	27 34	itération	27	itération	34	5
27.5	28.5	28 34	itération	28	itération	34	5
28.5	29.5	29 34	itération	29	itération	34	5
29.5	30.5	30 34	itération	30	itération	34	5
30.5	31.5	31 34	itération	31	itération	34	5
31.5	32.5	32 34	itération	32	itération	34	5
32.5	33.5	33 34	itération	33	itération	34	5
33.5	34.5	1	itération	34	itération	34	5
34.5	35.5	35 34	itération	35	itération	34	5
35.5	36.5	36 34	itération	36	itération	34	5
36.5	37.5	37 34	itération	37	itération	34	5
37.5	38.5	38 34	itération	38	itération	34	5
38.5	39.5	39 34	itération	39	itération	34	5
39.5	40.5	40 34	itération	40	itération	34	5
-0.5	0.5	0 35	itération	0	itération	35	5
0.5	1.5	1 35	itération	1	itération	35	5
1.5	2.5	2 35	itération	2	itération	35	5
2.5	3.5	3 35	itération	3	itération	35	5
3.5	4.5	4 35	itération	4	itération	35	5
4.5	5.5	5 35	itération	5	itération	35	5
5.5	6.5	6 35	itération	6	itération	35	5
6.5	7.5	7 35	itération	7	itération	35	5
7.5	8.5	8 35	itération	8	itération	35	5
8.5	9.5	9 35	itération	9	itération	35	5
9.5	10.5	10 35	itération	10	itération	35	5
10.5	11.5	11 35	itération	11	itération	35	5
11.5	12.5	12 35	itération	12	itération	35	5
12.5	13.5	13 35	itération	13	itération	35	5
13.5	14.5	14 35	itération	14	itération	35	5
14.5	15.5	15 35	itération	15	itération	35	5
15.5	16.5	16 35	itération	16	itération	35	5
16.5	17.5	17 35	itération	17	itération	35	5
17.5	18.5	18 35	itération	18	itération	35	5
18.5	19.5	19 35	itération	19	itération	35	5
19.5	20.5	20 35	itération	20	itération	35	5
20.5	21.5	21 35	itération	21	itération	35	5
21.5	22.5	22 35	itération	22	itération	35	5
22.5	23.5	23 35	itération	23	itération	35	5
23.5	24.5	24 35	itération	24	itération	35	5
24.5	25.5	25 35	itération	25	itération	35	5
25.5	26.5	26 35	itération	26	itération	35	5
26.5	27.5	27 35	itération	27	itération	35	5
27.5	28.5	28 35	itération	28	itération	35	5
28.5	29.5	29 35	itération	29	itération	35	5
29.5	30.5	30 35	itération	30	itération	35	5
30.5	31.5	31 35	itération	31	itération	35	5
31.5	32.5	32 35	itération	32	itération	35	5
32.5	33.5	33 35	itération	33	itération	35	5
33.5	34.5	34 35	itération	34	itération	35	5
34.5	35.5	1	itération	35	itération	35	5
35.5	36.5	36 35	itération	36	itération	35	5
36.5	37.5	37 35	itération	37	itération	35	5
37.5	38.5	38 35	itération	38	itération	35	5
38.5	39.5	39 35	itération	39	itération	35	5
39.5	40.5	40 35	itération	40	itération	35	5
-0.5	0.5	0 36	itération	0	itération	36	5
0.5	1.5	1 36	itération	1	itération	36	5
1.5	2.5	2 36	itération	2	itération	36	5
2.5	3.5	3 36	itération	3	itération	36	5
3.5	4.5	4 36	itération	4	itération	36	5
4.5	5.5	5 36	itération	5	itération	36	5
5.5	6.5	6 36	itération	6	itération	36	5
6.5	7.5	7 36	itération	7	itération	36	5
7.5	8.5	8 36	itération	8	itération	36	5
8.5	9.5	9 36	itération	9	itération	36	5
9.5	10.5	10 36	itération	10	itération	36	5
10.5	11.5	11 36	itération	11	itération	36	5
11.5	12.5	12 36	itération	12	itération	36	5
12.5	13.5	13 36	itération	13	itération	36	5
13.5	14.5	14 36	itération	14	itération	36	5
14.5	15.5	15 36	itération	15	itération	36	5
15.5	16.5	16 36	itération	16	itération	36	5
16.5	17.5	17 36	itération	17	itération	36	5
17.5	18.5	18 36	itération	18	itération	36	5
18.5	19.5	19 36	itération	19	itération	36	5
19.5	20.5	20 36	itération	20	itération	36	5
20.5	21.5	21 36	itération	21	itération	36	5
21.5	22.5	22 36	itération	22	itération	36	5
22.5	23.5	23 36	itération	23	itération	36	5
23.5	24.5	24 36	itération	24	itération	36	5
24.5	25.5	25 36	itération	25	itération	36	5
25.5	26.5	26 36	itération	26	itération	36	5
26.5	27.5	27 36	itération	27	itération	36	5
27.5	28.5	28 36	itération	28	itération	36	5
28.5	29.5	29 36	itération	29	itération	36	5
29.5	30.5	30 36	itération	30	itération	36	5
30.5	31.5	31 36	itération	31	itération	36	5
31.5	32.5	32 36	itération	32	itération	36	5
32.5	33.5	33 36	itération	33	itération	36	5
33.5	34.5	34 36	itération	34	itération	36	5
34.5	35.5	35 36	itération	35	itération	36	5
35.5	36.5	1	itération	36	itération	36	5
36.5	37.5	37 36	itération	37	itération	36	5
37.5	38.5	38 36	itération	38	itération	36	5
38.5	39.5	39 36	itération	39	itération	36	5
39.5	40.5	40 36	itération	40	itération	36	5
-0.5	0.5	0 37	itération	0	itération	37	5
0.5	1.5	1 37	itération	1	itération	37	5
1.5	2.5	2 37	itération	2	itération	37	5
2.5	3.5	3 37	itération	3	itération	37	5
3.5	4.5	4 37	itération	4	itération	37	5
4.5	5.5	5 37	itération	5	itération	37	5
5.5	6.5	6 37	itération	6	itération	37	5
6.5	7.5	7 37	itération	7	itération	37	5
7.5	8.5	8 37	itération	8	itération	37	5
8.5	9.5	9 37	itération	9	itération	37	5
9.5	10.5	10 37	itération	10	itération	37	5
10.5	11.5	11 37	itération	11	itération	37	5
11.5	12.5	12 37	itération	12	itération	37	5
12.5	13.5	13 37	itération	13	itération	37	5
13.5	14.5	14 37	itération	14	itération	37	5
14.5	15.5	15 37	itération	15	itération	37	5
15.5	16.5	16 37	itération	16	itération	37	5
16.5	17.5	17 37	itération	17	itération	37	5
17.5	18.5	18 37	itération	18	itération	37	5
18.5	19.5	19 37	itération	19	itération	37	5
19.5	20.5	20 37	itération	20	itération	37	5
20.5	21.5	21 37	itération	21	itération	37	5
21.5	22.5	22 37	itération	22	itération	37	5
22.5	23.5	23 37	itération	23	itération	37	5
23.5	24.5	24 37	itération	24	itération	37	5
24.5	25.5	25 37	itération	25	itération	37	5
25.5	26.5	26 37	itération	26	itération	37	5
26.5	27.5	27 37	itération	27	itération	37	5
27.5	28.5	28 37	itération	28	itération	37	5
28.5	29.5	29 37	itération	29	itération	37	5
29.5	30.5	30 37	itération	30	itération	37	5
30.5	31.5	31 37	itération	31	itération	37	5
31.5	32.5	32 37	itération	32	itération	37	5
32.5	33.5	33 37	itération	33	itération	37	5
33.5	34.5	34 37	itération	34	itération	37	5
34.5	35.5	35 37	itération	35	itération	37	5
35.5	36.5	36 37	itération	36	itération	37	5
36.5	37.5	1	itération	37	itération	37	5
37.5	38.5	38 37	itération	38	itération	37	5
38.5	39.5	39 37	itération	39	itération	37	5
39.5	40.5	40 37	itération	40	itération	37	5
-0.5	0.5	0 38	itération	0	itération	38	5
0.5	1.5	1 38	itération	1	itération	38	5
1.5	2.5	2 38	itération	2	itération	38	5
2.5	3.5	3 38	itération	3	itération	38	5
3.5	4.5	4 38	itération	4	itération	38	5
4.5	5.5	5 38	itération	5	itération	38	5
5.5	6.5	6 38	itération	6	itération	38	5
6.5	7.5	7 38	itération	7	itération	38	5
7.5	8.5	8 38	itération	8	itération	38	5
8.5	9.5	9 38	itération	9	itération	38	5
9.5	10.5	10 38	itération	10	itération	38	5
10.5	11.5	11 38	itération	11	itération	38	5
11.5	12.5	12 38	itération	12	itération	38	5
12.5	13.5	13 38	itération	13	itération	38	5
13.5	14.5	14 38	itération	14	itération	38	5
14.5	15.5	15 38	itération	15	itération	38	5
15.5	16.5	16 38	itération	16	itération	38	5
16.5	17.5	17 38	itération	17	itération	38	5
17.5	18.5	18 38	itération	18	itération	38	5
18.5	19.5	19 38	itération	19	itération	38	5
19.5	20.5	20 38	itération	20	itération	38	5
20.5	21.5	21 38	itération	21	itération	38	5
21.5	22.5	22 38	itération	22	itération	38	5
22.5	23.5	23 38	itération	23	itération	38	5
23.5	24.5	24 38	itération	24	itération	38	5
24.5	25.5	25 38	itération	25	itération	38	5
25.5	26.5	26 38	itération	26	itération	38	5
26.5	27.5	27 38	itération	27	itération	38	5
27.5	28.5	28 38	itération	28	itération	38	5
28.5	29.5	29 38	itération	29	itération	38	5
29.5	30.5	30 38	itération	30	itération	38	5
30.5	31.5	31 38	itération	31	itération	38	5
31.5	32.5	32 38	itération	32	itération	38	5
32.5	33.5	33 38	itération	33	itération	38	5
33.5	34.5	34 38	itération	34	itération	38	5
34.5	35.5	35 38	itération	35	itération	38	5
35.5	36.5	36 38	itération	36	itération	38	5
36.5	37.5	37 38	itération	37	itération	38	5
37.5	38.5	1	itération	38	itération	38	5
38.5	39.5	39 38	itération	39	itération	38	5
39.5	40.5	40 38	itération	40	itération	38	5
-0.5	0.5	0 39	itération	0	itération	39	5
0.5	1.5	1 39	itération	1	itération	39	5
1.5	2.5	2 39	itération	2	itération	39	5
2.5	3.5	3 39	itération	3	itération	39	5
3.5	4.5	4 39	itération	4	itération	39	5
4.5	5.5	5 39	itération	5	itération	39	5
5.5	6.5	6 39	itération	6	itération	39	5
6.5	7.5	7 39	itération	7	itération	39	5
7.5	8.5	8 39	itération	8	itération	39	5
8.5	9.5	9 39	itération	9	itération	39	5
9.5	10.5	10 39	itération	10	itération	39	5
10.5	11.5	11 39	itération	11	itération	39	5
11.5	12.5	12 39	itération	12	itération	39	5
12.5	13.5	13 39	itération	13	itération	39	5
13.5	14.5	14 39	itération	14	itération	39	5
14.5	15.5	15 39	itération	15	itération	39	5
15.5	16.5	16 39	itération	16	itération	39	5
16.5	17.5	17 39	itération	17	itération	39	5
17.5	18.5	18 39	itération	18	itération	39	5
18.5	19.5	19 39	itération	19	itération	39	5
19.5	20.5	20 39	itération	20	itération	39	5
20.5	21.5	21 39	itération	21	itération	39	5
21.5	22.5	22 39	itération	22	itération	39	5
22.5	23.5	23 39	itération	23	itération	39	5
23.5	24.5	24 39	itération	24	itération	39	5
24.5	25.5	25 39	itération	25	itération	39	5
25.5	26.5	26 39	itération	26	itération	39	5
26.5	27.5	27 39	itération	27	itération	39	5
27.5	28.5	28 39	itération	28	itération	39	5
28.5	29.5	29 39	itération	29	itération	39	5
29.5	30.5	30 39	itération	30	itération	39	5
30.5	31.5	31 39	itération	31	itération	39	5
31.5	32.5	32 39	itération	32	itération	39	5
32.5	33.5	33 39	itération	33	itération	39	5
33.5	34.5	34 39	itération	34	itération	39	5
34.5	35.5	35 39	itération	35	itération	39	5
35.5	36.5	36 39	itération	36	itération	39	5
36.5	37.5	37 39	itération	37	itération	39	5
37.5	38.5	38 39	itération	38	itération	39	5
38.5	39.5	1	itération	39	itération	39	5
39.5	40.5	40 39	itération	40	itération	39	5
-0.5	0.5	0 40	itération	0	itération	40	5
0.5	1.5	1 40	itération	1	itération	40	5
1.5	2.5	2 40	itération	2	itération	40	5
2.5	3.5	3 40	itération	3	itération	40	5
3.5	4.5	4 40	itération	4	itération	40	5
4.5	5.5	5 40	itération	5	itération	40	5
5.5	6.5	6 40	itération	6	itération	40	5
6.5	7.5	7 40	itération	7	itération	40	5
7.5	8.5	8 40	itération	8	itération	40	5
8.5	9.5	9 40	itération	9	itération	40	5
9.5	10.5	10 40	itération	10	itération	40	5
10.5	11.5	11 40	itération	11	itération	40	5
11.5	12.5	12 40	itération	12	itération	40	5
12.5	13.5	13 40	itération	13	itération	40	5
13.5	14.5	14 40	itération	14	itération	40	5
14.5	15.5	15 40	itération	15	itération	40	5
15.5	16.5	16 40	itération	16	itération	40	5
16.5	17.5	17 40	itération	17	itération	40	5
17.5	18.5	18 40	itération	18	itération	40	5
18.5	19.5	19 40	itération	19	itération	40	5
19.5	20.5	20 40	itération	20	itération	40	5
20.5	21.5	21 40	itération	21	itération	40	5
21.5	22.5	22 40	itération	22	itération	40	5
22.5	23.5	23 40	itération	23	itération	40	5
23.5	24.5	24 40	itération	24	itération	40	5
24.5	25.5	25 40	itération	25	itération	40	5
25.5	26.5	26 40	itération	26	itération	40	5
26.5	27.5	27 40	itération	27	itération	40	5
27.5	28.5	28 40	itération	28	itération	40	5
28.5	29.5	29 40	itération	29	itération	40	5
29.5	30.5	30 40	itération	30	itération	40	5
30.5	31.5	31 40	itération	31	itération	40	5
31.5	32.5	32 40	itération	32	itération	40	5
32.5	33.5	33 40	itération	33	itération	40	5
33.5	34.5	34 40	itération	34	itération	40	5
34.5	35.5	35 40	itération	35	itération	40	5
35.5	36.5	36 40	itération	36	itération	40	5
36.5	37.5	37 40	itération	37	itération	40	5
37.5	38.5	38 40	itération	38	itération	40	5
38.5	39.5	39 40	itération	39	itération	40	5
39.5	40.5	1	itération	40	itération	40	5
