group	y
1	0
1	0.00922262848298498
1	0.0184271434592295
1	0.0276135862957143
1	0.0367819982573031
1	0.0459324205070027
1	0.0550648941062234
1	0.0641794600150385
1	0.073276159092443
1	0.0823550320966112
1	0.0914161196851551
1	0.10045946241538
1	0.109485100744542
1	0.1184930750301
1	0.127483425529977
1	0.136456192402808
1	0.145411415708194
1	0.154349135406959
1	0.163269391361399
1	0.172172223335532
1	0.181057670995354
1	0.189925773909084
1	0.198776571547415
1	0.207610103283764
1	0.216426408394521
1	0.225225526059294
1	0.234007495361156
1	0.242772355286894
1	0.251520144727253
1	0.26025090247718
1	0.268964667236072
1	0.277661477608015
1	0.28634137210203
1	0.295004389132316
1	0.30365056701849
1	0.31227994398583
1	0.320892558165513
1	0.329488447594858
1	0.338067650217565
1	0.346630203883951
1	0.355176146351193
1	0
1	0.00921860919188584
1	0.018419114752838
1	0.0276015580246672
1	0.0367659802471321
1	0.0459124225581996
1	0.0550409259943049
1	0.0641515314906105
1	0.0732442798812651
1	0.0823192118996613
1	0.0913763681786931
1	0.100415789251012
1	0.109437515549283
1	0.118441587406441
1	0.127428045055943
1	0.136396928632025
1	0.145348278169952
1	0.154282133606273
1	0.163198534779074
1	0.172097521428225
1	0.180979133195634
1	0.189843409625498
1	0.198690390164547
1	0.207520114162301
1	0.216332620871309
1	0.225127949447403
1	0.233906138949944
1	0.242667228342063
1	0.251411256490914
1	0.260138262167914
1	0.268848284048986
1	0.277541360714809
1	0.286217530651054
1	0.294876832248632
1	0.30351930380393
1	0.312144983519058
1	0.320753909502084
1	0.329346119767279
1	0.337921652235353
1	0.346480544733695
1	0.355022834996607
1	0
1	0.00909085774160742
1	0.0181639257505796
1	0.0272192445687087
1	0.0362568546378035
1	0.0452767962999453
1	0.0542791097977421
1	0.0632638352745827
1	0.0722310127748896
1	0.0811806822443719
1	0.0901128835302771
1	0.0990276563816423
1	0.107925040449545
1	0.116805075287353
1	0.125667800350973
1	0.134513254999102
1	0.143341478493471
1	0.152152509999096
1	0.160946388584523
1	0.169723153222074
1	0.178482842788095
1	0.187225496063198
1	0.195951151732505
1	0.204659848385893
1	0.213351624518239
1	0.222026518529657
1	0.230684568725745
1	0.239325813317821
1	0.247950290423169
1	0.256558038065275
1	0.265149094174067
1	0.273723496586154
1	0.282281283045063
1	0.290822491201478
1	0.299347158613477
1	0.307855322746764
1	0.31634702097491
1	0.324822290579584
1	0.33328116875079
1	0.341723692587098
1	0.35014989909588
1	0
1	0.00893395338813071
1	0.0178505025735712
1	0.02674968711553
1	0.0356315464757744
1	0.0444961200188787
1	0.0533434470124723
1	0.0621735666274871
1	0.0709865179384039
1	0.0797823399234987
1	0.088561071465088
1	0.0973227513497735
1	0.106067418268686
1	0.114795110817731
1	0.123505867497827
1	0.132199726715152
1	0.140876726781383
1	0.149536905913939
1	0.158180302236219
1	0.166806953777843
1	0.175416898474889
1	0.184010174170137
1	0.1925868186133
1	0.201146869461266
1	0.209690364278333
1	0.218217340536444
1	0.226727835615427
1	0.235221886803222
1	0.243699531296123
1	0.252160806199008
1	0.260605748525569
1	0.269034395198553
1	0.277446783049984
1	0.285842948821401
1	0.294222929164086
1	0.302586760639294
1	0.310934479718483
1	0.319266122783543
1	0.327581726127023
1	0.33588132595236
1	0.344164958374105
1	0
1	0.0086333165394201
1	0.0172499675714452
1	0.0258499907726036
1	0.0344334237268517
1	0.0430003039258101
1	0.0515506687689989
1	0.0600845555640722
1	0.0686020015270524
1	0.0771030437825639
1	0.0855877193640654
1	0.0940560652140827
1	0.10250811818444
1	0.110943915036492
1	0.119363492441353
1	0.127766886980128
1	0.136154135144139
1	0.14452527333516
1	0.152880337865639
1	0.161219364958928
1	0.16954239074951
1	0.177849451283224
1	0.186140582517495
1	0.194415820321551
1	0.202675200476658
1	0.210918758676335
1	0.219146530526582
1	0.227358551546103
1	0.235554857166526
1	0.243735482732627
1	0.251900463502549
1	0.260049834648025
1	0.268183631254596
1	0.27630188832183
1	0.284404640763544
1	0.292491923408019
1	0.30056377099822
1	0.308620218192011
1	0.316661299562374
1	0.324687049597622
1	0.332697502701619
1	0
1	0.00859666647541008
1	0.0171767574963577
1	0.0257403105098572
1	0.0342873628709446
1	0.0428179518429125
1	0.051332114597543
1	0.0598298882153418
1	0.0683113096857703
1	0.0767764159074774
1	0.0852252436885314
1	0.0936578297466502
1	0.102074210709432
1	0.110474423114584
1	0.118858503410154
1	0.127226487954753
1	0.135578413017792
1	0.143914314779698
1	0.152234229332152
1	0.160538192678307
1	0.168826240733017
1	0.17709840932306
1	0.185354734187364
1	0.193595250977231
1	0.201819995256557
1	0.210029002502058
1	0.218222308103491
1	0.226399947363876
1	0.234561955499712
1	0.242708367641206
1	0.250839218832485
1	0.258954544031818
1	0.267054378111837
1	0.27513875585975
1	0.283207711977562
1	0.291261281082291
1	0.299299497706184
1	0.307322396296932
1	0.315330011217889
1	0.323322376748281
1	0.331299527083423
1	0
1	0.00857067878145637
1	0.0171248459628558
1	0.0256625388284698
1	0.0341837945710123
1	0.0426886502918737
1	0.0511771430013529
1	0.0596493096188897
1	0.0681051869732965
1	0.0765448118029886
1	0.0849682207562149
1	0.0933754503912876
1	0.101766537176811
1	0.110141517491911
1	0.118500427626461
1	0.126843303781311
1	0.135170182068514
1	0.143481098511552
1	0.151776089045561
1	0.160055189517558
1	0.168318435686661
1	0.176565863224319
1	0.184797507714529
1	0.193013404654065
1	0.201213589452694
1	0.209398097433401
1	0.217566963832609
1	0.225720223800401
1	0.233857912400736
1	0.241980064611673
1	0.250086715325585
1	0.258177899349381
1	0.266253651404723
1	0.274314006128238
1	0.282358998071742
1	0.290388661702451
1	0.298403031403197
1	0.306402141472643
1	0.314386026125499
1	0.322354719492732
1	0.330308255621783
1	0
1	0.00848238420315095
1	0.0169484737549985
1	0.0253983053868863
1	0.0338319157400308
1	0.042249341365751
1	0.0506506187256976
1	0.0590357841920811
1	0.0674048740478996
1	0.0757579244871662
1	0.0840949716151356
1	0.0924160514485298
1	0.100721199915764
1	0.109010452857171
1	0.117283846025227
1	0.125541415084772
1	0.133783195613235
1	0.14200922310086
1	0.15021953295092
1	0.158414160479946
1	0.166593140917943
1	0.174756509408612
1	0.182904301009572
1	0.191036550692573
1	0.199153293343721
1	0.207254563763693
1	0.215340396667954
1	0.223410826686976
1	0.23146588836645
1	0.239505616167507
1	0.247530044466931
1	0.255539207557372
1	0.263533139647562
1	0.271511874862529
1	0.279475447243808
1	0.287423890749655
1	0.295357239255258
1	0.303275526552947
1	0.311178786352409
1	0.319067052280895
1	0.326940357883429
1	0
1	0.00842331141005268
1	0.016830473316659
1	0.0252215220812306
1	0.0335964939760089
1	0.041955425184292
1	0.0502983518006617
1	0.0586253098312089
1	0.0669363351937594
1	0.075231463718098
1	0.0835107311461933
1	0.0917741731324209
1	0.100021825243787
1	0.108253722960149
1	0.11646990167444
1	0.124670396692888
1	0.132855243235239
1	0.141024476434972
1	0.149178131339527
1	0.157316242910514
1	0.165438846023941
1	0.173545975470423
1	0.181637665955408
1	0.189713952099386
1	0.197774868438111
1	0.205820449422813
1	0.213850729420413
1	0.221865742713742
1	0.22986552350175
1	0.23785010589972
1	0.245819523939484
1	0.253773811569633
1	0.261713002655727
1	0.269637130980512
1	0.277546230244123
1	0.285440334064301
1	0.293319475976598
1	0.301183689434587
1	0.309033007810074
1	0.316867464393301
1	0.324687092393155
1	0
1	0.0084003254259469
1	0.0167845578273468
1	0.025152733421666
1	0.0335048883375729
1	0.0418410586151641
1	0.0501612802061901
1	0.0584655889742801
1	0.0667540206951663
1	0.0750266110569078
1	0.0832833956601139
1	0.0915244100181666
1	0.0997496895574425
1	0.107959269617535
1	0.116153185451473
1	0.124331472225945
1	0.132494165021515
1	0.140641298832846
1	0.148772908568912
1	0.156889029053224
1	0.164989695024042
1	0.173074941134593
1	0.181144801953288
1	0.18919931196394
1	0.197238505565974
1	0.205262417074647
1	0.213271080721258
1	0.221264530653365
1	0.229242800934996
1	0.237205925546863
1	0.24515393838657
1	0.25308687326883
1	0.261004763925673
1	0.268907644006656
1	0.276795547079073
1	0.284668506628164
1	0.292526556057326
1	0.300369728688318
1	0.308198057761469
1	0.316011576435889
1	0.323810317789669
1	0
1	0.0083080217118587
1	0.0166001771987781
1	0.0248765021001902
1	0.0331370319682242
1	0.041381802267929
1	0.0496108483774944
1	0.0578242055884725
1	0.0660219091059983
1	0.074203994049009
1	0.0823704954504643
1	0.0905214482575645
1	0.0986568873319688
1	0.106776847450013
1	0.114881363302928
1	0.122970469497053
1	0.131044200554056
1	0.139102590911143
1	0.147145674921281
1	0.155173486853406
1	0.163186060892637
1	0.171183431140495
1	0.179165631615107
1	0.187132696251427
1	0.195084658901439
1	0.203021553334376
1	0.210943413236925
1	0.218850272213438
1	0.226742163786143
1	0.234619121395353
1	0.242481178399671
1	0.250328368076201
1	0.258160723620754
1	0.265978278148054
1	0.273781064691947
1	0.281569116205604
1	0.289342465561724
1	0.297101145552746
1	0.304845188891044
1	0.312574628209138
1	0.320289496059892
1	0
1	0.00811243713173215
1	0.0162094886097184
1	0.02429118884858
1	0.0323575721788034
1	0.0404086728469545
1	0.0484445250158919
1	0.0564651627649795
1	0.0644706200902996
1	0.0724609309048639
1	0.0804361290388251
1	0.0883962482396874
1	0.0963413221725171
1	0.104271384420151
1	0.112186468483408
1	0.120086607781295
1	0.127971835651214
1	0.135842185349174
1	0.143697690049995
1	0.151538382847512
1	0.159364296754788
1	0.167175464704309
1	0.1749719195482
1	0.18275369405842
1	0.190520820926972
1	0.198273332766102
1	0.206011262108504
1	0.21373464140752
1	0.221443503037347
1	0.22913787929323
1	0.236817802391668
1	0.244483304470615
1	0.252134417589674
1	0.259771173730302
1	0.267393604796006
1	0.275001742612537
1	0.282595618928098
1	0.290175265413528
1	0.297740713662508
1	0.305291995191755
1	0.312829141441214
1	0
1	0.00809435602180892
1	0.0161733708169969
1	0.0242370786869556
1	0.032285513849235
1	0.0403187104377565
1	0.0483367025030254
1	0.0563395240123434
1	0.0643272088500198
1	0.0722997908175828
1	0.0802573036339898
1	0.0881997809358374
1	0.0961272562775709
1	0.104039763131693
1	0.111937334888972
1	0.11982000485865
1	0.127687806268649
1	0.13554077226578
1	0.143378935915947
1	0.151202330204352
1	0.159010988035703
1	0.166804942234417
1	0.174584225544823
1	0.182348870631366
1	0.190098910078813
1	0.197834376392449
1	0.205555301998288
1	0.213261719243265
1	0.220953660395443
1	0.228631157644211
1	0.236294243100485
1	0.243942948796908
1	0.251577306688045
1	0.259197348650586
1	0.266803106483541
1	0.274394611908438
1	0.281971896569521
1	0.289534992033943
1	0.297083929791965
1	0.304618741257152
1	0.312139457766564
1	0
1	0.00806465564113678
1	0.0161140430325068
1	0.0241481962895088
1	0.032167149444181
1	0.0401709364454126
1	0.0481595911591557
1	0.0561331473686358
1	0.0640916387745622
1	0.072035098995338
1	0.079963561567269
1	0.0878770599447729
1	0.0957756275005867
1	0.103659297525975
1	0.111528103230938
1	0.119382077744414
1	0.127221254114491
1	0.135045665308609
1	0.142855344213765
1	0.150650323636718
1	0.158430636304192
1	0.166196314863083
1	0.173947391880656
1	0.181683899844752
1	0.189405871163986
1	0.197113338167954
1	0.204806333107428
1	0.212484888154558
1	0.220149035403074
1	0.22779880686848
1	0.235434234488261
1	0.243055350122072
1	0.250662185551941
1	0.258254772482467
1	0.265833142541012
1	0.273397327277901
1	0.280947358166618
1	0.288483266603997
1	0.29600508391042
1	0.303512841330012
1	0.31100657003083
1	0
1	0.00804147984477279
1	0.0160677483850661
1	0.0240788395911449
1	0.0320747873502887
1	0.0400556254670025
1	0.0480213876632279
1	0.0559721075785519
1	0.0639078187704173
1	0.071828554714331
1	0.0797343488040722
1	0.0876252343519005
1	0.0955012445887627
1	0.1033624126645
1	0.111208771648053
1	0.11904035452767
1	0.126857194211108
1	0.13465932352584
1	0.142446775219259
1	0.150219581958882
1	0.157977776332549
1	0.16572139084863
1	0.173450457936227
1	0.181165009945369
1	0.188865079147223
1	0.196550697734284
1	0.204221897820583
1	0.211878711441882
1	0.219521170555873
1	0.227149307042378
1	0.234763152703545
1	0.242362739264048
1	0.24994809837128
1	0.257519261595551
1	0.265076260430287
1	0.272619126292217
1	0.280147890521577
1	0.2876625843823
1	0.295163239062206
1	0.302649885673204
1	0.310122555251476
1	0
1	0.00800349207665138
1	0.0159918661886308
1	0.0239651560683122
1	0.0319233953656991
1	0.0398666176486348
1	0.0477948564030106
1	0.0557081450329744
1	0.0636065168611384
1	0.0714900051287864
1	0.0793586429960804
1	0.0872124635422667
1	0.0950514997658818
1	0.102875784584957
1	0.110685350837224
1	0.118480231280318
1	0.126260458591981
1	0.134026065370265
1	0.141777084133736
1	0.149513547321674
1	0.157235487294275
1	0.164942936332852
1	0.172635926640035
1	0.180314490339972
1	0.187978659478527
1	0.195628466023481
1	0.203263941864725
1	0.210885118814466
1	0.218492028607417
1	0.226084702900998
1	0.233663173275529
1	0.24122747123443
1	0.248777628204413
1	0.256313675535677
1	0.263835644502104
1	0.271343566301452
1	0.278837472055546
1	0.286317392810474
1	0.293783359536779
1	0.301235403129649
1	0.308673554409107
1	0
1	0.00797243115287851
1	0.015929820660932
1	0.0238722020620211
1	0.0317996088121397
1	0.0397120742856229
1	0.0476096317753542
1	0.0554923144929733
1	0.0633601555690819
1	0.0712131880534497
1	0.0790514449152201
1	0.086874959043115
1	0.0946837632456391
1	0.102477890251283
1	0.110257372708729
1	0.11802224318705
1	0.125772534175915
1	0.13350827808579
1	0.141229507248136
1	0.148936253915617
1	0.156628550262292
1	0.16430642838382
1	0.171969920297657
1	0.179619057943255
1	0.187253873182261
1	0.194874397798713
1	0.202480663499237
1	0.210072701913247
1	0.217650544593135
1	0.225214223014472
1	0.232763768576202
1	0.240299212600834
1	0.247820586334639
1	0.255327920947839
1	0.262821247534809
1	0.270300597114258
1	0.27776600062943
1	0.285217488948293
1	0.292655092863726
1	0.300078843093717
1	0.307488770281547
1	0
1	0.0078268108818757
1	0.0156389379227337
1	0.0234364137485157
1	0.0312192709056555
1	0.0389875418612803
1	0.046741259003413
1	0.0544804546411721
1	0.0622051610049729
1	0.069915410246727
1	0.0776112344400417
1	0.0852926655804188
1	0.0929597355854532
1	0.10061247629503
1	0.108250919471523
1	0.11587509679999
1	0.123485039888371
1	0.13108078026768
1	0.138662349392208
1	0.146229778639708
1	0.153783099311596
1	0.161322342633144
1	0.168847539753671
1	0.176358721746737
1	0.183855919610335
1	0.191339164267083
1	0.198808486564416
1	0.206263917274775
1	0.213705487095798
1	0.221133226650512
1	0.228547166487517
1	0.235947337081183
1	0.243333768831828
1	0.250706492065916
1	0.258065537036237
1	0.265410933922097
1	0.272742712829506
1	0.280060903791358
1	0.287365536767623
1	0.29465664164553
1	0.301934248239749
1	0
1	0.0077771646998561
1	0.0155397675444099
1	0.0232878408487036
1	0.0310214168490754
1	0.0387405277033591
1	0.046445205491084
1	0.0541354822136733
1	0.0618113897946424
1	0.0694729600797971
1	0.0771202248374302
1	0.0847532157585191
1	0.0923719644569213
1	0.0999765024695708
1	0.107566861256673
1	0.115143072201899
1	0.122705166612581
1	0.130253175719906
1	0.137787130679107
1	0.145307062569657
1	0.152813002395464
1	0.160304981085058
1	0.167783029491785
1	0.175247178393996
1	0.182697458495242
1	0.190133900424457
1	0.197556534736151
1	0.2049653919106
1	0.212360502354032
1	0.219741896398814
1	0.227109604303643
1	0.23446365625373
1	0.241804082360986
1	0.249130912664212
1	0.256444177129277
1	0.26374390564931
1	0.271030128044883
1	0.278302874064192
1	0.285562173383243
1	0.292808055606032
1	0.300040550264734
1	0
1	0.00772810867815889
1	0.0154417760366471
1	0.0231410340833029
1	0.030825914748055
1	0.0384964498831208
1	0.0461526712632031
1	0.0537946105856872
1	0.0614222994708372
1	0.0690357694619914
1	0.076635052025758
1	0.0842201785522096
1	0.0917911803550772
1	0.0993480886719446
1	0.106890934664441
1	0.114419749418434
1	0.121934563944222
1	0.129435409176725
1	0.136922315975677
1	0.144395315125818
1	0.15185443733708
1	0.159299713244781
1	0.166731173409813
1	0.174148848318828
1	0.181552768384431
1	0.188942963945366
1	0.196319465266701
1	0.203682302540019
1	0.2110315058836
1	0.21836710534261
1	0.225689130889286
1	0.232997612423119
1	0.240292579771041
1	0.247574062687608
1	0.254842090855182
1	0.262096693884116
1	0.269337901312936
1	0.276565742608523
1	0.283780247166294
1	0.290981444310385
1	0.298169363293829
1	0
1	0.00754906626461096
1	0.01508413113496
1	0.0226052254976666
1	0.0301123801643411
1	0.0376056258717747
1	0.0450849932821294
1	0.052550512983127
1	0.0600022154882381
1	0.0674401312368703
1	0.074864290594556
1	0.0822747238531396
1	0.0896714612309648
1	0.0970545328730602
1	0.104423968851326
1	0.111779799164718
1	0.119122053739435
1	0.126450762429101
1	0.133765955014949
1	0.141067661206006
1	0.148355910639276
1	0.155630732879921
1	0.162892157421444
1	0.170140213685871
1	0.177374931023932
1	0.18459633871524
1	0.191804465968473
1	0.198999341921554
1	0.206180995641829
1	0.213349456126247
1	0.220504752301535
1	0.227646913024382
1	0.234775967081611
1	0.241891943190359
1	0.248994869998251
1	0.256084776083578
1	0.263161689955473
1	0.270225640054083
1	0.277276654750749
1	0.284314762348175
1	0.291339991080604
1	0
1	0.00748600341659393
1	0.0149581603907535
1	0.0224165014141792
1	0.029861056904584
1	0.0372918572058804
1	0.0447089325883679
1	0.0521123132489194
1	0.0595020293111674
1	0.0668781108256897
1	0.0742405877701946
1	0.0815894900497056
1	0.0889248474967453
1	0.0962466898715197
1	0.103555046862101
1	0.110849948084611
1	0.118131423083402
1	0.125399501331241
1	0.132654212229489
1	0.139895585108282
1	0.147123649226714
1	0.154338433773013
1	0.161539967864724
1	0.168728280548887
1	0.175903400802215
1	0.18306535753127
1	0.190214179572647
1	0.197349895693145
1	0.204472534589946
1	0.211582124890793
1	0.218678695154162
1	0.225762273869443
1	0.232832889457107
1	0.239890570268888
1	0.246935344587955
1	0.253967240629082
1	0.260986286538826
1	0.267992510395697
1	0.274985940210329
1	0.281966603925656
1	0.288934529417081
1	0
1	0.00716175933514132
1	0.0143104689285139
1	0.0214461572413023
1	0.0285688526659551
1	0.0356785835263592
1	0.0427753780780131
1	0.0498592645082
1	0.0569302709361601
1	0.0639884254132633
1	0.0710337559231803
1	0.0780662903820541
1	0.085086056638671
1	0.0920930824746306
1	0.099087395604516
1	0.106069023676063
1	0.11303799427033
1	0.119994334901865
1	0.126938073018874
1	0.133869236003393
1	0.140787851171448
1	0.147693945773228
1	0.154587546993247
1	0.161468681950514
1	0.168337377698696
1	0.175193661226284
1	0.182037559456759
1	0.188869099248752
1	0.195688307396213
1	0.202495210628572
1	0.209289835610902
1	0.216072208944084
1	0.222842357164963
1	0.229600306746518
1	0.236346084098018
1	0.243079715565184
1	0.24980122743035
1	0.256510645912624
1	0.263207997168045
1	0.269893307289746
1	0.276566602308109
1	0
1	0.00714011245247538
1	0.014267228351773
1	0.021381376023518
1	0.0284825837249501
1	0.0355708796450973
1	0.0426462919049476
1	0.0497088485576219
1	0.0567585775885451
1	0.0637955069156178
1	0.0708196643893865
1	0.0778310777932146
1	0.0848297748434519
1	0.0918157831896042
1	0.0987891304145022
1	0.10574984403447
1	0.112697951499495
1	0.119633480193392
1	0.126556457433973
1	0.133466910473215
1	0.140364866497424
1	0.147250352627403
1	0.154123395918615
1	0.160984023361352
1	0.167832261880896
1	0.174668138337686
1	0.181491679527479
1	0.188302912181518
1	0.195101862966689
1	0.201888558485691
1	0.208663025277189
1	0.215425289815984
1	0.222175378513172
1	0.228913317716302
1	0.235639133709539
1	0.242352852713826
1	0.249054500887037
1	0.255744104324146
1	0.262421689057376
1	0.269087281056367
1	0.275740906228325
1	0
1	0.00712173553380534
1	0.01423051966839
1	0.0213263806142972
1	0.0284093465139824
1	0.0354794454419863
1	0.0425367054051056
1	0.0495811543425653
1	0.0566128201261891
1	0.0636317305605699
1	0.07063791338324
1	0.0776313962648404
1	0.0846122068092905
1	0.0915803725539561
1	0.0985359209698181
1	0.10547887946164
1	0.112409275368137
1	0.11932713596214
1	0.126232488450763
1	0.133125359975572
1	0.140005777612749
1	0.146873768373254
1	0.153729359202994
1	0.160572576982989
1	0.167403448529528
1	0.174222000594341
1	0.18102825986476
1	0.187822252963877
1	0.194604006450712
1	0.201373546820372
1	0.208130900504215
1	0.214876093870008
1	0.221609153222087
1	0.228330104801523
1	0.235038974786275
1	0.241735789291354
1	0.248420574368979
1	0.255093356008739
1	0.261754160137747
1	0.2684030126208
1	0.275039939260538
1	0
1	0.00706635217252898
1	0.0141198890283854
1	0.0211606384312846
1	0.0281886281777519
1	0.0352038859972917
1	0.0422064395525578
1	0.0491963164395217
1	0.0561735441876417
1	0.0631381502600306
1	0.0700901620536241
1	0.0770296068993472
1	0.0839565120622818
1	0.0908709047418328
1	0.0977728120718942
1	0.104662261121015
1	0.111539278892562
1	0.11840389232489
1	0.125256128291499
1	0.132096013601204
1	0.138923574998296
1	0.145738839162703
1	0.152541832710158
1	0.159332582192355
1	0.166111114097114
1	0.172877454848545
1	0.179631630807202
1	0.186373668270251
1	0.193103593471623
1	0.199821432582181
1	0.206527211709873
1	0.213220956899895
1	0.219902694134846
1	0.22657244933489
1	0.233230248357912
1	0.239876116999672
1	0.246510080993967
1	0.253132166012785
1	0.25974239766646
1	0.26634080150383
1	0.272927403012391
1	0
1	0.00699758266207064
1	0.0139825189811459
1	0.0209548363902855
1	0.0279145622564725
1	0.0348617238807807
1	0.041796348498541
1	0.0487184632795075
1	0.0556280953280232
1	0.0625252716831855
1	0.0694100193190107
1	0.076282365144599
1	0.0831423360042979
1	0.0899899586778661
1	0.0968252598806368
1	0.10364826626368
1	0.110459004413965
1	0.117257500854523
1	0.124043782044608
1	0.130817874379857
1	0.137579804192453
1	0.144329597751281
1	0.151067281262095
1	0.157792880867669
1	0.164506422647961
1	0.171207932620273
1	0.177897436739405
1	0.184574960897814
1	0.191240530925773
1	0.197894172591527
1	0.20453591160145
1	0.211165773600199
1	0.217783784170874
1	0.224389968835168
1	0.230984353053528
1	0.237566962225303
1	0.244137821688904
1	0.250696956721955
1	0.257244392541446
1	0.263780154303887
1	0.270304267105459
1	0
1	0.00695933741449019
1	0.0139061224584457
1	0.0208403823254227
1	0.0277621441435204
1	0.0346714349755464
1	0.0415682818191817
1	0.0484527116071451
1	0.0553247512073576
1	0.062184427423106
1	0.0690317669932058
1	0.0758667965921646
1	0.0826895428303442
1	0.0895000322541228
1	0.0962982913460563
1	0.10308434652504
1	0.109858224146468
1	0.116619950502397
1	0.123369551821701
1	0.130107054270235
1	0.136832483950992
1	0.143545866904264
1	0.150247229107798
1	0.156936596476954
1	0.163613994864863
1	0.170279450062586
1	0.176932987799266
1	0.183574633742289
1	0.190204413497439
1	0.19682235260905
1	0.203428476560165
1	0.210022810772688
1	0.216605380607541
1	0.223176211364814
1	0.229735328283925
1	0.236282756543763
1	0.242818521262851
1	0.249342647499492
1	0.255855160251923
1	0.262356084458467
1	0.26884544499768
1	0
1	0.00693278070565332
1	0.0138530742933049
1	0.0207609077902047
1	0.0276563081585757
1	0.0345393022957784
1	0.0414099170344748
1	0.0482681791427913
1	0.0551141153244823
1	0.0619477522190924
1	0.0687691164021188
1	0.0755782343851728
1	0.0823751326161413
1	0.0891598374793479
1	0.0959323752957128
1	0.102692772322914
1	0.109441054755545
1	0.116177248725277
1	0.122901380301014
1	0.129613475489056
1	0.136313560233251
1	0.143001660415159
1	0.149677801854205
1	0.156342010307837
1	0.162994311471683
1	0.169634730979704
1	0.176263294404356
1	0.182880027256738
1	0.189484954986752
1	0.196078102983255
1	0.202659496574212
1	0.209229161026853
1	0.215787121547825
1	0.222333403283341
1	0.228868031319338
1	0.235391030681626
1	0.241902426336041
1	0.248402243188594
1	0.254890506085624
1	0.261367239813949
1	0.267832469101013
1	0
1	0.00679884847669918
1	0.0135855389204966
1	0.0203600975199174
1	0.0271225504006292
1	0.0338729236256009
1	0.0406112431952609
1	0.0473375350476547
1	0.0540518250586027
1	0.0607541390418567
1	0.067444502749257
1	0.0741229418708882
1	0.0807894820352353
1	0.0874441488093387
1	0.0940869676989497
1	0.100717964148685
1	0.107337163542179
1	0.113944591202243
1	0.12054027239101
1	0.127124232310097
1	0.133696496100751
1	0.140257088844004
1	0.146806035560823
1	0.153343361212265
1	0.159869090699624
1	0.166383248864584
1	0.172885860489368
1	0.17937695029689
1	0.185856542950901
1	0.192324663056141
1	0.198781335158488
1	0.205226583745105
1	0.211660433244585
1	0.218082908027106
1	0.224494032404571
1	0.230893830630759
1	0.23728232690147
1	0.243659545354672
1	0.250025510070643
1	0.256380245072124
1	0.262723774324455
1	0
1	0.00678586466535317
1	0.0135596032003488
1	0.0203212417122034
1	0.0270708062454863
1	0.0338083227822778
1	0.0405338172423269
1	0.0472473154832087
1	0.0539488433004808
1	0.0606384264278402
1	0.0673160905372793
1	0.0739818612392413
1	0.0806357640827758
1	0.0872778245556932
1	0.0939080680847197
1	0.100526520035651
1	0.107133205713506
1	0.11372815036268
1	0.120311379167098
1	0.126882917250367
1	0.133442789675926
1	0.139991021447203
1	0.146527637507761
1	0.15305266274145
1	0.15956612197256
1	0.166068039965969
1	0.172558441427293
1	0.179037351003035
1	0.185504793280736
1	0.191960792789121
1	0.198405373998249
1	0.20483856131966
1	0.211260379106523
1	0.217670851653782
1	0.224070003198304
1	0.230457857919025
1	0.236834439937095
1	0.243199773316025
1	0.24955388206183
1	0.255896790123177
1	0.262228521391526
1	0
1	0.0067436831315738
1	0.0134753437771061
1	0.0201950077796596
1	0.0269027009203331
1	0.0335984489184181
1	0.0402822774315541
1	0.0469542120558848
1	0.0536142783262127
1	0.060262501716154
1	0.0668989076382928
1	0.0735235214443352
1	0.0801363684252625
1	0.0867374738114847
1	0.0933268627729928
1	0.0999045604195114
1	0.106470591800651
1	0.113024981906058
1	0.119567755665568
1	0.126098937949356
1	0.132618553568084
1	0.139126627273055
1	0.145623183756362
1	0.152108247651034
1	0.158581843531187
1	0.165043995912174
1	0.17149472925073
1	0.177934067945122
1	0.184362036335294
1	0.190778658703018
1	0.197183959272035
1	0.203577962208206
1	0.209960691619655
1	0.216332171556915
1	0.222692426013074
1	0.22904147892392
1	0.235379354168082
1	0.241706075567177
1	0.248021666885954
1	0.254326151832435
1	0.260619554058057
1	0
1	0.0067234999310054
1	0.0134350269681446
1	0.0201346068280868
1	0.0268222651658646
1	0.0334980275750287
1	0.0401619195878038
1	0.0468139666752425
1	0.0534541942473802
1	0.0600826276533884
1	0.0666992921817285
1	0.073304213060305
1	0.0798974154566175
1	0.0864789244779139
1	0.0930487651713417
1	0.0996069625240994
1	0.106153541463588
1	0.112688526857562
1	0.119211943514278
1	0.125723816182647
1	0.132224169552384
1	0.138713028254152
1	0.14519041685972
1	0.151656359882102
1	0.158110881775712
1	0.164554006936507
1	0.170985759702138
1	0.177406164352094
1	0.183815245107848
1	0.190213026133009
1	0.196599531533458
1	0.202974785357504
1	0.209338811596019
1	0.215691634182591
1	0.222033276993663
1	0.228363763848679
1	0.234683118510227
1	0.240991364684182
1	0.247288526019849
1	0.253574626110106
1	0.259849688491545
1	0
1	0.00666441802086264
1	0.0133170083181176
1	0.0199577962384452
1	0.0265868070678456
1	0.0332040660317921
1	0.0398095982953839
1	0.0464034289634975
1	0.0529855830809393
1	0.0595560856325967
1	0.0661149615435888
1	0.0726622356794176
1	0.0791979328461177
1	0.0857220777904066
1	0.0922346951998336
1	0.0987358097029294
1	0.105225445869355
1	0.111703628210048
1	0.118170381177374
1	0.124625729165272
1	0.1310696965094
1	0.137502307487287
1	0.143923586318471
1	0.150333557164655
1	0.156732244129845
1	0.163119671260498
1	0.169495862545668
1	0.175860841917149
1	0.182214633249619
1	0.188557260360785
1	0.194888747011524
1	0.201209116906031
1	0.207518393691956
1	0.213816600960549
1	0.220103762246803
1	0.226379901029594
1	0.23264504073182
1	0.238899204720548
1	0.24514241630715
1	0.251374698747441
1	0.257596075241827
1	0
1	0.00665725996503455
1	0.0133027097945322
1	0.0199363747903472
1	0.0265582801937698
1	0.0331684511856791
1	0.039766912886695
1	0.0463536903573301
1	0.0529288085981418
1	0.0594922925498823
1	0.0660441670936504
1	0.0725844570510412
1	0.0791131871842961
1	0.0856303821964525
1	0.0921360667314929
1	0.0986302653744935
1	0.105113002651773
1	0.11158430303104
1	0.118044190921542
1	0.12449269067421
1	0.130929826581808
1	0.137355622879079
1	0.14377010374289
1	0.150173293292377
1	0.156565215589096
1	0.162945894637158
1	0.169315354383384
1	0.175673618717442
1	0.182020711471995
1	0.188356656422842
1	0.194681477289062
1	0.200995197733158
1	0.207297841361196
1	0.213589431722953
1	0.219869992312051
1	0.226139546566105
1	0.232398117866859
1	0.238645729540332
1	0.244882404856951
1	0.251108167031699
1	0.257323039224247
1	0
1	0.00665072367249041
1	0.0132896532697791
1	0.019916814052788
1	0.026532231221981
1	0.0331359299175163
1	0.0397279352193984
1	0.0463082721476297
1	0.0528769656623614
1	0.0594340406640451
1	0.0659795219935824
1	0.0725134344324755
1	0.0790358027029766
1	0.0855466514682371
1	0.0920460053324568
1	0.0985338888410323
1	0.105010326480705
1	0.111475342679709
1	0.117928961807918
1	0.124371208176993
1	0.130802106040528
1	0.137221679594199
1	0.143629952975904
1	0.150026950265916
1	0.156412695487021
1	0.162787212604667
1	0.169150525527109
1	0.175502658105549
1	0.181843634134283
1	0.188173477350844
1	0.194492211436141
1	0.200799860014609
1	0.207096446654343
1	0.213381994867245
1	0.219656528109163
1	0.225920069780035
1	0.232172643224025
1	0.238414271729668
1	0.244644978530007
1	0.250864786802734
1	0.257073719670327
1	0
1	0.00645217354250365
1	0.0128930408676564
1	0.0193226259929983
1	0.0257409528788273
1	0.0321480454283434
1	0.0385439274877922
1	0.0449286228466085
1	0.0513021552375584
1	0.057664548336883
1	0.0640158257644395
1	0.0703560110838437
1	0.0766851278026112
1	0.0830031993722985
1	0.0893102491886436
1	0.0956063005917067
1	0.10189137686601
1	0.108165501240677
1	0.114428696889572
1	0.12068098693144
1	0.126922394430043
1	0.133152942394301
1	0.139372653778428
1	0.145581551482069
1	0.15177965835044
1	0.15796699717446
1	0.164143590690893
1	0.17030946158248
1	0.176464632478076
1	0.182609125952787
1	0.188742964528101
1	0.194866170672028
1	0.20097876679923
1	0.207080775271157
1	0.213172218396179
1	0.219253118429723
1	0.225323497574401
1	0.231383377980147
1	0.237432781744346
1	0.243471730911969
1	0.249500247475702
1	0
1	0.00632095658004257
1	0.0126309293561485
1	0.0189299415241367
1	0.0252180162247098
1	0.031495176543592
1	0.0377614455116678
1	0.0440168461051194
1	0.0502614012455642
1	0.056495133800192
1	0.0627180665819016
1	0.0689302223494372
1	0.0751316238075244
1	0.081322293607006
1	0.087502254344977
1	0.0936715285649199
1	0.0998301387568394
1	0.105978107357396
1	0.112115456750041
1	0.118242209265149
1	0.124358387180152
1	0.130464012719672
1	0.136559108055652
1	0.142643695307493
1	0.14871779654218
1	0.154781433774416
1	0.160834628966755
1	0.166877404029729
1	0.172909780821984
1	0.178931781150405
1	0.184943426770246
1	0.190944739385264
1	0.196935740647846
1	0.202916452159135
1	0.208886895469161
1	0.214847092076972
1	0.220797063430756
1	0.226736830927973
1	0.232666415915479
1	0.238585839689658
1	0.244495123496542
1	0
1	0.00631118024189037
1	0.0126114007013006
1	0.0189006845128273
1	0.0251790547561089
1	0.0314465344559635
1	0.037703146582527
1	0.0439489140513901
1	0.0501838597237354
1	0.0564080064064743
1	0.062621376852383
1	0.0688239937602387
1	0.075015879774955
1	0.0811970574877172
1	0.0873675494361176
1	0.0935273781042896
1	0.0996765659230419
1	0.105815135269993
1	0.111943108469703
1	0.118060507793811
1	0.124167355461162
1	0.130263673637943
1	0.136349484437817
1	0.142424809922048
1	0.148489672099643
1	0.154544092927471
1	0.160588094310403
1	0.166621698101439
1	0.17264492610184
1	0.178657800061252
1	0.184660341677845
1	0.190652572598433
1	0.196634514418609
1	0.202606188682869
1	0.208567616884746
1	0.214518820466929
1	0.220459820821402
1	0.226390639289558
1	0.232311297162339
1	0.238221815680351
1	0.244122216033999
1	0
1	0.00624476735128818
1	0.0124787381033189
1	0.0187019349747909
1	0.0249143806305203
1	0.031116097681576
1	0.0373071086854148
1	0.0434874361460157
1	0.0496571025140142
1	0.0558161301868362
1	0.0619645415088318
1	0.0681023587714082
1	0.0742296042131627
1	0.0803463000200151
1	0.08645246832534
1	0.0925481312100988
1	0.0986333107029708
1	0.104708028780485
1	0.110772307367149
1	0.116826168335584
1	0.122869633506649
1	0.128902724649575
1	0.134925463482093
1	0.140937871670563
1	0.146939970830104
1	0.152931782524719
1	0.158913328267429
1	0.164884629520395
1	0.17084570769505
1	0.176796584152223
1	0.182737280202267
1	0.188667817105186
1	0.194588216070761
1	0.200498498258677
1	0.206398684778643
1	0.212288796690526
1	0.21816885500447
1	0.224038880681021
1	0.229898894631253
1	0.23574891771689
1	0.241588970750433
1	0
1	0.0062358841723128
1	0.0124609935722418
1	0.0186753508628566
1	0.0248789786534879
1	0.0310718994998629
1	0.0372541359042397
1	0.0434257103155413
1	0.0495866451294899
1	0.0557369626887399
1	0.0618766852830116
1	0.0680058351492236
1	0.0741244344716255
1	0.0802325053819303
1	0.0863300699594457
1	0.0924171502312059
1	0.0984937681721027
1	0.104559945705016
1	0.110615704700946
1	0.11666106697914
1	0.122696054307224
1	0.128720688401334
1	0.134734990926243
1	0.140738983495489
1	0.146732687671505
1	0.152716124965747
1	0.158689316838823
1	0.164652284700617
1	0.170605049910418
1	0.17654763377705
1	0.182480057558992
1	0.18840234246451
1	0.19431450965178
1	0.200216580229013
1	0.206108575254585
1	0.211990515737152
1	0.217862422635788
1	0.223724316860095
1	0.22957621927034
1	0.235418150677568
1	0.241250131843733
1	0
1	0.00607488172679063
1	0.0121393842805711
1	0.0181935293161641
1	0.0242373384372615
1	0.0302708331965526
1	0.036294035095852
1	0.042306965586227
1	0.0483096460681244
1	0.0543020978914979
1	0.0602843423559344
1	0.0662564007107797
1	0.0722182941552649
1	0.0781700438386318
1	0.084111670860258
1	0.0900431962697815
1	0.0959646410672258
1	0.101876026203124
1	0.107777372578642
1	0.113668701045702
1	0.11955003240711
1	0.12542138741667
1	0.131282786779316
1	0.137134251151227
1	0.142975801139956
1	0.148807457304544
1	0.154629240155646
1	0.160441170155654
1	0.166243267718813
1	0.172035553211342
1	0.17781804695156
1	0.183590769209997
1	0.189353740209521
1	0.195106980125453
1	0.200850509085687
1	0.20658434717081
1	0.212308514414219
1	0.218023030802237
1	0.223727916274235
1	0.229423190722747
1	0.235108873993586
1	0
1	0.00607296503200798
1	0.0121355556005197
1	0.0181877933483549
1	0.0242296998672336
1	0.0302612966979042
1	0.0362826053302713
1	0.0422936472035227
1	0.048294443706257
1	0.05428501617661
1	0.060265385902381
1	0.0662355741211594
1	0.0721956020204498
1	0.0781454907377977
1	0.084085261360915
1	0.0900149349278041
1	0.0959345324268828
1	0.101844074797109
1	0.107743582928102
1	0.11363307766027
1	0.119512579784931
1	0.125382110044434
1	0.131241689132286
1	0.137091337693269
1	0.142931076323568
1	0.148760925570886
1	0.154580905934569
1	0.16039103786573
1	0.166191341767362
1	0.171981837994464
1	0.177762546854161
1	0.183533488605821
1	0.189294683461177
1	0.195046151584444
1	0.200787913092439
1	0.206519988054701
1	0.212242396493605
1	0.217955158384486
1	0.223658293655749
1	0.229351822188994
1	0.235035763819128
1	0
1	0.00597860253548001
1	0.0119470624657092
1	0.0179054008425802
1	0.0238536386684146
1	0.0297917968960867
1	0.0357198964291477
1	0.0416379581219486
1	0.0475460027797635
1	0.0534440511589127
1	0.0593321239668847
1	0.0652102418624587
1	0.0710784254558265
1	0.0769366953087135
1	0.0827850719345008
1	0.0886235757983452
1	0.0944522273173006
1	0.100271046860438
1	0.106080054748964
1	0.111879271256345
1	0.11766871660842
1	0.123448410983526
1	0.129218374512612
1	0.13497862727936
1	0.140729189320302
1	0.14647008062494
1	0.15220132113586
1	0.157922930748853
1	0.163634929313027
1	0.169337336630931
1	0.175030172458664
1	0.180713456505995
1	0.186387208436478
1	0.192051447867567
1	0.197706194370732
1	0.203351467471572
1	0.208987286649933
1	0.21461367134002
1	0.220230640930508
1	0.225838214764663
1	0.231436412140448
1	0
1	0.00595660132084015
1	0.0119031140956501
1	0.0178395592385442
1	0.023765957614422
1	0.0296823300390913
1	0.0355886972793912
1	0.0414850800533141
1	0.0473714990301287
1	0.0532479748305009
1	0.0591145280266164
1	0.0649711791423011
1	0.0708179486531423
1	0.0766548569866098
1	0.0824819245221754
1	0.0882991715914336
1	0.094106618478221
1	0.0999042854187357
1	0.105692192601656
1	0.111470360168262
1	0.117238808212547
1	0.122997556781345
1	0.128746625874441
1	0.134486035444694
1	0.14021580539815
1	0.145935955594161
1	0.151646505845501
1	0.157347475918485
1	0.16303888553308
1	0.168720754363025
1	0.174393102035946
1	0.180055948133469
1	0.185709312191337
1	0.191353213699522
1	0.196987672102344
1	0.20261270679858
1	0.20822833714158
1	0.21383458243938
1	0.219431461954817
1	0.225018994905638
1	0.230597200464616
1	0
1	0.00591754058998532
1	0.0118250886101264
1	0.0177226647299274
1	0.0236102895703102
1	0.029487983703736
1	0.0353557676543267
1	0.0412136618979856
1	0.0470616868625178
1	0.0528998629277509
1	0.0587282104256543
1	0.0645467496404597
1	0.0703555008087793
1	0.0761544841197261
1	0.0819437197150314
1	0.0877232276891642
1	0.0934930280894486
1	0.099253140916182
1	0.105003586122752
1	0.110744383615756
1	0.116475553255113
1	0.122197114854186
1	0.127909088179895
1	0.133611492952832
1	0.139304348847381
1	0.14498767549183
1	0.150661492468486
1	0.156325819313791
1	0.161980675518436
1	0.167626080527477
1	0.173262053740446
1	0.178888614511466
1	0.184505782149365
1	0.190113575917787
1	0.19571201503531
1	0.201301118675549
1	0.206880905967279
1	0.21245139599454
1	0.218012607796748
1	0.223564560368813
1	0.229107272661242
1	0
1	0.0058212112235126
1	0.0116326665682258
1	0.0174343861003994
1	0.0232263898392717
1	0.0290086977571763
1	0.0347813297796599
1	0.0405443057855985
1	0.0462976456073143
1	0.0520413690306921
1	0.0577754957952947
1	0.0635000455944789
1	0.0692150380755109
1	0.0749204928396811
1	0.080616429442419
1	0.0863028673934076
1	0.0919798261566977
1	0.0976473251508216
1	0.103305383748907
1	0.108954021278789
1	0.114593257023125
1	0.120223110219506
1	0.125843600060572
1	0.131454745694117
1	0.137056566223209
1	0.142649080706297
1	0.148232308157324
1	0.153806267545837
1	0.159370977797096
1	0.16492645779219
1	0.170472726368141
1	0.176009802318017
1	0.181537704391041
1	0.187056451292701
1	0.192566061684857
1	0.198066554185852
1	0.203557947370618
1	0.209040259770788
1	0.2145135098748
1	0.219977716128005
1	0.225432896932777
1	0
1	0.00575083111398886
1	0.0114920792802611
1	0.0172237641243348
1	0.0229459052258462
1	0.0286585221186641
1	0.0343616342910044
1	0.0400552611855436
1	0.0457394221995324
1	0.0514141366849093
1	0.0570794239484133
1	0.0627353032516968
1	0.0683817938114379
1	0.0740189147994528
1	0.0796466853428072
1	0.0852651245239284
1	0.090874251380716
1	0.0964740849066534
1	0.102064644050918
1	0.107645947718493
1	0.113218014770276
1	0.118780864023187
1	0.124334514250284
1	0.129878984180867
1	0.135414292500589
1	0.140940457851562
1	0.146457498832472
1	0.15196543399868
1	0.157464281862334
1	0.162954060892476
1	0.168434789515147
1	0.173906486113497
1	0.179369169027893
1	0.18482285655602
1	0.190267566952992
1	0.195703318431457
1	0.201130129161702
1	0.206548017271758
1	0.211957000847505
1	0.217357097932782
1	0.222748326529483
1	0
1	0.00573080929438341
1	0.0114520848366961
1	0.0171638461270733
1	0.0228661126200927
1	0.0285589037248884
1	0.0342422388052636
1	0.0399161371798042
1	0.0455806181219914
1	0.051235700860314
1	0.056881404578381
1	0.0625177484150327
1	0.0681447514644532
1	0.0737624327762811
1	0.0793708113557209
1	0.0849699061636535
1	0.0905597361167466
1	0.0961403200875653
1	0.101711676904681
1	0.107273825352783
1	0.112826784172786
1	0.118370572061939
1	0.123905207673935
1	0.12943070961902
1	0.134947096464101
1	0.140454386732851
1	0.145952598905821
1	0.151441751420545
1	0.156921862671648
1	0.162392951010953
1	0.167855034747584
1	0.173308132148079
1	0.17875226143649
1	0.184187440794491
1	0.189613688361485
1	0.195031022234708
1	0.20043946046933
1	0.205839021078567
1	0.211229722033781
1	0.216611581264584
1	0.221984616658943
1	0
1	0.00561755363364797
1	0.0112258517958954
1	0.0168249132776358
1	0.0224147568260396
1	0.0279954011446632
1	0.0335668648935574
1	0.0391291666893756
1	0.0446823251054821
1	0.0502263586720596
1	0.0557612858762169
1	0.0612871251620957
1	0.066803894930978
1	0.0723116135413924
1	0.0778102993092203
1	0.0832999705078028
1	0.0887806453680455
1	0.0942523420785248
1	0.0997150787855928
1	0.105168873593482
1	0.110613744564412
1	0.116049709718691
1	0.121476787034821
1	0.126894994449604
1	0.132304349858242
1	0.137704871114444
1	0.143096576030526
1	0.148479482377516
1	0.153853607885255
1	0.159218970242503
1	0.164575587097035
1	0.169923476055748
1	0.17526265468476
1	0.180593140509512
1	0.185914951014871
1	0.191228103645226
1	0.196532615804594
1	0.201828504856715
1	0.207115788125158
1	0.212394482893415
1	0.217664606405004
1	0
1	0.00561592433671221
1	0.0112225972053721
1	0.0168200373866699
1	0.0224082636175995
1	0.0279872945915666
1	0.0335571489584978
1	0.0391178453249488
1	0.0446694022542117
1	0.0502118382664236
1	0.0557451718386733
1	0.0612694214051086
1	0.0667846053570433
1	0.0722907420430638
1	0.077787849769135
1	0.0832759467987068
1	0.0887550513528196
1	0.0942251816102098
1	0.0996863557074152
1	0.10513859173888
1	0.110581907757058
1	0.11601632177252
1	0.121441851754056
1	0.126858515628778
1	0.132266331282226
1	0.13766531655847
1	0.143055489260214
1	0.148436867148896
1	0.153809467944796
1	0.159173309327132
1	0.164528408934166
1	0.169874784363306
1	0.175212453171205
1	0.180541432873863
1	0.185861740946731
1	0.191173394824806
1	0.196476411902737
1	0.201770809534922
1	0.207056605035609
1	0.212333815678997
1	0.217602458699332
1	0
1	0.00532623981119064
1	0.0106439399386529
1	0.0159531173489836
1	0.0212537889697749
1	0.0265459716897117
1	0.031829682358667
1	0.0371049377877987
1	0.0423717547496451
1	0.0476301499782206
1	0.0528801401691111
1	0.0581217419795689
1	0.0633549720286079
1	0.0685798468970977
1	0.0737963831278586
1	0.0790045972257553
1	0.0842045056577908
1	0.0893961248532005
1	0.0945794712035448
1	0.0997545610628034
1	0.104921410747467
1	0.110080036536631
1	0.115230454672087
1	0.120372681358417
1	0.125506732763083
1	0.130632625016518
1	0.135750374212223
1	0.140859996406853
1	0.145961507620307
1	0.151054923835826
1	0.156140261000075
1	0.16121753502324
1	0.166286761779115
1	0.171347957105191
1	0.17640113680275
1	0.181446316636948
1	0.18648351233691
1	0.191512739595816
1	0.196534014070991
1	0.201547351383993
1	0.206552767120701
1	0
1	0.00530449598325355
1	0.0106005057095741
1	0.0158880460093919
1	0.0211671336744849
1	0.0264377854580747
1	0.0317000180749218
1	0.036953848201421
1	0.0421992924756957
1	0.0474363674976934
1	0.0526650898292798
1	0.0578854759943326
1	0.0630975424788363
1	0.068301305730975
1	0.0734967821612267
1	0.0786839881424561
1	0.0838629400100075
1	0.0890336540617979
1	0.0941961465584095
1	0.0993504337231815
1	0.104496531742303
1	0.109634456764904
1	0.114764224903148
1	0.119885852232321
1	0.124999354790927
1	0.130104748580773
1	0.135202049567066
1	0.140291273678498
1	0.145372436807341
1	0.15044555480953
1	0.155510643504762
1	0.160567718676578
1	0.165616796072456
1	0.170657891403898
1	0.175691020346521
1	0.180716198540144
1	0.185733441588875
1	0.190742765061205
1	0.195744184490087
1	0.200737715373033
1	0.205723373172194
1	0
1	0.00520954579192488
1	0.010410838629188
1	0.0156038947476123
1	0.0207887303459064
1	0.0259653615857567
1	0.0311338045919182
1	0.0362940754523064
1	0.0414461902180875
1	0.0465901649037699
1	0.051726015487294
1	0.056853757910123
1	0.0619734080773324
1	0.0670849818577004
1	0.0721884950837972
1	0.077283963552074
1	0.0823714030229528
1	0.0874508292209146
1	0.0925222578345888
1	0.0975857045168409
1	0.102641184884861
1	0.107688714520252
1	0.112728308969118
1	0.117759983742149
1	0.122783754314712
1	0.127799636126935
1	0.132807644583798
1	0.137807795055212
1	0.142800102876115
1	0.147784583346551
1	0.15276125173176
1	0.157730123262259
1	0.162691213133935
1	0.167644536508123
1	0.172590108511695
1	0.177527944237146
1	0.182458058742674
1	0.187380467052268
1	0.192295184155793
1	0.197202225009071
1	0.202101604533967
1	0
1	0.00516552850667999
1	0.0103229122136422
1	0.0154721670810597
1	0.0206133090327045
1	0.025746353956037
1	0.0308713177022963
1	0.0359882160865885
1	0.0410970648879767
1	0.0461978798495696
1	0.05129067667861
1	0.0563754710465635
1	0.0614522785892063
1	0.0665211149067139
1	0.071581995563748
1	0.0766349360895449
1	0.081679951978002
1	0.0867170586877655
1	0.091746271642317
1	0.0967676062300602
1	0.101781077804407
1	0.106786701683865
1	0.111784493152122
1	0.116774467458131
1	0.121756639816199
1	0.126731025406069
1	0.131697639373008
1	0.136656496827888
1	0.141607612847276
1	0.146551002473513
1	0.151486680714801
1	0.156414662545289
1	0.161334962905152
1	0.166247596700679
1	0.171152578804353
1	0.176049924054938
1	0.180939647257557
1	0.18582176318378
1	0.190696286571703
1	0.19556323212603
1	0.20042261451816
1	0
1	0.00511904138805351
1	0.0102300521999648
1	0.0153330481047905
1	0.0204280447359387
1	0.0255150576912574
1	0.030594102533122
1	0.0356651947885224
1	0.0407283499491504
1	0.0457835834714866
1	0.0508309107768873
1	0.0558703472516706
1	0.0609019082472032
1	0.0659256090799861
1	0.0709414650317406
1	0.0759494913494938
1	0.0809497032456641
1	0.0859421158981466
1	0.0909267444503977
1	0.0959036040115202
1	0.100872709656347
1	0.105834076425528
1	0.110787719325609
1	0.115733653329123
1	0.120671893374666
1	0.125602454366986
1	0.130525351177066
1	0.135440598642203
1	0.140348211566094
1	0.14524820471892
1	0.150140592837423
1	0.155025390624995
1	0.159902612751755
1	0.164772273854633
1	0.16963438853745
1	0.174488971371001
1	0.179336036893135
1	0.184175599608838
1	0.189007673990311
1	0.193832274477052
1	0.198649415475936
1	0
1	0.00510130352423291
1	0.010194620056058
1	0.0152799651534518
1	0.0203573543390299
1	0.0254268031001343
1	0.0304883268889199
1	0.0355419411224415
1	0.0405876611827402
1	0.0456255024169293
1	0.0506554801372806
1	0.0556776096213101
1	0.0606919061118636
1	0.0656983848172018
1	0.0706970609110857
1	0.0756879495328614
1	0.0806710657875447
1	0.0856464247459059
1	0.0906140414445534
1	0.0955739308860184
1	0.100526108038838
1	0.105470587837641
1	0.110407385183227
1	0.115336514942654
1	0.120257991949318
1	0.125171831003039
1	0.130078046870142
1	0.134976654283536
1	0.139867667942804
1	0.144751102514276
1	0.149626972631117
1	0.154495292893408
1	0.159356077868221
1	0.16420934208971
1	0.169055100059184
1	0.17389336624519
1	0.178724155083596
1	0.183547480977667
1	0.188363358298148
1	0.193171801383344
1	0.197972824539197
1	0
1	0.00507929517334392
1	0.0101506574310352
1	0.0152141021932272
1	0.0202696448450691
1	0.0253173007367918
1	0.0303570851837938
1	0.0353890134667274
1	0.0404131008315835
1	0.0454293624897776
1	0.0504378136182345
1	0.0554384693594732
1	0.0604313448216915
1	0.0654164550788506
1	0.0703938151707592
1	0.0753634401031575
1	0.0803253448478009
1	0.0852795443425439
1	0.0902260534914229
1	0.0951648871647398
1	0.100096060199145
1	0.10501958739772
1	0.109935483530059
1	0.114843763332353
1	0.11974444150747
1	0.12463753272504
1	0.129523051621531
1	0.134401012800336
1	0.139271430831853
1	0.144134320253563
1	0.148989695570115
1	0.153837571253404
1	0.158677961742652
1	0.163510881444489
1	0.168336344733032
1	0.173154365949964
1	0.177964959404617
1	0.182768139374048
1	0.18756392010312
1	0.19235231580458
1	0.197133340659139
1	0
1	0.00505194999126238
1	0.0100960342567639
1	0.0151322680454142
1	0.0201606665715613
1	0.0251812450150767
1	0.0301940185214407
1	0.0351990022018261
1	0.0401962111331833
1	0.0451856603583241
1	0.0501673648860059
1	0.055141339691015
1	0.0601075997142504
1	0.0650661598628074
1	0.0700170350100599
1	0.0749602399957441
1	0.0798957896260406
1	0.0848236986736571
1	0.0897439818779105
1	0.0946566539448092
1	0.0995617295471346
1	0.104459223324523
1	0.109349149883547
1	0.114231523797796
1	0.119106359607958
1	0.123973671821901
1	0.128833474914752
1	0.133685783328978
1	0.138530611474466
1	0.143367973728604
1	0.14819788443636
1	0.153020357910361
1	0.157835408430973
1	0.162643050246382
1	0.167443297572667
1	0.172236164593887
1	0.177021665462153
1	0.181799814297708
1	0.18657062518901
1	0.1913341121928
1	0.19609028933419
1	0
1	0.00503321812124586
1	0.0100586165428395
1	0.0150762103963858
1	0.0200860147792314
1	0.0250880447545493
1	0.0300823153514227
1	0.0350688415649288
1	0.0400476383562224
1	0.0450187206526193
1	0.0499821033476796
1	0.05493780130129
1	0.0598858293397476
1	0.0648262022558416
1	0.0697589348089358
1	0.0746840417250509
1	0.0796015376969462
1	0.0845114373842014
1	0.0894137554132981
1	0.094308506377701
1	0.0991957048379387
1	0.104075365321685
1	0.10894750232384
1	0.11381213030661
1	0.118669263699585
1	0.123518916899825
1	0.128361104271935
1	0.133195840148145
1	0.138023138828392
1	0.142843014580395
1	0.147655481639739
1	0.15246055420995
1	0.157258246462576
1	0.162048572537264
1	0.166831546541839
1	0.17160718255238
1	0.176375494613302
1	0.181136496737429
1	0.185890202906075
1	0.190636627069119
1	0.195375783145083
1	0
1	0.00501681931697516
1	0.0100258592278271
1	0.0150271347614661
1	0.0200206609128104
1	0.025006452642869
1	0.0299845248788257
1	0.0349548925141215
1	0.0399175704085383
1	0.0448725733882808
1	0.0498199162460596
1	0.0547596137411731
1	0.0596916805995897
1	0.0646161315140296
1	0.0695329811440465
1	0.0744422441161091
1	0.0793439350236819
1	0.084238068427307
1	0.0891246588546841
1	0.0940037208007515
1	0.0988752687277667
1	0.103739317065386
1	0.108595880210746
1	0.113444972528539
1	0.118286608351101
1	0.123120801978481
1	0.127947567678528
1	0.132766919686966
1	0.137578872207474
1	0.142383439411765
1	0.147180635439662
1	0.151970474399181
1	0.156752970366603
1	0.161528137386555
1	0.166295989472091
1	0.17105654060476
1	0.175809804734694
1	0.180555795780677
1	0.185294527630225
1	0.190026014139664
1	0.194750269134201
1	0
1	0.00493541390003232
1	0.0098632484153252
1	0.0147835180650033
1	0.0196962373355175
1	0.024601420680725
1	0.0294990825219691
1	0.0343892372481591
1	0.0392718992158497
1	0.0441470827493202
1	0.0490148021406539
1	0.0538750716498165
1	0.0587279055047354
1	0.0635733179013775
1	0.0684113230038282
1	0.0732419349443688
1	0.0780651678235551
1	0.0828810357102945
1	0.0876895526419238
1	0.0924907326242864
1	0.0972845896318094
1	0.102071137607581
1	0.106850390463425
1	0.111622362079982
1	0.116387066306781
1	0.121144516962317
1	0.125894727834127
1	0.130637712678868
1	0.135373485222389
1	0.140102059159808
1	0.144823448155587
1	0.149537665843607
1	0.154244725827244
1	0.15894464167944
1	0.163637426942783
1	0.168323095129575
1	0.17300165972191
1	0.177673134171749
1	0.182337531900987
1	0.186994866301536
1	0.191645150735389
1	0
1	0.0048517043991923
1	0.00969603509639732
1	0.0145330060865251
1	0.0193626313331677
1	0.0241849247686761
1	0.0289999002942361
1	0.0338075717799448
1	0.0386079530648867
1	0.0434010579572093
1	0.0481869002341987
1	0.0529654936423551
1	0.0577368518974683
1	0.062500988684692
1	0.0672579176586195
1	0.0720076524433577
1	0.076750206632602
1	0.0814855937897103
1	0.0862138274477772
1	0.0909349211097079
1	0.0956488882482918
1	0.100355742306276
1	0.10505549669644
1	0.109748164801666
1	0.114433759975013
1	0.119112295539793
1	0.123783784789637
1	0.128448240988574
1	0.133105677371098
1	0.137756107142245
1	0.142399543477659
1	0.147035999523669
1	0.151665488397358
1	0.156288023186635
1	0.160903616950303
1	0.165512282718138
1	0.170114033490949
1	0.174708882240658
1	0.179296841910364
1	0.183877925414418
1	0.188452145638489
1	0
1	0.0048063445176904
1	0.00960542678723294
1	0.0143972605194801
1	0.0191818593947013
1	0.0239592370626573
1	0.0287294071426749
1	0.0334923832237214
1	0.038248178864478
1	0.0429968075934147
1	0.0477382829088633
1	0.052472618279091
1	0.0571998271423741
1	0.0619199229070709
1	0.0666329189516947
1	0.0713388286249869
1	0.0760376652459889
1	0.0807294421041153
1	0.0854141724592258
1	0.090091869541697
1	0.0947625465524949
1	0.0994262166632459
1	0.104082893016309
1	0.108732588724846
1	0.113375316872895
1	0.118011090515437
1	0.122639922678473
1	0.127261826359088
1	0.131876814525527
1	0.13648490011726
1	0.141086096045057
1	0.145680415191055
1	0.150267870408828
1	0.154848474523458
1	0.159422240331602
1	0.163989180601562
1	0.168549308073358
1	0.173102635458789
1	0.177649175441509
1	0.182188940677091
1	0.186721943793096
1	0
1	0.00460847575437651
1	0.00921017544426884
1	0.0138051115414145
1	0.0183932964901727
1	0.0229747427075911
1	0.0275494625834716
1	0.0321174684804364
1	0.0366787727339942
1	0.0412333876526052
1	0.0457813255177472
1	0.0503225985839805
1	0.0548572190790135
1	0.0593851992037671
1	0.0639065511324403
1	0.0684212870125741
1	0.0729294189651166
1	0.0774309590844869
1	0.0819259194386396
1	0.0864143120691287
1	0.0908961489911715
1	0.095371442193712
1	0.099840203639485
1	0.104302445265079
1	0.108758178980999
1	0.113207416671732
1	0.117650170195806
1	0.122086451385855
1	0.126516272048682
1	0.130939643965321
1	0.135356578891097
1	0.139767088555693
1	0.144171184663207
1	0.148568878892217
1	0.15296018289584
1	0.157345108301796
1	0.161723666712467
1	0.166095869704962
1	0.170461728831173
1	0.174821255617839
1	0.179174461566605
1	0
1	0.00450680683087352
1	0.00900708740814197
1	0.0135008535668607
1	0.0179881171163539
1	0.0224688898402763
1	0.0269431834966755
1	0.0314110098180531
1	0.0358723805114271
1	0.0403273072583926
1	0.0447758017151833
1	0.0492178755127328
1	0.0536535402567353
1	0.0580828075277066
1	0.0625056888810445
1	0.0669221958470897
1	0.0713323399311856
1	0.0757361326137391
1	0.08013358535028
1	0.0845247095715214
1	0.0889095166834193
1	0.093288018067232
1	0.0976602250795797
1	0.102026149052504
1	0.106385801293526
1	0.110739193085707
1	0.115086335687706
1	0.119427240333839
1	0.123761918234137
1	0.128090380574405
1	0.132412638516279
1	0.136728703197288
1	0.141038585730904
1	0.14534229720661
1	0.149639848689949
1	0.153931251222587
1	0.158216515822368
1	0.162495653483369
1	0.166768675175964
1	0.171035591846873
1	0.175296414419224
1	0
1	0.00450091193602287
1	0.0089953121027965
1	0.0134832122984606
1	0.0179646242955192
1	0.0224395598409021
1	0.0269080306560269
1	0.0313700484368602
1	0.0358256248539791
1	0.0402747715526323
1	0.0447175001528011
1	0.0491538222492603
1	0.0535837494116392
1	0.0580072931844814
1	0.062424465087306
1	0.0668352766146675
1	0.0712397392362159
1	0.0756378643967567
1	0.0800296635163107
1	0.0844151479901735
1	0.0887943291889755
1	0.0931672184587405
1	0.0975338271209455
1	0.101894166472579
1	0.106248247786202
1	0.110596082310003
1	0.11493768126786
1	0.119273055859398
1	0.123602217260046
1	0.127925176621097
1	0.132241945069765
1	0.136552533709243
1	0.140856953618761
1	0.145155215853643
1	0.149447331445364
1	0.153733311401611
1	0.158013166706333
1	0.162286908319806
1	0.166554547178684
1	0.170816094196058
1	0.175071560261513
1	0
1	0.00447657096820875
1	0.00894668997540031
1	0.0134103686672838
1	0.0178676186643268
1	0.022318451561816
1	0.0267628789299182
1	0.0312009123137403
1	0.0356325632333898
1	0.0400578431840352
1	0.0444767636359655
1	0.0488893360346507
1	0.0532955718008008
1	0.057695482330426
1	0.0620890789948957
1	0.0664763731409979
1	0.0708573760909982
1	0.0752320991426989
1	0.0796005535694977
1	0.0839627506204466
1	0.0883187015203099
1	0.0926684174696231
1	0.0970119096447509
1	0.101349189197945
1	0.105680267257402
1	0.110005154927323
1	0.114323863287968
1	0.118636403395716
1	0.122942786283121
1	0.127243022958969
1	0.131537124408337
1	0.135825101592647
1	0.140106965449726
1	0.144382726893861
1	0.148652396815853
1	0.152915986083078
1	0.15717350553954
1	0.161424966005928
1	0.165670378279673
1	0.169909753135002
1	0.174143101322993
1	0
1	0.00445452149038298
1	0.00890264519755698
1	0.0133443826291505
1	0.0177797452679077
1	0.0222087445717481
1	0.0266313919738264
1	0.031047698882592
1	0.0354576766818483
1	0.0398613367308123
1	0.044258690364173
1	0.048649748892151
1	0.053034523600557
1	0.0574130257508506
1	0.0617852665801984
1	0.066151257301533
1	0.0705110091036105
1	0.0748645331510692
1	0.0792118405844871
1	0.0835529425204395
1	0.0878878500515574
1	0.092216574246584
1	0.0965391261504328
1	0.100855516784244
1	0.105165757145443
1	0.109469858207795
1	0.113767830921464
1	0.118059686213068
1	0.122345434985737
1	0.126625088119165
1	0.130898656469674
1	0.135166150870263
1	0.139427582130665
1	0.143682961037406
1	0.14793229835386
1	0.1521756048203
1	0.156412891153959
1	0.160644168049081
1	0.164869446176979
1	0.169088736186088
1	0.173302048702022
1	0
1	0.00442868589877228
1	0.00885103749501022
1	0.0132670661345519
1	0.0176767831387695
1	0.022080199804628
1	0.0264773274047439
1	0.0308681771874435
1	0.0352527603768216
1	0.0396310881727989
1	0.044003171751181
1	0.0483690222637154
1	0.0527286508381499
1	0.0570820685782896
1	0.0614292865640548
1	0.065770315851538
1	0.0701051674730613
1	0.0744338524372329
1	0.0787563817290048
1	0.0830727663097285
1	0.0873830171172125
1	0.0916871450657781
1	0.0959851610463159
1	0.100277075926342
1	0.104562900550054
1	0.108842645738387
1	0.113116322289068
1	0.117383940976674
1	0.121645512552685
1	0.125901047745542
1	0.130150557260698
1	0.134394051780678
1	0.13863154196513
1	0.14286303845088
1	0.147088551851991
1	0.151308092759812
1	0.155521671743034
1	0.159729299347746
1	0.163930986097488
1	0.168126742493304
1	0.172316579013796
1	0
1	0.00439281828782528
1	0.00877939040348205
1	0.0131597274681944
1	0.0175338405793014
1	0.0219017408103146
1	0.0262634392109748
1	0.0306189468073092
1	0.0349682746016882
1	0.0393114335728821
1	0.0436484346761174
1	0.0479792888431336
1	0.052304006982239
1	0.0566225999783671
1	0.0609350786931322
1	0.0652414539648859
1	0.069541736608772
1	0.0738359374167825
1	0.0781240671578129
1	0.0824061365777174
1	0.086682156399364
1	0.0909521373226895
1	0.0952160900247546
1	0.099474025159798
1	0.103725953359292
1	0.107971885231995
1	0.112211831364008
1	0.116445802318829
1	0.120673808637402
1	0.124895860838179
1	0.129111969417167
1	0.133322144847985
1	0.137526397581915
1	0.141724738047959
1	0.145917176652888
1	0.1501037237813
1	0.154284389795666
1	0.158459185036391
1	0.16262811982186
1	0.166791204448493
1	0.170948449190799
1	0
1	0.0043788819562767
1	0.00875155198336806
1	0.0131180211152245
1	0.0174783003621374
1	0.0218324007107955
1	0.0261803331243414
1	0.0305221085424283
1	0.0348577378812757
1	0.039187232033726
1	0.0435106018693001
1	0.0478278582342532
1	0.0521390119516309
1	0.056444073821324
1	0.0607430546201247
1	0.0650359651017809
1	0.0693228159970524
1	0.073603618013765
1	0.0778783818368656
1	0.0821471181284771
1	0.0864098375279525
1	0.0906665506519299
1	0.0949172680943863
1	0.0991620004266918
1	0.103400758197664
1	0.107633551933621
1	0.111860392138437
1	0.116081289293593
1	0.120296253858232
1	0.124505296269215
1	0.128708426941166
1	0.132905656266537
1	0.137096994615648
1	0.141282452336752
1	0.145462039756076
1	0.149635767177885
1	0.153803644884525
1	0.15796568313648
1	0.162121892172423
1	0.16627228220927
1	0.170416863442227
1	0
1	0.00436127927425873
1	0.00871638987091105
1	0.013065342713674
1	0.0174081487028906
1	0.0217448187155857
1	0.0260753636055218
1	0.0303997942032545
1	0.0347181213161884
1	0.0390303557286319
1	0.043336508201853
1	0.0476365894741339
1	0.0519306102608261
1	0.0562185812544054
1	0.0605005131245262
1	0.0647764165180764
1	0.0690463020592313
1	0.0733101803495083
1	0.077568061967821
1	0.0818199574705326
1	0.0860658773915107
1	0.0903058322421799
1	0.0945398325115764
1	0.0987678886664007
1	0.102990011151071
1	0.107206210387777
1	0.111416496776533
1	0.115620880695228
1	0.119819372499683
1	0.1240119825237
1	0.128198721079117
1	0.132379598455858
1	0.136554624921987
1	0.140723810723761
1	0.144887166085677
1	0.149044701210531
1	0.153196426279464
1	0.157342351452017
1	0.161482486866179
1	0.165616842638443
1	0.169745428863852
1	0
1	0.00425030859561148
1	0.00849472117985351
1	0.0127332479815106
1	0.0169658992077908
1	0.0211926850443767
1	0.0254136156554767
1	0.0296287011838758
1	0.0338379517509869
1	0.0380413774569009
1	0.0422389883804378
1	0.046430794579197
1	0.0506168060896075
1	0.0547970329269785
1	0.058971485085549
1	0.0631401725385381
1	0.0673031052381947
1	0.0714602931158476
1	0.0756117460819542
1	0.0797574740261509
1	0.0838974868173021
1	0.0880317943035492
1	0.0921604063123599
1	0.0962833326505774
1	0.100400583104469
1	0.104512167439774
1	0.108618095401754
1	0.11271837671524
1	0.116813021084683
1	0.120902038194198
1	0.124985437707615
1	0.129063229268529
1	0.133135422500343
1	0.137202027006319
1	0.141263052369626
1	0.145318508153384
1	0.149368403900716
1	0.153412749134793
1	0.157451553358879
1	0.161484826056384
1	0.165512576690904
1	0
1	0.00416246057295737
1	0.00831924098606619
1	0.0124703509179797
1	0.0166158000271974
1	0.0207555979521129
1	0.0248897543110609
1	0.0290182787023648
1	0.0331411807043839
1	0.0372584698755601
1	0.0413701557544654
1	0.0454762478598483
1	0.0495767556906804
1	0.0536716887262038
1	0.0577610564259764
1	0.0618448682299192
1	0.0659231335583623
1	0.0699958618120906
1	0.0740630623723904
1	0.0781247446010951
1	0.0821809178406307
1	0.0862315914140618
1	0.0902767746251373
1	0.0943164767583351
1	0.0983507070789084
1	0.10237947483293
1	0.106402789247339
1	0.110420659529982
1	0.114433094869663
1	0.118440104436186
1	0.122441697380398
1	0.126437882834235
1	0.130428669910766
1	0.13441406770424
1	0.138394085290126
1	0.142368731725158
1	0.146338016047383
1	0.1503019472762
1	0.154260534412405
1	0.158213786438236
1	0.162161712317417
1	0
1	0.0041206443313534
1	0.00823571124961425
1	0.0123452101715696
1	0.0164491504945302
1	0.0205475415963763
1	0.0246403928356032
1	0.028727713551367
1	0.0328095130635297
1	0.0368858006727049
1	0.0409565856603027
1	0.0450218772885752
1	0.0490816848006608
1	0.0531360174206298
1	0.0571848843535287
1	0.0612282947854249
1	0.0652662578834514
1	0.0692987827958511
1	0.0733258786520212
1	0.0773475545625571
1	0.0813638196192969
1	0.0853746828953653
1	0.089380153445217
1	0.0933802403046813
1	0.0973749524910049
1	0.101364299002896
1	0.105348288820567
1	0.10932693090578
1	0.113300234201886
1	0.117268207633872
1	0.121230860108403
1	0.125188200513861
1	0.129140237720396
1	0.133086980579959
1	0.137028437926353
1	0.14096461857527
1	0.144895531324334
1	0.148821184953146
1	0.152741588223326
1	0.15665674987855
1	0.160566678644599
1	0
1	0.00410534701386766
1	0.00820515420170673
1	0.0122994308845078
1	0.0163881863640327
1	0.0204714299228603
1	0.0245491708244308
1	0.0286214183130909
1	0.0326881816141387
1	0.0367494699338684
1	0.0408052924596146
1	0.044855658359797
1	0.0489005767839648
1	0.0529400568628406
1	0.0569741077083648
1	0.0610027384137397
1	0.065025958053473
1	0.0690437756834222
1	0.0730562003408375
1	0.0770632410444063
1	0.0810649067942958
1	0.0850612065721969
1	0.0890521493413673
1	0.0930377440466747
1	0.0970179996146396
1	0.100992924953479
1	0.104962528953147
1	0.108926820485381
1	0.112885808403742
1	0.116839501543657
1	0.120787908722463
1	0.124731038739446
1	0.128668900375888
1	0.132601502395104
1	0.13652885354249
1	0.140450962545558
1	0.144367838113983
1	0.14827948893964
1	0.152185923696653
1	0.156087151041429
1	0.1599831796127
1	0
1	0.00408157524345714
1	0.00815766907054185
1	0.0122282906533785
1	0.0162934491452481
1	0.0203531536806322
1	0.0244074133752571
1	0.0284562373261376
1	0.032499634611621
1	0.0365376142914305
1	0.0405701854067091
1	0.0445973569800629
1	0.0486191380156044
1	0.0526355374989961
1	0.0566465643974929
1	0.0606522276599862
1	0.0646525362170458
1	0.0686474989809634
1	0.0726371248457952
1	0.0766214226874041
1	0.0806004013635028
1	0.0845740697136958
1	0.0885424365595219
1	0.0925055107044962
1	0.0964633009341523
1	0.100415816016084
1	0.104363064699989
1	0.108305055717706
1	0.112241797783262
1	0.116173299592911
1	0.120099569825175
1	0.124020617140887
1	0.127936450183231
1	0.131847077577783
1	0.135752507932553
1	0.139652749838025
1	0.143547811867201
1	0.147437702575635
1	0.151322430501481
1	0.155202004165528
1	0.159076432071245
1	0
1	0.00384576358810754
1	0.00768662517304875
1	0.0115225924502229
1	0.0153536731000055
1	0.0191798747877824
1	0.0230012051639838
1	0.0268176718641185
1	0.0306292825088077
1	0.0344360447038189
1	0.0382379660400996
1	0.0420350540938112
1	0.0458273164263622
1	0.0496147605844422
1	0.0533973941000551
1	0.0571752244905522
1	0.0609482592586661
1	0.0647165058925434
1	0.068479971865778
1	0.0722386646374439
1	0.0759925916521287
1	0.0797417603399658
1	0.0834861781166677
1	0.0872258523835583
1	0.0909607905276059
1	0.0946909999214556
1	0.0984164879234616
1	0.10213726187772
1	0.1058533291141
1	0.109564696948279
1	0.113271372681769
1	0.116973363601957
1	0.12067067698213
1	0.124363320081508
1	0.128051300145279
1	0.131734624404629
1	0.135413300076772
1	0.139087334364985
1	0.142756734458637
1	0.146421507533219
1	0.150081660750382
1	0
1	0.00380482251694675
1	0.00760484362710043
1	0.0114000707694748
1	0.0151905113687228
1	0.0189761728351693
1	0.0227570625648434
1	0.0265331879395105
1	0.0303045563267048
1	0.0340711750797614
1	0.0378330515378483
1	0.0415901930259983
1	0.0453426068551413
1	0.0490903003221355
1	0.0528332807097999
1	0.0565715552869454
1	0.0603051313084065
1	0.0640340160150732
1	0.067758216633922
1	0.0714777403780474
1	0.0751925944466934
1	0.0789027860252843
1	0.0826083222854562
1	0.0863092103850882
1	0.0900054574683326
1	0.0936970706656468
1	0.0973840570938234
1	0.101066423856021
1	0.104744178041797
1	0.108417326727132
1	0.11208587697447
1	0.115749835832739
1	0.11940921033739
1	0.123064007510419
1	0.126714234360403
1	0.130359897882532
1	0.134001005058629
1	0.137637562857194
1	0.14126957823342
1	0.144897058129234
1	0.148520009473321
1	0
1	0.00376064516727964
1	0.00751659747600471
1	0.0112678640885368
1	0.0150144521535923
1	0.0187563688062734
1	0.0224936211680978
1	0.0262262163470303
1	0.029954161437512
1	0.0336774635204916
1	0.0373961296634551
1	0.0411101669204558
1	0.0448195823321451
1	0.0485243829258018
1	0.0522245757153622
1	0.0559201677014504
1	0.0596111658714074
1	0.0632975771993214
1	0.0669794086460571
1	0.0706566671592856
1	0.0743293596735134
1	0.0779974931101124
1	0.0816610743773488
1	0.0853201103704126
1	0.0889746079714469
1	0.0926245740495767
1	0.0962700154609384
1	0.0999109390487086
1	0.103547351643133
1	0.107179260061555
1	0.110806671108445
1	0.114429591575429
1	0.118048028241318
1	0.121661987872133
1	0.125271477221139
1	0.128876503028869
1	0.132477072023156
1	0.136073190919156
1	0.139664866419384
1	0.143252105213733
1	0.146834913979511
1	0
1	0.00365605985474374
1	0.00730768382767632
1	0.0109548784262139
1	0.0145976501458217
1	0.0182360054700398
1	0.02186995087051
1	0.0254994928070011
1	0.0291246377274355
1	0.0327453920679146
1	0.0363617622527454
1	0.0399737546944657
1	0.04358137579387
1	0.0471846319400354
1	0.0507835295103471
1	0.0543780748705238
1	0.0579682743746436
1	0.0615541343651691
1	0.065135661172973
1	0.0687128611173632
1	0.0722857405061083
1	0.0758543056354627
1	0.0794185627901917
1	0.0829785182435968
1	0.0865341782575403
1	0.0900855490824706
1	0.093632636957447
1	0.0971754481101646
1	0.100713988756979
1	0.104248265102931
1	0.107778283341771
1	0.111304049655985
1	0.114825570216817
1	0.118342851184294
1	0.121855898707253
1	0.125364718923362
1	0.128869317959144
1	0.132369701930006
1	0.135865876940258
1	0.139357849083141
1	0.142845624440846
1	0
1	0.00365542982418251
1	0.00730642531460298
1	0.0109529929747321
1	0.0145951392960999
1	0.0182328707583215
1	0.0218661938291235
1	0.0254951149643702
1	0.0291196406080891
1	0.0327397771924972
1	0.0363555311380269
1	0.0399669088533512
1	0.0435739167354103
1	0.0471765611694367
1	0.0507748485289808
1	0.0543687851759368
1	0.0579583774605679
1	0.0615436317215316
1	0.0651245542859056
1	0.0687011514692125
1	0.0722734295754453
1	0.0758413948970928
1	0.0794050537151642
1	0.0829644122992145
1	0.0865194769073695
1	0.0900702537863508
1	0.0936167491715003
1	0.0971589692868053
1	0.100696920344923
1	0.104230608547206
1	0.107760040083727
1	0.1112852211333
1	0.114806157863509
1	0.118322856430733
1	0.121835322980166
1	0.125343563645844
1	0.12884758455067
1	0.132347391806435
1	0.135842991513848
1	0.139334389762553
1	0.142821592631158
1	0
1	0.00357464138609495
1	0.00714504694383192
1	0.0107112226707596
1	0.0142731745537945
1	0.0178309085692434
1	0.0213844306828267
1	0.0249337468497005
1	0.0284788630144793
1	0.0320197851112587
1	0.0355565190636381
1	0.0390890707847424
1	0.0426174461772454
1	0.0461416511333913
1	0.0496616915350174
1	0.053177573253576
1	0.0566893021501572
1	0.0601968840755104
1	0.0637003248700664
1	0.0671996303639599
1	0.0706948063770512
1	0.0741858587189478
1	0.0776727931890267
1	0.0811556155764562
1	0.0846343316602171
1	0.0881089472091253
1	0.0915794679818527
1	0.095045899726949
1	0.0985082481828634
1	0.101966519077966
1	0.105420718130569
1	0.108870851048949
1	0.112316923531368
1	0.115758941266092
1	0.119196909931417
1	0.122630835195687
1	0.126060722717317
1	0.129486578144811
1	0.132908407116786
1	0.136326215261994
1	0.139740008199337
1	0
1	0.00356743685937161
1	0.0071306555926397
1	0.010689662152236
1	0.0142444624800767
1	0.0177950625075849
1	0.021341468155713
1	0.0248836853349651
1	0.0284217199454193
1	0.0319555778767501
1	0.03548526500825
1	0.0390107872088525
1	0.0425321503371536
1	0.046049360241434
1	0.0495624227596811
1	0.0530713437196109
1	0.0565761289386901
1	0.0600767842241574
1	0.0635733153730458
1	0.0670657281722041
1	0.0705540283983188
1	0.0740382218179351
1	0.0775183141874792
1	0.0809943112532796
1	0.0844662187515882
1	0.0879340424086022
1	0.0913977879404851
1	0.0948574610533883
1	0.0983130674434721
1	0.101764612796927
1	0.105212102789996
1	0.108655543088992
1	0.112094939350325
1	0.115530297220517
1	0.118961622336225
1	0.122388920324265
1	0.12581219680163
1	0.129231457375508
1	0.132646707643309
1	0.136057953192683
1	0.139465199601537
1	0
1	0.00355761802986769
1	0.00711104205949399
1	0.0106602779798221
1	0.0142053316714387
1	0.017746209004596
1	0.0212829158392338
1	0.0248154580250015
1	0.0283438414012796
1	0.031868071797202
1	0.0353881550316777
1	0.0389040969134123
1	0.0424159032409298
1	0.0459235798025944
1	0.0494271323766318
1	0.0529265667311511
1	0.0564218886241658
1	0.0599131038036156
1	0.0634002180073877
1	0.066883236963338
1	0.0703621663893125
1	0.0738370119931684
1	0.0773077794727955
1	0.0807744745161371
1	0.0842371028012112
1	0.0876956699961313
1	0.0911501817591277
1	0.0946006437385683
1	0.0980470615729794
1	0.101489440891066
1	0.104927787311735
1	0.108362106444111
1	0.111792403887564
1	0.115218685231721
1	0.118640956056497
1	0.122059221932106
1	0.125473488419088
1	0.128883761068327
1	0.13229004542107
1	0.135692347008949
1	0.139090671354003
1	0
1	0.00353989677241298
1	0.00707564308751539
1	0.0106072447252745
1	0.014134707455588
1	0.0176580370383056
1	0.0211772392232499
1	0.0246923197502381
1	0.0282032843491026
1	0.0317101387397124
1	0.0352128886319941
1	0.0387115397259531
1	0.042206097711694
1	0.0456965682694422
1	0.0491829570695643
1	0.0526652697725888
1	0.0561435120292274
1	0.0596176894803952
1	0.0630878077572316
1	0.0665538724811206
1	0.0700158892637119
1	0.0734738637069409
1	0.0769278014030494
1	0.0803777079346061
1	0.0838235888745265
1	0.0872654497860938
1	0.0907032962229789
1	0.0941371337292606
1	0.0975669678394456
1	0.100992804078489
1	0.104414647961814
1	0.107832504995333
1	0.111246380675465
1	0.114656280489159
1	0.118062209913911
1	0.121464174417784
1	0.124862179459432
1	0.128256230488114
1	0.131646332943716
1	0.135032492256771
1	0.13841471384848
1	0
1	0.00349117461646578
1	0.00697831849091049
1	0.0104614370981882
1	0.0139405359038728
1	0.0174156203642771
1	0.0208866959264722
1	0.0243537680283063
1	0.0278168420984244
1	0.0312759235562869
1	0.0347310178121886
1	0.038182130267278
1	0.0416292663135761
1	0.0450724313339952
1	0.0485116307023579
1	0.0519468697834156
1	0.0553781539328678
1	0.0588054884973801
1	0.0622288788146037
1	0.0656483302131931
1	0.0690638480128256
1	0.0724754375242192
1	0.0758831040491512
1	0.0792868528804769
1	0.0826866893021479
1	0.0860826185892303
1	0.0894746460079231
1	0.0928627768155768
1	0.096247016260711
1	0.0996273695830333
1	0.103003842013457
1	0.106376438774119
1	0.109745165078398
1	0.113110026130934
1	0.116471027127644
1	0.119828173255741
1	0.123181469693751
1	0.126530921611533
1	0.129876534170296
1	0.133218312522614
1	0.136556261812448
1	0
1	0.00326903608326146
1	0.00653458724145702
1	0.00979665755834099
1	0.0130552511119856
1	0.0163103719747907
1	0.0195620242134941
1	0.0228102118891809
1	0.0260549390572935
1	0.0292962097676416
1	0.0325340280644117
1	0.035768397986177
1	0.0389993235659073
1	0.0422268088309783
1	0.0454508578031817
1	0.0486714744987347
1	0.0518886629282898
1	0.0551024270969443
1	0.0583127710042498
1	0.0615196986442223
1	0.0647232140053512
1	0.0679233210706092
1	0.0711200238174617
1	0.0743133262178764
1	0.0775032322383329
1	0.0806897458398319
1	0.0838728709779048
1	0.0870526116026233
1	0.0902289716586086
1	0.0934019550850409
1	0.0965715658156687
1	0.0997378077788183
1	0.102900684897403
1	0.106060201088933
1	0.109216360265523
1	0.112369166333903
1	0.115518623195429
1	0.118664734746089
1	0.121807504876513
1	0.124946937471983
1	0.128083036412445
1	0
1	0.00325774224940981
1	0.00651202732385146
1	0.00976285923635378
1	0.0130102419944465
1	0.0162541796001694
1	0.0194946760500821
1	0.0227317353352733
1	0.0259653614413698
1	0.0291955583485463
1	0.0324223300315345
1	0.0356456804596323
1	0.0388656135967135
1	0.0420821334012364
1	0.0452952438262535
1	0.0485049488194208
1	0.0517112523230066
1	0.0549141582739009
1	0.0581136706036247
1	0.0613097932383389
1	0.0645025300988535
1	0.0676918851006367
1	0.0708778621538242
1	0.0740604651632279
1	0.0772396980283451
1	0.0804155646433677
1	0.083588068897191
1	0.0867572146734227
1	0.089923005850392
1	0.0930854463011584
1	0.0962445398935209
1	0.0994002904900266
1	0.10255270194798
1	0.105701778119451
1	0.108847522851284
1	0.11198993998511
1	0.115129033357348
1	0.118264806799222
1	0.121397264136766
1	0.12452640919083
1	0.127652245777094
1	0
1	0.00325273599859974
1	0.00650202712309842
1	0.00974787735517418
1	0.0129902906710871
1	0.0162292710416884
1	0.0194648224324296
1	0.0226969488033717
1	0.0259256541091942
1	0.0291509422992047
1	0.0323728173173472
1	0.035591283102212
1	0.0388063435870441
1	0.042018002699753
1	0.0452262643629208
1	0.0484311324938122
1	0.0516326110043825
1	0.0548307038012875
1	0.0580254147858919
1	0.0612167478542783
1	0.0644047068972563
1	0.0675892958003713
1	0.0707705184439132
1	0.0739483787029259
1	0.0771228804472151
1	0.0802940275413582
1	0.0834618238447125
1	0.0866262732114241
1	0.0897873794904366
1	0.0929451465255002
1	0.0960995781551801
1	0.0992506782128652
1	0.102398450526777
1	0.105542898919979
1	0.108684027210382
1	0.111821839210759
1	0.114956338728747
1	0.118087529566861
1	0.121215415522499
1	0.124340000387952
1	0.127461287950413
1	0
1	0.00324633083650338
1	0.00648923253704002
1	0.00972870904317696
1	0.012964764291167
1	0.0161974022119573
1	0.019426626731199
1	0.0226524417692551
1	0.0258748512412104
1	0.0290938590568795
1	0.0323094691208161
1	0.0355216853323219
1	0.038730511585455
1	0.0419359517690389
1	0.0451380097666715
1	0.0483366894567334
1	0.0515319947123971
1	0.0547239294016351
1	0.0579124973872294
1	0.0610977025267796
1	0.0642795486727115
1	0.0674580396722863
1	0.0706331793676087
1	0.0738049715956357
1	0.0769734201881852
1	0.0801385289719445
1	0.0833003017684791
1	0.0864587423942409
1	0.0896138546605769
1	0.0927656423737375
1	0.0959141093348855
1	0.099059259340104
1	0.102201096180405
1	0.105339623641738
1	0.108474845504999
1	0.111606765546037
1	0.114735387535664
1	0.117860715239663
1	0.120982752418798
1	0.124101502828817
1	0.127216970220467
1	0
1	0.00324084065225413
1	0.00647826565848225
1	0.00971227892587022
1	0.0129428843563785
1	0.0161700858467507
1	0.0193938872885227
1	0.0226142925680309
1	0.0258313055664209
1	0.0290449301596563
1	0.0322551702185274
1	0.0354620296086595
1	0.0386655121905215
1	0.0418656218194348
1	0.0450623623455816
1	0.0482557376140133
1	0.0514457514646593
1	0.0546324077323352
1	0.0578157102467516
1	0.0609956628325223
1	0.0641722693091727
1	0.0673455334911485
1	0.0705154591878238
1	0.0736820502035099
1	0.076845310337463
1	0.0800052433838933
1	0.0831618531319727
1	0.0863151433658437
1	0.0894651178646272
1	0.092611780402431
1	0.0957551347483581
1	0.0988951846665151
1	0.10203193391602
1	0.105165386251011
1	0.108295545420653
1	0.11142241516915
1	0.114545999235747
1	0.117666301354745
1	0.120783325255502
1	0.123897074662449
1	0.12700755329509
1	0
1	0.00319541359725416
1	0.00638752316737385
1	0.00957633233306672
1	0.0127618447125509
1	0.0159440639195615
1	0.019122993563358
1	0.0222986372487302
1	0.0254709985760058
1	0.0286400811410565
1	0.0318058885353049
1	0.0349684243457314
1	0.0381276921548808
1	0.0412836955408689
1	0.044436438077389
1	0.0475859233337192
1	0.0507321548747284
1	0.0538751362608831
1	0.0570148710482542
1	0.0601513627885235
1	0.0632846150289902
1	0.0664146313125778
1	0.0695414151778402
1	0.0726649701589687
1	0.0757852997857984
1	0.0789024075838144
1	0.0820162970741589
1	0.0851269717736375
1	0.0882344351947254
1	0.0913386908455743
1	0.0944397422300186
1	0.097537592847582
1	0.100632246193484
1	0.103723705758646
1	0.106811975029699
1	0.109897057488986
1	0.112978956614576
1	0.116057675880263
1	0.119133218755574
1	0.122205588705779
1	0.125274789191894
1	0
1	0.00316624911747396
1	0.00632926586790467
1	0.00948905369136284
1	0.012645616023902
1	0.0157989562975641
1	0.0189490779403849
1	0.0220959843763998
1	0.025239679025649
1	0.0283801653041835
1	0.0315174466240701
1	0.0346515263933972
1	0.0377824080162801
1	0.040910094892867
1	0.0440345904193436
1	0.0471558979879393
1	0.0502740209869323
1	0.0533889628006553
1	0.0565007268095007
1	0.0596093163899259
1	0.0627147349144591
1	0.0658169857517047
1	0.0689160722663481
1	0.0720119978191618
1	0.0751047657670105
1	0.0781943794628563
1	0.0812808422557644
1	0.0843641574909081
1	0.0874443285095744
1	0.0905213586491693
1	0.0935952512432229
1	0.0966660096213951
1	0.0997336371094804
1	0.102798137029414
1	0.105859512699276
1	0.108917767433297
1	0.111972904541866
1	0.115024927331529
1	0.118073839105002
1	0.121119643161173
1	0.124162342795103
1	0
1	0.00304812427876229
1	0.00609330643521676
1	0.00913554916970006
1	0.012174855180445
1	0.0152112271635812
1	0.0182446678131356
1	0.021275179821033
1	0.0243027658770971
1	0.0273274286690502
1	0.0303491708825147
1	0.0333679952010132
1	0.0363839043059692
1	0.0393969008767078
1	0.0424069875904563
1	0.0454141671223447
1	0.0484184421454063
1	0.0514198153305785
1	0.0544182893467034
1	0.057413866860528
1	0.0604065505367057
1	0.0633963430377961
1	0.0663832470242658
1	0.0693672651544896
1	0.0723484000847505
1	0.0753266544692405
1	0.0783020309600614
1	0.0812745322072255
1	0.084244160858656
1	0.0872109195601878
1	0.0901748109555682
1	0.0931358376864575
1	0.0960940023924296
1	0.099049307710973
1	0.102001756277491
1	0.104951350725302
1	0.107898093685643
1	0.110841987787664
1	0.113783035658438
1	0.116721239922952
1	0.119656603204114
1	0
1	0.0030217502698716
1	0.00604062322105599
1	0.00905662138872766
1	0.0120697473063845
1	0.0150800035058472
1	0.0180873925172588
1	0.0210919168690844
1	0.0240935790881099
1	0.0270923816994426
1	0.0300883272265096
1	0.0330814181910581
1	0.0360716571131545
1	0.0390590465111841
1	0.0420435889018506
1	0.0450252868001755
1	0.0480041427194978
1	0.0509801591714734
1	0.0539533386660748
1	0.0569236837115907
1	0.0598911968146252
1	0.0628558804800977
1	0.0658177372112425
1	0.0687767695096082
1	0.0717329798750572
1	0.0746863708057656
1	0.0776369447982227
1	0.0805847043472303
1	0.0835296519459028
1	0.0864717900856664
1	0.0894111212562589
1	0.0923476479457293
1	0.0952813726404376
1	0.098212297825054
1	0.101140425982559
1	0.104065759594243
1	0.106988301139705
1	0.109908053096855
1	0.112825017941909
1	0.115739198149394
1	0.118650596192143
1	0
1	0.00299469009491869
1	0.00598656936075054
1	0.00897564016321089
1	0.0119619048667768
1	0.0149453658346854
1	0.0179260254289321
1	0.0209038860102691
1	0.0238789499382037
1	0.0268512195709965
1	0.0298206972656603
1	0.0327873853779576
1	0.0357512862623998
1	0.0387124022722454
1	0.0416707357594979
1	0.0446262890749052
1	0.0475790645679569
1	0.0505290645868837
1	0.0534762914786552
1	0.0564207475889788
1	0.0593624352622979
1	0.0623013568417904
1	0.0652375146693671
1	0.0681709110856707
1	0.0711015484300735
1	0.0740294290406767
1	0.0769545552543081
1	0.0798769294065214
1	0.0827965538315944
1	0.0857134308625273
1	0.0886275628310418
1	0.0915389520675791
1	0.094447600901299
1	0.0973535116600778
1	0.100256686670508
1	0.103157128257895
1	0.106054838746258
1	0.108949820458326
1	0.111842075715541
1	0.114731606838051
1	0.11761841614471
1	0
1	0.00295945574604196
1	0.00591618723737364
1	0.00887019661906206
1	0.0118214860355067
1	0.0147700576304362
1	0.0177159135469054
1	0.0206590559272923
1	0.0235994869132944
1	0.0265372086459265
1	0.0294722232655166
1	0.0324045329117035
1	0.0353341397234338
1	0.0382610458389581
1	0.0411852533958289
1	0.0441067645308969
1	0.0470255813803083
1	0.0499417060795017
1	0.0528551407632052
1	0.0557658875654331
1	0.0586739486194836
1	0.061579326057935
1	0.0644820220126436
1	0.0673820386147402
1	0.0702793779946273
1	0.0731740422819763
1	0.0760660336057246
1	0.0789553540940729
1	0.0818420058744817
1	0.0847259910736693
1	0.0876073118176083
1	0.0904859702315232
1	0.0933619684398871
1	0.0962353085664196
1	0.0991059927340832
1	0.101974023065081
1	0.104839401680855
1	0.10770213070208
1	0.110562212248665
1	0.113419648439747
1	0.116274441393692
1	0
1	0.00292220656324837
1	0.00584178039681475
1	0.00875872341250033
1	0.0116730375220421
1	0.0145847246371079
1	0.0174937866692924
1	0.0204002255301114
1	0.023304043130998
1	0.0262052413832976
1	0.0291038221982632
1	0.0319997874870508
1	0.0348931391607152
1	0.0377838791302047
1	0.040672009306357
1	0.0435575315998948
1	0.0464404479214206
1	0.0493207601814128
1	0.0521984702902211
1	0.0550735801580617
1	0.0579460916950131
1	0.0608160068110116
1	0.0636833274158466
1	0.0665480554191567
1	0.0694101927304248
1	0.072269741258974
1	0.0751267029139632
1	0.0779810796043824
1	0.0808328732390489
1	0.0836820857266026
1	0.0865287189755017
1	0.0893727748940188
1	0.092214255390236
1	0.0950531623720411
1	0.0978894977471231
1	0.100723263422968
1	0.103554461306856
1	0.106383093305853
1	0.109209161326813
1	0.112032667276367
1	0.114853613060925
1	0
1	0.00286691665541811
1	0.00573133643407768
1	0.00859326090153747
1	0.0114526916241876
1	0.0143096301692426
1	0.017164078104734
1	0.0200160369995039
1	0.0228655084231976
1	0.0257124939462566
1	0.0285569951399118
1	0.0313990135761768
1	0.0342385508278405
1	0.0370756084684605
1	0.0399101880723565
1	0.0427422912146029
1	0.0455719194710226
1	0.0483990744181799
1	0.0512237576333736
1	0.0540459706946306
1	0.056865715180699
1	0.0596829926710416
1	0.0624978047458288
1	0.0653101529859324
1	0.0681200389729188
1	0.0709274642890425
1	0.0737324305172392
1	0.0765349392411196
1	0.0793349920449629
1	0.0821325905137097
1	0.0849277362329564
1	0.0877204307889481
1	0.090510675768572
1	0.0932984727593517
1	0.0960838233494402
1	0.0988667291276137
1	0.101647191683265
1	0.104425212606398
1	0.107200793487621
1	0.109973935918138
1	0.112744641489747
1	0
1	0.00282157834723118
1	0.00564077121853541
1	0.00845757989554903
1	0.0112720056614741
1	0.0140840498010695
1	0.016893713600642
1	0.0197009983480371
1	0.0225059053326306
1	0.0253084358453194
1	0.0281085911785126
1	0.0309063726261232
1	0.0337017814835587
1	0.0364948190477129
1	0.0392854866169569
1	0.0420737854911303
1	0.044859716971533
1	0.0476432823609159
1	0.050424482963473
1	0.0532033200848324
1	0.0559797950320477
1	0.0587539091135899
1	0.0615256636393383
1	0.0642950599205726
1	0.0670620992699641
1	0.0698267830015675
1	0.0725891124308124
1	0.0753490888744947
1	0.0781067136507688
1	0.0808619880791391
1	0.0836149134804512
1	0.0863654911768844
1	0.0891137224919432
1	0.0918596087504487
1	0.094603151278531
1	0.0973443514036208
1	0.100083210454441
1	0.102819729761
1	0.10555391065458
1	0.108285754467735
1	0.111015262534276
1	0
1	0.00272565131560229
1	0.00544915285774477
1	0.00817050530733921
1	0.0108897093484169
1	0.0136067656681158
1	0.0163216749566673
1	0.0190344379073834
1	0.021745055216644
1	0.0244535275838839
1	0.02715985571158
1	0.0298640403052382
1	0.0325660820733815
1	0.0352659817275362
1	0.0379637399822204
1	0.0406593575549303
1	0.0433528351661283
1	0.0460441735392304
1	0.0487333734005931
1	0.0514204354795019
1	0.0541053605081579
1	0.0567881492216661
1	0.0594688023580227
1	0.0621473206581027
1	0.0648237048656479
1	0.0674979557272545
1	0.0701700739923609
1	0.0728400604132353
1	0.0755079157449641
1	0.0781736407454392
1	0.0808372361753462
1	0.0834987027981526
1	0.0861580413800953
1	0.0888152526901691
1	0.0914703375001144
1	0.0941232965844056
1	0.0967741307202391
1	0.0994228406875216
1	0.102069427268858
1	0.10471389124954
1	0.107356233417535
1	0
1	0.00263063695488211
1	0.00525935759624636
1	0.00788616200999538
1	0.0105110502866904
1	0.0131340225215341
1	0.0157550788143539
1	0.0183742192695849
1	0.0209914439962529
1	0.023606753107958
1	0.0262201467228571
1	0.0288316249636481
1	0.0314411879575525
1	0.034048835836299
1	0.0366545687361071
1	0.0392583867976705
1	0.0418602901661403
1	0.0444602789911091
1	0.0470583534265942
1	0.0496545136310214
1	0.052248759767209
1	0.0548410920023509
1	0.0574315105080011
1	0.0600200154600572
1	0.0626066070387442
1	0.0651912854285988
1	0.067774050818453
1	0.0703549034014186
1	0.0729338433748708
1	0.0755108709404327
1	0.0780859863039593
1	0.0806591896755218
1	0.0832304812693917
1	0.0857998613040255
1	0.0883673300020487
1	0.0909328875902403
1	0.0934965342995172
1	0.0960582703649191
1	0.0986180960255925
1	0.101176011524776
1	0.103732017109783
1	0
1	0.00258433587243568
1	0.00516686919781932
1	0.00774759977210192
1	0.010326527396643
1	0.0129036518781918
1	0.0154789730288681
1	0.0180524906661435
1	0.0206242046128229
1	0.0231941146970251
1	0.0257622207521648
1	0.0283285226169334
1	0.030893020135281
1	0.0334557131563973
1	0.0360166015346933
1	0.0385756851297831
1	0.0411329638064654
1	0.0436884374347049
1	0.0462421058896146
1	0.0487939690514369
1	0.0513440268055262
1	0.0538922790423299
1	0.0564387256573713
1	0.0589833665512308
1	0.0615262016295285
1	0.0640672308029058
1	0.0666064539870081
1	0.0691438711024664
1	0.0716794820748801
1	0.074213286834799
1	0.0767452853177058
1	0.0792754774639981
1	0.0818038632189715
1	0.0843304425328016
1	0.086855215360527
1	0.0893781816620311
1	0.0918993414020259
1	0.0944186945500337
1	0.0969362410803704
1	0.0994519809721281
1	0.101965914209158
1	0
1	0.00258319241193888
1	0.00516458508642438
1	0.0077441778122468
1	0.0103219703836235
1	0.01289796260018
1	0.0154721542669308
1	0.0180445451942606
1	0.0206151351979057
1	0.0231839240989346
1	0.02575091172373
1	0.0283160979039695
1	0.0308794824766072
1	0.0334410652838554
1	0.0360008461731654
1	0.0385588249972099
1	0.0411150016138636
1	0.0436693758861858
1	0.0462219476824014
1	0.0487727168758829
1	0.0513216833451321
1	0.0538688469737623
1	0.0564142076504794
1	0.0589577652690649
1	0.0614995197283569
1	0.0640394709322328
1	0.0665776187895913
1	0.0691139632143342
1	0.071648504125349
1	0.0741812414464911
1	0.0767121751065658
1	0.0792413050393111
1	0.0817686311833798
1	0.084294153482322
1	0.0868178718845678
1	0.0893397863434095
1	0.0918598968169847
1	0.0943782032682584
1	0.0968947056650063
1	0.0994094039797971
1	0.101922298189975
1	0
1	0.0023528100298853
1	0.00470438639524698
1	0.00705472744215
1	0.00940383152581811
1	0.0117516970106051
1	0.0140983222699662
1	0.0164437056864295
1	0.0187878456515674
1	0.0211307405659683
1	0.0234723888392084
1	0.0258127888898231
1	0.0281519391452792
1	0.0304898380419465
1	0.0328264840250701
1	0.0351618755487423
1	0.0374960110758747
1	0.0398288890781706
1	0.0421605080360971
1	0.0444908664388577
1	0.0468199627843644
1	0.0491477955792106
1	0.0514743633386437
1	0.0537996645865375
1	0.0561236978553651
1	0.0584464616861719
1	0.0607679546285482
1	0.0630881752406025
1	0.0654071220889342
1	0.0677247937486074
1	0.0700411888031231
1	0.0723563058443935
1	0.0746701434727146
1	0.0769827002967403
1	0.0792939749334553
1	0.081603966008149
1	0.0839126721543892
1	0.0862200920139955
1	0.0885262242370137
1	0.0908310674816891
1	0.0931346204144406
1	0
1	0.00228354595192934
1	0.00456602842821488
1	0.00684744534116865
1	0.00912779461338335
1	0.0114070741777008
1	0.0136852819771802
1	0.015962415965067
1	0.0182384741047611
1	0.020513454369786
1	0.0227873547437573
1	0.0250601732203516
1	0.0273319078032756
1	0.0296025565062351
1	0.0318721173529041
1	0.0341405883768942
1	0.0364079676217235
1	0.0386742531407865
1	0.0409394429973233
1	0.0432035352643891
1	0.0454665280248242
1	0.0477284193712231
1	0.0499892074059051
1	0.0522488902408838
1	0.0545074659978367
1	0.0567649328080761
1	0.0590212888125186
1	0.0612765321616556
1	0.0635306610155235
1	0.0657836735436742
1	0.0680355679251457
1	0.0702863423484321
1	0.0725359950114551
1	0.0747845241215338
1	0.0770319278953563
1	0.0792782045589502
1	0.0815233523476534
1	0.0837673695060857
1	0.0860102542881193
1	0.0882520049568504
1	0.0904926197845704
1	0
1	0.00223055780310503
1	0.00446018232783386
1	0.00668887115467044
1	0.00891662187523768
1	0.0111434320922636
1	0.0133692994195477
1	0.0155942214819269
1	0.0178181959152424
1	0.0200412203663059
1	0.0222632924928663
1	0.0244844099635762
1	0.0267045704579591
1	0.0289237716663758
1	0.0311420112899917
1	0.0333592870407434
1	0.0355755966413066
1	0.0377909378250625
1	0.0400053083360658
1	0.0422187059290115
1	0.0444311283692031
1	0.0466425734325196
1	0.0488530389053832
1	0.0510625225847278
1	0.0532710222779657
1	0.0554785358029566
1	0.057685060987975
1	0.0598905956716787
1	0.0620951377030768
1	0.0642986849414977
1	0.0665012352565584
1	0.068702786528132
1	0.0709033366463167
1	0.0731028835114046
1	0.0753014250338501
1	0.0774989591342389
1	0.0796954837432568
1	0.0818909968016589
1	0.0840854962602384
1	0.086278980079796
1	0.0884714462311091
1	0
1	0.0021824790196624
1	0.00436414289540646
1	0.00654498890663198
1	0.00872501434465653
1	0.0109042165126796
1	0.0130825927257465
1	0.0152601403107134
1	0.0174368566062108
1	0.0196127389626086
1	0.0217877847419806
1	0.0239619913180692
1	0.02613535607625
1	0.028307876413497
1	0.0304795497383472
1	0.0326503734708661
1	0.0348203450426126
1	0.0369894618966042
1	0.0391577214872825
1	0.0413251212804789
1	0.0434916587533796
1	0.0456573313944917
1	0.0478221367036089
1	0.049986072191777
1	0.0521491353812601
1	0.0543113238055068
1	0.0564726350091159
1	0.058633066547803
1	0.0607926159883663
1	0.0629512809086537
1	0.0651090588975286
1	0.067265947554837
1	0.0694219444913738
1	0.0715770473288499
1	0.0737312536998587
1	0.0758845612478433
1	0.0780369676270635
1	0.0801884705025629
1	0.0823390675501361
1	0.0844887564562959
1	0.086637534918241
1	0
1	0.0020288743480962
1	0.00405731097456512
1	0.00608530619688689
1	0.00811285634694744
1	0.0101399577709962
1	0.0121666068296036
1	0.0141927998976196
1	0.0162185333641307
1	0.0182438036324188
1	0.0202686071199191
1	0.0222929402581785
1	0.0243167994928138
1	0.0263401812834708
1	0.0283630821037823
1	0.0303854984413272
1	0.0324074267975894
1	0.0344288636879168
1	0.0364498056414804
1	0.0384702492012332
1	0.0404901909238702
1	0.0425096273797871
1	0.0445285551530403
1	0.0465469708413066
1	0.0485648710558427
1	0.0505822524214453
1	0.0525991115764108
1	0.0546154451724958
1	0.0566312498748771
1	0.0586465223621118
1	0.0606612593260984
1	0.0626754574720365
1	0.0646891135183878
1	0.0667022241968373
1	0.0687147862522531
1	0.0707267964426487
1	0.0727382515391427
1	0.0747491483259211
1	0.0767594836001979
1	0.0787692541721768
1	0.0807784568650124
1	0
1	0.00200293002817491
1	0.0040054860825537
1	0.00600766431814515
1	0.00800946090478414
1	0.0100108720270881
1	0.0120118938844139
1	0.0140125226908142
1	0.0160127546749947
1	0.0180125860802711
1	0.0200120131645261
1	0.0220110322001667
1	0.0240096394740817
1	0.0260078312875988
1	0.0280056039564427
1	0.0300029538106923
1	0.0319998771947389
1	0.0339963704672441
1	0.0359924300010975
1	0.0379880521833752
1	0.0399832334152982
1	0.0419779701121902
1	0.0439722587034369
1	0.0459660956324439
1	0.0479594773565959
1	0.0499524003472153
1	0.0519448610895213
1	0.0539368560825889
1	0.0559283818393081
1	0.0579194348863431
1	0.0599100117640919
1	0.0619001090266455
1	0.0638897232417479
1	0.0658788509907555
1	0.0678674888685972
1	0.0698556334837342
1	0.0718432814581201
1	0.0738304294271609
1	0.0758170740396758
1	0.0778032119578569
1	0.0797888398572301
1	0
1	0.00180115486712857
1	0.00360243154254098
1	0.00540382491766793
1	0.00720532990203449
1	0.00900694142320815
1	0.010808654426747
1	0.0126104638761481
1	0.0144123647527958
1	0.0162143520559105
1	0.0180164208024972
1	0.0198185660272947
1	0.021620782782724
1	0.0234230661388382
1	0.0252254111832713
1	0.0270278130211876
1	0.0288302667752317
1	0.0306327675854776
1	0.0324353106093791
1	0.0342378910217191
1	0.0360405040145607
1	0.0378431447971962
1	0.0396458085960986
1	0.0414484906548714
1	0.0432511862341995
1	0.0450538906117998
1	0.0468565990823725
1	0.0486593069575517
1	0.0504620095658567
1	0.0522647022526436
1	0.0540673803800562
1	0.055870039326978
1	0.0576726744889839
1	0.0594752812782916
1	0.0612778551237139
1	0.063080391470611
1	0.0648828857808421
1	0.0666853335327183
1	0.0684877302209549
1	0.0702900713566239
1	0.0720923524671067
1	0
1	0.00173511497345713
1	0.00347051402192944
1	0.00520619162328548
1	0.00694214227455791
1	0.00867836049188873
1	0.0104148408104747
1	0.0121515777845128
1	0.0138885659871461
1	0.0156258000104095
1	0.0173632744651756
1	0.019100983981101
1	0.0208389232065727
1	0.0225770868086541
1	0.0243154694730319
1	0.0260540659039629
1	0.0277928708242204
1	0.0295318789750417
1	0.031271085116075
1	0.0330104840253266
1	0.0347500704991086
1	0.0364898393519862
1	0.0382297854167255
1	0.0399699035442414
1	0.0417101886035456
1	0.0434506354816948
1	0.0451912390837385
1	0.0469319943326683
1	0.0486728961693654
1	0.0504139395525502
1	0.0521551194587306
1	0.0538964308821511
1	0.0556378688347421
1	0.0573794283460686
1	0.0591211044632804
1	0.0608628922510608
1	0.0626047867915767
1	0.0643467831844284
1	0.0660888765465994
1	0.0678310620124064
1	0.0695733347334495
1	0
1	0.00170452379739719
1	0.00340940683543855
1	0.00511464340042129
1	0.00682022779830222
1	0.00852615435464172
1	0.0102324174145478
1	0.0119390113426206
1	0.0136459305228964
1	0.0153531693587924
1	0.0170607222730518
1	0.0187685837076878
1	0.0204767481239295
1	0.0221852100021666
1	0.0238939638418946
1	0.0256030041616608
1	0.0273123254990091
1	0.0290219224104267
1	0.030731789471289
1	0.0324419212758065
1	0.0341523124369705
1	0.0358629575864995
1	0.0375738513747858
1	0.0392849884708422
1	0.0409963635622482
1	0.0427079713550978
1	0.0444198065739458
1	0.0461318639617554
1	0.0478441382798453
1	0.0495566243078374
1	0.0512693168436043
1	0.052982210703217
1	0.054695300720893
1	0.0564085817489441
1	0.0581220486577248
1	0.0598356963355805
1	0.061549519688796
1	0.0632635136415441
1	0.0649776731358344
1	0.066691993131462
1	0.0684064686059567
1	0
1	0.00169593223817541
1	0.00339224482732929
1	0.00508893199995585
1	0.00678598800834809
1	0.00848340712454135
1	0.0101811836402571
1	0.0118793118668469
1	0.0135777861352364
1	0.0152766007958693
1	0.0169757502186523
1	0.0186752287928991
1	0.0203750309272751
1	0.0220751510497426
1	0.0237755836075051
1	0.0254763230669532
1	0.0271773639136092
1	0.0288787006520726
1	0.0305803278059661
1	0.0322822399178808
1	0.033984431549322
1	0.0356868972806559
1	0.0373896317110547
1	0.0390926294584438
1	0.0407958851594475
1	0.0424993934693362
1	0.0442031490619725
1	0.0459071466297585
1	0.0476113808835827
1	0.0493158465527669
1	0.0510205383850139
1	0.0527254511463545
1	0.0544305796210954
1	0.0561359186117666
1	0.0578414629390696
1	0.059547207441825
1	0.0612531469769211
1	0.0629592764192616
1	0.0646655906617145
1	0.0663720846150605
1	0.0680787532079415
1	0
1	0.00168558889585678
1	0.00337158355733544
1	0.00505797815215701
1	0.00674476686800884
1	0.00843194391248772
1	0.0101195035130433
1	0.0118074399169214
1	0.0134957473911077
1	0.0151844202222718
1	0.0168734527167107
1	0.0185628392002929
1	0.0202525740184032
1	0.0219426515358863
1	0.023633066136992
1	0.0253238122253194
1	0.027014884223762
1	0.0287062765744526
1	0.0303979837387083
1	0.032090000196976
1	0.0337823204487778
1	0.0354749390126562
1	0.0371678504261204
1	0.0388610492455916
1	0.0405545300463494
1	0.0422482874224778
1	0.0439423159868114
1	0.0456366103708821
1	0.0473311652248653
1	0.0490259752175272
1	0.0507210350361711
1	0.0524163393865846
1	0.0541118829929871
1	0.0558076605979765
1	0.0575036669624771
1	0.0591998968656871
1	0.0608963451050262
1	0.0625930064960835
1	0.0642898758725657
1	0.065986948086245
1	0.0676842180069074
1	0
1	0.00166020286400394
1	0.00332087386969037
1	0.00498200702580518
1	0.00664359636147177
1	0.00830563592613314
1	0.00996811978949413
1	0.0116310420414639
1	0.0132943967920983
1	0.014958178171543
1	0.0166223803299757
1	0.0182869974375498
1	0.0199520236843373
1	0.0216174532802721
1	0.0232832804550936
1	0.0249494994582901
1	0.0266161045590429
1	0.0282830900461702
1	0.0299504502280708
1	0.0316181794326689
1	0.0332862720073581
1	0.0349547223189461
1	0.0366235247535993
1	0.0382926737167878
1	0.0399621636332302
1	0.0416319889468387
1	0.0433021441206648
1	0.0449726236368443
1	0.0466434219965428
1	0.048314533719902
1	0.049985953345985
1	0.0516576754327225
1	0.0533296945568591
1	0.0550020053138995
1	0.0566746023180548
1	0.0583474802021894
1	0.0600206336177676
1	0.0616940572348004
1	0.0633677457417925
1	0.0650416938456899
1	0.0667158962718265
1	0
1	0.00161661088125416
1	0.0032337970141233
1	0.00485155213436691
1	0.00646986999882808
1	0.00808874438537375
1	0.00970816909283518
1	0.0113281379409484
1	0.0129486447702952
1	0.0145696834422438
1	0.0161912478388898
1	0.0178133318629979
1	0.0194359294379427
1	0.0210590345076506
1	0.0226826410365414
1	0.02430674300947
1	0.0259313344316686
1	0.0275564093286888
1	0.0291819617463439
1	0.0308079857506514
1	0.0324344754277755
1	0.0340614248839701
1	0.0356888282455214
1	0.0373166796586915
1	0.038944973289661
1	0.040573703324473
1	0.0422028639689763
1	0.0438324494487691
1	0.045462454009143
1	0.0470928719150268
1	0.048723697450931
1	0.0503549249208916
1	0.0519865486484151
1	0.0536185629764225
1	0.0552509622671947
1	0.0568837409023168
1	0.0585168932826237
1	0.0601504138281447
1	0.0617842969780495
1	0.063418537190593
1	0.0650531289430614
1	0
1	0.00161185395333495
1	0.00322429484654029
1	0.00483731638558617
1	0.00645091229760337
1	0.00806507633082342
1	0.00967980225451875
1	0.0112950838589431
1	0.0129109149552722
1	0.014527289375544
1	0.0161442009726003
1	0.017761643620027
1	0.0193796112120957
1	0.0209980976637052
1	0.0226170969103223
1	0.0242366029079243
1	0.0258566096329402
1	0.0274771110821929
1	0.0290981012728412
1	0.0307195742423225
1	0.0323415240482945
1	0.0339639447685785
1	0.0355868305011016
1	0.03721017536384
1	0.0388339734947618
1	0.0404582190517702
1	0.0420829062126472
1	0.0437080291749965
1	0.0453335821561878
1	0.0469595593933
1	0.0485859551430659
1	0.0502127636818155
1	0.0518399793054208
1	0.0534675963292402
1	0.0550956090880627
1	0.0567240119360531
1	0.0583527992466963
1	0.0599819654127428
1	0.0616115048461539
1	0.0632414119780463
1	0.0648716812586384
1	0
1	0.00149180475398309
1	0.00298449142092168
1	0.00447805295500093
1	0.00597248233351115
1	0.00746777255678286
1	0.00896391664812194
1	0.010460907653745
1	0.0119587386427149
1	0.0134574027068763
1	0.0149568929607919
1	0.016457202541678
1	0.0179583246093411
1	0.0194602523461141
1	0.0209629789567928
1	0.0224664976685729
1	0.0239708017309866
1	0.0254758844158395
1	0.0269817390171486
1	0.0284883588510789
1	0.0299957372558812
1	0.0315038675918301
1	0.0330127432411616
1	0.0345223576080113
1	0.0360327041183525
1	0.037543776219935
1	0.0390555673822229
1	0.0405680710963343
1	0.0420812808749793
1	0.0435951902523999
1	0.0451097927843083
1	0.0466250820478272
1	0.0481410516414286
1	0.0496576951848741
1	0.0511750063191543
1	0.0526929787064291
1	0.054211606029968
1	0.0557308819940901
1	0.0572508003241049
1	0.0587713547662529
1	0.0602925390876465
1	0
1	0.00130586075571561
1	0.00261306030769061
1	0.00392159044567164
1	0.00523144298552242
1	0.00654260976915089
1	0.00785508266443662
1	0.00916885356515834
1	0.0104839143909217
1	0.0118002570870871
1	0.013117873624698
1	0.0144367560004093
1	0.0157568962364155
1	0.0170782863803797
1	0.0184009185053625
1	0.019724784709751
1	0.0210498771171881
1	0.0223761878765019
1	0.0237037091616355
1	0.0250324331715768
1	0.0263623521302886
1	0.0276934582866384
1	0.0290257439143295
1	0.0303592013118311
1	0.0316938228023091
1	0.0330296007335573
1	0.0343665274779285
1	0.0357045954322655
1	0.0370437970178332
1	0.0383841246802497
1	0.0397255708894186
1	0.041068128139461
1	0.0424117889486474
1	0.0437565458593307
1	0.0451023914378784
1	0.0464493182746055
1	0.0477973189837074
1	0.0491463862031933
1	0.0504965125948193
1	0.0518476908440217
1	0.0531999136598514
1	0
1	0.00128915327052044
1	0.00257968638928961
1	0.00387159104142675
1	0.00516485893843878
1	0.00645948181814679
1	0.00775545144461269
1	0.0090527596080661
1	0.0103513981248313
1	0.0116513588372546
1	0.0129526336136318
1	0.0142552143481355
1	0.0155590929607433
1	0.0168642613971659
1	0.0181707116287747
1	0.0194784356525309
1	0.0207874254909137
1	0.0220976731918492
1	0.0234091708286395
1	0.0247219104998914
1	0.0260358843294463
1	0.0273510844663097
1	0.0286675030845804
1	0.0299851323833811
1	0.0313039645867881
1	0.0326239919437615
1	0.0339452067280763
1	0.0352676012382522
1	0.0365911677974853
1	0.0379158987535783
1	0.0392417864788727
1	0.0405688233701791
1	0.0418970018487099
1	0.0432263143600102
1	0.0445567533738901
1	0.0458883113843571
1	0.047220980909548
1	0.0485547544916614
1	0.0498896246968907
1	0.051225584115357
1	0.0525626253610415
1	0
1	0.00124958280202833
1	0.00250064268096859
1	0.00375317107413756
1	0.00500715944588069
1	0.00626259928749687
1	0.00751948211716344
1	0.00877779947986139
1	0.0100375429473007
1	0.0112987041178462
1	0.0125612746164427
1	0.0138252460945419
1	0.0150906102300279
1	0.0163573587271437
1	0.0176254833164181
1	0.0188949757545921
1	0.020165827824546
1	0.0214380313352268
1	0.0227115781215751
1	0.0239864600444532
1	0.0252626689905723
1	0.0265401968724211
1	0.0278190356281932
1	0.0290991772217159
1	0.0303806136423788
1	0.0316633369050621
1	0.0329473390500659
1	0.034232612143039
1	0.0355191482749085
1	0.0368069395618088
1	0.0380959781450119
1	0.0393862561908566
1	0.0406777658906791
1	0.0419704994607427
1	0.0432644491421688
1	0.0445596072008668
1	0.0458559659274656
1	0.0471535176372439
1	0.0484522546700621
1	0.0497521693902928
1	0.0510532541867529
1	0
1	0.00116466532121984
1	0.00233101637023334
1	0.0034990440525779
1	0.00466873930219504
1	0.00584009308135168
1	0.00701309638056147
1	0.00818774021850651
1	0.00936401564195915
1	0.0105419137257041
1	0.0117214255724605
1	0.0129025423128047
1	0.0140852551050926
1	0.015269555135383
1	0.0164554336173601
1	0.0176428817922571
1	0.0188318909287799
1	0.0200224523230303
1	0.0212145572984305
1	0.0224081972056467
1	0.0236033634225135
1	0.0248000473539589
1	0.0259982404319283
1	0.02719793411531
1	0.0283991198898598
1	0.029601789268127
1	0.030805933789379
1	0.032011545019528
1	0.0332186145510563
1	0.0344271340029423
1	0.0356370950205874
1	0.0368484892757421
1	0.0380613084664327
1	0.0392755443168882
1	0.0404911885774676
1	0.0417082330245872
1	0.0429266694606476
1	0.0441464897139619
1	0.0453676856386834
1	0.0465902491147337
1	0.0478141720477308
1	0
1	0.00113655714694083
1	0.00227486908631655
1	0.00341492654764253
1	0.00455672028929357
1	0.00570024109842393
1	0.00684547979088758
1	0.00799242721115864
1	0.00914107423225207
1	0.0102914117556446
1	0.0114434307111956
1	0.0125971220570687
1	0.0137524767796532
1	0.0149094858934856
1	0.0160681404411717
1	0.0172284314933088
1	0.0183903501484079
1	0.0195538875328163
1	0.0207190348006404
1	0.0218857831336687
1	0.0230541237412949
1	0.0242240478604413
1	0.0253955467554822
1	0.0265686117181682
1	0.0277432340675496
1	0.028919405149901
1	0.0300971163386454
1	0.0312763590342791
1	0.0324571246642963
1	0.0336394046831141
1	0.0348231905719977
1	0.0360084738389861
1	0.0371952460188171
1	0.0383834986728536
1	0.0395732233890096
1	0.0407644117816759
1	0.0419570554916472
1	0.0431511461860479
1	0.0443466755582597
1	0.0455436353278479
1	0.046742017240489
1	0
1	0.00113003861871998
1	0.00226184804656127
1	0.0033954189722182
1	0.00453074211335012
1	0.00566780821650117
1	0.00680660805702022
1	0.00794713243898107
1	0.00908937219510284
1	0.0102333181866706
1	0.0113789613034561
1	0.0125262924636391
1	0.013675302613728
1	0.0148259827284821
1	0.0159783238108326
1	0.0171323168918048
1	0.01828795303044
1	0.0194452233137181
1	0.0206041188564796
1	0.0217646308013489
1	0.0229267503186567
1	0.0240904686063632
1	0.0252557768899819
1	0.0264226664225023
1	0.0275911284843146
1	0.0287611543831327
1	0.0299327354539188
1	0.0311058630588079
1	0.0322805285870321
1	0.0334567234548452
1	0.0346344391054479
1	0.0358136670089129
1	0.0369943986621102
1	0.0381766255886326
1	0.0393603393387216
1	0.0405455314891931
1	0.0417321936433637
1	0.042920317430977
1	0.0441098945081302
1	0.0453009165572007
1	0.0464933752867731
1	0
1	0.00111050141476117
1	0.00222282164353962
1	0.0033369512526817
1	0.00445288083781525
1	0.00557060102376852
1	0.00669010246448931
1	0.00781137584296435
1	0.00893441187113887
1	0.0100592012898364
1	0.0111857348686788
1	0.0123140034060065
1	0.0134439977287987
1	0.0145757086925944
1	0.0157091271814131
1	0.0168442441076756
1	0.0179810504121259
1	0.0191195370637519
1	0.0202596950597077
1	0.0214015154252355
1	0.0225449892135873
1	0.0236901075059474
1	0.0248368614113553
1	0.0259852420666279
1	0.0271352406362827
1	0.028286848312461
1	0.0294400563148512
1	0.0305948558906124
1	0.0317512383142979
1	0.0329091948877796
1	0.0340687169401719
1	0.035229795827756
1	0.0363924229339049
1	0.0375565896690076
1	0.0387222874703944
1	0.0398895078022622
1	0.0410582421555997
1	0.0422284820481128
1	0.0434002190241508
1	0.0445734446546319
1	0.0457481505369699
1	0
1	0.00107523236306794
1	0.00215237019979806
1	0.00323140385567107
1	0.00431232370602044
1	0.00539512015594985
1	0.00647978364025085
1	0.00756630462332074
1	0.0086546735990807
1	0.0097448810908941
1	0.010836917651485
1	0.011930773862857
1	0.0130264403362122
1	0.0141239077118703
1	0.015223166659188
1	0.0163242078764787
1	0.0174270220909326
1	0.018531600058536
1	0.0196379325639925
1	0.0207460104206427
1	0.0218558244703853
1	0.0229673655835979
1	0.0240806246590582
1	0.0251955926238651
1	0.0263122604333604
1	0.0274306190710506
1	0.0285506595485286
1	0.0296723729053961
1	0.030795750209186
1	0.0319207825552846
1	0.0330474610668548
1	0.034175776894759
1	0.0353057212174819
1	0.0364372852410545
1	0.0375704601989772
1	0.0387052373521441
1	0.0398416079887664
1	0.040979563424297
1	0.042119095001355
1	0.04326019408965
1	0.0444028520859071
1	0
1	0.0010262660277151
1	0.00205455784435549
1	0.00308486548875962
1	0.00411717903041188
1	0.00515148856935791
1	0.00618778423612027
1	0.00722605619161426
1	0.00826629462706395
1	0.00930848976391852
1	0.0103526318537687
1	0.0113987111782635
1	0.0124467180490273
1	0.0134966428075768
1	0.0145484758252385
1	0.0156022075030664
1	0.0166578282717598
1	0.0177153285915811
1	0.0187746989522747
1	0.0198359298729846
1	0.0208990119021739
1	0.0219639356175433
1	0.0230306916259501
1	0.0240992705633283
1	0.0251696630946072
1	0.0262418599136317
1	0.0273158517430825
1	0.0283916293343958
1	0.029469183467684
1	0.0305485049516564
1	0.0316295846235398
1	0.0327124133489998
1	0.0337969820220619
1	0.0348832815650333
1	0.0359713029284239
1	0.0370610370908689
1	0.0381524750590508
1	0.0392456078676212
1	0.0403404265791238
1	0.0414369222839172
1	0.0425350861000972
1	0
1	0.00101594272374464
1	0.00203393660182173
1	0.00305397160842202
1	0.0040760377485494
1	0.00510012505793581
1	0.00612622360295645
1	0.00715432348054516
1	0.00818441481811005
1	0.00921648777344938
1	0.0102505325346676
1	0.0112865393200916
1	0.0123244983781874
1	0.0133643999874767
1	0.0144062344564541
1	0.0154499921235038
1	0.0164956633568177
1	0.0175432385543123
1	0.0185927081435473
1	0.019644062581643
1	0.0206972923551989
1	0.0217523879802123
1	0.0228093400019967
1	0.0238681389951011
1	0.0249287755632289
1	0.0259912403391573
1	0.0270555239846571
1	0.0281216171904121
1	0.0291895106759395
1	0.0302591951895101
1	0.0313306615080683
1	0.0324039004371532
1	0.0334789028108195
1	0.0345556594915581
1	0.0356341613702179
1	0.036714399365927
1	0.0377963644260145
1	0.0388800475259324
1	0.0399654396691777
1	0.0410525318872146
1	0.0421413152393975
1	0
1	0.000976744680684921
1	0.00195563682927835
1	0.00293666617450083
1	0.00391982247652098
1	0.00490509552686872
1	0.00589247514834888
1	0.0068819511949549
1	0.00787351355178283
1	0.00886715213494557
1	0.00986285689148729
1	0.0108606177992981
1	0.011860424867029
1	0.0128622681340069
1	0.0138661376701502
1	0.0148720235758839
1	0.0158799159820561
1	0.0168898050498534
1	0.0179016809707175
1	0.0189155339662615
1	0.0199313542881867
1	0.0209491322181995
1	0.0219688580679285
1	0.0229905221788419
1	0.0240141149221652
1	0.0250396266987987
1	0.0260670479392357
1	0.027096369103481
1	0.0281275806809686
1	0.0291606731904815
1	0.0301956371800694
1	0.0312324632269687
1	0.0322711419375214
1	0.0333116639470946
1	0.0343540199200006
1	0.0353982005494166
1	0.0364441965573048
1	0.037491998694333
1	0.0385415977397952
1	0.0395929845015322
1	0.040646149815853
1	0
1	0.000898688630104047
1	0.00179971651976682
1	0.00270307290889789
1	0.0036087470701192
1	0.00451672830867507
1	0.0054270059623425
1	0.00633956940134158
1	0.00725440802824625
1	0.0081715112778953
1	0.00909086861730348
1	0.010012469545573
1	0.0109363035938053
1	0.0118623603250125
1	0.0127906293340304
1	0.01372110024743
1	0.0146537627234303
1	0.0155886064518118
1	0.0165256211538285
1	0.0174647965821222
1	0.0184061225206354
1	0.0193495887845252
1	0.0202951852200775
1	0.0212429017046211
1	0.0221927281464419
1	0.0231446544846981
1	0.0240986706893347
1	0.0250547667609987
1	0.0260129327309546
1	0.0269731586609999
1	0.0279354346433809
1	0.0288997508007086
1	0.0298660972858754
1	0.0308344642819711
1	0.0318048420021998
1	0.0327772206897968
1	0.0337515906179458
1	0.0347279420896962
1	0.0357062654378807
1	0.0366865510250333
1	0.0376687892433069
1	0
1	0.000883173661508165
1	0.00176872470442991
1	0.00265664227151529
1	0.00354691553847805
1	0.00443953371390498
1	0.00533448603916554
1	0.00623176178832162
1	0.00713135026803771
1	0.00803324081749114
1	0.00893742280828268
1	0.00984388564434728
1	0.0107526187618652
1	0.0116636116291731
1	0.0125768537466758
1	0.0134923346467578
1	0.0144100438936952
1	0.0153299710835682
1	0.0162521058441734
1	0.0171764378349362
1	0.0181029567468242
1	0.0190316523022599
1	0.0199625142550345
1	0.020895532390221
1	0.0218306965240884
1	0.0227679965040157
1	0.0237074222084059
1	0.0246489635466012
1	0.0255926104587968
1	0.0265383529159567
1	0.0274861809197285
1	0.0284360845023587
1	0.0293880537266088
1	0.0303420786856707
1	0.0312981495030832
1	0.032256256332648
1	0.0332163893583464
1	0.034178538794256
1	0.0351426948844678
1	0.0361088479030033
1	0.037076988153732
1	0
1	0.000800133974696212
1	0.00160284936775701
1	0.00240813480191238
1	0.00321597893420109
1	0.0040263704558765
1	0.0048392980923127
1	0.00565475060291082
1	0.00647271678100571
1	0.0072931854537727
1	0.00811614548213479
1	0.00894158576066993
1	0.00976949521751863
1	0.0105998628142918
1	0.0114326775459789
1	0.0122679284408562
1	0.0131056045603953
1	0.0139456949991719
1	0.0147881888847753
1	0.0156330753777171
1	0.016480343671341
1	0.0173299829917328
1	0.01818198259763
1	0.0190363317803324
1	0.0198930198636124
1	0.0207520362036258
1	0.0216133701888229
1	0.0224770112398595
1	0.0233429488095084
1	0.0242111723825714
1	0.0250816714757907
1	0.0259544356377613
1	0.0268294544488435
1	0.0277067175210754
1	0.0285862144980858
1	0.0294679350550071
1	0.0303518688983891
1	0.0312380057661118
1	0.0321263354273
1	0.0330168476822365
1	0.0339095323622771
1	0
1	0.000616088496965179
1	0.00123521063074089
1	0.00185735387150775
1	0.00248250572673627
1	0.00311065374108495
1	0.00374178549629865
1	0.00437588861110724
1	0.00501295074112449
1	0.00565295957874729
1	0.00629590285305501
1	0.00694176832970932
1	0.00759054381085409
1	0.00824221713501567
1	0.00889677617700338
1	0.00955420884781028
1	0.0102145030945143
1	0.0108776469001792
1	0.0115436282837568
1	0.0122124352999881
1	0.0128840560393057
1	0.0135584786277361
1	0.0142356912268024
1	0.014915682033427
1	0.0155984392798348
1	0.0162839512334566
1	0.0169722061968325
1	0.0176631925075162
1	0.018356898537979
1	0.0190533126955139
1	0.0197524234221406
1	0.0204542191945103
1	0.021158688523811
1	0.0218658199556724
1	0.0225756020700724
1	0.0232880234812421
1	0.0240030728375727
1	0.0247207388215216
1	0.025441010149519
1	0.0261638755718749
1	0.0268893238726863
1	0
1	0.000561666922542769
1	0.00112650120123607
1	0.00169448996545588
1	0.00226562038274958
1	0.00283987965873177
1	0.00341725503698033
1	0.00399773379893282
1	0.00458130326378304
1	0.00516795078837804
1	0.00575766376711519
1	0.00635042963183973
1	0.00694623585174245
1	0.00754506993325769
1	0.00814691941996161
1	0.00875177189247074
1	0.00935961496834079
1	0.00997043630196569
1	0.010584223584477
1	0.0112009645436435
1	0.011820646943771
1	0.0124432585856026
1	0.0130687873062189
1	0.0136972209789391
1	0.0143285475132213
1	0.0149627548545644
1	0.0155998309844089
1	0.0162397639200392
1	0.0168825417144852
1	0.0175281524564246
1	0.0181765842700857
1	0.0188278253151498
1	0.0194818637866542
1	0.0201386879148961
1	0.0207982859653353
1	0.0214606462384984
1	0.0221257570698832
1	0.0227936068298621
1	0.0234641839235876
1	0.0241374767908965
1	0.0248134739062153
1	0
1	0.000488303522772622
1	0.000979954663025979
1	0.00147494009071188
1	0.00197324651514186
1	0.00247486068487991
1	0.00297976938763545
1	0.00348795945015667
1	0.00399941773812402
1	0.0045141311560441
1	0.0050320866471438
1	0.00555327119326468
1	0.0060776718147577
1	0.00660527557037816
1	0.00713606955718095
1	0.00767004091041609
1	0.00820717680342455
1	0.00874746444753427
1	0.00929089109195661
1	0.0098374440236829
1	0.0103871105673814
1	0.0109398780852944
1	0.0114957339771357
1	0.0120546656799887
1	0.0126166606682035
1	0.0131817064532962
1	0.0137497905838466
1	0.0143209006453978
1	0.0148950242603544
1	0.0154721490878826
1	0.0160522628238094
1	0.0166353532005225
1	0.0172214079868705
1	0.0178104149880635
1	0.0184023620455735
1	0.0189972370370354
1	0.0195950278761483
1	0.0201957225125768
1	0.0207993089318528
1	0.0214057751552776
1	0.022015109239824
1	0
1	0.000251975445349457
1	0.000507879190287269
1	0.000767696424806142
1	0.00103141238208652
1	0.00129901233837932
1	0.00157048161288904
1	0.00184580556765712
1	0.00212496960744557
1	0.00240795917962108
1	0.00269475977403922
1	0.00298535692292907
1	0.00327973620077818
1	0.00357788322421773
1	0.0038797836519081
1	0.00418542318442465
1	0.00449478756414389
1	0.00480786257512986
1	0.00512463404302093
1	0.00544508783491677
1	0.00576920985926571
1	0.00609698606575234
1	0.00642840244518549
1	0.00676344502938643
1	0.00710209989107732
1	0.00744435314377015
1	0.00779019094165573
1	0.00813959947949321
1	0.00849256499249965
1	0.00884907375624013
1	0.00920911208651795
1	0.00957266633926525
1	0.0099397229104338
1	0.0103102682358862
1	0.0106842887912874
1	0.0110617710919963
1	0.0114427016929578
1	0.0118270671885951
1	0.0122148542127023
1	0.0126060494383372
1	0.0130006395777147
1	0
1	0.000243973747236287
1	0.000491895455046521
1	0.000743750263314313
1	0.000999523355240617
1	0.00125919995722615
1	0.00152276533875413
1	0.00179020481227331
1	0.00206150373308133
1	0.00233664749920836
1	0.00261562155130112
1	0.00289841137250709
1	0.00318500248835914
1	0.00347538046666041
1	0.00376953091736947
1	0.00406743949248586
1	0.00436909188593587
1	0.00467447383345863
1	0.00498357111249256
1	0.00529636954206203
1	0.00561285498266437
1	0.00593301333615719
1	0.00625683054564601
1	0.0065842925953721
1	0.00691538551060074
1	0.00725009535750967
1	0.00758840824307788
1	0.00793031031497474
1	0.00827578776144934
1	0.00862482681122019
1	0.00897741373336515
1	0.00933353483721171
1	0.00969317647222753
1	0.0100563250279113
1	0.0104229669336838
1	0.0107930886587794
1	0.0111666767121378
1	0.0115437176422957
1	0.0119241980372796
1	0.012308104524498
1	0.0126954237706341
1	0
1	0.000234067951241446
1	0.000472108202604464
1	0.000714105831939526
1	0.000960045960574897
1	0.00120991375319864
1	0.00146369441774094
1	0.00172137320525672
1	0.00198293540980856
1	0.00224836636835
1	0.00251765146060903
1	0.00279077610897198
1	0.00306772577836773
1	0.00334848597615214
1	0.00363304225199285
1	0.00392138019775435
1	0.00421348544738345
1	0.00450934367679486
1	0.00480894060375732
1	0.0051122619877798
1	0.00541929362999816
1	0.00573002137306203
1	0.00604443110102204
1	0.0063625087392173
1	0.0066842402541632
1	0.00700961165343954
1	0.00733860898557887
1	0.00767121833995524
1	0.00800742584667316
1	0.00834721767645688
1	0.00869058004053996
1	0.00903749919055516
1	0.00938796141842455
1	0.00974195305624999
1	0.0100994604762039
1	0.0104604700904202
1	0.0108249683508858
1	0.011192941749332
1	0.0115643768171264
1	0.0119392601251654
1	0.0123175782837661
1	0
1	0.000194854160559442
1	0.000393776973510019
1	0.000596753271133387
1	0.000803767929824168
1	0.00101480586997032
1	0.00122985205583378
1	0.00144889149543148
1	0.00167190924041659
1	0.0018988903859602
1	0.00212982007063319
1	0.00236468347628847
1	0.00260346582794357
1	0.0028461523936635
1	0.00309272848444382
1	0.00334317945409429
1	0.00359749069912251
1	0.00385564765861809
1	0.00411763581413705
1	0.00438344068958651
1	0.00465304785110972
1	0.00492644290697136
1	0.00520361150744321
1	0.00548453934469004
1	0.00576921215265582
1	0.00605761570695029
1	0.00634973582473578
1	0.00664555836461434
1	0.00694506922651517
1	0.00724825435158234
1	0.00755509972206285
1	0.00786559136119486
1	0.00817971533309644
1	0.00849745774265438
1	0.00881880473541345
1	0.00914374249746587
1	0.00947225725534118
1	0.00980433527589614
1	0.0101399628662054
1	0.0104791263734518
1	0.0108218121848177
1	0
1	0.000168477949455185
1	0.000341089360333178
1	0.000517818899739689
1	0.000698651279320634
1	0.000883571255141385
1	0.00107256362756632
1	0.00126561324113871
1	0.00146270498446089
1	0.0016638237900748
1	0.00186895463434281
1	0.00207808253732882
1	0.0022911925626798
1	0.00250826981750747
1	0.00272929945227045
1	0.00295426666065666
1	0.00318315667946598
1	0.00341595478849329
1	0.00365264631041185
1	0.00389321661065686
1	0.00413765109730944
1	0.00438593522098093
1	0.00463805447469735
1	0.00489399439378438
1	0.00515374055575245
1	0.00541727858018223
1	0.00568459412861044
1	0.0059556729044159
1	0.00623050065270595
1	0.00650906316020307
1	0.00679134625513196
1	0.00707733580710671
1	0.00736701772701846
1	0.0076603779669233
1	0.00795740251993037
1	0.00825807742009035
1	0.00856238874228434
1	0.00887032260211271
1	0.0091818651557847
1	0.00949700260000789
1	0.00981572117187821
1	0
1	9.01832100418964e-05
1	0.000184692259639551
1	0.000283511325592933
1	0.000386624630510431
1	0.000494016442684788
1	0.000605671075969372
1	0.00072157288965477
1	0.000841706288345703
1	0.000966055721838294
1	0.00109460568499761
1	0.00122734071763557
1	0.00136424540438918
1	0.00150530437459907
1	0.00165050230218831
1	0.00179982390554168
1	0.00195325394738509
1	0.00211077723466544
1	0.00227237861843078
1	0.00243804299371075
1	0.0026077552993973
1	0.0027815005181259
1	0.00295926367615682
1	0.00314102984325695
1	0.00332678413258175
1	0.00351651170055765
1	0.00371019774676468
1	0.00390782751381942
1	0.00410938628725836
1	0.00431485939542138
1	0.00452423220933569
1	0.00473749014260004
1	0.00495461865126921
1	0.00517560323373884
1	0.00540042943063053
1	0.00562908282467729
1	0.00586154904060925
1	0.00609781374503965
1	0.00633786264635125
1	0.00658168149458292
1	0.00682925608131654
1	0
1	8.99904355670688e-05
1	0.000184307184356375
1	0.000282934421960675
1	0.000385856369784266
1	0.000493057294918916
1	0.00060452151002012
1	0.000720233373183697
1	0.00084017728782269
1	0.000964337702544615
1	0.00109269911102902
1	0.00122524605190535
1	0.00136196310863124
1	0.00150283490937093
1	0.00164784612687423
1	0.00179698147835559
1	0.00195022572537372
1	0.00210756367371127
1	0.00226898017325507
1	0.00243446011787653
1	0.00260398844531243
1	0.00277755013704595
1	0.00295513021818813
1	0.00313671375735959
1	0.00332228586657245
1	0.0035118317011128
1	0.00370533645942323
1	0.00390278538298589
1	0.00410416375620568
1	0.00430945690629388
1	0.00451865020315204
1	0.00473172905925609
1	0.00494867892954094
1	0.00516948531128525
1	0.00539413374399651
1	0.00562260980929652
1	0.00585489913080707
1	0.00609098737403591
1	0.00633086024626317
1	0.00657450349642796
1	0.00682190291501524
1	0
1	8.00572016667806e-05
1	0.000164465123521148
1	0.000253207878950893
1	0.000346269627316244
1	0.000443634573825376
1	0.000545286969410259
1	0.000651211110602828
1	0.000761391339411461
1	0.000875812043197838
1	0.000994457654554064
1	0.00111731265118015
1	0.00124436155576184
1	0.00137558893584868
1	0.00151097940373253
1	0.00165051761632627
1	0.00179418827504294
1	0.00194197612567509
1	0.0020938659582746
1	0.00224984260703263
1	0.00240989095016003
1	0.00257399590976803
1	0.0027421424517492
1	0.00291431558565884
1	0.00309050036459646
1	0.0032706818850879
1	0.00345484528696742
1	0.00364297575326038
1	0.00383505851006603
1	0.0040310788264408
1	0.00423102201428166
1	0.00443487342821001
1	0.00464261846545581
1	0.00485424256574189
1	0.0050697312111688
1	0.00528906992609973
1	0.00551224427704598
1	0.00573923987255239
1	0.00597004236308348
1	0.00620463744090959
1	0.00644301083999341
1	0
1	1.82338527998953e-05
1	4.09703320395308e-05
1	6.81931639498756e-05
1	9.98861217357365e-05
1	0.00013603302544867
1	0.000176617741860223
1	0.000221624184335516
1	0.000271036312707147
1	0.000324838133149458
1	0.000383013698053079
1	0.000445547105899877
1	0.000512422501138178
1	0.000583624074058341
1	0.000659136060668662
1	0.000738942742571615
1	0.000823028446840388
1	0.000911377545895764
1	0.00100397445738337
1	0.00110080364405118
1	0.00120184961362738
1	0.00130709691869853
1	0.00141653015658812
1	0.00153013396923536
1	0.00164789304307431
1	0.0017697921089134
1	0.00189581594181514
1	0.00202594936097633
1	0.00216017722960836
1	0.00229848445481806
1	0.00244085598748867
1	0.00258727682216124
1	0.00273773199691632
1	0.00289220659325594
1	0.00305068573598592
1	0.00321315459309855
1	0.00337959837565539
1	0.00355000233767062
1	0.00372435177599456
1	0.00390263203019751
1	0.00408482848245392
1	0
1	-1.36740824054496e-05
1	-2.27671373311004e-05
1	-2.72956383632877e-05
1	-2.72760115976687e-05
1	-2.27246357676555e-05
1	-1.36578423725157e-05
1	-9.19158051303215e-08
1	1.79569065205838e-05
1	4.04724340426002e-05
1	6.74385229240092e-05
1	9.88390759266364e-05
1	0.000134658042284949
1	0.00017487941758032
1	0.000219487243615583
1	0.000268465608290018
1	0.00032179864547454
1	0.000379470534887294
1	0.0004414655019696
1	0.000507767817762156
1	0.000578361798781617
1	0.00065323180689747
1	0.000732362249209292
1	0.000815737577924261
1	0.000903342290235032
1	0.000995160928197916
1	0.00109117807861141
1	0.00119137837289503
1	0.00129574648696845
1	0.00140426714113102
1	0.0015169250999415
1	0.0016337051720982
1	0.00175459221031941
1	0.00187957111122417
1	0.00200862681521326
1	0.00214174430635067
1	0.00227890861224525
1	0.00242010480393266
1	0.00256531799575775
1	0.00271453334525719
1	0.00286773605304234
1	0
1	-2.03724381200028e-05
1	-3.61473902193666e-05
1	-4.73413718315892e-05
1	-5.39708508909952e-05
1	-5.60522478614441e-05
1	-5.36019358647159e-05
1	-4.66362408085459e-05
1	-3.5171441514343e-05
1	-1.92237698445202e-05
1	1.19058917043974e-06
1	2.60554972053295e-05
1	5.53548625138387e-05
1	8.90726398025468e-05
1	0.000127192830105226
1	0.000169699480657481
1	0.00021657668477177
1	0.000267808581712624
1	0.000323379356572388
1	0.000383273240147107
1	0.000447474508812856
1	0.000515967484402358
1	0.000588736534081938
1	0.000665766070228793
1	0.000747040550308581
1	0.00083254447675335
1	0.000922262396839749
1	0.00101617890256772
1	0.0011142786305392
1	0.00121654626183751
1	0.00132296652190675
1	0.00143352418043172
1	0.00154820405121807
1	0.00166699099207278
1	0.00178986990468495
1	0.00191682573450694
1	0.0020478434706358
1	0.00218290814569495
1	0.00232200483571633
1	0.00246511866002272
1	0.00261223478111039
1	0
1	-0.000133011479056719
1	-0.000261148706520106
1	-0.000384428903303974
1	-0.000502869240898454
1	-0.000616486841503453
1	-0.00072529877816177
1	-0.000829322074891854
1	-0.000928573706820226
1	-0.00102307060031352
1	-0.00111282963311021
1	-0.00119786763445198
1	-0.0012782013852147
1	-0.00135384761803915
1	-0.0014248230174613
1	-0.0014911442200423
1	-0.00155282781449814
1	-0.00160989034182894
1	-0.0016623482954478
1	-0.00171021812130959
1	-0.00175351621803907
1	-0.00179225893705889
1	-0.00182646258271715
1	-0.00185614341241468
1	-0.00188131763673194
1	-0.00190200141955561
1	-0.00191821087820487
1	-0.00192996208355724
1	-0.0019372710601742
1	-0.00194015378642645
1	-0.00193862619461883
1	-0.00193270417111488
1	-0.0019224035564611
1	-0.00190774014551091
1	-0.00188872968754822
1	-0.00186538788641071
1	-0.00183773040061275
1	-0.00180577284346813
1	-0.00176953078321219
1	-0.00172901974312395
1	-0.00168425520164769
1	0
1	-0.000205229985095958
1	-0.000405408270388649
1	-0.000600552529046382
1	-0.000790680383643999
1	-0.000975809406299379
1	-0.00115595711880959
1	-0.00133114099278667
1	-0.00150137844979307
1	-0.00166668686147671
1	-0.00182708354970571
1	-0.00198258578670274
1	-0.00213321079517902
1	-0.00227897574846798
1	-0.00241989777065855
1	-0.00255599393672809
1	-0.002687281272675
1	-0.002813776755651
1	-0.0029354973140929
1	-0.00305245982785429
1	-0.00316468112833664
1	-0.0032721779986202
1	-0.00337496717359445
1	-0.0034730653400883
1	-0.0035664891369999
1	-0.0036552551554261
1	-0.0037393799387916
1	-0.00381887998297768
1	-0.00389377173645072
1	-0.00396407160039026
1	-0.00402979592881676
1	-0.00409096102871906
1	-0.0041475831601815
1	-0.0041996785365106
1	-0.00424726332436152
1	-0.00429035364386417
1	-0.0043289655687489
1	-0.00436311512647204
1	-0.00439281829834086
1	-0.00441809101963837
1	-0.00443894917974784
1	0
1	-0.00030961557541259
1	-0.000613922965016309
1	-0.000912940495674135
1	-0.00120668644196476
1	-0.00149517902632349
1	-0.00177843641918279
1	-0.00205647673911243
1	-0.00232931805295931
1	-0.00259697837598683
1	-0.00285947567201403
1	-0.00311682785355421
1	-0.00336905278195326
1	-0.00361616826752764
1	-0.00385819206970198
1	-0.00409514189714627
1	-0.00432703540791275
1	-0.00455389020957245
1	-0.00477572385935125
1	-0.00499255386426572
1	-0.00520439768125858
1	-0.00541127271733366
1	-0.00561319632969073
1	-0.00581018582585977
1	-0.00600225846383501
1	-0.00618943145220854
1	-0.00637172195030371
1	-0.00654914706830788
1	-0.00672172386740519
1	-0.00688946935990868
1	-0.00705240050939225
1	-0.00721053423082216
1	-0.00736388739068826
1	-0.00751247680713477
1	-0.00765631925009085
1	-0.00779543144140071
1	-0.00792983005495343
1	-0.00805953171681249
1	-0.00818455300534475
1	-0.00830491045134939
1	-0.00842062053818628
1	0
1	-0.000338738862428968
1	-0.00067209798017265
1	-0.00100009586247301
1	-0.00132275096581597
1	-0.0016400816940736
1	-0.0019521063986458
1	-0.00225884337860173
1	-0.00256031088082086
1	-0.0028565271001335
1	-0.0031475101794612
1	-0.00343327820995653
1	-0.00371384923114268
1	-0.00398924123105259
1	-0.00425947214636777
1	-0.00452455986255666
1	-0.00478452221401277
1	-0.00503937698419234
1	-0.00528914190575163
1	-0.00553383466068395
1	-0.00577347288045622
1	-0.00600807414614528
1	-0.00623765598857366
1	-0.00646223588844522
1	-0.00668183127648026
1	-0.00689645953355032
1	-0.00710613799081272
1	-0.00731088392984453
1	-0.00751071458277639
1	-0.0077056471324259
1	-0.00789569871243065
1	-0.0080808864073809
1	-0.00826122725295192
1	-0.00843673823603598
1	-0.00860743629487398
1	-0.00877333831918675
1	-0.00893446115030594
1	-0.00909082158130475
1	-0.00924243635712804
1	-0.00938932217472226
1	-0.00953149568316515
1	0
1	-0.000351794386346384
1	-0.000698176949258199
1	-0.00103916627973511
1	-0.00137478091580929
1	-0.00170503934268809
1	-0.00202995999289638
1	-0.00234956124641844
1	-0.00266386143083955
1	-0.00297287882148715
1	-0.00327663164157168
1	-0.00357513806232698
1	-0.00386841620315039
1	-0.00415648413174243
1	-0.00443935986424614
1	-0.00471706136538603
1	-0.00498960654860668
1	-0.005257013276211
1	-0.00551929935949797
1	-0.00577648255890032
1	-0.00602858058412152
1	-0.00627561109427262
1	-0.00651759169800863
1	-0.00675453995366457
1	-0.00698647336939122
1	-0.00721340940329035
1	-0.00743536546354984
1	-0.0076523589085781
1	-0.00786440704713851
1	-0.00807152713848325
1	-0.00827373639248684
1	-0.0084710519697794
1	-0.00866349098187943
1	-0.00885107049132639
1	-0.00903380751181271
1	-0.00921171900831576
1	-0.00938482189722915
1	-0.00955313304649398
1	-0.00971666927572945
1	-0.00987544735636332
1	-0.0100294840117621
1	0
1	-0.00045727159537686
1	-0.00090887219909541
1	-0.00135482106268604
1	-0.00179513738300313
1	-0.00222984030237222
1	-0.00265894890873669
1	-0.00308248223580417
1	-0.00350045926319248
1	-0.0039128989165752
1	-0.00431982006782692
1	-0.00472124153516799
1	-0.005117182083309
1	-0.00550766042359477
1	-0.00589269521414811
1	-0.00627230506001304
1	-0.00664650851329771
1	-0.007015324073317
1	-0.00737877018673455
1	-0.00773686524770467
1	-0.00808962759801372
1	-0.00843707552722106
1	-0.00877922727279981
1	-0.00911610102027712
1	-0.00944771490337402
1	-0.0097740870041451
1	-0.0100952353531176
1	-0.0104111779294302
1	-0.0107219326609716
1	-0.0110275174245184
1	-0.011327950045873
1	-0.011623248300001
1	-0.0119134299111678
1	-0.0121985125530757
1	-0.012478513849
1	-0.0127534513719247
1	-0.0130233426446785
1	-0.0132882051400695
1	-0.0135480562810203
1	-0.0138029134407025
1	-0.0140527939426708
1	0
1	-0.000502645731424188
1	-0.000999508982325776
1	-0.00149060928838195
1	-0.00197596612985892
1	-0.00245559893176101
1	-0.00292952706397924
1	-0.00339776984143963
1	-0.00386034652425105
1	-0.0043172763178527
1	-0.00476857837316118
1	-0.00521427178671719
1	-0.00565437560083187
1	-0.00608890880373268
1	-0.00651789032970893
1	-0.00694133905925703
1	-0.0073592738192251
1	-0.00777171338295753
1	-0.00817867647043884
1	-0.00858018174843739
1	-0.00897624783064864
1	-0.00936689327783792
1	-0.00975213659798305
1	-0.0101319962464163
1	-0.0105064906259664
1	-0.0108756380870995
1	-0.0112394569280606
1	-0.0115979653950137
1	-0.0119511816821827
1	-0.0122991239319904
1	-0.012641810235199
1	-0.0129792586310483
1	-0.0133114871073951
1	-0.0136385136008516
1	-0.0139603559969228
1	-0.0142770321301451
1	-0.0145885597842227
1	-0.0148949566921655
1	-0.0151962405364247
1	-0.0154924289490298
1	-0.0157835395117242
1	0
1	-0.000598762952320675
1	-0.00119150725433724
1	-0.00177825304364249
1	-0.00235902040086133
1	-0.00293382934980395
1	-0.00350269985761845
1	-0.00406565183494313
1	-0.00462270513605841
1	-0.00517387955903828
1	-0.0057191948459014
1	-0.00625867068276176
1	-0.00679232669997899
1	-0.00732018247230826
1	-0.00784225751904971
1	-0.00835857130419764
1	-0.00886914323658915
1	-0.00937399267005247
1	-0.00987313890355489
1	-0.0103666011813503
1	-0.0108543986931263
1	-0.0113365505741509
1	-0.0118130759054191
1	-0.0122839937137987
1	-0.0127493229721757
1	-0.0132090825996001
1	-0.0136632914614301
1	-0.0141119683694767
1	-0.0145551320821483
1	-0.0149928013045934
1	-0.015424994688845
1	-0.0158517308339624
1	-0.0162730282861747
1	-0.0166889055390226
1	-0.0170993810335001
1	-0.0175044731581958
1	-0.0179042002494345
1	-0.0182985805914173
1	-0.0186876324163622
1	-0.0190713739046441
1	-0.019449823184934
1	0
1	-0.000600363207565017
1	-0.00119470383283614
1	-0.00178304202342743
1	-0.00236539786995919
1	-0.00294179140621111
1	-0.00351224260927503
1	-0.00407677139970725
1	-0.00463539764168056
1	-0.00518814114313573
1	-0.00573502165593265
1	-0.00627605887600114
1	-0.00681127244349124
1	-0.00734068194292321
1	-0.00786430690333705
1	-0.00838216679844169
1	-0.00889428104676377
1	-0.00940066901179602
1	-0.00990135000214518
1	-0.0103963432716797
1	-0.0108856680196768
1	-0.0113693433909696
1	-0.0118473884760931
1	-0.0123198223114305
1	-0.0127866638793589
1	-0.0132479321083945
1	-0.0137036458733374
1	-0.0141538239954161
1	-0.014598485242432
1	-0.0150376483289026
1	-0.0154713319162052
1	-0.0158995546127199
1	-0.0163223349739719
1	-0.0167396915027743
1	-0.0171516426493692
1	-0.01755820681157
1	-0.0179594023349018
1	-0.0183552475127425
1	-0.0187457605864634
1	-0.0191309597455685
1	-0.0195108631278348
1	0
1	-0.000619247386382075
1	-0.00123242579012343
1	-0.00183955547709667
1	-0.00244065665587475
1	-0.00303574947788492
1	-0.00362485403756228
1	-0.00420799037250294
1	-0.00478517846361671
1	-0.0053564382352795
1	-0.00592178955548522
1	-0.00648125223599731
1	-0.00703484603249987
1	-0.00758259064474842
1	-0.00812450571672024
1	-0.00866061083676425
1	-0.00919092553775063
1	-0.00971546929721995
1	-0.0102342615375319
1	-0.0107473216260136
1	-0.0112546688751077
1	-0.0117563225425199
1	-0.0122523018313662
1	-0.0127426258903195
1	-0.0132273138137563
1	-0.0137063846419025
1	-0.0141798573609791
1	-0.0146477509033477
1	-0.0151100841476548
1	-0.015566875918977
1	-0.0160181449889647
1	-0.0164639100759857
1	-0.016904189845269
1	-0.0173390029090474
1	-0.0177683678267002
1	-0.0181923031048956
1	-0.0186108271977321
1	-0.0190239585068807
1	-0.019431715381725
1	-0.0198341161195029
1	-0.0202311789654464
1	0
1	-0.000633000829479773
1	-0.00125989888271118
1	-0.00188071451169511
1	-0.00249546801091003
1	-0.00310417961746652
1	-0.00370686951126137
1	-0.00430355781513135
1	-0.00489426459500647
1	-0.00547900986006292
1	-0.00605781356287561
1	-0.00663069559957017
1	-0.00719767580997479
1	-0.00775877397777139
1	-0.00831400983064663
1	-0.00886340304044235
1	-0.00940697322330569
1	-0.00994473993983885
1	-0.0104767226952483
1	-0.0110029409394938
1	-0.0115234140674369
1	-0.0120381614189891
1	-0.0125472022792595
1	-0.0130505558787022
1	-0.0135482413932635
1	-0.014040277944528
1	-0.0145266845998652
1	-0.0150074803725752
1	-0.015482684222034
1	-0.0159523150538387
1	-0.016416391719952
1	-0.0168749330188467
1	-0.0173279576956493
1	-0.0177754844422837
1	-0.0182175318976143
1	-0.0186541186475888
1	-0.0190852632253803
1	-0.01951098411153
1	-0.0199312997340878
1	-0.0203462284687545
1	-0.0207557886390222
1	0
1	-0.000669837929043935
1	-0.00133348256934159
1	-0.00199095450357911
1	-0.00264227425632353
1	-0.00328746229417885
1	-0.00392653902594173
1	-0.00455952480275675
1	-0.00518643991827126
1	-0.0058073046087898
1	-0.00642213905342819
1	-0.00703096337426715
1	-0.00763379763650548
1	-0.00823066184861293
1	-0.00882157596248262
1	-0.00940655987358302
1	-0.00998563342110959
1	-0.010558816388136
1	-0.011126128501765
1	-0.0116875894332786
1	-0.0122432187982886
1	-0.0127930361568854
1	-0.0133370610137882
1	-0.0138753128184931
1	-0.0144078109654218
1	-0.0149345747940697
1	-0.0154556235891535
1	-0.0159709765807586
1	-0.0164806529444857
1	-0.0169846718015975
1	-0.0174830522191648
1	-0.0179758132102121
1	-0.0184629737338633
1	-0.0189445526954861
1	-0.019420568946837
1	-0.0198910412862052
1	-0.0203559884585569
1	-0.020815429155678
1	-0.0212693820163177
1	-0.0217178656263311
1	-0.0221608985188213
1	0
1	-0.000670884336552622
1	-0.00133557281322936
1	-0.00199408601926927
1	-0.00264644448577537
1	-0.00329266868587074
1	-0.00393277903485424
1	-0.00456679589035584
1	-0.0051947395524915
1	-0.00581663026401767
1	-0.00643248821048537
1	-0.00704233352039385
1	-0.00764618626534389
1	-0.00824406646019064
1	-0.0088359940631961
1	-0.00942198897618116
1	-0.0100020710446773
1	-0.0105762600580777
1	-0.0111445757497884
1	-0.0117070377973785
1	-0.0122636658227303
1	-0.0128144793921889
1	-0.0133594980167117
1	-0.0138987411520169
1	-0.0144322281987324
1	-0.0149599785025437
1	-0.0154820113543415
1	-0.0159983459903691
1	-0.0165090015923696
1	-0.0170139972877318
1	-0.0175133521496371
1	-0.0180070851972046
1	-0.0184952153956369
1	-0.018977761656365
1	-0.0194547428371929
1	-0.0199261777424417
1	-0.0203920851230936
1	-0.0208524836769355
1	-0.0213073920487017
1	-0.021756828830217
1	-0.0222008125605387
1	0
1	-0.000753433208007997
1	-0.00150046772517232
1	-0.00224112465767846
1	-0.00297542505223873
1	-0.00370338989625188
1	-0.00442504011796229
1	-0.00514039658661874
1	-0.00584948011263273
1	-0.00655231144773644
1	-0.00724891128514027
1	-0.00793930025968988
1	-0.00862349894802292
1	-0.00930152786872528
1	-0.00997340748248695
1	-0.0106391581922575
1	-0.0112988003434011
1	-0.0119523542238511
1	-0.0125998400642644
1	-0.013241278038175
1	-0.0138766882621477
1	-0.0145060907959309
1	-0.0151295056426093
1	-0.0157469527487562
1	-0.0163584520045849
1	-0.0169640232441005
1	-0.017563686245251
1	-0.0181574607300772
1	-0.0187453663648637
1	-0.0193274227602882
1	-0.0199036494715712
1	-0.0204740659986247
1	-0.0210386917862013
1	-0.0215975462240418
1	-0.0221506486470236
1	-0.0226980183353078
1	-0.0232396745144865
1	-0.0237756363557292
1	-0.0243059229759295
1	-0.0248305534378503
1	-0.0253495467502702
1	0
1	-0.000816193383313651
1	-0.00162583386765369
1	-0.00242894295222913
1	-0.00322554207575922
1	-0.00401565261663572
1	-0.00479929589308473
1	-0.00557649316332804
1	-0.00634726562574419
1	-0.00711163441902893
1	-0.00786962062235541
1	-0.00862124525553386
1	-0.00936652927917086
1	-0.0101054935948282
1	-0.0108381590451814
1	-0.0115645464141776
1	-0.0122846764271933
1	-0.0129985697511914
1	-0.0137062469948782
1	-0.0144077287088595
1	-0.0151030353857969
1	-0.0157921874605628
1	-0.0164752053103962
1	-0.0171521092550569
1	-0.0178229195569799
1	-0.0184876564214296
1	-0.0191463399966531
1	-0.019798990374033
1	-0.0204456275882408
1	-0.0210862716173885
1	-0.0217209423831807
1	-0.0223496597510664
1	-0.0229724435303897
1	-0.0235893134745405
1	-0.0242002892811051
1	-0.0248053905920158
1	-0.0254046369937004
1	-0.0259980480172316
1	-0.0265856431384755
1	-0.0271674417782398
1	-0.0277434633024218
1	0
1	-0.000855633068445987
1	-0.00170461633060318
1	-0.00254697153266401
1	-0.00338272035969235
1	-0.00421188443578738
1	-0.00503448532424709
1	-0.00585054452773133
1	-0.00666008348842447
1	-0.00746312358819749
1	-0.00825968614876991
1	-0.00904979243187094
1	-0.00983346363940056
1	-0.0106107209135899
1	-0.0113815853371614
1	-0.0121460779334883
1	-0.012904219666754
1	-0.0136560314421109
1	-0.0144015341058387
1	-0.0151407484455022
1	-0.0158736951901093
1	-0.0166003950102677
1	-0.0173208685183417
1	-0.0180351362686089
1	-0.0187432187574153
1	-0.0194451364233318
1	-0.0201409096473083
1	-0.0208305587528291
1	-0.0215141040060668
1	-0.0221915656160359
1	-0.0228629637347471
1	-0.0235283184573593
1	-0.024187649822333
1	-0.0248409778115821
1	-0.025488322350626
1	-0.026129703308741
1	-0.0267651404991109
1	-0.0273946536789783
1	-0.0280182625497944
1	-0.028635986757369
1	-0.0292478458920198
1	0
1	-0.00102991266554712
1	-0.00205274730212085
1	-0.00306852674730606
1	-0.0040772737747361
1	-0.00507901109426402
1	-0.00607376135213342
1	-0.00706154713114877
1	-0.00804239095084533
1	-0.00901631526765863
1	-0.00998334247509347
1	-0.0109434949038925
1	-0.0118967948222043
1	-0.0128432644357511
1	-0.0137829258879961
1	-0.0147158012603101
1	-0.0156419125721379
1	-0.0165612817811644
1	-0.0174739307834799
1	-0.0183798814137452
1	-0.019279155445356
1	-0.0201717745906076
1	-0.0210577605008583
1	-0.0219371347666924
1	-0.0228099189180839
1	-0.0236761344245581
1	-0.0245358026953542
1	-0.0253889450795866
1	-0.0262355828664064
1	-0.0270757372851615
1	-0.0279094295055578
1	-0.0287366806378183
1	-0.0295575117328431
1	-0.0303719437823683
1	-0.0311799977191245
1	-0.0319816944169953
1	-0.0327770546911747
1	-0.0335660992983249
1	-0.0343488489367332
1	-0.0351253242464682
1	-0.0358955458095364
1	0
1	-0.00115940136012387
1	-0.00231140652438999
1	-0.00345603914128126
1	-0.00459332279323163
1	-0.00572328099680275
1	-0.00684593720286031
1	-0.00796131479674973
1	-0.00906943709847157
1	-0.0101703273628563
1	-0.0112640087797388
1	-0.0123505044741323
1	-0.0134298375064016
1	-0.0145020308724366
1	-0.0155671075038244
1	-0.0166250902680215
1	-0.0176760019685259
1	-0.0187198653450476
1	-0.01975670307368
1	-0.0207865377670697
1	-0.0218093919745866
1	-0.0228252881824936
1	-0.0238342488141149
1	-0.0248362962300051
1	-0.0258314527281169
1	-0.0268197405439691
1	-0.0278011818508134
1	-0.0287757987598013
1	-0.0297436133201507
1	-0.0307046475193112
1	-0.03165892328313
1	-0.0326064624760168
1	-0.0335472869011082
1	-0.034481418300432
1	-0.0354088783550707
1	-0.0363296886853252
1	-0.037243870850877
1	-0.0381514463509512
1	-0.039052436624478
1	-0.0399468630502546
1	-0.0408347469471063
1	0
1	-0.00124199591853435
1	-0.00247639269798566
1	-0.00370321450406938
1	-0.00492248543511411
1	-0.00613422952224183
1	-0.0073384707295476
1	-0.00853523295427882
1	-0.00972454002701402
1	-0.0109064157118411
1	-0.0120808837065353
1	-0.0132479676427364
1	-0.0144076910861258
1	-0.0155600775366027
1	-0.0167051504284603
1	-0.0178429331305614
1	-0.018973448946513
1	-0.0200967211148412
1	-0.0212127728091656
1	-0.0223216271383721
1	-0.0234233071467871
1	-0.0245178358143497
1	-0.0256052360567838
1	-0.0266855307257707
1	-0.0277587426091195
1	-0.0288248944309389
1	-0.0298840088518074
1	-0.0309361084689429
1	-0.0319812158163731
1	-0.0330193533651037
1	-0.0340505435232881
1	-0.0350748086363949
1	-0.0360921709873758
1	-0.0371026527968334
1	-0.0381062762231878
1	-0.0391030633628429
1	-0.040093036250353
1	-0.0410762168585877
1	-0.0420526270988978
1	-0.0430222888212795
1	-0.043985223814539
1	0
1	-0.00139707096860293
1	-0.00278616176296232
1	-0.00416729751992126
1	-0.00554050330642414
1	-0.00690580411970337
1	-0.0082632248874656
1	-0.00961279046807753
1	-0.0109545256507511
1	-0.0122884551557283
1	-0.0136146036344655
1	-0.0149329956698171
1	-0.016243655776219
1	-0.0175466083998714
1	-0.0188418779189211
1	-0.0201294886436433
1	-0.0214094648166234
1	-0.0226818306129373
1	-0.0239466101403322
1	-0.0252038274394066
1	-0.0264535064837898
1	-0.0276956711803205
1	-0.0289303453692259
1	-0.0301575528242995
1	-0.0313773172530786
1	-0.0325896622970219
1	-0.0337946115316855
1	-0.0349921884668996
1	-0.0361824165469441
1	-0.0373653191507238
1	-0.0385409195919436
1	-0.039709241119282
1	-0.040870306916566
1	-0.042024140102944
1	-0.0431707637330586
1	-0.0443102007972198
1	-0.0454424742215763
1	-0.0465676068682877
1	-0.0476856215356954
1	-0.0487965409584932
1	-0.0499003878078982
1	0
1	-0.00141077904191216
1	-0.0028135442274513
1	-0.00420832077930471
1	-0.00559513385003889
1	-0.0069740085222869
1	-0.00834496980893522
1	-0.00970804265330996
1	-0.0110632519293628
1	-0.0124106224418564
1	-0.0137501789265489
1	-0.0150819460503787
1	-0.0164059484116482
1	-0.0177222105402072
1	-0.0190307568976357
1	-0.0203316118774265
1	-0.021624799805167
1	-0.0229103449387209
1	-0.0241882714684089
1	-0.0254586035171895
1	-0.0267213651408389
1	-0.0279765803281306
1	-0.0292242730010144
1	-0.0304644670147952
1	-0.0316971861583111
1	-0.0329224541541108
1	-0.0341402946586316
1	-0.035350731262375
1	-0.036553787490084
1	-0.0377494868009186
1	-0.0389378525886307
1	-0.0401189081817397
1	-0.0412926768437066
1	-0.0424591817731079
1	-0.0436184461038092
1	-0.0447704929051384
1	-0.045915345182058
1	-0.0470530258753377
1	-0.0481835578617255
1	-0.0493069639541194
1	-0.0504232669017383
1	0
1	-0.00141216082021626
1	-0.00281630438888978
1	-0.00421245593736092
1	-0.00560064062682696
1	-0.00698088354852937
1	-0.00835320972394075
1	-0.0097176441049512
1	-0.0110742115740542
1	-0.0124229369445319
1	-0.0137638449606404
1	-0.0150969602977938
1	-0.016422307562748
1	-0.0177399112937849
1	-0.0190497959608945
1	-0.0203519859659579
1	-0.0216465056429293
1	-0.0229333792580174
1	-0.0242126310098664
1	-0.0254842850297365
1	-0.0267483653816845
1	-0.0280048960627429
1	-0.0292539010030992
1	-0.0304954040662745
1	-0.0317294290493023
1	-0.0329559996829052
1	-0.034175139631673
1	-0.0353868724942393
1	-0.0365912218034577
1	-0.0377882110265777
1	-0.0389778635654204
1	-0.0401602027565528
1	-0.0413352518714633
1	-0.0425030341167345
1	-0.043663572634218
1	-0.0448168905012065
1	-0.0459630107306072
1	-0.0471019562711134
1	-0.0482337500073768
1	-0.0493584147601783
1	-0.0504759732865993
1	0
1	-0.00161157330232702
1	-0.0032146393763736
1	-0.00480922470226243
1	-0.006395355686743
1	-0.00797305866338739
1	-0.00954235989278553
1	-0.0111032855627399
1	-0.0126558617884599
1	-0.0142001146127553
1	-0.0157360700062298
1	-0.0172637538674733
1	-0.0187831920232545
1	-0.0202944102287124
1	-0.0217974341675474
1	-0.0232922894522121
1	-0.0247790016241015
1	-0.0262575961537426
1	-0.0277280984409836
1	-0.0291905338151824
1	-0.0306449275353953
1	-0.0320913047905641
1	-0.0335296906997035
1	-0.0349601103120879
1	-0.0363825886074375
1	-0.0377971504961042
1	-0.0392038208192565
1	-0.0406026243490644
1	-0.0419935857888838
1	-0.0433767297734402
1	-0.0447520808690116
1	-0.0461196635736121
1	-0.0474795023171732
1	-0.0488316214617267
1	-0.0501760453015852
1	-0.0515127980635235
1	-0.0528419039069587
1	-0.0541633869241306
1	-0.0554772711402803
1	-0.0567835805138302
1	-0.058082338936562
1	0
1	-0.00167682895064477
1	-0.00334499033324834
1	-0.00500451103658431
1	-0.00665541787499612
1	-0.00829773758859554
1	-0.00993149684346068
1	-0.0115567222318334
1	-0.0131734402723166
1	-0.0147816774100699
1	-0.0163814600170064
1	-0.0179728143919878
1	-0.019555766761019
1	-0.0211303432774427
1	-0.0226965700221334
1	-0.0242544730036907
1	-0.0258040781586317
1	-0.0273454113515842
1	-0.0288784983754777
1	-0.0304033649517352
1	-0.0319200367304638
1	-0.0334285392906453
1	-0.0349288981403257
1	-0.0364211387168047
1	-0.0379052863868245
1	-0.0393813664467581
1	-0.0408494041227972
1	-0.0423094245711394
1	-0.0437614528781752
1	-0.0452055140606741
1	-0.0466416330659709
1	-0.0480698347721507
1	-0.0494901439882337
1	-0.0509025854543602
1	-0.0523071838419736
1	-0.0537039637540047
1	-0.0550929497250541
1	-0.056474166221575
1	-0.0578476376420547
1	-0.0592133883171967
1	-0.0605714425101014
1	0
1	-0.00171705292302072
1	-0.00342533944361156
1	-0.00512488670244103
1	-0.00681572176509591
1	-0.00849787162228147
1	-0.0101713631900211
1	-0.0118362233098557
1	-0.013492478749042
1	-0.0151401562007509
1	-0.0167792822842649
1	-0.0184098835451753
1	-0.0200319864555788
1	-0.0216456174142735
1	-0.0232508027469541
1	-0.0248475687064075
1	-0.0264359414727067
1	-0.0280159471534054
1	-0.0295876117837309
1	-0.0311509613267773
1	-0.032706021673698
1	-0.0342528186438976
1	-0.0357913779852234
1	-0.0373217253741562
1	-0.0388438864160009
1	-0.0403578866450762
1	-0.0418637515249044
1	-0.0433615064483999
1	-0.0448511767380581
1	-0.046332787646143
1	-0.0478063643548747
1	-0.0492719319766164
1	-0.0507295155540611
1	-0.052179140060417
1	-0.0536208303995937
1	-0.0550546114063865
1	-0.0564805078466613
1	-0.0578985444175389
1	-0.0593087457475777
1	-0.0607111363969574
1	-0.0621057408576617
1	0
1	-0.00171969355362354
1	-0.00343061421651942
1	-0.00513278914589256
1	-0.00682624542382343
1	-0.00851101005746829
1	-0.010187109979259
1	-0.0118545720471025
1	-0.0135134230445792
1	-0.0151636896811413
1	-0.016805398592311
1	-0.0184385763398767
1	-0.0200632494120907
1	-0.0216794442238646
1	-0.0232871871169653
1	-0.0248865043602101
1	-0.0264774221496611
1	-0.0280599666088195
1	-0.0296341637888189
1	-0.031200039668619
1	-0.0327576201551971
1	-0.0343069310837415
1	-0.0358479982178417
1	-0.0373808472496804
1	-0.0389055038002237
1	-0.040421993419411
1	-0.041930341586345
1	-0.0434305737094801
1	-0.0449227151268115
1	-0.046406791106063
1	-0.0478828268448744
1	-0.0493508474709891
1	-0.05081087804244
1	-0.0522629435477361
1	-0.0537070689060476
1	-0.0551432789673916
1	-0.0565715985128161
1	-0.0579920522545845
1	-0.0594046648363593
1	-0.0608094608333849
1	-0.0622064647526705
1	0
1	-0.00178582416592695
1	-0.00356271295149001
1	-0.00533069392802435
1	-0.00708979459066947
1	-0.00884004235857232
1	-0.0105814645750899
1	-0.0123140885079912
1	-0.0140379413496589
1	-0.0157530502172902
1	-0.0174594421530972
1	-0.0191571441245072
1	-0.0208461830243617
1	-0.0225265856711153
1	-0.0241983788090345
1	-0.0258615891083948
1	-0.0275162431656787
1	-0.0291623675037722
1	-0.030799988572161
1	-0.0324291327471264
1	-0.0340498263319403
1	-0.0356620955570603
1	-0.0372659665803237
1	-0.0388614654871412
1	-0.04044861829069
1	-0.0420274509321068
1	-0.0435979892806796
1	-0.0451602591340398
1	-0.0467142862183528
1	-0.0482600961885094
1	-0.049797714628315
1	-0.0513271670506804
1	-0.0528484788978099
1	-0.0543616755413909
1	-0.0558667822827811
1	-0.0573638243531971
1	-0.058852826913901
1	-0.0603338150563872
1	-0.0618068138025688
1	-0.063271848104963
1	-0.0647289428468767
1	0
1	-0.00185818227914093
1	-0.003707251386679
1	-0.00554723534707816
1	-0.00737816210743462
1	-0.00920005953768305
1	-0.0110129554308022
1	-0.0128168775030199
1	-0.0146118533940179
1	-0.0163979106671352
1	-0.0181750768095724
1	-0.0199433792325939
1	-0.0217028452717307
1	-0.0234535021869822
1	-0.0251953771630172
1	-0.0269284973093752
1	-0.0286528896606663
1	-0.0303685811767714
1	-0.0320755987430406
1	-0.0337739691704928
1	-0.0354637191960133
1	-0.0371448754825518
1	-0.0388174646193191
1	-0.0404815131219841
1	-0.0421370474328699
1	-0.043784093921149
1	-0.0454226788830389
1	-0.047052828541996
1	-0.0486745690489103
1	-0.0502879264822986
1	-0.0518929268484973
1	-0.0534895960818556
1	-0.0550779600449267
1	-0.0566580445286598
1	-0.058229875252591
1	-0.0597934778650336
1	-0.0613488779432684
1	-0.0628961009937331
1	-0.0644351724522111
1	-0.0659661176840201
1	-0.0674889619842002
1	0
1	-0.00187036364694995
1	-0.00373158419143818
1	-0.00558368973421209
1	-0.00742670829845406
1	-0.00926066782998812
1	-0.0110855961974861
1	-0.0129015211926731
1	-0.0147084705305329
1	-0.0165064718495119
1	-0.0182955527117236
1	-0.0200757406031516
1	-0.0218470629338532
1	-0.0236095470381607
1	-0.0253632201748843
1	-0.0271081095275127
1	-0.0288442422044141
1	-0.0305716452390366
1	-0.0322903455901076
1	-0.0340003701418332
1	-0.0357017457040968
1	-0.0373944990126573
1	-0.0390786567293468
1	-0.0407542454422674
1	-0.0424212916659879
1	-0.0440798218417402
1	-0.0457298623376145
1	-0.0473714394487543
1	-0.0490045793975511
1	-0.0506293083338386
1	-0.0522456523350856
1	-0.0538536374065895
1	-0.0554532894816688
1	-0.0570446344218545
1	-0.0586276980170825
1	-0.0602025059858837
1	-0.0617690839755748
1	-0.0633274575624486
1	-0.0648776522519627
1	-0.0664196934789293
1	-0.0679536066077031
1	0
1	-0.00188049458636849
1	-0.00375182117752735
1	-0.00561400793766705
1	-0.00746708295324892
1	-0.00931107423321229
1	-0.011146009709181
1	-0.0129719172356695
1	-0.0147888245902881
1	-0.0165967594739483
1	-0.0183957495110668
1	-0.0201858222497695
1	-0.0219670051620948
1	-0.0237393256441965
1	-0.0255028110165459
1	-0.0272574885241334
1	-0.0290033853366702
1	-0.0307405285487883
1	-0.0324689451802411
1	-0.0341886621761027
1	-0.0358997064069674
1	-0.0376021046691475
1	-0.0392958836848723
1	-0.0409810701024848
1	-0.0426576904966392
1	-0.0443257713684969
1	-0.045985339145923
1	-0.0476364201836814
1	-0.0492790407636297
1	-0.0509132270949138
1	-0.0525390053141617
1	-0.0541564014856768
1	-0.055765441601631
1	-0.0573661515822569
1	-0.0589585572760397
1	-0.0605426844599086
1	-0.0621185588394276
1	-0.0636862060489861
1	-0.0652456516519882
1	-0.0667969211410426
1	-0.0683400399381514
1	0
1	-0.00192626379833286
1	-0.00384324714185011
1	-0.00575097848136312
1	-0.00764948618921272
1	-0.00953879855947832
1	-0.0114189438081864
1	-0.0132899500735182
1	-0.0151518454160177
1	-0.0170046578187976
1	-0.0188484151877464
1	-0.0206831453517336
1	-0.0225088760628155
1	-0.0243256349964391
1	-0.026133449751647
1	-0.0279323478512803
1	-0.0297223567421822
1	-0.0315035037954004
1	-0.0332758163063889
1	-0.0350393214952097
1	-0.0367940465067334
1	-0.0385400184108401
1	-0.0402772642026187
1	-0.0420058108025669
1	-0.0437256850567893
1	-0.0454369137371964
1	-0.0471395235417018
1	-0.0488335410944199
1	-0.0505189929458623
1	-0.0521959055731344
1	-0.0538643053801306
1	-0.05552421869773
1	-0.0571756717839908
1	-0.0588186908243445
1	-0.0604533019317897
1	-0.0620795311470849
1	-0.0636974044389414
1	-0.0653069477042157
1	-0.0669081867681005
1	-0.0685011473843162
1	-0.0700858552353016
1	0
1	-0.00200121044005069
1	-0.00399295627376918
1	-0.00597526642130573
1	-0.00794816972312616
1	-0.009911694940224
1	-0.0118658707543321
1	-0.0138107257681339
1	-0.0157462885054736
1	-0.0176725874115665
1	-0.019589650853208
1	-0.0214975071189829
1	-0.0233961844194735
1	-0.0252857108874671
1	-0.027166114578164
1	-0.0290374234693832
1	-0.030899665461769
1	-0.032752868378997
1	-0.0345970599679783
1	-0.0364322678990646
1	-0.038258519766252
1	-0.0400758430873843
1	-0.0418842653043563
1	-0.0436838137833155
1	-0.0454745158148648
1	-0.0472563986142629
1	-0.0490294893216257
1	-0.0507938150021263
1	-0.0525494026461947
1	-0.0542962791697172
1	-0.0560344714142347
1	-0.0577640061471411
1	-0.059484910061881
1	-0.0611972097781465
1	-0.0629009318420741
1	-0.0645961027264405
1	-0.0662827488308582
1	-0.067960896481971
1	-0.0696305719336476
1	-0.0712918013671766
1	-0.0729446108914593
1	0
1	-0.00207507095662004
1	-0.00414049582411117
1	-0.00619630398516093
1	-0.00824252474157601
1	-0.0102791873144976
1	-0.012306320844616
1	-0.0143239543923849
1	-0.0163321169382352
1	-0.0183308373827874
1	-0.0203201445470648
1	-0.0223000671727051
1	-0.0242706339221717
1	-0.0262318733789646
1	-0.0281838140478309
1	-0.030126484354974
1	-0.0320599126482631
1	-0.0339841271974418
1	-0.0358991561943361
1	-0.0378050277530617
1	-0.0397017699102315
1	-0.0415894106251613
1	-0.0434679777800763
1	-0.0453374991803161
1	-0.0471980025545394
1	-0.0490495155549287
1	-0.0508920657573937
1	-0.0527256806617743
1	-0.0545503876920437
1	-0.0563662141965101
1	-0.0581731874480187
1	-0.0599713346441523
1	-0.0617606829074321
1	-0.0635412592855177
1	-0.0653130907514064
1	-0.0670762042036322
1	-0.0688306264664644
1	-0.0705763842901054
1	-0.0723135043508878
1	-0.0740420132514717
1	-0.0757619375210409
1	0
1	-0.00211228485013807
1	-0.00421483217282828
1	-0.00630767158380302
1	-0.00839083261731103
1	-0.0104643447263343
1	-0.0125282372828045
1	-0.0145825395778182
1	-0.0166272808218529
1	-0.0186624901449809
1	-0.0206881965970834
1	-0.0227044291480644
1	-0.0247112166880633
1	-0.0267085880276671
1	-0.0286965718981227
1	-0.0306751969515475
1	-0.0326444917611406
1	-0.0346044848213926
1	-0.0365552045482954
1	-0.0384966792795511
1	-0.0404289372747802
1	-0.0423520067157302
1	-0.0442659157064824
1	-0.0461706922736587
1	-0.0480663643666284
1	-0.0499529598577135
1	-0.0518305065423939
1	-0.0536990321395125
1	-0.0555585642914786
1	-0.0574091305644723
1	-0.0592507584486469
1	-0.0610834753583317
1	-0.062907308632234
1	-0.0647222855336405
1	-0.0665284332506181
1	-0.0683257788962147
1	-0.0701143495086584
1	-0.0718941720515576
1	-0.0736652734140991
1	-0.0754276804112471
1	-0.0771814197839402
1	0
1	-0.00211679974999886
1	-0.00422385087898199
1	-0.00632118303095547
1	-0.0084088257683686
1	-0.010486808572331
1	-0.0125551608428291
1	-0.0146139118989421
1	-0.016663090979057
1	-0.018702727241084
1	-0.0207328497626703
1	-0.0227534875414135
1	-0.0247646694950754
1	-0.0267664244617941
1	-0.0287587812002958
1	-0.0307417683901067
1	-0.0327154146317634
1	-0.0346797484470237
1	-0.0366347982790758
1	-0.0385805924927479
1	-0.0405171593747167
1	-0.0424445271337155
1	-0.044362723900742
1	-0.0462717777292647
1	-0.0481717165954302
1	-0.0500625683982683
1	-0.0519443609598981
1	-0.0538171220257323
1	-0.0556808792646818
1	-0.0575356602693592
1	-0.0593814925562826
1	-0.0612184035660774
1	-0.0630464206636794
1	-0.0648655711385358
1	-0.0666758822048063
1	-0.0684773810015643
1	-0.070270094592996
1	-0.0720540499686008
1	-0.0738292740433898
1	-0.0755957936580843
1	-0.0773536355793139
1	0
1	-0.00215463681908997
1	-0.00429943204763954
1	-0.00643441556660214
1	-0.00855961717476156
1	-0.0106750665889506
1	-0.0127807934442693
1	-0.014876827294302
1	-0.016963197611335
1	-0.019039933786572
1	-0.0211070651303509
1	-0.0231646208723582
1	-0.0252126301618441
1	-0.0272511220678364
1	-0.0292801255793541
1	-0.0312996696056206
1	-0.0333097829762757
1	-0.0353104944415876
1	-0.0373018326726644
1	-0.0392838262616645
1	-0.0412565037220073
1	-0.0432198934885821
1	-0.0451740239179577
1	-0.0471189232885911
1	-0.0490546198010347
1	-0.0509811415781447
1	-0.0528985166652872
1	-0.0548067730305451
1	-0.0567059385649235
1	-0.0585960410825552
1	-0.0604771083209053
1	-0.0623491679409755
1	-0.0642122475275079
1	-0.0660663745891874
1	-0.0679115765588453
1	-0.0697478807936604
1	-0.0715753145753612
1	-0.0733939051104265
1	-0.075203679530286
1	-0.0770046648915202
1	-0.0787968881760599
1	0
1	-0.00221493339962176
1	-0.00441987705387595
1	-0.00661486122131172
1	-0.00879991607733195
1	-0.0109750717144144
1	-0.0131403581423322
1	-0.0152958052883743
1	-0.0174414429975644
1	-0.0195773010328802
1	-0.0217034090754713
1	-0.0238197967248777
1	-0.0259264934992459
1	-0.0280235288355465
1	-0.0301109320897893
1	-0.0321887325372397
1	-0.0342569593726325
1	-0.0363156417103874
1	-0.0383648085848217
1	-0.040404488950364
1	-0.042434711681767
1	-0.0444555055743191
1	-0.0464668993440562
1	-0.0484689216279725
1	-0.0504616009842313
1	-0.0524449658923742
1	-0.054419044753531
1	-0.056383865890628
1	-0.0583394575485965
1	-0.0602858478945803
1	-0.0622230650181428
1	-0.0641511369314737
1	-0.0660700915695947
1	-0.0679799567905655
1	-0.0698807603756882
1	-0.0717725300297117
1	-0.0736552933810363
1	-0.075529077981916
1	-0.077393911308662
1	-0.0792498207618447
1	-0.0810968336664954
1	0
1	-0.00228081061075022
1	-0.00455146960912908
1	-0.0068120076662291
1	-0.00906245536892944
1	-0.0113028432201198
1	-0.013533201638924
1	-0.0157535609609224
1	-0.0179639514383746
1	-0.0201644032404406
1	-0.0223549464534022
1	-0.0245356110808832
1	-0.0267064270440694
1	-0.0288674241819279
1	-0.031018632251426
1	-0.0331600809277488
1	-0.0352917998045174
1	-0.0374138183940057
1	-0.0395261661273566
1	-0.0416288723547981
1	-0.0437219663458587
1	-0.0458054772895818
1	-0.0478794342947402
1	-0.0499438663900493
1	-0.0519988025243807
1	-0.0540442715669743
1	-0.0560803023076501
1	-0.0581069234570201
1	-0.0601241636466984
1	-0.0621320514295121
1	-0.0641306152797107
1	-0.0661198835931753
1	-0.0680998846876271
1	-0.0700706468028356
1	-0.072032198100826
1	-0.0739845666660864
1	-0.0759277805057737
1	-0.0778618675499202
1	-0.0797868556516381
1	-0.081702772587325
1	-0.0836096460568679
1	0
1	-0.00234080143367635
1	-0.0046713038514317
1	-0.00699153830003954
1	-0.00930153574108828
1	-0.0116013270512077
1	-0.013890943022295
1	-0.0161704143617399
1	-0.0184397716926494
1	-0.020699045554072
1	-0.0229482664012214
1	-0.0251874646056989
1	-0.0274166704557163
1	-0.0296359141563174
1	-0.0318452258295995
1	-0.0340446355149336
1	-0.0362341731691845
1	-0.0384138686669307
1	-0.0405837518006828
1	-0.0427438522811018
1	-0.0448941997372174
1	-0.0470348237166444
1	-0.0491657536857998
1	-0.0512870190301185
1	-0.053398649054269
1	-0.0555006729823683
1	-0.057593119958196
1	-0.059676019045408
1	-0.0617493992277501
1	-0.0638132894092702
1	-0.0658677184145305
1	-0.0679127149888193
1	-0.0699483077983615
1	-0.0719745254305293
1	-0.073991396394052
1	-0.0759989491192251
1	-0.0779972119581194
1	-0.079986213184789
1	-0.0819659809954789
1	-0.0839365435088321
1	-0.0858979287660963
1	0
1	-0.00248471545294622
1	-0.00495877827859805
1	-0.00742222042496284
1	-0.00987507375253175
1	-0.0123173700345123
1	-0.0147491409570604
1	-0.0171704181195116
1	-0.0195812330346117
1	-0.0219816171287472
1	-0.0243716017421747
1	-0.0267512181292496
1	-0.0291204974586546
1	-0.0314794708136275
1	-0.0338281691921883
1	-0.0361666235073653
1	-0.0384948645874218
1	-0.0408129231760807
1	-0.0431208299327497
1	-0.0454186154327452
1	-0.0477063101675159
1	-0.0499839445448661
1	-0.0522515488891775
1	-0.0545091534416314
1	-0.0567567883604299
1	-0.0589944837210166
1	-0.0612222695162961
1	-0.0634401756568544
1	-0.065648231971177
1	-0.0678464682058677
1	-0.0700349140258659
1	-0.0722135990146644
1	-0.0743825526745256
1	-0.0765418044266976
1	-0.0786913836116295
1	-0.0808313194891867
1	-0.0829616412388651
1	-0.0850823779600045
1	-0.0871935586720026
1	-0.0892952123145266
1	-0.0913873677477263
1	0
1	-0.00252619401681637
1	-0.00504163348929086
1	-0.00754635062518235
1	-0.0100403775440617
1	-0.0125237462775459
1	-0.014996488769532
1	-0.0174586368764302
1	-0.0199102223673959
1	-0.0223512769245621
1	-0.0247818321432704
1	-0.0272019195323015
1	-0.0296115705141054
1	-0.032010816425031
1	-0.0343996885155545
1	-0.036778217950508
1	-0.0391464358093069
1	-0.0415043730861771
1	-0.0438520606903812
1	-0.0461895294464447
1	-0.0485168100943808
1	-0.0508339332899153
1	-0.0531409296047108
1	-0.0554378295265897
1	-0.0577246634597576
1	-0.0600014617250252
1	-0.0622682545600306
1	-0.0645250721194593
1	-0.0667719444752662
1	-0.0690089016168942
1	-0.0712359734514946
1	-0.0734531898041455
1	-0.07566058041807
1	-0.0778581749548538
1	-0.0800460029946627
1	-0.0822240940364587
1	-0.084392477498216
1	-0.0865511827171367
1	-0.0887002389498653
1	-0.0908396753727029
1	-0.0929695210818213
1	0
1	-0.00254306898394387
1	-0.00507534196003638
1	-0.00759685124171265
1	-0.0101076290539464
1	-0.012607707533485
1	-0.0150971187290838
1	-0.01757589460174
1	-0.0200440670249258
1	-0.022501667784821
1	-0.0249487285805449
1	-0.0273852810243876
1	-0.0298113566420407
1	-0.0322269868728277
1	-0.0346322030699332
1	-0.0370270365006319
1	-0.0394115183465171
1	-0.0417856797037281
1	-0.0441495515831777
1	-0.0465031649107784
1	-0.0488465505276682
1	-0.0511797391904367
1	-0.0535027615713487
1	-0.0558156482585695
1	-0.0581184297563875
1	-0.0604111364854378
1	-0.0626937987829243
1	-0.0649664469028416
1	-0.0672291110161962
1	-0.069481821211227
1	-0.0717246074936255
1	-0.0739574997867555
1	-0.0761805279318715
1	-0.0783937216883373
1	-0.0805971107338439
1	-0.0827907246646263
1	-0.0849745929956804
1	-0.0871487451609791
1	-0.0893132105136874
1	-0.0914680183263778
1	-0.093613197791244
1	0
1	-0.00262133279961094
1	-0.00523167728922037
1	-0.00783106627237547
1	-0.0104195324628944
1	-0.0129971084851043
1	-0.0155638268740797
1	-0.0181197200758786
1	-0.0206648204477797
1	-0.023199160258518
1	-0.0257227716885198
1	-0.0282356868301376
1	-0.0307379376878838
1	-0.0332295561786642
1	-0.0357105741320107
1	-0.0381810232903136
1	-0.0406409353090528
1	-0.0430903417570289
1	-0.0455292741165934
1	-0.0479577637838788
1	-0.050375842069027
1	-0.0527835401964183
1	-0.0551808893048994
1	-0.05756792044801
1	-0.0599446645942104
1	-0.0623111526271068
1	-0.0646674153456776
1	-0.0670134834644974
1	-0.0693493876139621
1	-0.0716751583405122
1	-0.0739908261068561
1	-0.0762964212921929
1	-0.0785919741924336
1	-0.0808775150204235
1	-0.0831530739061623
1	-0.0854186808970245
1	-0.0876743659579791
1	-0.0899201589718088
1	-0.0921560897393282
1	-0.0943821879796021
1	-0.0965984833301623
1	0
1	-0.00273724473085452
1	-0.00546321634431069
1	-0.00817794836979184
1	-0.0108814742451147
1	-0.0135738273167327
1	-0.0162550408399781
1	-0.0189251479793047
1	-0.0215841818085283
1	-0.0242321753110679
1	-0.0268691613801854
1	-0.0294951728192255
1	-0.0321102423418537
1	-0.034714402572295
1	-0.0373076860455714
1	-0.0398901252077386
1	-0.0424617524161222
1	-0.0450225999395535
1	-0.0475726999586047
1	-0.0501120845658227
1	-0.0526407857659638
1	-0.0551588354762259
1	-0.0576662655264819
1	-0.0601631076595111
1	-0.0626493935312307
1	-0.0651251547109267
1	-0.0675904226814839
1	-0.0700452288396154
1	-0.0724896044960916
1	-0.0749235808759683
1	-0.0773471891188147
1	-0.0797604602789407
1	-0.0821634253256227
1	-0.0845561151433302
1	-0.086938560531951
1	-0.0893107922070156
1	-0.0916728407999219
1	-0.0940247368581582
1	-0.0963665108455268
1	-0.0986981931423657
1	-0.101019814045771
1	0
1	-0.0027494590959614
1	-0.00548761506258785
1	-0.00821450150579281
1	-0.0109301519396853
1	-0.0136345997868135
1	-0.0163278783784082
1	-0.0190100209546245
1	-0.0216810606647846
1	-0.024341030567618
1	-0.0269899636315027
1	-0.0296278927347049
1	-0.0322548506656182
1	-0.0348708701230023
1	-0.0374759837162208
1	-0.0400702239654792
1	-0.042653623302061
1	-0.0452262140685641
1	-0.0477880285191365
1	-0.0503390988197108
1	-0.052879457048239
1	-0.0554091351949256
1	-0.0579281651624612
1	-0.0604365787662546
1	-0.0629344077346647
1	-0.0654216837092319
1	-0.0678984382449083
1	-0.0703647028102884
1	-0.0728205087878378
1	-0.0752658874741223
1	-0.0777008700800362
1	-0.0801254877310298
1	-0.0825397714673365
1	-0.084943752244199
1	-0.0873374609320953
1	-0.0897209283169638
1	-0.0920941851004279
1	-0.0944572619000205
1	-0.0968101892494067
1	-0.0991529975986072
1	-0.10148571731422
1	0
1	-0.00295434125121542
1	-0.00589687595681535
1	-0.00882763900574829
1	-0.0117466651918397
1	-0.0146539892140442
1	-0.0175496456766974
1	-0.0204336690897669
1	-0.0233060938691026
1	-0.0261669543366863
1	-0.0290162847208812
1	-0.0318541191566796
1	-0.0346804916859515
1	-0.0374954362576908
1	-0.0402989867282625
1	-0.043091176861648
1	-0.0458720403296906
1	-0.0486416107123397
1	-0.051399921497895
1	-0.0541470060832493
1	-0.0568828977741317
1	-0.0596076297853489
1	-0.0623212352410269
1	-0.0650237471748515
1	-0.0677151985303088
1	-0.0703956221609238
1	-0.0730650508305
1	-0.075723517213357
1	-0.0783710538945684
1	-0.0810076933701985
1	-0.0836334680475387
1	-0.0862484102453431
1	-0.0888525521940637
1	-0.0914459260360845
1	-0.0940285638259557
1	-0.0966004975306266
1	-0.0991617590296786
1	-0.101712380115557
1	-0.104252392493801
1	-0.106781827783278
1	-0.109300717516409
1	0
1	-0.00315421106665855
1	-0.00629612448724944
1	-0.00942577640236744
1	-0.0125432028542468
1	-0.0156484397870219
1	-0.0187415230469875
1	-0.021822488382858
1	-0.0248913714460262
1	-0.0279482077908216
1	-0.0309930328747672
1	-0.0340258820588368
1	-0.0370467906077106
1	-0.0400557936900308
1	-0.0430529263786561
1	-0.0460382236509158
1	-0.049011720388863
1	-0.0519734513795278
1	-0.0549234513151683
1	-0.057861754793523
1	-0.0607883963180609
1	-0.0637034102982317
1	-0.066606831049715
1	-0.0694986927946692
1	-0.0723790296619798
1	-0.0752478756875061
1	-0.0781052648143288
1	-0.0809512308929955
1	-0.0837858076817663
1	-0.0866090288468589
1	-0.0894209279626926
1	-0.0922215385121316
1	-0.0950108938867285
1	-0.0977890273869657
1	-0.100555972222498
1	-0.103311761512393
1	-0.106056428285371
1	-0.108790005480047
1	-0.111512525945165
1	-0.114224022439843
1	-0.116924527633805
1	0
1	-0.00326890139173722
1	-0.00652522333162045
1	-0.00976900267847055
1	-0.0130002761908901
1	-0.016219080527529
1	-0.0194254522473492
1	-0.0226194278098895
1	-0.0258010435755281
1	-0.0289703358057464
1	-0.0321273406633905
1	-0.0352720942129331
1	-0.0384046324207336
1	-0.041524991155299
1	-0.0446332061875428
1	-0.0477293131910437
1	-0.0508133477423039
1	-0.0538853453210062
1	-0.0569453413102709
1	-0.0599933709969117
1	-0.0630294695716908
1	-0.066053672129574
1	-0.0690660136699846
1	-0.0720665290970563
1	-0.0750552532198866
1	-0.078032220752788
1	-0.0809974663155399
1	-0.0839510244336392
1	-0.0868929295385501
1	-0.0898232159679536
1	-0.0927419179659962
1	-0.095649069683538
1	-0.0985447051784001
1	-0.101428858415611
1	-0.104301563267654
1	-0.10716285351471
1	-0.110012762844905
1	-0.112851324854554
1	-0.115678573048403
1	-0.118494540839872
1	-0.121299261551299
1	0
1	-0.00335556168521285
1	-0.00669833098542211
1	-0.0100283453021421
1	-0.013345641935265
1	-0.0166502580833304
1	-0.0199422308437936
1	-0.0232215972132936
1	-0.0264883940879201
1	-0.0297426582634802
1	-0.0329844264357637
1	-0.0362137352008088
1	-0.0394306210551657
1	-0.0426351203961608
1	-0.0458272695221596
1	-0.0490071046328285
1	-0.0521746618293971
1	-0.0553299771149186
1	-0.0584730863945301
1	-0.0616040254757122
1	-0.0647228300685479
1	-0.0678295357859807
1	-0.0709241781440719
1	-0.0740067925622578
1	-0.0770774143636055
1	-0.0801360787750685
1	-0.0831828209277417
1	-0.086217675857115
1	-0.0892406785033273
1	-0.0922518637114191
1	-0.0952512662315844
1	-0.0982389207194226
1	-0.101214861736189
1	-0.104179123749045
1	-0.107131741131307
1	-0.110072748162698
1	-0.11300217902959
1	-0.115920067825259
1	-0.118826448550126
1	-0.121721355112006
1	-0.124604821326351
1	0
1	-0.00335642881278908
1	-0.00670006310995398
1	-0.0100309402984392
1	-0.0133490976835532
1	-0.0166545724692376
1	-0.019947401758336
1	-0.0232276225528616
1	-0.0264952717542645
1	-0.0297503861636982
1	-0.0329930024822853
1	-0.0362231573113827
1	-0.0394408871528459
1	-0.0426462284092927
1	-0.045839217384366
1	-0.0490198902829966
1	-0.0521882832116645
1	-0.0553444321786596
1	-0.0584883730943425
1	-0.0616201417714035
1	-0.0647397739251221
1	-0.0678473051736246
1	-0.0709427710381418
1	-0.0740262069432662
1	-0.0770976482172076
1	-0.0801571300920492
1	-0.083204687704002
1	-0.086240356093659
1	-0.089264170206249
1	-0.0922761648918889
1	-0.0952763749058364
1	-0.0982648349087414
1	-0.101241579466896
1	-0.104206643052487
1	-0.107160060043842
1	-0.110101864725682
1	-0.113032091289365
1	-0.115950773833139
1	-0.118857946362384
1	-0.121753642789863
1	-0.124637896935963
1	0
1	-0.00336642656316889
1	-0.0067200340452247
1	-0.0100608599157209
1	-0.013388941542413
1	-0.0167043161915283
1	-0.0200070210280346
1	-0.0232970931159089
1	-0.0265745694184048
1	-0.0298394867983195
1	-0.0330918820182597
1	-0.0363317917409076
1	-0.0395592525292852
1	-0.0427743008470186
1	-0.0459769730586015
1	-0.049167305429658
1	-0.0523453341272041
1	-0.0555110952199097
1	-0.0586646246783589
1	-0.0618059583753099
1	-0.0649351320859547
1	-0.0680521814881772
1	-0.0711571421628113
1	-0.0742500495938984
1	-0.0773309391689437
1	-0.0803998461791721
1	-0.0834568058197837
1	-0.086501853190208
1	-0.0895350232943579
1	-0.0925563510408833
1	-0.0955658712434229
1	-0.0985636186208569
1	-0.101549627797558
1	-0.104523933303641
1	-0.107486569575214
1	-0.110437570954629
1	-0.113376971690725
1	-0.116304805939083
1	-0.119221107762268
1	-0.122125911130079
1	-0.125019249919793
