group	y	yend
1	1.74709237851534	0
1	3.36728664844416	0
1	1.32874277517991	0
1	6.19056160427558	0
1	3.65901554363072	0
1	1.35906323176397	0
1	3.97485810485697	0
1	4.47664941025843	0
1	4.15156270330698	0
1	2.38922322568729	0
1	6.0235623369017	0
1	3.77968647282286	0
1	1.75751883891639	0
1	-1.429399774355	0
1	5.24986183628622	0
1	2.91013278196954	0
1	2.96761947380211	0
1	4.8876724213706	0
1	4.64244239019618	0
1	4.18780264243502	0
1	4.83795474321644	0
1	4.56427260146213	0
1	3.14912996673038	0
1	-0.978703391726746	0
1	4.23965149578942	0
1	2.887742520942	0
1	2.68840898658934	0
1	0.0584952322014511	0
1	2.04369988978276	0
1	3.83588312039941	0
1	5.71735910305809	0
1	2.79442454531401	0
1	3.77534322311874	0
1	2.89238991883419	0
1	0.245880886342787	0
1	2.17001087340064	0
1	2.2114200925793	0
1	2.88137320657763	0
1	5.20005074396777	0
1	4.52635149691509	0
1	2.67095280749283	0
1	2.49327663972699	0
1	4.39392675080947	0
1	4.11332639734732	0
1	1.62248861090096	0
1	1.58500968607576	0
1	3.72916392427366	0
1	4.53706584903083	0
1	2.77530757569954	0
1	4.76221545290843	0
1	3.79621176073414	0
1	1.77594721349846	0
1	3.68223938284885	0
1	0.741273807838415	0
1	5.86604740340207	0
1	6.96079979701172	0
1	2.26555704706698	0
1	0.911730747366938	0
1	4.13943925488483	0
1	2.72989079223835	0
1	7.80323552100955	0
1	2.92151999453366	0
1	4.37947872490155	0
1	3.05600431756133	0
1	1.51345358223519	0
1	3.37758459902869	0
1	-0.609917257782076	0
1	5.93110972312577	0
1	3.3065066764238	0
1	7.34522334072431	0
1	3.95101905779933	0
1	1.58010713815637	0
1	4.22145270697811	0
1	1.1318047367115	0
1	0.492733199521796	0
1	3.58289247103493	0
1	2.11341625356313	0
1	3.00221070326325	0
1	3.14868264830333	0
1	1.82095810762386	0
1	1.862662534363	0
1	2.72964276975234	0
1	5.35617399314641	0
1	-0.047133600859524	0
1	4.18789237525684	0
1	3.66590074242704	0
1	5.12619967455273	0
1	2.3916321527314	0
1	3.74003761983258	0
1	3.53419758154446	0
1	1.9149599380167	0
1	5.41573561196634	0
1	5.3208052313899	0
1	4.40042729903	0
1	6.17366690908169	0
1	4.11697285113061	0
1	0.446815583083927	0
1	1.85346917152623	0
1	0.550774770203288	0
1	2.05319872712138	0
1	1.75926664555175	0
1	3.08423174628847	0
1	1.17815670289511	0
1	3.31605754480815	0
1	1.69083071216236	0
1	6.53457453874529	0
1	4.43341495203441	0
1	4.82034845899046	0
1	3.76837071565269	0
1	6.36435216103884	0
1	1.72852709210205	0
1	2.07671053927887	0
1	5.86456447708333	0
1	1.69860729337927	0
1	2.58523851279607	0
1	2.21438414111603	0
1	2.36001426290299	0
1	2.44177339404688	0
1	3.98837666253565	0
1	2.64533903546079	0
1	1.98808507577149	0
1	5.68607765034082	0
1	2.57084118290626	0
1	2.64088693991323	0
1	2.79961851757288	0
1	4.42533261410281	0
1	2.85287119174735	0
1	2.9247316570659	0
1	1.63667904248869	0
1	2.35145945550736	0
1	3.12032088086903	0
1	1.82221102748067	0
1	4.06299238526514	0
1	-0.0367881635735743	0
1	3.61311572157953	0
1	-0.0728996470751722	0
1	2.39804774632678	0
1	1.94344019110999	0
1	1.695810438638	0
1	2.88620644430522	0
1	-0.828718851360024	0
1	5.35316662403713	0
1	-0.329944872424007	0
1	2.07293919705523	0
1	0.768159789914309	0
1	1.4983619976131	0
1	7.17433309125669	0
1	3.0347912393865	0
1	0.427398939131349	0
1	-0.281211068837157	0
1	3.90037420254531	0
1	2.96288033457072	0
1	2.36386325091231	0
1	1.1412757050926	0
1	0.0250793797170306	0
1	0.849615406768638	0
1	5.00005760742783	0
1	1.75746661040635	0
1	0.231146305231017	0
1	6.73858124484716	0
1	3.8502007547449	0
1	2.52270579817393	0
1	5.11696609741804	0
1	4.77284530274987	0
1	1.76151390353771	0
1	7.41220492908094	0
1	2.48994593971797	0
1	0.151010699574383	0
1	2.71120079609156	0
1	3.41507667846469	0
1	7.61595679811872	0
1	3.21160473578742	0
1	3.91399761084683	0
1	2.84569412928694	0
1	2.33199831526691	0
1	2.93054794337745	0
1	4.57527921126032	0
1	7.15049001730457	0
1	5.05478487752754	0
1	5.41581679677341	0
1	0.537353156883912	0
1	4.96779114010676	0
1	3.4398496073213	0
1	0.0654999418155149	0
1	4.04204548529628	0
1	2.68249079056797	0
1	5.9291746239396	0
1	1.46783600079067	0
1	2.13957649214291	0
1	1.14778100524513	0
1	2.64579207712692	0
1	3.80402355897268	0
1	1.53650365376079	0
1	4.66074633596335	0
1	0.58383442739107	0
1	0.904031174384517	0
1	5.88231541368856	0
1	0.968305069390702	0
1	3.82394942463503	0
1	2.23784789778216	0
1	1.74709237851534	2.42116921296735
1	3.36728664844416	2.71666122358387
1	1.32874277517991	3.27299777334248
1	6.19056160427558	4.20245736144546
1	3.65901554363072	2.2442687058656
1	1.35906323176397	4.1752457574545
1	3.97485810485697	4.30352967466301
1	4.47664941025843	3.51674226092239
1	4.15156270330698	3.4289284091509
1	2.38922322568729	1.8565375393134
1	6.0235623369017	2.2561660857083
1	3.77968647282286	2.17463241598189
1	1.75751883891639	3.58942693752471
1	-1.429399774355	2.74986417650608
1	5.24986183628622	3.81896473678736
1	2.91013278196954	3.06470256967977
1	2.96761947380211	3.67422507577899
1	4.8876724213706	4.43443340158987
1	4.64244239019618	2.73858792046876
1	4.18780264243502	3.8400392343415
1	4.83795474321644	4.27589697859166
1	4.56427260146213	2.27326100514117
1	3.14912996673038	3.49145434716088
1	-0.978703391726746	2.0332775539617
1	4.23965149578942	2.42591416302569
1	2.887742520942	2.75543607760005
1	2.68840898658934	1.72240462087522
1	0.0584952322014511	2.74510881764029
1	2.04369988978276	4.09570480261222
1	3.83588312039941	2.62859473076092
1	5.71735910305809	3.0214130054576
1	2.79442454531401	3.34703333698275
1	3.77534322311874	3.05317854530673
1	2.89238991883419	2.20140817294006
1	0.245880886342787	3.97841864744147
1	2.17001087340064	3.53799731095405
1	2.2114200925793	3.88658681918056
1	2.88137320657763	1.98446606253684
1	5.20005074396777	3.69111071752325
1	4.52635149691509	2.82516981211915
1	2.67095280749283	3.96060567387778
1	2.49327663972699	3.47866749051812
1	4.39392675080947	3.85524835986396
1	4.11332639734732	3.21807334933919
1	1.62248861090096	3.15344930420445
1	1.58500968607576	3.87305148022982
1	3.72916392427366	1.74995647477851
1	4.53706584903083	3.00797073208662
1	2.77530757569954	3.71495399335066
1	4.76221545290843	3.60524904888165
1	3.79621176073414	3.00905041838859
1	1.77594721349846	4.07219806166276
1	3.68223938284885	2.89951084618717
1	0.741273807838415	2.36376607505102
1	5.86604740340207	1.88118452736839
1	6.96079979701172	1.96097013951969
1	2.26555704706698	2.5618627427269
1	0.911730747366938	3.12272552852595
1	4.13943925488483	3.52008833759812
1	2.72989079223835	2.81285226556678
1	7.80323552100955	4.21539544070168
1	2.92151999453366	2.49903577787553
1	4.37947872490155	2.95762692417361
1	3.05600431756133	2.60654873784339
1	1.51345358223519	3.48922794454726
1	3.37758459902869	2.40040490690948
1	-0.609917257782076	3.01161585967266
1	5.93110972312577	3.80917900390809
1	3.3065066764238	1.91878887452709
1	7.34522334072431	4.11131010618916
1	3.95101905779933	2.62505803933025
1	1.58010713815637	4.01186331765244
1	4.22145270697811	2.64615124498958
1	1.1318047367115	2.61037422108821
1	0.492733199521796	3.00553501758311
1	3.58289247103493	4.15808597559932
1	2.11341625356313	4.08087307089277
1	3.00221070326325	2.76617717638567
1	3.14868264830333	3.83969411106811
1	1.82095810762386	4.34771612574945
1	1.862662534363	2.88998322140318
1	2.72964276975234	3.66007943482702
1	5.35617399314641	2.79390628976311
1	-0.047133600859524	2.58702986656925
1	4.18789237525684	3.78361532902361
1	3.66590074242704	2.2470688938285
1	5.12619967455273	3.65621736781829
1	2.3916321527314	2.02257047900577
1	3.74003761983258	2.36568188930435
1	3.53419758154446	2.08247100538434
1	1.9149599380167	2.3494429636094
1	5.41573561196634	1.84863330646948
1	5.3208052313899	3.46544171905147
1	4.40042729903	4.11393723304748
1	6.17366690908169	3.84411194063733
1	4.11697285113061	3.89509268303094
1	0.446815583083927	2.94711913174085
1	1.85346917152623	2.82187067574488
1	0.550774770203288	3.93267915259501
1	2.05319872712138	3.36190966266616
1	1.75926664555175	3.49990809663552
1	3.08423174628847	2.66420467555679
1	1.17815670289511	2.43433829870104
1	3.31605754480815	4.43658959282861
1	1.69083071216236	3.4410657426574
1	6.53457453874529	2.2762144329483
1	4.43341495203441	2.04385735043315
1	4.82034845899046	3.01043180458751
1	3.76837071565269	4.24643303773026
1	6.36435216103884	3.34480261274585
1	1.72852709210205	4.39082157733349
1	2.07671053927887	3.71350937477578
1	5.86456447708333	2.67398733419187
1	1.69860729337927	2.88115355716996
1	2.58523851279607	2.0960716210447
1	2.21438414111603	1.72153778984577
1	2.36001426290299	3.66853658055421
1	2.44177339404688	1.97127506087515
1	3.98837666253565	2.92220239101957
1	2.64533903546079	3.45937969541466
1	1.98808507577149	4.43424639023114
1	5.68607765034082	3.0588665655853
1	2.57084118290626	3.02770284000992
1	2.64088693991323	2.16600057716785
1	2.79961851757288	3.77733437841749
1	4.42533261410281	2.94329722995178
1	2.85287119174735	3.10203717191587
1	2.9247316570659	2.26051894896073
1	1.63667904248869	2.31903527108322
1	2.35145945550736	3.33635216466358
1	3.12032088086903	3.2785931236147
1	1.82221102748067	1.89888195026325
1	4.06299238526514	1.78379566654
1	-0.0367881635735743	3.466847554655
1	3.61311572157953	4.25901800609879
1	-0.0728996470751722	3.34294969143683
1	2.39804774632678	3.23987021619435
1	1.94344019110999	3.14321705155424
1	1.695810438638	4.41555656917743
1	2.88620644430522	3.09225916594673
1	-0.828718851360024	3.57768996495489
1	5.35316662403713	3.3525082825843
1	-0.329944872424007	2.34733452382346
1	2.07293919705523	2.40081827595159
1	0.768159789914309	3.70662786566401
1	1.4983619976131	2.93962584287402
1	7.17433309125669	2.17066910928529
1	3.0347912393865	3.7548217844098
1	0.427398939131349	1.97627333020299
1	-0.281211068837157	4.08144256946537
1	3.90037420254531	3.38882630570477
1	2.96288033457072	3.22950117839187
1	2.36386325091231	2.59652297063691
1	1.1412757050926	2.94117962615626
1	0.0250793797170306	3.07230147858072
1	0.849615406768638	2.18657681485356
1	5.00005760742783	3.15320269677664
1	1.75746661040635	1.89392461729736
1	0.231146305231017	2.45511342591775
1	6.73858124484716	2.27480476615506
1	3.8502007547449	2.47461019670598
1	2.52270579817393	4.16611180822311
1	5.11696609741804	2.92206651381473
1	4.77284530274987	3.84707811326449
1	1.76151390353771	4.12599308682227
1	7.41220492908094	2.83029661376364
1	2.48994593971797	1.86214224396087
1	0.151010699574383	2.61512071020457
1	2.71120079609156	3.69115229273946
1	3.41507667846469	2.62101818111411
1	7.61595679811872	3.43253167306834
1	3.21160473578742	4.01511771035144
1	3.91399761084683	4.05812452993457
1	2.84569412928694	2.76997350529002
1	2.33199831526691	2.73985925853456
1	2.93054794337745	4.167085526025
1	4.57527921126032	3.47106109734261
1	7.15049001730457	3.73924658958288
1	5.05478487752754	3.36293557808844
1	5.41581679677341	4.18824977873222
1	0.537353156883912	2.49938716450199
1	4.96779114010676	2.21538385800638
1	3.4398496073213	4.14215665223504
1	0.0654999418155149	3.08033492195932
1	4.04204548529628	4.11612214885199
1	2.68249079056797	2.20965643526143
1	5.9291746239396	3.78643098306761
1	1.46783600079067	3.69329456986126
1	2.13957649214291	4.3008954313553
1	1.14778100524513	3.20313532904721
1	2.64579207712692	3.65794307517356
1	3.80402355897268	2.76317156063776
1	1.53650365376079	1.96486964984172
1	4.66074633596335	4.25537862174812
1	0.58383442739107	2.47029213810512
1	0.904031174384517	3.32210949659008
1	5.88231541368856	1.99116489869116
1	0.968305069390702	4.01481970548435
1	3.82394942463503	2.56655218280226
1	2.23784789778216	3.85502268362514
1	1.74709237851534	3.87236294161415
1	3.36728664844416	3.48579316049207
1	1.32874277517991	2.75798025678044
1	6.19056160427558	1.54203878755042
1	3.65901554363072	4.10378845517721
1	1.35906323176397	1.57763766474787
1	3.97485810485697	1.40981354763111
1	4.47664941025843	2.4391078344199
1	4.15156270330698	2.55398803503163
1	2.38922322568729	4.6110277266403
1	6.0235623369017	4.08822401567806
1	3.77968647282286	4.19488833054214
1	1.75751883891639	2.34401998596516
1	-1.429399774355	3.44235625599856
1	5.24986183628622	2.04373309619419
1	2.91013278196954	3.03047707021601
1	2.96761947380211	2.23308501457246
1	4.8876724213706	1.23856213220163
1	4.64244239019618	3.4571081263423
1	4.18780264243502	2.01616292978
1	4.83795474321644	1.4459633076528
1	4.56427260146213	4.0658600294245
1	3.14912996673038	2.47219009362354
1	-0.978703391726746	4.37981217317895
1	4.23965149578942	3.86615548341025
1	2.887742520942	3.43506696048821
1	2.68840898658934	4.78650364835382
1	0.0584952322014511	3.44857733125563
1	2.04369988978276	1.68169506189871
1	3.83588312039941	3.60100387222579
1	5.71735910305809	3.0871095230912
1	2.79442454531401	2.66112514529382
1	3.77534322311874	3.04555307707738
1	2.89238991883419	4.15985963895383
1	0.245880886342787	1.83513164124449
1	2.17001087340064	2.41130146489628
1	2.2114200925793	1.95526825568897
1	2.88137320657763	4.4436685445136
1	5.20005074396777	2.21099481044286
1	4.52635149691509	3.34383960569907
1	2.67095280749283	1.85843500324497
1	2.49327663972699	2.48891816814344
1	4.39392675080947	1.99626598464091
1	4.11332639734732	2.82983371407328
1	1.62248861090096	2.91437644986785
1	1.58500968607576	1.97297551283167
1	3.72916392427366	4.75045964800782
1	4.53706584903083	3.10469502959596
1	2.77530757569954	2.17980246145649
1	4.76221545290843	2.32332111796064
1	3.79621176073414	3.10328255791336
1	1.77594721349846	1.71244714783418
1	3.68223938284885	3.24658487042516
1	0.741273807838415	3.94745911228129
1	5.86604740340207	4.57878394191713
1	6.96079979701172	4.4744064781689
1	2.26555704706698	3.6883042698045
1	0.911730747366938	2.95457003484668
1	4.13943925488483	2.4347304161423
1	2.72989079223835	3.35995371743012
1	7.80323552100955	1.52511287995725
1	2.92151999453366	3.77049602179293
1	4.37947872490155	3.17055601434875
1	3.05600431756133	3.62984497232514
1	1.51345358223519	2.47510272726544
1	3.37758459902869	3.89952730802525
1	-0.609917257782076	3.09992638569877
1	5.93110972312577	2.05653502816307
1	3.3065066764238	4.5295890272389
1	7.34522334072431	1.66127982706547
1	3.95101905779933	3.60563065732701
1	1.58010713815637	1.79137851635905
1	4.22145270697811	3.57803601651802
1	1.1318047367115	3.62484038280155
1	0.492733199521796	3.10788149010478
1	3.58289247103493	1.600086505588
1	2.11341625356313	1.70109829135485
1	3.00221070326325	3.42101519577924
1	3.14868264830333	2.01661442837712
1	1.82095810762386	1.35200776571027
1	1.862662534363	3.25904913915335
1	2.72964276975234	2.25159068352515
1	5.35617399314641	3.38473930031031
1	-0.047133600859524	3.65538003088882
1	4.18789237525684	2.08997804472433
1	3.66590074242704	4.10012518169085
1	5.12619967455273	2.25664313281178
1	2.3916321527314	4.39381942709264
1	3.74003761983258	3.94495279782956
1	3.53419758154446	4.31545611255514
1	1.9149599380167	3.96619695241247
1	5.41573561196634	4.62136823484572
1	5.3208052313899	2.50622044163087
1	4.40042729903	1.65784295629363
1	6.17366690908169	2.0108349170934
1	4.11697285113061	1.94414067927823
1	0.446815583083927	3.18430256205518
1	1.85346917152623	3.3481556155412
1	0.550774770203288	1.89496915250086
1	2.05319872712138	2.64166357693758
1	1.75926664555175	2.46113069449713
1	3.08423174628847	3.55441808286118
1	1.17815670289511	3.85513482577092
1	3.31605754480815	1.23574135077517
1	1.69083071216236	2.53810968235731
1	6.53457453874529	4.06199628387491
1	4.43341495203441	4.36597142805102
1	4.82034845899046	3.10147539514288
1	3.76837071565269	1.48450874631296
1	6.36435216103884	2.66404343258762
1	1.72852709210205	1.29561617343256
1	2.07671053927887	2.18169234634756
1	5.86456447708333	3.54162017269275
1	1.69860729337927	3.27060031904109
1	2.58523851279607	4.29766345884521
1	2.21438414111603	4.78763765763083
1	2.36001426290299	2.24052684133917
1	2.44177339404688	4.46092533130286
1	3.98837666253565	3.21689924372791
1	2.64533903546079	2.51415092728274
1	1.98808507577149	1.23880678497536
1	5.68607765034082	3.03811187164676
1	2.57084118290626	3.07888100970057
1	2.64088693991323	4.20618071044122
1	2.79961851757288	2.0981949359221
1	4.42533261410281	3.1893024662319
1	2.85287119174735	2.98163504235686
1	2.9247316570659	4.08252949489818
1	1.63667904248869	4.00597702978156
1	2.35145945550736	2.67509851275284
1	3.12032088086903	2.75066028448908
1	1.82221102748067	4.55563174609087
1	4.06299238526514	4.70619040050669
1	-0.0367881635735743	2.50438129355908
1	3.61311572157953	1.46804478690674
1	-0.0728996470751722	2.66646746897145
1	2.39804774632678	2.80131852670234
1	1.94344019110999	2.92776252977954
1	1.695810438638	1.26325726002838
1	2.88620644430522	2.99442686579539
1	-0.828718851360024	2.35937457679787
1	5.35316662403713	2.65396268929905
1	-0.329944872424007	3.96895526423573
1	2.07293919705523	3.89898652866613
1	0.768159789914309	2.19069490267921
1	1.4983619976131	3.19410546343004
1	7.17433309125669	4.20007322403225
1	3.0347912393865	2.12764645483081
1	0.427398939131349	4.45438647471578
1	-0.281211068837157	1.70035325957514
1	3.90037420254531	2.60645057477801
1	2.96288033457072	2.81488355225206
1	2.36386325091231	3.64296092299502
1	1.1412757050926	3.1920727666337
1	0.0250793797170306	3.02053599416297
1	0.849615406768638	4.17926237961432
1	5.00005760742783	2.91469906765772
1	1.75746661040635	4.5621170487411
1	0.231146305231017	3.82795630285861
1	6.73858124484716	4.06384044400155
1	3.8502007547449	3.80245015668406
1	2.52270579817393	1.58958691761529
1	5.11696609741804	3.2170770015672
1	4.77284530274987	2.0069544984626
1	1.76151390353771	1.64207119737116
1	7.41220492908094	3.33713260003272
1	2.48994593971797	4.60369551672943
1	0.151010699574383	3.6186309111648
1	2.71120079609156	2.21094042074144
1	3.41507667846469	3.61091569736284
1	7.61595679811872	2.54927415819624
1	3.21160473578742	1.78712104127296
1	3.91399761084683	1.73085848175969
1	2.84569412928694	3.41604874666759
1	2.33199831526691	3.45544493119599
1	2.93054794337745	1.58831307648245
1	4.57527921126032	2.49886903530513
1	7.15049001730457	2.14802230067046
1	5.05478487752754	2.64032144961775
1	5.41581679677341	1.56062549021041
1	0.537353156883912	3.77003632932613
1	4.96779114010676	4.14157631039327
1	3.4398496073213	1.62092563092849
1	0.0654999418155149	3.0100264496171
1	4.04204548529628	1.65498459669684
1	2.68249079056797	4.14906906308155
1	5.9291746239396	2.08629453813735
1	1.46783600079067	2.20813784209862
1	2.13957649214291	1.41325972831383
1	1.14778100524513	2.84937599280568
1	2.64579207712692	2.25438552079304
1	3.80402355897268	3.42494721485271
1	1.53650365376079	4.46930504463598
1	4.66074633596335	1.4728059173648
1	0.58383442739107	3.80809914517863
1	0.904031174384517	2.69373111492804
1	5.88231541368856	4.43490496535441
1	0.968305069390702	1.78751089843359
1	3.82394942463503	3.68216943110028
1	2.23784789778216	1.9965612197441
1	1.74709237851534	1.57214245882171
1	3.36728664844416	2.28277043678132
1	1.32874277517991	3.62070277747342
1	6.19056160427558	5.85595775546995
1	3.65901554363072	1.14671488330297
1	1.35906323176397	5.79051663886992
1	3.97485810485697	6.09902630212753
1	4.47664941025843	4.20688327009085
1	4.15156270330698	3.99569996333743
1	2.38922322568729	0.214261195962916
1	6.0235623369017	1.1753268615524
1	3.77968647282286	0.979246748481257
1	1.75751883891639	4.38168246230858
1	-1.429399774355	2.36262013304947
1	5.24986183628622	4.93369732665289
1	2.91013278196954	3.11977417676886
1	2.96761947380211	4.5856132873642
1	4.8876724213706	6.41383633905315
1	4.64244239019618	2.33550189384551
1	4.18780264243502	4.98437933173373
1	4.83795474321644	6.0325725022641
1	4.56427260146213	1.21643838942287
1	3.14912996673038	4.14606843118653
1	-0.978703391726746	0.639302803592251
1	4.23965149578942	1.58355357703924
1	2.887742520942	2.37601998369024
1	2.68840898658934	-0.108314715340646
1	0.0584952322014511	2.35118398271762
1	2.04369988978276	5.59922880070937
1	3.83588312039941	2.07097955421161
1	5.71735910305809	3.01566721487242
1	2.79442454531401	3.79875071446168
1	3.77534322311874	3.09206008013021
1	2.89238991883419	1.04363969767071
1	0.245880886342787	5.31716762715092
1	2.17001087340064	4.2579994853615
1	2.2114200925793	5.09632149905009
1	2.88137320657763	0.52191617313795
1	5.20005074396777	4.62622152385844
1	4.52635149691509	2.5437224628655
1	2.67095280749283	5.27432925274411
1	2.49327663972699	4.11531735246348
1	4.39392675080947	5.0209557186689
1	4.11332639734732	3.48861517114992
1	1.62248861090096	3.33320097086122
1	1.58500968607576	5.06377039714554
1	3.72916392427366	-0.0420553325996966
1	4.53706584903083	2.98333992614178
1	2.77530757569954	4.68356215670267
1	4.76221545290843	4.41973301730387
1	3.79621176073414	2.9859364609584
1	1.77594721349846	5.54269749972943
1	3.68223938284885	2.72250502490148
1	0.741273807838415	1.4340937997703
1	5.86604740340207	0.273534674280541
1	6.96079979701172	0.465410888175639
1	2.26555704706698	1.91049596745439
1	0.911730747366938	3.25931344158372
1	4.13943925488483	4.21493024130071
1	2.72989079223835	2.51410002677437
1	7.80323552100955	5.887072509068
1	2.92151999453366	1.75940356092702
1	4.37947872490155	2.86226823169778
1	3.05600431756133	2.01796120242467
1	1.51345358223519	4.14071416125504
1	3.37758459902869	1.52220643247417
1	-0.609917257782076	2.99210608411831
1	5.93110972312577	4.91016364276635
1	3.3065066764238	0.363969272251989
1	7.34522334072431	5.63675795523098
1	3.95101905779933	2.06247417406682
1	1.58010713815637	5.39759862870645
1	4.22145270697811	2.11320117022182
1	1.1318047367115	2.02716109726214
1	0.492733199521796	2.97748228258347
1	3.58289247103493	5.7492491235265
1	2.11341625356313	5.5635600071625
1	3.00221070326325	2.40185122459303
1	3.14868264830333	4.98354934565931
1	1.82095810762386	6.20529018494202
1	1.862662534363	2.69959206451086
1	2.72964276975234	4.55159447174321
1	5.35617399314641	2.46853689818844
1	-0.047133600859524	1.97102031899215
1	4.18789237525684	4.84868562664514
1	3.66590074242704	1.15344904814835
1	5.12619967455273	4.5423065967058
1	2.3916321527314	0.613553386510136
1	3.74003761983258	1.43870113655124
1	3.53419758154446	0.757608008664917
1	1.9149599380167	1.39964818582422
1	5.41573561196634	0.195252326682549
1	5.3208052313899	4.08351072860689
1	4.40042729903	5.64307592587011
1	6.17366690908169	4.99417377265209
1	4.11697285113061	5.11677722919382
1	0.446815583083927	2.83699806864418
1	1.85346917152623	2.53578837826617
1	0.550774770203288	5.2071688333838
1	2.05319872712138	3.83452675191804
1	1.75926664555175	4.16639883160179
1	3.08423174628847	2.15661781905926
1	1.17815670289511	1.60381275930458
1	3.31605754480815	6.41902175782938
1	1.69083071216236	4.02488900553708
1	6.53457453874529	1.22354108037632
1	4.43341495203441	0.664746128973681
1	4.82034845899046	2.98925855308288
1	3.76837071565269	5.96171474650491
1	6.36435216103884	3.79338605146946
1	1.72852709210205	6.30895437482751
1	2.07671053927887	4.68008799719952
1	5.86456447708333	2.18014410970385
1	1.69860729337927	2.67835762765746
1	2.58523851279607	0.790316094360914
1	2.21438414111603	-0.110399355058666
1	2.36001426290299	4.57193303979751
1	2.44177339404688	0.490193167096091
1	3.98837666253565	2.77707586283169
1	2.64533903546079	4.06893218352076
1	1.98808507577149	6.4133865959165
1	5.68607765034082	3.1057391855
1	2.57084118290626	3.0307936218446
1	2.64088693991323	0.958488061470746
1	2.79961851757288	4.83358058465237
1	4.42533261410281	2.82780678684046
1	2.85287119174735	3.20956006586822
1	2.9247316570659	1.18579505121666
1	1.63667904248869	1.32652080410851
1	2.35145945550736	3.77306359056424
1	3.12032088086903	3.63415902098276
1	1.82221102748067	0.316095161180439
1	4.06299238526514	0.0393244528201682
1	-0.0367881635735743	4.08689161904181
1	3.61311572157953	5.99198030463542
1	-0.0728996470751722	3.78892996576885
1	2.39804774632678	3.54103440030884
1	1.94344019110999	3.30859345272351
1	1.695810438638	6.36843949323133
1	2.88620644430522	3.18604496440802
1	-0.828718851360024	4.35345624709802
1	5.35316662403713	3.81191739708755
1	-0.329944872424007	1.39457760439426
1	2.07293919705523	1.52320054262262
1	0.768159789914309	4.66353867359782
1	1.4983619976131	2.81897747747967
1	7.17433309125669	0.969715402378307
1	3.0347912393865	4.77944010510121
1	0.427398939131349	0.50221349217468
1	-0.281211068837157	5.56492959281815
1	3.90037420254531	3.89925851768076
1	2.96288033457072	3.51609792790949
1	2.36386325091231	1.99385026060066
1	1.1412757050926	2.82271416690738
1	0.0250793797170306	3.13804877328235
1	0.849615406768638	1.00797180267276
1	5.00005760742783	3.33260790529099
1	1.75746661040635	0.304173283853622
1	0.231146305231017	1.65377480942924
1	6.73858124484716	1.22015097632314
1	3.8502007547449	1.70066254345994
1	2.52270579817393	5.76855042780538
1	5.11696609741804	2.7767490920905
1	4.77284530274987	5.00130711359054
1	1.76151390353771	5.67206901767208
1	7.41220492908094	2.55605189498254
1	2.48994593971797	0.227739935785287
1	0.151010699574383	2.03857591675634
1	2.71120079609156	4.62632150798921
1	3.41507667846469	2.05275872941102
1	7.61595679811872	4.0043654434848
1	3.21160473578742	5.40542510935597
1	3.91399761084683	5.50885209939564
1	2.84569412928694	2.41098100623194
1	2.33199831526691	2.3385593314971
1	2.93054794337745	5.77089211924811
1	4.57527921126032	4.09702475703729
1	7.15049001730457	4.74198335903528
1	5.05478487752754	3.83699397328409
1	5.41581679677341	5.82178997626624
1	0.537353156883912	1.76024860972317
1	4.96779114010676	1.07724978681851
1	3.4398496073213	5.71094073464992
1	0.0654999418155149	3.15736838064594
1	4.04204548529628	5.64833042428086
1	2.68249079056797	1.06347592255843
1	5.9291746239396	4.85545698582926
1	1.46783600079067	4.63147346474132
1	2.13957649214291	6.09269121715753
1	1.14778100524513	3.45269076448776
1	2.64579207712692	4.54645674589552
1	3.80402355897268	2.39462302699473
1	1.53650365376079	0.47478881054109
1	4.66074633596335	5.98322795855085
1	0.58383442739107	1.6902780554129
1	0.904031174384517	3.73881143466768
1	5.88231541368856	0.538026187013088
1	0.968305069390702	5.40470843821592
1	3.82394942463503	1.92177358985631
1	2.23784789778216	5.02041299046136
1	1.74709237851534	5.2774933463433
1	3.36728664844416	4.22079487436811
1	1.32874277517991	2.23129952115267
1	6.19056160427558	-1.09250786186893
1	3.65901554363072	5.91010095951035
1	1.35906323176397	-0.995197412434963
1	3.97485810485697	-1.45394896720758
1	4.47664941025843	1.35965352625531
1	4.15156270330698	1.67368151906492
1	2.38922322568729	7.29665259716043
1	6.0235623369017	5.86755516250533
1	3.77968647282286	6.15912481961609
1	1.75751883891639	1.09972843880053
1	-1.429399774355	4.10205897506323
1	5.24986183628622	0.278886476828997
1	2.91013278196954	2.97617659234964
1	2.96761947380211	0.796484831866203
1	4.8876724213706	-1.92206913035807
1	4.64244239019618	4.14238359331393
1	4.18780264243502	0.203522715498734
1	4.83795474321644	-1.35513266535826
1	4.56427260146213	5.80642262898755
1	3.14912996673038	1.45008473546287
1	-0.978703391726746	6.66461891534933
1	4.23965149578942	5.26052509916196
1	2.887742520942	4.08213349768835
1	2.68840898658934	7.77632055725003
1	0.0584952322014511	4.11906444481077
1	2.04369988978276	-0.710753832163805
1	3.83588312039941	4.53572632785841
1	5.71735910305809	3.13098286366168
1	2.79442454531401	1.96654357459673
1	3.77534322311874	3.01738724613549
1	2.89238991883419	6.06337298725812
1	0.245880886342787	-0.291330983152797
1	2.17001087340064	1.2836440976303
1	2.2114200925793	0.0370655525082904
1	2.88137320657763	6.8391719541806
1	5.20005074396777	0.7361006888491
1	4.52635149691509	3.83276116928697
1	2.67095280749283	-0.227630641790578
1	2.49327663972699	1.49581135882427
1	4.39392675080947	0.14913390252834
1	4.11332639734732	2.42771280081225
1	1.62248861090096	2.65881255069804
1	1.58500968607576	0.0854687968365031
1	3.72916392427366	7.67779335220328
1	4.53706584903083	3.17905329947938
1	2.77530757569954	0.650835597988812
1	4.76221545290843	1.0431475489842
1	3.79621176073414	3.17519227168671
1	1.77594721349846	-0.626692211713964
1	3.68223938284885	3.56691284079635
1	0.741273807838415	5.48277066668845
1	5.86604740340207	7.20851337958174
1	6.96079979701172	6.9231948890074
1	2.26555704706698	4.77436421739149
1	0.911730747366938	2.768682752417
1	4.13943925488483	1.34768774043598
1	2.72989079223835	3.87680950952198
1	7.80323552100955	-1.13877526704112
1	2.92151999453366	4.99903749237703
1	4.37947872490155	3.35908600081738
1	3.05600431756133	4.61456421921298
1	1.51345358223519	1.45804649468236
1	3.37758459902869	5.35174784289361
1	-0.609917257782076	3.16601808833347
1	5.93110972312577	0.313880888214627
1	3.3065066764238	7.07403781085378
1	7.34522334072431	-0.766559403387389
1	3.95101905779933	4.54837376432491
1	1.58010713815637	-0.410931279058967
1	4.22145270697811	4.4729431016049
1	1.1318047367115	4.60088404460882
1	0.492733199521796	3.18776357150557
1	3.58289247103493	-0.933832926715142
1	2.11341625356313	-0.657714603752895
1	3.00221070326325	4.04372263625622
1	3.14868264830333	0.204756898564702
1	1.82095810762386	-1.61196256374318
1	1.862662534363	3.60098424100032
1	2.72964276975234	0.847070555479729
1	5.35617399314641	3.944561539907
1	-0.047133600859524	4.68436496071872
1	4.18789237525684	0.405298236968442
1	3.66590074242704	5.90008730690611
1	5.12619967455273	0.860881555981157
1	2.3916321527314	6.70290810537397
1	3.74003761983258	5.47591959146021
1	3.53419758154446	6.48869996295184
1	1.9149599380167	5.53399103620948
1	5.41573561196634	7.3249186431726
1	5.3208052313899	1.54310756988038
1	4.40042729903	-0.775954178329309
1	6.17366690908169	0.188958455332664
1	4.11697285113061	0.00664803524689095
1	0.446815583083927	3.39666254369706
1	1.85346917152623	3.84455909356335
1	0.550774770203288	-0.127763602050571
1	2.05319872712138	1.91334487529698
1	1.75926664555175	1.41985358256747
1	3.08423174628847	4.40838287050263
1	1.17815670289511	5.2303998471212
1	3.31605754480815	-1.92977980917644
1	1.69083071216236	1.63027763229516
1	6.53457453874529	5.79586098082534
1	4.43341495203441	6.62678488138725
1	4.82034845899046	3.1702523456205
1	3.76837071565269	-1.24976771413115
1	6.36435216103884	1.97452078821956
1	1.72852709210205	-1.7661104363967
1	2.07671053927887	0.656001647106262
1	5.86456447708333	4.37339945281231
1	1.69860729337927	3.63255968929701
1	2.58523851279607	6.44006328490346
1	2.21438414111603	7.77942040087141
1	2.36001426290299	0.816827257366358
1	2.44177339404688	6.88634382617352
1	3.98837666253565	3.48576641419375
1	2.64533903546079	1.56478575705275
1	1.98808507577149	-1.92140036568793
1	5.68607765034082	2.99704651907357
1	2.57084118290626	3.1084900099749
1	2.64088693991323	6.18999283146556
1	2.79961851757288	0.427759321091121
1	4.42533261410281	3.41032991078465
1	2.85287119174735	2.84266564884774
1	2.9247316570659	5.85198904300869
1	1.63667904248869	5.64273090420681
1	2.35145945550736	2.0047401351231
1	3.12032088086903	2.21129018800529
1	1.82221102748067	7.14522625485753
1	4.06299238526514	7.5567822218088
1	-0.0367881635735743	1.53808021116767
1	3.61311572157953	-1.29477237201392
1	-0.0728996470751722	1.98114695422605
1	2.39804774632678	2.34976580031082
1	1.94344019110999	2.69540374555907
1	1.695810438638	-1.85456436119581
1	2.88620644430522	2.87763242830481
1	-0.828718851360024	1.14170060906081
1	5.35316662403713	1.94696481631073
1	-0.329944872424007	5.54153095275547
1	2.07293919705523	5.35026960856085
1	0.768159789914309	0.68061036714618
1	1.4983619976131	3.42345902756517
1	7.17433309125669	6.17329785976542
1	3.0347912393865	0.508265808012699
1	0.427398939131349	6.86846969296016
1	-0.281211068837157	-0.659751167347987
1	3.90037420254531	1.81708922523643
1	2.96288033457072	2.38684614769103
1	2.36386325091231	4.65041700882094
1	1.1412757050926	3.41790259841945
1	0.0250793797170306	2.94900240443318
1	0.849615406768638	6.11641087953352
1	5.00005760742783	2.6596944347517
1	1.75746661040635	7.16295399700258
1	0.231146305231017	5.15610665340954
1	6.73858124484716	5.8009020401193
1	3.8502007547449	5.08638494466556
1	2.52270579817393	-0.962533821376205
1	5.11696609741804	3.48625231983441
1	4.77284530274987	0.178351230872728
1	1.76151390353771	-0.819066688327781
1	7.41220492908094	3.81442739622641
1	2.48994593971797	7.27660981216434
1	0.151010699574383	4.58391029365684
1	2.71120079609156	0.735952013196748
1	3.41507667846469	4.56282055764119
1	7.61595679811872	1.66079601509567
1	3.21160473578742	-0.422569197069226
1	3.91399761084683	-0.576364355331513
1	2.84569412928694	4.03014671945232
1	2.33199831526691	4.13783720646342
1	2.93054794337745	-0.966015898983779
1	4.57527921126032	1.52301231098889
1	7.15049001730457	0.563963708405926
1	5.05478487752754	1.90967613563518
1	5.41581679677341	-1.04170063052545
1	0.537353156883912	4.99778091115684
1	4.96779114010676	6.0133950368439
1	3.4398496073213	-0.876868639851652
1	0.0654999418155149	2.92027429322247
1	4.04204548529628	-0.783767578045953
1	2.68249079056797	6.03387666966478
1	5.9291746239396	0.395229276661529
1	1.46783600079067	0.728291092157198
1	2.13957649214291	-1.44452874338407
1	1.14778100524513	2.48113212400793
1	2.64579207712692	0.854710315271168
1	3.80402355897268	4.05447091185774
1	1.53650365376079	6.90924998880473
1	4.66074633596335	-1.28175769904774
1	0.58383442739107	5.10182660048533
1	0.904031174384517	2.05567283397583
1	5.88231541368856	6.81521648440831
1	0.968305069390702	-0.421503512460549
1	3.82394942463503	4.75759447748647
1	2.23784789778216	0.149940935301323
1	1.74709237851534	-0.690916167315453
1	3.36728664844416	1.09911466146508
1	1.32874277517991	4.46928894525535
1	6.19056160427558	10.0997671207521
1	3.65901554363072	-1.7625436562562
1	1.35906323176397	9.9349247280838
1	3.97485810485697	10.7120427495181
1	4.47664941025843	5.94584374686577
1	4.15156270330698	5.41388519564485
1	2.38922322568729	-4.11134063374257
1	6.0235623369017	-1.69047173574735
1	3.77968647282286	-2.18438621448191
1	1.75751883891639	6.3861528152113
1	-1.429399774355	1.30025143404074
1	5.24986183628622	7.7766463726963
1	2.91013278196954	3.20747873500492
1	2.96761947380211	6.89984278395746
1	4.8876724213706	11.5050310482963
1	4.64244239019618	1.23194215590519
1	4.18780264243502	7.90431141597195
1	4.83795474321644	10.5446494662045
1	4.56427260146213	-1.58691417174922
1	3.14912996673038	5.7926546804873
1	-0.978703391726746	-3.04068537562073
1	4.23965149578942	-0.662172219661025
1	2.887742520942	1.33400488379498
1	2.68840898658934	-5.30389799172775
1	0.0584952322014511	1.27144443193626
1	2.04369988978276	9.4530817130349
1	3.83588312039941	0.56562566185808
1	5.71735910305809	2.94523931147368
1	2.79442454531401	4.917781414022
1	3.77534322311874	3.13766852640967
1	2.89238991883419	-2.02218409497604
1	0.245880886342787	8.74258590941999
1	2.17001087340064	6.07460254052849
1	2.2114200925793	8.18628726937438
1	2.88137320657763	-3.33637551718142
1	5.20005074396777	7.00213258605026
1	4.52635149691509	1.75643774191096
1	2.67095280749283	8.63467851874393
1	2.49327663972699	5.71519448944534
1	4.39392675080947	7.99644522191548
1	4.11332639734732	4.13656789464633
1	1.62248861090096	3.74508850124302
1	1.58500968607576	8.10429292391219
1	3.72916392427366	-5.30389799172775
1	4.53706584903083	2.86380873846853
1	2.77530757569954	7.14657032804245
1	4.76221545290843	6.48199996534652
1	3.79621176073414	2.87034925968907
1	1.77594721349846	9.31068263125976
1	3.68223938284885	2.20678068873898
1	0.741273807838415	-1.03865276542034
1	5.86604740340207	-3.96203416564903
1	6.96079979701172	-3.47870906611089
1	2.26555704706698	0.161376776761382
1	0.911730747366938	3.55897008292673
1	4.13943925488483	5.96611360252965
1	2.72989079223835	1.68182053646548
1	7.80323552100955	10.1781433877974
1	2.92151999453366	-0.219216267795068
1	4.37947872490155	2.55883613357655
1	3.05600431756133	0.432075496183138
1	1.51345358223519	5.77916758380629
1	3.37758459902869	-0.816702133251586
1	-0.609917257782076	2.88589018405559
1	5.93110972312577	7.71736638235221
1	3.3065066764238	-3.73423463709393
1	7.34522334072431	9.54761548549433
1	3.95101905779933	0.544201100565989
1	1.58010713815637	8.94518695643687
1	4.22145270697811	0.671979473758657
1	1.1318047367115	0.455249499869144
1	0.492733199521796	2.8490536726977
1	3.58289247103493	9.83097424065154
1	2.11341625356313	9.36323408241158
1	3.00221070326325	1.3990722875502
1	3.14868264830333	7.90222072899262
1	1.82095810762386	10.9797153322526
1	1.862662534363	2.14906426502653
1	2.72964276975234	6.81415135242248
1	5.35617399314641	1.56704964740102
1	-0.047133600859524	0.313834122242787
1	4.18789237525684	7.5625068108712
1	3.66590074242704	-1.74558068399337
1	5.12619967455273	6.79075573169479
1	2.3916321527314	-3.10554666989802
1	3.74003761983258	-1.02704715020077
1	3.53419758154446	-2.74268139765561
1	1.9149599380167	-1.12541927728327
1	5.41573561196634	-4.15922287745864
1	5.3208052313899	5.63507544118299
1	4.40042729903	9.56353008859208
1	6.17366690908169	7.92898304689322
1	4.11697285113061	8.23781407203085
1	0.446815583083927	2.49518205251414
1	1.85346917152623	1.73645224109836
1	0.550774770203288	8.46550530173387
1	2.05319872712138	5.00789918585865
1	1.75926664555175	5.84386578479712
1	3.08423174628847	0.781343504322875
1	1.17815670289511	-0.611140509757121
1	3.31605754480815	11.5180928186705
1	1.69083071216236	5.48741070691162
1	6.53457453874529	-1.56902290350716
1	4.43341495203441	-2.97659510865682
1	4.82034845899046	2.87871741785805
1	3.76837071565269	10.3661628723733
1	6.36435216103884	4.90426813782134
1	1.72852709210205	11.2408394386639
1	2.07671053927887	7.13781912093041
1	5.86456447708333	0.840604871517554
1	1.69860729337927	2.0955759451485
1	2.58523851279607	-2.66029161909054
1	2.21438414111603	-5.30389799172775
1	2.36001426290299	6.86538303054324
1	2.44177339404688	-3.41628393699844
1	3.98837666253565	2.34424147733322
1	2.64533903546079	5.59835292820528
1	1.98808507577149	11.5038981713134
1	5.68607765034082	3.17212540269585
1	2.57084118290626	2.98334185689642
1	2.64088693991323	-2.23667614798623
1	2.79961851757288	7.52445808259749
1	4.42533261410281	2.47202974456266
1	2.85287119174735	3.43364420338234
1	2.9247316570659	-1.66410297065263
1	1.63667904248869	-1.30962292779948
1	2.35145945550736	4.85307703267869
1	3.12032088086903	4.50318444538815
1	1.82221102748067	-3.85482675755138
1	4.06299238526514	-5.30389799172775
1	-0.0367881635735743	5.64359170889961
1	3.61311572157953	10.4424000650876
1	-0.0728996470751722	4.89304351533649
1	2.39804774632678	4.26860890502815
1	1.94344019110999	3.68310358444767
1	1.695810438638	11.3906790159097
1	2.88620644430522	3.37441102109683
1	-0.828718851360024	6.31505260951469
1	5.35316662403713	4.95094752701513
1	-0.329944872424007	-1.1381917790155
1	2.07293919705523	-0.814198027210001
1	0.768159789914309	7.09613233070922
1	1.4983619976131	2.44978922428645
1	7.17433309125669	-2.20839512476017
1	3.0347912393865	7.38808134190147
1	0.427398939131349	-3.38600543245037
1	-0.281211068837157	9.36668398956737
1	3.90037420254531	5.17095476474165
1	2.96288033457072	4.20579537144898
1	2.36386325091231	0.37134142643847
1	1.1412757050926	2.45920172911405
1	0.0250793797170306	3.25351138803471
1	0.849615406768638	-2.11202946220652
1	5.00005760742783	3.74359460332861
1	1.75746661040635	-3.88485727789933
1	0.231146305231017	-0.485288991429611
1	6.73858124484716	-1.577562379796
1	3.8502007547449	-0.367181497762377
1	2.52270579817393	9.87959311123707
1	5.11696609741804	2.34341836071129
1	4.77284530274987	7.94695152067704
1	1.76151390353771	9.63656201212569
1	7.41220492908094	1.78749486923406
1	2.48994593971797	-4.0773884666967
1	0.151010699574383	0.484002770825703
1	2.71120079609156	7.00238444030032
1	3.41507667846469	0.519728456667095
1	7.61595679811872	5.43571303959566
1	3.21160473578742	8.96490140911536
1	3.91399761084683	9.22542802281632
1	2.84569412928694	1.42206968013894
1	2.33199831526691	1.2396436647441
1	2.93054794337745	9.88549169671918
1	4.57527921126032	5.66911649819413
1	7.15049001730457	7.29372996215937
1	5.05478487752754	5.01411397396667
1	5.41581679677341	10.0137004585567
1	0.537353156883912	-0.217087638689745
1	4.96779114010676	-1.93752222181793
1	3.4398496073213	9.73447762186251
1	0.0654999418155149	3.30217636303337
1	4.04204548529628	9.57676586657541
1	2.68249079056797	-1.97221779027523
1	5.9291746239396	7.57956347352488
1	1.46783600079067	7.01536192176863
1	2.13957649214291	10.6960850364095
1	1.14778100524513	4.04607638935047
1	2.64579207712692	6.80120971778039
1	3.80402355897268	1.38086487531936
1	1.53650365376079	-3.45508662136524
1	4.66074633596335	10.4203534108586
1	0.58383442739107	-0.393339423318131
1	0.904031174384517	4.7667978304679
1	5.88231541368856	-3.29579532278579
1	0.968305069390702	8.96309615591033
1	3.82394942463503	0.189784456167335
1	2.23784789778216	7.99507812091005
1	1.74709237851534	8.92272746987464
1	3.36728664844416	6.12737572171646
1	1.32874277517991	0.864436992214868
1	6.19056160427558	-5.30389799172775
1	3.65901554363072	10.5962046672622
1	1.35906323176397	-5.30389799172775
1	3.97485810485697	-5.30389799172775
1	4.47664941025843	-1.44138365599426
1	4.15156270330698	-0.610665412378245
1	2.38922322568729	14.2641379964094
1	6.0235623369017	10.4836555615438
1	3.77968647282286	11.2549633398081
1	1.75751883891639	-2.12898003933034
1	-1.429399774355	5.8132760873424
1	5.24986183628622	-4.30040554453595
1	2.91013278196954	2.83490773515191
1	2.96761947380211	-2.93116966034605
1	4.8876724213706	-5.30389799172775
1	4.64244239019618	5.91994936747897
1	4.18780264243502	-5.30389799172775
1	4.83795474321644	-5.30389799172775
1	4.56427260146213	10.3219377783063
1	3.14912996673038	-1.20216022050098
1	-0.978703391726746	12.5921790561801
1	4.23965149578942	8.87784028523351
1	2.887742520942	5.76056595338276
1	2.68840898658934	15.7130630218298
1	0.0584952322014511	5.85826173920785
1	2.04369988978276	-5.30389799172775
1	3.83588312039941	6.96048394739463
1	5.71735910305809	3.24442662120564
1	2.79442454531401	0.164061229716557
1	3.77534322311874	2.94392490150371
1	2.89238991883419	11.0016649211297
1	0.245880886342787	-5.30389799172775
1	2.17001087340064	-1.64245623707434
1	2.2114200925793	-5.30389799172775
1	2.88137320657763	13.0539353236338
1	5.20005074396777	-3.0909076785419
1	4.52635149691509	5.10088545546731
1	2.67095280749283	-5.30389799172775
1	2.49327663972699	-1.08119667229811
1	4.39392675080947	-5.30389799172775
1	4.11332639734732	1.38402154657841
1	1.62248861090096	1.99536442912718
1	1.58500968607576	-5.30389799172775
1	3.72916392427366	15.7130630218298
1	4.53706584903083	3.37159040573025
1	2.77530757569954	-3.31646485224317
1	4.76221545290843	-2.27865706968014
1	3.79621176073414	3.36137658307774
1	1.77594721349846	-5.30389799172775
1	3.68223938284885	4.39761994548499
1	0.741273807838415	9.46576063543932
1	5.86604740340207	14.0309777123036
1	6.96079979701172	13.2762065428914
1	2.26555704706698	7.59176795070751
1	0.911730747366938	2.28601106919613
1	4.13943925488483	-1.47303751108655
1	2.72989079223835	5.21740933445926
1	7.80323552100955	-5.30389799172775
1	2.92151999453366	8.18611047002742
1	4.37947872490155	3.84784237330443
1	3.05600431756133	7.16903884102213
1	1.51345358223519	-1.18109847191057
1	3.37758459902869	9.11915761740057
1	-0.609917257782076	3.33710753173099
1	5.93110972312577	-4.20783259999507
1	3.3065066764238	13.6752409282562
1	7.34522334072431	-5.30389799172775
1	3.95101905779933	6.99394101634476
1	1.58010713815637	-5.30389799172775
1	4.22145270697811	6.79439948156334
1	1.1318047367115	7.13284980412178
1	0.492733199521796	3.3946322429062
1	3.58289247103493	-5.30389799172775
1	2.11341625356313	-5.30389799172775
1	3.00221070326325	5.65895525600769
1	3.14868264830333	-5.30389799172775
1	1.82095810762386	-5.30389799172775
1	1.862662534363	4.48775118977867
1	2.72964276975234	-2.79735202486618
1	5.35617399314641	5.39663809422458
1	-0.047133600859524	7.35368718675702
1	4.18789237525684	-3.96600046677234
1	3.66590074242704	10.5697149144565
1	5.12619967455273	-2.76081690589008
1	2.3916321527314	12.6934678884341
1	3.74003761983258	9.44763704992847
1	3.53419758154446	12.1268094506016
1	1.9149599380167	9.60125714014638
1	5.41573561196634	14.3389119676312
1	5.3208052313899	-0.956080993830429
1	4.40042729903	-5.30389799172775
1	6.17366690908169	-5.30389799172775
1	4.11697285113061	-5.30389799172775
1	0.446815583083927	3.94724599469145
1	1.85346917152623	5.13209525573225
1	0.550774770203288	-5.30389799172775
1	2.05319872712138	0.0233313232851122
1	1.75926664555175	-1.28213261407985
1	3.08423174628847	6.62361419166328
1	1.17815670289511	8.79814803792817
1	3.31605754480815	-5.30389799172775
1	1.69083071216236	-0.725484477586071
1	6.53457453874529	10.2939983779602
1	4.43341495203441	12.4920942772383
1	4.82034845899046	3.34830868212855
1	3.76837071565269	-5.30389799172775
1	6.36435216103884	0.185163860824101
1	1.72852709210205	-5.30389799172775
1	2.07671053927887	-3.3027987735892
1	5.86456447708333	6.53107032944459
1	1.69860729337927	4.57127973357417
1	2.58523851279607	11.9981477494514
1	2.21438414111603	15.7130630218298
1	2.36001426290299	-2.87735654696344
1	2.44177339404688	13.178722080061
1	3.98837666253565	4.1829581365809
1	2.64533903546079	-0.898734305048022
1	1.98808507577149	-5.30389799172775
1	5.68607765034082	2.8901162811079
1	2.57084118290626	3.18492484322269
1	2.64088693991323	11.3366204569271
1	2.79961851757288	-3.90658273084006
1	4.42533261410281	3.98340115105274
1	2.85287119174735	2.48172273563292
1	2.9247316570659	10.4424775145408
1	1.63667904248869	9.88891363645287
1	2.35145945550736	0.265105023261019
1	3.12032088086903	0.811505029241105
1	1.82221102748067	13.8635602517644
1	4.06299238526514	15.7130630218298
1	-0.0367881635735743	-0.969380185926274
1	3.61311572157953	-5.30389799172775
1	-0.0728996470751722	0.202692479650635
1	2.39804774632678	1.17782338324798
1	1.94344019110999	2.09216144666311
1	1.695810438638	-5.30389799172775
1	2.88620644430522	2.57422258367385
1	-0.828718851360024	-2.01794838496279
1	5.35316662403713	0.112268293838408
1	-0.329944872424007	9.62120296145375
1	2.07293919705523	9.11524715000058
1	0.768159789914309	-3.23769975962457
1	1.4983619976131	4.01813243960624
1	7.17433309125669	11.2924561853159
1	3.0347912393865	-3.6936137951193
1	0.427398939131349	13.1314384974214
1	-0.281211068837157	-5.30389799172775
1	3.90037420254531	-0.231299876440117
1	2.96288033457072	1.27591438708737
1	2.36386325091231	7.26388250812767
1	1.1412757050926	4.0034336638079
1	0.0250793797170306	2.76302212566951
1	0.849615406768638	11.141969434501
1	5.00005760742783	1.99769733316407
1	1.75746661040635	13.9104565767902
1	0.231146305231017	8.60161552233745
1	6.73858124484716	10.3073338130759
1	3.8502007547449	8.41717624699927
1	2.52270579817393	-5.30389799172775
1	5.11696609741804	4.18424353370986
1	4.77284530274987	-5.30389799172775
1	1.76151390353771	-5.30389799172775
1	7.41220492908094	5.05238595827454
1	2.48994593971797	14.2111175411304
1	0.151010699574383	7.08794806000576
1	2.71120079609156	-3.09130097971128
1	3.41507667846469	7.03215803853506
1	7.61595679811872	-0.644752256451198
1	3.21160473578742	-5.30389799172775
1	3.91399761084683	-5.30389799172775
1	2.84569412928694	5.6230420189045
1	2.33199831526691	5.90792252087379
1	2.93054794337745	-5.30389799172775
1	4.57527921126032	-1.00924026164598
1	7.15049001730457	-3.54627259291058
1	5.05478487752754	0.013626172668233
1	5.41581679677341	-5.30389799172775
1	0.537353156883912	8.18278635571884
1	4.96779114010676	10.869455066791
1	3.4398496073213	-5.30389799172775
1	0.0654999418155149	2.68702582395818
1	4.04204548529628	-5.30389799172775
1	2.68249079056797	10.9236364341625
1	5.9291746239396	-3.9926365285653
1	1.46783600079067	-3.11156690190986
1	2.13957649214291	-5.30389799172775
1	1.14778100524513	1.52533508344894
1	2.64579207712692	-2.77714208186457
1	3.80402355897268	5.68738835380164
1	1.53650365376079	13.2393172105101
1	4.66074633596335	-5.30389799172775
1	0.58383442739107	8.45802504231319
1	0.904031174384517	0.399840534433164
1	5.88231541368856	12.9905643941948
1	0.968305069390702	-5.30389799172775
1	3.82394942463503	7.54740589000343
1	2.23784789778216	-5.30389799172775
1	1.74709237851534	-5.30389799172775
1	3.36728664844416	-1.97191937078451
1	1.32874277517991	6.67096918760016
1	6.19056160427558	15.7130630218298
1	3.65901554363072	-5.30389799172775
1	1.35906323176397	15.7130630218298
1	3.97485810485697	15.7130630218298
1	4.47664941025843	10.457627539973
1	4.15156270330698	9.09340774338987
1	2.38922322568729	-5.30389799172775
1	6.0235623369017	-5.30389799172775
1	3.77968647282286	-5.30389799172775
1	1.75751883891639	11.5868101544332
1	-1.429399774355	-1.45609954546394
1	5.24986183628622	15.7130630218298
1	2.91013278196954	3.43502822114033
1	2.96761947380211	12.9041797559957
1	4.8876724213706	15.7130630218298
1	4.64244239019618	-1.63128024198424
1	4.18780264243502	15.7130630218298
1	4.83795474321644	15.7130630218298
1	4.56427260146213	-5.30389799172775
1	3.14912996673038	10.0647706970969
1	-0.978703391726746	-5.30389799172775
1	4.23965149578942	-5.30389799172775
1	2.887742520942	-1.36953805631778
1	2.68840898658934	-5.30389799172775
1	0.0584952322014511	-1.52997575717432
1	2.04369988978276	15.7130630218298
1	3.83588312039941	-3.34006403704247
1	5.71735910305809	2.76250925851667
1	2.79442454531401	7.82113831845756
1	3.77534322311874	3.25599835433837
1	2.89238991883419	-5.30389799172775
1	0.245880886342787	15.7130630218298
1	2.17001087340064	10.7878323931438
1	2.2114200925793	15.7130630218298
1	2.88137320657763	-5.30389799172775
1	5.20005074396777	13.1665042786174
1	4.52635149691509	-0.286199389336399
1	2.67095280749283	15.7130630218298
1	2.49327663972699	9.86612227641823
1	4.39392675080947	15.7130630218298
1	4.11332639734732	5.81769849021407
1	1.62248861090096	4.81374068709311
1	1.58500968607576	15.7130630218298
1	3.72916392427366	-5.30389799172775
1	4.53706584903083	2.55367870304244
1	2.77530757569954	13.5369181511781
1	4.76221545290843	11.8326123496614
1	3.79621176073414	2.57045201838543
1	1.77594721349846	15.7130630218298
1	3.68223938284885	0.868715334572694
1	0.741273807838415	-5.30389799172775
1	5.86604740340207	-5.30389799172775
1	6.96079979701172	-5.30389799172775
1	2.26555704706698	-5.30389799172775
1	0.911730747366938	4.33643577265365
1	4.13943925488483	10.5096100455782
1	2.72989079223835	-0.477556908828841
1	7.80323552100955	15.7130630218298
1	2.92151999453366	-5.30389799172775
1	4.37947872490155	1.77156952544902
1	3.05600431756133	-3.68255647265153
1	1.51345358223519	10.0301827310826
1	3.37758459902869	-5.30389799172775
1	-0.609917257782076	2.61030707218492
1	5.93110972312577	15.7130630218298
1	3.3065066764238	-5.30389799172775
1	7.34522334072431	15.7130630218298
1	3.95101905779933	-3.39500781147884
1	1.58010713815637	15.7130630218298
1	4.22145270697811	-3.06731726888949
1	1.1318047367115	-3.6231262134293
1	0.492733199521796	2.51583900147497
1	3.58289247103493	15.7130630218298
1	2.11341625356313	15.7130630218298
1	3.00221070326325	-1.20267122033703
1	3.14868264830333	15.7130630218298
1	1.82095810762386	15.7130630218298
1	1.862662534363	0.72070025400712
1	2.72964276975234	12.6844221319679
1	5.35617399314641	-0.771889462697621
1	-0.047133600859524	-3.98578916387229
1	4.18789237525684	14.603596716066
1	3.66590074242704	-5.30389799172775
1	5.12619967455273	12.6244235308047
1	2.3916321527314	-5.30389799172775
1	3.74003761983258	-5.30389799172775
1	3.53419758154446	-5.30389799172775
1	1.9149599380167	-5.30389799172775
1	5.41573561196634	-5.30389799172775
1	5.3208052313899	9.66065515595923
1	4.40042729903	15.7130630218298
1	6.17366690908169	15.7130630218298
1	4.11697285113061	15.7130630218298
1	0.446815583083927	1.6083271876403
1	1.85346917152623	-0.337452660461755
1	0.550774770203288	15.7130630218298
1	2.05319872712138	8.05224739280433
1	1.75926664555175	10.1961027381817
1	3.08423174628847	-2.78685072654816
1	1.17815670289511	-5.30389799172775
1	3.31605754480815	15.7130630218298
1	1.69083071216236	9.28196558834565
1	6.53457453874529	-5.30389799172775
1	4.43341495203441	-5.30389799172775
1	4.82034845899046	2.5919123502268
1	3.76837071565269	15.7130630218298
1	6.36435216103884	7.78648321446997
1	1.72852709210205	15.7130630218298
1	2.07671053927887	13.5144754816152
1	5.86456447708333	-2.63487360330423
1	1.69860729337927	0.583528241834169
1	2.58523851279607	-5.30389799172775
1	2.21438414111603	-5.30389799172775
1	2.36001426290299	12.8158069350585
1	2.44177339404688	-5.30389799172775
1	3.98837666253565	1.22123665155086
1	2.64533903546079	9.56647943668658
1	1.98808507577149	15.7130630218298
1	5.68607765034082	3.3443637968153
1	2.57084118290626	2.86022410236421
1	2.64088693991323	-5.30389799172775
1	2.79961851757288	14.5060198875205
1	4.42533261410281	1.54895256762241
1	2.85287119174735	4.01503470577307
1	2.9247316570659	-5.30389799172775
1	1.63667904248869	-5.30389799172775
1	2.35145945550736	7.65520246170402
1	3.12032088086903	6.75789496817107
1	1.82221102748067	-5.30389799172775
1	4.06299238526514	-5.30389799172775
1	-0.0367881635735743	9.68249531810222
1	3.61311572157953	15.7130630218298
1	-0.0728996470751722	7.7576974149601
1	2.39804774632678	6.15632066276923
1	1.94344019110999	4.65477895898911
1	1.695810438638	15.7130630218298
1	2.88620644430522	3.86312986336937
1	-0.828718851360024	11.4044720607418
1	5.35316662403713	7.90619356912904
1	-0.329944872424007	-5.30389799172775
1	2.07293919705523	-5.30389799172775
1	0.768159789914309	13.4075687605083
1	1.4983619976131	1.49191624782368
1	7.17433309125669	-5.30389799172775
1	3.0347912393865	14.1562786360188
1	0.427398939131349	-5.30389799172775
1	-0.281211068837157	15.7130630218298
1	3.90037420254531	8.47040713127451
1	2.96288033457072	5.99523392808778
1	2.36386325091231	-3.83831037506099
1	1.1412757050926	1.51605483041017
1	0.0250793797170306	3.55308000620581
1	0.849615406768638	-5.30389799172775
1	5.00005760742783	4.80990955193373
1	1.75746661040635	-5.30389799172775
1	0.231146305231017	-5.30389799172775
1	6.73858124484716	-5.30389799172775
1	3.8502007547449	-5.30389799172775
1	2.52270579817393	15.7130630218298
1	5.11696609741804	1.21912575026361
1	4.77284530274987	15.7130630218298
1	1.76151390353771	15.7130630218298
1	7.41220492908094	-0.206552680355134
1	2.48994593971797	-5.30389799172775
1	0.151010699574383	-3.54938779646913
1	2.71120079609156	13.1671501645666
1	3.41507667846469	-3.45776846304648
1	7.61595679811872	9.14938574537156
1	3.21160473578742	15.7130630218298
1	3.91399761084683	15.7130630218298
1	2.84569412928694	-1.14369388428829
1	2.33199831526691	-1.61152954750348
1	2.93054794337745	15.7130630218298
1	4.57527921126032	9.74795422045331
1	7.15049001730457	13.9143123779642
1	5.05478487752754	8.068185358176
1	5.41581679677341	15.7130630218298
1	0.537353156883912	-5.30389799172775
1	4.96779114010676	-5.30389799172775
1	3.4398496073213	15.7130630218298
1	0.0654999418155149	3.67788244079592
1	4.04204548529628	15.7130630218298
1	2.68249079056797	-5.30389799172775
1	5.9291746239396	14.6473389151572
1	1.46783600079067	13.2004312107839
1	2.13957649214291	15.7130630218298
1	1.14778100524513	5.58563096791578
1	2.64579207712692	12.6512330157513
1	3.80402355897268	-1.24936454287663
1	1.53650365376079	-5.30389799172775
1	4.66074633596335	15.7130630218298
1	0.58383442739107	-5.30389799172775
1	0.904031174384517	7.43393748641747
1	5.88231541368856	-5.30389799172775
1	0.968305069390702	15.7130630218298
1	3.82394942463503	-4.30391735230212
1	2.23784789778216	15.7130630218298
1	1.74709237851534	15.7130630218298
1	3.36728664844416	11.07405819682
1	1.32874277517991	-2.68192978711427
1	6.19056160427558	-5.30389799172775
1	3.65901554363072	15.7130630218298
1	1.35906323176397	-5.30389799172775
1	3.97485810485697	-5.30389799172775
1	4.47664941025843	-5.30389799172775
1	4.15156270330698	-5.30389799172775
1	2.38922322568729	15.7130630218298
1	6.0235623369017	15.7130630218298
1	3.77968647282286	15.7130630218298
1	1.75751883891639	-5.30389799172775
1	-1.429399774355	10.25308135892
1	5.24986183628622	-5.30389799172775
1	2.91013278196954	2.46838133290571
1	2.96761947380211	-5.30389799172775
1	4.8876724213706	-5.30389799172775
1	4.64244239019618	10.5318982776008
1	4.18780264243502	-5.30389799172775
1	4.83795474321644	-5.30389799172775
1	4.56427260146213	15.7130630218298
1	3.14912996673038	-5.30389799172775
1	-0.978703391726746	15.7130630218298
1	4.23965149578942	15.7130630218298
1	2.887742520942	10.115310427764
1	2.68840898658934	15.7130630218298
1	0.0584952322014511	10.3706624515977
1	2.04369988978276	-5.30389799172775
1	3.83588312039941	13.2515919532943
1	5.71735910305809	3.53875991135494
1	2.79442454531401	-5.30389799172775
1	3.77534322311874	2.75332457611159
1	2.89238991883419	15.7130630218298
1	0.245880886342787	-5.30389799172775
1	2.17001087340064	-5.30389799172775
1	2.2114200925793	-5.30389799172775
1	2.88137320657763	15.7130630218298
1	5.20005074396777	-5.30389799172775
1	4.52635149691509	8.39107279761775
1	2.67095280749283	-5.30389799172775
1	2.49327663972699	-5.30389799172775
1	4.39392675080947	-5.30389799172775
1	4.11332639734732	-1.32386744707642
1	1.62248861090096	0.274027907331578
1	1.58500968607576	-5.30389799172775
1	3.72916392427366	15.7130630218298
1	4.53706584903083	3.87113381533118
1	2.77530757569954	-5.30389799172775
1	4.76221545290843	-5.30389799172775
1	3.79621176073414	3.84443747153937
1	1.77594721349846	-5.30389799172775
1	3.68223938284885	6.55291499224493
1	0.741273807838415	15.7130630218298
1	5.86604740340207	15.7130630218298
1	6.96079979701172	15.7130630218298
1	2.26555704706698	15.7130630218298
1	0.911730747366938	1.03370456211528
1	4.13943925488483	-5.30389799172775
1	2.72989079223835	8.69563668514119
1	7.80323552100955	-5.30389799172775
1	2.92151999453366	15.7130630218298
1	4.37947872490155	5.11593575584243
1	3.05600431756133	13.7967015884586
1	1.51345358223519	-5.30389799172775
1	3.37758459902869	15.7130630218298
1	-0.609917257782076	3.78100432214016
1	5.93110972312577	-5.30389799172775
1	3.3065066764238	15.7130630218298
1	7.34522334072431	-5.30389799172775
1	3.95101905779933	13.33904025207
1	1.58010713815637	-5.30389799172775
1	4.22145270697811	12.8174892525566
1	1.1318047367115	13.7021126178592
1	0.492733199521796	3.93135933791677
1	3.58289247103493	-5.30389799172775
1	2.11341625356313	-5.30389799172775
1	3.00221070326325	9.84972581734557
1	3.14868264830333	-5.30389799172775
1	1.82095810762386	-5.30389799172775
1	1.862662534363	6.78849522169563
1	2.72964276975234	-5.30389799172775
1	5.35617399314641	9.16409523889307
1	-0.047133600859524	14.2793255663788
1	4.18789237525684	-5.30389799172775
1	3.66590074242704	15.7130630218298
1	5.12619967455273	-5.30389799172775
1	2.3916321527314	15.7130630218298
1	3.74003761983258	15.7130630218298
1	3.53419758154446	15.7130630218298
1	1.9149599380167	15.7130630218298
1	5.41573561196634	15.7130630218298
1	5.3208052313899	-5.30389799172775
1	4.40042729903	-5.30389799172775
1	6.17366690908169	-5.30389799172775
1	4.11697285113061	-5.30389799172775
1	0.446815583083927	5.37575162899605
1	1.85346917152623	8.47264730560486
1	0.550774770203288	-5.30389799172775
1	2.05319872712138	-5.30389799172775
1	1.75926664555175	-5.30389799172775
1	3.08423174628847	12.3710997890942
1	1.17815670289511	15.7130630218298
1	3.31605754480815	-5.30389799172775
1	1.69083071216236	-5.30389799172775
1	6.53457453874529	15.7130630218298
1	4.43341495203441	15.7130630218298
1	4.82034845899046	3.81028129042621
1	3.76837071565269	-5.30389799172775
1	6.36435216103884	-5.30389799172775
1	1.72852709210205	-5.30389799172775
1	2.07671053927887	-5.30389799172775
1	5.86456447708333	12.1292135878487
1	1.69860729337927	7.00681766545231
1	2.58523851279607	15.7130630218298
1	2.21438414111603	15.7130630218298
1	2.36001426290299	-5.30389799172775
1	2.44177339404688	15.7130630218298
1	3.98837666253565	5.99184342830258
1	2.64533903546079	-5.30389799172775
1	1.98808507577149	-5.30389799172775
1	5.68607765034082	2.61268247981515
1	2.57084118290626	3.38323734401666
1	2.64088693991323	15.7130630218298
1	2.79961851757288	-5.30389799172775
1	4.42533261410281	5.47025204445315
1	2.85287119174735	1.54524525642909
1	2.9247316570659	15.7130630218298
1	1.63667904248869	15.7130630218298
1	2.35145945550736	-4.24843165746714
1	3.12032088086903	-2.82028052309217
1	1.82221102748067	15.7130630218298
1	4.06299238526514	15.7130630218298
1	-0.0367881635735743	-5.30389799172775
1	3.61311572157953	-5.30389799172775
1	-0.0728996470751722	-5.30389799172775
1	2.39804774632678	-1.86281718654096
1	1.94344019110999	0.527030778643947
1	1.695810438638	-5.30389799172775
1	2.88620644430522	1.78701641576904
1	-0.828718851360024	-5.30389799172775
1	5.35316662403713	-5.30389799172775
1	-0.329944872424007	15.7130630218298
1	2.07293919705523	15.7130630218298
1	0.768159789914309	-5.30389799172775
1	1.4983619976131	5.56103083033001
1	7.17433309125669	15.7130630218298
1	3.0347912393865	-5.30389799172775
1	0.427398939131349	15.7130630218298
1	-0.281211068837157	-5.30389799172775
1	3.90037420254531	-5.30389799172775
1	2.96288033457072	-1.60643216298313
1	2.36386325091231	14.0445988968089
1	1.1412757050926	5.52261195569499
1	0.0250793797170306	2.28049056862329
1	0.849615406768638	15.7130630218298
1	5.00005760742783	0.280125527225825
1	1.75746661040635	15.7130630218298
1	0.231146305231017	15.7130630218298
1	6.73858124484716	15.7130630218298
1	3.8502007547449	15.7130630218298
1	2.52270579817393	-5.30389799172775
1	5.11696609741804	5.99520313062277
1	4.77284530274987	-5.30389799172775
1	1.76151390353771	-5.30389799172775
1	7.41220492908094	8.26430740381392
1	2.48994593971797	15.7130630218298
1	0.151010699574383	13.5847508387726
1	2.71120079609156	-5.30389799172775
1	3.41507667846469	13.4389298622387
1	7.61595679811872	-5.30389799172775
1	3.21160473578742	-5.30389799172775
1	3.91399761084683	-5.30389799172775
1	2.84569412928694	9.75585771751639
1	2.33199831526691	10.5004631486949
1	2.93054794337745	-5.30389799172775
1	4.57527921126032	-5.30389799172775
1	7.15049001730457	-5.30389799172775
1	5.05478487752754	-5.30389799172775
1	5.41581679677341	-5.30389799172775
1	0.537353156883912	15.7130630218298
1	4.96779114010676	15.7130630218298
1	3.4398496073213	-5.30389799172775
1	0.0654999418155149	2.0818554966806
1	4.04204548529628	-5.30389799172775
1	2.68249079056797	15.7130630218298
1	5.9291746239396	-5.30389799172775
1	1.46783600079067	-5.30389799172775
1	2.13957649214291	-5.30389799172775
1	1.14778100524513	-0.954509676623658
1	2.64579207712692	-5.30389799172775
1	3.80402355897268	9.92404272880934
1	1.53650365376079	15.7130630218298
1	4.66074633596335	-5.30389799172775
1	0.58383442739107	15.7130630218298
1	0.904031174384517	-3.89626717903538
1	5.88231541368856	15.7130630218298
1	0.968305069390702	-5.30389799172775
1	3.82394942463503	15.7130630218298
1	2.23784789778216	-5.30389799172775
1	1.74709237851534	-5.30389799172775
1	3.36728664844416	-5.30389799172775
1	1.32874277517991	12.3832961149725
1	6.19056160427558	15.7130630218298
1	3.65901554363072	-5.30389799172775
1	1.35906323176397	15.7130630218298
1	3.97485810485697	15.7130630218298
1	4.47664941025843	15.7130630218298
1	4.15156270330698	15.7130630218298
1	2.38922322568729	-5.30389799172775
1	6.0235623369017	-5.30389799172775
1	3.77968647282286	-5.30389799172775
1	1.75751883891639	15.7130630218298
1	-1.429399774355	-5.30389799172775
1	5.24986183628622	15.7130630218298
1	2.91013278196954	4.02541234309562
1	2.96761947380211	15.7130630218298
1	4.8876724213706	15.7130630218298
1	4.64244239019618	-5.30389799172775
1	4.18780264243502	15.7130630218298
1	4.83795474321644	15.7130630218298
1	4.56427260146213	-5.30389799172775
1	3.14912996673038	15.7130630218298
1	-0.978703391726746	-5.30389799172775
1	4.23965149578942	-5.30389799172775
1	2.887742520942	-5.30389799172775
1	2.68840898658934	-5.30389799172775
1	0.0584952322014511	-5.30389799172775
1	2.04369988978276	15.7130630218298
1	3.83588312039941	-5.30389799172775
1	5.71735910305809	2.28841053056225
1	2.79442454531401	15.7130630218298
1	3.77534322311874	3.5630087226543
1	2.89238991883419	-5.30389799172775
1	0.245880886342787	15.7130630218298
1	2.17001087340064	15.7130630218298
1	2.2114200925793	15.7130630218298
1	2.88137320657763	-5.30389799172775
1	5.20005074396777	15.7130630218298
1	4.52635149691509	-5.30389799172775
1	2.67095280749283	15.7130630218298
1	2.49327663972699	15.7130630218298
1	4.39392675080947	15.7130630218298
1	4.11332639734732	10.1794433906432
1	1.62248861090096	7.58639156512316
1	1.58500968607576	15.7130630218298
1	3.72916392427366	-5.30389799172775
1	4.53706584903083	1.74903681245032
1	2.77530757569954	15.7130630218298
1	4.76221545290843	15.7130630218298
1	3.79621176073414	1.7923594260452
1	1.77594721349846	15.7130630218298
1	3.68223938284885	-2.60293627343296
1	0.741273807838415	-5.30389799172775
1	5.86604740340207	-5.30389799172775
1	6.96079979701172	-5.30389799172775
1	2.26555704706698	-5.30389799172775
1	0.911730747366938	6.35359435405568
1	4.13943925488483	15.7130630218298
1	2.72989079223835	-5.30389799172775
1	7.80323552100955	15.7130630218298
1	2.92151999453366	-5.30389799172775
1	4.37947872490155	-0.271017839657664
1	3.05600431756133	-5.30389799172775
1	1.51345358223519	15.7130630218298
1	3.37758459902869	-5.30389799172775
1	-0.609917257782076	1.89529823451871
1	5.93110972312577	15.7130630218298
1	3.3065066764238	-5.30389799172775
1	7.34522334072431	15.7130630218298
1	3.95101905779933	-5.30389799172775
1	1.58010713815637	15.7130630218298
1	4.22145270697811	-5.30389799172775
1	1.1318047367115	-5.30389799172775
1	0.492733199521796	1.65130331516425
1	3.58289247103493	15.7130630218298
1	2.11341625356313	15.7130630218298
1	3.00221070326325	-5.30389799172775
1	3.14868264830333	15.7130630218298
1	1.82095810762386	15.7130630218298
1	1.862662534363	-2.9852339892054
1	2.72964276975234	15.7130630218298
1	5.35617399314641	-5.30389799172775
1	-0.047133600859524	-5.30389799172775
1	4.18789237525684	15.7130630218298
1	3.66590074242704	-5.30389799172775
1	5.12619967455273	15.7130630218298
1	2.3916321527314	-5.30389799172775
1	3.74003761983258	-5.30389799172775
1	3.53419758154446	-5.30389799172775
1	1.9149599380167	-5.30389799172775
1	5.41573561196634	-5.30389799172775
1	5.3208052313899	15.7130630218298
1	4.40042729903	15.7130630218298
1	6.17366690908169	15.7130630218298
1	4.11697285113061	15.7130630218298
1	0.446815583083927	-0.69264496456391
1	1.85346917152623	-5.30389799172775
1	0.550774770203288	15.7130630218298
1	2.05319872712138	15.7130630218298
1	1.75926664555175	15.7130630218298
1	3.08423174628847	-5.30389799172775
1	1.17815670289511	-5.30389799172775
1	3.31605754480815	15.7130630218298
1	1.69083071216236	15.7130630218298
1	6.53457453874529	-5.30389799172775
1	4.43341495203441	-5.30389799172775
1	4.82034845899046	1.84778780409507
1	3.76837071565269	15.7130630218298
1	6.36435216103884	15.7130630218298
1	1.72852709210205	15.7130630218298
1	2.07671053927887	15.7130630218298
1	5.86456447708333	-5.30389799172775
1	1.69860729337927	-3.33952590811833
1	2.58523851279607	-5.30389799172775
1	2.21438414111603	-5.30389799172775
1	2.36001426290299	15.7130630218298
1	2.44177339404688	-5.30389799172775
1	3.98837666253565	-1.69243381836629
1	2.64533903546079	15.7130630218298
1	1.98808507577149	15.7130630218298
1	5.68607765034082	3.79124159381224
1	2.57084118290626	2.54079131133967
1	2.64088693991323	-5.30389799172775
1	2.79961851757288	15.7130630218298
1	4.42533261410281	-0.84599948439366
1	2.85287119174735	5.52347019882923
1	2.9247316570659	-5.30389799172775
1	1.63667904248869	-5.30389799172775
1	2.35145945550736	15.7130630218298
1	3.12032088086903	12.6078105848969
1	1.82221102748067	-5.30389799172775
1	4.06299238526514	-5.30389799172775
1	-0.0367881635735743	15.7130630218298
1	3.61311572157953	15.7130630218298
1	-0.0728996470751722	15.7130630218298
1	2.39804774632678	11.0540467255405
1	1.94344019110999	7.17582052521835
1	1.695810438638	15.7130630218298
1	2.88620644430522	5.1311258914532
1	-0.828718851360024	15.7130630218298
1	5.35316662403713	15.7130630218298
1	-0.329944872424007	-5.30389799172775
1	2.07293919705523	-5.30389799172775
1	0.768159789914309	15.7130630218298
1	1.4983619976131	-0.993314573449482
1	7.17433309125669	-5.30389799172775
1	3.0347912393865	15.7130630218298
1	0.427398939131349	-5.30389799172775
1	-0.281211068837157	15.7130630218298
1	3.90037420254531	15.7130630218298
1	2.96288033457072	10.6379871559707
1	2.36386325091231	-5.30389799172775
1	1.1412757050926	-0.930968730380383
1	0.0250793797170306	4.33031997548648
1	0.849615406768638	-5.30389799172775
1	5.00005760742783	7.5764963962346
1	1.75746661040635	-5.30389799172775
1	0.231146305231017	-5.30389799172775
1	6.73858124484716	-5.30389799172775
1	3.8502007547449	-5.30389799172775
1	2.52270579817393	15.7130630218298
1	5.11696609741804	-1.6978859164718
1	4.77284530274987	15.7130630218298
1	1.76151390353771	15.7130630218298
1	7.41220492908094	-5.30389799172775
1	2.48994593971797	-5.30389799172775
1	0.151010699574383	-5.30389799172775
1	2.71120079609156	15.7130630218298
1	3.41507667846469	-5.30389799172775
1	7.61595679811872	15.7130630218298
1	3.21160473578742	15.7130630218298
1	3.91399761084683	15.7130630218298
1	2.84569412928694	-5.30389799172775
1	2.33199831526691	-5.30389799172775
1	2.93054794337745	15.7130630218298
1	4.57527921126032	15.7130630218298
1	7.15049001730457	15.7130630218298
1	5.05478487752754	15.7130630218298
1	5.41581679677341	15.7130630218298
1	0.537353156883912	-5.30389799172775
1	4.96779114010676	-5.30389799172775
1	3.4398496073213	15.7130630218298
1	0.0654999418155149	4.65266338457921
1	4.04204548529628	15.7130630218298
1	2.68249079056797	-5.30389799172775
1	5.9291746239396	15.7130630218298
1	1.46783600079067	15.7130630218298
1	2.13957649214291	15.7130630218298
1	1.14778100524513	9.58005254924648
1	2.64579207712692	15.7130630218298
1	3.80402355897268	-5.30389799172775
1	1.53650365376079	-5.30389799172775
1	4.66074633596335	15.7130630218298
1	0.58383442739107	-5.30389799172775
1	0.904031174384517	14.3539131408196
1	5.88231541368856	-5.30389799172775
1	0.968305069390702	15.7130630218298
1	3.82394942463503	-5.30389799172775
1	2.23784789778216	15.7130630218298
1	1.74709237851534	15.7130630218298
1	3.36728664844416	15.7130630218298
1	1.32874277517991	-5.30389799172775
1	6.19056160427558	-5.30389799172775
1	3.65901554363072	15.7130630218298
1	1.35906323176397	-5.30389799172775
1	3.97485810485697	-5.30389799172775
1	4.47664941025843	-5.30389799172775
1	4.15156270330698	-5.30389799172775
1	2.38922322568729	15.7130630218298
1	6.0235623369017	15.7130630218298
1	3.77968647282286	15.7130630218298
1	1.75751883891639	-5.30389799172775
1	-1.429399774355	15.7130630218298
1	5.24986183628622	-5.30389799172775
1	2.91013278196954	1.51741733871447
1	2.96761947380211	-5.30389799172775
1	4.8876724213706	-5.30389799172775
1	4.64244239019618	15.7130630218298
1	4.18780264243502	-5.30389799172775
1	4.83795474321644	-5.30389799172775
1	4.56427260146213	15.7130630218298
1	3.14912996673038	-5.30389799172775
1	-0.978703391726746	15.7130630218298
1	4.23965149578942	15.7130630218298
1	2.887742520942	15.7130630218298
1	2.68840898658934	15.7130630218298
1	0.0584952322014511	15.7130630218298
1	2.04369988978276	-5.30389799172775
1	3.83588312039941	15.7130630218298
1	5.71735910305809	4.30241666161333
1	2.79442454531401	-5.30389799172775
1	3.77534322311874	2.25880618502594
1	2.89238991883419	15.7130630218298
1	0.245880886342787	-5.30389799172775
1	2.17001087340064	-5.30389799172775
1	2.2114200925793	-5.30389799172775
1	2.88137320657763	15.7130630218298
1	5.20005074396777	-5.30389799172775
1	4.52635149691509	15.7130630218298
1	2.67095280749283	-5.30389799172775
1	2.49327663972699	-5.30389799172775
1	4.39392675080947	-5.30389799172775
1	4.11332639734732	-5.30389799172775
1	1.62248861090096	-4.19203250218089
1	1.58500968607576	-5.30389799172775
1	3.72916392427366	15.7130630218298
1	4.53706584903083	5.16721451553169
1	2.77530757569954	-5.30389799172775
1	4.76221545290843	-5.30389799172775
1	3.79621176073414	5.09775376502621
1	1.77594721349846	-5.30389799172775
1	3.68223938284885	12.1448941068857
1	0.741273807838415	15.7130630218298
1	5.86604740340207	15.7130630218298
1	6.96079979701172	15.7130630218298
1	2.26555704706698	15.7130630218298
1	0.911730747366938	-2.21544308625673
1	4.13943925488483	-5.30389799172775
1	2.72989079223835	15.7130630218298
1	7.80323552100955	-5.30389799172775
1	2.92151999453366	15.7130630218298
1	4.37947872490155	8.40604293686435
1	3.05600431756133	15.7130630218298
1	1.51345358223519	-5.30389799172775
1	3.37758459902869	15.7130630218298
1	-0.609917257782076	4.93270816183216
1	5.93110972312577	-5.30389799172775
1	3.3065066764238	15.7130630218298
1	7.34522334072431	-5.30389799172775
1	3.95101905779933	15.7130630218298
1	1.58010713815637	-5.30389799172775
1	4.22145270697811	15.7130630218298
1	1.1318047367115	15.7130630218298
1	0.492733199521796	5.32391425055918
1	3.58289247103493	-5.30389799172775
1	2.11341625356313	-5.30389799172775
1	3.00221070326325	15.7130630218298
1	3.14868264830333	-5.30389799172775
1	1.82095810762386	-5.30389799172775
1	1.862662534363	12.7578461901188
1	2.72964276975234	-5.30389799172775
1	5.35617399314641	15.7130630218298
1	-0.047133600859524	15.7130630218298
1	4.18789237525684	-5.30389799172775
1	3.66590074242704	15.7130630218298
1	5.12619967455273	-5.30389799172775
1	2.3916321527314	15.7130630218298
1	3.74003761983258	15.7130630218298
1	3.53419758154446	15.7130630218298
1	1.9149599380167	15.7130630218298
1	5.41573561196634	15.7130630218298
1	5.3208052313899	-5.30389799172775
1	4.40042729903	-5.30389799172775
1	6.17366690908169	-5.30389799172775
1	4.11697285113061	-5.30389799172775
1	0.446815583083927	9.08205331803206
1	1.85346917152623	15.7130630218298
1	0.550774770203288	-5.30389799172775
1	2.05319872712138	-5.30389799172775
1	1.75926664555175	-5.30389799172775
1	3.08423174628847	15.7130630218298
1	1.17815670289511	15.7130630218298
1	3.31605754480815	-5.30389799172775
1	1.69083071216236	-5.30389799172775
1	6.53457453874529	15.7130630218298
1	4.43341495203441	15.7130630218298
1	4.82034845899046	5.00888339412363
1	3.76837071565269	-5.30389799172775
1	6.36435216103884	-5.30389799172775
1	1.72852709210205	-5.30389799172775
1	2.07671053927887	-5.30389799172775
1	5.86456447708333	15.7130630218298
1	1.69860729337927	13.3258955422619
1	2.58523851279607	15.7130630218298
1	2.21438414111603	15.7130630218298
1	2.36001426290299	-5.30389799172775
1	2.44177339404688	15.7130630218298
1	3.98837666253565	10.6850518070322
1	2.64533903546079	-5.30389799172775
1	1.98808507577149	-5.30389799172775
1	5.68607765034082	1.89287197180191
1	2.57084118290626	3.89776521075925
1	2.64088693991323	15.7130630218298
1	2.79961851757288	-5.30389799172775
1	4.42533261410281	9.32793229801219
1	2.85287119174735	-0.884474290745911
1	2.9247316570659	15.7130630218298
1	1.63667904248869	15.7130630218298
1	2.35145945550736	-5.30389799172775
1	3.12032088086903	-5.30389799172775
1	1.82221102748067	15.7130630218298
1	4.06299238526514	15.7130630218298
1	-0.0367881635735743	-5.30389799172775
1	3.61311572157953	-5.30389799172775
1	-0.0728996470751722	-5.30389799172775
1	2.39804774632678	-5.30389799172775
1	1.94344019110999	-3.53374875147536
1	1.695810438638	-5.30389799172775
1	2.88620644430522	-0.25541413519443
1	-0.828718851360024	-5.30389799172775
1	5.35316662403713	-5.30389799172775
1	-0.329944872424007	15.7130630218298
1	2.07293919705523	15.7130630218298
1	0.768159789914309	-5.30389799172775
1	1.4983619976131	9.56412803500735
1	7.17433309125669	15.7130630218298
1	3.0347912393865	-5.30389799172775
1	0.427398939131349	15.7130630218298
1	-0.281211068837157	-5.30389799172775
1	3.90037420254531	-5.30389799172775
1	2.96288033457072	-5.30389799172775
1	2.36386325091231	15.7130630218298
1	1.1412757050926	9.4641666363029
1	0.0250793797170306	1.02854764172966
1	0.849615406768638	15.7130630218298
1	5.00005760742783	-4.17616721150833
1	1.75746661040635	15.7130630218298
1	0.231146305231017	15.7130630218298
1	6.73858124484716	15.7130630218298
1	3.8502007547449	15.7130630218298
1	2.52270579817393	-5.30389799172775
1	5.11696609741804	10.6937933578024
1	4.77284530274987	-5.30389799172775
1	1.76151390353771	-5.30389799172775
1	7.41220492908094	15.7130630218298
1	2.48994593971797	15.7130630218298
1	0.151010699574383	15.7130630218298
1	2.71120079609156	-5.30389799172775
1	3.41507667846469	15.7130630218298
1	7.61595679811872	-5.30389799172775
1	3.21160473578742	-5.30389799172775
1	3.91399761084683	-5.30389799172775
1	2.84569412928694	15.7130630218298
1	2.33199831526691	15.7130630218298
1	2.93054794337745	-5.30389799172775
1	4.57527921126032	-5.30389799172775
1	7.15049001730457	-5.30389799172775
1	5.05478487752754	-5.30389799172775
1	5.41581679677341	-5.30389799172775
1	0.537353156883912	15.7130630218298
1	4.96779114010676	15.7130630218298
1	3.4398496073213	-5.30389799172775
1	0.0654999418155149	0.511722518355243
1	4.04204548529628	-5.30389799172775
1	2.68249079056797	15.7130630218298
1	5.9291746239396	-5.30389799172775
1	1.46783600079067	-5.30389799172775
1	2.13957649214291	-5.30389799172775
1	1.14778100524513	-5.30389799172775
1	2.64579207712692	-5.30389799172775
1	3.80402355897268	15.7130630218298
1	1.53650365376079	15.7130630218298
1	4.66074633596335	-5.30389799172775
1	0.58383442739107	15.7130630218298
1	0.904031174384517	-5.30389799172775
1	5.88231541368856	15.7130630218298
1	0.968305069390702	-5.30389799172775
1	3.82394942463503	15.7130630218298
1	2.23784789778216	-5.30389799172775
1	1.74709237851534	-5.30389799172775
1	3.36728664844416	-5.30389799172775
1	1.32874277517991	15.7130630218298
1	6.19056160427558	15.7130630218298
1	3.65901554363072	-5.30389799172775
1	1.35906323176397	15.7130630218298
1	3.97485810485697	15.7130630218298
1	4.47664941025843	15.7130630218298
1	4.15156270330698	15.7130630218298
1	2.38922322568729	-5.30389799172775
1	6.0235623369017	-5.30389799172775
1	3.77968647282286	-5.30389799172775
1	1.75751883891639	15.7130630218298
1	-1.429399774355	-5.30389799172775
1	5.24986183628622	15.7130630218298
1	2.91013278196954	5.55718205812979
1	2.96761947380211	15.7130630218298
1	4.8876724213706	15.7130630218298
1	4.64244239019618	-5.30389799172775
1	4.18780264243502	15.7130630218298
1	4.83795474321644	15.7130630218298
1	4.56427260146213	-5.30389799172775
1	3.14912996673038	15.7130630218298
1	-0.978703391726746	-5.30389799172775
1	4.23965149578942	-5.30389799172775
1	2.887742520942	-5.30389799172775
1	2.68840898658934	-5.30389799172775
1	0.0584952322014511	-5.30389799172775
1	2.04369988978276	15.7130630218298
1	3.83588312039941	-5.30389799172775
1	5.71735910305809	1.05834683743362
1	2.79442454531401	15.7130630218298
1	3.77534322311874	4.35955654109894
1	2.89238991883419	-5.30389799172775
1	0.245880886342787	15.7130630218298
1	2.17001087340064	15.7130630218298
1	2.2114200925793	15.7130630218298
1	2.88137320657763	-5.30389799172775
1	5.20005074396777	15.7130630218298
1	4.52635149691509	-5.30389799172775
1	2.67095280749283	15.7130630218298
1	2.49327663972699	15.7130630218298
1	4.39392675080947	15.7130630218298
1	4.11332639734732	15.7130630218298
1	1.62248861090096	15.7130630218298
1	1.58500968607576	15.7130630218298
1	3.72916392427366	-5.30389799172775
1	4.53706584903083	-0.338631255882659
1	2.77530757569954	15.7130630218298
1	4.76221545290843	15.7130630218298
1	3.79621176073414	-0.226425673547075
1	1.77594721349846	15.7130630218298
1	3.68223938284885	-5.30389799172775
1	0.741273807838415	-5.30389799172775
1	5.86604740340207	-5.30389799172775
1	6.96079979701172	-5.30389799172775
1	2.26555704706698	-5.30389799172775
1	0.911730747366938	11.5871741718525
1	4.13943925488483	15.7130630218298
1	2.72989079223835	-5.30389799172775
1	7.80323552100955	15.7130630218298
1	2.92151999453366	-5.30389799172775
1	4.37947872490155	-5.30389799172775
1	3.05600431756133	-5.30389799172775
1	1.51345358223519	15.7130630218298
1	3.37758459902869	-5.30389799172775
1	-0.609917257782076	0.0401858715852139
1	5.93110972312577	15.7130630218298
1	3.3065066764238	-5.30389799172775
1	7.34522334072431	15.7130630218298
1	3.95101905779933	-5.30389799172775
1	1.58010713815637	15.7130630218298
1	4.22145270697811	-5.30389799172775
1	1.1318047367115	-5.30389799172775
1	0.492733199521796	-0.591761043462506
1	3.58289247103493	15.7130630218298
1	2.11341625356313	15.7130630218298
1	3.00221070326325	-5.30389799172775
1	3.14868264830333	15.7130630218298
1	1.82095810762386	15.7130630218298
1	1.862662534363	-5.30389799172775
1	2.72964276975234	15.7130630218298
1	5.35617399314641	-5.30389799172775
1	-0.047133600859524	-5.30389799172775
1	4.18789237525684	15.7130630218298
1	3.66590074242704	-5.30389799172775
1	5.12619967455273	15.7130630218298
1	2.3916321527314	-5.30389799172775
1	3.74003761983258	-5.30389799172775
1	3.53419758154446	-5.30389799172775
1	1.9149599380167	-5.30389799172775
1	5.41573561196634	-5.30389799172775
1	5.3208052313899	15.7130630218298
1	4.40042729903	15.7130630218298
1	6.17366690908169	15.7130630218298
1	4.11697285113061	15.7130630218298
1	0.446815583083927	-5.30389799172775
1	1.85346917152623	-5.30389799172775
1	0.550774770203288	15.7130630218298
1	2.05319872712138	15.7130630218298
1	1.75926664555175	15.7130630218298
1	3.08423174628847	-5.30389799172775
1	1.17815670289511	-5.30389799172775
1	3.31605754480815	15.7130630218298
1	1.69083071216236	15.7130630218298
1	6.53457453874529	-5.30389799172775
1	4.43341495203441	-5.30389799172775
1	4.82034845899046	-0.0828661576055527
1	3.76837071565269	15.7130630218298
1	6.36435216103884	15.7130630218298
1	1.72852709210205	15.7130630218298
1	2.07671053927887	15.7130630218298
1	5.86456447708333	-5.30389799172775
1	1.69860729337927	-5.30389799172775
1	2.58523851279607	-5.30389799172775
1	2.21438414111603	-5.30389799172775
1	2.36001426290299	15.7130630218298
1	2.44177339404688	-5.30389799172775
1	3.98837666253565	-5.30389799172775
1	2.64533903546079	15.7130630218298
1	1.98808507577149	15.7130630218298
1	5.68607765034082	4.95067974654246
1	2.57084118290626	1.71201313610736
1	2.64088693991323	-5.30389799172775
1	2.79961851757288	15.7130630218298
1	4.42533261410281	-5.30389799172775
1	2.85287119174735	9.43715235832513
1	2.9247316570659	-5.30389799172775
1	1.63667904248869	-5.30389799172775
1	2.35145945550736	15.7130630218298
1	3.12032088086903	15.7130630218298
1	1.82221102748067	-5.30389799172775
1	4.06299238526514	-5.30389799172775
1	-0.0367881635735743	15.7130630218298
1	3.61311572157953	15.7130630218298
1	-0.0728996470751722	15.7130630218298
1	2.39804774632678	15.7130630218298
1	1.94344019110999	13.716740204262
1	1.695810438638	15.7130630218298
1	2.88620644430522	8.42098048335825
1	-0.828718851360024	15.7130630218298
1	5.35316662403713	15.7130630218298
1	-0.329944872424007	-5.30389799172775
1	2.07293919705523	-5.30389799172775
1	0.768159789914309	15.7130630218298
1	1.4983619976131	-5.30389799172775
1	7.17433309125669	-5.30389799172775
1	3.0347912393865	15.7130630218298
1	0.427398939131349	-5.30389799172775
1	-0.281211068837157	15.7130630218298
1	3.90037420254531	15.7130630218298
1	2.96288033457072	15.7130630218298
1	2.36386325091231	-5.30389799172775
1	1.1412757050926	-5.30389799172775
1	0.0250793797170306	6.34689291839566
1	0.849615406768638	-5.30389799172775
1	5.00005760742783	14.7544908315812
1	1.75746661040635	-5.30389799172775
1	0.231146305231017	-5.30389799172775
1	6.73858124484716	-5.30389799172775
1	3.8502007547449	-5.30389799172775
1	2.52270579817393	15.7130630218298
1	5.11696609741804	-5.30389799172775
1	4.77284530274987	15.7130630218298
1	1.76151390353771	15.7130630218298
1	7.41220492908094	-5.30389799172775
1	2.48994593971797	-5.30389799172775
1	0.151010699574383	-5.30389799172775
1	2.71120079609156	15.7130630218298
1	3.41507667846469	-5.30389799172775
1	7.61595679811872	15.7130630218298
1	3.21160473578742	15.7130630218298
1	3.91399761084683	15.7130630218298
1	2.84569412928694	-5.30389799172775
1	2.33199831526691	-5.30389799172775
1	2.93054794337745	15.7130630218298
1	4.57527921126032	15.7130630218298
1	7.15049001730457	15.7130630218298
1	5.05478487752754	15.7130630218298
1	5.41581679677341	15.7130630218298
1	0.537353156883912	-5.30389799172775
1	4.96779114010676	-5.30389799172775
1	3.4398496073213	15.7130630218298
1	0.0654999418155149	7.18176244560162
1	4.04204548529628	15.7130630218298
1	2.68249079056797	-5.30389799172775
1	5.9291746239396	15.7130630218298
1	1.46783600079067	15.7130630218298
1	2.13957649214291	15.7130630218298
1	1.14778100524513	15.7130630218298
1	2.64579207712692	15.7130630218298
1	3.80402355897268	-5.30389799172775
1	1.53650365376079	-5.30389799172775
1	4.66074633596335	15.7130630218298
1	0.58383442739107	-5.30389799172775
1	0.904031174384517	15.7130630218298
1	5.88231541368856	-5.30389799172775
1	0.968305069390702	15.7130630218298
1	3.82394942463503	-5.30389799172775
1	2.23784789778216	15.7130630218298
1	1.74709237851534	15.7130630218298
1	3.36728664844416	15.7130630218298
1	1.32874277517991	-5.30389799172775
1	6.19056160427558	-5.30389799172775
1	3.65901554363072	15.7130630218298
1	1.35906323176397	-5.30389799172775
1	3.97485810485697	-5.30389799172775
1	4.47664941025843	-5.30389799172775
1	4.15156270330698	-5.30389799172775
1	2.38922322568729	15.7130630218298
1	6.0235623369017	15.7130630218298
1	3.77968647282286	15.7130630218298
1	1.75751883891639	-5.30389799172775
1	-1.429399774355	15.7130630218298
1	5.24986183628622	-5.30389799172775
1	2.91013278196954	-0.949887915982723
1	2.96761947380211	-5.30389799172775
1	4.8876724213706	-5.30389799172775
1	4.64244239019618	15.7130630218298
1	4.18780264243502	-5.30389799172775
1	4.83795474321644	-5.30389799172775
1	4.56427260146213	15.7130630218298
1	3.14912996673038	-5.30389799172775
1	-0.978703391726746	15.7130630218298
1	4.23965149578942	15.7130630218298
1	2.887742520942	15.7130630218298
1	2.68840898658934	15.7130630218298
1	0.0584952322014511	15.7130630218298
1	2.04369988978276	-5.30389799172775
1	3.83588312039941	15.7130630218298
1	5.71735910305809	6.28374752609043
1	2.79442454531401	-5.30389799172775
1	3.77534322311874	0.97576304950984
1	2.89238991883419	15.7130630218298
1	0.245880886342787	-5.30389799172775
1	2.17001087340064	-5.30389799172775
1	2.2114200925793	-5.30389799172775
1	2.88137320657763	15.7130630218298
1	5.20005074396777	-5.30389799172775
1	4.52635149691509	15.7130630218298
1	2.67095280749283	-5.30389799172775
1	2.49327663972699	-5.30389799172775
1	4.39392675080947	-5.30389799172775
1	4.11332639734732	-5.30389799172775
1	1.62248861090096	-5.30389799172775
1	1.58500968607576	-5.30389799172775
1	3.72916392427366	15.7130630218298
1	4.53706584903083	8.52993565076877
1	2.77530757569954	-5.30389799172775
1	4.76221545290843	-5.30389799172775
1	3.79621176073414	8.34952133520388
1	1.77594721349846	-5.30389799172775
1	3.68223938284885	15.7130630218298
1	0.741273807838415	15.7130630218298
1	5.86604740340207	15.7130630218298
1	6.96079979701172	15.7130630218298
1	2.26555704706698	15.7130630218298
1	0.911730747366938	-5.30389799172775
1	4.13943925488483	-5.30389799172775
1	2.72989079223835	15.7130630218298
1	7.80323552100955	-5.30389799172775
1	2.92151999453366	15.7130630218298
1	4.37947872490155	15.7130630218298
1	3.05600431756133	15.7130630218298
1	1.51345358223519	-5.30389799172775
1	3.37758459902869	15.7130630218298
1	-0.609917257782076	7.92083910357585
1	5.93110972312577	-5.30389799172775
1	3.3065066764238	15.7130630218298
1	7.34522334072431	-5.30389799172775
1	3.95101905779933	15.7130630218298
1	1.58010713815637	-5.30389799172775
1	4.22145270697811	15.7130630218298
1	1.1318047367115	15.7130630218298
1	0.492733199521796	8.93694068941936
1	3.58289247103493	-5.30389799172775
1	2.11341625356313	-5.30389799172775
1	3.00221070326325	15.7130630218298
1	3.14868264830333	-5.30389799172775
1	1.82095810762386	-5.30389799172775
1	1.862662534363	15.7130630218298
1	2.72964276975234	-5.30389799172775
1	5.35617399314641	15.7130630218298
1	-0.047133600859524	15.7130630218298
1	4.18789237525684	-5.30389799172775
1	3.66590074242704	15.7130630218298
1	5.12619967455273	-5.30389799172775
1	2.3916321527314	15.7130630218298
1	3.74003761983258	15.7130630218298
1	3.53419758154446	15.7130630218298
1	1.9149599380167	15.7130630218298
1	5.41573561196634	15.7130630218298
1	5.3208052313899	-5.30389799172775
1	4.40042729903	-5.30389799172775
1	6.17366690908169	-5.30389799172775
1	4.11697285113061	-5.30389799172775
1	0.446815583083927	15.7130630218298
1	1.85346917152623	15.7130630218298
1	0.550774770203288	-5.30389799172775
1	2.05319872712138	-5.30389799172775
1	1.75926664555175	-5.30389799172775
1	3.08423174628847	15.7130630218298
1	1.17815670289511	15.7130630218298
1	3.31605754480815	-5.30389799172775
1	1.69083071216236	-5.30389799172775
1	6.53457453874529	15.7130630218298
1	4.43341495203441	15.7130630218298
1	4.82034845899046	8.11869332048038
1	3.76837071565269	-5.30389799172775
1	6.36435216103884	-5.30389799172775
1	1.72852709210205	-5.30389799172775
1	2.07671053927887	-5.30389799172775
1	5.86456447708333	15.7130630218298
1	1.69860729337927	15.7130630218298
1	2.58523851279607	15.7130630218298
1	2.21438414111603	15.7130630218298
1	2.36001426290299	-5.30389799172775
1	2.44177339404688	15.7130630218298
1	3.98837666253565	15.7130630218298
1	2.64533903546079	-5.30389799172775
1	1.98808507577149	-5.30389799172775
1	5.68607765034082	0.0253015278570414
1	2.57084118290626	5.23272354467788
1	2.64088693991323	15.7130630218298
1	2.79961851757288	-5.30389799172775
1	4.42533261410281	15.7130630218298
1	2.85287119174735	-5.30389799172775
1	2.9247316570659	15.7130630218298
1	1.63667904248869	15.7130630218298
1	2.35145945550736	-5.30389799172775
1	3.12032088086903	-5.30389799172775
1	1.82221102748067	15.7130630218298
1	4.06299238526514	15.7130630218298
1	-0.0367881635735743	-5.30389799172775
1	3.61311572157953	-5.30389799172775
1	-0.0728996470751722	-5.30389799172775
1	2.39804774632678	-5.30389799172775
1	1.94344019110999	-5.30389799172775
1	1.695810438638	-5.30389799172775
1	2.88620644430522	-5.30389799172775
1	-0.828718851360024	-5.30389799172775
1	5.35316662403713	-5.30389799172775
1	-0.329944872424007	15.7130630218298
1	2.07293919705523	15.7130630218298
1	0.768159789914309	-5.30389799172775
1	1.4983619976131	15.7130630218298
1	7.17433309125669	15.7130630218298
1	3.0347912393865	-5.30389799172775
1	0.427398939131349	15.7130630218298
1	-0.281211068837157	-5.30389799172775
1	3.90037420254531	-5.30389799172775
1	2.96288033457072	-5.30389799172775
1	2.36386325091231	15.7130630218298
1	1.1412757050926	15.7130630218298
1	0.0250793797170306	-2.21965668669251
1	0.849615406768638	15.7130630218298
1	5.00005760742783	-5.30389799172775
1	1.75746661040635	15.7130630218298
1	0.231146305231017	15.7130630218298
1	6.73858124484716	15.7130630218298
1	3.8502007547449	15.7130630218298
1	2.52270579817393	-5.30389799172775
1	5.11696609741804	15.7130630218298
1	4.77284530274987	-5.30389799172775
1	1.76151390353771	-5.30389799172775
1	7.41220492908094	15.7130630218298
1	2.48994593971797	15.7130630218298
1	0.151010699574383	15.7130630218298
1	2.71120079609156	-5.30389799172775
1	3.41507667846469	15.7130630218298
1	7.61595679811872	-5.30389799172775
1	3.21160473578742	-5.30389799172775
1	3.91399761084683	-5.30389799172775
1	2.84569412928694	15.7130630218298
1	2.33199831526691	15.7130630218298
1	2.93054794337745	-5.30389799172775
1	4.57527921126032	-5.30389799172775
1	7.15049001730457	-5.30389799172775
1	5.05478487752754	-5.30389799172775
1	5.41581679677341	-5.30389799172775
1	0.537353156883912	15.7130630218298
1	4.96779114010676	15.7130630218298
1	3.4398496073213	-5.30389799172775
1	0.0654999418155149	-3.56203565930342
1	4.04204548529628	-5.30389799172775
1	2.68249079056797	15.7130630218298
1	5.9291746239396	-5.30389799172775
1	1.46783600079067	-5.30389799172775
1	2.13957649214291	-5.30389799172775
1	1.14778100524513	-5.30389799172775
1	2.64579207712692	-5.30389799172775
1	3.80402355897268	15.7130630218298
1	1.53650365376079	15.7130630218298
1	4.66074633596335	-5.30389799172775
1	0.58383442739107	15.7130630218298
1	0.904031174384517	-5.30389799172775
1	5.88231541368856	15.7130630218298
1	0.968305069390702	-5.30389799172775
1	3.82394942463503	15.7130630218298
1	2.23784789778216	-5.30389799172775
1	1.74709237851534	-5.30389799172775
1	3.36728664844416	-5.30389799172775
1	1.32874277517991	15.7130630218298
1	6.19056160427558	15.7130630218298
1	3.65901554363072	-5.30389799172775
1	1.35906323176397	15.7130630218298
1	3.97485810485697	15.7130630218298
1	4.47664941025843	15.7130630218298
1	4.15156270330698	15.7130630218298
1	2.38922322568729	-5.30389799172775
1	6.0235623369017	-5.30389799172775
1	3.77968647282286	-5.30389799172775
1	1.75751883891639	15.7130630218298
1	-1.429399774355	-5.30389799172775
1	5.24986183628622	15.7130630218298
1	2.91013278196954	9.53140557234817
1	2.96761947380211	15.7130630218298
1	4.8876724213706	15.7130630218298
1	4.64244239019618	-5.30389799172775
1	4.18780264243502	15.7130630218298
1	4.83795474321644	15.7130630218298
1	4.56427260146213	-5.30389799172775
1	3.14912996673038	15.7130630218298
1	-0.978703391726746	-5.30389799172775
1	4.23965149578942	-5.30389799172775
1	2.887742520942	-5.30389799172775
1	2.68840898658934	-5.30389799172775
1	0.0584952322014511	-5.30389799172775
1	2.04369988978276	15.7130630218298
1	3.83588312039941	-5.30389799172775
1	5.71735910305809	-2.13309114781797
1	2.79442454531401	15.7130630218298
1	3.77534322311874	6.42622429095155
1	2.89238991883419	-5.30389799172775
1	0.245880886342787	15.7130630218298
1	2.17001087340064	15.7130630218298
1	2.2114200925793	15.7130630218298
1	2.88137320657763	-5.30389799172775
1	5.20005074396777	15.7130630218298
1	4.52635149691509	-5.30389799172775
1	2.67095280749283	15.7130630218298
1	2.49327663972699	15.7130630218298
1	4.39392675080947	15.7130630218298
1	4.11332639734732	15.7130630218298
1	1.62248861090096	15.7130630218298
1	1.58500968607576	15.7130630218298
1	3.72916392427366	-5.30389799172775
1	4.53706584903083	-5.30389799172775
1	2.77530757569954	15.7130630218298
1	4.76221545290843	15.7130630218298
1	3.79621176073414	-5.30389799172775
1	1.77594721349846	15.7130630218298
1	3.68223938284885	-5.30389799172775
1	0.741273807838415	-5.30389799172775
1	5.86604740340207	-5.30389799172775
1	6.96079979701172	-5.30389799172775
1	2.26555704706698	-5.30389799172775
1	0.911730747366938	15.7130630218298
1	4.13943925488483	15.7130630218298
1	2.72989079223835	-5.30389799172775
1	7.80323552100955	15.7130630218298
1	2.92151999453366	-5.30389799172775
1	4.37947872490155	-5.30389799172775
1	3.05600431756133	-5.30389799172775
1	1.51345358223519	15.7130630218298
1	3.37758459902869	-5.30389799172775
1	-0.609917257782076	-5.30389799172775
1	5.93110972312577	15.7130630218298
1	3.3065066764238	-5.30389799172775
1	7.34522334072431	15.7130630218298
1	3.95101905779933	-5.30389799172775
1	1.58010713815637	15.7130630218298
1	4.22145270697811	-5.30389799172775
1	1.1318047367115	-5.30389799172775
1	0.492733199521796	-5.30389799172775
1	3.58289247103493	15.7130630218298
1	2.11341625356313	15.7130630218298
1	3.00221070326325	-5.30389799172775
1	3.14868264830333	15.7130630218298
1	1.82095810762386	15.7130630218298
1	1.862662534363	-5.30389799172775
1	2.72964276975234	15.7130630218298
1	5.35617399314641	-5.30389799172775
1	-0.047133600859524	-5.30389799172775
1	4.18789237525684	15.7130630218298
1	3.66590074242704	-5.30389799172775
1	5.12619967455273	15.7130630218298
1	2.3916321527314	-5.30389799172775
1	3.74003761983258	-5.30389799172775
1	3.53419758154446	-5.30389799172775
1	1.9149599380167	-5.30389799172775
1	5.41573561196634	-5.30389799172775
1	5.3208052313899	15.7130630218298
1	4.40042729903	15.7130630218298
1	6.17366690908169	15.7130630218298
1	4.11697285113061	15.7130630218298
1	0.446815583083927	-5.30389799172775
1	1.85346917152623	-5.30389799172775
1	0.550774770203288	15.7130630218298
1	2.05319872712138	15.7130630218298
1	1.75926664555175	15.7130630218298
1	3.08423174628847	-5.30389799172775
1	1.17815670289511	-5.30389799172775
1	3.31605754480815	15.7130630218298
1	1.69083071216236	15.7130630218298
1	6.53457453874529	-5.30389799172775
1	4.43341495203441	-5.30389799172775
1	4.82034845899046	-5.30389799172775
1	3.76837071565269	15.7130630218298
1	6.36435216103884	15.7130630218298
1	1.72852709210205	15.7130630218298
1	2.07671053927887	15.7130630218298
1	5.86456447708333	-5.30389799172775
1	1.69860729337927	-5.30389799172775
1	2.58523851279607	-5.30389799172775
1	2.21438414111603	-5.30389799172775
1	2.36001426290299	15.7130630218298
1	2.44177339404688	-5.30389799172775
1	3.98837666253565	-5.30389799172775
1	2.64533903546079	15.7130630218298
1	1.98808507577149	15.7130630218298
1	5.68607765034082	7.95887760072157
1	2.57084118290626	-0.438277263129159
1	2.64088693991323	-5.30389799172775
1	2.79961851757288	15.7130630218298
1	4.42533261410281	-5.30389799172775
1	2.85287119174735	15.7130630218298
1	2.9247316570659	-5.30389799172775
1	1.63667904248869	-5.30389799172775
1	2.35145945550736	15.7130630218298
1	3.12032088086903	15.7130630218298
1	1.82221102748067	-5.30389799172775
1	4.06299238526514	-5.30389799172775
1	-0.0367881635735743	15.7130630218298
1	3.61311572157953	15.7130630218298
1	-0.0728996470751722	15.7130630218298
1	2.39804774632678	15.7130630218298
1	1.94344019110999	15.7130630218298
1	1.695810438638	15.7130630218298
1	2.88620644430522	15.7130630218298
1	-0.828718851360024	15.7130630218298
1	5.35316662403713	15.7130630218298
1	-0.329944872424007	-5.30389799172775
1	2.07293919705523	-5.30389799172775
1	0.768159789914309	15.7130630218298
1	1.4983619976131	-5.30389799172775
1	7.17433309125669	-5.30389799172775
1	3.0347912393865	15.7130630218298
1	0.427398939131349	-5.30389799172775
1	-0.281211068837157	15.7130630218298
1	3.90037420254531	15.7130630218298
1	2.96288033457072	15.7130630218298
1	2.36386325091231	-5.30389799172775
1	1.1412757050926	-5.30389799172775
1	0.0250793797170306	11.5789532791578
1	0.849615406768638	-5.30389799172775
1	5.00005760742783	15.7130630218298
1	1.75746661040635	-5.30389799172775
1	0.231146305231017	-5.30389799172775
1	6.73858124484716	-5.30389799172775
1	3.8502007547449	-5.30389799172775
1	2.52270579817393	15.7130630218298
1	5.11696609741804	-5.30389799172775
1	4.77284530274987	15.7130630218298
1	1.76151390353771	15.7130630218298
1	7.41220492908094	-5.30389799172775
1	2.48994593971797	-5.30389799172775
1	0.151010699574383	-5.30389799172775
1	2.71120079609156	15.7130630218298
1	3.41507667846469	-5.30389799172775
1	7.61595679811872	15.7130630218298
1	3.21160473578742	15.7130630218298
1	3.91399761084683	15.7130630218298
1	2.84569412928694	-5.30389799172775
1	2.33199831526691	-5.30389799172775
1	2.93054794337745	15.7130630218298
1	4.57527921126032	15.7130630218298
1	7.15049001730457	15.7130630218298
1	5.05478487752754	15.7130630218298
1	5.41581679677341	15.7130630218298
1	0.537353156883912	-5.30389799172775
1	4.96779114010676	-5.30389799172775
1	3.4398496073213	15.7130630218298
1	0.0654999418155149	13.7435875420579
1	4.04204548529628	15.7130630218298
1	2.68249079056797	-5.30389799172775
1	5.9291746239396	15.7130630218298
1	1.46783600079067	15.7130630218298
1	2.13957649214291	15.7130630218298
1	1.14778100524513	15.7130630218298
1	2.64579207712692	15.7130630218298
1	3.80402355897268	-5.30389799172775
1	1.53650365376079	-5.30389799172775
1	4.66074633596335	15.7130630218298
1	0.58383442739107	-5.30389799172775
1	0.904031174384517	15.7130630218298
1	5.88231541368856	-5.30389799172775
1	0.968305069390702	15.7130630218298
1	3.82394942463503	-5.30389799172775
1	2.23784789778216	15.7130630218298
1	1.74709237851534	15.7130630218298
1	3.36728664844416	15.7130630218298
1	1.32874277517991	-5.30389799172775
1	6.19056160427558	-5.30389799172775
1	3.65901554363072	15.7130630218298
1	1.35906323176397	-5.30389799172775
1	3.97485810485697	-5.30389799172775
1	4.47664941025843	-5.30389799172775
1	4.15156270330698	-5.30389799172775
1	2.38922322568729	15.7130630218298
1	6.0235623369017	15.7130630218298
1	3.77968647282286	15.7130630218298
1	1.75751883891639	-5.30389799172775
1	-1.429399774355	15.7130630218298
1	5.24986183628622	-5.30389799172775
1	2.91013278196954	-5.30389799172775
1	2.96761947380211	-5.30389799172775
1	4.8876724213706	-5.30389799172775
1	4.64244239019618	15.7130630218298
1	4.18780264243502	-5.30389799172775
1	4.83795474321644	-5.30389799172775
1	4.56427260146213	15.7130630218298
1	3.14912996673038	-5.30389799172775
1	-0.978703391726746	15.7130630218298
1	4.23965149578942	15.7130630218298
1	2.887742520942	15.7130630218298
1	2.68840898658934	15.7130630218298
1	0.0584952322014511	15.7130630218298
1	2.04369988978276	-5.30389799172775
1	3.83588312039941	15.7130630218298
1	5.71735910305809	11.4243712332747
1	2.79442454531401	-5.30389799172775
1	3.77534322311874	-2.35313172421323
1	2.89238991883419	15.7130630218298
1	0.245880886342787	-5.30389799172775
1	2.17001087340064	-5.30389799172775
1	2.2114200925793	-5.30389799172775
1	2.88137320657763	15.7130630218298
1	5.20005074396777	-5.30389799172775
1	4.52635149691509	15.7130630218298
1	2.67095280749283	-5.30389799172775
1	2.49327663972699	-5.30389799172775
1	4.39392675080947	-5.30389799172775
1	4.11332639734732	-5.30389799172775
1	1.62248861090096	-5.30389799172775
1	1.58500968607576	-5.30389799172775
1	3.72916392427366	15.7130630218298
1	4.53706584903083	15.7130630218298
1	2.77530757569954	-5.30389799172775
1	4.76221545290843	-5.30389799172775
1	3.79621176073414	15.7130630218298
1	1.77594721349846	-5.30389799172775
1	3.68223938284885	15.7130630218298
1	0.741273807838415	15.7130630218298
1	5.86604740340207	15.7130630218298
1	6.96079979701172	15.7130630218298
1	2.26555704706698	15.7130630218298
1	0.911730747366938	-5.30389799172775
1	4.13943925488483	-5.30389799172775
1	2.72989079223835	15.7130630218298
1	7.80323552100955	-5.30389799172775
1	2.92151999453366	15.7130630218298
1	4.37947872490155	15.7130630218298
1	3.05600431756133	15.7130630218298
1	1.51345358223519	-5.30389799172775
1	3.37758459902869	15.7130630218298
1	-0.609917257782076	15.7130630218298
1	5.93110972312577	-5.30389799172775
1	3.3065066764238	15.7130630218298
1	7.34522334072431	-5.30389799172775
1	3.95101905779933	15.7130630218298
1	1.58010713815637	-5.30389799172775
1	4.22145270697811	15.7130630218298
1	1.1318047367115	15.7130630218298
1	0.492733199521796	15.7130630218298
1	3.58289247103493	-5.30389799172775
1	2.11341625356313	-5.30389799172775
1	3.00221070326325	15.7130630218298
1	3.14868264830333	-5.30389799172775
1	1.82095810762386	-5.30389799172775
1	1.862662534363	15.7130630218298
1	2.72964276975234	-5.30389799172775
1	5.35617399314641	15.7130630218298
1	-0.047133600859524	15.7130630218298
1	4.18789237525684	-5.30389799172775
1	3.66590074242704	15.7130630218298
1	5.12619967455273	-5.30389799172775
1	2.3916321527314	15.7130630218298
1	3.74003761983258	15.7130630218298
1	3.53419758154446	15.7130630218298
1	1.9149599380167	15.7130630218298
1	5.41573561196634	15.7130630218298
1	5.3208052313899	-5.30389799172775
1	4.40042729903	-5.30389799172775
1	6.17366690908169	-5.30389799172775
1	4.11697285113061	-5.30389799172775
1	0.446815583083927	15.7130630218298
1	1.85346917152623	15.7130630218298
1	0.550774770203288	-5.30389799172775
1	2.05319872712138	-5.30389799172775
1	1.75926664555175	-5.30389799172775
1	3.08423174628847	15.7130630218298
1	1.17815670289511	15.7130630218298
1	3.31605754480815	-5.30389799172775
1	1.69083071216236	-5.30389799172775
1	6.53457453874529	15.7130630218298
1	4.43341495203441	15.7130630218298
1	4.82034845899046	15.7130630218298
1	3.76837071565269	-5.30389799172775
1	6.36435216103884	-5.30389799172775
1	1.72852709210205	-5.30389799172775
1	2.07671053927887	-5.30389799172775
1	5.86456447708333	15.7130630218298
1	1.69860729337927	15.7130630218298
1	2.58523851279607	15.7130630218298
1	2.21438414111603	15.7130630218298
1	2.36001426290299	-5.30389799172775
1	2.44177339404688	15.7130630218298
1	3.98837666253565	15.7130630218298
1	2.64533903546079	-5.30389799172775
1	1.98808507577149	-5.30389799172775
1	5.68607765034082	-5.30389799172775
1	2.57084118290626	8.69631389320676
1	2.64088693991323	15.7130630218298
1	2.79961851757288	-5.30389799172775
1	4.42533261410281	15.7130630218298
1	2.85287119174735	-5.30389799172775
1	2.9247316570659	15.7130630218298
1	1.63667904248869	15.7130630218298
1	2.35145945550736	-5.30389799172775
1	3.12032088086903	-5.30389799172775
1	1.82221102748067	15.7130630218298
1	4.06299238526514	15.7130630218298
1	-0.0367881635735743	-5.30389799172775
1	3.61311572157953	-5.30389799172775
1	-0.0728996470751722	-5.30389799172775
1	2.39804774632678	-5.30389799172775
1	1.94344019110999	-5.30389799172775
1	1.695810438638	-5.30389799172775
1	2.88620644430522	-5.30389799172775
1	-0.828718851360024	-5.30389799172775
1	5.35316662403713	-5.30389799172775
1	-0.329944872424007	15.7130630218298
1	2.07293919705523	15.7130630218298
1	0.768159789914309	-5.30389799172775
1	1.4983619976131	15.7130630218298
1	7.17433309125669	15.7130630218298
1	3.0347912393865	-5.30389799172775
1	0.427398939131349	15.7130630218298
1	-0.281211068837157	-5.30389799172775
1	3.90037420254531	-5.30389799172775
1	2.96288033457072	-5.30389799172775
1	2.36386325091231	15.7130630218298
1	1.1412757050926	15.7130630218298
1	0.0250793797170306	-5.30389799172775
1	0.849615406768638	15.7130630218298
1	5.00005760742783	-5.30389799172775
1	1.75746661040635	15.7130630218298
1	0.231146305231017	15.7130630218298
1	6.73858124484716	15.7130630218298
1	3.8502007547449	15.7130630218298
1	2.52270579817393	-5.30389799172775
1	5.11696609741804	15.7130630218298
1	4.77284530274987	-5.30389799172775
1	1.76151390353771	-5.30389799172775
1	7.41220492908094	15.7130630218298
1	2.48994593971797	15.7130630218298
1	0.151010699574383	15.7130630218298
1	2.71120079609156	-5.30389799172775
1	3.41507667846469	15.7130630218298
1	7.61595679811872	-5.30389799172775
1	3.21160473578742	-5.30389799172775
1	3.91399761084683	-5.30389799172775
1	2.84569412928694	15.7130630218298
1	2.33199831526691	15.7130630218298
1	2.93054794337745	-5.30389799172775
1	4.57527921126032	-5.30389799172775
1	7.15049001730457	-5.30389799172775
1	5.05478487752754	-5.30389799172775
1	5.41581679677341	-5.30389799172775
1	0.537353156883912	15.7130630218298
1	4.96779114010676	15.7130630218298
1	3.4398496073213	-5.30389799172775
1	0.0654999418155149	-5.30389799172775
1	4.04204548529628	-5.30389799172775
1	2.68249079056797	15.7130630218298
1	5.9291746239396	-5.30389799172775
1	1.46783600079067	-5.30389799172775
1	2.13957649214291	-5.30389799172775
1	1.14778100524513	-5.30389799172775
1	2.64579207712692	-5.30389799172775
1	3.80402355897268	15.7130630218298
1	1.53650365376079	15.7130630218298
1	4.66074633596335	-5.30389799172775
1	0.58383442739107	15.7130630218298
1	0.904031174384517	-5.30389799172775
1	5.88231541368856	15.7130630218298
1	0.968305069390702	-5.30389799172775
1	3.82394942463503	15.7130630218298
1	2.23784789778216	-5.30389799172775
1	1.74709237851534	-5.30389799172775
1	3.36728664844416	-5.30389799172775
1	1.32874277517991	15.7130630218298
1	6.19056160427558	15.7130630218298
1	3.65901554363072	-5.30389799172775
1	1.35906323176397	15.7130630218298
1	3.97485810485697	15.7130630218298
1	4.47664941025843	15.7130630218298
1	4.15156270330698	15.7130630218298
1	2.38922322568729	-5.30389799172775
1	6.0235623369017	-5.30389799172775
1	3.77968647282286	-5.30389799172775
1	1.75751883891639	15.7130630218298
1	-1.429399774355	-5.30389799172775
1	5.24986183628622	15.7130630218298
1	2.91013278196954	15.7130630218298
1	2.96761947380211	15.7130630218298
1	4.8876724213706	15.7130630218298
1	4.64244239019618	-5.30389799172775
1	4.18780264243502	15.7130630218298
1	4.83795474321644	15.7130630218298
1	4.56427260146213	-5.30389799172775
1	3.14912996673038	15.7130630218298
1	-0.978703391726746	-5.30389799172775
1	4.23965149578942	-5.30389799172775
1	2.887742520942	-5.30389799172775
1	2.68840898658934	-5.30389799172775
1	0.0584952322014511	-5.30389799172775
1	2.04369988978276	15.7130630218298
1	3.83588312039941	-5.30389799172775
1	5.71735910305809	-5.30389799172775
1	2.79442454531401	15.7130630218298
1	3.77534322311874	11.7882571650365
1	2.89238991883419	-5.30389799172775
1	0.245880886342787	15.7130630218298
1	2.17001087340064	15.7130630218298
1	2.2114200925793	15.7130630218298
1	2.88137320657763	-5.30389799172775
1	5.20005074396777	15.7130630218298
1	4.52635149691509	-5.30389799172775
1	2.67095280749283	15.7130630218298
1	2.49327663972699	15.7130630218298
1	4.39392675080947	15.7130630218298
1	4.11332639734732	15.7130630218298
1	1.62248861090096	15.7130630218298
1	1.58500968607576	15.7130630218298
1	3.72916392427366	-5.30389799172775
1	4.53706584903083	-5.30389799172775
1	2.77530757569954	15.7130630218298
1	4.76221545290843	15.7130630218298
1	3.79621176073414	-5.30389799172775
1	1.77594721349846	15.7130630218298
1	3.68223938284885	-5.30389799172775
1	0.741273807838415	-5.30389799172775
1	5.86604740340207	-5.30389799172775
1	6.96079979701172	-5.30389799172775
1	2.26555704706698	-5.30389799172775
1	0.911730747366938	15.7130630218298
1	4.13943925488483	15.7130630218298
1	2.72989079223835	-5.30389799172775
1	7.80323552100955	15.7130630218298
1	2.92151999453366	-5.30389799172775
1	4.37947872490155	-5.30389799172775
1	3.05600431756133	-5.30389799172775
1	1.51345358223519	15.7130630218298
1	3.37758459902869	-5.30389799172775
1	-0.609917257782076	-5.30389799172775
1	5.93110972312577	15.7130630218298
1	3.3065066764238	-5.30389799172775
1	7.34522334072431	15.7130630218298
1	3.95101905779933	-5.30389799172775
1	1.58010713815637	15.7130630218298
1	4.22145270697811	-5.30389799172775
1	1.1318047367115	-5.30389799172775
1	0.492733199521796	-5.30389799172775
1	3.58289247103493	15.7130630218298
1	2.11341625356313	15.7130630218298
1	3.00221070326325	-5.30389799172775
1	3.14868264830333	15.7130630218298
1	1.82095810762386	15.7130630218298
1	1.862662534363	-5.30389799172775
1	2.72964276975234	15.7130630218298
1	5.35617399314641	-5.30389799172775
1	-0.047133600859524	-5.30389799172775
1	4.18789237525684	15.7130630218298
1	3.66590074242704	-5.30389799172775
1	5.12619967455273	15.7130630218298
1	2.3916321527314	-5.30389799172775
1	3.74003761983258	-5.30389799172775
1	3.53419758154446	-5.30389799172775
1	1.9149599380167	-5.30389799172775
1	5.41573561196634	-5.30389799172775
1	5.3208052313899	15.7130630218298
1	4.40042729903	15.7130630218298
1	6.17366690908169	15.7130630218298
1	4.11697285113061	15.7130630218298
1	0.446815583083927	-5.30389799172775
1	1.85346917152623	-5.30389799172775
1	0.550774770203288	15.7130630218298
1	2.05319872712138	15.7130630218298
1	1.75926664555175	15.7130630218298
1	3.08423174628847	-5.30389799172775
1	1.17815670289511	-5.30389799172775
1	3.31605754480815	15.7130630218298
1	1.69083071216236	15.7130630218298
1	6.53457453874529	-5.30389799172775
1	4.43341495203441	-5.30389799172775
1	4.82034845899046	-5.30389799172775
1	3.76837071565269	15.7130630218298
1	6.36435216103884	15.7130630218298
1	1.72852709210205	15.7130630218298
1	2.07671053927887	15.7130630218298
1	5.86456447708333	-5.30389799172775
1	1.69860729337927	-5.30389799172775
1	2.58523851279607	-5.30389799172775
1	2.21438414111603	-5.30389799172775
1	2.36001426290299	15.7130630218298
1	2.44177339404688	-5.30389799172775
1	3.98837666253565	-5.30389799172775
1	2.64533903546079	15.7130630218298
1	1.98808507577149	15.7130630218298
1	5.68607765034082	15.7130630218298
1	2.57084118290626	-5.30389799172775
1	2.64088693991323	-5.30389799172775
1	2.79961851757288	15.7130630218298
1	4.42533261410281	-5.30389799172775
1	2.85287119174735	15.7130630218298
1	2.9247316570659	-5.30389799172775
1	1.63667904248869	-5.30389799172775
1	2.35145945550736	15.7130630218298
1	3.12032088086903	15.7130630218298
1	1.82221102748067	-5.30389799172775
1	4.06299238526514	-5.30389799172775
1	-0.0367881635735743	15.7130630218298
1	3.61311572157953	15.7130630218298
1	-0.0728996470751722	15.7130630218298
1	2.39804774632678	15.7130630218298
1	1.94344019110999	15.7130630218298
1	1.695810438638	15.7130630218298
1	2.88620644430522	15.7130630218298
1	-0.828718851360024	15.7130630218298
1	5.35316662403713	15.7130630218298
1	-0.329944872424007	-5.30389799172775
1	2.07293919705523	-5.30389799172775
1	0.768159789914309	15.7130630218298
1	1.4983619976131	-5.30389799172775
1	7.17433309125669	-5.30389799172775
1	3.0347912393865	15.7130630218298
1	0.427398939131349	-5.30389799172775
1	-0.281211068837157	15.7130630218298
1	3.90037420254531	15.7130630218298
1	2.96288033457072	15.7130630218298
1	2.36386325091231	-5.30389799172775
1	1.1412757050926	-5.30389799172775
1	0.0250793797170306	15.7130630218298
1	0.849615406768638	-5.30389799172775
1	5.00005760742783	15.7130630218298
1	1.75746661040635	-5.30389799172775
1	0.231146305231017	-5.30389799172775
1	6.73858124484716	-5.30389799172775
1	3.8502007547449	-5.30389799172775
1	2.52270579817393	15.7130630218298
1	5.11696609741804	-5.30389799172775
1	4.77284530274987	15.7130630218298
1	1.76151390353771	15.7130630218298
1	7.41220492908094	-5.30389799172775
1	2.48994593971797	-5.30389799172775
1	0.151010699574383	-5.30389799172775
1	2.71120079609156	15.7130630218298
1	3.41507667846469	-5.30389799172775
1	7.61595679811872	15.7130630218298
1	3.21160473578742	15.7130630218298
1	3.91399761084683	15.7130630218298
1	2.84569412928694	-5.30389799172775
1	2.33199831526691	-5.30389799172775
1	2.93054794337745	15.7130630218298
1	4.57527921126032	15.7130630218298
1	7.15049001730457	15.7130630218298
1	5.05478487752754	15.7130630218298
1	5.41581679677341	15.7130630218298
1	0.537353156883912	-5.30389799172775
1	4.96779114010676	-5.30389799172775
1	3.4398496073213	15.7130630218298
1	0.0654999418155149	15.7130630218298
1	4.04204548529628	15.7130630218298
1	2.68249079056797	-5.30389799172775
1	5.9291746239396	15.7130630218298
1	1.46783600079067	15.7130630218298
1	2.13957649214291	15.7130630218298
1	1.14778100524513	15.7130630218298
1	2.64579207712692	15.7130630218298
1	3.80402355897268	-5.30389799172775
1	1.53650365376079	-5.30389799172775
1	4.66074633596335	15.7130630218298
1	0.58383442739107	-5.30389799172775
1	0.904031174384517	15.7130630218298
1	5.88231541368856	-5.30389799172775
1	0.968305069390702	15.7130630218298
1	3.82394942463503	-5.30389799172775
1	2.23784789778216	15.7130630218298
1	1.74709237851534	15.7130630218298
1	3.36728664844416	15.7130630218298
1	1.32874277517991	-5.30389799172775
1	6.19056160427558	-5.30389799172775
1	3.65901554363072	15.7130630218298
1	1.35906323176397	-5.30389799172775
1	3.97485810485697	-5.30389799172775
1	4.47664941025843	-5.30389799172775
1	4.15156270330698	-5.30389799172775
1	2.38922322568729	15.7130630218298
1	6.0235623369017	15.7130630218298
1	3.77968647282286	15.7130630218298
1	1.75751883891639	-5.30389799172775
1	-1.429399774355	15.7130630218298
1	5.24986183628622	-5.30389799172775
1	2.91013278196954	-5.30389799172775
1	2.96761947380211	-5.30389799172775
1	4.8876724213706	-5.30389799172775
1	4.64244239019618	15.7130630218298
1	4.18780264243502	-5.30389799172775
1	4.83795474321644	-5.30389799172775
1	4.56427260146213	15.7130630218298
1	3.14912996673038	-5.30389799172775
1	-0.978703391726746	15.7130630218298
1	4.23965149578942	15.7130630218298
1	2.887742520942	15.7130630218298
1	2.68840898658934	15.7130630218298
1	0.0584952322014511	15.7130630218298
1	2.04369988978276	-5.30389799172775
1	3.83588312039941	15.7130630218298
1	5.71735910305809	15.7130630218298
1	2.79442454531401	-5.30389799172775
1	3.77534322311874	-5.30389799172775
1	2.89238991883419	15.7130630218298
1	0.245880886342787	-5.30389799172775
1	2.17001087340064	-5.30389799172775
1	2.2114200925793	-5.30389799172775
1	2.88137320657763	15.7130630218298
1	5.20005074396777	-5.30389799172775
1	4.52635149691509	15.7130630218298
1	2.67095280749283	-5.30389799172775
1	2.49327663972699	-5.30389799172775
1	4.39392675080947	-5.30389799172775
1	4.11332639734732	-5.30389799172775
1	1.62248861090096	-5.30389799172775
1	1.58500968607576	-5.30389799172775
1	3.72916392427366	15.7130630218298
1	4.53706584903083	15.7130630218298
1	2.77530757569954	-5.30389799172775
1	4.76221545290843	-5.30389799172775
1	3.79621176073414	15.7130630218298
1	1.77594721349846	-5.30389799172775
1	3.68223938284885	15.7130630218298
1	0.741273807838415	15.7130630218298
1	5.86604740340207	15.7130630218298
1	6.96079979701172	15.7130630218298
1	2.26555704706698	15.7130630218298
1	0.911730747366938	-5.30389799172775
1	4.13943925488483	-5.30389799172775
1	2.72989079223835	15.7130630218298
1	7.80323552100955	-5.30389799172775
1	2.92151999453366	15.7130630218298
1	4.37947872490155	15.7130630218298
1	3.05600431756133	15.7130630218298
1	1.51345358223519	-5.30389799172775
1	3.37758459902869	15.7130630218298
1	-0.609917257782076	15.7130630218298
1	5.93110972312577	-5.30389799172775
1	3.3065066764238	15.7130630218298
1	7.34522334072431	-5.30389799172775
1	3.95101905779933	15.7130630218298
1	1.58010713815637	-5.30389799172775
1	4.22145270697811	15.7130630218298
1	1.1318047367115	15.7130630218298
1	0.492733199521796	15.7130630218298
1	3.58289247103493	-5.30389799172775
1	2.11341625356313	-5.30389799172775
1	3.00221070326325	15.7130630218298
1	3.14868264830333	-5.30389799172775
1	1.82095810762386	-5.30389799172775
1	1.862662534363	15.7130630218298
1	2.72964276975234	-5.30389799172775
1	5.35617399314641	15.7130630218298
1	-0.047133600859524	15.7130630218298
1	4.18789237525684	-5.30389799172775
1	3.66590074242704	15.7130630218298
1	5.12619967455273	-5.30389799172775
1	2.3916321527314	15.7130630218298
1	3.74003761983258	15.7130630218298
1	3.53419758154446	15.7130630218298
1	1.9149599380167	15.7130630218298
1	5.41573561196634	15.7130630218298
1	5.3208052313899	-5.30389799172775
1	4.40042729903	-5.30389799172775
1	6.17366690908169	-5.30389799172775
1	4.11697285113061	-5.30389799172775
1	0.446815583083927	15.7130630218298
1	1.85346917152623	15.7130630218298
1	0.550774770203288	-5.30389799172775
1	2.05319872712138	-5.30389799172775
1	1.75926664555175	-5.30389799172775
1	3.08423174628847	15.7130630218298
1	1.17815670289511	15.7130630218298
1	3.31605754480815	-5.30389799172775
1	1.69083071216236	-5.30389799172775
1	6.53457453874529	15.7130630218298
1	4.43341495203441	15.7130630218298
1	4.82034845899046	15.7130630218298
1	3.76837071565269	-5.30389799172775
1	6.36435216103884	-5.30389799172775
1	1.72852709210205	-5.30389799172775
1	2.07671053927887	-5.30389799172775
1	5.86456447708333	15.7130630218298
1	1.69860729337927	15.7130630218298
1	2.58523851279607	15.7130630218298
1	2.21438414111603	15.7130630218298
1	2.36001426290299	-5.30389799172775
1	2.44177339404688	15.7130630218298
1	3.98837666253565	15.7130630218298
1	2.64533903546079	-5.30389799172775
1	1.98808507577149	-5.30389799172775
1	5.68607765034082	-5.30389799172775
1	2.57084118290626	15.7130630218298
1	2.64088693991323	15.7130630218298
1	2.79961851757288	-5.30389799172775
1	4.42533261410281	15.7130630218298
1	2.85287119174735	-5.30389799172775
1	2.9247316570659	15.7130630218298
1	1.63667904248869	15.7130630218298
1	2.35145945550736	-5.30389799172775
1	3.12032088086903	-5.30389799172775
1	1.82221102748067	15.7130630218298
1	4.06299238526514	15.7130630218298
1	-0.0367881635735743	-5.30389799172775
1	3.61311572157953	-5.30389799172775
1	-0.0728996470751722	-5.30389799172775
1	2.39804774632678	-5.30389799172775
1	1.94344019110999	-5.30389799172775
1	1.695810438638	-5.30389799172775
1	2.88620644430522	-5.30389799172775
1	-0.828718851360024	-5.30389799172775
1	5.35316662403713	-5.30389799172775
1	-0.329944872424007	15.7130630218298
1	2.07293919705523	15.7130630218298
1	0.768159789914309	-5.30389799172775
1	1.4983619976131	15.7130630218298
1	7.17433309125669	15.7130630218298
1	3.0347912393865	-5.30389799172775
1	0.427398939131349	15.7130630218298
1	-0.281211068837157	-5.30389799172775
1	3.90037420254531	-5.30389799172775
1	2.96288033457072	-5.30389799172775
1	2.36386325091231	15.7130630218298
1	1.1412757050926	15.7130630218298
1	0.0250793797170306	-5.30389799172775
1	0.849615406768638	15.7130630218298
1	5.00005760742783	-5.30389799172775
1	1.75746661040635	15.7130630218298
1	0.231146305231017	15.7130630218298
1	6.73858124484716	15.7130630218298
1	3.8502007547449	15.7130630218298
1	2.52270579817393	-5.30389799172775
1	5.11696609741804	15.7130630218298
1	4.77284530274987	-5.30389799172775
1	1.76151390353771	-5.30389799172775
1	7.41220492908094	15.7130630218298
1	2.48994593971797	15.7130630218298
1	0.151010699574383	15.7130630218298
1	2.71120079609156	-5.30389799172775
1	3.41507667846469	15.7130630218298
1	7.61595679811872	-5.30389799172775
1	3.21160473578742	-5.30389799172775
1	3.91399761084683	-5.30389799172775
1	2.84569412928694	15.7130630218298
1	2.33199831526691	15.7130630218298
1	2.93054794337745	-5.30389799172775
1	4.57527921126032	-5.30389799172775
1	7.15049001730457	-5.30389799172775
1	5.05478487752754	-5.30389799172775
1	5.41581679677341	-5.30389799172775
1	0.537353156883912	15.7130630218298
1	4.96779114010676	15.7130630218298
1	3.4398496073213	-5.30389799172775
1	0.0654999418155149	-5.30389799172775
1	4.04204548529628	-5.30389799172775
1	2.68249079056797	15.7130630218298
1	5.9291746239396	-5.30389799172775
1	1.46783600079067	-5.30389799172775
1	2.13957649214291	-5.30389799172775
1	1.14778100524513	-5.30389799172775
1	2.64579207712692	-5.30389799172775
1	3.80402355897268	15.7130630218298
1	1.53650365376079	15.7130630218298
1	4.66074633596335	-5.30389799172775
1	0.58383442739107	15.7130630218298
1	0.904031174384517	-5.30389799172775
1	5.88231541368856	15.7130630218298
1	0.968305069390702	-5.30389799172775
1	3.82394942463503	15.7130630218298
1	2.23784789778216	-5.30389799172775
1	1.74709237851534	-5.30389799172775
1	3.36728664844416	-5.30389799172775
1	1.32874277517991	15.7130630218298
1	6.19056160427558	15.7130630218298
1	3.65901554363072	-5.30389799172775
1	1.35906323176397	15.7130630218298
1	3.97485810485697	15.7130630218298
1	4.47664941025843	15.7130630218298
1	4.15156270330698	15.7130630218298
1	2.38922322568729	-5.30389799172775
1	6.0235623369017	-5.30389799172775
1	3.77968647282286	-5.30389799172775
1	1.75751883891639	15.7130630218298
1	-1.429399774355	-5.30389799172775
1	5.24986183628622	15.7130630218298
1	2.91013278196954	15.7130630218298
1	2.96761947380211	15.7130630218298
1	4.8876724213706	15.7130630218298
1	4.64244239019618	-5.30389799172775
1	4.18780264243502	15.7130630218298
1	4.83795474321644	15.7130630218298
1	4.56427260146213	-5.30389799172775
1	3.14912996673038	15.7130630218298
1	-0.978703391726746	-5.30389799172775
1	4.23965149578942	-5.30389799172775
1	2.887742520942	-5.30389799172775
1	2.68840898658934	-5.30389799172775
1	0.0584952322014511	-5.30389799172775
1	2.04369988978276	15.7130630218298
1	3.83588312039941	-5.30389799172775
1	5.71735910305809	-5.30389799172775
1	2.79442454531401	15.7130630218298
1	3.77534322311874	15.7130630218298
1	2.89238991883419	-5.30389799172775
1	0.245880886342787	15.7130630218298
1	2.17001087340064	15.7130630218298
1	2.2114200925793	15.7130630218298
1	2.88137320657763	-5.30389799172775
1	5.20005074396777	15.7130630218298
1	4.52635149691509	-5.30389799172775
1	2.67095280749283	15.7130630218298
1	2.49327663972699	15.7130630218298
1	4.39392675080947	15.7130630218298
1	4.11332639734732	15.7130630218298
1	1.62248861090096	15.7130630218298
1	1.58500968607576	15.7130630218298
1	3.72916392427366	-5.30389799172775
1	4.53706584903083	-5.30389799172775
1	2.77530757569954	15.7130630218298
1	4.76221545290843	15.7130630218298
1	3.79621176073414	-5.30389799172775
1	1.77594721349846	15.7130630218298
1	3.68223938284885	-5.30389799172775
1	0.741273807838415	-5.30389799172775
1	5.86604740340207	-5.30389799172775
1	6.96079979701172	-5.30389799172775
1	2.26555704706698	-5.30389799172775
1	0.911730747366938	15.7130630218298
1	4.13943925488483	15.7130630218298
1	2.72989079223835	-5.30389799172775
1	7.80323552100955	15.7130630218298
1	2.92151999453366	-5.30389799172775
1	4.37947872490155	-5.30389799172775
1	3.05600431756133	-5.30389799172775
1	1.51345358223519	15.7130630218298
1	3.37758459902869	-5.30389799172775
1	-0.609917257782076	-5.30389799172775
1	5.93110972312577	15.7130630218298
1	3.3065066764238	-5.30389799172775
1	7.34522334072431	15.7130630218298
1	3.95101905779933	-5.30389799172775
1	1.58010713815637	15.7130630218298
1	4.22145270697811	-5.30389799172775
1	1.1318047367115	-5.30389799172775
1	0.492733199521796	-5.30389799172775
1	3.58289247103493	15.7130630218298
1	2.11341625356313	15.7130630218298
1	3.00221070326325	-5.30389799172775
1	3.14868264830333	15.7130630218298
1	1.82095810762386	15.7130630218298
1	1.862662534363	-5.30389799172775
1	2.72964276975234	15.7130630218298
1	5.35617399314641	-5.30389799172775
1	-0.047133600859524	-5.30389799172775
1	4.18789237525684	15.7130630218298
1	3.66590074242704	-5.30389799172775
1	5.12619967455273	15.7130630218298
1	2.3916321527314	-5.30389799172775
1	3.74003761983258	-5.30389799172775
1	3.53419758154446	-5.30389799172775
1	1.9149599380167	-5.30389799172775
1	5.41573561196634	-5.30389799172775
1	5.3208052313899	15.7130630218298
1	4.40042729903	15.7130630218298
1	6.17366690908169	15.7130630218298
1	4.11697285113061	15.7130630218298
1	0.446815583083927	-5.30389799172775
1	1.85346917152623	-5.30389799172775
1	0.550774770203288	15.7130630218298
1	2.05319872712138	15.7130630218298
1	1.75926664555175	15.7130630218298
1	3.08423174628847	-5.30389799172775
1	1.17815670289511	-5.30389799172775
1	3.31605754480815	15.7130630218298
1	1.69083071216236	15.7130630218298
1	6.53457453874529	-5.30389799172775
1	4.43341495203441	-5.30389799172775
1	4.82034845899046	-5.30389799172775
1	3.76837071565269	15.7130630218298
1	6.36435216103884	15.7130630218298
1	1.72852709210205	15.7130630218298
1	2.07671053927887	15.7130630218298
1	5.86456447708333	-5.30389799172775
1	1.69860729337927	-5.30389799172775
1	2.58523851279607	-5.30389799172775
1	2.21438414111603	-5.30389799172775
1	2.36001426290299	15.7130630218298
1	2.44177339404688	-5.30389799172775
1	3.98837666253565	-5.30389799172775
1	2.64533903546079	15.7130630218298
1	1.98808507577149	15.7130630218298
1	5.68607765034082	15.7130630218298
1	2.57084118290626	-5.30389799172775
1	2.64088693991323	-5.30389799172775
1	2.79961851757288	15.7130630218298
1	4.42533261410281	-5.30389799172775
1	2.85287119174735	15.7130630218298
1	2.9247316570659	-5.30389799172775
1	1.63667904248869	-5.30389799172775
1	2.35145945550736	15.7130630218298
1	3.12032088086903	15.7130630218298
1	1.82221102748067	-5.30389799172775
1	4.06299238526514	-5.30389799172775
1	-0.0367881635735743	15.7130630218298
1	3.61311572157953	15.7130630218298
1	-0.0728996470751722	15.7130630218298
1	2.39804774632678	15.7130630218298
1	1.94344019110999	15.7130630218298
1	1.695810438638	15.7130630218298
1	2.88620644430522	15.7130630218298
1	-0.828718851360024	15.7130630218298
1	5.35316662403713	15.7130630218298
1	-0.329944872424007	-5.30389799172775
1	2.07293919705523	-5.30389799172775
1	0.768159789914309	15.7130630218298
1	1.4983619976131	-5.30389799172775
1	7.17433309125669	-5.30389799172775
1	3.0347912393865	15.7130630218298
1	0.427398939131349	-5.30389799172775
1	-0.281211068837157	15.7130630218298
1	3.90037420254531	15.7130630218298
1	2.96288033457072	15.7130630218298
1	2.36386325091231	-5.30389799172775
1	1.1412757050926	-5.30389799172775
1	0.0250793797170306	15.7130630218298
1	0.849615406768638	-5.30389799172775
1	5.00005760742783	15.7130630218298
1	1.75746661040635	-5.30389799172775
1	0.231146305231017	-5.30389799172775
1	6.73858124484716	-5.30389799172775
1	3.8502007547449	-5.30389799172775
1	2.52270579817393	15.7130630218298
1	5.11696609741804	-5.30389799172775
1	4.77284530274987	15.7130630218298
1	1.76151390353771	15.7130630218298
1	7.41220492908094	-5.30389799172775
1	2.48994593971797	-5.30389799172775
1	0.151010699574383	-5.30389799172775
1	2.71120079609156	15.7130630218298
1	3.41507667846469	-5.30389799172775
1	7.61595679811872	15.7130630218298
1	3.21160473578742	15.7130630218298
1	3.91399761084683	15.7130630218298
1	2.84569412928694	-5.30389799172775
1	2.33199831526691	-5.30389799172775
1	2.93054794337745	15.7130630218298
1	4.57527921126032	15.7130630218298
1	7.15049001730457	15.7130630218298
1	5.05478487752754	15.7130630218298
1	5.41581679677341	15.7130630218298
1	0.537353156883912	-5.30389799172775
1	4.96779114010676	-5.30389799172775
1	3.4398496073213	15.7130630218298
1	0.0654999418155149	15.7130630218298
1	4.04204548529628	15.7130630218298
1	2.68249079056797	-5.30389799172775
1	5.9291746239396	15.7130630218298
1	1.46783600079067	15.7130630218298
1	2.13957649214291	15.7130630218298
1	1.14778100524513	15.7130630218298
1	2.64579207712692	15.7130630218298
1	3.80402355897268	-5.30389799172775
1	1.53650365376079	-5.30389799172775
1	4.66074633596335	15.7130630218298
1	0.58383442739107	-5.30389799172775
1	0.904031174384517	15.7130630218298
1	5.88231541368856	-5.30389799172775
1	0.968305069390702	15.7130630218298
1	3.82394942463503	-5.30389799172775
1	2.23784789778216	15.7130630218298
1	1.74709237851534	15.7130630218298
1	3.36728664844416	15.7130630218298
1	1.32874277517991	-5.30389799172775
1	6.19056160427558	-5.30389799172775
1	3.65901554363072	15.7130630218298
1	1.35906323176397	-5.30389799172775
1	3.97485810485697	-5.30389799172775
1	4.47664941025843	-5.30389799172775
1	4.15156270330698	-5.30389799172775
1	2.38922322568729	15.7130630218298
1	6.0235623369017	15.7130630218298
1	3.77968647282286	15.7130630218298
1	1.75751883891639	-5.30389799172775
1	-1.429399774355	15.7130630218298
1	5.24986183628622	-5.30389799172775
1	2.91013278196954	-5.30389799172775
1	2.96761947380211	-5.30389799172775
1	4.8876724213706	-5.30389799172775
1	4.64244239019618	15.7130630218298
1	4.18780264243502	-5.30389799172775
1	4.83795474321644	-5.30389799172775
1	4.56427260146213	15.7130630218298
1	3.14912996673038	-5.30389799172775
1	-0.978703391726746	15.7130630218298
1	4.23965149578942	15.7130630218298
1	2.887742520942	15.7130630218298
1	2.68840898658934	15.7130630218298
1	0.0584952322014511	15.7130630218298
1	2.04369988978276	-5.30389799172775
1	3.83588312039941	15.7130630218298
1	5.71735910305809	15.7130630218298
1	2.79442454531401	-5.30389799172775
1	3.77534322311874	-5.30389799172775
1	2.89238991883419	15.7130630218298
1	0.245880886342787	-5.30389799172775
1	2.17001087340064	-5.30389799172775
1	2.2114200925793	-5.30389799172775
1	2.88137320657763	15.7130630218298
1	5.20005074396777	-5.30389799172775
1	4.52635149691509	15.7130630218298
1	2.67095280749283	-5.30389799172775
1	2.49327663972699	-5.30389799172775
1	4.39392675080947	-5.30389799172775
1	4.11332639734732	-5.30389799172775
1	1.62248861090096	-5.30389799172775
1	1.58500968607576	-5.30389799172775
1	3.72916392427366	15.7130630218298
1	4.53706584903083	15.7130630218298
1	2.77530757569954	-5.30389799172775
1	4.76221545290843	-5.30389799172775
1	3.79621176073414	15.7130630218298
1	1.77594721349846	-5.30389799172775
1	3.68223938284885	15.7130630218298
1	0.741273807838415	15.7130630218298
1	5.86604740340207	15.7130630218298
1	6.96079979701172	15.7130630218298
1	2.26555704706698	15.7130630218298
1	0.911730747366938	-5.30389799172775
1	4.13943925488483	-5.30389799172775
1	2.72989079223835	15.7130630218298
1	7.80323552100955	-5.30389799172775
1	2.92151999453366	15.7130630218298
1	4.37947872490155	15.7130630218298
1	3.05600431756133	15.7130630218298
1	1.51345358223519	-5.30389799172775
1	3.37758459902869	15.7130630218298
1	-0.609917257782076	15.7130630218298
1	5.93110972312577	-5.30389799172775
1	3.3065066764238	15.7130630218298
1	7.34522334072431	-5.30389799172775
1	3.95101905779933	15.7130630218298
1	1.58010713815637	-5.30389799172775
1	4.22145270697811	15.7130630218298
1	1.1318047367115	15.7130630218298
1	0.492733199521796	15.7130630218298
1	3.58289247103493	-5.30389799172775
1	2.11341625356313	-5.30389799172775
1	3.00221070326325	15.7130630218298
1	3.14868264830333	-5.30389799172775
1	1.82095810762386	-5.30389799172775
1	1.862662534363	15.7130630218298
1	2.72964276975234	-5.30389799172775
1	5.35617399314641	15.7130630218298
1	-0.047133600859524	15.7130630218298
1	4.18789237525684	-5.30389799172775
1	3.66590074242704	15.7130630218298
1	5.12619967455273	-5.30389799172775
1	2.3916321527314	15.7130630218298
1	3.74003761983258	15.7130630218298
1	3.53419758154446	15.7130630218298
1	1.9149599380167	15.7130630218298
1	5.41573561196634	15.7130630218298
1	5.3208052313899	-5.30389799172775
1	4.40042729903	-5.30389799172775
1	6.17366690908169	-5.30389799172775
1	4.11697285113061	-5.30389799172775
1	0.446815583083927	15.7130630218298
1	1.85346917152623	15.7130630218298
1	0.550774770203288	-5.30389799172775
1	2.05319872712138	-5.30389799172775
1	1.75926664555175	-5.30389799172775
1	3.08423174628847	15.7130630218298
1	1.17815670289511	15.7130630218298
1	3.31605754480815	-5.30389799172775
1	1.69083071216236	-5.30389799172775
1	6.53457453874529	15.7130630218298
1	4.43341495203441	15.7130630218298
1	4.82034845899046	15.7130630218298
1	3.76837071565269	-5.30389799172775
1	6.36435216103884	-5.30389799172775
1	1.72852709210205	-5.30389799172775
1	2.07671053927887	-5.30389799172775
1	5.86456447708333	15.7130630218298
1	1.69860729337927	15.7130630218298
1	2.58523851279607	15.7130630218298
1	2.21438414111603	15.7130630218298
1	2.36001426290299	-5.30389799172775
1	2.44177339404688	15.7130630218298
1	3.98837666253565	15.7130630218298
1	2.64533903546079	-5.30389799172775
1	1.98808507577149	-5.30389799172775
1	5.68607765034082	-5.30389799172775
1	2.57084118290626	15.7130630218298
1	2.64088693991323	15.7130630218298
1	2.79961851757288	-5.30389799172775
1	4.42533261410281	15.7130630218298
1	2.85287119174735	-5.30389799172775
1	2.9247316570659	15.7130630218298
1	1.63667904248869	15.7130630218298
1	2.35145945550736	-5.30389799172775
1	3.12032088086903	-5.30389799172775
1	1.82221102748067	15.7130630218298
1	4.06299238526514	15.7130630218298
1	-0.0367881635735743	-5.30389799172775
1	3.61311572157953	-5.30389799172775
1	-0.0728996470751722	-5.30389799172775
1	2.39804774632678	-5.30389799172775
1	1.94344019110999	-5.30389799172775
1	1.695810438638	-5.30389799172775
1	2.88620644430522	-5.30389799172775
1	-0.828718851360024	-5.30389799172775
1	5.35316662403713	-5.30389799172775
1	-0.329944872424007	15.7130630218298
1	2.07293919705523	15.7130630218298
1	0.768159789914309	-5.30389799172775
1	1.4983619976131	15.7130630218298
1	7.17433309125669	15.7130630218298
1	3.0347912393865	-5.30389799172775
1	0.427398939131349	15.7130630218298
1	-0.281211068837157	-5.30389799172775
1	3.90037420254531	-5.30389799172775
1	2.96288033457072	-5.30389799172775
1	2.36386325091231	15.7130630218298
1	1.1412757050926	15.7130630218298
1	0.0250793797170306	-5.30389799172775
1	0.849615406768638	15.7130630218298
1	5.00005760742783	-5.30389799172775
1	1.75746661040635	15.7130630218298
1	0.231146305231017	15.7130630218298
1	6.73858124484716	15.7130630218298
1	3.8502007547449	15.7130630218298
1	2.52270579817393	-5.30389799172775
1	5.11696609741804	15.7130630218298
1	4.77284530274987	-5.30389799172775
1	1.76151390353771	-5.30389799172775
1	7.41220492908094	15.7130630218298
1	2.48994593971797	15.7130630218298
1	0.151010699574383	15.7130630218298
1	2.71120079609156	-5.30389799172775
1	3.41507667846469	15.7130630218298
1	7.61595679811872	-5.30389799172775
1	3.21160473578742	-5.30389799172775
1	3.91399761084683	-5.30389799172775
1	2.84569412928694	15.7130630218298
1	2.33199831526691	15.7130630218298
1	2.93054794337745	-5.30389799172775
1	4.57527921126032	-5.30389799172775
1	7.15049001730457	-5.30389799172775
1	5.05478487752754	-5.30389799172775
1	5.41581679677341	-5.30389799172775
1	0.537353156883912	15.7130630218298
1	4.96779114010676	15.7130630218298
1	3.4398496073213	-5.30389799172775
1	0.0654999418155149	-5.30389799172775
1	4.04204548529628	-5.30389799172775
1	2.68249079056797	15.7130630218298
1	5.9291746239396	-5.30389799172775
1	1.46783600079067	-5.30389799172775
1	2.13957649214291	-5.30389799172775
1	1.14778100524513	-5.30389799172775
1	2.64579207712692	-5.30389799172775
1	3.80402355897268	15.7130630218298
1	1.53650365376079	15.7130630218298
1	4.66074633596335	-5.30389799172775
1	0.58383442739107	15.7130630218298
1	0.904031174384517	-5.30389799172775
1	5.88231541368856	15.7130630218298
1	0.968305069390702	-5.30389799172775
1	3.82394942463503	15.7130630218298
1	2.23784789778216	-5.30389799172775
1	1.74709237851534	-5.30389799172775
1	3.36728664844416	-5.30389799172775
1	1.32874277517991	15.7130630218298
1	6.19056160427558	15.7130630218298
1	3.65901554363072	-5.30389799172775
1	1.35906323176397	15.7130630218298
1	3.97485810485697	15.7130630218298
1	4.47664941025843	15.7130630218298
1	4.15156270330698	15.7130630218298
1	2.38922322568729	-5.30389799172775
1	6.0235623369017	-5.30389799172775
1	3.77968647282286	-5.30389799172775
1	1.75751883891639	15.7130630218298
1	-1.429399774355	-5.30389799172775
1	5.24986183628622	15.7130630218298
1	2.91013278196954	15.7130630218298
1	2.96761947380211	15.7130630218298
1	4.8876724213706	15.7130630218298
1	4.64244239019618	-5.30389799172775
1	4.18780264243502	15.7130630218298
1	4.83795474321644	15.7130630218298
1	4.56427260146213	-5.30389799172775
1	3.14912996673038	15.7130630218298
1	-0.978703391726746	-5.30389799172775
1	4.23965149578942	-5.30389799172775
1	2.887742520942	-5.30389799172775
1	2.68840898658934	-5.30389799172775
1	0.0584952322014511	-5.30389799172775
1	2.04369988978276	15.7130630218298
1	3.83588312039941	-5.30389799172775
1	5.71735910305809	-5.30389799172775
1	2.79442454531401	15.7130630218298
1	3.77534322311874	15.7130630218298
1	2.89238991883419	-5.30389799172775
1	0.245880886342787	15.7130630218298
1	2.17001087340064	15.7130630218298
1	2.2114200925793	15.7130630218298
1	2.88137320657763	-5.30389799172775
1	5.20005074396777	15.7130630218298
1	4.52635149691509	-5.30389799172775
1	2.67095280749283	15.7130630218298
1	2.49327663972699	15.7130630218298
1	4.39392675080947	15.7130630218298
1	4.11332639734732	15.7130630218298
1	1.62248861090096	15.7130630218298
1	1.58500968607576	15.7130630218298
1	3.72916392427366	-5.30389799172775
1	4.53706584903083	-5.30389799172775
1	2.77530757569954	15.7130630218298
1	4.76221545290843	15.7130630218298
1	3.79621176073414	-5.30389799172775
1	1.77594721349846	15.7130630218298
1	3.68223938284885	-5.30389799172775
1	0.741273807838415	-5.30389799172775
1	5.86604740340207	-5.30389799172775
1	6.96079979701172	-5.30389799172775
1	2.26555704706698	-5.30389799172775
1	0.911730747366938	15.7130630218298
1	4.13943925488483	15.7130630218298
1	2.72989079223835	-5.30389799172775
1	7.80323552100955	15.7130630218298
1	2.92151999453366	-5.30389799172775
1	4.37947872490155	-5.30389799172775
1	3.05600431756133	-5.30389799172775
1	1.51345358223519	15.7130630218298
1	3.37758459902869	-5.30389799172775
1	-0.609917257782076	-5.30389799172775
1	5.93110972312577	15.7130630218298
1	3.3065066764238	-5.30389799172775
1	7.34522334072431	15.7130630218298
1	3.95101905779933	-5.30389799172775
1	1.58010713815637	15.7130630218298
1	4.22145270697811	-5.30389799172775
1	1.1318047367115	-5.30389799172775
1	0.492733199521796	-5.30389799172775
1	3.58289247103493	15.7130630218298
1	2.11341625356313	15.7130630218298
1	3.00221070326325	-5.30389799172775
1	3.14868264830333	15.7130630218298
1	1.82095810762386	15.7130630218298
1	1.862662534363	-5.30389799172775
1	2.72964276975234	15.7130630218298
1	5.35617399314641	-5.30389799172775
1	-0.047133600859524	-5.30389799172775
1	4.18789237525684	15.7130630218298
1	3.66590074242704	-5.30389799172775
1	5.12619967455273	15.7130630218298
1	2.3916321527314	-5.30389799172775
1	3.74003761983258	-5.30389799172775
1	3.53419758154446	-5.30389799172775
1	1.9149599380167	-5.30389799172775
1	5.41573561196634	-5.30389799172775
1	5.3208052313899	15.7130630218298
1	4.40042729903	15.7130630218298
1	6.17366690908169	15.7130630218298
1	4.11697285113061	15.7130630218298
1	0.446815583083927	-5.30389799172775
1	1.85346917152623	-5.30389799172775
1	0.550774770203288	15.7130630218298
1	2.05319872712138	15.7130630218298
1	1.75926664555175	15.7130630218298
1	3.08423174628847	-5.30389799172775
1	1.17815670289511	-5.30389799172775
1	3.31605754480815	15.7130630218298
1	1.69083071216236	15.7130630218298
1	6.53457453874529	-5.30389799172775
1	4.43341495203441	-5.30389799172775
1	4.82034845899046	-5.30389799172775
1	3.76837071565269	15.7130630218298
1	6.36435216103884	15.7130630218298
1	1.72852709210205	15.7130630218298
1	2.07671053927887	15.7130630218298
1	5.86456447708333	-5.30389799172775
1	1.69860729337927	-5.30389799172775
1	2.58523851279607	-5.30389799172775
1	2.21438414111603	-5.30389799172775
1	2.36001426290299	15.7130630218298
1	2.44177339404688	-5.30389799172775
1	3.98837666253565	-5.30389799172775
1	2.64533903546079	15.7130630218298
1	1.98808507577149	15.7130630218298
1	5.68607765034082	15.7130630218298
1	2.57084118290626	-5.30389799172775
1	2.64088693991323	-5.30389799172775
1	2.79961851757288	15.7130630218298
1	4.42533261410281	-5.30389799172775
1	2.85287119174735	15.7130630218298
1	2.9247316570659	-5.30389799172775
1	1.63667904248869	-5.30389799172775
1	2.35145945550736	15.7130630218298
1	3.12032088086903	15.7130630218298
1	1.82221102748067	-5.30389799172775
1	4.06299238526514	-5.30389799172775
1	-0.0367881635735743	15.7130630218298
1	3.61311572157953	15.7130630218298
1	-0.0728996470751722	15.7130630218298
1	2.39804774632678	15.7130630218298
1	1.94344019110999	15.7130630218298
1	1.695810438638	15.7130630218298
1	2.88620644430522	15.7130630218298
1	-0.828718851360024	15.7130630218298
1	5.35316662403713	15.7130630218298
1	-0.329944872424007	-5.30389799172775
1	2.07293919705523	-5.30389799172775
1	0.768159789914309	15.7130630218298
1	1.4983619976131	-5.30389799172775
1	7.17433309125669	-5.30389799172775
1	3.0347912393865	15.7130630218298
1	0.427398939131349	-5.30389799172775
1	-0.281211068837157	15.7130630218298
1	3.90037420254531	15.7130630218298
1	2.96288033457072	15.7130630218298
1	2.36386325091231	-5.30389799172775
1	1.1412757050926	-5.30389799172775
1	0.0250793797170306	15.7130630218298
1	0.849615406768638	-5.30389799172775
1	5.00005760742783	15.7130630218298
1	1.75746661040635	-5.30389799172775
1	0.231146305231017	-5.30389799172775
1	6.73858124484716	-5.30389799172775
1	3.8502007547449	-5.30389799172775
1	2.52270579817393	15.7130630218298
1	5.11696609741804	-5.30389799172775
1	4.77284530274987	15.7130630218298
1	1.76151390353771	15.7130630218298
1	7.41220492908094	-5.30389799172775
1	2.48994593971797	-5.30389799172775
1	0.151010699574383	-5.30389799172775
1	2.71120079609156	15.7130630218298
1	3.41507667846469	-5.30389799172775
1	7.61595679811872	15.7130630218298
1	3.21160473578742	15.7130630218298
1	3.91399761084683	15.7130630218298
1	2.84569412928694	-5.30389799172775
1	2.33199831526691	-5.30389799172775
1	2.93054794337745	15.7130630218298
1	4.57527921126032	15.7130630218298
1	7.15049001730457	15.7130630218298
1	5.05478487752754	15.7130630218298
1	5.41581679677341	15.7130630218298
1	0.537353156883912	-5.30389799172775
1	4.96779114010676	-5.30389799172775
1	3.4398496073213	15.7130630218298
1	0.0654999418155149	15.7130630218298
1	4.04204548529628	15.7130630218298
1	2.68249079056797	-5.30389799172775
1	5.9291746239396	15.7130630218298
1	1.46783600079067	15.7130630218298
1	2.13957649214291	15.7130630218298
1	1.14778100524513	15.7130630218298
1	2.64579207712692	15.7130630218298
1	3.80402355897268	-5.30389799172775
1	1.53650365376079	-5.30389799172775
1	4.66074633596335	15.7130630218298
1	0.58383442739107	-5.30389799172775
1	0.904031174384517	15.7130630218298
1	5.88231541368856	-5.30389799172775
1	0.968305069390702	15.7130630218298
1	3.82394942463503	-5.30389799172775
1	2.23784789778216	15.7130630218298
1	1.74709237851534	15.7130630218298
1	3.36728664844416	15.7130630218298
1	1.32874277517991	-5.30389799172775
1	6.19056160427558	-5.30389799172775
1	3.65901554363072	15.7130630218298
1	1.35906323176397	-5.30389799172775
1	3.97485810485697	-5.30389799172775
1	4.47664941025843	-5.30389799172775
1	4.15156270330698	-5.30389799172775
1	2.38922322568729	15.7130630218298
1	6.0235623369017	15.7130630218298
1	3.77968647282286	15.7130630218298
1	1.75751883891639	-5.30389799172775
1	-1.429399774355	15.7130630218298
1	5.24986183628622	-5.30389799172775
1	2.91013278196954	-5.30389799172775
1	2.96761947380211	-5.30389799172775
1	4.8876724213706	-5.30389799172775
1	4.64244239019618	15.7130630218298
1	4.18780264243502	-5.30389799172775
1	4.83795474321644	-5.30389799172775
1	4.56427260146213	15.7130630218298
1	3.14912996673038	-5.30389799172775
1	-0.978703391726746	15.7130630218298
1	4.23965149578942	15.7130630218298
1	2.887742520942	15.7130630218298
1	2.68840898658934	15.7130630218298
1	0.0584952322014511	15.7130630218298
1	2.04369988978276	-5.30389799172775
1	3.83588312039941	15.7130630218298
1	5.71735910305809	15.7130630218298
1	2.79442454531401	-5.30389799172775
1	3.77534322311874	-5.30389799172775
1	2.89238991883419	15.7130630218298
1	0.245880886342787	-5.30389799172775
1	2.17001087340064	-5.30389799172775
1	2.2114200925793	-5.30389799172775
1	2.88137320657763	15.7130630218298
1	5.20005074396777	-5.30389799172775
1	4.52635149691509	15.7130630218298
1	2.67095280749283	-5.30389799172775
1	2.49327663972699	-5.30389799172775
1	4.39392675080947	-5.30389799172775
1	4.11332639734732	-5.30389799172775
1	1.62248861090096	-5.30389799172775
1	1.58500968607576	-5.30389799172775
1	3.72916392427366	15.7130630218298
1	4.53706584903083	15.7130630218298
1	2.77530757569954	-5.30389799172775
1	4.76221545290843	-5.30389799172775
1	3.79621176073414	15.7130630218298
1	1.77594721349846	-5.30389799172775
1	3.68223938284885	15.7130630218298
1	0.741273807838415	15.7130630218298
1	5.86604740340207	15.7130630218298
1	6.96079979701172	15.7130630218298
1	2.26555704706698	15.7130630218298
1	0.911730747366938	-5.30389799172775
1	4.13943925488483	-5.30389799172775
1	2.72989079223835	15.7130630218298
1	7.80323552100955	-5.30389799172775
1	2.92151999453366	15.7130630218298
1	4.37947872490155	15.7130630218298
1	3.05600431756133	15.7130630218298
1	1.51345358223519	-5.30389799172775
1	3.37758459902869	15.7130630218298
1	-0.609917257782076	15.7130630218298
1	5.93110972312577	-5.30389799172775
1	3.3065066764238	15.7130630218298
1	7.34522334072431	-5.30389799172775
1	3.95101905779933	15.7130630218298
1	1.58010713815637	-5.30389799172775
1	4.22145270697811	15.7130630218298
1	1.1318047367115	15.7130630218298
1	0.492733199521796	15.7130630218298
1	3.58289247103493	-5.30389799172775
1	2.11341625356313	-5.30389799172775
1	3.00221070326325	15.7130630218298
1	3.14868264830333	-5.30389799172775
1	1.82095810762386	-5.30389799172775
1	1.862662534363	15.7130630218298
1	2.72964276975234	-5.30389799172775
1	5.35617399314641	15.7130630218298
1	-0.047133600859524	15.7130630218298
1	4.18789237525684	-5.30389799172775
1	3.66590074242704	15.7130630218298
1	5.12619967455273	-5.30389799172775
1	2.3916321527314	15.7130630218298
1	3.74003761983258	15.7130630218298
1	3.53419758154446	15.7130630218298
1	1.9149599380167	15.7130630218298
1	5.41573561196634	15.7130630218298
1	5.3208052313899	-5.30389799172775
1	4.40042729903	-5.30389799172775
1	6.17366690908169	-5.30389799172775
1	4.11697285113061	-5.30389799172775
1	0.446815583083927	15.7130630218298
1	1.85346917152623	15.7130630218298
1	0.550774770203288	-5.30389799172775
1	2.05319872712138	-5.30389799172775
1	1.75926664555175	-5.30389799172775
1	3.08423174628847	15.7130630218298
1	1.17815670289511	15.7130630218298
1	3.31605754480815	-5.30389799172775
1	1.69083071216236	-5.30389799172775
1	6.53457453874529	15.7130630218298
1	4.43341495203441	15.7130630218298
1	4.82034845899046	15.7130630218298
1	3.76837071565269	-5.30389799172775
1	6.36435216103884	-5.30389799172775
1	1.72852709210205	-5.30389799172775
1	2.07671053927887	-5.30389799172775
1	5.86456447708333	15.7130630218298
1	1.69860729337927	15.7130630218298
1	2.58523851279607	15.7130630218298
1	2.21438414111603	15.7130630218298
1	2.36001426290299	-5.30389799172775
1	2.44177339404688	15.7130630218298
1	3.98837666253565	15.7130630218298
1	2.64533903546079	-5.30389799172775
1	1.98808507577149	-5.30389799172775
1	5.68607765034082	-5.30389799172775
1	2.57084118290626	15.7130630218298
1	2.64088693991323	15.7130630218298
1	2.79961851757288	-5.30389799172775
1	4.42533261410281	15.7130630218298
1	2.85287119174735	-5.30389799172775
1	2.9247316570659	15.7130630218298
1	1.63667904248869	15.7130630218298
1	2.35145945550736	-5.30389799172775
1	3.12032088086903	-5.30389799172775
1	1.82221102748067	15.7130630218298
1	4.06299238526514	15.7130630218298
1	-0.0367881635735743	-5.30389799172775
1	3.61311572157953	-5.30389799172775
1	-0.0728996470751722	-5.30389799172775
1	2.39804774632678	-5.30389799172775
1	1.94344019110999	-5.30389799172775
1	1.695810438638	-5.30389799172775
1	2.88620644430522	-5.30389799172775
1	-0.828718851360024	-5.30389799172775
1	5.35316662403713	-5.30389799172775
1	-0.329944872424007	15.7130630218298
1	2.07293919705523	15.7130630218298
1	0.768159789914309	-5.30389799172775
1	1.4983619976131	15.7130630218298
1	7.17433309125669	15.7130630218298
1	3.0347912393865	-5.30389799172775
1	0.427398939131349	15.7130630218298
1	-0.281211068837157	-5.30389799172775
1	3.90037420254531	-5.30389799172775
1	2.96288033457072	-5.30389799172775
1	2.36386325091231	15.7130630218298
1	1.1412757050926	15.7130630218298
1	0.0250793797170306	-5.30389799172775
1	0.849615406768638	15.7130630218298
1	5.00005760742783	-5.30389799172775
1	1.75746661040635	15.7130630218298
1	0.231146305231017	15.7130630218298
1	6.73858124484716	15.7130630218298
1	3.8502007547449	15.7130630218298
1	2.52270579817393	-5.30389799172775
1	5.11696609741804	15.7130630218298
1	4.77284530274987	-5.30389799172775
1	1.76151390353771	-5.30389799172775
1	7.41220492908094	15.7130630218298
1	2.48994593971797	15.7130630218298
1	0.151010699574383	15.7130630218298
1	2.71120079609156	-5.30389799172775
1	3.41507667846469	15.7130630218298
1	7.61595679811872	-5.30389799172775
1	3.21160473578742	-5.30389799172775
1	3.91399761084683	-5.30389799172775
1	2.84569412928694	15.7130630218298
1	2.33199831526691	15.7130630218298
1	2.93054794337745	-5.30389799172775
1	4.57527921126032	-5.30389799172775
1	7.15049001730457	-5.30389799172775
1	5.05478487752754	-5.30389799172775
1	5.41581679677341	-5.30389799172775
1	0.537353156883912	15.7130630218298
1	4.96779114010676	15.7130630218298
1	3.4398496073213	-5.30389799172775
1	0.0654999418155149	-5.30389799172775
1	4.04204548529628	-5.30389799172775
1	2.68249079056797	15.7130630218298
1	5.9291746239396	-5.30389799172775
1	1.46783600079067	-5.30389799172775
1	2.13957649214291	-5.30389799172775
1	1.14778100524513	-5.30389799172775
1	2.64579207712692	-5.30389799172775
1	3.80402355897268	15.7130630218298
1	1.53650365376079	15.7130630218298
1	4.66074633596335	-5.30389799172775
1	0.58383442739107	15.7130630218298
1	0.904031174384517	-5.30389799172775
1	5.88231541368856	15.7130630218298
1	0.968305069390702	-5.30389799172775
1	3.82394942463503	15.7130630218298
1	2.23784789778216	-5.30389799172775
1	1.74709237851534	-5.30389799172775
1	3.36728664844416	-5.30389799172775
1	1.32874277517991	15.7130630218298
1	6.19056160427558	15.7130630218298
1	3.65901554363072	-5.30389799172775
1	1.35906323176397	15.7130630218298
1	3.97485810485697	15.7130630218298
1	4.47664941025843	15.7130630218298
1	4.15156270330698	15.7130630218298
1	2.38922322568729	-5.30389799172775
1	6.0235623369017	-5.30389799172775
1	3.77968647282286	-5.30389799172775
1	1.75751883891639	15.7130630218298
1	-1.429399774355	-5.30389799172775
1	5.24986183628622	15.7130630218298
1	2.91013278196954	15.7130630218298
1	2.96761947380211	15.7130630218298
1	4.8876724213706	15.7130630218298
1	4.64244239019618	-5.30389799172775
1	4.18780264243502	15.7130630218298
1	4.83795474321644	15.7130630218298
1	4.56427260146213	-5.30389799172775
1	3.14912996673038	15.7130630218298
1	-0.978703391726746	-5.30389799172775
1	4.23965149578942	-5.30389799172775
1	2.887742520942	-5.30389799172775
1	2.68840898658934	-5.30389799172775
1	0.0584952322014511	-5.30389799172775
1	2.04369988978276	15.7130630218298
1	3.83588312039941	-5.30389799172775
1	5.71735910305809	-5.30389799172775
1	2.79442454531401	15.7130630218298
1	3.77534322311874	15.7130630218298
1	2.89238991883419	-5.30389799172775
1	0.245880886342787	15.7130630218298
1	2.17001087340064	15.7130630218298
1	2.2114200925793	15.7130630218298
1	2.88137320657763	-5.30389799172775
1	5.20005074396777	15.7130630218298
1	4.52635149691509	-5.30389799172775
1	2.67095280749283	15.7130630218298
1	2.49327663972699	15.7130630218298
1	4.39392675080947	15.7130630218298
1	4.11332639734732	15.7130630218298
1	1.62248861090096	15.7130630218298
1	1.58500968607576	15.7130630218298
1	3.72916392427366	-5.30389799172775
1	4.53706584903083	-5.30389799172775
1	2.77530757569954	15.7130630218298
1	4.76221545290843	15.7130630218298
1	3.79621176073414	-5.30389799172775
1	1.77594721349846	15.7130630218298
1	3.68223938284885	-5.30389799172775
1	0.741273807838415	-5.30389799172775
1	5.86604740340207	-5.30389799172775
1	6.96079979701172	-5.30389799172775
1	2.26555704706698	-5.30389799172775
1	0.911730747366938	15.7130630218298
1	4.13943925488483	15.7130630218298
1	2.72989079223835	-5.30389799172775
1	7.80323552100955	15.7130630218298
1	2.92151999453366	-5.30389799172775
1	4.37947872490155	-5.30389799172775
1	3.05600431756133	-5.30389799172775
1	1.51345358223519	15.7130630218298
1	3.37758459902869	-5.30389799172775
1	-0.609917257782076	-5.30389799172775
1	5.93110972312577	15.7130630218298
1	3.3065066764238	-5.30389799172775
1	7.34522334072431	15.7130630218298
1	3.95101905779933	-5.30389799172775
1	1.58010713815637	15.7130630218298
1	4.22145270697811	-5.30389799172775
1	1.1318047367115	-5.30389799172775
1	0.492733199521796	-5.30389799172775
1	3.58289247103493	15.7130630218298
1	2.11341625356313	15.7130630218298
1	3.00221070326325	-5.30389799172775
1	3.14868264830333	15.7130630218298
1	1.82095810762386	15.7130630218298
1	1.862662534363	-5.30389799172775
1	2.72964276975234	15.7130630218298
1	5.35617399314641	-5.30389799172775
1	-0.047133600859524	-5.30389799172775
1	4.18789237525684	15.7130630218298
1	3.66590074242704	-5.30389799172775
1	5.12619967455273	15.7130630218298
1	2.3916321527314	-5.30389799172775
1	3.74003761983258	-5.30389799172775
1	3.53419758154446	-5.30389799172775
1	1.9149599380167	-5.30389799172775
1	5.41573561196634	-5.30389799172775
1	5.3208052313899	15.7130630218298
1	4.40042729903	15.7130630218298
1	6.17366690908169	15.7130630218298
1	4.11697285113061	15.7130630218298
1	0.446815583083927	-5.30389799172775
1	1.85346917152623	-5.30389799172775
1	0.550774770203288	15.7130630218298
1	2.05319872712138	15.7130630218298
1	1.75926664555175	15.7130630218298
1	3.08423174628847	-5.30389799172775
1	1.17815670289511	-5.30389799172775
1	3.31605754480815	15.7130630218298
1	1.69083071216236	15.7130630218298
1	6.53457453874529	-5.30389799172775
1	4.43341495203441	-5.30389799172775
1	4.82034845899046	-5.30389799172775
1	3.76837071565269	15.7130630218298
1	6.36435216103884	15.7130630218298
1	1.72852709210205	15.7130630218298
1	2.07671053927887	15.7130630218298
1	5.86456447708333	-5.30389799172775
1	1.69860729337927	-5.30389799172775
1	2.58523851279607	-5.30389799172775
1	2.21438414111603	-5.30389799172775
1	2.36001426290299	15.7130630218298
1	2.44177339404688	-5.30389799172775
1	3.98837666253565	-5.30389799172775
1	2.64533903546079	15.7130630218298
1	1.98808507577149	15.7130630218298
1	5.68607765034082	15.7130630218298
1	2.57084118290626	-5.30389799172775
1	2.64088693991323	-5.30389799172775
1	2.79961851757288	15.7130630218298
1	4.42533261410281	-5.30389799172775
1	2.85287119174735	15.7130630218298
1	2.9247316570659	-5.30389799172775
1	1.63667904248869	-5.30389799172775
1	2.35145945550736	15.7130630218298
1	3.12032088086903	15.7130630218298
1	1.82221102748067	-5.30389799172775
1	4.06299238526514	-5.30389799172775
1	-0.0367881635735743	15.7130630218298
1	3.61311572157953	15.7130630218298
1	-0.0728996470751722	15.7130630218298
1	2.39804774632678	15.7130630218298
1	1.94344019110999	15.7130630218298
1	1.695810438638	15.7130630218298
1	2.88620644430522	15.7130630218298
1	-0.828718851360024	15.7130630218298
1	5.35316662403713	15.7130630218298
1	-0.329944872424007	-5.30389799172775
1	2.07293919705523	-5.30389799172775
1	0.768159789914309	15.7130630218298
1	1.4983619976131	-5.30389799172775
1	7.17433309125669	-5.30389799172775
1	3.0347912393865	15.7130630218298
1	0.427398939131349	-5.30389799172775
1	-0.281211068837157	15.7130630218298
1	3.90037420254531	15.7130630218298
1	2.96288033457072	15.7130630218298
1	2.36386325091231	-5.30389799172775
1	1.1412757050926	-5.30389799172775
1	0.0250793797170306	15.7130630218298
1	0.849615406768638	-5.30389799172775
1	5.00005760742783	15.7130630218298
1	1.75746661040635	-5.30389799172775
1	0.231146305231017	-5.30389799172775
1	6.73858124484716	-5.30389799172775
1	3.8502007547449	-5.30389799172775
1	2.52270579817393	15.7130630218298
1	5.11696609741804	-5.30389799172775
1	4.77284530274987	15.7130630218298
1	1.76151390353771	15.7130630218298
1	7.41220492908094	-5.30389799172775
1	2.48994593971797	-5.30389799172775
1	0.151010699574383	-5.30389799172775
1	2.71120079609156	15.7130630218298
1	3.41507667846469	-5.30389799172775
1	7.61595679811872	15.7130630218298
1	3.21160473578742	15.7130630218298
1	3.91399761084683	15.7130630218298
1	2.84569412928694	-5.30389799172775
1	2.33199831526691	-5.30389799172775
1	2.93054794337745	15.7130630218298
1	4.57527921126032	15.7130630218298
1	7.15049001730457	15.7130630218298
1	5.05478487752754	15.7130630218298
1	5.41581679677341	15.7130630218298
1	0.537353156883912	-5.30389799172775
1	4.96779114010676	-5.30389799172775
1	3.4398496073213	15.7130630218298
1	0.0654999418155149	15.7130630218298
1	4.04204548529628	15.7130630218298
1	2.68249079056797	-5.30389799172775
1	5.9291746239396	15.7130630218298
1	1.46783600079067	15.7130630218298
1	2.13957649214291	15.7130630218298
1	1.14778100524513	15.7130630218298
1	2.64579207712692	15.7130630218298
1	3.80402355897268	-5.30389799172775
1	1.53650365376079	-5.30389799172775
1	4.66074633596335	15.7130630218298
1	0.58383442739107	-5.30389799172775
1	0.904031174384517	15.7130630218298
1	5.88231541368856	-5.30389799172775
1	0.968305069390702	15.7130630218298
1	3.82394942463503	-5.30389799172775
1	2.23784789778216	15.7130630218298
1	1.74709237851534	15.7130630218298
1	3.36728664844416	15.7130630218298
1	1.32874277517991	-5.30389799172775
1	6.19056160427558	-5.30389799172775
1	3.65901554363072	15.7130630218298
1	1.35906323176397	-5.30389799172775
1	3.97485810485697	-5.30389799172775
1	4.47664941025843	-5.30389799172775
1	4.15156270330698	-5.30389799172775
1	2.38922322568729	15.7130630218298
1	6.0235623369017	15.7130630218298
1	3.77968647282286	15.7130630218298
1	1.75751883891639	-5.30389799172775
1	-1.429399774355	15.7130630218298
1	5.24986183628622	-5.30389799172775
1	2.91013278196954	-5.30389799172775
1	2.96761947380211	-5.30389799172775
1	4.8876724213706	-5.30389799172775
1	4.64244239019618	15.7130630218298
1	4.18780264243502	-5.30389799172775
1	4.83795474321644	-5.30389799172775
1	4.56427260146213	15.7130630218298
1	3.14912996673038	-5.30389799172775
1	-0.978703391726746	15.7130630218298
1	4.23965149578942	15.7130630218298
1	2.887742520942	15.7130630218298
1	2.68840898658934	15.7130630218298
1	0.0584952322014511	15.7130630218298
1	2.04369988978276	-5.30389799172775
1	3.83588312039941	15.7130630218298
1	5.71735910305809	15.7130630218298
1	2.79442454531401	-5.30389799172775
1	3.77534322311874	-5.30389799172775
1	2.89238991883419	15.7130630218298
1	0.245880886342787	-5.30389799172775
1	2.17001087340064	-5.30389799172775
1	2.2114200925793	-5.30389799172775
1	2.88137320657763	15.7130630218298
1	5.20005074396777	-5.30389799172775
1	4.52635149691509	15.7130630218298
1	2.67095280749283	-5.30389799172775
1	2.49327663972699	-5.30389799172775
1	4.39392675080947	-5.30389799172775
1	4.11332639734732	-5.30389799172775
1	1.62248861090096	-5.30389799172775
1	1.58500968607576	-5.30389799172775
1	3.72916392427366	15.7130630218298
1	4.53706584903083	15.7130630218298
1	2.77530757569954	-5.30389799172775
1	4.76221545290843	-5.30389799172775
1	3.79621176073414	15.7130630218298
1	1.77594721349846	-5.30389799172775
1	3.68223938284885	15.7130630218298
1	0.741273807838415	15.7130630218298
1	5.86604740340207	15.7130630218298
1	6.96079979701172	15.7130630218298
1	2.26555704706698	15.7130630218298
1	0.911730747366938	-5.30389799172775
1	4.13943925488483	-5.30389799172775
1	2.72989079223835	15.7130630218298
1	7.80323552100955	-5.30389799172775
1	2.92151999453366	15.7130630218298
1	4.37947872490155	15.7130630218298
1	3.05600431756133	15.7130630218298
1	1.51345358223519	-5.30389799172775
1	3.37758459902869	15.7130630218298
1	-0.609917257782076	15.7130630218298
1	5.93110972312577	-5.30389799172775
1	3.3065066764238	15.7130630218298
1	7.34522334072431	-5.30389799172775
1	3.95101905779933	15.7130630218298
1	1.58010713815637	-5.30389799172775
1	4.22145270697811	15.7130630218298
1	1.1318047367115	15.7130630218298
1	0.492733199521796	15.7130630218298
1	3.58289247103493	-5.30389799172775
1	2.11341625356313	-5.30389799172775
1	3.00221070326325	15.7130630218298
1	3.14868264830333	-5.30389799172775
1	1.82095810762386	-5.30389799172775
1	1.862662534363	15.7130630218298
1	2.72964276975234	-5.30389799172775
1	5.35617399314641	15.7130630218298
1	-0.047133600859524	15.7130630218298
1	4.18789237525684	-5.30389799172775
1	3.66590074242704	15.7130630218298
1	5.12619967455273	-5.30389799172775
1	2.3916321527314	15.7130630218298
1	3.74003761983258	15.7130630218298
1	3.53419758154446	15.7130630218298
1	1.9149599380167	15.7130630218298
1	5.41573561196634	15.7130630218298
1	5.3208052313899	-5.30389799172775
1	4.40042729903	-5.30389799172775
1	6.17366690908169	-5.30389799172775
1	4.11697285113061	-5.30389799172775
1	0.446815583083927	15.7130630218298
1	1.85346917152623	15.7130630218298
1	0.550774770203288	-5.30389799172775
1	2.05319872712138	-5.30389799172775
1	1.75926664555175	-5.30389799172775
1	3.08423174628847	15.7130630218298
1	1.17815670289511	15.7130630218298
1	3.31605754480815	-5.30389799172775
1	1.69083071216236	-5.30389799172775
1	6.53457453874529	15.7130630218298
1	4.43341495203441	15.7130630218298
1	4.82034845899046	15.7130630218298
1	3.76837071565269	-5.30389799172775
1	6.36435216103884	-5.30389799172775
1	1.72852709210205	-5.30389799172775
1	2.07671053927887	-5.30389799172775
1	5.86456447708333	15.7130630218298
1	1.69860729337927	15.7130630218298
1	2.58523851279607	15.7130630218298
1	2.21438414111603	15.7130630218298
1	2.36001426290299	-5.30389799172775
1	2.44177339404688	15.7130630218298
1	3.98837666253565	15.7130630218298
1	2.64533903546079	-5.30389799172775
1	1.98808507577149	-5.30389799172775
1	5.68607765034082	-5.30389799172775
1	2.57084118290626	15.7130630218298
1	2.64088693991323	15.7130630218298
1	2.79961851757288	-5.30389799172775
1	4.42533261410281	15.7130630218298
1	2.85287119174735	-5.30389799172775
1	2.9247316570659	15.7130630218298
1	1.63667904248869	15.7130630218298
1	2.35145945550736	-5.30389799172775
1	3.12032088086903	-5.30389799172775
1	1.82221102748067	15.7130630218298
1	4.06299238526514	15.7130630218298
1	-0.0367881635735743	-5.30389799172775
1	3.61311572157953	-5.30389799172775
1	-0.0728996470751722	-5.30389799172775
1	2.39804774632678	-5.30389799172775
1	1.94344019110999	-5.30389799172775
1	1.695810438638	-5.30389799172775
1	2.88620644430522	-5.30389799172775
1	-0.828718851360024	-5.30389799172775
1	5.35316662403713	-5.30389799172775
1	-0.329944872424007	15.7130630218298
1	2.07293919705523	15.7130630218298
1	0.768159789914309	-5.30389799172775
1	1.4983619976131	15.7130630218298
1	7.17433309125669	15.7130630218298
1	3.0347912393865	-5.30389799172775
1	0.427398939131349	15.7130630218298
1	-0.281211068837157	-5.30389799172775
1	3.90037420254531	-5.30389799172775
1	2.96288033457072	-5.30389799172775
1	2.36386325091231	15.7130630218298
1	1.1412757050926	15.7130630218298
1	0.0250793797170306	-5.30389799172775
1	0.849615406768638	15.7130630218298
1	5.00005760742783	-5.30389799172775
1	1.75746661040635	15.7130630218298
1	0.231146305231017	15.7130630218298
1	6.73858124484716	15.7130630218298
1	3.8502007547449	15.7130630218298
1	2.52270579817393	-5.30389799172775
1	5.11696609741804	15.7130630218298
1	4.77284530274987	-5.30389799172775
1	1.76151390353771	-5.30389799172775
1	7.41220492908094	15.7130630218298
1	2.48994593971797	15.7130630218298
1	0.151010699574383	15.7130630218298
1	2.71120079609156	-5.30389799172775
1	3.41507667846469	15.7130630218298
1	7.61595679811872	-5.30389799172775
1	3.21160473578742	-5.30389799172775
1	3.91399761084683	-5.30389799172775
1	2.84569412928694	15.7130630218298
1	2.33199831526691	15.7130630218298
1	2.93054794337745	-5.30389799172775
1	4.57527921126032	-5.30389799172775
1	7.15049001730457	-5.30389799172775
1	5.05478487752754	-5.30389799172775
1	5.41581679677341	-5.30389799172775
1	0.537353156883912	15.7130630218298
1	4.96779114010676	15.7130630218298
1	3.4398496073213	-5.30389799172775
1	0.0654999418155149	-5.30389799172775
1	4.04204548529628	-5.30389799172775
1	2.68249079056797	15.7130630218298
1	5.9291746239396	-5.30389799172775
1	1.46783600079067	-5.30389799172775
1	2.13957649214291	-5.30389799172775
1	1.14778100524513	-5.30389799172775
1	2.64579207712692	-5.30389799172775
1	3.80402355897268	15.7130630218298
1	1.53650365376079	15.7130630218298
1	4.66074633596335	-5.30389799172775
1	0.58383442739107	15.7130630218298
1	0.904031174384517	-5.30389799172775
1	5.88231541368856	15.7130630218298
1	0.968305069390702	-5.30389799172775
1	3.82394942463503	15.7130630218298
1	2.23784789778216	-5.30389799172775
1	1.74709237851534	-5.30389799172775
1	3.36728664844416	-5.30389799172775
1	1.32874277517991	15.7130630218298
1	6.19056160427558	15.7130630218298
1	3.65901554363072	-5.30389799172775
1	1.35906323176397	15.7130630218298
1	3.97485810485697	15.7130630218298
1	4.47664941025843	15.7130630218298
1	4.15156270330698	15.7130630218298
1	2.38922322568729	-5.30389799172775
1	6.0235623369017	-5.30389799172775
1	3.77968647282286	-5.30389799172775
1	1.75751883891639	15.7130630218298
1	-1.429399774355	-5.30389799172775
1	5.24986183628622	15.7130630218298
1	2.91013278196954	15.7130630218298
1	2.96761947380211	15.7130630218298
1	4.8876724213706	15.7130630218298
1	4.64244239019618	-5.30389799172775
1	4.18780264243502	15.7130630218298
1	4.83795474321644	15.7130630218298
1	4.56427260146213	-5.30389799172775
1	3.14912996673038	15.7130630218298
1	-0.978703391726746	-5.30389799172775
1	4.23965149578942	-5.30389799172775
1	2.887742520942	-5.30389799172775
1	2.68840898658934	-5.30389799172775
1	0.0584952322014511	-5.30389799172775
1	2.04369988978276	15.7130630218298
1	3.83588312039941	-5.30389799172775
1	5.71735910305809	-5.30389799172775
1	2.79442454531401	15.7130630218298
1	3.77534322311874	15.7130630218298
1	2.89238991883419	-5.30389799172775
1	0.245880886342787	15.7130630218298
1	2.17001087340064	15.7130630218298
1	2.2114200925793	15.7130630218298
1	2.88137320657763	-5.30389799172775
1	5.20005074396777	15.7130630218298
1	4.52635149691509	-5.30389799172775
1	2.67095280749283	15.7130630218298
1	2.49327663972699	15.7130630218298
1	4.39392675080947	15.7130630218298
1	4.11332639734732	15.7130630218298
1	1.62248861090096	15.7130630218298
1	1.58500968607576	15.7130630218298
1	3.72916392427366	-5.30389799172775
1	4.53706584903083	-5.30389799172775
1	2.77530757569954	15.7130630218298
1	4.76221545290843	15.7130630218298
1	3.79621176073414	-5.30389799172775
1	1.77594721349846	15.7130630218298
1	3.68223938284885	-5.30389799172775
1	0.741273807838415	-5.30389799172775
1	5.86604740340207	-5.30389799172775
1	6.96079979701172	-5.30389799172775
1	2.26555704706698	-5.30389799172775
1	0.911730747366938	15.7130630218298
1	4.13943925488483	15.7130630218298
1	2.72989079223835	-5.30389799172775
1	7.80323552100955	15.7130630218298
1	2.92151999453366	-5.30389799172775
1	4.37947872490155	-5.30389799172775
1	3.05600431756133	-5.30389799172775
1	1.51345358223519	15.7130630218298
1	3.37758459902869	-5.30389799172775
1	-0.609917257782076	-5.30389799172775
1	5.93110972312577	15.7130630218298
1	3.3065066764238	-5.30389799172775
1	7.34522334072431	15.7130630218298
1	3.95101905779933	-5.30389799172775
1	1.58010713815637	15.7130630218298
1	4.22145270697811	-5.30389799172775
1	1.1318047367115	-5.30389799172775
1	0.492733199521796	-5.30389799172775
1	3.58289247103493	15.7130630218298
1	2.11341625356313	15.7130630218298
1	3.00221070326325	-5.30389799172775
1	3.14868264830333	15.7130630218298
1	1.82095810762386	15.7130630218298
1	1.862662534363	-5.30389799172775
1	2.72964276975234	15.7130630218298
1	5.35617399314641	-5.30389799172775
1	-0.047133600859524	-5.30389799172775
1	4.18789237525684	15.7130630218298
1	3.66590074242704	-5.30389799172775
1	5.12619967455273	15.7130630218298
1	2.3916321527314	-5.30389799172775
1	3.74003761983258	-5.30389799172775
1	3.53419758154446	-5.30389799172775
1	1.9149599380167	-5.30389799172775
1	5.41573561196634	-5.30389799172775
1	5.3208052313899	15.7130630218298
1	4.40042729903	15.7130630218298
1	6.17366690908169	15.7130630218298
1	4.11697285113061	15.7130630218298
1	0.446815583083927	-5.30389799172775
1	1.85346917152623	-5.30389799172775
1	0.550774770203288	15.7130630218298
1	2.05319872712138	15.7130630218298
1	1.75926664555175	15.7130630218298
1	3.08423174628847	-5.30389799172775
1	1.17815670289511	-5.30389799172775
1	3.31605754480815	15.7130630218298
1	1.69083071216236	15.7130630218298
1	6.53457453874529	-5.30389799172775
1	4.43341495203441	-5.30389799172775
1	4.82034845899046	-5.30389799172775
1	3.76837071565269	15.7130630218298
1	6.36435216103884	15.7130630218298
1	1.72852709210205	15.7130630218298
1	2.07671053927887	15.7130630218298
1	5.86456447708333	-5.30389799172775
1	1.69860729337927	-5.30389799172775
1	2.58523851279607	-5.30389799172775
1	2.21438414111603	-5.30389799172775
1	2.36001426290299	15.7130630218298
1	2.44177339404688	-5.30389799172775
1	3.98837666253565	-5.30389799172775
1	2.64533903546079	15.7130630218298
1	1.98808507577149	15.7130630218298
1	5.68607765034082	15.7130630218298
1	2.57084118290626	-5.30389799172775
1	2.64088693991323	-5.30389799172775
1	2.79961851757288	15.7130630218298
1	4.42533261410281	-5.30389799172775
1	2.85287119174735	15.7130630218298
1	2.9247316570659	-5.30389799172775
1	1.63667904248869	-5.30389799172775
1	2.35145945550736	15.7130630218298
1	3.12032088086903	15.7130630218298
1	1.82221102748067	-5.30389799172775
1	4.06299238526514	-5.30389799172775
1	-0.0367881635735743	15.7130630218298
1	3.61311572157953	15.7130630218298
1	-0.0728996470751722	15.7130630218298
1	2.39804774632678	15.7130630218298
1	1.94344019110999	15.7130630218298
1	1.695810438638	15.7130630218298
1	2.88620644430522	15.7130630218298
1	-0.828718851360024	15.7130630218298
1	5.35316662403713	15.7130630218298
1	-0.329944872424007	-5.30389799172775
1	2.07293919705523	-5.30389799172775
1	0.768159789914309	15.7130630218298
1	1.4983619976131	-5.30389799172775
1	7.17433309125669	-5.30389799172775
1	3.0347912393865	15.7130630218298
1	0.427398939131349	-5.30389799172775
1	-0.281211068837157	15.7130630218298
1	3.90037420254531	15.7130630218298
1	2.96288033457072	15.7130630218298
1	2.36386325091231	-5.30389799172775
1	1.1412757050926	-5.30389799172775
1	0.0250793797170306	15.7130630218298
1	0.849615406768638	-5.30389799172775
1	5.00005760742783	15.7130630218298
1	1.75746661040635	-5.30389799172775
1	0.231146305231017	-5.30389799172775
1	6.73858124484716	-5.30389799172775
1	3.8502007547449	-5.30389799172775
1	2.52270579817393	15.7130630218298
1	5.11696609741804	-5.30389799172775
1	4.77284530274987	15.7130630218298
1	1.76151390353771	15.7130630218298
1	7.41220492908094	-5.30389799172775
1	2.48994593971797	-5.30389799172775
1	0.151010699574383	-5.30389799172775
1	2.71120079609156	15.7130630218298
1	3.41507667846469	-5.30389799172775
1	7.61595679811872	15.7130630218298
1	3.21160473578742	15.7130630218298
1	3.91399761084683	15.7130630218298
1	2.84569412928694	-5.30389799172775
1	2.33199831526691	-5.30389799172775
1	2.93054794337745	15.7130630218298
1	4.57527921126032	15.7130630218298
1	7.15049001730457	15.7130630218298
1	5.05478487752754	15.7130630218298
1	5.41581679677341	15.7130630218298
1	0.537353156883912	-5.30389799172775
1	4.96779114010676	-5.30389799172775
1	3.4398496073213	15.7130630218298
1	0.0654999418155149	15.7130630218298
1	4.04204548529628	15.7130630218298
1	2.68249079056797	-5.30389799172775
1	5.9291746239396	15.7130630218298
1	1.46783600079067	15.7130630218298
1	2.13957649214291	15.7130630218298
1	1.14778100524513	15.7130630218298
1	2.64579207712692	15.7130630218298
1	3.80402355897268	-5.30389799172775
1	1.53650365376079	-5.30389799172775
1	4.66074633596335	15.7130630218298
1	0.58383442739107	-5.30389799172775
1	0.904031174384517	15.7130630218298
1	5.88231541368856	-5.30389799172775
1	0.968305069390702	15.7130630218298
1	3.82394942463503	-5.30389799172775
1	2.23784789778216	15.7130630218298
1	1.74709237851534	15.7130630218298
1	3.36728664844416	15.7130630218298
1	1.32874277517991	-5.30389799172775
1	6.19056160427558	-5.30389799172775
1	3.65901554363072	15.7130630218298
1	1.35906323176397	-5.30389799172775
1	3.97485810485697	-5.30389799172775
1	4.47664941025843	-5.30389799172775
1	4.15156270330698	-5.30389799172775
1	2.38922322568729	15.7130630218298
1	6.0235623369017	15.7130630218298
1	3.77968647282286	15.7130630218298
1	1.75751883891639	-5.30389799172775
1	-1.429399774355	15.7130630218298
1	5.24986183628622	-5.30389799172775
1	2.91013278196954	-5.30389799172775
1	2.96761947380211	-5.30389799172775
1	4.8876724213706	-5.30389799172775
1	4.64244239019618	15.7130630218298
1	4.18780264243502	-5.30389799172775
1	4.83795474321644	-5.30389799172775
1	4.56427260146213	15.7130630218298
1	3.14912996673038	-5.30389799172775
1	-0.978703391726746	15.7130630218298
1	4.23965149578942	15.7130630218298
1	2.887742520942	15.7130630218298
1	2.68840898658934	15.7130630218298
1	0.0584952322014511	15.7130630218298
1	2.04369988978276	-5.30389799172775
1	3.83588312039941	15.7130630218298
1	5.71735910305809	15.7130630218298
1	2.79442454531401	-5.30389799172775
1	3.77534322311874	-5.30389799172775
1	2.89238991883419	15.7130630218298
1	0.245880886342787	-5.30389799172775
1	2.17001087340064	-5.30389799172775
1	2.2114200925793	-5.30389799172775
1	2.88137320657763	15.7130630218298
1	5.20005074396777	-5.30389799172775
1	4.52635149691509	15.7130630218298
1	2.67095280749283	-5.30389799172775
1	2.49327663972699	-5.30389799172775
1	4.39392675080947	-5.30389799172775
1	4.11332639734732	-5.30389799172775
1	1.62248861090096	-5.30389799172775
1	1.58500968607576	-5.30389799172775
1	3.72916392427366	15.7130630218298
1	4.53706584903083	15.7130630218298
1	2.77530757569954	-5.30389799172775
1	4.76221545290843	-5.30389799172775
1	3.79621176073414	15.7130630218298
1	1.77594721349846	-5.30389799172775
1	3.68223938284885	15.7130630218298
1	0.741273807838415	15.7130630218298
1	5.86604740340207	15.7130630218298
1	6.96079979701172	15.7130630218298
1	2.26555704706698	15.7130630218298
1	0.911730747366938	-5.30389799172775
1	4.13943925488483	-5.30389799172775
1	2.72989079223835	15.7130630218298
1	7.80323552100955	-5.30389799172775
1	2.92151999453366	15.7130630218298
1	4.37947872490155	15.7130630218298
1	3.05600431756133	15.7130630218298
1	1.51345358223519	-5.30389799172775
1	3.37758459902869	15.7130630218298
1	-0.609917257782076	15.7130630218298
1	5.93110972312577	-5.30389799172775
1	3.3065066764238	15.7130630218298
1	7.34522334072431	-5.30389799172775
1	3.95101905779933	15.7130630218298
1	1.58010713815637	-5.30389799172775
1	4.22145270697811	15.7130630218298
1	1.1318047367115	15.7130630218298
1	0.492733199521796	15.7130630218298
1	3.58289247103493	-5.30389799172775
1	2.11341625356313	-5.30389799172775
1	3.00221070326325	15.7130630218298
1	3.14868264830333	-5.30389799172775
1	1.82095810762386	-5.30389799172775
1	1.862662534363	15.7130630218298
1	2.72964276975234	-5.30389799172775
1	5.35617399314641	15.7130630218298
1	-0.047133600859524	15.7130630218298
1	4.18789237525684	-5.30389799172775
1	3.66590074242704	15.7130630218298
1	5.12619967455273	-5.30389799172775
1	2.3916321527314	15.7130630218298
1	3.74003761983258	15.7130630218298
1	3.53419758154446	15.7130630218298
1	1.9149599380167	15.7130630218298
1	5.41573561196634	15.7130630218298
1	5.3208052313899	-5.30389799172775
1	4.40042729903	-5.30389799172775
1	6.17366690908169	-5.30389799172775
1	4.11697285113061	-5.30389799172775
1	0.446815583083927	15.7130630218298
1	1.85346917152623	15.7130630218298
1	0.550774770203288	-5.30389799172775
1	2.05319872712138	-5.30389799172775
1	1.75926664555175	-5.30389799172775
1	3.08423174628847	15.7130630218298
1	1.17815670289511	15.7130630218298
1	3.31605754480815	-5.30389799172775
1	1.69083071216236	-5.30389799172775
1	6.53457453874529	15.7130630218298
1	4.43341495203441	15.7130630218298
1	4.82034845899046	15.7130630218298
1	3.76837071565269	-5.30389799172775
1	6.36435216103884	-5.30389799172775
1	1.72852709210205	-5.30389799172775
1	2.07671053927887	-5.30389799172775
1	5.86456447708333	15.7130630218298
1	1.69860729337927	15.7130630218298
1	2.58523851279607	15.7130630218298
1	2.21438414111603	15.7130630218298
1	2.36001426290299	-5.30389799172775
1	2.44177339404688	15.7130630218298
1	3.98837666253565	15.7130630218298
1	2.64533903546079	-5.30389799172775
1	1.98808507577149	-5.30389799172775
1	5.68607765034082	-5.30389799172775
1	2.57084118290626	15.7130630218298
1	2.64088693991323	15.7130630218298
1	2.79961851757288	-5.30389799172775
1	4.42533261410281	15.7130630218298
1	2.85287119174735	-5.30389799172775
1	2.9247316570659	15.7130630218298
1	1.63667904248869	15.7130630218298
1	2.35145945550736	-5.30389799172775
1	3.12032088086903	-5.30389799172775
1	1.82221102748067	15.7130630218298
1	4.06299238526514	15.7130630218298
1	-0.0367881635735743	-5.30389799172775
1	3.61311572157953	-5.30389799172775
1	-0.0728996470751722	-5.30389799172775
1	2.39804774632678	-5.30389799172775
1	1.94344019110999	-5.30389799172775
1	1.695810438638	-5.30389799172775
1	2.88620644430522	-5.30389799172775
1	-0.828718851360024	-5.30389799172775
1	5.35316662403713	-5.30389799172775
1	-0.329944872424007	15.7130630218298
1	2.07293919705523	15.7130630218298
1	0.768159789914309	-5.30389799172775
1	1.4983619976131	15.7130630218298
1	7.17433309125669	15.7130630218298
1	3.0347912393865	-5.30389799172775
1	0.427398939131349	15.7130630218298
1	-0.281211068837157	-5.30389799172775
1	3.90037420254531	-5.30389799172775
1	2.96288033457072	-5.30389799172775
1	2.36386325091231	15.7130630218298
1	1.1412757050926	15.7130630218298
1	0.0250793797170306	-5.30389799172775
1	0.849615406768638	15.7130630218298
1	5.00005760742783	-5.30389799172775
1	1.75746661040635	15.7130630218298
1	0.231146305231017	15.7130630218298
1	6.73858124484716	15.7130630218298
1	3.8502007547449	15.7130630218298
1	2.52270579817393	-5.30389799172775
1	5.11696609741804	15.7130630218298
1	4.77284530274987	-5.30389799172775
1	1.76151390353771	-5.30389799172775
1	7.41220492908094	15.7130630218298
1	2.48994593971797	15.7130630218298
1	0.151010699574383	15.7130630218298
1	2.71120079609156	-5.30389799172775
1	3.41507667846469	15.7130630218298
1	7.61595679811872	-5.30389799172775
1	3.21160473578742	-5.30389799172775
1	3.91399761084683	-5.30389799172775
1	2.84569412928694	15.7130630218298
1	2.33199831526691	15.7130630218298
1	2.93054794337745	-5.30389799172775
1	4.57527921126032	-5.30389799172775
1	7.15049001730457	-5.30389799172775
1	5.05478487752754	-5.30389799172775
1	5.41581679677341	-5.30389799172775
1	0.537353156883912	15.7130630218298
1	4.96779114010676	15.7130630218298
1	3.4398496073213	-5.30389799172775
1	0.0654999418155149	-5.30389799172775
1	4.04204548529628	-5.30389799172775
1	2.68249079056797	15.7130630218298
1	5.9291746239396	-5.30389799172775
1	1.46783600079067	-5.30389799172775
1	2.13957649214291	-5.30389799172775
1	1.14778100524513	-5.30389799172775
1	2.64579207712692	-5.30389799172775
1	3.80402355897268	15.7130630218298
1	1.53650365376079	15.7130630218298
1	4.66074633596335	-5.30389799172775
1	0.58383442739107	15.7130630218298
1	0.904031174384517	-5.30389799172775
1	5.88231541368856	15.7130630218298
1	0.968305069390702	-5.30389799172775
1	3.82394942463503	15.7130630218298
1	2.23784789778216	-5.30389799172775
1	1.74709237851534	-5.30389799172775
1	3.36728664844416	-5.30389799172775
1	1.32874277517991	15.7130630218298
1	6.19056160427558	15.7130630218298
1	3.65901554363072	-5.30389799172775
1	1.35906323176397	15.7130630218298
1	3.97485810485697	15.7130630218298
1	4.47664941025843	15.7130630218298
1	4.15156270330698	15.7130630218298
1	2.38922322568729	-5.30389799172775
1	6.0235623369017	-5.30389799172775
1	3.77968647282286	-5.30389799172775
1	1.75751883891639	15.7130630218298
1	-1.429399774355	-5.30389799172775
1	5.24986183628622	15.7130630218298
1	2.91013278196954	15.7130630218298
1	2.96761947380211	15.7130630218298
1	4.8876724213706	15.7130630218298
1	4.64244239019618	-5.30389799172775
1	4.18780264243502	15.7130630218298
1	4.83795474321644	15.7130630218298
1	4.56427260146213	-5.30389799172775
1	3.14912996673038	15.7130630218298
1	-0.978703391726746	-5.30389799172775
1	4.23965149578942	-5.30389799172775
1	2.887742520942	-5.30389799172775
1	2.68840898658934	-5.30389799172775
1	0.0584952322014511	-5.30389799172775
1	2.04369988978276	15.7130630218298
1	3.83588312039941	-5.30389799172775
1	5.71735910305809	-5.30389799172775
1	2.79442454531401	15.7130630218298
1	3.77534322311874	15.7130630218298
1	2.89238991883419	-5.30389799172775
1	0.245880886342787	15.7130630218298
1	2.17001087340064	15.7130630218298
1	2.2114200925793	15.7130630218298
1	2.88137320657763	-5.30389799172775
1	5.20005074396777	15.7130630218298
1	4.52635149691509	-5.30389799172775
1	2.67095280749283	15.7130630218298
1	2.49327663972699	15.7130630218298
1	4.39392675080947	15.7130630218298
1	4.11332639734732	15.7130630218298
1	1.62248861090096	15.7130630218298
1	1.58500968607576	15.7130630218298
1	3.72916392427366	-5.30389799172775
1	4.53706584903083	-5.30389799172775
1	2.77530757569954	15.7130630218298
1	4.76221545290843	15.7130630218298
1	3.79621176073414	-5.30389799172775
1	1.77594721349846	15.7130630218298
1	3.68223938284885	-5.30389799172775
1	0.741273807838415	-5.30389799172775
1	5.86604740340207	-5.30389799172775
1	6.96079979701172	-5.30389799172775
1	2.26555704706698	-5.30389799172775
1	0.911730747366938	15.7130630218298
1	4.13943925488483	15.7130630218298
1	2.72989079223835	-5.30389799172775
1	7.80323552100955	15.7130630218298
1	2.92151999453366	-5.30389799172775
1	4.37947872490155	-5.30389799172775
1	3.05600431756133	-5.30389799172775
1	1.51345358223519	15.7130630218298
1	3.37758459902869	-5.30389799172775
1	-0.609917257782076	-5.30389799172775
1	5.93110972312577	15.7130630218298
1	3.3065066764238	-5.30389799172775
1	7.34522334072431	15.7130630218298
1	3.95101905779933	-5.30389799172775
1	1.58010713815637	15.7130630218298
1	4.22145270697811	-5.30389799172775
1	1.1318047367115	-5.30389799172775
1	0.492733199521796	-5.30389799172775
1	3.58289247103493	15.7130630218298
1	2.11341625356313	15.7130630218298
1	3.00221070326325	-5.30389799172775
1	3.14868264830333	15.7130630218298
1	1.82095810762386	15.7130630218298
1	1.862662534363	-5.30389799172775
1	2.72964276975234	15.7130630218298
1	5.35617399314641	-5.30389799172775
1	-0.047133600859524	-5.30389799172775
1	4.18789237525684	15.7130630218298
1	3.66590074242704	-5.30389799172775
1	5.12619967455273	15.7130630218298
1	2.3916321527314	-5.30389799172775
1	3.74003761983258	-5.30389799172775
1	3.53419758154446	-5.30389799172775
1	1.9149599380167	-5.30389799172775
1	5.41573561196634	-5.30389799172775
1	5.3208052313899	15.7130630218298
1	4.40042729903	15.7130630218298
1	6.17366690908169	15.7130630218298
1	4.11697285113061	15.7130630218298
1	0.446815583083927	-5.30389799172775
1	1.85346917152623	-5.30389799172775
1	0.550774770203288	15.7130630218298
1	2.05319872712138	15.7130630218298
1	1.75926664555175	15.7130630218298
1	3.08423174628847	-5.30389799172775
1	1.17815670289511	-5.30389799172775
1	3.31605754480815	15.7130630218298
1	1.69083071216236	15.7130630218298
1	6.53457453874529	-5.30389799172775
1	4.43341495203441	-5.30389799172775
1	4.82034845899046	-5.30389799172775
1	3.76837071565269	15.7130630218298
1	6.36435216103884	15.7130630218298
1	1.72852709210205	15.7130630218298
1	2.07671053927887	15.7130630218298
1	5.86456447708333	-5.30389799172775
1	1.69860729337927	-5.30389799172775
1	2.58523851279607	-5.30389799172775
1	2.21438414111603	-5.30389799172775
1	2.36001426290299	15.7130630218298
1	2.44177339404688	-5.30389799172775
1	3.98837666253565	-5.30389799172775
1	2.64533903546079	15.7130630218298
1	1.98808507577149	15.7130630218298
1	5.68607765034082	15.7130630218298
1	2.57084118290626	-5.30389799172775
1	2.64088693991323	-5.30389799172775
1	2.79961851757288	15.7130630218298
1	4.42533261410281	-5.30389799172775
1	2.85287119174735	15.7130630218298
1	2.9247316570659	-5.30389799172775
1	1.63667904248869	-5.30389799172775
1	2.35145945550736	15.7130630218298
1	3.12032088086903	15.7130630218298
1	1.82221102748067	-5.30389799172775
1	4.06299238526514	-5.30389799172775
1	-0.0367881635735743	15.7130630218298
1	3.61311572157953	15.7130630218298
1	-0.0728996470751722	15.7130630218298
1	2.39804774632678	15.7130630218298
1	1.94344019110999	15.7130630218298
1	1.695810438638	15.7130630218298
1	2.88620644430522	15.7130630218298
1	-0.828718851360024	15.7130630218298
1	5.35316662403713	15.7130630218298
1	-0.329944872424007	-5.30389799172775
1	2.07293919705523	-5.30389799172775
1	0.768159789914309	15.7130630218298
1	1.4983619976131	-5.30389799172775
1	7.17433309125669	-5.30389799172775
1	3.0347912393865	15.7130630218298
1	0.427398939131349	-5.30389799172775
1	-0.281211068837157	15.7130630218298
1	3.90037420254531	15.7130630218298
1	2.96288033457072	15.7130630218298
1	2.36386325091231	-5.30389799172775
1	1.1412757050926	-5.30389799172775
1	0.0250793797170306	15.7130630218298
1	0.849615406768638	-5.30389799172775
1	5.00005760742783	15.7130630218298
1	1.75746661040635	-5.30389799172775
1	0.231146305231017	-5.30389799172775
1	6.73858124484716	-5.30389799172775
1	3.8502007547449	-5.30389799172775
1	2.52270579817393	15.7130630218298
1	5.11696609741804	-5.30389799172775
1	4.77284530274987	15.7130630218298
1	1.76151390353771	15.7130630218298
1	7.41220492908094	-5.30389799172775
1	2.48994593971797	-5.30389799172775
1	0.151010699574383	-5.30389799172775
1	2.71120079609156	15.7130630218298
1	3.41507667846469	-5.30389799172775
1	7.61595679811872	15.7130630218298
1	3.21160473578742	15.7130630218298
1	3.91399761084683	15.7130630218298
1	2.84569412928694	-5.30389799172775
1	2.33199831526691	-5.30389799172775
1	2.93054794337745	15.7130630218298
1	4.57527921126032	15.7130630218298
1	7.15049001730457	15.7130630218298
1	5.05478487752754	15.7130630218298
1	5.41581679677341	15.7130630218298
1	0.537353156883912	-5.30389799172775
1	4.96779114010676	-5.30389799172775
1	3.4398496073213	15.7130630218298
1	0.0654999418155149	15.7130630218298
1	4.04204548529628	15.7130630218298
1	2.68249079056797	-5.30389799172775
1	5.9291746239396	15.7130630218298
1	1.46783600079067	15.7130630218298
1	2.13957649214291	15.7130630218298
1	1.14778100524513	15.7130630218298
1	2.64579207712692	15.7130630218298
1	3.80402355897268	-5.30389799172775
1	1.53650365376079	-5.30389799172775
1	4.66074633596335	15.7130630218298
1	0.58383442739107	-5.30389799172775
1	0.904031174384517	15.7130630218298
1	5.88231541368856	-5.30389799172775
1	0.968305069390702	15.7130630218298
1	3.82394942463503	-5.30389799172775
1	2.23784789778216	15.7130630218298
1	1.74709237851534	15.7130630218298
1	3.36728664844416	15.7130630218298
1	1.32874277517991	-5.30389799172775
1	6.19056160427558	-5.30389799172775
1	3.65901554363072	15.7130630218298
1	1.35906323176397	-5.30389799172775
1	3.97485810485697	-5.30389799172775
1	4.47664941025843	-5.30389799172775
1	4.15156270330698	-5.30389799172775
1	2.38922322568729	15.7130630218298
1	6.0235623369017	15.7130630218298
1	3.77968647282286	15.7130630218298
1	1.75751883891639	-5.30389799172775
1	-1.429399774355	15.7130630218298
1	5.24986183628622	-5.30389799172775
1	2.91013278196954	-5.30389799172775
1	2.96761947380211	-5.30389799172775
1	4.8876724213706	-5.30389799172775
1	4.64244239019618	15.7130630218298
1	4.18780264243502	-5.30389799172775
1	4.83795474321644	-5.30389799172775
1	4.56427260146213	15.7130630218298
1	3.14912996673038	-5.30389799172775
1	-0.978703391726746	15.7130630218298
1	4.23965149578942	15.7130630218298
1	2.887742520942	15.7130630218298
1	2.68840898658934	15.7130630218298
1	0.0584952322014511	15.7130630218298
1	2.04369988978276	-5.30389799172775
1	3.83588312039941	15.7130630218298
1	5.71735910305809	15.7130630218298
1	2.79442454531401	-5.30389799172775
1	3.77534322311874	-5.30389799172775
1	2.89238991883419	15.7130630218298
1	0.245880886342787	-5.30389799172775
1	2.17001087340064	-5.30389799172775
1	2.2114200925793	-5.30389799172775
1	2.88137320657763	15.7130630218298
1	5.20005074396777	-5.30389799172775
1	4.52635149691509	15.7130630218298
1	2.67095280749283	-5.30389799172775
1	2.49327663972699	-5.30389799172775
1	4.39392675080947	-5.30389799172775
1	4.11332639734732	-5.30389799172775
1	1.62248861090096	-5.30389799172775
1	1.58500968607576	-5.30389799172775
1	3.72916392427366	15.7130630218298
1	4.53706584903083	15.7130630218298
1	2.77530757569954	-5.30389799172775
1	4.76221545290843	-5.30389799172775
1	3.79621176073414	15.7130630218298
1	1.77594721349846	-5.30389799172775
1	3.68223938284885	15.7130630218298
1	0.741273807838415	15.7130630218298
1	5.86604740340207	15.7130630218298
1	6.96079979701172	15.7130630218298
1	2.26555704706698	15.7130630218298
1	0.911730747366938	-5.30389799172775
1	4.13943925488483	-5.30389799172775
1	2.72989079223835	15.7130630218298
1	7.80323552100955	-5.30389799172775
1	2.92151999453366	15.7130630218298
1	4.37947872490155	15.7130630218298
1	3.05600431756133	15.7130630218298
1	1.51345358223519	-5.30389799172775
1	3.37758459902869	15.7130630218298
1	-0.609917257782076	15.7130630218298
1	5.93110972312577	-5.30389799172775
1	3.3065066764238	15.7130630218298
1	7.34522334072431	-5.30389799172775
1	3.95101905779933	15.7130630218298
1	1.58010713815637	-5.30389799172775
1	4.22145270697811	15.7130630218298
1	1.1318047367115	15.7130630218298
1	0.492733199521796	15.7130630218298
1	3.58289247103493	-5.30389799172775
1	2.11341625356313	-5.30389799172775
1	3.00221070326325	15.7130630218298
1	3.14868264830333	-5.30389799172775
1	1.82095810762386	-5.30389799172775
1	1.862662534363	15.7130630218298
1	2.72964276975234	-5.30389799172775
1	5.35617399314641	15.7130630218298
1	-0.047133600859524	15.7130630218298
1	4.18789237525684	-5.30389799172775
1	3.66590074242704	15.7130630218298
1	5.12619967455273	-5.30389799172775
1	2.3916321527314	15.7130630218298
1	3.74003761983258	15.7130630218298
1	3.53419758154446	15.7130630218298
1	1.9149599380167	15.7130630218298
1	5.41573561196634	15.7130630218298
1	5.3208052313899	-5.30389799172775
1	4.40042729903	-5.30389799172775
1	6.17366690908169	-5.30389799172775
1	4.11697285113061	-5.30389799172775
1	0.446815583083927	15.7130630218298
1	1.85346917152623	15.7130630218298
1	0.550774770203288	-5.30389799172775
1	2.05319872712138	-5.30389799172775
1	1.75926664555175	-5.30389799172775
1	3.08423174628847	15.7130630218298
1	1.17815670289511	15.7130630218298
1	3.31605754480815	-5.30389799172775
1	1.69083071216236	-5.30389799172775
1	6.53457453874529	15.7130630218298
1	4.43341495203441	15.7130630218298
1	4.82034845899046	15.7130630218298
1	3.76837071565269	-5.30389799172775
1	6.36435216103884	-5.30389799172775
1	1.72852709210205	-5.30389799172775
1	2.07671053927887	-5.30389799172775
1	5.86456447708333	15.7130630218298
1	1.69860729337927	15.7130630218298
1	2.58523851279607	15.7130630218298
1	2.21438414111603	15.7130630218298
1	2.36001426290299	-5.30389799172775
1	2.44177339404688	15.7130630218298
1	3.98837666253565	15.7130630218298
1	2.64533903546079	-5.30389799172775
1	1.98808507577149	-5.30389799172775
1	5.68607765034082	-5.30389799172775
1	2.57084118290626	15.7130630218298
1	2.64088693991323	15.7130630218298
1	2.79961851757288	-5.30389799172775
1	4.42533261410281	15.7130630218298
1	2.85287119174735	-5.30389799172775
1	2.9247316570659	15.7130630218298
1	1.63667904248869	15.7130630218298
1	2.35145945550736	-5.30389799172775
1	3.12032088086903	-5.30389799172775
1	1.82221102748067	15.7130630218298
1	4.06299238526514	15.7130630218298
1	-0.0367881635735743	-5.30389799172775
1	3.61311572157953	-5.30389799172775
1	-0.0728996470751722	-5.30389799172775
1	2.39804774632678	-5.30389799172775
1	1.94344019110999	-5.30389799172775
1	1.695810438638	-5.30389799172775
1	2.88620644430522	-5.30389799172775
1	-0.828718851360024	-5.30389799172775
1	5.35316662403713	-5.30389799172775
1	-0.329944872424007	15.7130630218298
1	2.07293919705523	15.7130630218298
1	0.768159789914309	-5.30389799172775
1	1.4983619976131	15.7130630218298
1	7.17433309125669	15.7130630218298
1	3.0347912393865	-5.30389799172775
1	0.427398939131349	15.7130630218298
1	-0.281211068837157	-5.30389799172775
1	3.90037420254531	-5.30389799172775
1	2.96288033457072	-5.30389799172775
1	2.36386325091231	15.7130630218298
1	1.1412757050926	15.7130630218298
1	0.0250793797170306	-5.30389799172775
1	0.849615406768638	15.7130630218298
1	5.00005760742783	-5.30389799172775
1	1.75746661040635	15.7130630218298
1	0.231146305231017	15.7130630218298
1	6.73858124484716	15.7130630218298
1	3.8502007547449	15.7130630218298
1	2.52270579817393	-5.30389799172775
1	5.11696609741804	15.7130630218298
1	4.77284530274987	-5.30389799172775
1	1.76151390353771	-5.30389799172775
1	7.41220492908094	15.7130630218298
1	2.48994593971797	15.7130630218298
1	0.151010699574383	15.7130630218298
1	2.71120079609156	-5.30389799172775
1	3.41507667846469	15.7130630218298
1	7.61595679811872	-5.30389799172775
1	3.21160473578742	-5.30389799172775
1	3.91399761084683	-5.30389799172775
1	2.84569412928694	15.7130630218298
1	2.33199831526691	15.7130630218298
1	2.93054794337745	-5.30389799172775
1	4.57527921126032	-5.30389799172775
1	7.15049001730457	-5.30389799172775
1	5.05478487752754	-5.30389799172775
1	5.41581679677341	-5.30389799172775
1	0.537353156883912	15.7130630218298
1	4.96779114010676	15.7130630218298
1	3.4398496073213	-5.30389799172775
1	0.0654999418155149	-5.30389799172775
1	4.04204548529628	-5.30389799172775
1	2.68249079056797	15.7130630218298
1	5.9291746239396	-5.30389799172775
1	1.46783600079067	-5.30389799172775
1	2.13957649214291	-5.30389799172775
1	1.14778100524513	-5.30389799172775
1	2.64579207712692	-5.30389799172775
1	3.80402355897268	15.7130630218298
1	1.53650365376079	15.7130630218298
1	4.66074633596335	-5.30389799172775
1	0.58383442739107	15.7130630218298
1	0.904031174384517	-5.30389799172775
1	5.88231541368856	15.7130630218298
1	0.968305069390702	-5.30389799172775
1	3.82394942463503	15.7130630218298
1	2.23784789778216	-5.30389799172775
1	1.74709237851534	-5.30389799172775
1	3.36728664844416	-5.30389799172775
1	1.32874277517991	15.7130630218298
1	6.19056160427558	15.7130630218298
1	3.65901554363072	-5.30389799172775
1	1.35906323176397	15.7130630218298
1	3.97485810485697	15.7130630218298
1	4.47664941025843	15.7130630218298
1	4.15156270330698	15.7130630218298
1	2.38922322568729	-5.30389799172775
1	6.0235623369017	-5.30389799172775
1	3.77968647282286	-5.30389799172775
1	1.75751883891639	15.7130630218298
1	-1.429399774355	-5.30389799172775
1	5.24986183628622	15.7130630218298
1	2.91013278196954	15.7130630218298
1	2.96761947380211	15.7130630218298
1	4.8876724213706	15.7130630218298
1	4.64244239019618	-5.30389799172775
1	4.18780264243502	15.7130630218298
1	4.83795474321644	15.7130630218298
1	4.56427260146213	-5.30389799172775
1	3.14912996673038	15.7130630218298
1	-0.978703391726746	-5.30389799172775
1	4.23965149578942	-5.30389799172775
1	2.887742520942	-5.30389799172775
1	2.68840898658934	-5.30389799172775
1	0.0584952322014511	-5.30389799172775
1	2.04369988978276	15.7130630218298
1	3.83588312039941	-5.30389799172775
1	5.71735910305809	-5.30389799172775
1	2.79442454531401	15.7130630218298
1	3.77534322311874	15.7130630218298
1	2.89238991883419	-5.30389799172775
1	0.245880886342787	15.7130630218298
1	2.17001087340064	15.7130630218298
1	2.2114200925793	15.7130630218298
1	2.88137320657763	-5.30389799172775
1	5.20005074396777	15.7130630218298
1	4.52635149691509	-5.30389799172775
1	2.67095280749283	15.7130630218298
1	2.49327663972699	15.7130630218298
1	4.39392675080947	15.7130630218298
1	4.11332639734732	15.7130630218298
1	1.62248861090096	15.7130630218298
1	1.58500968607576	15.7130630218298
1	3.72916392427366	-5.30389799172775
1	4.53706584903083	-5.30389799172775
1	2.77530757569954	15.7130630218298
1	4.76221545290843	15.7130630218298
1	3.79621176073414	-5.30389799172775
1	1.77594721349846	15.7130630218298
1	3.68223938284885	-5.30389799172775
1	0.741273807838415	-5.30389799172775
1	5.86604740340207	-5.30389799172775
1	6.96079979701172	-5.30389799172775
1	2.26555704706698	-5.30389799172775
1	0.911730747366938	15.7130630218298
1	4.13943925488483	15.7130630218298
1	2.72989079223835	-5.30389799172775
1	7.80323552100955	15.7130630218298
1	2.92151999453366	-5.30389799172775
1	4.37947872490155	-5.30389799172775
1	3.05600431756133	-5.30389799172775
1	1.51345358223519	15.7130630218298
1	3.37758459902869	-5.30389799172775
1	-0.609917257782076	-5.30389799172775
1	5.93110972312577	15.7130630218298
1	3.3065066764238	-5.30389799172775
1	7.34522334072431	15.7130630218298
1	3.95101905779933	-5.30389799172775
1	1.58010713815637	15.7130630218298
1	4.22145270697811	-5.30389799172775
1	1.1318047367115	-5.30389799172775
1	0.492733199521796	-5.30389799172775
1	3.58289247103493	15.7130630218298
1	2.11341625356313	15.7130630218298
1	3.00221070326325	-5.30389799172775
1	3.14868264830333	15.7130630218298
1	1.82095810762386	15.7130630218298
1	1.862662534363	-5.30389799172775
1	2.72964276975234	15.7130630218298
1	5.35617399314641	-5.30389799172775
1	-0.047133600859524	-5.30389799172775
1	4.18789237525684	15.7130630218298
1	3.66590074242704	-5.30389799172775
1	5.12619967455273	15.7130630218298
1	2.3916321527314	-5.30389799172775
1	3.74003761983258	-5.30389799172775
1	3.53419758154446	-5.30389799172775
1	1.9149599380167	-5.30389799172775
1	5.41573561196634	-5.30389799172775
1	5.3208052313899	15.7130630218298
1	4.40042729903	15.7130630218298
1	6.17366690908169	15.7130630218298
1	4.11697285113061	15.7130630218298
1	0.446815583083927	-5.30389799172775
1	1.85346917152623	-5.30389799172775
1	0.550774770203288	15.7130630218298
1	2.05319872712138	15.7130630218298
1	1.75926664555175	15.7130630218298
1	3.08423174628847	-5.30389799172775
1	1.17815670289511	-5.30389799172775
1	3.31605754480815	15.7130630218298
1	1.69083071216236	15.7130630218298
1	6.53457453874529	-5.30389799172775
1	4.43341495203441	-5.30389799172775
1	4.82034845899046	-5.30389799172775
1	3.76837071565269	15.7130630218298
1	6.36435216103884	15.7130630218298
1	1.72852709210205	15.7130630218298
1	2.07671053927887	15.7130630218298
1	5.86456447708333	-5.30389799172775
1	1.69860729337927	-5.30389799172775
1	2.58523851279607	-5.30389799172775
1	2.21438414111603	-5.30389799172775
1	2.36001426290299	15.7130630218298
1	2.44177339404688	-5.30389799172775
1	3.98837666253565	-5.30389799172775
1	2.64533903546079	15.7130630218298
1	1.98808507577149	15.7130630218298
1	5.68607765034082	15.7130630218298
1	2.57084118290626	-5.30389799172775
1	2.64088693991323	-5.30389799172775
1	2.79961851757288	15.7130630218298
1	4.42533261410281	-5.30389799172775
1	2.85287119174735	15.7130630218298
1	2.9247316570659	-5.30389799172775
1	1.63667904248869	-5.30389799172775
1	2.35145945550736	15.7130630218298
1	3.12032088086903	15.7130630218298
1	1.82221102748067	-5.30389799172775
1	4.06299238526514	-5.30389799172775
1	-0.0367881635735743	15.7130630218298
1	3.61311572157953	15.7130630218298
1	-0.0728996470751722	15.7130630218298
1	2.39804774632678	15.7130630218298
1	1.94344019110999	15.7130630218298
1	1.695810438638	15.7130630218298
1	2.88620644430522	15.7130630218298
1	-0.828718851360024	15.7130630218298
1	5.35316662403713	15.7130630218298
1	-0.329944872424007	-5.30389799172775
1	2.07293919705523	-5.30389799172775
1	0.768159789914309	15.7130630218298
1	1.4983619976131	-5.30389799172775
1	7.17433309125669	-5.30389799172775
1	3.0347912393865	15.7130630218298
1	0.427398939131349	-5.30389799172775
1	-0.281211068837157	15.7130630218298
1	3.90037420254531	15.7130630218298
1	2.96288033457072	15.7130630218298
1	2.36386325091231	-5.30389799172775
1	1.1412757050926	-5.30389799172775
1	0.0250793797170306	15.7130630218298
1	0.849615406768638	-5.30389799172775
1	5.00005760742783	15.7130630218298
1	1.75746661040635	-5.30389799172775
1	0.231146305231017	-5.30389799172775
1	6.73858124484716	-5.30389799172775
1	3.8502007547449	-5.30389799172775
1	2.52270579817393	15.7130630218298
1	5.11696609741804	-5.30389799172775
1	4.77284530274987	15.7130630218298
1	1.76151390353771	15.7130630218298
1	7.41220492908094	-5.30389799172775
1	2.48994593971797	-5.30389799172775
1	0.151010699574383	-5.30389799172775
1	2.71120079609156	15.7130630218298
1	3.41507667846469	-5.30389799172775
1	7.61595679811872	15.7130630218298
1	3.21160473578742	15.7130630218298
1	3.91399761084683	15.7130630218298
1	2.84569412928694	-5.30389799172775
1	2.33199831526691	-5.30389799172775
1	2.93054794337745	15.7130630218298
1	4.57527921126032	15.7130630218298
1	7.15049001730457	15.7130630218298
1	5.05478487752754	15.7130630218298
1	5.41581679677341	15.7130630218298
1	0.537353156883912	-5.30389799172775
1	4.96779114010676	-5.30389799172775
1	3.4398496073213	15.7130630218298
1	0.0654999418155149	15.7130630218298
1	4.04204548529628	15.7130630218298
1	2.68249079056797	-5.30389799172775
1	5.9291746239396	15.7130630218298
1	1.46783600079067	15.7130630218298
1	2.13957649214291	15.7130630218298
1	1.14778100524513	15.7130630218298
1	2.64579207712692	15.7130630218298
1	3.80402355897268	-5.30389799172775
1	1.53650365376079	-5.30389799172775
1	4.66074633596335	15.7130630218298
1	0.58383442739107	-5.30389799172775
1	0.904031174384517	15.7130630218298
1	5.88231541368856	-5.30389799172775
1	0.968305069390702	15.7130630218298
1	3.82394942463503	-5.30389799172775
1	2.23784789778216	15.7130630218298
1	1.74709237851534	15.7130630218298
1	3.36728664844416	15.7130630218298
1	1.32874277517991	-5.30389799172775
1	6.19056160427558	-5.30389799172775
1	3.65901554363072	15.7130630218298
1	1.35906323176397	-5.30389799172775
1	3.97485810485697	-5.30389799172775
1	4.47664941025843	-5.30389799172775
1	4.15156270330698	-5.30389799172775
1	2.38922322568729	15.7130630218298
1	6.0235623369017	15.7130630218298
1	3.77968647282286	15.7130630218298
1	1.75751883891639	-5.30389799172775
1	-1.429399774355	15.7130630218298
1	5.24986183628622	-5.30389799172775
1	2.91013278196954	-5.30389799172775
1	2.96761947380211	-5.30389799172775
1	4.8876724213706	-5.30389799172775
1	4.64244239019618	15.7130630218298
1	4.18780264243502	-5.30389799172775
1	4.83795474321644	-5.30389799172775
1	4.56427260146213	15.7130630218298
1	3.14912996673038	-5.30389799172775
1	-0.978703391726746	15.7130630218298
1	4.23965149578942	15.7130630218298
1	2.887742520942	15.7130630218298
1	2.68840898658934	15.7130630218298
1	0.0584952322014511	15.7130630218298
1	2.04369988978276	-5.30389799172775
1	3.83588312039941	15.7130630218298
1	5.71735910305809	15.7130630218298
1	2.79442454531401	-5.30389799172775
1	3.77534322311874	-5.30389799172775
1	2.89238991883419	15.7130630218298
1	0.245880886342787	-5.30389799172775
1	2.17001087340064	-5.30389799172775
1	2.2114200925793	-5.30389799172775
1	2.88137320657763	15.7130630218298
1	5.20005074396777	-5.30389799172775
1	4.52635149691509	15.7130630218298
1	2.67095280749283	-5.30389799172775
1	2.49327663972699	-5.30389799172775
1	4.39392675080947	-5.30389799172775
1	4.11332639734732	-5.30389799172775
1	1.62248861090096	-5.30389799172775
1	1.58500968607576	-5.30389799172775
1	3.72916392427366	15.7130630218298
1	4.53706584903083	15.7130630218298
1	2.77530757569954	-5.30389799172775
1	4.76221545290843	-5.30389799172775
1	3.79621176073414	15.7130630218298
1	1.77594721349846	-5.30389799172775
1	3.68223938284885	15.7130630218298
1	0.741273807838415	15.7130630218298
1	5.86604740340207	15.7130630218298
1	6.96079979701172	15.7130630218298
1	2.26555704706698	15.7130630218298
1	0.911730747366938	-5.30389799172775
1	4.13943925488483	-5.30389799172775
1	2.72989079223835	15.7130630218298
1	7.80323552100955	-5.30389799172775
1	2.92151999453366	15.7130630218298
1	4.37947872490155	15.7130630218298
1	3.05600431756133	15.7130630218298
1	1.51345358223519	-5.30389799172775
1	3.37758459902869	15.7130630218298
1	-0.609917257782076	15.7130630218298
1	5.93110972312577	-5.30389799172775
1	3.3065066764238	15.7130630218298
1	7.34522334072431	-5.30389799172775
1	3.95101905779933	15.7130630218298
1	1.58010713815637	-5.30389799172775
1	4.22145270697811	15.7130630218298
1	1.1318047367115	15.7130630218298
1	0.492733199521796	15.7130630218298
1	3.58289247103493	-5.30389799172775
1	2.11341625356313	-5.30389799172775
1	3.00221070326325	15.7130630218298
1	3.14868264830333	-5.30389799172775
1	1.82095810762386	-5.30389799172775
1	1.862662534363	15.7130630218298
1	2.72964276975234	-5.30389799172775
1	5.35617399314641	15.7130630218298
1	-0.047133600859524	15.7130630218298
1	4.18789237525684	-5.30389799172775
1	3.66590074242704	15.7130630218298
1	5.12619967455273	-5.30389799172775
1	2.3916321527314	15.7130630218298
1	3.74003761983258	15.7130630218298
1	3.53419758154446	15.7130630218298
1	1.9149599380167	15.7130630218298
1	5.41573561196634	15.7130630218298
1	5.3208052313899	-5.30389799172775
1	4.40042729903	-5.30389799172775
1	6.17366690908169	-5.30389799172775
1	4.11697285113061	-5.30389799172775
1	0.446815583083927	15.7130630218298
1	1.85346917152623	15.7130630218298
1	0.550774770203288	-5.30389799172775
1	2.05319872712138	-5.30389799172775
1	1.75926664555175	-5.30389799172775
1	3.08423174628847	15.7130630218298
1	1.17815670289511	15.7130630218298
1	3.31605754480815	-5.30389799172775
1	1.69083071216236	-5.30389799172775
1	6.53457453874529	15.7130630218298
1	4.43341495203441	15.7130630218298
1	4.82034845899046	15.7130630218298
1	3.76837071565269	-5.30389799172775
1	6.36435216103884	-5.30389799172775
1	1.72852709210205	-5.30389799172775
1	2.07671053927887	-5.30389799172775
1	5.86456447708333	15.7130630218298
1	1.69860729337927	15.7130630218298
1	2.58523851279607	15.7130630218298
1	2.21438414111603	15.7130630218298
1	2.36001426290299	-5.30389799172775
1	2.44177339404688	15.7130630218298
1	3.98837666253565	15.7130630218298
1	2.64533903546079	-5.30389799172775
1	1.98808507577149	-5.30389799172775
1	5.68607765034082	-5.30389799172775
1	2.57084118290626	15.7130630218298
1	2.64088693991323	15.7130630218298
1	2.79961851757288	-5.30389799172775
1	4.42533261410281	15.7130630218298
1	2.85287119174735	-5.30389799172775
1	2.9247316570659	15.7130630218298
1	1.63667904248869	15.7130630218298
1	2.35145945550736	-5.30389799172775
1	3.12032088086903	-5.30389799172775
1	1.82221102748067	15.7130630218298
1	4.06299238526514	15.7130630218298
1	-0.0367881635735743	-5.30389799172775
1	3.61311572157953	-5.30389799172775
1	-0.0728996470751722	-5.30389799172775
1	2.39804774632678	-5.30389799172775
1	1.94344019110999	-5.30389799172775
1	1.695810438638	-5.30389799172775
1	2.88620644430522	-5.30389799172775
1	-0.828718851360024	-5.30389799172775
1	5.35316662403713	-5.30389799172775
1	-0.329944872424007	15.7130630218298
1	2.07293919705523	15.7130630218298
1	0.768159789914309	-5.30389799172775
1	1.4983619976131	15.7130630218298
1	7.17433309125669	15.7130630218298
1	3.0347912393865	-5.30389799172775
1	0.427398939131349	15.7130630218298
1	-0.281211068837157	-5.30389799172775
1	3.90037420254531	-5.30389799172775
1	2.96288033457072	-5.30389799172775
1	2.36386325091231	15.7130630218298
1	1.1412757050926	15.7130630218298
1	0.0250793797170306	-5.30389799172775
1	0.849615406768638	15.7130630218298
1	5.00005760742783	-5.30389799172775
1	1.75746661040635	15.7130630218298
1	0.231146305231017	15.7130630218298
1	6.73858124484716	15.7130630218298
1	3.8502007547449	15.7130630218298
1	2.52270579817393	-5.30389799172775
1	5.11696609741804	15.7130630218298
1	4.77284530274987	-5.30389799172775
1	1.76151390353771	-5.30389799172775
1	7.41220492908094	15.7130630218298
1	2.48994593971797	15.7130630218298
1	0.151010699574383	15.7130630218298
1	2.71120079609156	-5.30389799172775
1	3.41507667846469	15.7130630218298
1	7.61595679811872	-5.30389799172775
1	3.21160473578742	-5.30389799172775
1	3.91399761084683	-5.30389799172775
1	2.84569412928694	15.7130630218298
1	2.33199831526691	15.7130630218298
1	2.93054794337745	-5.30389799172775
1	4.57527921126032	-5.30389799172775
1	7.15049001730457	-5.30389799172775
1	5.05478487752754	-5.30389799172775
1	5.41581679677341	-5.30389799172775
1	0.537353156883912	15.7130630218298
1	4.96779114010676	15.7130630218298
1	3.4398496073213	-5.30389799172775
1	0.0654999418155149	-5.30389799172775
1	4.04204548529628	-5.30389799172775
1	2.68249079056797	15.7130630218298
1	5.9291746239396	-5.30389799172775
1	1.46783600079067	-5.30389799172775
1	2.13957649214291	-5.30389799172775
1	1.14778100524513	-5.30389799172775
1	2.64579207712692	-5.30389799172775
1	3.80402355897268	15.7130630218298
1	1.53650365376079	15.7130630218298
1	4.66074633596335	-5.30389799172775
1	0.58383442739107	15.7130630218298
1	0.904031174384517	-5.30389799172775
1	5.88231541368856	15.7130630218298
1	0.968305069390702	-5.30389799172775
1	3.82394942463503	15.7130630218298
1	2.23784789778216	-5.30389799172775
1	1.74709237851534	-5.30389799172775
1	3.36728664844416	-5.30389799172775
1	1.32874277517991	15.7130630218298
1	6.19056160427558	15.7130630218298
1	3.65901554363072	-5.30389799172775
1	1.35906323176397	15.7130630218298
1	3.97485810485697	15.7130630218298
1	4.47664941025843	15.7130630218298
1	4.15156270330698	15.7130630218298
1	2.38922322568729	-5.30389799172775
1	6.0235623369017	-5.30389799172775
1	3.77968647282286	-5.30389799172775
1	1.75751883891639	15.7130630218298
1	-1.429399774355	-5.30389799172775
1	5.24986183628622	15.7130630218298
1	2.91013278196954	15.7130630218298
1	2.96761947380211	15.7130630218298
1	4.8876724213706	15.7130630218298
1	4.64244239019618	-5.30389799172775
1	4.18780264243502	15.7130630218298
1	4.83795474321644	15.7130630218298
1	4.56427260146213	-5.30389799172775
1	3.14912996673038	15.7130630218298
1	-0.978703391726746	-5.30389799172775
1	4.23965149578942	-5.30389799172775
1	2.887742520942	-5.30389799172775
1	2.68840898658934	-5.30389799172775
1	0.0584952322014511	-5.30389799172775
1	2.04369988978276	15.7130630218298
1	3.83588312039941	-5.30389799172775
1	5.71735910305809	-5.30389799172775
1	2.79442454531401	15.7130630218298
1	3.77534322311874	15.7130630218298
1	2.89238991883419	-5.30389799172775
1	0.245880886342787	15.7130630218298
1	2.17001087340064	15.7130630218298
1	2.2114200925793	15.7130630218298
1	2.88137320657763	-5.30389799172775
1	5.20005074396777	15.7130630218298
1	4.52635149691509	-5.30389799172775
1	2.67095280749283	15.7130630218298
1	2.49327663972699	15.7130630218298
1	4.39392675080947	15.7130630218298
1	4.11332639734732	15.7130630218298
1	1.62248861090096	15.7130630218298
1	1.58500968607576	15.7130630218298
1	3.72916392427366	-5.30389799172775
1	4.53706584903083	-5.30389799172775
1	2.77530757569954	15.7130630218298
1	4.76221545290843	15.7130630218298
1	3.79621176073414	-5.30389799172775
1	1.77594721349846	15.7130630218298
1	3.68223938284885	-5.30389799172775
1	0.741273807838415	-5.30389799172775
1	5.86604740340207	-5.30389799172775
1	6.96079979701172	-5.30389799172775
1	2.26555704706698	-5.30389799172775
1	0.911730747366938	15.7130630218298
1	4.13943925488483	15.7130630218298
1	2.72989079223835	-5.30389799172775
1	7.80323552100955	15.7130630218298
1	2.92151999453366	-5.30389799172775
1	4.37947872490155	-5.30389799172775
1	3.05600431756133	-5.30389799172775
1	1.51345358223519	15.7130630218298
1	3.37758459902869	-5.30389799172775
1	-0.609917257782076	-5.30389799172775
1	5.93110972312577	15.7130630218298
1	3.3065066764238	-5.30389799172775
1	7.34522334072431	15.7130630218298
1	3.95101905779933	-5.30389799172775
1	1.58010713815637	15.7130630218298
1	4.22145270697811	-5.30389799172775
1	1.1318047367115	-5.30389799172775
1	0.492733199521796	-5.30389799172775
1	3.58289247103493	15.7130630218298
1	2.11341625356313	15.7130630218298
1	3.00221070326325	-5.30389799172775
1	3.14868264830333	15.7130630218298
1	1.82095810762386	15.7130630218298
1	1.862662534363	-5.30389799172775
1	2.72964276975234	15.7130630218298
1	5.35617399314641	-5.30389799172775
1	-0.047133600859524	-5.30389799172775
1	4.18789237525684	15.7130630218298
1	3.66590074242704	-5.30389799172775
1	5.12619967455273	15.7130630218298
1	2.3916321527314	-5.30389799172775
1	3.74003761983258	-5.30389799172775
1	3.53419758154446	-5.30389799172775
1	1.9149599380167	-5.30389799172775
1	5.41573561196634	-5.30389799172775
1	5.3208052313899	15.7130630218298
1	4.40042729903	15.7130630218298
1	6.17366690908169	15.7130630218298
1	4.11697285113061	15.7130630218298
1	0.446815583083927	-5.30389799172775
1	1.85346917152623	-5.30389799172775
1	0.550774770203288	15.7130630218298
1	2.05319872712138	15.7130630218298
1	1.75926664555175	15.7130630218298
1	3.08423174628847	-5.30389799172775
1	1.17815670289511	-5.30389799172775
1	3.31605754480815	15.7130630218298
1	1.69083071216236	15.7130630218298
1	6.53457453874529	-5.30389799172775
1	4.43341495203441	-5.30389799172775
1	4.82034845899046	-5.30389799172775
1	3.76837071565269	15.7130630218298
1	6.36435216103884	15.7130630218298
1	1.72852709210205	15.7130630218298
1	2.07671053927887	15.7130630218298
1	5.86456447708333	-5.30389799172775
1	1.69860729337927	-5.30389799172775
1	2.58523851279607	-5.30389799172775
1	2.21438414111603	-5.30389799172775
1	2.36001426290299	15.7130630218298
1	2.44177339404688	-5.30389799172775
1	3.98837666253565	-5.30389799172775
1	2.64533903546079	15.7130630218298
1	1.98808507577149	15.7130630218298
1	5.68607765034082	15.7130630218298
1	2.57084118290626	-5.30389799172775
1	2.64088693991323	-5.30389799172775
1	2.79961851757288	15.7130630218298
1	4.42533261410281	-5.30389799172775
1	2.85287119174735	15.7130630218298
1	2.9247316570659	-5.30389799172775
1	1.63667904248869	-5.30389799172775
1	2.35145945550736	15.7130630218298
1	3.12032088086903	15.7130630218298
1	1.82221102748067	-5.30389799172775
1	4.06299238526514	-5.30389799172775
1	-0.0367881635735743	15.7130630218298
1	3.61311572157953	15.7130630218298
1	-0.0728996470751722	15.7130630218298
1	2.39804774632678	15.7130630218298
1	1.94344019110999	15.7130630218298
1	1.695810438638	15.7130630218298
1	2.88620644430522	15.7130630218298
1	-0.828718851360024	15.7130630218298
1	5.35316662403713	15.7130630218298
1	-0.329944872424007	-5.30389799172775
1	2.07293919705523	-5.30389799172775
1	0.768159789914309	15.7130630218298
1	1.4983619976131	-5.30389799172775
1	7.17433309125669	-5.30389799172775
1	3.0347912393865	15.7130630218298
1	0.427398939131349	-5.30389799172775
1	-0.281211068837157	15.7130630218298
1	3.90037420254531	15.7130630218298
1	2.96288033457072	15.7130630218298
1	2.36386325091231	-5.30389799172775
1	1.1412757050926	-5.30389799172775
1	0.0250793797170306	15.7130630218298
1	0.849615406768638	-5.30389799172775
1	5.00005760742783	15.7130630218298
1	1.75746661040635	-5.30389799172775
1	0.231146305231017	-5.30389799172775
1	6.73858124484716	-5.30389799172775
1	3.8502007547449	-5.30389799172775
1	2.52270579817393	15.7130630218298
1	5.11696609741804	-5.30389799172775
1	4.77284530274987	15.7130630218298
1	1.76151390353771	15.7130630218298
1	7.41220492908094	-5.30389799172775
1	2.48994593971797	-5.30389799172775
1	0.151010699574383	-5.30389799172775
1	2.71120079609156	15.7130630218298
1	3.41507667846469	-5.30389799172775
1	7.61595679811872	15.7130630218298
1	3.21160473578742	15.7130630218298
1	3.91399761084683	15.7130630218298
1	2.84569412928694	-5.30389799172775
1	2.33199831526691	-5.30389799172775
1	2.93054794337745	15.7130630218298
1	4.57527921126032	15.7130630218298
1	7.15049001730457	15.7130630218298
1	5.05478487752754	15.7130630218298
1	5.41581679677341	15.7130630218298
1	0.537353156883912	-5.30389799172775
1	4.96779114010676	-5.30389799172775
1	3.4398496073213	15.7130630218298
1	0.0654999418155149	15.7130630218298
1	4.04204548529628	15.7130630218298
1	2.68249079056797	-5.30389799172775
1	5.9291746239396	15.7130630218298
1	1.46783600079067	15.7130630218298
1	2.13957649214291	15.7130630218298
1	1.14778100524513	15.7130630218298
1	2.64579207712692	15.7130630218298
1	3.80402355897268	-5.30389799172775
1	1.53650365376079	-5.30389799172775
1	4.66074633596335	15.7130630218298
1	0.58383442739107	-5.30389799172775
1	0.904031174384517	15.7130630218298
1	5.88231541368856	-5.30389799172775
1	0.968305069390702	15.7130630218298
1	3.82394942463503	-5.30389799172775
1	2.23784789778216	15.7130630218298
1	1.74709237851534	15.7130630218298
1	3.36728664844416	15.7130630218298
1	1.32874277517991	-5.30389799172775
1	6.19056160427558	-5.30389799172775
1	3.65901554363072	15.7130630218298
1	1.35906323176397	-5.30389799172775
1	3.97485810485697	-5.30389799172775
1	4.47664941025843	-5.30389799172775
1	4.15156270330698	-5.30389799172775
1	2.38922322568729	15.7130630218298
1	6.0235623369017	15.7130630218298
1	3.77968647282286	15.7130630218298
1	1.75751883891639	-5.30389799172775
1	-1.429399774355	15.7130630218298
1	5.24986183628622	-5.30389799172775
1	2.91013278196954	-5.30389799172775
1	2.96761947380211	-5.30389799172775
1	4.8876724213706	-5.30389799172775
1	4.64244239019618	15.7130630218298
1	4.18780264243502	-5.30389799172775
1	4.83795474321644	-5.30389799172775
1	4.56427260146213	15.7130630218298
1	3.14912996673038	-5.30389799172775
1	-0.978703391726746	15.7130630218298
1	4.23965149578942	15.7130630218298
1	2.887742520942	15.7130630218298
1	2.68840898658934	15.7130630218298
1	0.0584952322014511	15.7130630218298
1	2.04369988978276	-5.30389799172775
1	3.83588312039941	15.7130630218298
1	5.71735910305809	15.7130630218298
1	2.79442454531401	-5.30389799172775
1	3.77534322311874	-5.30389799172775
1	2.89238991883419	15.7130630218298
1	0.245880886342787	-5.30389799172775
1	2.17001087340064	-5.30389799172775
1	2.2114200925793	-5.30389799172775
1	2.88137320657763	15.7130630218298
1	5.20005074396777	-5.30389799172775
1	4.52635149691509	15.7130630218298
1	2.67095280749283	-5.30389799172775
1	2.49327663972699	-5.30389799172775
1	4.39392675080947	-5.30389799172775
1	4.11332639734732	-5.30389799172775
1	1.62248861090096	-5.30389799172775
1	1.58500968607576	-5.30389799172775
1	3.72916392427366	15.7130630218298
1	4.53706584903083	15.7130630218298
1	2.77530757569954	-5.30389799172775
1	4.76221545290843	-5.30389799172775
1	3.79621176073414	15.7130630218298
1	1.77594721349846	-5.30389799172775
1	3.68223938284885	15.7130630218298
1	0.741273807838415	15.7130630218298
1	5.86604740340207	15.7130630218298
1	6.96079979701172	15.7130630218298
1	2.26555704706698	15.7130630218298
1	0.911730747366938	-5.30389799172775
1	4.13943925488483	-5.30389799172775
1	2.72989079223835	15.7130630218298
1	7.80323552100955	-5.30389799172775
1	2.92151999453366	15.7130630218298
1	4.37947872490155	15.7130630218298
1	3.05600431756133	15.7130630218298
1	1.51345358223519	-5.30389799172775
1	3.37758459902869	15.7130630218298
1	-0.609917257782076	15.7130630218298
1	5.93110972312577	-5.30389799172775
1	3.3065066764238	15.7130630218298
1	7.34522334072431	-5.30389799172775
1	3.95101905779933	15.7130630218298
1	1.58010713815637	-5.30389799172775
1	4.22145270697811	15.7130630218298
1	1.1318047367115	15.7130630218298
1	0.492733199521796	15.7130630218298
1	3.58289247103493	-5.30389799172775
1	2.11341625356313	-5.30389799172775
1	3.00221070326325	15.7130630218298
1	3.14868264830333	-5.30389799172775
1	1.82095810762386	-5.30389799172775
1	1.862662534363	15.7130630218298
1	2.72964276975234	-5.30389799172775
1	5.35617399314641	15.7130630218298
1	-0.047133600859524	15.7130630218298
1	4.18789237525684	-5.30389799172775
1	3.66590074242704	15.7130630218298
1	5.12619967455273	-5.30389799172775
1	2.3916321527314	15.7130630218298
1	3.74003761983258	15.7130630218298
1	3.53419758154446	15.7130630218298
1	1.9149599380167	15.7130630218298
1	5.41573561196634	15.7130630218298
1	5.3208052313899	-5.30389799172775
1	4.40042729903	-5.30389799172775
1	6.17366690908169	-5.30389799172775
1	4.11697285113061	-5.30389799172775
1	0.446815583083927	15.7130630218298
1	1.85346917152623	15.7130630218298
1	0.550774770203288	-5.30389799172775
1	2.05319872712138	-5.30389799172775
1	1.75926664555175	-5.30389799172775
1	3.08423174628847	15.7130630218298
1	1.17815670289511	15.7130630218298
1	3.31605754480815	-5.30389799172775
1	1.69083071216236	-5.30389799172775
1	6.53457453874529	15.7130630218298
1	4.43341495203441	15.7130630218298
1	4.82034845899046	15.7130630218298
1	3.76837071565269	-5.30389799172775
1	6.36435216103884	-5.30389799172775
1	1.72852709210205	-5.30389799172775
1	2.07671053927887	-5.30389799172775
1	5.86456447708333	15.7130630218298
1	1.69860729337927	15.7130630218298
1	2.58523851279607	15.7130630218298
1	2.21438414111603	15.7130630218298
1	2.36001426290299	-5.30389799172775
1	2.44177339404688	15.7130630218298
1	3.98837666253565	15.7130630218298
1	2.64533903546079	-5.30389799172775
1	1.98808507577149	-5.30389799172775
1	5.68607765034082	-5.30389799172775
1	2.57084118290626	15.7130630218298
1	2.64088693991323	15.7130630218298
1	2.79961851757288	-5.30389799172775
1	4.42533261410281	15.7130630218298
1	2.85287119174735	-5.30389799172775
1	2.9247316570659	15.7130630218298
1	1.63667904248869	15.7130630218298
1	2.35145945550736	-5.30389799172775
1	3.12032088086903	-5.30389799172775
1	1.82221102748067	15.7130630218298
1	4.06299238526514	15.7130630218298
1	-0.0367881635735743	-5.30389799172775
1	3.61311572157953	-5.30389799172775
1	-0.0728996470751722	-5.30389799172775
1	2.39804774632678	-5.30389799172775
1	1.94344019110999	-5.30389799172775
1	1.695810438638	-5.30389799172775
1	2.88620644430522	-5.30389799172775
1	-0.828718851360024	-5.30389799172775
1	5.35316662403713	-5.30389799172775
1	-0.329944872424007	15.7130630218298
1	2.07293919705523	15.7130630218298
1	0.768159789914309	-5.30389799172775
1	1.4983619976131	15.7130630218298
1	7.17433309125669	15.7130630218298
1	3.0347912393865	-5.30389799172775
1	0.427398939131349	15.7130630218298
1	-0.281211068837157	-5.30389799172775
1	3.90037420254531	-5.30389799172775
1	2.96288033457072	-5.30389799172775
1	2.36386325091231	15.7130630218298
1	1.1412757050926	15.7130630218298
1	0.0250793797170306	-5.30389799172775
1	0.849615406768638	15.7130630218298
1	5.00005760742783	-5.30389799172775
1	1.75746661040635	15.7130630218298
1	0.231146305231017	15.7130630218298
1	6.73858124484716	15.7130630218298
1	3.8502007547449	15.7130630218298
1	2.52270579817393	-5.30389799172775
1	5.11696609741804	15.7130630218298
1	4.77284530274987	-5.30389799172775
1	1.76151390353771	-5.30389799172775
1	7.41220492908094	15.7130630218298
1	2.48994593971797	15.7130630218298
1	0.151010699574383	15.7130630218298
1	2.71120079609156	-5.30389799172775
1	3.41507667846469	15.7130630218298
1	7.61595679811872	-5.30389799172775
1	3.21160473578742	-5.30389799172775
1	3.91399761084683	-5.30389799172775
1	2.84569412928694	15.7130630218298
1	2.33199831526691	15.7130630218298
1	2.93054794337745	-5.30389799172775
1	4.57527921126032	-5.30389799172775
1	7.15049001730457	-5.30389799172775
1	5.05478487752754	-5.30389799172775
1	5.41581679677341	-5.30389799172775
1	0.537353156883912	15.7130630218298
1	4.96779114010676	15.7130630218298
1	3.4398496073213	-5.30389799172775
1	0.0654999418155149	-5.30389799172775
1	4.04204548529628	-5.30389799172775
1	2.68249079056797	15.7130630218298
1	5.9291746239396	-5.30389799172775
1	1.46783600079067	-5.30389799172775
1	2.13957649214291	-5.30389799172775
1	1.14778100524513	-5.30389799172775
1	2.64579207712692	-5.30389799172775
1	3.80402355897268	15.7130630218298
1	1.53650365376079	15.7130630218298
1	4.66074633596335	-5.30389799172775
1	0.58383442739107	15.7130630218298
1	0.904031174384517	-5.30389799172775
1	5.88231541368856	15.7130630218298
1	0.968305069390702	-5.30389799172775
1	3.82394942463503	15.7130630218298
1	2.23784789778216	-5.30389799172775
1	1.74709237851534	-5.30389799172775
1	3.36728664844416	-5.30389799172775
1	1.32874277517991	15.7130630218298
1	6.19056160427558	15.7130630218298
1	3.65901554363072	-5.30389799172775
1	1.35906323176397	15.7130630218298
1	3.97485810485697	15.7130630218298
1	4.47664941025843	15.7130630218298
1	4.15156270330698	15.7130630218298
1	2.38922322568729	-5.30389799172775
1	6.0235623369017	-5.30389799172775
1	3.77968647282286	-5.30389799172775
1	1.75751883891639	15.7130630218298
1	-1.429399774355	-5.30389799172775
1	5.24986183628622	15.7130630218298
1	2.91013278196954	15.7130630218298
1	2.96761947380211	15.7130630218298
1	4.8876724213706	15.7130630218298
1	4.64244239019618	-5.30389799172775
1	4.18780264243502	15.7130630218298
1	4.83795474321644	15.7130630218298
1	4.56427260146213	-5.30389799172775
1	3.14912996673038	15.7130630218298
1	-0.978703391726746	-5.30389799172775
1	4.23965149578942	-5.30389799172775
1	2.887742520942	-5.30389799172775
1	2.68840898658934	-5.30389799172775
1	0.0584952322014511	-5.30389799172775
1	2.04369988978276	15.7130630218298
1	3.83588312039941	-5.30389799172775
1	5.71735910305809	-5.30389799172775
1	2.79442454531401	15.7130630218298
1	3.77534322311874	15.7130630218298
1	2.89238991883419	-5.30389799172775
1	0.245880886342787	15.7130630218298
1	2.17001087340064	15.7130630218298
1	2.2114200925793	15.7130630218298
1	2.88137320657763	-5.30389799172775
1	5.20005074396777	15.7130630218298
1	4.52635149691509	-5.30389799172775
1	2.67095280749283	15.7130630218298
1	2.49327663972699	15.7130630218298
1	4.39392675080947	15.7130630218298
1	4.11332639734732	15.7130630218298
1	1.62248861090096	15.7130630218298
1	1.58500968607576	15.7130630218298
1	3.72916392427366	-5.30389799172775
1	4.53706584903083	-5.30389799172775
1	2.77530757569954	15.7130630218298
1	4.76221545290843	15.7130630218298
1	3.79621176073414	-5.30389799172775
1	1.77594721349846	15.7130630218298
1	3.68223938284885	-5.30389799172775
1	0.741273807838415	-5.30389799172775
1	5.86604740340207	-5.30389799172775
1	6.96079979701172	-5.30389799172775
1	2.26555704706698	-5.30389799172775
1	0.911730747366938	15.7130630218298
1	4.13943925488483	15.7130630218298
1	2.72989079223835	-5.30389799172775
1	7.80323552100955	15.7130630218298
1	2.92151999453366	-5.30389799172775
1	4.37947872490155	-5.30389799172775
1	3.05600431756133	-5.30389799172775
1	1.51345358223519	15.7130630218298
1	3.37758459902869	-5.30389799172775
1	-0.609917257782076	-5.30389799172775
1	5.93110972312577	15.7130630218298
1	3.3065066764238	-5.30389799172775
1	7.34522334072431	15.7130630218298
1	3.95101905779933	-5.30389799172775
1	1.58010713815637	15.7130630218298
1	4.22145270697811	-5.30389799172775
1	1.1318047367115	-5.30389799172775
1	0.492733199521796	-5.30389799172775
1	3.58289247103493	15.7130630218298
1	2.11341625356313	15.7130630218298
1	3.00221070326325	-5.30389799172775
1	3.14868264830333	15.7130630218298
1	1.82095810762386	15.7130630218298
1	1.862662534363	-5.30389799172775
1	2.72964276975234	15.7130630218298
1	5.35617399314641	-5.30389799172775
1	-0.047133600859524	-5.30389799172775
1	4.18789237525684	15.7130630218298
1	3.66590074242704	-5.30389799172775
1	5.12619967455273	15.7130630218298
1	2.3916321527314	-5.30389799172775
1	3.74003761983258	-5.30389799172775
1	3.53419758154446	-5.30389799172775
1	1.9149599380167	-5.30389799172775
1	5.41573561196634	-5.30389799172775
1	5.3208052313899	15.7130630218298
1	4.40042729903	15.7130630218298
1	6.17366690908169	15.7130630218298
1	4.11697285113061	15.7130630218298
1	0.446815583083927	-5.30389799172775
1	1.85346917152623	-5.30389799172775
1	0.550774770203288	15.7130630218298
1	2.05319872712138	15.7130630218298
1	1.75926664555175	15.7130630218298
1	3.08423174628847	-5.30389799172775
1	1.17815670289511	-5.30389799172775
1	3.31605754480815	15.7130630218298
1	1.69083071216236	15.7130630218298
1	6.53457453874529	-5.30389799172775
1	4.43341495203441	-5.30389799172775
1	4.82034845899046	-5.30389799172775
1	3.76837071565269	15.7130630218298
1	6.36435216103884	15.7130630218298
1	1.72852709210205	15.7130630218298
1	2.07671053927887	15.7130630218298
1	5.86456447708333	-5.30389799172775
1	1.69860729337927	-5.30389799172775
1	2.58523851279607	-5.30389799172775
1	2.21438414111603	-5.30389799172775
1	2.36001426290299	15.7130630218298
1	2.44177339404688	-5.30389799172775
1	3.98837666253565	-5.30389799172775
1	2.64533903546079	15.7130630218298
1	1.98808507577149	15.7130630218298
1	5.68607765034082	15.7130630218298
1	2.57084118290626	-5.30389799172775
1	2.64088693991323	-5.30389799172775
1	2.79961851757288	15.7130630218298
1	4.42533261410281	-5.30389799172775
1	2.85287119174735	15.7130630218298
1	2.9247316570659	-5.30389799172775
1	1.63667904248869	-5.30389799172775
1	2.35145945550736	15.7130630218298
1	3.12032088086903	15.7130630218298
1	1.82221102748067	-5.30389799172775
1	4.06299238526514	-5.30389799172775
1	-0.0367881635735743	15.7130630218298
1	3.61311572157953	15.7130630218298
1	-0.0728996470751722	15.7130630218298
1	2.39804774632678	15.7130630218298
1	1.94344019110999	15.7130630218298
1	1.695810438638	15.7130630218298
1	2.88620644430522	15.7130630218298
1	-0.828718851360024	15.7130630218298
1	5.35316662403713	15.7130630218298
1	-0.329944872424007	-5.30389799172775
1	2.07293919705523	-5.30389799172775
1	0.768159789914309	15.7130630218298
1	1.4983619976131	-5.30389799172775
1	7.17433309125669	-5.30389799172775
1	3.0347912393865	15.7130630218298
1	0.427398939131349	-5.30389799172775
1	-0.281211068837157	15.7130630218298
1	3.90037420254531	15.7130630218298
1	2.96288033457072	15.7130630218298
1	2.36386325091231	-5.30389799172775
1	1.1412757050926	-5.30389799172775
1	0.0250793797170306	15.7130630218298
1	0.849615406768638	-5.30389799172775
1	5.00005760742783	15.7130630218298
1	1.75746661040635	-5.30389799172775
1	0.231146305231017	-5.30389799172775
1	6.73858124484716	-5.30389799172775
1	3.8502007547449	-5.30389799172775
1	2.52270579817393	15.7130630218298
1	5.11696609741804	-5.30389799172775
1	4.77284530274987	15.7130630218298
1	1.76151390353771	15.7130630218298
1	7.41220492908094	-5.30389799172775
1	2.48994593971797	-5.30389799172775
1	0.151010699574383	-5.30389799172775
1	2.71120079609156	15.7130630218298
1	3.41507667846469	-5.30389799172775
1	7.61595679811872	15.7130630218298
1	3.21160473578742	15.7130630218298
1	3.91399761084683	15.7130630218298
1	2.84569412928694	-5.30389799172775
1	2.33199831526691	-5.30389799172775
1	2.93054794337745	15.7130630218298
1	4.57527921126032	15.7130630218298
1	7.15049001730457	15.7130630218298
1	5.05478487752754	15.7130630218298
1	5.41581679677341	15.7130630218298
1	0.537353156883912	-5.30389799172775
1	4.96779114010676	-5.30389799172775
1	3.4398496073213	15.7130630218298
1	0.0654999418155149	15.7130630218298
1	4.04204548529628	15.7130630218298
1	2.68249079056797	-5.30389799172775
1	5.9291746239396	15.7130630218298
1	1.46783600079067	15.7130630218298
1	2.13957649214291	15.7130630218298
1	1.14778100524513	15.7130630218298
1	2.64579207712692	15.7130630218298
1	3.80402355897268	-5.30389799172775
1	1.53650365376079	-5.30389799172775
1	4.66074633596335	15.7130630218298
1	0.58383442739107	-5.30389799172775
1	0.904031174384517	15.7130630218298
1	5.88231541368856	-5.30389799172775
1	0.968305069390702	15.7130630218298
1	3.82394942463503	-5.30389799172775
1	2.23784789778216	15.7130630218298
1	1.74709237851534	15.7130630218298
1	3.36728664844416	15.7130630218298
1	1.32874277517991	-5.30389799172775
1	6.19056160427558	-5.30389799172775
1	3.65901554363072	15.7130630218298
1	1.35906323176397	-5.30389799172775
1	3.97485810485697	-5.30389799172775
1	4.47664941025843	-5.30389799172775
1	4.15156270330698	-5.30389799172775
1	2.38922322568729	15.7130630218298
1	6.0235623369017	15.7130630218298
1	3.77968647282286	15.7130630218298
1	1.75751883891639	-5.30389799172775
1	-1.429399774355	15.7130630218298
1	5.24986183628622	-5.30389799172775
1	2.91013278196954	-5.30389799172775
1	2.96761947380211	-5.30389799172775
1	4.8876724213706	-5.30389799172775
1	4.64244239019618	15.7130630218298
1	4.18780264243502	-5.30389799172775
1	4.83795474321644	-5.30389799172775
1	4.56427260146213	15.7130630218298
1	3.14912996673038	-5.30389799172775
1	-0.978703391726746	15.7130630218298
1	4.23965149578942	15.7130630218298
1	2.887742520942	15.7130630218298
1	2.68840898658934	15.7130630218298
1	0.0584952322014511	15.7130630218298
1	2.04369988978276	-5.30389799172775
1	3.83588312039941	15.7130630218298
1	5.71735910305809	15.7130630218298
1	2.79442454531401	-5.30389799172775
1	3.77534322311874	-5.30389799172775
1	2.89238991883419	15.7130630218298
1	0.245880886342787	-5.30389799172775
1	2.17001087340064	-5.30389799172775
1	2.2114200925793	-5.30389799172775
1	2.88137320657763	15.7130630218298
1	5.20005074396777	-5.30389799172775
1	4.52635149691509	15.7130630218298
1	2.67095280749283	-5.30389799172775
1	2.49327663972699	-5.30389799172775
1	4.39392675080947	-5.30389799172775
1	4.11332639734732	-5.30389799172775
1	1.62248861090096	-5.30389799172775
1	1.58500968607576	-5.30389799172775
1	3.72916392427366	15.7130630218298
1	4.53706584903083	15.7130630218298
1	2.77530757569954	-5.30389799172775
1	4.76221545290843	-5.30389799172775
1	3.79621176073414	15.7130630218298
1	1.77594721349846	-5.30389799172775
1	3.68223938284885	15.7130630218298
1	0.741273807838415	15.7130630218298
1	5.86604740340207	15.7130630218298
1	6.96079979701172	15.7130630218298
1	2.26555704706698	15.7130630218298
1	0.911730747366938	-5.30389799172775
1	4.13943925488483	-5.30389799172775
1	2.72989079223835	15.7130630218298
1	7.80323552100955	-5.30389799172775
1	2.92151999453366	15.7130630218298
1	4.37947872490155	15.7130630218298
1	3.05600431756133	15.7130630218298
1	1.51345358223519	-5.30389799172775
1	3.37758459902869	15.7130630218298
1	-0.609917257782076	15.7130630218298
1	5.93110972312577	-5.30389799172775
1	3.3065066764238	15.7130630218298
1	7.34522334072431	-5.30389799172775
1	3.95101905779933	15.7130630218298
1	1.58010713815637	-5.30389799172775
1	4.22145270697811	15.7130630218298
1	1.1318047367115	15.7130630218298
1	0.492733199521796	15.7130630218298
1	3.58289247103493	-5.30389799172775
1	2.11341625356313	-5.30389799172775
1	3.00221070326325	15.7130630218298
1	3.14868264830333	-5.30389799172775
1	1.82095810762386	-5.30389799172775
1	1.862662534363	15.7130630218298
1	2.72964276975234	-5.30389799172775
1	5.35617399314641	15.7130630218298
1	-0.047133600859524	15.7130630218298
1	4.18789237525684	-5.30389799172775
1	3.66590074242704	15.7130630218298
1	5.12619967455273	-5.30389799172775
1	2.3916321527314	15.7130630218298
1	3.74003761983258	15.7130630218298
1	3.53419758154446	15.7130630218298
1	1.9149599380167	15.7130630218298
1	5.41573561196634	15.7130630218298
1	5.3208052313899	-5.30389799172775
1	4.40042729903	-5.30389799172775
1	6.17366690908169	-5.30389799172775
1	4.11697285113061	-5.30389799172775
1	0.446815583083927	15.7130630218298
1	1.85346917152623	15.7130630218298
1	0.550774770203288	-5.30389799172775
1	2.05319872712138	-5.30389799172775
1	1.75926664555175	-5.30389799172775
1	3.08423174628847	15.7130630218298
1	1.17815670289511	15.7130630218298
1	3.31605754480815	-5.30389799172775
1	1.69083071216236	-5.30389799172775
1	6.53457453874529	15.7130630218298
1	4.43341495203441	15.7130630218298
1	4.82034845899046	15.7130630218298
1	3.76837071565269	-5.30389799172775
1	6.36435216103884	-5.30389799172775
1	1.72852709210205	-5.30389799172775
1	2.07671053927887	-5.30389799172775
1	5.86456447708333	15.7130630218298
1	1.69860729337927	15.7130630218298
1	2.58523851279607	15.7130630218298
1	2.21438414111603	15.7130630218298
1	2.36001426290299	-5.30389799172775
1	2.44177339404688	15.7130630218298
1	3.98837666253565	15.7130630218298
1	2.64533903546079	-5.30389799172775
1	1.98808507577149	-5.30389799172775
1	5.68607765034082	-5.30389799172775
1	2.57084118290626	15.7130630218298
1	2.64088693991323	15.7130630218298
1	2.79961851757288	-5.30389799172775
1	4.42533261410281	15.7130630218298
1	2.85287119174735	-5.30389799172775
1	2.9247316570659	15.7130630218298
1	1.63667904248869	15.7130630218298
1	2.35145945550736	-5.30389799172775
1	3.12032088086903	-5.30389799172775
1	1.82221102748067	15.7130630218298
1	4.06299238526514	15.7130630218298
1	-0.0367881635735743	-5.30389799172775
1	3.61311572157953	-5.30389799172775
1	-0.0728996470751722	-5.30389799172775
1	2.39804774632678	-5.30389799172775
1	1.94344019110999	-5.30389799172775
1	1.695810438638	-5.30389799172775
1	2.88620644430522	-5.30389799172775
1	-0.828718851360024	-5.30389799172775
1	5.35316662403713	-5.30389799172775
1	-0.329944872424007	15.7130630218298
1	2.07293919705523	15.7130630218298
1	0.768159789914309	-5.30389799172775
1	1.4983619976131	15.7130630218298
1	7.17433309125669	15.7130630218298
1	3.0347912393865	-5.30389799172775
1	0.427398939131349	15.7130630218298
1	-0.281211068837157	-5.30389799172775
1	3.90037420254531	-5.30389799172775
1	2.96288033457072	-5.30389799172775
1	2.36386325091231	15.7130630218298
1	1.1412757050926	15.7130630218298
1	0.0250793797170306	-5.30389799172775
1	0.849615406768638	15.7130630218298
1	5.00005760742783	-5.30389799172775
1	1.75746661040635	15.7130630218298
1	0.231146305231017	15.7130630218298
1	6.73858124484716	15.7130630218298
1	3.8502007547449	15.7130630218298
1	2.52270579817393	-5.30389799172775
1	5.11696609741804	15.7130630218298
1	4.77284530274987	-5.30389799172775
1	1.76151390353771	-5.30389799172775
1	7.41220492908094	15.7130630218298
1	2.48994593971797	15.7130630218298
1	0.151010699574383	15.7130630218298
1	2.71120079609156	-5.30389799172775
1	3.41507667846469	15.7130630218298
1	7.61595679811872	-5.30389799172775
1	3.21160473578742	-5.30389799172775
1	3.91399761084683	-5.30389799172775
1	2.84569412928694	15.7130630218298
1	2.33199831526691	15.7130630218298
1	2.93054794337745	-5.30389799172775
1	4.57527921126032	-5.30389799172775
1	7.15049001730457	-5.30389799172775
1	5.05478487752754	-5.30389799172775
1	5.41581679677341	-5.30389799172775
1	0.537353156883912	15.7130630218298
1	4.96779114010676	15.7130630218298
1	3.4398496073213	-5.30389799172775
1	0.0654999418155149	-5.30389799172775
1	4.04204548529628	-5.30389799172775
1	2.68249079056797	15.7130630218298
1	5.9291746239396	-5.30389799172775
1	1.46783600079067	-5.30389799172775
1	2.13957649214291	-5.30389799172775
1	1.14778100524513	-5.30389799172775
1	2.64579207712692	-5.30389799172775
1	3.80402355897268	15.7130630218298
1	1.53650365376079	15.7130630218298
1	4.66074633596335	-5.30389799172775
1	0.58383442739107	15.7130630218298
1	0.904031174384517	-5.30389799172775
1	5.88231541368856	15.7130630218298
1	0.968305069390702	-5.30389799172775
1	3.82394942463503	15.7130630218298
1	2.23784789778216	-5.30389799172775
1	1.74709237851534	-5.30389799172775
1	3.36728664844416	-5.30389799172775
1	1.32874277517991	15.7130630218298
1	6.19056160427558	15.7130630218298
1	3.65901554363072	-5.30389799172775
1	1.35906323176397	15.7130630218298
1	3.97485810485697	15.7130630218298
1	4.47664941025843	15.7130630218298
1	4.15156270330698	15.7130630218298
1	2.38922322568729	-5.30389799172775
1	6.0235623369017	-5.30389799172775
1	3.77968647282286	-5.30389799172775
1	1.75751883891639	15.7130630218298
1	-1.429399774355	-5.30389799172775
1	5.24986183628622	15.7130630218298
1	2.91013278196954	15.7130630218298
1	2.96761947380211	15.7130630218298
1	4.8876724213706	15.7130630218298
1	4.64244239019618	-5.30389799172775
1	4.18780264243502	15.7130630218298
1	4.83795474321644	15.7130630218298
1	4.56427260146213	-5.30389799172775
1	3.14912996673038	15.7130630218298
1	-0.978703391726746	-5.30389799172775
1	4.23965149578942	-5.30389799172775
1	2.887742520942	-5.30389799172775
1	2.68840898658934	-5.30389799172775
1	0.0584952322014511	-5.30389799172775
1	2.04369988978276	15.7130630218298
1	3.83588312039941	-5.30389799172775
1	5.71735910305809	-5.30389799172775
1	2.79442454531401	15.7130630218298
1	3.77534322311874	15.7130630218298
1	2.89238991883419	-5.30389799172775
1	0.245880886342787	15.7130630218298
1	2.17001087340064	15.7130630218298
1	2.2114200925793	15.7130630218298
1	2.88137320657763	-5.30389799172775
1	5.20005074396777	15.7130630218298
1	4.52635149691509	-5.30389799172775
1	2.67095280749283	15.7130630218298
1	2.49327663972699	15.7130630218298
1	4.39392675080947	15.7130630218298
1	4.11332639734732	15.7130630218298
1	1.62248861090096	15.7130630218298
1	1.58500968607576	15.7130630218298
1	3.72916392427366	-5.30389799172775
1	4.53706584903083	-5.30389799172775
1	2.77530757569954	15.7130630218298
1	4.76221545290843	15.7130630218298
1	3.79621176073414	-5.30389799172775
1	1.77594721349846	15.7130630218298
1	3.68223938284885	-5.30389799172775
1	0.741273807838415	-5.30389799172775
1	5.86604740340207	-5.30389799172775
1	6.96079979701172	-5.30389799172775
1	2.26555704706698	-5.30389799172775
1	0.911730747366938	15.7130630218298
1	4.13943925488483	15.7130630218298
1	2.72989079223835	-5.30389799172775
1	7.80323552100955	15.7130630218298
1	2.92151999453366	-5.30389799172775
1	4.37947872490155	-5.30389799172775
1	3.05600431756133	-5.30389799172775
1	1.51345358223519	15.7130630218298
1	3.37758459902869	-5.30389799172775
1	-0.609917257782076	-5.30389799172775
1	5.93110972312577	15.7130630218298
1	3.3065066764238	-5.30389799172775
1	7.34522334072431	15.7130630218298
1	3.95101905779933	-5.30389799172775
1	1.58010713815637	15.7130630218298
1	4.22145270697811	-5.30389799172775
1	1.1318047367115	-5.30389799172775
1	0.492733199521796	-5.30389799172775
1	3.58289247103493	15.7130630218298
1	2.11341625356313	15.7130630218298
1	3.00221070326325	-5.30389799172775
1	3.14868264830333	15.7130630218298
1	1.82095810762386	15.7130630218298
1	1.862662534363	-5.30389799172775
1	2.72964276975234	15.7130630218298
1	5.35617399314641	-5.30389799172775
1	-0.047133600859524	-5.30389799172775
1	4.18789237525684	15.7130630218298
1	3.66590074242704	-5.30389799172775
1	5.12619967455273	15.7130630218298
1	2.3916321527314	-5.30389799172775
1	3.74003761983258	-5.30389799172775
1	3.53419758154446	-5.30389799172775
1	1.9149599380167	-5.30389799172775
1	5.41573561196634	-5.30389799172775
1	5.3208052313899	15.7130630218298
1	4.40042729903	15.7130630218298
1	6.17366690908169	15.7130630218298
1	4.11697285113061	15.7130630218298
1	0.446815583083927	-5.30389799172775
1	1.85346917152623	-5.30389799172775
1	0.550774770203288	15.7130630218298
1	2.05319872712138	15.7130630218298
1	1.75926664555175	15.7130630218298
1	3.08423174628847	-5.30389799172775
1	1.17815670289511	-5.30389799172775
1	3.31605754480815	15.7130630218298
1	1.69083071216236	15.7130630218298
1	6.53457453874529	-5.30389799172775
1	4.43341495203441	-5.30389799172775
1	4.82034845899046	-5.30389799172775
1	3.76837071565269	15.7130630218298
1	6.36435216103884	15.7130630218298
1	1.72852709210205	15.7130630218298
1	2.07671053927887	15.7130630218298
1	5.86456447708333	-5.30389799172775
1	1.69860729337927	-5.30389799172775
1	2.58523851279607	-5.30389799172775
1	2.21438414111603	-5.30389799172775
1	2.36001426290299	15.7130630218298
1	2.44177339404688	-5.30389799172775
1	3.98837666253565	-5.30389799172775
1	2.64533903546079	15.7130630218298
1	1.98808507577149	15.7130630218298
1	5.68607765034082	15.7130630218298
1	2.57084118290626	-5.30389799172775
1	2.64088693991323	-5.30389799172775
1	2.79961851757288	15.7130630218298
1	4.42533261410281	-5.30389799172775
1	2.85287119174735	15.7130630218298
1	2.9247316570659	-5.30389799172775
1	1.63667904248869	-5.30389799172775
1	2.35145945550736	15.7130630218298
1	3.12032088086903	15.7130630218298
1	1.82221102748067	-5.30389799172775
1	4.06299238526514	-5.30389799172775
1	-0.0367881635735743	15.7130630218298
1	3.61311572157953	15.7130630218298
1	-0.0728996470751722	15.7130630218298
1	2.39804774632678	15.7130630218298
1	1.94344019110999	15.7130630218298
1	1.695810438638	15.7130630218298
1	2.88620644430522	15.7130630218298
1	-0.828718851360024	15.7130630218298
1	5.35316662403713	15.7130630218298
1	-0.329944872424007	-5.30389799172775
1	2.07293919705523	-5.30389799172775
1	0.768159789914309	15.7130630218298
1	1.4983619976131	-5.30389799172775
1	7.17433309125669	-5.30389799172775
1	3.0347912393865	15.7130630218298
1	0.427398939131349	-5.30389799172775
1	-0.281211068837157	15.7130630218298
1	3.90037420254531	15.7130630218298
1	2.96288033457072	15.7130630218298
1	2.36386325091231	-5.30389799172775
1	1.1412757050926	-5.30389799172775
1	0.0250793797170306	15.7130630218298
1	0.849615406768638	-5.30389799172775
1	5.00005760742783	15.7130630218298
1	1.75746661040635	-5.30389799172775
1	0.231146305231017	-5.30389799172775
1	6.73858124484716	-5.30389799172775
1	3.8502007547449	-5.30389799172775
1	2.52270579817393	15.7130630218298
1	5.11696609741804	-5.30389799172775
1	4.77284530274987	15.7130630218298
1	1.76151390353771	15.7130630218298
1	7.41220492908094	-5.30389799172775
1	2.48994593971797	-5.30389799172775
1	0.151010699574383	-5.30389799172775
1	2.71120079609156	15.7130630218298
1	3.41507667846469	-5.30389799172775
1	7.61595679811872	15.7130630218298
1	3.21160473578742	15.7130630218298
1	3.91399761084683	15.7130630218298
1	2.84569412928694	-5.30389799172775
1	2.33199831526691	-5.30389799172775
1	2.93054794337745	15.7130630218298
1	4.57527921126032	15.7130630218298
1	7.15049001730457	15.7130630218298
1	5.05478487752754	15.7130630218298
1	5.41581679677341	15.7130630218298
1	0.537353156883912	-5.30389799172775
1	4.96779114010676	-5.30389799172775
1	3.4398496073213	15.7130630218298
1	0.0654999418155149	15.7130630218298
1	4.04204548529628	15.7130630218298
1	2.68249079056797	-5.30389799172775
1	5.9291746239396	15.7130630218298
1	1.46783600079067	15.7130630218298
1	2.13957649214291	15.7130630218298
1	1.14778100524513	15.7130630218298
1	2.64579207712692	15.7130630218298
1	3.80402355897268	-5.30389799172775
1	1.53650365376079	-5.30389799172775
1	4.66074633596335	15.7130630218298
1	0.58383442739107	-5.30389799172775
1	0.904031174384517	15.7130630218298
1	5.88231541368856	-5.30389799172775
1	0.968305069390702	15.7130630218298
1	3.82394942463503	-5.30389799172775
1	2.23784789778216	15.7130630218298
1	1.74709237851534	15.7130630218298
1	3.36728664844416	15.7130630218298
1	1.32874277517991	-5.30389799172775
1	6.19056160427558	-5.30389799172775
1	3.65901554363072	15.7130630218298
1	1.35906323176397	-5.30389799172775
1	3.97485810485697	-5.30389799172775
1	4.47664941025843	-5.30389799172775
1	4.15156270330698	-5.30389799172775
1	2.38922322568729	15.7130630218298
1	6.0235623369017	15.7130630218298
1	3.77968647282286	15.7130630218298
1	1.75751883891639	-5.30389799172775
1	-1.429399774355	15.7130630218298
1	5.24986183628622	-5.30389799172775
1	2.91013278196954	-5.30389799172775
1	2.96761947380211	-5.30389799172775
1	4.8876724213706	-5.30389799172775
1	4.64244239019618	15.7130630218298
1	4.18780264243502	-5.30389799172775
1	4.83795474321644	-5.30389799172775
1	4.56427260146213	15.7130630218298
1	3.14912996673038	-5.30389799172775
1	-0.978703391726746	15.7130630218298
1	4.23965149578942	15.7130630218298
1	2.887742520942	15.7130630218298
1	2.68840898658934	15.7130630218298
1	0.0584952322014511	15.7130630218298
1	2.04369988978276	-5.30389799172775
1	3.83588312039941	15.7130630218298
1	5.71735910305809	15.7130630218298
1	2.79442454531401	-5.30389799172775
1	3.77534322311874	-5.30389799172775
1	2.89238991883419	15.7130630218298
1	0.245880886342787	-5.30389799172775
1	2.17001087340064	-5.30389799172775
1	2.2114200925793	-5.30389799172775
1	2.88137320657763	15.7130630218298
1	5.20005074396777	-5.30389799172775
1	4.52635149691509	15.7130630218298
1	2.67095280749283	-5.30389799172775
1	2.49327663972699	-5.30389799172775
1	4.39392675080947	-5.30389799172775
1	4.11332639734732	-5.30389799172775
1	1.62248861090096	-5.30389799172775
1	1.58500968607576	-5.30389799172775
1	3.72916392427366	15.7130630218298
1	4.53706584903083	15.7130630218298
1	2.77530757569954	-5.30389799172775
1	4.76221545290843	-5.30389799172775
1	3.79621176073414	15.7130630218298
1	1.77594721349846	-5.30389799172775
1	3.68223938284885	15.7130630218298
1	0.741273807838415	15.7130630218298
1	5.86604740340207	15.7130630218298
1	6.96079979701172	15.7130630218298
1	2.26555704706698	15.7130630218298
1	0.911730747366938	-5.30389799172775
1	4.13943925488483	-5.30389799172775
1	2.72989079223835	15.7130630218298
1	7.80323552100955	-5.30389799172775
1	2.92151999453366	15.7130630218298
1	4.37947872490155	15.7130630218298
1	3.05600431756133	15.7130630218298
1	1.51345358223519	-5.30389799172775
1	3.37758459902869	15.7130630218298
1	-0.609917257782076	15.7130630218298
1	5.93110972312577	-5.30389799172775
1	3.3065066764238	15.7130630218298
1	7.34522334072431	-5.30389799172775
1	3.95101905779933	15.7130630218298
1	1.58010713815637	-5.30389799172775
1	4.22145270697811	15.7130630218298
1	1.1318047367115	15.7130630218298
1	0.492733199521796	15.7130630218298
1	3.58289247103493	-5.30389799172775
1	2.11341625356313	-5.30389799172775
1	3.00221070326325	15.7130630218298
1	3.14868264830333	-5.30389799172775
1	1.82095810762386	-5.30389799172775
1	1.862662534363	15.7130630218298
1	2.72964276975234	-5.30389799172775
1	5.35617399314641	15.7130630218298
1	-0.047133600859524	15.7130630218298
1	4.18789237525684	-5.30389799172775
1	3.66590074242704	15.7130630218298
1	5.12619967455273	-5.30389799172775
1	2.3916321527314	15.7130630218298
1	3.74003761983258	15.7130630218298
1	3.53419758154446	15.7130630218298
1	1.9149599380167	15.7130630218298
1	5.41573561196634	15.7130630218298
1	5.3208052313899	-5.30389799172775
1	4.40042729903	-5.30389799172775
1	6.17366690908169	-5.30389799172775
1	4.11697285113061	-5.30389799172775
1	0.446815583083927	15.7130630218298
1	1.85346917152623	15.7130630218298
1	0.550774770203288	-5.30389799172775
1	2.05319872712138	-5.30389799172775
1	1.75926664555175	-5.30389799172775
1	3.08423174628847	15.7130630218298
1	1.17815670289511	15.7130630218298
1	3.31605754480815	-5.30389799172775
1	1.69083071216236	-5.30389799172775
1	6.53457453874529	15.7130630218298
1	4.43341495203441	15.7130630218298
1	4.82034845899046	15.7130630218298
1	3.76837071565269	-5.30389799172775
1	6.36435216103884	-5.30389799172775
1	1.72852709210205	-5.30389799172775
1	2.07671053927887	-5.30389799172775
1	5.86456447708333	15.7130630218298
1	1.69860729337927	15.7130630218298
1	2.58523851279607	15.7130630218298
1	2.21438414111603	15.7130630218298
1	2.36001426290299	-5.30389799172775
1	2.44177339404688	15.7130630218298
1	3.98837666253565	15.7130630218298
1	2.64533903546079	-5.30389799172775
1	1.98808507577149	-5.30389799172775
1	5.68607765034082	-5.30389799172775
1	2.57084118290626	15.7130630218298
1	2.64088693991323	15.7130630218298
1	2.79961851757288	-5.30389799172775
1	4.42533261410281	15.7130630218298
1	2.85287119174735	-5.30389799172775
1	2.9247316570659	15.7130630218298
1	1.63667904248869	15.7130630218298
1	2.35145945550736	-5.30389799172775
1	3.12032088086903	-5.30389799172775
1	1.82221102748067	15.7130630218298
1	4.06299238526514	15.7130630218298
1	-0.0367881635735743	-5.30389799172775
1	3.61311572157953	-5.30389799172775
1	-0.0728996470751722	-5.30389799172775
1	2.39804774632678	-5.30389799172775
1	1.94344019110999	-5.30389799172775
1	1.695810438638	-5.30389799172775
1	2.88620644430522	-5.30389799172775
1	-0.828718851360024	-5.30389799172775
1	5.35316662403713	-5.30389799172775
1	-0.329944872424007	15.7130630218298
1	2.07293919705523	15.7130630218298
1	0.768159789914309	-5.30389799172775
1	1.4983619976131	15.7130630218298
1	7.17433309125669	15.7130630218298
1	3.0347912393865	-5.30389799172775
1	0.427398939131349	15.7130630218298
1	-0.281211068837157	-5.30389799172775
1	3.90037420254531	-5.30389799172775
1	2.96288033457072	-5.30389799172775
1	2.36386325091231	15.7130630218298
1	1.1412757050926	15.7130630218298
1	0.0250793797170306	-5.30389799172775
1	0.849615406768638	15.7130630218298
1	5.00005760742783	-5.30389799172775
1	1.75746661040635	15.7130630218298
1	0.231146305231017	15.7130630218298
1	6.73858124484716	15.7130630218298
1	3.8502007547449	15.7130630218298
1	2.52270579817393	-5.30389799172775
1	5.11696609741804	15.7130630218298
1	4.77284530274987	-5.30389799172775
1	1.76151390353771	-5.30389799172775
1	7.41220492908094	15.7130630218298
1	2.48994593971797	15.7130630218298
1	0.151010699574383	15.7130630218298
1	2.71120079609156	-5.30389799172775
1	3.41507667846469	15.7130630218298
1	7.61595679811872	-5.30389799172775
1	3.21160473578742	-5.30389799172775
1	3.91399761084683	-5.30389799172775
1	2.84569412928694	15.7130630218298
1	2.33199831526691	15.7130630218298
1	2.93054794337745	-5.30389799172775
1	4.57527921126032	-5.30389799172775
1	7.15049001730457	-5.30389799172775
1	5.05478487752754	-5.30389799172775
1	5.41581679677341	-5.30389799172775
1	0.537353156883912	15.7130630218298
1	4.96779114010676	15.7130630218298
1	3.4398496073213	-5.30389799172775
1	0.0654999418155149	-5.30389799172775
1	4.04204548529628	-5.30389799172775
1	2.68249079056797	15.7130630218298
1	5.9291746239396	-5.30389799172775
1	1.46783600079067	-5.30389799172775
1	2.13957649214291	-5.30389799172775
1	1.14778100524513	-5.30389799172775
1	2.64579207712692	-5.30389799172775
1	3.80402355897268	15.7130630218298
1	1.53650365376079	15.7130630218298
1	4.66074633596335	-5.30389799172775
1	0.58383442739107	15.7130630218298
1	0.904031174384517	-5.30389799172775
1	5.88231541368856	15.7130630218298
1	0.968305069390702	-5.30389799172775
1	3.82394942463503	15.7130630218298
1	2.23784789778216	-5.30389799172775
1	1.74709237851534	-5.30389799172775
1	3.36728664844416	-5.30389799172775
1	1.32874277517991	15.7130630218298
1	6.19056160427558	15.7130630218298
1	3.65901554363072	-5.30389799172775
1	1.35906323176397	15.7130630218298
1	3.97485810485697	15.7130630218298
1	4.47664941025843	15.7130630218298
1	4.15156270330698	15.7130630218298
1	2.38922322568729	-5.30389799172775
1	6.0235623369017	-5.30389799172775
1	3.77968647282286	-5.30389799172775
1	1.75751883891639	15.7130630218298
1	-1.429399774355	-5.30389799172775
1	5.24986183628622	15.7130630218298
1	2.91013278196954	15.7130630218298
1	2.96761947380211	15.7130630218298
1	4.8876724213706	15.7130630218298
1	4.64244239019618	-5.30389799172775
1	4.18780264243502	15.7130630218298
1	4.83795474321644	15.7130630218298
1	4.56427260146213	-5.30389799172775
1	3.14912996673038	15.7130630218298
1	-0.978703391726746	-5.30389799172775
1	4.23965149578942	-5.30389799172775
1	2.887742520942	-5.30389799172775
1	2.68840898658934	-5.30389799172775
1	0.0584952322014511	-5.30389799172775
1	2.04369988978276	15.7130630218298
1	3.83588312039941	-5.30389799172775
1	5.71735910305809	-5.30389799172775
1	2.79442454531401	15.7130630218298
1	3.77534322311874	15.7130630218298
1	2.89238991883419	-5.30389799172775
1	0.245880886342787	15.7130630218298
1	2.17001087340064	15.7130630218298
1	2.2114200925793	15.7130630218298
1	2.88137320657763	-5.30389799172775
1	5.20005074396777	15.7130630218298
1	4.52635149691509	-5.30389799172775
1	2.67095280749283	15.7130630218298
1	2.49327663972699	15.7130630218298
1	4.39392675080947	15.7130630218298
1	4.11332639734732	15.7130630218298
1	1.62248861090096	15.7130630218298
1	1.58500968607576	15.7130630218298
1	3.72916392427366	-5.30389799172775
1	4.53706584903083	-5.30389799172775
1	2.77530757569954	15.7130630218298
1	4.76221545290843	15.7130630218298
1	3.79621176073414	-5.30389799172775
1	1.77594721349846	15.7130630218298
1	3.68223938284885	-5.30389799172775
1	0.741273807838415	-5.30389799172775
1	5.86604740340207	-5.30389799172775
1	6.96079979701172	-5.30389799172775
1	2.26555704706698	-5.30389799172775
1	0.911730747366938	15.7130630218298
1	4.13943925488483	15.7130630218298
1	2.72989079223835	-5.30389799172775
1	7.80323552100955	15.7130630218298
1	2.92151999453366	-5.30389799172775
1	4.37947872490155	-5.30389799172775
1	3.05600431756133	-5.30389799172775
1	1.51345358223519	15.7130630218298
1	3.37758459902869	-5.30389799172775
1	-0.609917257782076	-5.30389799172775
1	5.93110972312577	15.7130630218298
1	3.3065066764238	-5.30389799172775
1	7.34522334072431	15.7130630218298
1	3.95101905779933	-5.30389799172775
1	1.58010713815637	15.7130630218298
1	4.22145270697811	-5.30389799172775
1	1.1318047367115	-5.30389799172775
1	0.492733199521796	-5.30389799172775
1	3.58289247103493	15.7130630218298
1	2.11341625356313	15.7130630218298
1	3.00221070326325	-5.30389799172775
1	3.14868264830333	15.7130630218298
1	1.82095810762386	15.7130630218298
1	1.862662534363	-5.30389799172775
1	2.72964276975234	15.7130630218298
1	5.35617399314641	-5.30389799172775
1	-0.047133600859524	-5.30389799172775
1	4.18789237525684	15.7130630218298
1	3.66590074242704	-5.30389799172775
1	5.12619967455273	15.7130630218298
1	2.3916321527314	-5.30389799172775
1	3.74003761983258	-5.30389799172775
1	3.53419758154446	-5.30389799172775
1	1.9149599380167	-5.30389799172775
1	5.41573561196634	-5.30389799172775
1	5.3208052313899	15.7130630218298
1	4.40042729903	15.7130630218298
1	6.17366690908169	15.7130630218298
1	4.11697285113061	15.7130630218298
1	0.446815583083927	-5.30389799172775
1	1.85346917152623	-5.30389799172775
1	0.550774770203288	15.7130630218298
1	2.05319872712138	15.7130630218298
1	1.75926664555175	15.7130630218298
1	3.08423174628847	-5.30389799172775
1	1.17815670289511	-5.30389799172775
1	3.31605754480815	15.7130630218298
1	1.69083071216236	15.7130630218298
1	6.53457453874529	-5.30389799172775
1	4.43341495203441	-5.30389799172775
1	4.82034845899046	-5.30389799172775
1	3.76837071565269	15.7130630218298
1	6.36435216103884	15.7130630218298
1	1.72852709210205	15.7130630218298
1	2.07671053927887	15.7130630218298
1	5.86456447708333	-5.30389799172775
1	1.69860729337927	-5.30389799172775
1	2.58523851279607	-5.30389799172775
1	2.21438414111603	-5.30389799172775
1	2.36001426290299	15.7130630218298
1	2.44177339404688	-5.30389799172775
1	3.98837666253565	-5.30389799172775
1	2.64533903546079	15.7130630218298
1	1.98808507577149	15.7130630218298
1	5.68607765034082	15.7130630218298
1	2.57084118290626	-5.30389799172775
1	2.64088693991323	-5.30389799172775
1	2.79961851757288	15.7130630218298
1	4.42533261410281	-5.30389799172775
1	2.85287119174735	15.7130630218298
1	2.9247316570659	-5.30389799172775
1	1.63667904248869	-5.30389799172775
1	2.35145945550736	15.7130630218298
1	3.12032088086903	15.7130630218298
1	1.82221102748067	-5.30389799172775
1	4.06299238526514	-5.30389799172775
1	-0.0367881635735743	15.7130630218298
1	3.61311572157953	15.7130630218298
1	-0.0728996470751722	15.7130630218298
1	2.39804774632678	15.7130630218298
1	1.94344019110999	15.7130630218298
1	1.695810438638	15.7130630218298
1	2.88620644430522	15.7130630218298
1	-0.828718851360024	15.7130630218298
1	5.35316662403713	15.7130630218298
1	-0.329944872424007	-5.30389799172775
1	2.07293919705523	-5.30389799172775
1	0.768159789914309	15.7130630218298
1	1.4983619976131	-5.30389799172775
1	7.17433309125669	-5.30389799172775
1	3.0347912393865	15.7130630218298
1	0.427398939131349	-5.30389799172775
1	-0.281211068837157	15.7130630218298
1	3.90037420254531	15.7130630218298
1	2.96288033457072	15.7130630218298
1	2.36386325091231	-5.30389799172775
1	1.1412757050926	-5.30389799172775
1	0.0250793797170306	15.7130630218298
1	0.849615406768638	-5.30389799172775
1	5.00005760742783	15.7130630218298
1	1.75746661040635	-5.30389799172775
1	0.231146305231017	-5.30389799172775
1	6.73858124484716	-5.30389799172775
1	3.8502007547449	-5.30389799172775
1	2.52270579817393	15.7130630218298
1	5.11696609741804	-5.30389799172775
1	4.77284530274987	15.7130630218298
1	1.76151390353771	15.7130630218298
1	7.41220492908094	-5.30389799172775
1	2.48994593971797	-5.30389799172775
1	0.151010699574383	-5.30389799172775
1	2.71120079609156	15.7130630218298
1	3.41507667846469	-5.30389799172775
1	7.61595679811872	15.7130630218298
1	3.21160473578742	15.7130630218298
1	3.91399761084683	15.7130630218298
1	2.84569412928694	-5.30389799172775
1	2.33199831526691	-5.30389799172775
1	2.93054794337745	15.7130630218298
1	4.57527921126032	15.7130630218298
1	7.15049001730457	15.7130630218298
1	5.05478487752754	15.7130630218298
1	5.41581679677341	15.7130630218298
1	0.537353156883912	-5.30389799172775
1	4.96779114010676	-5.30389799172775
1	3.4398496073213	15.7130630218298
1	0.0654999418155149	15.7130630218298
1	4.04204548529628	15.7130630218298
1	2.68249079056797	-5.30389799172775
1	5.9291746239396	15.7130630218298
1	1.46783600079067	15.7130630218298
1	2.13957649214291	15.7130630218298
1	1.14778100524513	15.7130630218298
1	2.64579207712692	15.7130630218298
1	3.80402355897268	-5.30389799172775
1	1.53650365376079	-5.30389799172775
1	4.66074633596335	15.7130630218298
1	0.58383442739107	-5.30389799172775
1	0.904031174384517	15.7130630218298
1	5.88231541368856	-5.30389799172775
1	0.968305069390702	15.7130630218298
1	3.82394942463503	-5.30389799172775
1	2.23784789778216	15.7130630218298
1	1.74709237851534	15.7130630218298
1	3.36728664844416	15.7130630218298
1	1.32874277517991	-5.30389799172775
1	6.19056160427558	-5.30389799172775
1	3.65901554363072	15.7130630218298
1	1.35906323176397	-5.30389799172775
1	3.97485810485697	-5.30389799172775
1	4.47664941025843	-5.30389799172775
1	4.15156270330698	-5.30389799172775
1	2.38922322568729	15.7130630218298
1	6.0235623369017	15.7130630218298
1	3.77968647282286	15.7130630218298
1	1.75751883891639	-5.30389799172775
1	-1.429399774355	15.7130630218298
1	5.24986183628622	-5.30389799172775
1	2.91013278196954	-5.30389799172775
1	2.96761947380211	-5.30389799172775
1	4.8876724213706	-5.30389799172775
1	4.64244239019618	15.7130630218298
1	4.18780264243502	-5.30389799172775
1	4.83795474321644	-5.30389799172775
1	4.56427260146213	15.7130630218298
1	3.14912996673038	-5.30389799172775
1	-0.978703391726746	15.7130630218298
1	4.23965149578942	15.7130630218298
1	2.887742520942	15.7130630218298
1	2.68840898658934	15.7130630218298
1	0.0584952322014511	15.7130630218298
1	2.04369988978276	-5.30389799172775
1	3.83588312039941	15.7130630218298
1	5.71735910305809	15.7130630218298
1	2.79442454531401	-5.30389799172775
1	3.77534322311874	-5.30389799172775
1	2.89238991883419	15.7130630218298
1	0.245880886342787	-5.30389799172775
1	2.17001087340064	-5.30389799172775
1	2.2114200925793	-5.30389799172775
1	2.88137320657763	15.7130630218298
1	5.20005074396777	-5.30389799172775
1	4.52635149691509	15.7130630218298
1	2.67095280749283	-5.30389799172775
1	2.49327663972699	-5.30389799172775
1	4.39392675080947	-5.30389799172775
1	4.11332639734732	-5.30389799172775
1	1.62248861090096	-5.30389799172775
1	1.58500968607576	-5.30389799172775
1	3.72916392427366	15.7130630218298
1	4.53706584903083	15.7130630218298
1	2.77530757569954	-5.30389799172775
1	4.76221545290843	-5.30389799172775
1	3.79621176073414	15.7130630218298
1	1.77594721349846	-5.30389799172775
1	3.68223938284885	15.7130630218298
1	0.741273807838415	15.7130630218298
1	5.86604740340207	15.7130630218298
1	6.96079979701172	15.7130630218298
1	2.26555704706698	15.7130630218298
1	0.911730747366938	-5.30389799172775
1	4.13943925488483	-5.30389799172775
1	2.72989079223835	15.7130630218298
1	7.80323552100955	-5.30389799172775
1	2.92151999453366	15.7130630218298
1	4.37947872490155	15.7130630218298
1	3.05600431756133	15.7130630218298
1	1.51345358223519	-5.30389799172775
1	3.37758459902869	15.7130630218298
1	-0.609917257782076	15.7130630218298
1	5.93110972312577	-5.30389799172775
1	3.3065066764238	15.7130630218298
1	7.34522334072431	-5.30389799172775
1	3.95101905779933	15.7130630218298
1	1.58010713815637	-5.30389799172775
1	4.22145270697811	15.7130630218298
1	1.1318047367115	15.7130630218298
1	0.492733199521796	15.7130630218298
1	3.58289247103493	-5.30389799172775
1	2.11341625356313	-5.30389799172775
1	3.00221070326325	15.7130630218298
1	3.14868264830333	-5.30389799172775
1	1.82095810762386	-5.30389799172775
1	1.862662534363	15.7130630218298
1	2.72964276975234	-5.30389799172775
1	5.35617399314641	15.7130630218298
1	-0.047133600859524	15.7130630218298
1	4.18789237525684	-5.30389799172775
1	3.66590074242704	15.7130630218298
1	5.12619967455273	-5.30389799172775
1	2.3916321527314	15.7130630218298
1	3.74003761983258	15.7130630218298
1	3.53419758154446	15.7130630218298
1	1.9149599380167	15.7130630218298
1	5.41573561196634	15.7130630218298
1	5.3208052313899	-5.30389799172775
1	4.40042729903	-5.30389799172775
1	6.17366690908169	-5.30389799172775
1	4.11697285113061	-5.30389799172775
1	0.446815583083927	15.7130630218298
1	1.85346917152623	15.7130630218298
1	0.550774770203288	-5.30389799172775
1	2.05319872712138	-5.30389799172775
1	1.75926664555175	-5.30389799172775
1	3.08423174628847	15.7130630218298
1	1.17815670289511	15.7130630218298
1	3.31605754480815	-5.30389799172775
1	1.69083071216236	-5.30389799172775
1	6.53457453874529	15.7130630218298
1	4.43341495203441	15.7130630218298
1	4.82034845899046	15.7130630218298
1	3.76837071565269	-5.30389799172775
1	6.36435216103884	-5.30389799172775
1	1.72852709210205	-5.30389799172775
1	2.07671053927887	-5.30389799172775
1	5.86456447708333	15.7130630218298
1	1.69860729337927	15.7130630218298
1	2.58523851279607	15.7130630218298
1	2.21438414111603	15.7130630218298
1	2.36001426290299	-5.30389799172775
1	2.44177339404688	15.7130630218298
1	3.98837666253565	15.7130630218298
1	2.64533903546079	-5.30389799172775
1	1.98808507577149	-5.30389799172775
1	5.68607765034082	-5.30389799172775
1	2.57084118290626	15.7130630218298
1	2.64088693991323	15.7130630218298
1	2.79961851757288	-5.30389799172775
1	4.42533261410281	15.7130630218298
1	2.85287119174735	-5.30389799172775
1	2.9247316570659	15.7130630218298
1	1.63667904248869	15.7130630218298
1	2.35145945550736	-5.30389799172775
1	3.12032088086903	-5.30389799172775
1	1.82221102748067	15.7130630218298
1	4.06299238526514	15.7130630218298
1	-0.0367881635735743	-5.30389799172775
1	3.61311572157953	-5.30389799172775
1	-0.0728996470751722	-5.30389799172775
1	2.39804774632678	-5.30389799172775
1	1.94344019110999	-5.30389799172775
1	1.695810438638	-5.30389799172775
1	2.88620644430522	-5.30389799172775
1	-0.828718851360024	-5.30389799172775
1	5.35316662403713	-5.30389799172775
1	-0.329944872424007	15.7130630218298
1	2.07293919705523	15.7130630218298
1	0.768159789914309	-5.30389799172775
1	1.4983619976131	15.7130630218298
1	7.17433309125669	15.7130630218298
1	3.0347912393865	-5.30389799172775
1	0.427398939131349	15.7130630218298
1	-0.281211068837157	-5.30389799172775
1	3.90037420254531	-5.30389799172775
1	2.96288033457072	-5.30389799172775
1	2.36386325091231	15.7130630218298
1	1.1412757050926	15.7130630218298
1	0.0250793797170306	-5.30389799172775
1	0.849615406768638	15.7130630218298
1	5.00005760742783	-5.30389799172775
1	1.75746661040635	15.7130630218298
1	0.231146305231017	15.7130630218298
1	6.73858124484716	15.7130630218298
1	3.8502007547449	15.7130630218298
1	2.52270579817393	-5.30389799172775
1	5.11696609741804	15.7130630218298
1	4.77284530274987	-5.30389799172775
1	1.76151390353771	-5.30389799172775
1	7.41220492908094	15.7130630218298
1	2.48994593971797	15.7130630218298
1	0.151010699574383	15.7130630218298
1	2.71120079609156	-5.30389799172775
1	3.41507667846469	15.7130630218298
1	7.61595679811872	-5.30389799172775
1	3.21160473578742	-5.30389799172775
1	3.91399761084683	-5.30389799172775
1	2.84569412928694	15.7130630218298
1	2.33199831526691	15.7130630218298
1	2.93054794337745	-5.30389799172775
1	4.57527921126032	-5.30389799172775
1	7.15049001730457	-5.30389799172775
1	5.05478487752754	-5.30389799172775
1	5.41581679677341	-5.30389799172775
1	0.537353156883912	15.7130630218298
1	4.96779114010676	15.7130630218298
1	3.4398496073213	-5.30389799172775
1	0.0654999418155149	-5.30389799172775
1	4.04204548529628	-5.30389799172775
1	2.68249079056797	15.7130630218298
1	5.9291746239396	-5.30389799172775
1	1.46783600079067	-5.30389799172775
1	2.13957649214291	-5.30389799172775
1	1.14778100524513	-5.30389799172775
1	2.64579207712692	-5.30389799172775
1	3.80402355897268	15.7130630218298
1	1.53650365376079	15.7130630218298
1	4.66074633596335	-5.30389799172775
1	0.58383442739107	15.7130630218298
1	0.904031174384517	-5.30389799172775
1	5.88231541368856	15.7130630218298
1	0.968305069390702	-5.30389799172775
1	3.82394942463503	15.7130630218298
1	2.23784789778216	-5.30389799172775
1	1.74709237851534	-5.30389799172775
1	3.36728664844416	-5.30389799172775
1	1.32874277517991	15.7130630218298
1	6.19056160427558	15.7130630218298
1	3.65901554363072	-5.30389799172775
1	1.35906323176397	15.7130630218298
1	3.97485810485697	15.7130630218298
1	4.47664941025843	15.7130630218298
1	4.15156270330698	15.7130630218298
1	2.38922322568729	-5.30389799172775
1	6.0235623369017	-5.30389799172775
1	3.77968647282286	-5.30389799172775
1	1.75751883891639	15.7130630218298
1	-1.429399774355	-5.30389799172775
1	5.24986183628622	15.7130630218298
1	2.91013278196954	15.7130630218298
1	2.96761947380211	15.7130630218298
1	4.8876724213706	15.7130630218298
1	4.64244239019618	-5.30389799172775
1	4.18780264243502	15.7130630218298
1	4.83795474321644	15.7130630218298
1	4.56427260146213	-5.30389799172775
1	3.14912996673038	15.7130630218298
1	-0.978703391726746	-5.30389799172775
1	4.23965149578942	-5.30389799172775
1	2.887742520942	-5.30389799172775
1	2.68840898658934	-5.30389799172775
1	0.0584952322014511	-5.30389799172775
1	2.04369988978276	15.7130630218298
1	3.83588312039941	-5.30389799172775
1	5.71735910305809	-5.30389799172775
1	2.79442454531401	15.7130630218298
1	3.77534322311874	15.7130630218298
1	2.89238991883419	-5.30389799172775
1	0.245880886342787	15.7130630218298
1	2.17001087340064	15.7130630218298
1	2.2114200925793	15.7130630218298
1	2.88137320657763	-5.30389799172775
1	5.20005074396777	15.7130630218298
1	4.52635149691509	-5.30389799172775
1	2.67095280749283	15.7130630218298
1	2.49327663972699	15.7130630218298
1	4.39392675080947	15.7130630218298
1	4.11332639734732	15.7130630218298
1	1.62248861090096	15.7130630218298
1	1.58500968607576	15.7130630218298
1	3.72916392427366	-5.30389799172775
1	4.53706584903083	-5.30389799172775
1	2.77530757569954	15.7130630218298
1	4.76221545290843	15.7130630218298
1	3.79621176073414	-5.30389799172775
1	1.77594721349846	15.7130630218298
1	3.68223938284885	-5.30389799172775
1	0.741273807838415	-5.30389799172775
1	5.86604740340207	-5.30389799172775
1	6.96079979701172	-5.30389799172775
1	2.26555704706698	-5.30389799172775
1	0.911730747366938	15.7130630218298
1	4.13943925488483	15.7130630218298
1	2.72989079223835	-5.30389799172775
1	7.80323552100955	15.7130630218298
1	2.92151999453366	-5.30389799172775
1	4.37947872490155	-5.30389799172775
1	3.05600431756133	-5.30389799172775
1	1.51345358223519	15.7130630218298
1	3.37758459902869	-5.30389799172775
1	-0.609917257782076	-5.30389799172775
1	5.93110972312577	15.7130630218298
1	3.3065066764238	-5.30389799172775
1	7.34522334072431	15.7130630218298
1	3.95101905779933	-5.30389799172775
1	1.58010713815637	15.7130630218298
1	4.22145270697811	-5.30389799172775
1	1.1318047367115	-5.30389799172775
1	0.492733199521796	-5.30389799172775
1	3.58289247103493	15.7130630218298
1	2.11341625356313	15.7130630218298
1	3.00221070326325	-5.30389799172775
1	3.14868264830333	15.7130630218298
1	1.82095810762386	15.7130630218298
1	1.862662534363	-5.30389799172775
1	2.72964276975234	15.7130630218298
1	5.35617399314641	-5.30389799172775
1	-0.047133600859524	-5.30389799172775
1	4.18789237525684	15.7130630218298
1	3.66590074242704	-5.30389799172775
1	5.12619967455273	15.7130630218298
1	2.3916321527314	-5.30389799172775
1	3.74003761983258	-5.30389799172775
1	3.53419758154446	-5.30389799172775
1	1.9149599380167	-5.30389799172775
1	5.41573561196634	-5.30389799172775
1	5.3208052313899	15.7130630218298
1	4.40042729903	15.7130630218298
1	6.17366690908169	15.7130630218298
1	4.11697285113061	15.7130630218298
1	0.446815583083927	-5.30389799172775
1	1.85346917152623	-5.30389799172775
1	0.550774770203288	15.7130630218298
1	2.05319872712138	15.7130630218298
1	1.75926664555175	15.7130630218298
1	3.08423174628847	-5.30389799172775
1	1.17815670289511	-5.30389799172775
1	3.31605754480815	15.7130630218298
1	1.69083071216236	15.7130630218298
1	6.53457453874529	-5.30389799172775
1	4.43341495203441	-5.30389799172775
1	4.82034845899046	-5.30389799172775
1	3.76837071565269	15.7130630218298
1	6.36435216103884	15.7130630218298
1	1.72852709210205	15.7130630218298
1	2.07671053927887	15.7130630218298
1	5.86456447708333	-5.30389799172775
1	1.69860729337927	-5.30389799172775
1	2.58523851279607	-5.30389799172775
1	2.21438414111603	-5.30389799172775
1	2.36001426290299	15.7130630218298
1	2.44177339404688	-5.30389799172775
1	3.98837666253565	-5.30389799172775
1	2.64533903546079	15.7130630218298
1	1.98808507577149	15.7130630218298
1	5.68607765034082	15.7130630218298
1	2.57084118290626	-5.30389799172775
1	2.64088693991323	-5.30389799172775
1	2.79961851757288	15.7130630218298
1	4.42533261410281	-5.30389799172775
1	2.85287119174735	15.7130630218298
1	2.9247316570659	-5.30389799172775
1	1.63667904248869	-5.30389799172775
1	2.35145945550736	15.7130630218298
1	3.12032088086903	15.7130630218298
1	1.82221102748067	-5.30389799172775
1	4.06299238526514	-5.30389799172775
1	-0.0367881635735743	15.7130630218298
1	3.61311572157953	15.7130630218298
1	-0.0728996470751722	15.7130630218298
1	2.39804774632678	15.7130630218298
1	1.94344019110999	15.7130630218298
1	1.695810438638	15.7130630218298
1	2.88620644430522	15.7130630218298
1	-0.828718851360024	15.7130630218298
1	5.35316662403713	15.7130630218298
1	-0.329944872424007	-5.30389799172775
1	2.07293919705523	-5.30389799172775
1	0.768159789914309	15.7130630218298
1	1.4983619976131	-5.30389799172775
1	7.17433309125669	-5.30389799172775
1	3.0347912393865	15.7130630218298
1	0.427398939131349	-5.30389799172775
1	-0.281211068837157	15.7130630218298
1	3.90037420254531	15.7130630218298
1	2.96288033457072	15.7130630218298
1	2.36386325091231	-5.30389799172775
1	1.1412757050926	-5.30389799172775
1	0.0250793797170306	15.7130630218298
1	0.849615406768638	-5.30389799172775
1	5.00005760742783	15.7130630218298
1	1.75746661040635	-5.30389799172775
1	0.231146305231017	-5.30389799172775
1	6.73858124484716	-5.30389799172775
1	3.8502007547449	-5.30389799172775
1	2.52270579817393	15.7130630218298
1	5.11696609741804	-5.30389799172775
1	4.77284530274987	15.7130630218298
1	1.76151390353771	15.7130630218298
1	7.41220492908094	-5.30389799172775
1	2.48994593971797	-5.30389799172775
1	0.151010699574383	-5.30389799172775
1	2.71120079609156	15.7130630218298
1	3.41507667846469	-5.30389799172775
1	7.61595679811872	15.7130630218298
1	3.21160473578742	15.7130630218298
1	3.91399761084683	15.7130630218298
1	2.84569412928694	-5.30389799172775
1	2.33199831526691	-5.30389799172775
1	2.93054794337745	15.7130630218298
1	4.57527921126032	15.7130630218298
1	7.15049001730457	15.7130630218298
1	5.05478487752754	15.7130630218298
1	5.41581679677341	15.7130630218298
1	0.537353156883912	-5.30389799172775
1	4.96779114010676	-5.30389799172775
1	3.4398496073213	15.7130630218298
1	0.0654999418155149	15.7130630218298
1	4.04204548529628	15.7130630218298
1	2.68249079056797	-5.30389799172775
1	5.9291746239396	15.7130630218298
1	1.46783600079067	15.7130630218298
1	2.13957649214291	15.7130630218298
1	1.14778100524513	15.7130630218298
1	2.64579207712692	15.7130630218298
1	3.80402355897268	-5.30389799172775
1	1.53650365376079	-5.30389799172775
1	4.66074633596335	15.7130630218298
1	0.58383442739107	-5.30389799172775
1	0.904031174384517	15.7130630218298
1	5.88231541368856	-5.30389799172775
1	0.968305069390702	15.7130630218298
1	3.82394942463503	-5.30389799172775
1	2.23784789778216	15.7130630218298
1	1.74709237851534	15.7130630218298
1	3.36728664844416	15.7130630218298
1	1.32874277517991	-5.30389799172775
1	6.19056160427558	-5.30389799172775
1	3.65901554363072	15.7130630218298
1	1.35906323176397	-5.30389799172775
1	3.97485810485697	-5.30389799172775
1	4.47664941025843	-5.30389799172775
1	4.15156270330698	-5.30389799172775
1	2.38922322568729	15.7130630218298
1	6.0235623369017	15.7130630218298
1	3.77968647282286	15.7130630218298
1	1.75751883891639	-5.30389799172775
1	-1.429399774355	15.7130630218298
1	5.24986183628622	-5.30389799172775
1	2.91013278196954	-5.30389799172775
1	2.96761947380211	-5.30389799172775
1	4.8876724213706	-5.30389799172775
1	4.64244239019618	15.7130630218298
1	4.18780264243502	-5.30389799172775
1	4.83795474321644	-5.30389799172775
1	4.56427260146213	15.7130630218298
1	3.14912996673038	-5.30389799172775
1	-0.978703391726746	15.7130630218298
1	4.23965149578942	15.7130630218298
1	2.887742520942	15.7130630218298
1	2.68840898658934	15.7130630218298
1	0.0584952322014511	15.7130630218298
1	2.04369988978276	-5.30389799172775
1	3.83588312039941	15.7130630218298
1	5.71735910305809	15.7130630218298
1	2.79442454531401	-5.30389799172775
1	3.77534322311874	-5.30389799172775
1	2.89238991883419	15.7130630218298
1	0.245880886342787	-5.30389799172775
1	2.17001087340064	-5.30389799172775
1	2.2114200925793	-5.30389799172775
1	2.88137320657763	15.7130630218298
1	5.20005074396777	-5.30389799172775
1	4.52635149691509	15.7130630218298
1	2.67095280749283	-5.30389799172775
1	2.49327663972699	-5.30389799172775
1	4.39392675080947	-5.30389799172775
1	4.11332639734732	-5.30389799172775
1	1.62248861090096	-5.30389799172775
1	1.58500968607576	-5.30389799172775
1	3.72916392427366	15.7130630218298
1	4.53706584903083	15.7130630218298
1	2.77530757569954	-5.30389799172775
1	4.76221545290843	-5.30389799172775
1	3.79621176073414	15.7130630218298
1	1.77594721349846	-5.30389799172775
1	3.68223938284885	15.7130630218298
1	0.741273807838415	15.7130630218298
1	5.86604740340207	15.7130630218298
1	6.96079979701172	15.7130630218298
1	2.26555704706698	15.7130630218298
1	0.911730747366938	-5.30389799172775
1	4.13943925488483	-5.30389799172775
1	2.72989079223835	15.7130630218298
1	7.80323552100955	-5.30389799172775
1	2.92151999453366	15.7130630218298
1	4.37947872490155	15.7130630218298
1	3.05600431756133	15.7130630218298
1	1.51345358223519	-5.30389799172775
1	3.37758459902869	15.7130630218298
1	-0.609917257782076	15.7130630218298
1	5.93110972312577	-5.30389799172775
1	3.3065066764238	15.7130630218298
1	7.34522334072431	-5.30389799172775
1	3.95101905779933	15.7130630218298
1	1.58010713815637	-5.30389799172775
1	4.22145270697811	15.7130630218298
1	1.1318047367115	15.7130630218298
1	0.492733199521796	15.7130630218298
1	3.58289247103493	-5.30389799172775
1	2.11341625356313	-5.30389799172775
1	3.00221070326325	15.7130630218298
1	3.14868264830333	-5.30389799172775
1	1.82095810762386	-5.30389799172775
1	1.862662534363	15.7130630218298
1	2.72964276975234	-5.30389799172775
1	5.35617399314641	15.7130630218298
1	-0.047133600859524	15.7130630218298
1	4.18789237525684	-5.30389799172775
1	3.66590074242704	15.7130630218298
1	5.12619967455273	-5.30389799172775
1	2.3916321527314	15.7130630218298
1	3.74003761983258	15.7130630218298
1	3.53419758154446	15.7130630218298
1	1.9149599380167	15.7130630218298
1	5.41573561196634	15.7130630218298
1	5.3208052313899	-5.30389799172775
1	4.40042729903	-5.30389799172775
1	6.17366690908169	-5.30389799172775
1	4.11697285113061	-5.30389799172775
1	0.446815583083927	15.7130630218298
1	1.85346917152623	15.7130630218298
1	0.550774770203288	-5.30389799172775
1	2.05319872712138	-5.30389799172775
1	1.75926664555175	-5.30389799172775
1	3.08423174628847	15.7130630218298
1	1.17815670289511	15.7130630218298
1	3.31605754480815	-5.30389799172775
1	1.69083071216236	-5.30389799172775
1	6.53457453874529	15.7130630218298
1	4.43341495203441	15.7130630218298
1	4.82034845899046	15.7130630218298
1	3.76837071565269	-5.30389799172775
1	6.36435216103884	-5.30389799172775
1	1.72852709210205	-5.30389799172775
1	2.07671053927887	-5.30389799172775
1	5.86456447708333	15.7130630218298
1	1.69860729337927	15.7130630218298
1	2.58523851279607	15.7130630218298
1	2.21438414111603	15.7130630218298
1	2.36001426290299	-5.30389799172775
1	2.44177339404688	15.7130630218298
1	3.98837666253565	15.7130630218298
1	2.64533903546079	-5.30389799172775
1	1.98808507577149	-5.30389799172775
1	5.68607765034082	-5.30389799172775
1	2.57084118290626	15.7130630218298
1	2.64088693991323	15.7130630218298
1	2.79961851757288	-5.30389799172775
1	4.42533261410281	15.7130630218298
1	2.85287119174735	-5.30389799172775
1	2.9247316570659	15.7130630218298
1	1.63667904248869	15.7130630218298
1	2.35145945550736	-5.30389799172775
1	3.12032088086903	-5.30389799172775
1	1.82221102748067	15.7130630218298
1	4.06299238526514	15.7130630218298
1	-0.0367881635735743	-5.30389799172775
1	3.61311572157953	-5.30389799172775
1	-0.0728996470751722	-5.30389799172775
1	2.39804774632678	-5.30389799172775
1	1.94344019110999	-5.30389799172775
1	1.695810438638	-5.30389799172775
1	2.88620644430522	-5.30389799172775
1	-0.828718851360024	-5.30389799172775
1	5.35316662403713	-5.30389799172775
1	-0.329944872424007	15.7130630218298
1	2.07293919705523	15.7130630218298
1	0.768159789914309	-5.30389799172775
1	1.4983619976131	15.7130630218298
1	7.17433309125669	15.7130630218298
1	3.0347912393865	-5.30389799172775
1	0.427398939131349	15.7130630218298
1	-0.281211068837157	-5.30389799172775
1	3.90037420254531	-5.30389799172775
1	2.96288033457072	-5.30389799172775
1	2.36386325091231	15.7130630218298
1	1.1412757050926	15.7130630218298
1	0.0250793797170306	-5.30389799172775
1	0.849615406768638	15.7130630218298
1	5.00005760742783	-5.30389799172775
1	1.75746661040635	15.7130630218298
1	0.231146305231017	15.7130630218298
1	6.73858124484716	15.7130630218298
1	3.8502007547449	15.7130630218298
1	2.52270579817393	-5.30389799172775
1	5.11696609741804	15.7130630218298
1	4.77284530274987	-5.30389799172775
1	1.76151390353771	-5.30389799172775
1	7.41220492908094	15.7130630218298
1	2.48994593971797	15.7130630218298
1	0.151010699574383	15.7130630218298
1	2.71120079609156	-5.30389799172775
1	3.41507667846469	15.7130630218298
1	7.61595679811872	-5.30389799172775
1	3.21160473578742	-5.30389799172775
1	3.91399761084683	-5.30389799172775
1	2.84569412928694	15.7130630218298
1	2.33199831526691	15.7130630218298
1	2.93054794337745	-5.30389799172775
1	4.57527921126032	-5.30389799172775
1	7.15049001730457	-5.30389799172775
1	5.05478487752754	-5.30389799172775
1	5.41581679677341	-5.30389799172775
1	0.537353156883912	15.7130630218298
1	4.96779114010676	15.7130630218298
1	3.4398496073213	-5.30389799172775
1	0.0654999418155149	-5.30389799172775
1	4.04204548529628	-5.30389799172775
1	2.68249079056797	15.7130630218298
1	5.9291746239396	-5.30389799172775
1	1.46783600079067	-5.30389799172775
1	2.13957649214291	-5.30389799172775
1	1.14778100524513	-5.30389799172775
1	2.64579207712692	-5.30389799172775
1	3.80402355897268	15.7130630218298
1	1.53650365376079	15.7130630218298
1	4.66074633596335	-5.30389799172775
1	0.58383442739107	15.7130630218298
1	0.904031174384517	-5.30389799172775
1	5.88231541368856	15.7130630218298
1	0.968305069390702	-5.30389799172775
1	3.82394942463503	15.7130630218298
1	2.23784789778216	-5.30389799172775
1	1.74709237851534	-5.30389799172775
1	3.36728664844416	-5.30389799172775
1	1.32874277517991	15.7130630218298
1	6.19056160427558	15.7130630218298
1	3.65901554363072	-5.30389799172775
1	1.35906323176397	15.7130630218298
1	3.97485810485697	15.7130630218298
1	4.47664941025843	15.7130630218298
1	4.15156270330698	15.7130630218298
1	2.38922322568729	-5.30389799172775
1	6.0235623369017	-5.30389799172775
1	3.77968647282286	-5.30389799172775
1	1.75751883891639	15.7130630218298
1	-1.429399774355	-5.30389799172775
1	5.24986183628622	15.7130630218298
1	2.91013278196954	15.7130630218298
1	2.96761947380211	15.7130630218298
1	4.8876724213706	15.7130630218298
1	4.64244239019618	-5.30389799172775
1	4.18780264243502	15.7130630218298
1	4.83795474321644	15.7130630218298
1	4.56427260146213	-5.30389799172775
1	3.14912996673038	15.7130630218298
1	-0.978703391726746	-5.30389799172775
1	4.23965149578942	-5.30389799172775
1	2.887742520942	-5.30389799172775
1	2.68840898658934	-5.30389799172775
1	0.0584952322014511	-5.30389799172775
1	2.04369988978276	15.7130630218298
1	3.83588312039941	-5.30389799172775
1	5.71735910305809	-5.30389799172775
1	2.79442454531401	15.7130630218298
1	3.77534322311874	15.7130630218298
1	2.89238991883419	-5.30389799172775
1	0.245880886342787	15.7130630218298
1	2.17001087340064	15.7130630218298
1	2.2114200925793	15.7130630218298
1	2.88137320657763	-5.30389799172775
1	5.20005074396777	15.7130630218298
1	4.52635149691509	-5.30389799172775
1	2.67095280749283	15.7130630218298
1	2.49327663972699	15.7130630218298
1	4.39392675080947	15.7130630218298
1	4.11332639734732	15.7130630218298
1	1.62248861090096	15.7130630218298
1	1.58500968607576	15.7130630218298
1	3.72916392427366	-5.30389799172775
1	4.53706584903083	-5.30389799172775
1	2.77530757569954	15.7130630218298
1	4.76221545290843	15.7130630218298
1	3.79621176073414	-5.30389799172775
1	1.77594721349846	15.7130630218298
1	3.68223938284885	-5.30389799172775
1	0.741273807838415	-5.30389799172775
1	5.86604740340207	-5.30389799172775
1	6.96079979701172	-5.30389799172775
1	2.26555704706698	-5.30389799172775
1	0.911730747366938	15.7130630218298
1	4.13943925488483	15.7130630218298
1	2.72989079223835	-5.30389799172775
1	7.80323552100955	15.7130630218298
1	2.92151999453366	-5.30389799172775
1	4.37947872490155	-5.30389799172775
1	3.05600431756133	-5.30389799172775
1	1.51345358223519	15.7130630218298
1	3.37758459902869	-5.30389799172775
1	-0.609917257782076	-5.30389799172775
1	5.93110972312577	15.7130630218298
1	3.3065066764238	-5.30389799172775
1	7.34522334072431	15.7130630218298
1	3.95101905779933	-5.30389799172775
1	1.58010713815637	15.7130630218298
1	4.22145270697811	-5.30389799172775
1	1.1318047367115	-5.30389799172775
1	0.492733199521796	-5.30389799172775
1	3.58289247103493	15.7130630218298
1	2.11341625356313	15.7130630218298
1	3.00221070326325	-5.30389799172775
1	3.14868264830333	15.7130630218298
1	1.82095810762386	15.7130630218298
1	1.862662534363	-5.30389799172775
1	2.72964276975234	15.7130630218298
1	5.35617399314641	-5.30389799172775
1	-0.047133600859524	-5.30389799172775
1	4.18789237525684	15.7130630218298
1	3.66590074242704	-5.30389799172775
1	5.12619967455273	15.7130630218298
1	2.3916321527314	-5.30389799172775
1	3.74003761983258	-5.30389799172775
1	3.53419758154446	-5.30389799172775
1	1.9149599380167	-5.30389799172775
1	5.41573561196634	-5.30389799172775
1	5.3208052313899	15.7130630218298
1	4.40042729903	15.7130630218298
1	6.17366690908169	15.7130630218298
1	4.11697285113061	15.7130630218298
1	0.446815583083927	-5.30389799172775
1	1.85346917152623	-5.30389799172775
1	0.550774770203288	15.7130630218298
1	2.05319872712138	15.7130630218298
1	1.75926664555175	15.7130630218298
1	3.08423174628847	-5.30389799172775
1	1.17815670289511	-5.30389799172775
1	3.31605754480815	15.7130630218298
1	1.69083071216236	15.7130630218298
1	6.53457453874529	-5.30389799172775
1	4.43341495203441	-5.30389799172775
1	4.82034845899046	-5.30389799172775
1	3.76837071565269	15.7130630218298
1	6.36435216103884	15.7130630218298
1	1.72852709210205	15.7130630218298
1	2.07671053927887	15.7130630218298
1	5.86456447708333	-5.30389799172775
1	1.69860729337927	-5.30389799172775
1	2.58523851279607	-5.30389799172775
1	2.21438414111603	-5.30389799172775
1	2.36001426290299	15.7130630218298
1	2.44177339404688	-5.30389799172775
1	3.98837666253565	-5.30389799172775
1	2.64533903546079	15.7130630218298
1	1.98808507577149	15.7130630218298
1	5.68607765034082	15.7130630218298
1	2.57084118290626	-5.30389799172775
1	2.64088693991323	-5.30389799172775
1	2.79961851757288	15.7130630218298
1	4.42533261410281	-5.30389799172775
1	2.85287119174735	15.7130630218298
1	2.9247316570659	-5.30389799172775
1	1.63667904248869	-5.30389799172775
1	2.35145945550736	15.7130630218298
1	3.12032088086903	15.7130630218298
1	1.82221102748067	-5.30389799172775
1	4.06299238526514	-5.30389799172775
1	-0.0367881635735743	15.7130630218298
1	3.61311572157953	15.7130630218298
1	-0.0728996470751722	15.7130630218298
1	2.39804774632678	15.7130630218298
1	1.94344019110999	15.7130630218298
1	1.695810438638	15.7130630218298
1	2.88620644430522	15.7130630218298
1	-0.828718851360024	15.7130630218298
1	5.35316662403713	15.7130630218298
1	-0.329944872424007	-5.30389799172775
1	2.07293919705523	-5.30389799172775
1	0.768159789914309	15.7130630218298
1	1.4983619976131	-5.30389799172775
1	7.17433309125669	-5.30389799172775
1	3.0347912393865	15.7130630218298
1	0.427398939131349	-5.30389799172775
1	-0.281211068837157	15.7130630218298
1	3.90037420254531	15.7130630218298
1	2.96288033457072	15.7130630218298
1	2.36386325091231	-5.30389799172775
1	1.1412757050926	-5.30389799172775
1	0.0250793797170306	15.7130630218298
1	0.849615406768638	-5.30389799172775
1	5.00005760742783	15.7130630218298
1	1.75746661040635	-5.30389799172775
1	0.231146305231017	-5.30389799172775
1	6.73858124484716	-5.30389799172775
1	3.8502007547449	-5.30389799172775
1	2.52270579817393	15.7130630218298
1	5.11696609741804	-5.30389799172775
1	4.77284530274987	15.7130630218298
1	1.76151390353771	15.7130630218298
1	7.41220492908094	-5.30389799172775
1	2.48994593971797	-5.30389799172775
1	0.151010699574383	-5.30389799172775
1	2.71120079609156	15.7130630218298
1	3.41507667846469	-5.30389799172775
1	7.61595679811872	15.7130630218298
1	3.21160473578742	15.7130630218298
1	3.91399761084683	15.7130630218298
1	2.84569412928694	-5.30389799172775
1	2.33199831526691	-5.30389799172775
1	2.93054794337745	15.7130630218298
1	4.57527921126032	15.7130630218298
1	7.15049001730457	15.7130630218298
1	5.05478487752754	15.7130630218298
1	5.41581679677341	15.7130630218298
1	0.537353156883912	-5.30389799172775
1	4.96779114010676	-5.30389799172775
1	3.4398496073213	15.7130630218298
1	0.0654999418155149	15.7130630218298
1	4.04204548529628	15.7130630218298
1	2.68249079056797	-5.30389799172775
1	5.9291746239396	15.7130630218298
1	1.46783600079067	15.7130630218298
1	2.13957649214291	15.7130630218298
1	1.14778100524513	15.7130630218298
1	2.64579207712692	15.7130630218298
1	3.80402355897268	-5.30389799172775
1	1.53650365376079	-5.30389799172775
1	4.66074633596335	15.7130630218298
1	0.58383442739107	-5.30389799172775
1	0.904031174384517	15.7130630218298
1	5.88231541368856	-5.30389799172775
1	0.968305069390702	15.7130630218298
1	3.82394942463503	-5.30389799172775
1	2.23784789778216	15.7130630218298
1	1.74709237851534	15.7130630218298
1	3.36728664844416	15.7130630218298
1	1.32874277517991	-5.30389799172775
1	6.19056160427558	-5.30389799172775
1	3.65901554363072	15.7130630218298
1	1.35906323176397	-5.30389799172775
1	3.97485810485697	-5.30389799172775
1	4.47664941025843	-5.30389799172775
1	4.15156270330698	-5.30389799172775
1	2.38922322568729	15.7130630218298
1	6.0235623369017	15.7130630218298
1	3.77968647282286	15.7130630218298
1	1.75751883891639	-5.30389799172775
1	-1.429399774355	15.7130630218298
1	5.24986183628622	-5.30389799172775
1	2.91013278196954	-5.30389799172775
1	2.96761947380211	-5.30389799172775
1	4.8876724213706	-5.30389799172775
1	4.64244239019618	15.7130630218298
1	4.18780264243502	-5.30389799172775
1	4.83795474321644	-5.30389799172775
1	4.56427260146213	15.7130630218298
1	3.14912996673038	-5.30389799172775
1	-0.978703391726746	15.7130630218298
1	4.23965149578942	15.7130630218298
1	2.887742520942	15.7130630218298
1	2.68840898658934	15.7130630218298
1	0.0584952322014511	15.7130630218298
1	2.04369988978276	-5.30389799172775
1	3.83588312039941	15.7130630218298
1	5.71735910305809	15.7130630218298
1	2.79442454531401	-5.30389799172775
1	3.77534322311874	-5.30389799172775
1	2.89238991883419	15.7130630218298
1	0.245880886342787	-5.30389799172775
1	2.17001087340064	-5.30389799172775
1	2.2114200925793	-5.30389799172775
1	2.88137320657763	15.7130630218298
1	5.20005074396777	-5.30389799172775
1	4.52635149691509	15.7130630218298
1	2.67095280749283	-5.30389799172775
1	2.49327663972699	-5.30389799172775
1	4.39392675080947	-5.30389799172775
1	4.11332639734732	-5.30389799172775
1	1.62248861090096	-5.30389799172775
1	1.58500968607576	-5.30389799172775
1	3.72916392427366	15.7130630218298
1	4.53706584903083	15.7130630218298
1	2.77530757569954	-5.30389799172775
1	4.76221545290843	-5.30389799172775
1	3.79621176073414	15.7130630218298
1	1.77594721349846	-5.30389799172775
1	3.68223938284885	15.7130630218298
1	0.741273807838415	15.7130630218298
1	5.86604740340207	15.7130630218298
1	6.96079979701172	15.7130630218298
1	2.26555704706698	15.7130630218298
1	0.911730747366938	-5.30389799172775
1	4.13943925488483	-5.30389799172775
1	2.72989079223835	15.7130630218298
1	7.80323552100955	-5.30389799172775
1	2.92151999453366	15.7130630218298
1	4.37947872490155	15.7130630218298
1	3.05600431756133	15.7130630218298
1	1.51345358223519	-5.30389799172775
1	3.37758459902869	15.7130630218298
1	-0.609917257782076	15.7130630218298
1	5.93110972312577	-5.30389799172775
1	3.3065066764238	15.7130630218298
1	7.34522334072431	-5.30389799172775
1	3.95101905779933	15.7130630218298
1	1.58010713815637	-5.30389799172775
1	4.22145270697811	15.7130630218298
1	1.1318047367115	15.7130630218298
1	0.492733199521796	15.7130630218298
1	3.58289247103493	-5.30389799172775
1	2.11341625356313	-5.30389799172775
1	3.00221070326325	15.7130630218298
1	3.14868264830333	-5.30389799172775
1	1.82095810762386	-5.30389799172775
1	1.862662534363	15.7130630218298
1	2.72964276975234	-5.30389799172775
1	5.35617399314641	15.7130630218298
1	-0.047133600859524	15.7130630218298
1	4.18789237525684	-5.30389799172775
1	3.66590074242704	15.7130630218298
1	5.12619967455273	-5.30389799172775
1	2.3916321527314	15.7130630218298
1	3.74003761983258	15.7130630218298
1	3.53419758154446	15.7130630218298
1	1.9149599380167	15.7130630218298
1	5.41573561196634	15.7130630218298
1	5.3208052313899	-5.30389799172775
1	4.40042729903	-5.30389799172775
1	6.17366690908169	-5.30389799172775
1	4.11697285113061	-5.30389799172775
1	0.446815583083927	15.7130630218298
1	1.85346917152623	15.7130630218298
1	0.550774770203288	-5.30389799172775
1	2.05319872712138	-5.30389799172775
1	1.75926664555175	-5.30389799172775
1	3.08423174628847	15.7130630218298
1	1.17815670289511	15.7130630218298
1	3.31605754480815	-5.30389799172775
1	1.69083071216236	-5.30389799172775
1	6.53457453874529	15.7130630218298
1	4.43341495203441	15.7130630218298
1	4.82034845899046	15.7130630218298
1	3.76837071565269	-5.30389799172775
1	6.36435216103884	-5.30389799172775
1	1.72852709210205	-5.30389799172775
1	2.07671053927887	-5.30389799172775
1	5.86456447708333	15.7130630218298
1	1.69860729337927	15.7130630218298
1	2.58523851279607	15.7130630218298
1	2.21438414111603	15.7130630218298
1	2.36001426290299	-5.30389799172775
1	2.44177339404688	15.7130630218298
1	3.98837666253565	15.7130630218298
1	2.64533903546079	-5.30389799172775
1	1.98808507577149	-5.30389799172775
1	5.68607765034082	-5.30389799172775
1	2.57084118290626	15.7130630218298
1	2.64088693991323	15.7130630218298
1	2.79961851757288	-5.30389799172775
1	4.42533261410281	15.7130630218298
1	2.85287119174735	-5.30389799172775
1	2.9247316570659	15.7130630218298
1	1.63667904248869	15.7130630218298
1	2.35145945550736	-5.30389799172775
1	3.12032088086903	-5.30389799172775
1	1.82221102748067	15.7130630218298
1	4.06299238526514	15.7130630218298
1	-0.0367881635735743	-5.30389799172775
1	3.61311572157953	-5.30389799172775
1	-0.0728996470751722	-5.30389799172775
1	2.39804774632678	-5.30389799172775
1	1.94344019110999	-5.30389799172775
1	1.695810438638	-5.30389799172775
1	2.88620644430522	-5.30389799172775
1	-0.828718851360024	-5.30389799172775
1	5.35316662403713	-5.30389799172775
1	-0.329944872424007	15.7130630218298
1	2.07293919705523	15.7130630218298
1	0.768159789914309	-5.30389799172775
1	1.4983619976131	15.7130630218298
1	7.17433309125669	15.7130630218298
1	3.0347912393865	-5.30389799172775
1	0.427398939131349	15.7130630218298
1	-0.281211068837157	-5.30389799172775
1	3.90037420254531	-5.30389799172775
1	2.96288033457072	-5.30389799172775
1	2.36386325091231	15.7130630218298
1	1.1412757050926	15.7130630218298
1	0.0250793797170306	-5.30389799172775
1	0.849615406768638	15.7130630218298
1	5.00005760742783	-5.30389799172775
1	1.75746661040635	15.7130630218298
1	0.231146305231017	15.7130630218298
1	6.73858124484716	15.7130630218298
1	3.8502007547449	15.7130630218298
1	2.52270579817393	-5.30389799172775
1	5.11696609741804	15.7130630218298
1	4.77284530274987	-5.30389799172775
1	1.76151390353771	-5.30389799172775
1	7.41220492908094	15.7130630218298
1	2.48994593971797	15.7130630218298
1	0.151010699574383	15.7130630218298
1	2.71120079609156	-5.30389799172775
1	3.41507667846469	15.7130630218298
1	7.61595679811872	-5.30389799172775
1	3.21160473578742	-5.30389799172775
1	3.91399761084683	-5.30389799172775
1	2.84569412928694	15.7130630218298
1	2.33199831526691	15.7130630218298
1	2.93054794337745	-5.30389799172775
1	4.57527921126032	-5.30389799172775
1	7.15049001730457	-5.30389799172775
1	5.05478487752754	-5.30389799172775
1	5.41581679677341	-5.30389799172775
1	0.537353156883912	15.7130630218298
1	4.96779114010676	15.7130630218298
1	3.4398496073213	-5.30389799172775
1	0.0654999418155149	-5.30389799172775
1	4.04204548529628	-5.30389799172775
1	2.68249079056797	15.7130630218298
1	5.9291746239396	-5.30389799172775
1	1.46783600079067	-5.30389799172775
1	2.13957649214291	-5.30389799172775
1	1.14778100524513	-5.30389799172775
1	2.64579207712692	-5.30389799172775
1	3.80402355897268	15.7130630218298
1	1.53650365376079	15.7130630218298
1	4.66074633596335	-5.30389799172775
1	0.58383442739107	15.7130630218298
1	0.904031174384517	-5.30389799172775
1	5.88231541368856	15.7130630218298
1	0.968305069390702	-5.30389799172775
1	3.82394942463503	15.7130630218298
1	2.23784789778216	-5.30389799172775
