group	y	yend
1	2.13777704125361	0
1	0.370577449836003	0
1	7.16402454575909	0
1	3.27689919299469	0
1	7.78067610730869	0
1	-1.62928343012448	0
1	1.91628439509508	0
1	11.1582838640615	0
1	11.150414870694	0
1	8.66180901230595	0
1	9.90929073231001	0
1	9.15011536979567	0
1	7.66580506057516	0
1	-4.34858158202059	0
1	6.76808851786802	0
1	4.77210484422042	0
1	7.49602192084265	0
1	5.03162066214857	0
1	1.68542638489522	0
1	5.25455808507939	0
1	2.45984371888309	0
1	8.10240287198131	0
1	9.99457053677909	0
1	5.90181810027828	0
1	4.53342840149862	0
1	-0.00841014455275049	0
1	6.83559412691964	0
1	-2.87807712491032	0
1	-0.766931271538602	0
1	1.13053242829008	0
1	6.65043333581921	0
1	9.44511717584912	0
1	5.38820949799105	0
1	7.81299269178465	0
1	-1.29491353050677	0
1	8.67049521087237	0
1	2.31378192939679	0
1	9.88122450101968	0
1	9.40661557055468	0
1	2.15311722002144	0
1	1.41268317376875	0
1	9.39955268545147	0
1	5.13947219406398	0
1	9.08499027724131	0
1	5.36810319444381	0
1	1.96156831766021	0
1	8.39846714223112	0
1	5.18780636190517	0
1	6.50776261402182	0
1	10.4478676194402	0
1	4.4694732489229	0
1	-0.871306030983109	0
1	2.30034665122364	0
1	2.34588715545427	0
1	12.3909498764063	0
1	13.9387180330806	0
1	0.23706642464464	0
1	4.02049231090547	0
1	10.7951485216016	0
1	0.233671824257256	0
1	4.94907873701757	0
1	1.83688095080756	0
1	4.02100722935262	0
1	0.533242306116686	0
1	8.37055999542821	0
1	4.19978810011259	0
1	0.11697167428337	0
1	7.66056494244898	0
1	10.1163885197263	0
1	4.45354499695112	0
1	1.2721136596478	0
1	-0.433043155965496	0
1	1.40126937391547	0
1	-1.42564467382355	0
1	1.09277664001855	0
1	0.58298273947091	0
1	-0.599831042607216	0
1	0.158479537609441	0
1	4.22277918280051	0
1	0.391714334442204	0
1	0.33177022213654	0
1	7.5173302663086	0
1	2.69585614553595	0
1	-2.37380881558173	0
1	6.47047610945289	0
1	7.73251541197951	0
1	9.98290102516725	0
1	9.31726091151868	0
1	5.30332070511052	0
1	10.0747615832888	0
1	3.82923596449484	0
1	11.5969566128186	0
1	12.2741860713448	0
1	1.49729153160628	0
1	7.15395395372344	0
1	4.05029911945523	0
1	-0.109726383816623	0
1	-0.553939803402985	0
1	-0.226251676677918	0
1	8.81242485221115	0
1	8.55632071564338	0
1	0.175002105410684	0
1	1.30168454422251	0
1	3.50342881885624	0
1	8.68840932869351	0
1	10.0117443452968	0
1	11.2590644663253	0
1	5.52246623443888	0
1	1.11859344544774	0
1	12.9970950903469	0
1	1.0340007896917	0
1	5.8384678084801	0
1	2.91957960781285	0
1	0.0349888098504865	0
1	8.9947178895006	0
1	6.34460717134618	0
1	6.99388021776221	0
1	9.43567368757619	0
1	2.98403160328304	0
1	9.61489063798503	0
1	2.1282747074767	0
1	7.42181550735181	0
1	3.63732299504189	0
1	8.14695862208917	0
1	5.21783591565566	0
1	3.79803920581527	0
1	5.52105325366223	0
1	6.72285671406426	0
1	4.20797677855704	0
1	8.91230044113409	0
1	9.03218425560953	0
1	8.49667672673218	0
1	9.32091834610859	0
1	6.9123546798909	0
1	1.07035984447719	0
1	6.54460496586534	0
1	7.73540897138004	0
1	5.47983669390778	0
1	1.46692306421476	0
1	5.3440734357843	0
1	5.23292947675027	0
1	12.0460714848872	0
1	1.62997162363475	0
1	2.88644765006361	0
1	4.668533833276	0
1	0.803780709811993	0
1	12.6076383930942	0
1	5.9359075149856	0
1	7.42547261116105	0
1	-2.9985591613619	0
1	10.8055576418856	0
1	8.12978496903149	0
1	-0.0621291524143852	0
1	0.475089487267889	0
1	2.05153761369778	0
1	6.02462503540665	0
1	8.74066847700793	0
1	8.39276821289705	0
1	-0.0540511022314258	0
1	10.2448781354606	0
1	3.19817493684269	0
1	-0.475229338323001	0
1	4.11027026380791	0
1	5.69035499382832	0
1	-1.18604411447534	0
1	5.09384561388329	0
1	8.82429058176307	0
1	-2.44773827934238	0
1	6.91695793778167	0
1	0.767720897728969	0
1	14.6158719177026	0
1	1.15683106764185	0
1	1.38770604247118	0
1	0.0230024708188306	0
1	-0.621341522821964	0
1	-0.0667370358522751	0
1	11.5106223174834	0
1	10.3809630483758	0
1	11.8207729573972	0
1	2.4545735165825	0
1	-0.553269126895843	0
1	9.63762828435777	0
1	0.453897148631049	0
1	2.26581546078627	0
1	1.12986398833778	0
1	7.45632988097753	0
1	8.15088203201351	0
1	5.63187883421854	0
1	0.0479606144664847	0
1	5.85334177583055	0
1	7.47175317907716	0
1	0.94456294939532	0
1	8.52163708262522	0
1	2.08564079178643	0
1	0.0115136148397563	0
1	7.32992453795833	0
1	12.8789455866351	0
1	-1.0826905038033	0
1	1.73616109502928	0
1	2.98812319560942	0
1	2.13777704125361	0.0657698142005766
1	0.370577449836003	0.0580932960551923
1	7.16402454575909	0.0436403583590029
1	3.27689919299469	0.0194941441226615
1	7.78067610730869	0.070365471287416
1	-1.62928343012448	0.0202010680471553
1	1.91628439509508	0.0168684100299135
1	11.1582838640615	0.0373081770663832
1	11.150414870694	0.0395894726761474
1	8.66180901230595	0.0804382489891169
1	9.90929073231001	0.0700563920265097
1	9.15011536979567	0.0721745362491189
1	7.66580506057516	0.0354199187758629
1	-4.34858158202059	0.0572307242717595
1	6.76808851786802	0.0294568097313414
1	4.77210484422042	0.0490516109582765
1	7.49602192084265	0.0332169676854238
1	5.03162066214857	0.0134676925859601
1	1.68542638489522	0.0575236675019399
1	5.25455808507939	0.0289093202660877
1	2.45984371888309	0.0175862734075223
1	8.10240287198131	0.0696122870947164
1	9.99457053677909	0.0379651258902925
1	5.90181810027828	0.0758467612983588
1	4.53342840149862	0.0656465462477618
1	-0.00841014455275049	0.0570859731505264
1	6.83559412691964	0.083922856847501
1	-2.87807712491032	0.0573542626325595
1	-0.766931271538602	0.0222674439937469
1	1.13053242829008	0.0603811549680112
1	6.65043333581921	0.050176220468239
1	9.44511717584912	0.0417170056886464
1	5.38820949799105	0.0493509909043636
1	7.81299269178465	0.0714789350932132
1	-1.29491353050677	0.0253143937115822
1	8.67049521087237	0.0367559970703532
1	2.31378192939679	0.0277000713970732
1	9.88122450101968	0.0771148236694679
1	9.40661557055468	0.0327782995299775
1	2.15311722002144	0.0552743766973284
1	1.41268317376875	0.0257771528044578
1	9.39955268545147	0.0382973126618933
1	5.13947219406398	0.0285142059352297
1	9.08499027724131	0.0450672271823133
1	5.36810319444381	0.046746080204667
1	1.96156831766021	0.0280517028162863
1	8.39846714223112	0.083207093649754
1	5.18780636190517	0.0505254341584238
1	6.50776261402182	0.0321588806186078
1	10.4478676194402	0.0350088798287306
1	4.4694732489229	0.0504973852393647
1	-0.871306030983109	0.0228781201438765
1	2.30034665122364	0.0533430882818511
1	2.34588715545427	0.067261076955523
1	12.3909498764063	0.0797979506249127
1	13.9387180330806	0.0777252187830528
1	0.23706642464464	0.0621147697481601
1	4.02049231090547	0.0475442460197042
1	10.7951485216016	0.0372212501194802
1	0.233671824257256	0.0555943713713588
1	4.94907873701757	0.0191580287739942
1	1.83688095080756	0.0637469368402403
1	4.02100722935262	0.0518333042228145
1	0.533242306116686	0.0609538826851205
1	8.37055999542821	0.0380229650854258
1	4.19978810011259	0.0663092452731695
1	0.11697167428337	0.0504307382375492
1	7.66056494244898	0.0297110310074323
1	10.1163885197263	0.0788210360453719
1	4.45354499695112	0.0218620374454525
1	1.2721136596478	0.0604730338512523
1	-0.433043155965496	0.0244455424109828
1	1.40126937391547	0.0599250583724895
1	-1.42564467382355	0.0608545013465778
1	1.09277664001855	0.0505887110184114
1	0.58298273947091	0.0206468580247161
1	-0.599831042607216	0.0226527540988637
1	0.158479537609441	0.0568069326459892
1	4.22277918280051	0.0289182861432531
1	0.391714334442204	0.0157205005049233
1	0.33177022213654	0.053590604227829
1	7.5173302663086	0.0335844539982324
1	2.69585614553595	0.0560865644656339
1	-2.37380881558173	0.0614609588974372
1	6.47047610945289	0.0303751437653507
1	7.73251541197951	0.0702927258562862
1	9.98290102516725	0.03368478573786
1	9.31726091151868	0.0761249179057463
1	5.30332070511052	0.0672113064630885
1	10.0747615832888	0.0745687760773978
1	3.82923596449484	0.0676331737328625
1	11.5969566128186	0.080643591213853
1	12.2741860713448	0.0386409018995133
1	1.49729153160628	0.0217937879284653
1	7.15395395372344	0.0288035163774628
1	4.05029911945523	0.027479099540496
1	-0.109726383816623	0.0521062837159309
1	-0.553939803402985	0.0553600841930686
1	-0.226251676677918	0.026502649398824
1	8.81242485221115	0.0413305370873225
1	8.55632071564338	0.0377455079009491
1	0.175002105410684	0.0594560525031043
1	1.30168454422251	0.0654276975884154
1	3.50342881885624	0.0134116773957878
1	8.68840932869351	0.0392741597148771
1	10.0117443452968	0.069535560681352
1	11.2590644663253	0.0755719112290859
1	5.52246623443888	0.0504614985289267
1	1.11859344544774	0.0183517102671692
1	12.9970950903469	0.0417749571542247
1	1.0340007896917	0.0146006740143207
1	5.8384678084801	0.0321964100282188
1	2.91957960781285	0.0592019110920873
1	0.0349888098504865	0.0538199880191627
1	8.9947178895006	0.0742154488497434
1	6.34460717134618	0.0839453760489936
1	6.99388021776221	0.0333647477784348
1	9.43567368757619	0.0774575096304199
1	2.98403160328304	0.0527535899218472
1	9.61489063798503	0.0387983858001729
1	2.1282747074767	0.0134725509105072
1	7.42181550735181	0.0492032231498695
1	3.63732299504189	0.0500128183208457
1	8.14695862208917	0.0723987807799465
1	5.21783591565566	0.0305383151187742
1	3.79803920581527	0.0522055720126683
1	5.52105325366223	0.0480817040192763
1	6.72285671406426	0.0699433100055375
1	4.20797677855704	0.0684231280972781
1	8.91230044113409	0.0419944893774643
1	9.03218425560953	0.0434949980570278
1	8.49667672673218	0.0793381933959593
1	9.32091834610859	0.0823279931656487
1	6.9123546798909	0.0386043800236849
1	1.07035984447719	0.0180247683040394
1	6.54460496586534	0.0418230937655023
1	7.73540897138004	0.0445009714531751
1	5.47983669390778	0.0470119015139256
1	1.46692306421476	0.0139580894201729
1	5.3440734357843	0.0483357245597679
1	5.23292947675027	0.0357248308535741
1	12.0460714848872	0.0415747733515771
1	1.62997162363475	0.0676879483991604
1	2.88644765006361	0.0662985064550681
1	4.668533833276	0.0323751831512347
1	0.803780709811993	0.0523009501227646
1	12.6076383930942	0.0722774980710265
1	5.9359075149856	0.0311231645569677
1	7.42547261116105	0.0773276607552825
1	-2.9985591613619	0.0226379592280405
1	10.8055576418856	0.0406312758847351
1	8.12978496903149	0.0447703462720573
1	-0.0621291524143852	0.0612143397571116
1	0.475089487267889	0.0522605847486376
1	2.05153761369778	0.0488542006731676
1	6.02462503540665	0.0718642354918065
1	8.74066847700793	0.0467524867616173
1	8.39276821289705	0.0794669787948808
1	-0.0540511022314258	0.0648879853954564
1	10.2448781354606	0.0695721820867655
1	3.19817493684269	0.0643814833265172
1	-0.475229338323001	0.0204383567876106
1	4.11027026380791	0.0527571198441158
1	5.69035499382832	0.0287264588693861
1	-1.18604411447534	0.0214805917101745
1	5.09384561388329	0.0551411887110624
1	8.82429058176307	0.0802926456720051
1	-2.44773827934238	0.0607311934109332
1	6.91695793778167	0.0327772194571153
1	0.767720897728969	0.0605779843872626
1	14.6158719177026	0.0394958643217722
1	1.15683106764185	0.0243609973007649
1	1.38770604247118	0.0232437331479495
1	0.0230024708188306	0.0567083087012696
1	-0.621341522821964	0.0574906397063299
1	-0.0667370358522751	0.0204130607995429
1	11.5106223174834	0.0384949173792287
1	10.3809630483758	0.0315277889170553
1	11.8207729573972	0.0413038850694277
1	2.4545735165825	0.0198632396060646
1	-0.553269126895843	0.0637378082488836
1	9.63762828435777	0.0711158640247874
1	0.453897148631049	0.0210606822076253
1	2.26581546078627	0.0486455017180348
1	1.12986398833778	0.0217370265094866
1	7.45632988097753	0.0712646554067818
1	8.15088203201351	0.030301996544501
1	5.63187883421854	0.0327215657385474
1	0.0479606144664847	0.0169368444234824
1	5.85334177583055	0.045455298533509
1	7.47175317907716	0.0336399539882681
1	0.94456294939532	0.0568850148377164
1	8.52163708262522	0.077623914312307
1	2.08564079178643	0.0181193150227399
1	0.0115136148397563	0.0644936611655498
1	7.32992453795833	0.0423644963352728
1	12.8789455866351	0.0769407961646827
1	-1.0826905038033	0.0243687390998237
1	1.73616109502928	0.061992943876269
1	2.98812319560942	0.0285200687256945
1	2.13777704125361	0.130696741494109
1	0.370577449836003	0.115510450565607
1	7.16402454575909	0.0869185144209872
1	3.27689919299469	0.0391505775425343
1	7.78067610730869	0.139788231178184
1	-1.62928343012448	0.0405490699551572
1	1.91628439509508	0.0339561441968212
1	11.1582838640615	0.0743916962072427
1	11.150414870694	0.0789047343018149
1	8.66180901230595	0.159714990906894
1	9.90929073231001	0.139176786316439
1	9.15011536979567	0.143367065526866
1	7.66580506057516	0.0706561953975119
1	-4.34858158202059	0.113804043337507
1	6.76808851786802	0.0588595048832148
1	4.77210484422042	0.0976234791854608
1	7.49602192084265	0.0662981445824057
1	5.03162066214857	0.0272285779367765
1	1.68542638489522	0.114383566636326
1	5.25455808507939	0.0577764182360957
1	2.45984371888309	0.0353762778945235
1	8.10240287198131	0.138298223070802
1	9.99457053677909	0.0756913239520195
1	5.90181810027828	0.150631749449514
1	4.53342840149862	0.130452883151283
1	-0.00841014455275049	0.113517685304133
1	6.83559412691964	0.166608515771547
1	-2.87807712491032	0.114048436622641
1	-0.766931271538602	0.0446369370973025
1	1.13053242829008	0.12003647270161
1	6.65043333581921	0.0998482700184662
1	9.44511717584912	0.0831135871535767
1	5.38820949799105	0.0982157361010744
1	7.81299269178465	0.141990972704088
1	-1.29491353050677	0.0506646522649381
1	8.67049521087237	0.073299330383858
1	2.31378192939679	0.0553841871774278
1	9.88122450101968	0.153140329995855
1	9.40661557055468	0.0654303367946156
1	2.15311722002144	0.109933842960212
1	1.41268317376875	0.0515801186366868
1	9.39955268545147	0.0763484819057414
1	5.13947219406398	0.0569947720437998
1	9.08499027724131	0.0897412583599994
1	5.36810319444381	0.0930624972264754
1	1.96156831766021	0.056079812059782
1	8.39846714223112	0.165192536814546
1	5.18780636190517	0.100539111959425
1	6.50776261402182	0.064204953669542
1	10.4478676194402	0.069843045878957
1	4.4694732489229	0.100483623385439
1	-0.871306030983109	0.04584502460564
1	2.30034665122364	0.106113216578716
1	2.34588715545427	0.13364687456467
1	12.3909498764063	0.158448302408842
1	13.9387180330806	0.154347861535634
1	0.23706642464464	0.123466045577057
1	4.02049231090547	0.0946414915109646
1	10.7951485216016	0.07421973049568
1	0.233671824257256	0.110566881549239
1	4.94907873701757	0.0384856477692014
1	1.83688095080756	0.126694926670651
1	4.02100722935262	0.103126443210177
1	0.533242306116686	0.121169487640168
1	8.37055999542821	0.075805745989163
1	4.19978810011259	0.13176388639615
1	0.11697167428337	0.100351777053559
1	7.66056494244898	0.0593624253721415
1	10.1163885197263	0.156515693283685
1	4.45354499695112	0.0438349300323651
1	1.2721136596478	0.120218234722445
1	-0.433043155965496	0.0489458224029331
1	1.40126937391547	0.119134186605242
1	-1.42564467382355	0.120972883673189
1	1.09277664001855	0.10066429121213
1	0.58298273947091	0.0414309666906348
1	-0.599831042607216	0.0453991878004437
1	0.158479537609441	0.112965665468775
1	4.22277918280051	0.0577941552382736
1	0.391714334442204	0.0316852594446523
1	0.33177022213654	0.106602872057134
1	7.5173302663086	0.0670251348601411
1	2.69585614553595	0.111540576573611
1	-2.37380881558173	0.122172625617221
1	6.47047610945289	0.0606762253736621
1	7.73251541197951	0.139644320454607
1	9.98290102516725	0.0672236189851691
1	9.31726091151868	0.15118202069013
1	5.30332070511052	0.133548414668731
1	10.0747615832888	0.148103538742488
1	3.82923596449484	0.134382985625337
1	11.5969566128186	0.160121215018619
1	12.2741860713448	0.077028197113024
1	1.49729153160628	0.0436999134791481
1	7.15395395372344	0.0575671086762674
1	4.05029911945523	0.0549470433008109
1	-0.109726383816623	0.103666472676853
1	-0.553939803402985	0.110103396257737
1	-0.226251676677918	0.0530153529631122
1	8.81242485221115	0.0823490446222774
1	8.55632071564338	0.0752568584018656
1	0.175002105410684	0.118206362369727
1	1.30168454422251	0.130019939550134
1	3.50342881885624	0.0271177642894613
1	8.68840932869351	0.0782809574445612
1	10.0117443452968	0.138146436855596
1	11.2590644663253	0.150088019462214
1	5.52246623443888	0.100412629477152
1	1.11859344544774	0.0368905251896968
1	12.9970950903469	0.0832282312929296
1	1.0340007896917	0.0294699307560906
1	5.8384678084801	0.0642791972943121
1	2.91957960781285	0.11770359987616
1	0.0349888098504865	0.107056657083562
1	8.9947178895006	0.147404559078726
1	6.34460717134618	0.166653065024068
1	6.99388021776221	0.0665904947655751
1	9.43567368757619	0.153818258270311
1	2.98403160328304	0.104947024637611
1	9.61489063798503	0.077339744130393
1	2.1282747074767	0.0272381890558543
1	7.42181550735181	0.0979234103269279
1	3.63732299504189	0.0995250150607287
1	8.14695862208917	0.143810683664644
1	5.21783591565566	0.0609990237566473
1	3.79803920581527	0.103862892581228
1	5.52105325366223	0.0957047331250367
1	6.72285671406426	0.138953078583748
1	4.20797677855704	0.135945735373473
1	8.91230044113409	0.0836625271738431
1	9.03218425560953	0.0866309512584386
1	8.49667672673218	0.15753877456
1	9.32091834610859	0.163453431212999
1	6.9123546798909	0.0769559466706907
1	1.07035984447719	0.0362437429278962
1	6.54460496586534	0.083323458916877
1	7.73540897138004	0.0886210468162029
1	5.47983669390778	0.0935883658118084
1	1.46692306421476	0.028198719458457
1	5.3440734357843	0.0962072565030399
1	5.23292947675027	0.071259396410268
1	12.0460714848872	0.0828322119768015
1	1.62997162363475	0.134491345170923
1	2.88644765006361	0.131742642023007
1	4.668533833276	0.0646328603229013
1	0.803780709811993	0.104051577047375
1	12.6076383930942	0.143570752687165
1	5.9359075149856	0.06215601883561
1	7.42547261116105	0.153561381030236
1	-2.9985591613619	0.0453699194253398
1	10.8055576418856	0.0809657112077801
1	8.12978496903149	0.0891539452332823
1	-0.0621291524143852	0.121684744270158
1	0.475089487267889	0.103971723094929
1	2.05153761369778	0.0972329466594945
1	6.02462503540665	0.142753204205022
1	8.74066847700793	0.0930751711804549
1	8.39276821289705	0.157793547947924
1	-0.0540511022314258	0.128952238513713
1	10.2448781354606	0.138218884195169
1	3.19817493684269	0.12795023635217
1	-0.475229338323001	0.0410184931726061
1	4.11027026380791	0.104954007807
1	5.69035499382832	0.0574146674635046
1	-1.18604411447534	0.0430803241290557
1	5.09384561388329	0.109670360028326
1	8.82429058176307	0.159426946992721
1	-2.44773827934238	0.12072894623319
1	6.91695793778167	0.0654282001096762
1	0.767720897728969	0.120425856113129
1	14.6158719177026	0.07871955090539
1	1.15683106764185	0.0487785686277142
1	1.38770604247118	0.046568308956949
1	0.0230024708188306	0.112770559837724
1	-0.621341522821964	0.114318228457823
1	-0.0667370358522751	0.0409684506628583
1	11.5106223174834	0.0767393990728042
1	10.3809630483758	0.0629564785144219
1	11.8207729573972	0.0822963195078549
1	2.4545735165825	0.0398807512078862
1	-0.553269126895843	0.126676867774484
1	9.63762828435777	0.14127271700946
1	0.453897148631049	0.0422496261812903
1	2.26581546078627	0.0968200820001404
1	1.12986398833778	0.0435876235834167
1	7.45632988097753	0.141567067803899
1	8.15088203201351	0.0605315197981136
1	5.63187883421854	0.0653181015538701
1	0.0479606144664847	0.0340915264874078
1	5.85334177583055	0.0905089715769373
1	7.47175317907716	0.0671349292980944
1	0.94456294939532	0.11312013379119
1	8.52163708262522	0.154147453077533
1	2.08564079178643	0.0364307826703066
1	0.0115136148397563	0.128172155361155
1	7.32992453795833	0.0843945039894295
1	12.8789455866351	0.152796055121859
1	-1.0826905038033	0.0487938840624713
1	1.73616109502928	0.123225040071942
1	2.98812319560942	0.0570063702762231
1	2.13777704125361	0.194794106504965
1	0.370577449836003	0.172260769193455
1	7.16402454575909	0.129836207161216
1	3.27689919299469	0.0589583977326528
1	7.78067610730869	0.208284010305693
1	-1.62928343012448	0.0610334732997931
1	1.91628439509508	0.0512509252976668
1	11.1582838640615	0.111248981249424
1	11.150414870694	0.117945403052711
1	8.66180901230595	0.237851229885934
1	9.90929073231001	0.207376751687907
1	9.15011536979567	0.213594265583992
1	7.66580506057516	0.105706265113576
1	-4.34858158202059	0.169728811268863
1	6.76808851786802	0.0882023987798128
1	4.77210484422042	0.145720176662484
1	7.49602192084265	0.0992398126071791
1	5.03162066214857	0.0412685984387362
1	1.68542638489522	0.170588704842195
1	5.25455808507939	0.0865953206017356
1	2.45984371888309	0.0533581120879388
1	8.10240287198131	0.206073144239806
1	9.99457053677909	0.113177361950829
1	5.90181810027828	0.224373564759889
1	4.53342840149862	0.194432270799262
1	-0.00841014455275049	0.169303914749479
1	6.83559412691964	0.248079805235361
1	-2.87807712491032	0.170091440719103
1	-0.766931271538602	0.0670990287163376
1	1.13053242829008	0.178976456648019
1	6.65043333581921	0.14902130940936
1	9.44511717584912	0.124190476418536
1	5.38820949799105	0.146598964308357
1	7.81299269178465	0.211552426408542
1	-1.29491353050677	0.0760429202649394
1	8.67049521087237	0.109628134679199
1	2.31378192939679	0.0830457409429617
1	9.88122450101968	0.228095783166605
1	9.40661557055468	0.0979521640499446
1	2.15311722002144	0.163986228634611
1	1.41268317376875	0.0774012843743245
1	9.39955268545147	0.114152449410162
1	5.13947219406398	0.085435518159376
1	9.08499027724131	0.134024579530825
1	5.36810319444381	0.138952616009432
1	1.96156831766021	0.0840779054253994
1	8.39846714223112	0.245978783227135
1	5.18780636190517	0.150046376988919
1	6.50776261402182	0.0961339471184295
1	10.4478676194402	0.104499718204094
1	4.4694732489229	0.149964043339417
1	-0.871306030983109	0.0688915825041818
1	2.30034665122364	0.158317203630361
1	2.34588715545427	0.199171498187091
1	12.3909498764063	0.235971724262763
1	13.9387180330806	0.229887512011273
1	0.23706642464464	0.184065238550112
1	4.02049231090547	0.141295519289295
1	10.7951485216016	0.110993819445735
1	0.233671824257256	0.164925527909523
1	4.94907873701757	0.0579717784889206
1	1.83688095080756	0.188856235058952
1	4.02100722935262	0.153885445269929
1	0.533242306116686	0.180657618158077
1	8.37055999542821	0.113347140757976
1	4.19978810011259	0.196377530406901
1	0.11697167428337	0.149768410456869
1	7.66056494244898	0.0889486295132558
1	10.1163885197263	0.23310412917233
1	4.45354499695112	0.0659090149199781
1	1.2721136596478	0.179246154163048
1	-0.433043155965496	0.0734925297025564
1	1.40126937391547	0.177637649360799
1	-1.42564467382355	0.180365898242688
1	1.09277664001855	0.15023211729502
1	0.58298273947091	0.0623420269623032
1	-0.599831042607216	0.0682300522355552
1	0.158479537609441	0.168484830668229
1	4.22277918280051	0.0866216386707658
1	0.391714334442204	0.0478813986399003
1	0.33177022213654	0.15904375181211
1	7.5173302663086	0.100318516895641
1	2.69585614553595	0.166370291382448
1	-2.37380881558173	0.182146068926821
1	6.47047610945289	0.0908980389334693
1	7.73251541197951	0.208070476343228
1	9.98290102516725	0.100613026579492
1	9.31726091151868	0.225190054285607
1	5.30332070511052	0.19902540391975
1	10.0747615832888	0.22062221922567
1	3.82923596449484	0.200263735844519
1	11.5969566128186	0.238453983051711
1	12.2741860713448	0.115161007201763
1	1.49729153160628	0.0657086780799557
1	7.15395395372344	0.0862847481955872
1	4.05029911945523	0.082397109195299
1	-0.109726383816623	0.154686738106215
1	-0.553939803402985	0.164237810911245
1	-0.226251676677918	0.0795308773967854
1	8.81242485221115	0.123056052296947
1	8.55632071564338	0.112532704289657
1	0.175002105410684	0.176260948719208
1	1.30168454422251	0.193789871397889
1	3.50342881885624	0.0411041737411304
1	8.68840932869351	0.117019846285902
1	10.0117443452968	0.205847924664955
1	11.2590644663253	0.22356678111088
1	5.52246623443888	0.149858702957751
1	1.11859344544774	0.0556049441311168
1	12.9970950903469	0.124360584779754
1	1.0340007896917	0.0445943057723762
1	5.8384678084801	0.0962441094120436
1	2.91957960781285	0.175514952418436
1	0.0349888098504865	0.159717075608918
1	8.9947178895006	0.219585076936511
1	6.34460717134618	0.248145907178144
1	6.99388021776221	0.0996736002464027
1	9.43567368757619	0.229101689516828
1	2.98403160328304	0.156586814261251
1	9.61489063798503	0.115623279000968
1	2.1282747074767	0.041282859365854
1	7.42181550735181	0.146165212887111
1	3.63732299504189	0.148541665430813
1	8.14695862208917	0.214252503805762
1	5.21783591565566	0.0913770054488391
1	3.79803920581527	0.154978184910495
1	5.52105325366223	0.142873151513406
1	6.72285671406426	0.207044815349821
1	4.20797677855704	0.202582535568165
1	8.91230044113409	0.125004990686614
1	9.03218425560953	0.129409522477604
1	8.49667672673218	0.234622171701927
1	9.32091834610859	0.243398307630791
1	6.9123546798909	0.115053802381595
1	1.07035984447719	0.0546452520680008
1	6.54460496586534	0.124501883019192
1	7.73540897138004	0.132362415629484
1	5.47983669390778	0.139732897005669
1	1.46692306421476	0.0427080892433605
1	5.3440734357843	0.143618793015783
1	5.23292947675027	0.106601291552294
1	12.0460714848872	0.123772973435141
1	1.62997162363475	0.200424519159095
1	2.88644765006361	0.196346008119579
1	4.668533833276	0.0967688727235941
1	0.803780709811993	0.155258153912877
1	12.6076383930942	0.21389649550377
1	5.9359075149856	0.0930937485630575
1	7.42547261116105	0.228720536440971
1	-2.9985591613619	0.0681866239770106
1	10.8055576418856	0.121003469570203
1	8.12978496903149	0.133153127452493
1	-0.0621291524143852	0.181422153191694
1	0.475089487267889	0.155139667045045
1	2.05153761369778	0.145140706587787
1	6.02462503540665	0.212683421435628
1	8.74066847700793	0.138971421554607
1	8.39276821289705	0.235000203093208
1	-0.0540511022314258	0.192205622306732
1	10.2448781354606	0.205955421640195
1	3.19817493684269	0.190718856854969
1	-0.475229338323001	0.0617300009608546
1	4.11027026380791	0.156597175850666
1	5.69035499382832	0.0860585567388627
1	-1.18604411447534	0.0647893347138907
1	5.09384561388329	0.163595274068552
1	8.82429058176307	0.237423831865631
1	-2.44773827934238	0.180003945173022
1	6.91695793778167	0.0979489936482517
1	0.767720897728969	0.179554221672842
1	14.6158719177026	0.11767062891887
1	1.15683106764185	0.0732443594448303
1	1.38770604247118	0.0699647879588194
1	0.0230024708188306	0.168195333975683
1	-0.621341522821964	0.170491756402154
1	-0.0667370358522751	0.0616557481523598
1	11.5106223174834	0.114732490213262
1	10.3809630483758	0.0942814663561546
1	11.8207729573972	0.122977819053974
1	2.4545735165825	0.060041825514645
1	-0.553269126895843	0.188829439365342
1	9.63762828435777	0.210486682447811
1	0.453897148631049	0.0635567495389388
1	2.26581546078627	0.14452810021293
1	1.12986398833778	0.0655420629328402
1	7.45632988097753	0.210923438583344
1	8.15088203201351	0.0906833255738978
1	5.63187883421854	0.0977856299996052
1	0.0479606144664847	0.0514518048168434
1	5.85334177583055	0.135163708298818
1	7.47175317907716	0.100481429295843
1	0.94456294939532	0.168714029939421
1	8.52163708262522	0.229590147012292
1	2.08564079178643	0.0549227806380929
1	0.0115136148397563	0.191048139094381
1	7.32992453795833	0.126091093973287
1	12.8789455866351	0.227584949948661
1	-1.0826905038033	0.0732670844050643
1	1.73616109502928	0.183707635869756
1	2.98812319560942	0.0854527275546551
1	2.13777704125361	0.258074972190044
1	0.370577449836003	0.228353397538525
1	7.16402454575909	0.172395206789072
1	3.27689919299469	0.0789070529952188
1	7.78067610730869	0.275868216808557
1	-1.62928343012448	0.0816440871292972
1	1.91628439509508	0.0687408617123166
1	11.1582838640615	0.14787857106553
1	11.150414870694	0.156711181955476
1	8.66180901230595	0.314867514242547
1	9.90929073231001	0.274671538555177
1	9.15011536979567	0.282872467732009
1	7.66580506057516	0.140567703211099
1	-4.34858158202059	0.225013733491875
1	6.76808851786802	0.117480023710405
1	4.77210484422042	0.193346234982009
1	7.49602192084265	0.132038422872264
1	5.03162066214857	0.0555741270723472
1	1.68542638489522	0.226147937035666
1	5.25455808507939	0.11536028026627
1	2.45984371888309	0.0715202506961124
1	8.10240287198131	0.272952074387514
1	9.99457053677909	0.150422114002869
1	5.90181810027828	0.297090412491742
1	4.53342840149862	0.257597709244482
1	-0.00841014455275049	0.22445329304555
1	6.83559412691964	0.328359051764217
1	-2.87807712491032	0.225492043390101
1	-0.766931271538602	0.0896445823787812
1	1.13053242829008	0.237211419910344
1	6.65043333581921	0.197700444126197
1	9.44511717584912	0.164948462198549
1	5.38820949799105	0.194505359893626
1	7.81299269178465	0.280179272550107
1	-1.29491353050677	0.101441616109825
1	8.67049521087237	0.145740667049378
1	2.31378192939679	0.110678368512529
1	9.88122450101968	0.30200003554114
1	9.40661557055468	0.130340008554416
1	2.15311722002144	0.217439240814784
1	1.41268317376875	0.103233304563377
1	9.39955268545147	0.151708258807505
1	5.13947219406398	0.113830495556839
1	9.08499027724131	0.177919689040892
1	5.36810319444381	0.184419791624876
1	1.96156831766021	0.112039798170876
1	8.39846714223112	0.325587794156048
1	5.18780636190517	0.19905251293729
1	6.50776261402182	0.127941772131839
1	10.4478676194402	0.138976262336407
1	4.4694732489229	0.198943914478207
1	-0.871306030983109	0.0920089689978491
1	2.30034665122364	0.209961770987042
1	2.34588715545427	0.263848771776882
1	12.3909498764063	0.312388437756239
1	13.9387180330806	0.304363334056398
1	0.23706642464464	0.243923546440802
1	4.02049231090547	0.187510091733159
1	10.7951485216016	0.14754201148309
1	0.233671824257256	0.218678180840999
1	4.94907873701757	0.0776056977143819
1	1.83688095080756	0.250242892679849
1	4.02100722935262	0.204116261503643
1	0.533242306116686	0.239428879607133
1	8.37055999542821	0.150646053023579
1	4.19978810011259	0.2601635155361
1	0.11697167428337	0.198685873814166
1	7.66056494244898	0.118464305450152
1	10.1163885197263	0.308606066757554
1	4.45354499695112	0.0880749487556795
1	1.2721136596478	0.237567152162315
1	-0.433043155965496	0.0980776393298881
1	1.40126937391547	0.235445526994394
1	-1.42564467382355	0.239044099708679
1	1.09277664001855	0.199297505247894
1	0.58298273947091	0.0833700753763177
1	-0.599831042607216	0.0911364075573747
1	0.158479537609441	0.223372917407881
1	4.22277918280051	0.115394993919315
1	0.391714334442204	0.0642964406878314
1	0.33177022213654	0.210920091351367
1	7.5173302663086	0.133461238746948
1	2.69585614553595	0.220583830448987
1	-2.37380881558173	0.241392152957492
1	6.47047610945289	0.121035585363477
1	7.73251541197951	0.275586564538487
1	9.98290102516725	0.133849698362725
1	9.31726091151868	0.298167365898835
1	5.30332070511052	0.263656072772161
1	10.0747615832888	0.292142370628366
1	3.82923596449484	0.265289438226935
1	11.5969566128186	0.315662548416377
1	12.2741860713448	0.153038551133007
1	1.49729153160628	0.0878107035502819
1	7.15395395372344	0.114950633846549
1	4.05029911945523	0.109822820280015
1	-0.109726383816623	0.205173170408089
1	-0.553939803402985	0.217771078984719
1	-0.226251676677918	0.106042247469588
1	8.81242485221115	0.163452151609923
1	8.55632071564338	0.149571807608556
1	0.175002105410684	0.233629652571259
1	1.30168454422251	0.25675038150514
1	3.50342881885624	0.0553572501465335
1	8.68840932869351	0.155490368360107
1	10.0117443452968	0.272655008741428
1	11.2590644663253	0.29602626118028
1	5.52246623443888	0.198804970034505
1	1.11859344544774	0.0744838324051844
1	12.9970950903469	0.165172835902581
1	1.0340007896917	0.0599607502085213
1	5.8384678084801	0.128087076699386
1	2.91957960781285	0.232645680049273
1	0.0349888098504865	0.211808208509283
1	8.9947178895006	0.290774375220258
1	6.34460717134618	0.328446240528131
1	6.99388021776221	0.132610590746195
1	9.43567368757619	0.303326830603376
1	2.98403160328304	0.207679379519716
1	9.61489063798503	0.153648289743823
1	2.1282747074767	0.0555929373002362
1	7.42181550735181	0.193933239791373
1	3.63732299504189	0.197067791531624
1	8.14695862208917	0.283740686947669
1	5.21783591565566	0.121667344381031
1	3.79803920581527	0.205557590071745
1	5.52105325366223	0.189590995829757
1	6.72285671406426	0.274233713011823
1	4.20797677855704	0.268347945634671
1	8.91230044113409	0.166022810231809
1	9.03218425560953	0.171832407745978
1	8.49667672673218	0.310608371775397
1	9.32091834610859	0.322184135079148
1	6.9123546798909	0.152897147486421
1	1.07035984447719	0.0732179941983511
1	6.54460496586534	0.165359208924628
1	7.73540897138004	0.175727287276617
1	5.47983669390778	0.185448985816496
1	1.46692306421476	0.0574728220068061
1	5.3440734357843	0.190574500371042
1	5.23292947675027	0.141748247164518
1	12.0460714848872	0.164397773859903
1	1.62997162363475	0.26550151215193
1	2.88644765006361	0.260121937495401
1	4.668533833276	0.128779241899907
1	0.803780709811993	0.205926870462368
1	12.6076383930942	0.283271110374171
1	5.9359075149856	0.123931736375938
1	7.42547261116105	0.302824087958505
1	-2.9985591613619	0.0910791254863493
1	10.8055576418856	0.16074478563488
1	8.12978496903149	0.176770239776307
1	-0.0621291524143852	0.240437304802266
1	0.475089487267889	0.205770585743472
1	2.05153761369778	0.19258191131147
1	6.02462503540665	0.281671060147448
1	8.74066847700793	0.184444596224703
1	8.39276821289705	0.311106996904079
1	-0.0540511022314258	0.254660749730738
1	10.2448781354606	0.272796797741887
1	3.19817493684269	0.252699699321162
1	-0.475229338323001	0.082562810289959
1	4.11027026380791	0.207693046503397
1	5.69035499382832	0.11465228628384
1	-1.18604411447534	0.0865980854588231
1	5.09384561388329	0.216923569959649
1	8.82429058176307	0.314303774305106
1	-2.44773827934238	0.238566681959515
1	6.91695793778167	0.130335826780128
1	0.767720897728969	0.237973494612325
1	14.6158719177026	0.156348753620146
1	1.15683106764185	0.0977503016284494
1	1.38770604247118	0.093424531885648
1	0.0230024708188306	0.222991069950493
1	-0.621341522821964	0.226020061601229
1	-0.0667370358522751	0.0824648704970089
1	11.5106223174834	0.152473335271411
1	10.3809630483758	0.125498341560268
1	11.8207729573972	0.163348961605747
1	2.4545735165825	0.0803360991794058
1	-0.553269126895843	0.250207549037806
1	9.63762828435777	0.27877355140679
1	0.453897148631049	0.0849722999932598
1	2.26581546078627	0.19177388070994
1	1.12986398833778	0.0875909374115779
1	7.45632988097753	0.279349634740887
1	8.15088203201351	0.120752377463246
1	5.63187883421854	0.13012034938273
1	0.0479606144664847	0.069005822713993
1	5.85334177583055	0.179422205079575
1	7.47175317907716	0.133676120945592
1	0.94456294939532	0.223675232291586
1	8.52163708262522	0.303971108266948
1	2.08564079178643	0.0735840556476558
1	0.0115136148397563	0.253134024096263
1	7.32992453795833	0.167455385418868
1	12.8789455866351	0.3013262441976
1	-1.0826905038033	0.0977802759546094
1	1.73616109502928	0.243451866874972
1	2.98812319560942	0.113853194827676
1	2.13777704125361	0.320552145814226
1	0.370577449836003	0.28379732449394
1	7.16402454575909	0.214597313171611
1	3.27689919299469	0.098986332645017
1	7.78067610730869	0.342555943874372
1	-1.62928343012448	0.10237105238901
1	1.91628439509508	0.086414436690917
1	11.1582838640615	0.184279115836555
1	11.150414870694	0.195201855928827
1	8.66180901230595	0.390783947457947
1	9.90929073231001	0.341076086366936
1	9.15011536979567	0.351217665004304
1	7.66580506057516	0.17523822063378
1	-4.34858158202059	0.279667369848414
1	6.76808851786802	0.146687124512611
1	4.77210484422042	0.240506145618626
1	7.49602192084265	0.164690590552934
1	5.03162066214857	0.0701319555391669
1	1.68542638489522	0.281069968771305
1	5.25455808507939	0.144065769740951
1	2.45984371888309	0.089851534041133
1	8.10240287198131	0.338949732060676
1	9.99457053677909	0.187424557061608
1	5.90181810027828	0.368800112277466
1	4.53342840149862	0.319961944437193
1	-0.00841014455275049	0.27897430803366
1	6.83559412691964	0.407468092115793
1	-2.87807712491032	0.280258865926638
1	-0.766931271538602	0.112264766864652
1	1.13053242829008	0.294751489384079
1	6.65043333581921	0.245890725034831
1	9.44511717584912	0.205388387667103
1	5.38820949799105	0.241939563245851
1	7.81299269178465	0.347887158163664
1	-1.29491353050677	0.126853424160833
1	8.67049521087237	0.181635303015906
1	2.31378192939679	0.138275940905711
1	9.88122450101968	0.374871537497911
1	9.40661557055468	0.16259026728567
1	2.15311722002144	0.270300466237065
1	1.41268317376875	0.129069093745774
1	9.39955268545147	0.189015052284041
1	5.13947219406398	0.142173980213885
1	9.08499027724131	0.221429096495121
1	5.36810319444381	0.229467368754887
1	1.96156831766021	0.139959536220542
1	8.39846714223112	0.404041050331668
1	5.18780636190517	0.247562744372538
1	6.50776261402182	0.159624517582663
1	10.4478676194402	0.173270184764991
1	4.4694732489229	0.247428447418018
1	-0.871306030983109	0.115188656622675
1	2.30034665122364	0.261053544744215
1	2.34588715545427	0.327692244366928
1	12.3909498764063	0.387718227880101
1	13.9387180330806	0.377794081665683
1	0.23706642464464	0.303051958460791
1	4.02049231090547	0.23328895053976
1	10.7951485216016	0.183862913550463
1	0.233671824257256	0.271832586248337
1	4.94907873701757	0.0973770275734593
1	1.83688095080756	0.310866700600146
1	4.02100722935262	0.253824767026094
1	0.533242306116686	0.297493683762944
1	8.37055999542821	0.187701488509196
1	4.19978810011259	0.323134917366675
1	0.11697167428337	0.247109344590816
1	7.66056494244898	0.147904324472486
1	10.1163885197263	0.383040805103762
1	4.45354499695112	0.110323698666488
1	1.2721136596478	0.295191401317156
1	-0.433043155965496	0.122693403471423
1	1.40126937391547	0.292567719534819
1	-1.42564467382355	0.297017850413562
1	1.09277664001855	0.247865711113254
1	0.58298273947091	0.104505474618114
1	-0.599831042607216	0.114109614202762
1	0.158479537609441	0.277638274731693
1	4.22277918280051	0.144108697954882
1	0.391714334442204	0.080918297857683
1	0.33177022213654	0.262238639887097
1	7.5173302663086	0.166450098380458
1	2.69585614553595	0.274189184499333
1	-2.37380881558173	0.29992154170928
1	6.47047610945289	0.151084066289222
1	7.73251541197951	0.342207642043724
1	9.98290102516725	0.166930482207204
1	9.31726091151868	0.370131913519899
1	5.30332070511052	0.327453945502546
1	10.0747615832888	0.362681176901194
1	3.82923596449484	0.329473826889884
1	11.5969566128186	0.391767116732969
1	12.2741860713448	0.190660141997518
1	1.49729153160628	0.109996923069198
1	7.15395395372344	0.143559185512561
1	4.05029911945523	0.137217937661077
1	-0.109726383816623	0.255131780479795
1	-0.553939803402985	0.270710829846201
1	-0.226251676677918	0.132542738592226
1	8.81242485221115	0.203537993501604
1	8.55632071564338	0.186373036071993
1	0.175002105410684	0.290322140666776
1	1.30168454422251	0.318914106964771
1	3.50342881885624	0.0698637573447496
1	8.68840932869351	0.193692151746283
1	10.0117443452968	0.33858236946733
1	11.2590644663253	0.367484142589819
1	5.52246623443888	0.247256623473237
1	1.11859344544774	0.0935164110694247
1	12.9970950903469	0.205665856660498
1	1.0340007896917	0.075556619321618
1	5.8384678084801	0.15980420669671
1	2.91957960781285	0.28910532309726
1	0.0349888098504865	0.263336919094489
1	8.9947178895006	0.360989462132326
1	6.34460717134618	0.407575913032967
1	6.99388021776221	0.165398154947422
1	9.43567368757619	0.376512302363599
1	2.98403160328304	0.258231053286474
1	9.61489063798503	0.191414167783681
1	2.1282747074767	0.0701552169771345
1	7.42181550735181	0.241232057927623
1	3.63732299504189	0.24510836295126
1	8.14695862208917	0.352291337665076
1	5.21783591565566	0.151865323341714
1	3.79803920581527	0.255607168349226
1	5.52105325366223	0.235862275107918
1	6.72285671406426	0.34053465477039
1	4.20797677855704	0.33325609262096
1	8.91230044113409	0.206716967005892
1	9.03218425560953	0.213901334627045
1	8.49667672673218	0.385516931083708
1	9.32091834610859	0.399831957015671
1	6.9123546798909	0.190485276909606
1	1.07035984447719	0.0919510277524889
1	6.54460496586534	0.205896332575876
1	7.73540897138004	0.218717889701638
1	5.47983669390778	0.230740109148368
1	1.46692306421476	0.0724799533783124
1	5.3440734357843	0.237078513954832
1	5.23292947675027	0.176698125856751
1	12.0460714848872	0.204707385676885
1	1.62997162363475	0.329736085512156
1	2.88644765006361	0.323083500391813
1	4.668533833276	0.16066016431563
1	0.803780709811993	0.256063834422055
1	12.6076383930942	0.351710641545928
1	5.9359075149856	0.154665555972311
1	7.42547261116105	0.375890591828441
1	-2.9985591613619	0.114038777031109
1	10.8055576418856	0.200189962523164
1	8.12978496903149	0.220007644138309
1	-0.0621291524143852	0.298740740431258
1	0.475089487267889	0.255870566838306
1	2.05153761369778	0.239560954111415
1	6.02462503540665	0.34973195902738
1	8.74066847700793	0.229498043059503
1	8.39276821289705	0.386133549742894
1	-0.0540511022314258	0.316329989420736
1	10.2448781354606	0.33875771109839
1	3.19817493684269	0.313904880446896
1	-0.475229338323001	0.103507180134894
1	4.11027026380791	0.258247954394476
1	5.69035499382832	0.143190237652723
1	-1.18604411447534	0.108497353756203
1	5.09384561388329	0.269662768189004
1	8.82429058176307	0.39008680536791
1	-2.44773827934238	0.29642745760055
1	6.91695793778167	0.162585095945707
1	0.767720897728969	0.295693899731863
1	14.6158719177026	0.194753663366263
1	1.15683106764185	0.12228860531154
1	1.38770604247118	0.116939195132788
1	0.0230024708188306	0.277166067749645
1	-0.621341522821964	0.280911833181281
1	-0.0667370358522751	0.10338606408932
1	11.5106223174834	0.189961174723949
1	10.3809630483758	0.156602879088755
1	11.8207729573972	0.203410384846613
1	2.4545735165825	0.100753545108491
1	-0.553269126895843	0.310822993318033
1	9.63762828435777	0.346148790326342
1	0.453897148631049	0.106486846069699
1	2.26581546078627	0.238561712963233
1	1.12986398833778	0.109725151965042
1	7.45632988097753	0.346861196726696
1	8.15088203201351	0.150733840707585
1	5.63187883421854	0.162318628460965
1	0.0479606144664847	0.0867420974689088
1	5.85334177583055	0.22328716455444
1	7.47175317907716	0.166715829819947
1	0.94456294939532	0.278012128730457
1	8.52163708262522	0.377309040446384
1	2.08564079178643	0.092403713160957
1	0.0115136148397563	0.314441982861253
1	7.32992453795833	0.208488543567551
1	12.8789455866351	0.374038301684219
1	-1.0826905038033	0.122325672694918
1	1.73616109502928	0.302468661701929
1	2.98812319560942	0.142202050989189
1	2.13777704125361	0.382238184778311
1	0.370577449836003	0.338601385522482
1	7.16402454575909	0.256444354305819
1	3.27689919299469	0.119186357455644
1	7.78067610730869	0.408361977095225
1	-1.62928343012448	0.123204832602587
1	1.91628439509508	0.104260497927347
1	11.1582838640615	0.220449373419373
1	11.150414870694	0.233417288909333
1	8.66180901230595	0.465620198881882
1	9.90929073231001	0.40660503085907
1	9.15011536979567	0.418645520112973
1	7.66580506057516	0.209715659721825
1	-4.34858158202059	0.333698137585782
1	6.76808851786802	0.175818652330153
1	4.77210484422042	0.287204360199775
1	7.49602192084265	0.197193089894813
1	5.03162066214857	0.0849292827048809
1	1.68542638489522	0.335363359329109
1	5.25455808507939	0.172706474720786
1	2.45984371888309	0.1083411578709
1	8.10240287198131	0.404080537672163
1	9.99457053677909	0.224183767503691
1	5.90181810027828	0.439520107297041
1	4.53342840149862	0.381537474012078
1	-0.00841014455275049	0.332875306778939
1	6.83559412691964	0.485428285142059
1	-2.87807712491032	0.334400385473239
1	-0.766931271538602	0.134951047574111
1	1.13053242829008	0.351606609793901
1	6.65043333581921	0.293597149026431
1	9.44511717584912	0.245511148289108
1	5.38820949799105	0.288906171145989
1	7.81299269178465	0.414691408701065
1	-1.29491353050677	0.152271287123043
1	8.67049521087237	0.217310532712752
1	2.31378192939679	0.165832557516637
1	9.88122450101968	0.446728347033338
1	9.40661557055468	0.19469950180232
1	2.15311722002144	0.32257737361919
1	1.41268317376875	0.154901818994027
1	9.39955268545147	0.226072067276226
1	5.13947219406398	0.170460466255461
1	9.08499027724131	0.264555321703797
1	5.36810319444381	0.274098681196868
1	1.96156831766021	0.167831389456019
1	8.39846714223112	0.481359563570213
1	5.18780636190517	0.295582237501099
1	6.50776261402182	0.191178444706018
1	10.4478676194402	0.207379128538983
1	4.4694732489229	0.295422794765845
1	-0.871306030983109	0.13842240686342
1	2.30034665122364	0.311599057239913
1	2.34588715545427	0.390715196392544
1	12.3909498764063	0.461980453537254
1	13.9387180330806	0.450198108783886
1	0.23706642464464	0.361461259872958
1	4.02049231090547	0.278635816494931
1	10.7951485216016	0.219955241358446
1	0.233671824257256	0.32439636799778
1	4.94907873701757	0.117275725875177
1	1.83688095080756	0.3707392354343
1	4.02100722935262	0.303016762160802
1	0.533242306116686	0.354862253035593
1	8.37055999542821	0.224512551634641
1	4.19978810011259	0.385304554841052
1	0.11697167428337	0.295043943080205
1	7.66056494244898	0.17726376098244
1	10.1163885197263	0.456427229459597
1	4.45354499695112	0.132646533492351
1	1.2721136596478	0.352128890899464
1	-0.433043155965496	0.147332343572155
1	1.40126937391547	0.349013950569613
1	-1.42564467382355	0.354297324582663
1	1.09277664001855	0.295941931777139
1	0.58298273947091	0.125738904351349
1	-0.599831042607216	0.137141324388389
1	0.158479537609441	0.331289114412801
1	4.22277918280051	0.172757440819558
1	0.391714334442204	0.0977352612826618
1	0.33177022213654	0.31300604976474
1	7.5173302663086	0.199282048216488
1	2.69585614553595	0.327194216038158
1	-2.37380881558173	0.357744703446731
1	6.47047610945289	0.181038878106073
1	7.73251541197951	0.407948459180609
1	9.98290102516725	0.199852379178808
1	9.31726091151868	0.441101275192222
1	5.30332070511052	0.390432278415136
1	10.0747615832888	0.432255461596631
1	3.82923596449484	0.392830362678742
1	11.5969566128186	0.466787456910829
1	12.2741860713448	0.22802518382002
1	1.49729153160628	0.132258572386069
1	7.15395395372344	0.172105037589919
1	4.05029911945523	0.164576453595037
1	-0.109726383816623	0.304568500998187
1	-0.553939803402985	0.323064573768464
1	-0.226251676677918	0.159025869592173
1	8.81242485221115	0.243314286058698
1	8.55632071564338	0.222935359575455
1	0.175002105410684	0.346347909197135
1	1.30168454422251	0.380293439303315
1	3.50342881885624	0.0846108670426585
1	8.68840932869351	0.231624907502407
1	10.0117443452968	0.40364439005495
1	11.2590644663253	0.437957735259202
1	5.52246623443888	0.295218798481374
1	1.11859344544774	0.112692246991624
1	12.9970950903469	0.245840570616018
1	1.0340007896917	0.0913696613001792
1	5.8384678084801	0.191391778835159
1	2.91957960781285	0.34490325453403
1	0.0349888098504865	0.314309970926053
1	8.9947178895006	0.430246989915489
1	6.34460717134618	0.485556294462994
1	6.99388021776221	0.198033138746466
1	9.43567368757619	0.448676328944231
1	2.98403160328304	0.308248082082953
1	9.61489063798503	0.228920393500889
1	2.1282747074767	0.0849568996177792
1	7.42181550735181	0.288066192432043
1	3.63732299504189	0.292668297355825
1	8.14695862208917	0.419920227394402
1	5.21783591565566	0.181966417839426
1	3.79803920581527	0.305132900559437
1	5.52105325366223	0.281690970718708
1	6.72285671406426	0.405962221533911
1	4.20797677855704	0.397320820379542
1	8.91230044113409	0.247088491010951
1	9.03218425560953	0.255618060640263
1	8.49667672673218	0.459366985617776
1	9.32091834610859	0.476362359027204
1	6.9123546798909	0.227817576968348
1	1.07035984447719	0.110833761081319
1	6.54460496586534	0.246114200874346
1	7.73540897138004	0.26133646816735
1	5.47983669390778	0.275609729681397
1	1.46692306421476	0.0877169199910772
1	5.3440734357843	0.283134938299108
1	5.23292947675027	0.211448917804953
1	12.0460714848872	0.244702635390052
1	1.62997162363475	0.393141726642492
1	2.88644765006361	0.385243510544554
1	4.668533833276	0.192408006079547
1	0.803780709811993	0.305675072852246
1	12.6076383930942	0.419230801651882
1	5.9359075149856	0.185290966423301
1	7.42547261116105	0.447938209240655
1	-2.9985591613619	0.13705722365471
1	10.8055576418856	0.239339369286953
1	8.12978496903149	0.262867716406919
1	-0.0621291524143852	0.356342808770626
1	0.475089487267889	0.305445617818817
1	2.05153761369778	0.286082190901249
1	6.02462503540665	0.416881630339077
1	8.74066847700793	0.274135098962614
1	8.39276821289705	0.460099060041804
1	-0.0540511022314258	0.377225471225335
1	10.2448781354606	0.403852562677776
1	3.19817493684269	0.374346284504692
1	-0.475229338323001	0.124553689068085
1	4.11027026380791	0.308268147756805
1	5.69035499382832	0.171667007880692
1	-1.18604411447534	0.130478223503098
1	5.09384561388329	0.321820272898537
1	8.82429058176307	0.464792523808436
1	-2.44773827934238	0.353596386535951
1	6.91695793778167	0.194693362179932
1	0.767720897728969	0.352725477188317
1	14.6158719177026	0.232885176708049
1	1.15683106764185	0.146851750947638
1	1.38770604247118	0.140500716451425
1	0.0230024708188306	0.330728491328736
1	-0.621341522821964	0.335175614408872
1	-0.0667370358522751	0.12440989523703
1	11.5106223174834	0.22719534181542
1	10.3809630483758	0.18759103419371
1	11.8207729573972	0.243162783941121
1	2.4545735165825	0.121284463030393
1	-0.553269126895843	0.370687344394511
1	9.63762828435777	0.412627548624343
1	0.453897148631049	0.128091268073393
1	2.26581546078627	0.28489585169934
1	1.12986398833778	0.131935914821983
1	7.45632988097753	0.413473346099724
1	8.15088203201351	0.180623076237063
1	5.63187883421854	0.19437700128571
1	0.0479606144664847	0.104649509955692
1	5.85334177583055	0.26676129468899
1	7.47175317907716	0.199597535248242
1	0.94456294939532	0.331732968887098
1	8.52163708262522	0.449622248378174
1	2.08564079178643	0.111371207369609
1	0.0115136148397563	0.374983954050977
1	7.32992453795833	0.249191777818246
1	12.8789455866351	0.445739096028196
1	-1.0826905038033	0.146895758833116
1	1.73616109502928	0.360768746546578
1	2.98812319560942	0.170493793006698
1	2.13777704125361	0.443145402303229
1	0.370577449836003	0.392774265855466
1	7.16402454575909	0.297938184838253
1	3.27689919299469	0.139497570361626
1	7.78067610730869	0.473300801639776
1	-1.62928343012448	0.144136204802981
1	1.91628439509508	0.122268247411236
1	11.1582838640615	0.256388205816279
1	11.150414870694	0.271357421059548
1	8.66180901230595	0.539395514165849
1	9.90929073231001	0.471272711126677
1	9.15011536979567	0.4851713732066
1	7.66580506057516	0.243997990070146
1	-4.34858158202059	0.387114314276323
1	6.76808851786802	0.204869758540454
1	4.77210484422042	0.333445290777319
1	7.49602192084265	0.229542849358862
1	5.03162066214857	0.0999537033503118
1	1.68542638489522	0.389036524728954
1	5.25455808507939	0.201277287834892
1	2.45984371888309	0.126978663443552
1	8.10240287198131	0.4683586204292
1	9.99457053677909	0.260698917811174
1	5.90181810027828	0.509267473224728
1	4.53342840149862	0.442336552932554
1	-0.00841014455275049	0.386164498443089
1	6.83559412691964	0.562260523350664
1	-2.87807712491032	0.387924937987561
1	-0.766931271538602	0.157695178127459
1	1.13053242829008	0.407786547633256
1	6.65043333581921	0.340824659653146
1	9.44511717584912	0.285317689717826
1	5.38820949799105	0.335409737135482
1	7.81299269178465	0.480607035563704
1	-1.29491353050677	0.177688398631841
1	8.67049521087237	0.252764957177119
1	2.31378192939679	0.193342539472829
1	9.88122450101968	0.517588139119046
1	9.40661557055468	0.226664433246922
1	2.15311722002144	0.374277315946531
1	1.41268317376875	0.180724892647515
1	9.39955268545147	0.262878633260489
1	5.13947219406398	0.198684659576196
1	9.08499027724131	0.30730089366416
1	5.36810319444381	0.318317051388684
1	1.96156831766021	0.195649845188918
1	8.39846714223112	0.557563888103384
1	5.18780636190517	0.343116100916566
1	6.50776261402182	0.222599981901661
1	10.4478676194402	0.241300868992696
1	4.4694732489229	0.342932051859119
1	-0.871306030983109	0.161702261951271
1	2.30034665122364	0.361604748715711
1	2.34588715545427	0.452930645858478
1	12.3909498764063	0.535194057768589
1	13.9387180330806	0.521593378860701
1	0.23706642464464	0.419162036492258
1	4.02049231090547	0.323554389256679
1	10.7951485216016	0.255817815826897
1	0.233671824257256	0.376377030306985
1	4.94907873701757	0.137292076703008
1	1.83688095080756	0.429871854373709
1	4.02100722935262	0.351697973612194
1	0.533242306116686	0.411544624594655
1	8.37055999542821	0.261078442217279
1	4.19978810011259	0.446684996120001
1	0.11697167428337	0.342494733121808
1	7.66056494244898	0.20653788650464
1	10.1163885197263	0.528783821167579
1	4.45354499695112	0.15503501525489
1	1.2721136596478	0.408389430825448
1	-0.433043155965496	0.171987242640745
1	1.40126937391547	0.404793771036982
1	-1.42564467382355	0.410892512417066
1	1.09277664001855	0.343531305738343
1	0.58298273947091	0.147061352293222
1	-0.599831042607216	0.160223473835483
1	0.158479537609441	0.384333513735921
1	4.22277918280051	0.201336119379808
1	0.391714334442204	0.114735990440316
1	0.33177022213654	0.363228878204072
1	7.5173302663086	0.231954190393247
1	2.69585614553595	0.379606661897875
1	-2.37380881558173	0.414871914988071
1	6.47047610945289	0.210895606204153
1	7.73251541197951	0.472823466737677
1	9.98290102516725	0.2326125388334
1	9.31726091151868	0.511092658049307
1	5.30332070511052	0.452604065992709
1	10.0747615832888	0.500881696401943
1	3.82923596449484	0.455372239454451
1	11.5969566128186	0.540742911647986
1	12.2741860713448	0.26513316846022
1	1.49729153160628	0.154587181267196
1	7.15395395372344	0.200583032703894
1	4.05029911945523	0.191892584776186
1	-0.109726383816623	0.353489187680186
1	-0.553939803402985	0.374839704242991
1	-0.226251676677918	0.185485395684844
1	8.81242485221115	0.282781792286023
1	8.55632071564338	0.259257846807616
1	0.175002105410684	0.401716287444266
1	1.30168454422251	0.440900530054398
1	3.50342881885624	0.0995861475478141
1	8.68840932869351	0.26928842677137
1	10.0117443452968	0.467855163449938
1	11.2590644663253	0.507463984966142
1	5.52246623443888	0.342696573435972
1	1.11859344544774	0.132001243182077
1	12.9970950903469	0.285697950810772
1	1.0340007896917	0.10738800638196
1	5.8384678084801	0.22284623925122
1	2.91957960781285	0.40004868353206
1	0.0349888098504865	0.364734029632538
1	8.9947178895006	0.498563263271477
1	6.34460717134618	0.562408287968633
1	6.99388021776221	0.230512540446454
1	9.43567368757619	0.519836747273281
1	2.98403160328304	0.35773662754865
1	9.61489063798503	0.266166533183421
1	2.1282747074767	0.0999855822990795
1	7.42181550735181	0.334440127009741
1	3.63732299504189	0.339752461072185
1	8.14695862208917	0.486642802264157
1	5.21783591565566	0.211966290380494
1	3.79803920581527	0.354140689343819
1	5.52105325366223	0.327081036327482
1	6.72285671406426	0.470530698953932
1	4.20797677855704	0.460555696110697
1	8.91230044113409	0.287138459041465
1	9.03218425560953	0.296984371733639
1	8.49667672673218	0.532177261133205
1	9.32091834610859	0.551795479874871
1	6.9123546798909	0.264893522261795
1	1.07035984447719	0.129855942679503
1	6.54460496586534	0.286013809611452
1	7.73540897138004	0.303585284053585
1	5.47983669390778	0.32006129548292
1	1.46692306421476	0.103171548391756
1	5.3440734357843	0.328747847121558
1	5.23292947675027	0.245998736708151
1	12.0460714848872	0.284384401432419
1	1.62997162363475	0.455731655290865
1	2.88644765006361	0.446614531039136
1	4.668533833276	0.224019297817888
1	0.803780709811993	0.354766533470909
1	12.6076383930942	0.485846979501276
1	5.9359075149856	0.215803906640199
1	7.42547261116105	0.518984715755441
1	-2.9985591613619	0.160126394086194
1	10.8055576418856	0.278193438454106
1	8.12978496903149	0.305352845270862
1	-0.0621291524143852	0.413253670084235
1	0.475089487267889	0.354501667325945
1	2.05153761369778	0.332149940435004
1	6.02462503540665	0.483135267580272
1	8.74066847700793	0.318359089399692
1	8.39276821289705	0.533022314421519
1	-0.0540511022314258	0.437359091605457
1	10.2448781354606	0.468095462733292
1	3.19817493684269	0.434035568578165
1	-0.475229338323001	0.14569322626722
1	4.11027026380791	0.357759789898152
1	5.69035499382832	0.200077403174967
1	-1.18604411447534	0.152532076446537
1	5.09384561388329	0.373403374127812
1	8.82429058176307	0.538440106464782
1	-2.44773827934238	0.410083400690393
1	6.91695793778167	0.226657346114907
1	0.767720897728969	0.40907808649844
1	14.6158719177026	0.270743189567929
1	1.15683106764185	0.171432481588648
1	1.38770604247118	0.164101310864653
1	0.0230024708188306	0.383686371361943
1	-0.621341522821964	0.388819805694656
1	-0.0667370358522751	0.145527241162723
1	11.5106223174834	0.26417525941197
1	10.3809630483758	0.218458937015436
1	11.8207729573972	0.282606909298116
1	2.4545735165825	0.141919470317393
1	-0.553269126895843	0.429811955144384
1	9.63762828435777	0.478224666111623
1	0.453897148631049	0.149776749298469
1	2.26581546078627	0.330780517039344
1	1.12986398833778	0.154214728922761
1	7.45632988097753	0.479200992990913
1	8.15088203201351	0.210415634871784
1	5.63187883421854	0.226292162186631
1	0.0479606144664847	0.122717294506663
1	5.85334177583055	0.309847307886382
1	7.47175317907716	0.232318365598463
1	0.94456294939532	0.384845866948555
1	8.52163708262522	0.520928647634634
1	2.08564079178643	0.130476331451881
1	0.0115136148397563	0.43477164776528
1	7.32992453795833	0.289566339833957
1	12.8789455866351	0.516446219954239
1	-1.0826905038033	0.171483281079948
1	1.73616109502928	0.4183626496479
1	2.98812319560942	0.198723129545638
1	2.13777704125361	0.503285872974174
1	0.370577449836003	0.446324503616115
1	7.16402454575909	0.339080684630722
1	3.27689919299469	0.159910727409677
1	7.78067610730869	0.537386609246626
1	-1.62928343012448	0.165156250706636
1	1.91628439509508	0.140427231551207
1	11.1582838640615	0.292094575743846
1	11.150414870694	0.309022266056261
1	8.66180901230595	0.612128725432882
1	9.90929073231001	0.535093176519969
1	9.15011536979567	0.550810249434104
1	7.66580506057516	0.278083304501764
1	-4.34858158202059	0.439924040668795
1	6.76808851786802	0.233835788847599
1	4.77210484422042	0.379233310099642
1	7.49602192084265	0.261736946900083
1	5.03162066214857	0.115193197222258
1	1.68542638489522	0.442097740674348
1	5.25455808507939	0.229773302566795
1	2.45984371888309	0.14575392787709
1	8.10240287198131	0.531797825089214
1	9.99457053677909	0.296969273347543
1	5.90181810027828	0.578058926950934
1	4.53342840149862	0.502371198996034
1	-0.00841014455275049	0.438849957090094
1	6.83559412691964	0.637985244173577
1	-2.87807712491032	0.440840721130711
1	-0.766931271538602	0.180489192190945
1	1.13053242829008	0.463300895009205
1	6.65043333581921	0.38757814775486
1	9.44511717584912	0.324809005754036
1	5.38820949799105	0.381454771882771
1	7.81299269178465	0.54564874344701
1	-1.29491353050677	0.203098196039572
1	8.67049521087237	0.287997284744162
1	2.31378192939679	0.220800423174181
1	9.88122450101968	0.587468214823618
1	9.40661557055468	0.25848193748634
1	2.15311722002144	0.425407532706534
1	1.41268317376875	0.206531965245073
1	9.39955268545147	0.299434168634008
1	5.13947219406398	0.226841471636102
1	9.08499027724131	0.349668349576054
1	5.36810319444381	0.362125789953718
1	1.96156831766021	0.223409601810688
1	8.39846714223112	0.632674131621294
1	5.18780636190517	0.390169386336569
1	6.50776261402182	0.253885719679038
1	10.4478676194402	0.275033309589392
1	4.4694732489229	0.389961257493731
1	-0.871306030983109	0.185020536882236
1	2.30034665122364	0.411076968942141
1	2.34588715545427	0.514351354353319
1	12.3909498764063	0.607377577720852
1	13.9387180330806	0.591997474165
1	0.23706642464464	0.47616467907725
1	4.02049231090547	0.368048347151951
1	10.7951485216016	0.291449559626391
1	0.233671824257256	0.427781960080358
1	4.94907873701757	0.157416681260139
1	1.83688095080756	0.488275700092937
1	4.02100722935262	0.399874055614905
1	0.533242306116686	0.467550654394646
1	8.37055999542821	0.297398452266288
1	4.19978810011259	0.507288564296887
1	0.11697167428337	0.389466722808197
1	7.66056494244898	0.23572216385927
1	10.1163885197263	0.600128667323896
1	4.45354499695112	0.177480990855362
1	1.2721136596478	0.463982655529455
1	-0.433043155965496	0.19665113776219
1	1.40126937391547	0.459916562926816
1	-1.42564467382355	0.466813224087727
1	1.09277664001855	0.390638913865236
1	0.58298273947091	0.168464105529233
1	-0.599831042607216	0.183348273717138
1	0.158479537609441	0.436779418215076
1	4.22277918280051	0.229839831249613
1	0.391714334442204	0.131909502913788
1	0.33177022213654	0.412913589002674
1	7.5173302663086	0.264463772161417
1	2.69585614553595	0.431434135729203
1	-2.37380881558173	0.471313265890566
1	6.47047610945289	0.240650019350882
1	7.73251541197951	0.536846822940749
1	9.98290102516725	0.265208254643062
1	9.31726091151868	0.58012290712433
1	5.30332070511052	0.513982046895302
1	10.0747615832888	0.568576009458051
1	3.82923596449484	0.517112390225256
1	11.5969566128186	0.613652407665696
1	12.2741860713448	0.301983672601935
1	1.49729153160628	0.176974565172261
1	7.15395395372344	0.228988215595679
1	4.05029911945523	0.219160765805846
1	-0.109726383816623	0.401899620518172
1	-0.553939803402985	0.426043500241444
1	-0.226251676677918	0.211915301634964
1	8.81242485221115	0.321941327943811
1	8.55632071564338	0.2953396619571
1	0.175002105410684	0.456436441333772
1	1.30168454422251	0.500747296194992
1	3.50342881885624	0.114777552801619
1	8.68840932869351	0.306682577969795
1	10.0117443452968	0.531228499062961
1	11.2590644663253	0.576019481981556
1	5.52246623443888	0.38969497060043
1	1.11859344544774	0.151433629384581
1	12.9970950903469	0.325239017742951
1	1.0340007896917	0.123600156262076
1	5.8384678084801	0.254164195743597
1	2.91957960781285	0.454550658937644
1	0.0349888098504865	0.414615664685354
1	8.9947178895006	0.565954247568413
1	6.34460717134618	0.638152341356124
1	6.99388021776221	0.26283350608256
1	9.43567368757619	0.590011016289846
1	2.98403160328304	0.406702767880643
1	9.61489063798503	0.303152236065674
1	2.1282747074767	0.115229247005994
1	7.42181550735181	0.380358304254669
1	3.63732299504189	0.386365669663191
1	8.14695862208917	0.552474190729504
1	5.21783591565566	0.241860784903048
1	3.79803920581527	0.402636360435447
1	5.52105325366223	0.372036397860393
1	6.72285671406426	0.534254084285396
1	4.20797677855704	0.522974016743333
1	8.91230044113409	0.326867992730976
1	9.03218425560953	0.338002080803572
1	8.49667672673218	0.603966082973171
1	9.32091834610859	0.626151022259782
1	6.9123546798909	0.301712672648661
1	1.07035984447719	0.14900765167336
1	6.54460496586534	0.325596201461234
1	7.73540897138004	0.345466613694279
1	5.47983669390778	0.364098239636394
1	1.46692306421476	0.118832044245946
1	5.3440734357843	0.373921283371955
1	5.23292947675027	0.280345815857995
1	12.0460714848872	0.323753612080364
1	1.62997162363475	0.517518829699425
1	2.88644765006361	0.507208880021704
1	4.668533833276	0.255490729687573
1	0.803780709811993	0.40334408595045
1	12.6076383930942	0.551574247676065
1	5.9359075149856	0.246200489992891
1	7.42547261116105	0.58904751049238
1	-2.9985591613619	0.183238492682871
1	10.8055576418856	0.316752663645233
1	8.12978496903149	0.347465431161197
1	-0.0621291524143852	0.469483300315444
1	0.475089487267889	0.403044566436345
1	2.05153761369778	0.377768484516975
1	6.02462503540665	0.548507752948769
1	8.74066847700793	0.362173327945533
1	8.39276821289705	0.604921697554804
1	-0.0540511022314258	0.496742518900396
1	10.2448781354606	0.531500237546562
1	3.19817493684269	0.492984167668358
1	-0.475229338323001	0.166916982764269
1	4.11027026380791	0.40672896064178
1	5.69035499382832	0.228416432777448
1	-1.18604411447534	0.174650583761191
1	5.09384561388329	0.424419250006477
1	8.82429058176307	0.611048318382616
1	-2.44773827934238	0.465898253428632
1	6.91695793778167	0.258473923119922
1	0.767720897728969	0.464761410445784
1	14.6158719177026	0.308327672498664
1	1.15683106764185	0.196023795370844
1	1.38770604247118	0.187733461801151
1	0.0230024708188306	0.436047607928651
1	-0.621341522821964	0.441852667526705
1	-0.0667370358522751	0.166729281244868
1	11.5106223174834	0.30090043694444
1	10.3809630483758	0.249202887328468
1	11.8207729573972	0.321743564399624
1	2.4545735165825	0.162649493053207
1	-0.553269126895843	0.488207964036806
1	9.63762828435777	0.54295468022197
1	0.453897148631049	0.171534767473302
1	2.26581546078627	0.376219894642918
1	1.12986398833778	0.176553383577884
1	7.45632988097753	0.544058743380106
1	8.15088203201351	0.240107251681291
1	5.63187883421854	0.25806096089415
1	0.0479606144664847	0.140935029057191
1	5.85334177583055	0.35254792012537
1	7.47175317907716	0.264875593689344
1	0.94456294939532	0.437358804400197
1	8.52163708262522	0.591245773815116
1	2.08564079178643	0.14970920809041
1	0.0115136148397563	0.493816550683927
1	7.32992453795833	0.329613521705131
1	12.8789455866351	0.58617689435895
1	-1.0826905038033	0.196081241138226
1	1.73616109502928	0.475260705641021
1	2.98812319560942	0.226884974766924
1	2.13777704125361	0.562671438148251
1	0.370577449836003	0.499260492869319
1	7.16402454575909	0.37987375737076
1	3.27689919299469	0.180416888952538
1	7.78067610730869	0.600633305043535
1	-1.62928343012448	0.186256348124454
1	1.91628439509508	0.158727331562202
1	11.1582838640615	0.327567543298432
1	11.150414870694	0.346411908456718
1	8.66180901230595	0.683838261190672
1	9.90929073231001	0.598080193368554
1	9.15011536979567	0.615576866319626
1	7.66580506057516	0.311969815153327
1	-4.34858158202059	0.492135323473178
1	6.76808851786802	0.262712277536248
1	4.77210484422042	0.424572751884221
1	7.49602192084265	0.293772605376393
1	5.03162066214857	0.130636118376273
1	1.68542638489522	0.494555145427221
1	5.25455808507939	0.25818980734019
1	2.45984371888309	0.164657154757197
1	8.10240287198131	0.594411718547716
1	9.99457053677909	0.332994189225013
1	5.90181810027828	0.645910835085047
1	4.53342840149862	0.561653198203715
1	-0.00841014455275049	0.490939624426587
1	6.83559412691964	0.712622440950527
1	-2.87807712491032	0.493155797090016
1	-0.766931271538602	0.203325395522434
1	1.13053242829008	0.518159073394906
1	6.65043333581921	0.433862452077176
1	9.44511717584912	0.363986136365736
1	5.38820949799105	0.427045743547812
1	7.81299269178465	0.609830937501674
1	-1.29491353050677	0.228494353397103
1	8.67049521087237	0.323006327542897
1	2.31378192939679	0.248200954007277
1	9.88122450101968	0.656385510204915
1	9.40661557055468	0.290149040385885
1	2.15311722002144	0.475975152072632
1	1.41268317376875	0.232316918648682
1	9.39955268545147	0.335738177684029
1	5.13947219406398	0.254926013424973
1	9.08499027724131	0.391660233890659
1	5.36810319444381	0.40552819526529
1	1.96156831766021	0.251105562614955
1	8.39846714223112	0.706709966036063
1	5.18780636190517	0.436747089328022
1	6.50776261402182	0.285032405741151
1	10.4478676194402	0.308574477880557
1	4.4694732489229	0.436515394640677
1	-0.871306030983109	0.208369811650376
1	2.30034665122364	0.460021978809398
1	2.34588715545427	0.574989832915191
1	12.3909498764063	0.678549154363099
1	13.9387180330806	0.661427604864632
1	0.23706642464464	0.53247938761508
1	4.02049231090547	0.4121213469862
1	10.7951485216016	0.326849493817022
1	0.233671824257256	0.478618429191268
1	4.94907873701757	0.17764044896007
1	1.83688095080756	0.545961705536025
1	4.02100722935262	0.447550591060756
1	0.533242306116686	0.52289002110343
1	8.37055999542821	0.333471962867712
1	4.19978810011259	0.567127342971001
1	0.11697167428337	0.435964865181215
1	7.66056494244898	0.264812241494079
1	10.1163885197263	0.670479470194801
1	4.45354499695112	0.199976583995809
1	1.2721136596478	0.518918027744672
1	-0.433043155965496	0.221317312812504
1	1.40126937391547	0.514391542893083
1	-1.42564467382355	0.522069093633355
1	1.09277664001855	0.437269780140458
1	0.58298273947091	0.189938742061086
1	-0.599831042607216	0.206508202822339
1	0.158479537609441	0.488634644248243
1	4.22277918280051	0.258263868878969
1	0.391714334442204	0.14924516442656
1	0.33177022213654	0.462066554202672
1	7.5173302663086	0.296808181405907
1	2.69585614553595	0.482684130434547
1	-2.37380881558173	0.527078662534675
1	6.47047610945289	0.27029806422697
1	7.73251541197951	0.600032400249812
1	9.98290102516725	0.29763695954865
1	9.31726091151868	0.648208513938399
1	5.30332070511052	0.574578709810614
1	10.0747615832888	0.635354193469816
1	3.82923596449484	0.578063493126692
1	11.5969566128186	0.685534465684636
1	12.2741860713448	0.338576354827953
1	1.49729153160628	0.19941281715451
1	7.15395395372344	0.257315827175638
1	4.05029911945523	0.246375642838824
1	-0.109726383816623	0.449805504990802
1	-0.553939803402985	0.476683128425901
1	-0.226251676677918	0.238309795103103
1	8.81242485221115	0.360793759448694
1	8.55632071564338	0.331180061512321
1	0.175002105410684	0.510517376903263
1	1.30168454422251	0.559845425447973
1	3.50342881885624	0.130173411704898
1	8.68840932869351	0.343807304057408
1	10.0117443452968	0.593777929334018
1	11.2590644663253	0.643640469487975
1	5.52246623443888	0.436218956830106
1	1.11859344544774	0.170979952919373
1	12.9970950903469	0.364464837404803
1	1.0340007896917	0.139994973783788
1	5.8384678084801	0.285342412868617
1	2.91957960781285	0.50841807266117
1	0.0349888098504865	0.463961351135951
1	8.9947178895006	0.632435576842587
1	6.34460717134618	0.712808458077893
1	6.99388021776221	0.29499332487627
1	9.43567368757619	0.659216225941691
1	2.98403160328304	0.455152499243236
1	9.61489063798503	0.339877231451693
1	2.1282747074767	0.130676249975804
1	7.42181550735181	0.425825125968754
1	3.63732299504189	0.432512688495487
1	8.14695862208917	0.617429211016025
1	5.21783591565566	0.271645921363118
1	3.79803920581527	0.450625663900352
1	5.52105325366223	0.416560953479032
1	6.72285671406426	0.597146093076196
1	4.20797677855704	0.58458881515761
1	8.91230044113409	0.366278256657018
1	9.03218425560953	0.378673026260678
1	8.49667672673218	0.674751385643658
1	9.32091834610859	0.699448263316608
1	6.9123546798909	0.338274670310862
1	1.07035984447719	0.168279288563375
1	6.54460496586534	0.364862464032635
1	7.73540897138004	0.386982747252287
1	5.47983669390778	0.40772397988745
1	1.46692306421476	0.134686981831592
1	5.3440734357843	0.418659259284839
1	5.23292947675027	0.314488504317926
1	12.0460714848872	0.362811243429643
1	1.62997162363475	0.578515952601354
1	2.88644765006361	0.56703863626907
1	4.668533833276	0.286819146526535
1	0.803780709811993	0.451413523188323
1	12.6076383930942	0.616427369937432
1	5.9359075149856	0.27647699907561
1	7.42547261116105	0.658143625088032
1	-2.9985591613619	0.206385991589797
1	10.8055576418856	0.355017597259902
1	8.12978496903149	0.389207885208865
1	-0.0621291524143852	0.525041495095511
1	0.475089487267889	0.451080089920603
1	2.05153761369778	0.422942068213648
1	6.02462503540665	0.613013664622021
1	8.74066847700793	0.405581115850444
1	8.39276821289705	0.675815201781272
1	-0.0540511022314258	0.555387198464602
1	10.2448781354606	0.594080436003153
1	3.19817493684269	0.551203299674955
1	-0.475229338323001	0.188216442929331
1	4.11027026380791	0.455181657737175
1	5.69035499382832	0.256679302994304
1	-1.18604411447534	0.196825697853353
1	5.09384561388329	0.474874968897268
1	8.82429058176307	0.682635522683585
1	-2.44773827934238	0.521050523415512
1	6.91695793778167	0.290140118575259
1	0.767720897728969	0.519784958893651
1	14.6158719177026	0.345638668020817
1	1.15683106764185	0.220618938203586
1	1.38770604247118	0.211389913440727
1	0.0230024708188306	0.487819973137804
1	-0.621341522821964	0.494282323335167
1	-0.0667370358522751	0.188007488493902
1	11.5106223174834	0.337370467438382
1	10.3809630483758	0.279819349431605
1	11.8207729573972	0.360573603693663
1	2.4545735165825	0.183465757340199
1	-0.553269126895843	0.545886299916442
1	9.63762828435777	0.606831833061837
1	0.453897148631049	0.193357086435524
1	2.26581546078627	0.421218135856157
1	1.12986398833778	0.198943946350762
1	7.45632988097753	0.608060906191469
1	8.15088203201351	0.269693840498091
1	5.63187883421854	0.289680397796145
1	0.0479606144664847	0.159292625554036
1	5.85334177583055	0.394865850128249
1	7.47175317907716	0.297266632329162
1	0.94456294939532	0.489279632704351
1	8.52163708262522	0.660590791594694
1	2.08564079178643	0.169060280243753
1	0.0115136148397563	0.552129931082279
1	7.32992453795833	0.369334654168241
1	12.8789455866351	0.654947977149698
1	-1.0826905038033	0.220682888393918
1	1.73616109502928	0.531473059804771
1	2.98812319560942	0.254974442293154
1	2.13777704125361	0.621313711229108
1	0.370577449836003	0.551590486599638
1	7.16402454575909	0.420319329225631
1	3.27689919299469	0.201007411078985
1	7.78067610730869	0.663054514196972
1	-1.62928343012448	0.207428162603303
1	1.91628439509508	0.17715875410994
1	11.1582838640615	0.362806262715742
1	11.150414870694	0.383526501140692
1	8.66180901230595	0.754542155994666
1	9.90929073231001	0.660247251538519
1	9.15011536979567	0.679485640953308
1	7.66580506057516	0.345655849669748
1	-4.34858158202059	0.543756038080618
1	6.76808851786802	0.291494941882252
1	4.77210484422042	0.46946791109055
1	7.49602192084265	0.325647188084186
1	5.03162066214857	0.146271184803705
1	1.68542638489522	0.546416742615504
1	5.25455808507939	0.286522279765755
1	2.45984371888309	0.183678864996459
1	8.10240287198131	0.656213596262514
1	9.99457053677909	0.368773107260627
1	5.90181810027828	0.712839222244856
1	4.53342840149862	0.620194109998322
1	-0.00841014455275049	0.542441312478468
1	6.83559412691964	0.786191673634616
1	-2.87807712491032	0.544878095335911
1	-0.766931271538602	0.226196358231131
1	1.13053242829008	0.572370337292092
1	6.65043333581921	0.479682359880814
1	9.44511717584912	0.402850165766727
1	5.38820949799105	0.47218707814458
1	7.81299269178465	0.673167730316323
1	-1.29491353050677	0.253870774625114
1	8.67049521087237	0.357790998090561
1	2.31378192939679	0.275539080230439
1	9.88122450101968	0.724356604978874
1	9.40661557055468	0.321662913213635
1	2.15311722002144	0.525987193038886
1	1.41268317376875	0.25807385935322
1	9.39955268545147	0.371790247643365
1	5.13947219406398	0.282933589590991
1	9.08499027724131	0.433279097391394
1	5.36810319444381	0.448527553029817
1	1.96156831766021	0.278732829787758
1	8.39846714223112	0.779690637973282
1	5.18780636190517	0.482854150020994
1	6.50776261402182	0.316036940203575
1	10.4478676194402	0.341922521577558
1	4.4694732489229	0.482599391151525
1	-0.871306030983109	0.231742923690231
1	2.30034665122364	0.508445951884186
1	2.34588715545427	0.634858347752531
1	12.3909498764063	0.748726541958225
1	13.9387180330806	0.729900617877847
1	0.23706642464464	0.588116175502606
1	4.02049231090547	0.455777023865349
1	10.7951485216016	0.362016734581959
1	0.233671824257256	0.528893596712415
1	4.94907873701757	0.197954588756064
1	1.83688095080756	0.602940598585923
1	4.02100722935262	0.494733092603901
1	0.533242306116686	0.577572229936031
1	8.37055999542821	0.369298441157882
1	4.19978810011259	0.626213181683578
1	0.11697167428337	0.481994058917502
1	7.66056494244898	0.293803947971052
1	10.1163885197263	0.739853556395873
1	4.45354499695112	0.222514187317488
1	1.2721136596478	0.573204842193091
1	-0.433043155965496	0.245979291370075
1	1.40126937391547	0.568227765779849
1	-1.42564467382355	0.576669582764493
1	1.09277664001855	0.483428872393716
1	0.58298273947091	0.211477122581562
1	-0.599831042607216	0.229695999930958
1	0.158479537609441	0.539906881710495
1	4.22277918280051	0.286603713803396
1	0.391714334442204	0.166732679143475
1	0.33177022213654	0.510694055721623
1	7.5173302663086	0.32898494229136
1	2.69585614553595	0.533364020545628
1	-2.37380881558173	0.582177832109574
1	6.47047610945289	0.299835860111777
1	7.73251541197951	0.662393791986802
1	9.98290102516725	0.329896221635333
1	9.31726091151868	0.715365624873203
1	5.30332070511052	0.6344062991599
1	10.0747615832888	0.701231713613123
1	3.82923596449484	0.638237977253693
1	11.5969566128186	0.756407210149433
1	12.2741860713448	0.374910952778316
1	1.49729153160628	0.221894299978771
1	7.15395395372344	0.285561298738477
1	4.05029911945523	0.273532067402339
1	-0.109726383816623	0.497212473249831
1	-0.553939803402985	0.52676564530914
1	-0.226251676677918	0.26466330017247
1	8.81242485221115	0.399340001836671
1	8.55632071564338	0.366778391151883
1	0.175002105410684	0.563967943688065
1	1.30168454422251	0.618206381454407
1	3.50342881885624	0.14576241772818
1	8.68840932869351	0.38066261988478
1	10.0117443452968	0.655516716133697
1	11.2590644663253	0.710342851786739
1	5.52246623443888	0.482273444267053
1	1.11859344544774	0.190631069771345
1	12.9970950903469	0.40337651937856
1	1.0340007896917	0.156561672904499
1	5.8384678084801	0.316377807170468
1	2.91957960781285	0.561659662986788
1	0.0349888098504865	0.512777471315336
1	8.9947178895006	0.698022561599815
1	6.34460717134618	0.786396207944887
1	6.99388021776221	0.326989424815165
1	9.43567368757619	0.727469105956571
1	2.98403160328304	0.503091737148437
1	9.61489063798503	0.376341325920575
1	2.1282747074767	0.146315311326604
1	7.42181550735181	0.470844953480186
1	3.63732299504189	0.478198233300003
1	8.14695862208917	0.681522378377582
1	5.21783591565566	0.301317890468819
1	3.79803920581527	0.49811427535404
1	5.52105325366223	0.46065857356319
1	6.72285671406426	0.65922016569042
1	4.20797677855704	0.645412866253375
1	8.91230044113409	0.405370456502717
1	9.03218425560953	0.41899907064031
1	8.49667672673218	0.744550722147441
1	9.32091834610859	0.771706064842037
1	6.9123546798909	0.374579236900877
1	1.07035984447719	0.187661566214605
1	6.54460496586534	0.403813727979836
1	7.73540897138004	0.428135987630863
1	5.47983669390778	0.45094191830659
1	1.46692306421476	0.150725293812743
1	5.3440734357843	0.462965756438261
1	5.23292947675027	0.348425263209047
1	12.0460714848872	0.401558317431422
1	1.62997162363475	0.63873547706936
1	2.88644765006361	0.626115644621519
1	4.668533833276	0.318001543137437
1	0.803780709811993	0.498980562552094
1	12.6076383930942	0.680420808447368
1	5.9359075149856	0.306629880616085
1	7.42547261116105	0.726289732428414
1	-2.9985591613619	0.229561623110343
1	10.8055576418856	0.392988848230399
1	8.12978496903149	0.430582628236765
1	-0.0621291524143852	0.579937873655337
1	0.475089487267889	0.498613937476218
1	2.05153761369778	0.467674900067565
1	6.02462503540665	0.676667283855071
1	8.74066847700793	0.448585741625334
1	8.39276821289705	0.745720436479896
1	-0.0540511022314258	0.613304357678488
1	10.2448781354606	0.65584933600478
1	3.19817493684269	0.608703970255555
1	-0.475229338323001	0.209583376183141
1	4.11027026380791	0.503123798241579
1	5.69035499382832	0.284861411388084
1	-1.18604411447534	0.219049644385256
1	5.09384561388329	0.524777491490801
1	8.82429058176307	0.753219690184841
1	-2.44773827934238	0.575549618383153
1	6.91695793778167	0.321653103276193
1	0.767720897728969	0.57415807250645
1	14.6158719177026	0.382676288036822
1	1.15683106764185	0.245211396655387
1	1.38770604247118	0.235063663266124
1	0.0230024708188306	0.539011113691545
1	-0.621341522821964	0.546116762289954
1	-0.0667370358522751	0.209353621257163
1	11.5106223174834	0.373585024628671
1	10.3809630483758	0.310304947178117
1	11.8207729573972	0.399097930549232
1	2.4545735165825	0.204359780839814
1	-0.553269126895843	0.602857686670174
1	9.63762828435777	0.669870078284388
1	0.453897148631049	0.215235748030709
1	2.26581546078627	0.465779357863004
1	1.12986398833778	0.221378755158738
1	7.45632988097753	0.671221500212044
1	8.15088203201351	0.299171488581125
1	5.63187883421854	0.321147619325307
1	0.0479606144664847	0.177780320620279
1	5.85334177583055	0.436803818557845
1	7.47175317907716	0.329489029977848
1	0.94456294939532	0.540616075916808
1	8.52163708262522	0.72898050354528
1	2.08564079178643	0.188520302165082
1	0.0115136148397563	0.609722843724124
1	7.32992453795833	0.408731104878082
1	12.8789455866351	0.722775971861353
1	-1.0826905038033	0.245281712804531
1	1.73616109502928	0.587009672206362
1	2.98812319560942	0.282986839338962
1	2.13777704125361	0.679224082811946
1	0.370577449836003	0.603322599619312
1	7.16402454575909	0.460419347538664
1	3.27689919299469	0.221673937273803
1	7.78067610730869	0.724663588396335
1	-1.62928343012448	0.22866363929199
1	1.91628439509508	0.195712022205724
1	11.1582838640615	0.397809979221926
1	11.150414870694	0.42036626282637
1	8.66180901230595	0.824258059867558
1	9.90929073231001	0.721607570826576
1	9.15011536979567	0.742550697002682
1	7.66580506057516	0.379139847505054
1	-4.34858158202059	0.59479393122008
1	6.76808851786802	0.32017967671581
1	4.77210484422042	0.513923044193354
1	7.49602192084265	0.357358194417228
1	5.03162066214857	0.162087468335512
1	1.68542638489522	0.597690403975154
1	5.25455808507939	0.314766381044765
1	2.45984371888309	0.202809887938372
1	8.10240287198131	0.717216488518441
1	9.99457053677909	0.404305553018798
1	5.90181810027828	0.778859779138057
1	4.53342840149862	0.678005272373207
1	-0.00841014455275049	0.593362706205391
1	6.83559412691964	0.858712079227245
1	-2.87807712491032	0.596015415314604
1	-0.766931271538602	0.249094907245703
1	1.13053242829008	0.625943777805786
1	6.65043333581921	0.52504260754253
1	9.44511717584912	0.441402220552474
1	5.38820949799105	0.516883159901516
1	7.81299269178465	0.735672948726206
1	-1.29491353050677	0.279221586870127
1	8.67049521087237	0.392350305982805
1	2.31378192939679	0.302809947024948
1	9.88122450101968	0.791397730970532
1	9.40661557055468	0.353020868171504
1	2.15311722002144	0.575450567506557
1	1.41268317376875	0.283797111977334
1	9.39955268545147	0.407590045829726
1	5.13947219406398	0.310859692729201
1	9.08499027724131	0.474527496306046
1	5.36810319444381	0.491127135888179
1	1.96156831766021	0.306286698561249
1	8.39846714223112	0.851634978998365
1	5.18780636190517	0.5284954538114
1	6.50776261402182	0.346896370945012
1	10.4478676194402	0.375075704732717
1	4.4694732489229	0.52821812045294
1	-0.871306030983109	0.2551329605229
1	2.30034665122364	0.556354975933491
1	2.34588715545427	0.693968925823674
1	12.3909498764063	0.817927117295874
1	13.9387180330806	0.797433005502188
1	0.23706642464464	0.643084873626304
1	4.02049231090547	0.499018991029746
1	10.7951485216016	0.396950490053218
1	0.233671824257256	0.578614511095651
1	4.94907873701757	0.218350600703173
1	1.83688095080756	0.659222906620023
1	4.02100722935262	0.541427003744644
1	0.533242306116686	0.631606616396256
1	8.37055999542821	0.404877437382795
1	4.19978810011259	0.684557701220002
1	0.11697167428337	0.527559149003601
1	7.66056494244898	0.32269328660365
1	10.1163885197263	0.808267885840238
1	4.45354499695112	0.245086454750863
1	1.2721136596478	0.626852229187
1	-0.433043155965496	0.270630829818508
1	1.40126937391547	0.621434128063081
1	-1.42564467382355	0.630623984576179
1	1.09277664001855	0.529121103022913
1	0.58298273947091	0.233071382470402
1	-0.599831042607216	0.252904656394157
1	0.158479537609441	0.590603696487173
1	4.22277918280051	0.314855031050157
1	0.391714334442204	0.18436208023104
1	0.33177022213654	0.558802286948427
1	7.5173302663086	0.360991711028133
1	2.69585614553595	0.583481064546724
1	-2.37380881558173	0.636620326502535
1	6.47047610945289	0.329259693714075
1	7.73251541197951	0.723944318798626
1	9.98290102516725	0.361983739927799
1	9.31726091151868	0.781610049333567
1	5.30332070511052	0.693476820663045
1	10.0747615832888	0.766223715243969
1	3.82923596449484	0.697648028348592
1	11.5969566128186	0.826288378707997
1	12.2741860713448	0.41098728038978
1	1.49729153160628	0.244411638451545
1	7.15395395372344	0.313720246336023
1	4.05029911945523	0.300625090382861
1	-0.109726383816623	0.544126085283476
1	-0.553939803402985	0.576297999366184
1	-0.226251676677918	0.29097045105121
1	8.81242485221115	0.437581016786348
1	8.55632071564338	0.402134082723119
1	0.175002105410684	0.616796838026348
1	1.30168454422251	0.675841408818856
1	3.50342881885624	0.161533618799189
1	8.68840932869351	0.417248609617321
1	10.0117443452968	0.716457857005545
1	11.2590644663253	0.776142202299401
1	5.52246623443888	0.527863291024082
1	1.11859344544774	0.210378135917105
1	12.9970950903469	0.441975214989179
1	1.0340007896917	0.173289808929728
1	5.8384678084801	0.347267442542691
1	2.91957960781285	0.61428401780349
1	0.0349888098504865	0.561070316496829
1	8.9947178895006	0.76273019642158
1	6.34460717134618	0.858934737568076
1	6.99388021776221	0.358819368354871
1	9.43567368757619	0.794786034393118
1	2.98403160328304	0.550526317807955
1	9.61489063798503	0.41254440061182
1	2.1282747074767	0.162135504962531
1	7.42181550735181	0.515422107960814
1	3.63732299504189	0.523426970725274
1	8.14695862208917	0.744767912173063
1	5.21783591565566	0.330873048558659
1	3.79803920581527	0.545107797153795
1	5.52105325366223	0.504333100701433
1	6.72285671406426	0.720489473669551
1	4.20797677855704	0.705458692868378
1	8.91230044113409	0.444145837273514
1	9.03218425560953	0.458982099256528
1	8.49667672673218	0.813381273083015
1	9.32091834610859	0.842942883264953
1	6.9123546798909	0.410626170770569
1	1.07035984447719	0.207145501088464
1	6.54460496586534	0.442451165169019
1	7.73540897138004	0.468928649420788
1	5.47983669390778	0.493755440968011
1	1.46692306421476	0.166936261286272
1	5.3440734357843	0.506844725818388
1	5.23292947675027	0.382154662099812
1	12.0460714848872	0.439995899986683
1	1.62997162363475	0.698189612219646
1	2.88644765006361	0.684451521281885
1	4.668533833276	0.349035059701265
1	0.803780709811993	0.546050847099527
1	12.6076383930942	0.743568730810067
1	5.9359075149856	0.336655740524281
1	7.42547261116105	0.793502155162044
1	-2.9985591613619	0.252758372282291
1	10.8055576418856	0.430667079841204
1	8.12978496903149	0.471592089785375
1	-0.0621291524143852	0.634181882642976
1	0.475089487267889	0.545651734935934
1	2.05153761369778	0.511971152313016
1	6.02462503540665	0.739482601901524
1	8.74066847700793	0.49119048064494
1	8.39276821289705	0.81465463720547
1	-0.0540511022314258	0.670505010836476
1	10.2448781354606	0.716819950722362
1	3.19817493684269	0.665496977566114
1	-0.475229338323001	0.231009828932184
1	4.11027026380791	0.550561219873015
1	5.69035499382832	0.312958341128039
1	-1.18604411447534	0.241314914513898
1	5.09384561388329	0.574133672853333
1	8.82429058176307	0.822818408776106
1	-2.44773827934238	0.629404778807679
1	6.91695793778167	0.353010188963739
1	0.767720897728969	0.627889926381767
1	14.6158719177026	0.419440711319588
1	1.15683106764185	0.269794891032109
1	1.38770604247118	0.258747954815637
1	0.0230024708188306	0.589628553389644
1	-0.621341522821964	0.59736384203315
1	-0.0667370358522751	0.230759715146638
1	11.5106223174834	0.409543860156426
1	10.3809630483758	0.340656459142393
1	11.8207729573972	0.437317495271779
1	2.4545735165825	0.225323364540101
1	-0.553269126895843	0.659132647779972
1	9.63762828435777	0.732083087792389
1	0.453897148631049	0.23716306422884
1	2.26581546078627	0.509907643840121
1	1.12986398833778	0.243850410586645
1	7.45632988097753	0.733554260838003
1	8.15088203201351	0.328536451425218
1	5.63187883421854	0.352459913473667
1	0.0479606144664847	0.196388666470075
1	5.85334177583055	0.478364547242744
1	7.47175317907716	0.361540466529143
1	0.94456294939532	0.591375733242742
1	8.52163708262522	0.796431358734991
1	2.08564079178643	0.208080330661515
1	0.0115136148397563	0.666606134634809
1	7.32992453795833	0.447804276732312
1	12.8789455866351	0.789677036056594
1	-1.0826905038033	0.269871437979568
1	1.73616109502928	0.641880321745797
1	2.98812319560942	0.31091766100121
1	2.13777704125361	0.736413725702216
1	0.370577449836003	0.65446481140807
1	7.16402454575909	0.500175779566749
1	3.27689919299469	0.242408390301626
1	7.78067610730869	0.785473612177068
1	-1.62928343012448	0.249954995025756
1	1.91628439509508	0.214377966345004
1	11.1582838640615	0.432578025973747
1	11.150414870694	0.456931475658041
1	8.66180901230595	0.893003247481455
1	9.90929073231001	0.782174107195459
1	9.15011536979567	0.804785871549278
1	7.66580506057516	0.412420356326591
1	-4.34858158202059	0.64525662355332
1	6.76808851786802	0.348762549133108
1	4.77210484422042	0.557942369456006
1	7.49602192084265	0.388903255645582
1	5.03162066214857	0.178074384815568
1	1.68542638489522	0.648383872028274
1	5.25455808507939	0.342917950525339
1	2.45984371888309	0.222041352699655
1	8.10240287198131	0.777433166536702
1	9.99457053677909	0.439591132937945
1	5.90181810027828	0.843987870441174
1	4.53342840149862	0.735097806856051
1	-0.00841014455275049	0.64371136605464
1	6.83559412691964	0.930202381949355
1	-2.87807712491032	0.646575429078105
1	-0.766931271538602	0.2720141189853
1	1.13053242829008	0.678888326133482
1	6.65043333581921	0.56994788114775
1	9.44511717584912	0.479643467891666
1	5.38820949799105	0.561138331619923
1	7.81299269178465	0.797360140452361
1	-1.29491353050677	0.304541134040373
1	8.67049521087237	0.426683354677124
1	2.31378192939679	0.330008890708064
1	9.88122450101968	0.857524780352882
1	9.40661557055468	0.384220354049648
1	2.15311722002144	0.624372082323778
1	1.41268317376875	0.309481212930657
1	9.39955268545147	0.443137316866649
1	5.13947219406398	0.338699997825606
1	9.08499027724131	0.515407991449263
1	5.36810319444381	0.53333020303474
1	1.96156831766021	0.333762651526509
1	8.39846714223112	0.922561415584631
1	5.18780636190517	0.573675832052746
1	6.50776261402182	0.37760788908589
1	10.4478676194402	0.408032404026842
1	4.4694732489229	0.573376402230464
1	-0.871306030983109	0.278533252600393
1	2.30034665122364	0.603755054416094
1	2.34588715545427	0.752333360278817
1	12.3909498764063	0.886167888692861
1	13.9387180330806	0.864040913826599
1	0.23706642464464	0.697395134343519
1	4.02049231090547	0.541850839699727
1	10.7951485216016	0.43165005722715
1	0.233671824257256	0.627788112302482
1	4.94907873701757	0.238820267746683
1	1.83688095080756	0.71481896095468
1	4.02100722935262	0.587637699892408
1	0.533242306116686	0.685002349928436
1	8.37055999542821	0.440208582041178
1	4.19978810011259	0.742172298781613
1	0.11697167428337	0.57266492740082
1	7.66056494244898	0.351476430240606
1	10.1163885197263	0.875739060461714
1	4.45354499695112	0.267686294071548
1	1.2721136596478	0.679869158144242
1	-0.433043155965496	0.295265910635868
1	1.40126937391547	0.67401937121038
1	-1.42564467382355	0.683941427171474
1	1.09277664001855	0.574351329703857
1	0.58298273947091	0.254713924005333
1	-0.599831042607216	0.276127408914781
1	0.158479537609441	0.640732532948558
1	4.22277918280051	0.343013663697051
1	0.391714334442204	0.20212372067017
1	0.33177022213654	0.606397354305084
1	7.5173302663086	0.392826271755526
1	2.69585614553595	0.633042407144887
1	-2.37380881558173	0.690415526094604
1	6.47047610945289	0.358566014144349
1	7.73251541197951	0.784697034959631
1	9.98290102516725	0.39389734030197
1	9.31726091151868	0.846957267705331
1	5.30332070511052	0.751802046766408
1	10.0747615832888	0.830345031414644
1	3.82923596449484	0.756305594348719
1	11.5969566128186	0.895195331451971
1	12.2741860713448	0.446805225214268
1	1.49729153160628	0.26695771195759
1	7.15395395372344	0.341788465303433
1	4.05029911945523	0.327649956176404
1	-0.109726383816623	0.590551830056865
1	-0.553939803402985	0.625287033098303
1	-0.226251676677918	0.317226085945536
1	8.81242485221115	0.475517810700805
1	8.55632071564338	0.43724665130639
1	0.175002105410684	0.669012606285736
1	1.30168454422251	0.732761538030979
1	3.50342881885624	0.177476407460254
1	8.68840932869351	0.453565424233475
1	10.0117443452968	0.776614091253635
1	11.2590644663253	0.84105377136865
1	5.52246623443888	0.572993301858357
1	1.11859344544774	0.230212598884555
1	12.9970950903469	0.480262115512364
1	1.0340007896917	0.190169269008008
1	5.8384678084801	0.378008525717429
1	2.91957960781285	0.666299577759574
1	0.0349888098504865	0.608846088522924
1	8.9947178895006	0.826573167380916
1	6.34460717134618	0.930442780536077
1	6.99388021776221	0.39048084823993
1	9.43567368757619	0.861183045976959
1	2.98403160328304	0.597461999457376
1	9.61489063798503	0.448486408588482
1	2.1282747074767	0.178126248748459
1	7.42181550735181	0.559560870742591
1	3.63732299504189	0.568203518883686
1	8.14695862208917	0.807179742766631
1	5.21783591565566	0.360307912620157
1	3.79803920581527	0.591611759567308
1	5.52105325366223	0.547588349689216
1	6.72285671406426	0.780966925935758
1	4.20797677855704	0.76473857155007
1	8.91230044113409	0.482605681567489
1	9.03218425560953	0.498624018898341
1	8.49667672673218	0.881259855514529
1	9.32091834610859	0.913176779364992
1	6.9123546798909	0.446415344279262
1	1.07035984447719	0.226722404709505
1	6.54460496586534	0.480775986900055
1	7.73540897138004	0.509363057882133
1	5.47983669390778	0.536167917644076
1	1.46692306421476	0.183309504094377
1	5.3440734357843	0.550300087889721
1	5.23292947675027	0.41567537549679
1	12.0460714848872	0.478125099097429
1	1.62997162363475	0.756890328775047
1	2.88644765006361	0.742057658984306
1	4.668533833276	0.379916977317317
1	0.803780709811993	0.592629946774292
1	12.6076383930942	0.805885016937756
1	5.9359075149856	0.366551339077023
1	7.42547261116105	0.859796873999208
1	-2.9985591613619	0.275969469654022
1	10.8055576418856	0.468053007612376
1	8.12978496903149	0.512238707170977
1	-0.0621291524143852	0.687782799849308
1	0.475089487267889	0.59219903545198
1	2.05153761369778	0.555834961093413
1	6.02462503540665	0.80147332676207
1	8.74066847700793	0.533398594768661
1	8.39276821289705	0.882634674595091
1	-0.0540511022314258	0.726999963915389
1	10.2448781354606	0.777005034693971
1	3.19817493684269	0.721592916885576
1	-0.475229338323001	0.252488116720547
1	4.11027026380791	0.597499682335469
1	5.69035499382832	0.340965855494467
1	-1.18604411447534	0.263614257338728
1	5.09384561388329	0.622950264428631
1	8.82429058176307	0.891448892560518
1	-2.44773827934238	0.682625081497752
1	6.91695793778167	0.384208823978757
1	0.767720897728969	0.680989533595423
1	14.6158719177026	0.455932181073618
1	1.15683106764185	0.294363368642216
1	1.38770604247118	0.282436270631246
1	0.0230024708188306	0.639679695576183
1	-0.621341522821964	0.648031291347748
1	-0.0667370358522751	0.252218075183631
1	11.5106223174834	0.44524680084602
1	10.3809630483758	0.370870813919412
1	11.8207729573972	0.475233293177514
1	2.4545735165825	0.246348584744329
1	-0.553269126895843	0.714721510764822
1	9.63762828435777	0.793484258274319
1	0.453897148631049	0.259131609452798
1	2.26581546078627	0.553607043115035
1	1.12986398833778	0.266351768407271
1	7.45632988097753	0.795072646652988
1	8.15088203201351	0.357785147712622
1	5.63187883421854	0.383614705430908
1	0.0479606144664847	0.215108522066639
1	5.85334177583055	0.519550758429925
1	7.47175317907716	0.393418749209578
1	0.94456294939532	0.64156608153355
1	8.52163708262522	0.862959461111509
1	2.08564079178643	0.227731716587734
1	0.0115136148397563	0.722790445757713
1	7.32992453795833	0.486555606246807
1	12.8789455866351	0.855666989515372
1	-1.0826905038033	0.294446014447976
1	1.73616109502928	0.696094610102537
1	2.98812319560942	0.33876258470474
1	2.13777704125361	0.792893599811213
1	0.370577449836003	0.705024968886403
1	7.16402454575909	0.539590611257829
1	3.27689919299469	0.263202964308775
1	7.78067610730869	0.845497409086812
1	-1.62928343012448	0.271294710623557
1	1.91628439509508	0.233147715883278
1	11.1582838640615	0.467109821085433
1	11.150414870694	0.49322248286365
1	8.66180901230595	0.960794627108839
1	9.90929073231001	0.841959558854619
1	9.15011536979567	0.866204721754921
1	7.66580506057516	0.445496028519828
1	-4.34858158202059	0.695151612209692
1	6.76808851786802	0.377239793352521
1	4.77210484422042	0.601530067204062
1	7.49602192084265	0.420280130811361
1	5.03162066214857	0.194221684536374
1	1.68542638489522	0.698504762698906
1	5.25455808507939	0.370973000407267
1	2.45984371888309	0.241364679744618
1	8.10240287198131	0.836876148432786
1	9.99457053677909	0.474629531538965
1	5.90181810027828	0.90823854248112
1	4.53342840149862	0.791482623370382
1	-0.00841014455275049	0.693494730455921
1	6.83559412691964	1.00068090315577
1	-2.87807712491032	0.696565683853192
1	-0.766931271538602	0.294947312228118
1	1.13053242829008	0.731212756970951
1	6.65043333581921	0.614402817075023
1	9.44511717584912	0.517575113771978
1	5.38820949799105	0.604956895030273
1	7.81299269178465	0.858242580575602
1	-1.29491353050677	0.329823970516733
1	8.67049521087237	0.460789338367054
1	2.31378192939679	0.357131433103532
1	9.88122450101968	0.922753313679
1	9.40661557055468	0.415258952000945
1	2.15311722002144	0.672758441279498
1	1.41268317376875	0.335120904252692
1	9.39955268545147	0.478431879983806
1	5.13947219406398	0.366450356852762
1	9.08499027724131	0.555923147394536
1	5.36810319444381	0.575139999853473
1	1.96156831766021	0.361156353101277
1	8.39846714223112	0.992487978829754
1	5.18780636190517	0.618400062737133
1	6.50776261402182	0.408168824591591
1	10.4478676194402	0.4407911051604
1	4.4694732489229	0.618079003101766
1	-0.871306030983109	0.301937366343027
1	2.30034665122364	0.650652107942558
1	2.34588715545427	0.809963215767907
1	12.3909498764063	0.95346550476711
1	13.9387180330806	0.929740150932313
1	0.23706642464464	0.751056435367555
1	4.02049231090547	0.584276138932421
1	10.7951485216016	0.466114818967262
1	0.233671824257256	0.676421233886481
1	4.94907873701757	0.259355647731015
1	1.83688095080756	0.769738901181545
1	4.02100722935262	0.633370489408324
1	0.533242306116686	0.737768437481568
1	8.37055999542821	0.475291583108948
1	4.19978810011259	0.79906815303044
1	0.11697167428337	0.617316133700057
1	7.66056494244898	0.380149716192408
1	10.1163885197263	0.94228333271866
1	4.45354499695112	0.290306859656792
1	1.2721136596478	0.732264441019423
1	-0.433043155965496	0.31987873586542
1	1.40126937391547	0.725992084960679
1	-1.42564467382355	0.736630877198138
1	1.09277664001855	0.619124356088757
1	0.58298273947091	0.276397408782594
1	-0.599831042607216	0.299357732522437
1	0.158479537609441	0.690300716367517
1	4.22277918280051	0.371075627579723
1	0.391714334442204	0.220008264314719
1	0.33177022213654	0.65348527877512
1	7.5173302663086	0.424486532539143
1	2.69585614553595	0.682055081488418
1	-2.37380881558173	0.743572643464928
1	6.47047610945289	0.387751428024885
1	7.73251541197951	0.844664734517645
1	9.98290102516725	0.425634971510096
1	9.31726091151868	0.911422439113805
1	5.30332070511052	0.809393521936947
1	10.0747615832888	0.893610190201969
1	3.82923596449484	0.81422239079715
1	11.5969566128186	0.963145059924459
1	12.2741860713448	0.482364745814172
1	1.49729153160628	0.289525647197527
1	7.15395395372344	0.369761924934778
1	4.05029911945523	0.35460209699794
1	-0.109726383816623	0.636495126630098
1	-0.553939803402985	0.673739485050653
1	-0.226251676677918	0.343425241099196
1	8.81242485221115	0.513151432846507
1	8.55632071564338	0.472115692362845
1	0.175002105410684	0.720623648013343
1	1.30168454422251	0.788977590266532
1	3.50342881885624	0.193580511288527
1	8.68840932869351	0.489613279095099
1	10.0117443452968	0.835997905879272
1	11.2590644663253	0.905092493863868
1	5.52246623443888	0.617668228834727
1	1.11859344544774	0.250126189538873
1	12.9970950903469	0.518238450436336
1	1.0340007896917	0.207190262879817
1	5.8384678084801	0.408598401879039
1	2.91957960781285	0.717714639342427
1	0.0349888098504865	0.656110901397136
1	8.9947178895006	0.889565859272964
1	6.34460717134618	1.00093866733572
1	6.99388021776221	0.421971683440416
1	9.43567368757619	0.926675840227591
1	2.98403160328304	0.643904463653186
1	9.61489063798503	0.484167372276012
1	2.1282747074767	0.19427729494704
1	7.42181550735181	0.603265483633032
1	3.63732299504189	0.612532447890752
1	8.14695862208917	0.86877151825602
1	5.21783591565566	0.389619155445042
1	3.79803920581527	0.637631621918189
1	5.52105325366223	0.590428107534278
1	6.72285671406426	0.840665174841339
1	4.20797677855704	0.823264538184766
1	8.91230044113409	0.520751307897834
1	9.03218425560953	0.537926756567008
1	8.49667672673218	0.948202931618604
1	9.32091834610859	0.982425427745951
1	6.9123546798909	0.481946701178953
1	1.07035984447719	0.246383875361011
1	6.54460496586534	0.518789442181581
1	7.73540897138004	0.549441547959691
1	5.47983669390778	0.578182701514933
1	1.46692306421476	0.199834971395866
1	5.3440734357843	0.593335732670708
1	5.23292947675027	0.448986179433759
1	12.0460714848872	0.515947063073103
1	1.62997162363475	0.814849364490927
1	2.88644765006361	0.798945232035992
1	4.668533833276	0.410644713666239
1	0.803780709811993	0.638723359577846
1	12.6076383930942	0.867383265745465
1	5.9359075149856	0.39631358623488
1	7.42547261116105	0.925189535802933
1	-2.9985591613619	0.299188384255511
1	10.8055576418856	0.505147397245142
1	8.12978496903149	0.552524924575563
1	-0.0621291524143852	0.740749737844194
1	0.475089487267889	0.638261320656797
1	2.05153761369778	0.599270426680262
1	6.02462503540665	0.862652889765002
1	8.74066847700793	0.575213331978468
1	8.39276821289705	0.949677063050593
1	-0.0540511022314258	0.782799819226253
1	10.2448781354606	0.836417089771667
1	3.19817493684269	0.777002185127643
1	-0.475229338323001	0.274010816592799
1	4.11027026380791	0.643944868616887
1	5.69035499382832	0.368879892532986
1	-1.18604411447534	0.285940672552663
1	5.09384561388329	0.671233915995094
1	8.82429058176307	0.959127990765327
1	-2.44773827934238	0.735219443097148
1	6.91695793778167	0.415246589036135
1	0.767720897728969	0.733465748661689
1	14.6158719177026	0.492151002566685
1	1.15683106764185	0.318910997244141
1	1.38770604247118	0.30612232539709
1	0.0230024708188306	0.689171825529927
1	-0.621341522821964	0.698126712764318
1	-0.0667370358522751	0.273721268154653
1	11.5106223174834	0.480693746060028
1	10.3809630483758	0.400945085553499
1	11.8207729573972	0.512846362724944
1	2.4545735165825	0.267427785274861
1	-0.553269126895843	0.769634411514538
1	9.63762828435777	0.85408671757798
1	0.453897148631049	0.281134213113301
1	2.26581546078627	0.596881571327399
1	1.12986398833778	0.288875932303281
1	7.45632988097753	0.855789845842859
1	8.15088203201351	0.386914154402873
1	5.63187883421854	0.414609553343152
1	0.0479606144664847	0.233931044517065
1	5.85334177583055	0.560365174064038
1	7.47175317907716	0.425121808591178
1	0.94456294939532	0.691194477726083
1	8.52163708262522	0.928580577674957
1	2.08564079178643	0.247466096567723
1	0.0115136148397563	0.778286219497031
1	7.32992453795833	0.52498656198042
1	12.8789455866351	0.920761322218922
1	-1.0826905038033	0.31899961310765
1	1.73616109502928	0.749661965586913
1	2.98812319560942	0.366517464799593
1	2.13777704125361	0.848674456931707
1	0.370577449836003	0.755010789123992
1	7.16402454575909	0.578665846067295
1	3.27689919299469	0.284050117137315
1	7.78067610730869	0.904747547698608
1	-1.62928343012448	0.292675523392484
1	1.91628439509508	0.252012690643063
1	11.1582838640615	0.501404864739872
1	11.150414870694	0.529239686480329
1	8.66180901230595	1.02764874934826
1	9.90929073231001	0.900976372190193
1	9.15011536979567	0.926820531362094
1	7.66580506057516	0.478365617791071
1	-4.34858158202059	0.744486273262287
1	6.76808851786802	0.405607805711506
1	4.77210484422042	0.644690280098855
1	7.49602192084265	0.45148670273821
1	5.03162066214857	0.210519442930247
1	1.68542638489522	0.748060567868057
1	5.25455808507939	0.398927710591483
1	2.45984371888309	0.260771572685451
1	8.10240287198131	0.895557705026843
1	9.99457053677909	0.509420508713345
1	5.90181810027828	0.971626530724447
1	4.53342840149862	0.847170424978011
1	-0.00841014455275049	0.742720118258521
1	6.83559412691964	1.07016557099924
1	-2.87807712491032	0.745993604550815
1	-0.766931271538602	0.317888041172277
1	1.13053242829008	0.782925691836758
1	6.65043333581921	0.658412002572456
1	9.44511717584912	0.555198401298514
1	5.38820949799105	0.648343111146412
1	7.81299269178465	0.918333277849564
1	-1.29491353050677	0.355064855034136
1	8.67049521087237	0.494667538944671
1	2.31378192939679	0.384173276065417
1	9.88122450101968	0.987098567712784
1	9.40661557055468	0.446134371432349
1	2.15311722002144	0.720616247052798
1	1.41268317376875	0.360711127618818
1	9.39955268545147	0.513473626394575
1	5.13947219406398	0.394106793512845
1	9.08499027724131	0.596075531674837
1	5.36810319444381	0.616559757570697
1	1.96156831766021	0.38846364414847
1	8.39846714223112	1.06143231392708
1	5.18780636190517	0.662672871165732
1	6.50776261402182	0.438576641997003
1	10.4478676194402	0.473350399345534
1	4.4694732489229	0.662330637279566
1	-0.871306030983109	0.325339097364755
1	2.30034665122364	0.697051975704475
1	2.34588715545427	0.866869833617856
1	12.3909498764063	1.01983626299092
1	13.9387180330806	0.994546194887957
1	0.23706642464464	0.804078083559045
1	4.02049231090547	0.626298435489418
1	10.7951485216016	0.500344241092006
1	0.233671824257256	0.72452060502877
1	4.94907873701757	0.279949065623279
1	1.83688095080756	0.823992679398463
1	4.02100722935262	0.678630614627902
1	0.533242306116686	0.789913726988066
1	8.37055999542821	0.510126223342898
1	4.19978810011259	0.855256229010091
1	0.11697167428337	0.661517455766775
1	7.66056494244898	0.40870964129666
1	10.1163885197263	1.00791661388417
1	4.45354499695112	0.312941545437183
1	1.2721136596478	0.784046735653168
1	-0.433043155965496	0.344463720763051
1	1.40126937391547	0.777360710525947
1	-1.42564467382355	0.788701143300611
1	1.09277664001855	0.663444932493738
1	0.58298273947091	0.298114750341406
1	-0.599831042607216	0.322589333738141
1	0.158479537609441	0.73931545528152
1	4.22277918280051	0.399037106143545
1	0.391714334442204	0.23800667718934
1	0.33177022213654	0.700071997399485
1	7.5173302663086	0.455970521479325
1	2.69585614553595	0.730526011334902
1	-2.37380881558173	0.796100727006061
1	6.47047610945289	0.41681269473397
1	7.73251541197951	0.903859957287587
1	9.98290102516725	0.457194701316209
1	9.31726091151868	0.975020408987932
1	5.30332070511052	0.866262567826031
1	10.0747615832888	0.956033421852395
1	3.82923596449484	0.871409906120127
1	11.5969566128186	1.03015419590102
1	12.2741860713448	0.517665869232441
1	1.49729153160628	0.312108811121174
1	7.15395395372344	0.397636763304022
1	4.05029911945523	0.381477127345734
1	-0.109726383816623	0.681961325254432
1	-0.553939803402985	0.721661991784668
1	-0.226251676677918	0.369563144994848
1	8.81242485221115	0.550482973547681
1	8.55632071564338	0.506740878963388
1	0.175002105410684	0.771638219011173
1	1.30168454422251	0.844500182070879
1	3.50342881885624	0.209835983572096
1	8.68840932869351	0.525392451588082
1	10.0117443452968	0.894621541370699
1	11.2590644663253	0.968272996596375
1	5.52246623443888	0.661892771978981
1	1.11859344544774	0.270110914088931
1	12.9970950903469	0.555905485775889
1	1.0340007896917	0.224343313873884
1	5.8384678084801	0.439034550398735
1	2.91957960781285	0.768537357885482
1	0.0349888098504865	0.702870782841667
1	8.9947178895006	0.951722362664925
1	6.34460717134618	1.0704403350222
1	6.99388021776221	0.453289815201208
1	9.43567368757619	0.991279789381396
1	2.98403160328304	0.689859316543265
1	9.61489063798503	0.519587380974757
1	2.1282747074767	0.21057872091121
1	7.42181550735181	0.646540149229628
1	3.63732299504189	0.656418280397551
1	8.14695862208917	0.929556611033288
1	5.21783591565566	0.418803600917392
1	3.79803920581527	0.683172773708885
1	5.52105325366223	0.63285613346904
1	6.72285671406426	0.899596622068228
1	4.20797677855704	0.881048393487784
1	8.91230044113409	0.55858406906602
1	9.03218425560953	0.576892258253292
1	8.49667672673218	1.01422661711381
1	9.32091834610859	1.05070612607037
1	6.9123546798909	0.517220254074565
1	1.07035984447719	0.26612179000337
1	6.54460496586534	0.556492816058019
1	7.73540897138004	0.589166463331124
1	5.47983669390778	0.619803128892834
1	1.46692306421476	0.216502932489414
1	5.3440734357843	0.635955519814561
1	5.23292947675027	0.482085948156534
1	12.0460714848872	0.553462978790748
1	1.62997162363475	0.872078229447349
1	2.88644765006361	0.855125201235227
1	4.668533833276	0.441215818792815
1	0.803780709811993	0.684336512718028
1	12.6076383930942	0.928076801679104
1	5.9359075149856	0.425939537087806
1	7.42547261116105	0.989695461477034
1	-2.9985591613619	0.322408816758985
1	10.8055576418856	0.54195106262797
1	8.12978496903149	0.592453192167519
1	-0.0621291524143852	0.793091647525362
1	0.475089487267889	0.683844001800766
1	2.05153761369778	0.64228161369358
1	6.02462503540665	0.923034451983012
1	8.74066847700793	0.616637926033353
1	8.39276821289705	1.01579796920269
1	-0.0540511022314258	0.837914979952458
1	10.2448781354606	0.895068370921067
1	3.19817493684269	0.831734985242543
1	-0.475229338323001	0.295570759662312
1	4.11027026380791	0.689902386260615
1	5.69035499382832	0.396696559854764
1	-1.18604411447534	0.308287403291081
1	5.09384561388329	0.718991177579198
1	8.82429058176307	1.02587219642838
1	-2.44773827934238	0.787196623503544
1	6.91695793778167	0.446121193115845
1	0.767720897728969	0.785327270910812
1	14.6158719177026	0.528097540830156
1	1.15683106764185	0.343432158670935
1	1.38770604247118	0.329800059263251
1	0.0230024708188306	0.738112112799791
1	-0.621341522821964	0.747657585107142
1	-0.0667370358522751	0.295262115172927
1	11.5106223174834	0.515884665130003
1	10.3809630483758	0.430876489092919
1	11.8207729573972	0.550157783702073
1	2.4545735165825	0.288553569886603
1	-0.553269126895843	0.8238812985182
1	9.63762828435777	0.913903330925766
1	0.453897148631049	0.303163952344805
1	2.26581546078627	0.639735210593221
1	1.12986398833778	0.311416246785256
1	7.45632988097753	0.915718782451033
1	8.15088203201351	0.415920201957301
1	5.63187883421854	0.445442144189042
1	0.0479606144664847	0.252847680697729
1	5.85334177583055	0.600810515092539
1	7.47175317907716	0.456647694714844
1	0.94456294939532	0.74026816122569
1	8.52163708262522	0.993310146445724
1	2.08564079178643	0.267275384938595
1	0.0115136148397563	0.833103703149743
1	7.32992453795833	0.563098643007795
1	12.8789455866351	0.984975202133637
1	-1.0826905038033	0.343526618852171
1	1.73616109502928	0.802591646898689
1	2.98812319560942	0.394178327305657
1	2.13777704125361	0.903766845396673
1	0.370577449836003	0.804429861984891
1	7.16402454575909	0.617403503812187
1	3.27689919299469	0.304942562845736
1	7.78067610730869	0.963236347475047
1	-1.62928343012448	0.314090419833876
1	1.91628439509508	0.270964592745856
1	11.1582838640615	0.535462736381893
1	11.150414870694	0.564983545146057
1	8.66180901230595	1.09358181563056
1	9.90929073231001	0.959236747548089
1	9.15011536979567	0.986646317032609
1	7.66580506057516	0.511027975865452
1	-4.34858158202059	0.793267864146865
1	6.76808851786802	0.433863139800491
1	4.77210484422042	0.687427113411054
1	7.49602192084265	0.482520974151465
1	5.03162066214857	0.226958051509282
1	1.68542638489522	0.797058657869476
1	5.25455808507939	0.426778423670334
1	2.45984371888309	0.280254010302476
1	8.10240287198131	0.953489865510278
1	9.99457053677909	0.543963897088757
1	5.90181810027828	1.03416626707923
1	4.53342840149862	0.902171712505424
1	-0.00841014455275049	0.791394731112272
1	6.83559412691964	1.13867392985073
1	-2.87807712491032	0.794866496217434
1	-0.766931271538602	0.340830088683939
1	1.13053242829008	0.834035602317549
1	6.65043333581921	0.701979976326261
1	9.44511717584912	0.592514609043523
1	5.38820949799105	0.691301200617654
1	7.81299269178465	0.977644980856915
1	-1.29491353050677	0.380258744728885
1	8.67049521087237	0.528317323049035
1	2.31378192939679	0.411130296151189
1	9.88122450101968	1.05057546306345
1	9.40661557055468	0.476844446009987
1	2.15311722002144	0.767952003118673
1	1.41268317376875	0.386247018509006
1	9.39955268545147	0.54826251674876
1	5.13947219406398	0.421665498124291
1	9.08499027724131	0.635867714011078
1	5.36810319444381	0.6575926929239
1	1.96156831766021	0.415680536741506
1	8.39846714223112	1.12941168939813
1	5.18780636190517	0.706498930608928
1	6.50776261402182	0.468828936249136
1	10.4478676194402	0.50570897989624
1	4.4694732489229	0.70613596722442
1	-0.871306030983109	0.348732463881459
1	2.30034665122364	0.742960416873678
1	2.34588715545427	0.923064336882418
1	12.3909498764063	1.08529611802926
1	13.9387180330806	1.05847420154416
1	0.23706642464464	0.856469218625955
1	4.02049231090547	0.66792125371495
1	10.7951485216016	0.534337869545262
1	0.233671824257256	0.772092852527742
1	4.94907873701757	0.300593105945789
1	1.83688095080756	0.877590064337591
1	4.02100722935262	0.723423252864228
1	0.533242306116686	0.841446910759275
1	8.37055999542821	0.544712357661465
1	4.19978810011259	0.910747282945978
1	0.11697167428337	0.705273530376306
1	7.66056494244898	0.43715285711864
1	10.1163885197263	1.07265448212811
1	4.45354499695112	0.33558397803843
1	1.2721136596478	0.835224549041515
1	-0.433043155965496	0.369015487616694
1	1.40126937391547	0.828133543716834
1	-1.42564467382355	0.840160879489462
1	1.09277664001855	0.707317756575583
1	0.58298273947091	0.319859106987013
1	-0.599831042607216	0.3458161439235
1	0.158479537609441	0.787783843800413
1	4.22277918280051	0.426894445436243
1	0.391714334442204	0.256110219020348
1	0.33177022213654	0.746163364740681
1	7.5173302663086	0.487276382927705
1	2.69585614553595	0.778462013170031
1	-2.37380881558173	0.848008664452479
1	6.47047610945289	0.44574672178065
1	7.73251541197951	0.962294994696539
1	9.98290102516725	0.488574712738995
1	9.31726091151868	1.03776571643513
1	5.30332070511052	0.922420288306263
1	10.0747615832888	1.01762866574868
1	3.82923596449484	0.927879406774538
1	11.5969566128186	1.09623901994977
1	12.2741860713448	0.552708688535437
1	1.49729153160628	0.334700804051419
1	7.15395395372344	0.425409282227537
1	4.05029911945523	0.408270838616463
1	-0.109726383816623	0.726955708447072
1	-0.553939803402985	0.769061089806331
1	-0.226251676677918	0.395635212713067
1	8.81242485221115	0.587513562434654
1	8.55632071564338	0.541121959096667
1	0.175002105410684	0.822064434338755
1	1.30168454422251	0.899339729927977
1	3.50342881885624	0.226233194235246
1	8.68840932869351	0.5609032788313
1	10.0117443452968	0.952496997349573
1	11.2590644663253	1.03060960554923
1	5.52246623443888	0.705671579921222
1	1.11859344544774	0.290159046308316
1	12.9970950903469	0.593264522437305
1	1.0340007896917	0.241619250144315
1	5.8384678084801	0.469314580687067
1	2.91957960781285	0.818775750504193
1	0.0349888098504865	0.749131675821707
1	8.9947178895006	1.01305648077006
1	6.34460717134618	1.13896533664516
1	6.99388021776221	0.484433303200912
1	9.43567368757619	1.05500994611603
1	2.98403160328304	0.735332090111475
1	9.61489063798503	0.554746588444116
1	2.1282747074767	0.227020920025425
1	7.42181550735181	0.689389031233179
1	3.63732299504189	0.699865492116409
1	8.14695862208917	0.9895481241823
1	5.21783591565566	0.44785821943119
1	3.79803920581527	0.728240535721521
1	5.52105325366223	0.674876158969766
1	6.72285671406426	0.957773424381421
1	4.20797677855704	0.938101708358128
1	8.91230044113409	0.596105350584298
1	9.03218425560953	0.615522487753531
1	8.49667672673218	1.07934668947832
1	9.32091834610859	1.11803580406144
1	6.9123546798909	0.552236081957218
1	1.07035984447719	0.285928296409344
1	6.54460496586534	0.593887427987116
1	7.73540897138004	0.628540155486899
1	5.47983669390778	0.661032518960681
1	1.46692306421476	0.233303967882146
1	5.3440734357843	0.678163278695034
1	5.23292947675027	0.514973650900932
1	12.0460714848872	0.590674070007402
1	1.62997162363475	0.928588211210921
1	2.88644765006361	0.910608318668763
1	4.668533833276	0.47162797100533
1	0.803780709811993	0.72947476373493
1	12.6076383930942	0.98797868108115
1	5.9359075149856	0.455426387426097
1	7.42547261116105	1.05332965365644
1	-2.9985591613619	0.345624692824225
1	10.8055576418856	0.578464863901493
1	8.12978496903149	0.63202596525222
1	-0.0621291524143852	0.844817321582237
1	0.475089487267889	0.728952420867484
1	2.05153761369778	0.684872551323687
1	6.02462503540665	0.982630910490473
1	8.74066847700793	0.657675596139843
1	8.39276821289705	1.08101322016242
1	-0.0540511022314258	0.892355654577183
1	10.2448781354606	0.952970891877427
1	3.19817493684269	0.885801330511591
1	-0.475229338323001	0.317161023879615
1	4.11027026380791	0.735377768610919
1	5.69035499382832	0.424412129578824
1	-1.18604411447534	0.330647929173543
1	5.09384561388329	0.766228501326352
1	8.82429058176307	1.09169765486618
1	-2.44773827934238	0.838565229205611
1	6.91695793778167	0.476830469467763
1	0.767720897728969	0.836582647785927
1	14.6158719177026	0.563772218426095
1	1.15683106764185	0.36792144262752
1	1.38770604247118	0.35346363134995
1	0.0230024708188306	0.786507613486739
1	-0.621341522821964	0.796631265981316
1	-0.0667370358522751	0.31683368444011
1	11.5106223174834	0.550819594861034
1	10.3809630483758	0.460662376266973
1	11.8207729573972	0.587168675467755
1	2.4545735165825	0.309718794884505
1	-0.553269126895843	0.877471936989879
1	9.63762828435777	0.972946706975651
1	0.453897148631049	0.325214144937097
1	2.26581546078627	0.682171909671906
1	1.12986398833778	0.333966290300688
1	7.45632988097753	0.974872122478496
1	8.15088203201351	0.444800169694593
1	5.63187883421854	0.476110289769952
1	0.0479606144664847	0.271850159104197
1	5.85334177583055	0.640889500795949
1	7.47175317907716	0.487994573321464
1	0.94456294939532	0.788794256234471
1	8.52163708262522	1.0571632842325
1	2.08564079178643	0.287151765910662
1	0.0115136148397563	0.887252953229613
1	7.32992453795833	0.600893377438916
1	12.8789455866351	1.04832348279992
1	-1.0826905038033	0.368021624370091
1	1.73616109502928	0.85489274679511
1	2.98812319560942	0.42174136480084
1	2.13777704125361	0.958181114624071
1	0.370577449836003	0.853289652711045
1	7.16402454575909	0.655805619562145
1	3.27689919299469	0.32587326443082
1	7.78067610730869	1.0209758844872
1	-1.62928343012448	0.335532628545791
1	1.91628439509508	0.289995398663146
1	11.1582838640615	0.569283091991418
1	11.150414870694	0.600454571955654
1	8.66180901230595	1.15860968651132
1	9.90929073231001	1.01675264487395
1	9.15011536979567	1.04569483452873
1	7.66580506057516	0.543482049277651
1	-4.34858158202059	0.841503526025003
1	6.76808851786802	0.462002501730078
1	4.77210484422042	0.729744635294135
1	7.49602192084265	0.513381063906048
1	5.03162066214857	0.243528209047515
1	1.68542638489522	0.845506283927637
1	5.25455808507939	0.454521640054921
1	2.45984371888309	0.299804238778568
1	8.10240287198131	1.01068442297225
1	9.99457053677909	0.578259599470049
1	5.90181810027828	1.09587188701444
1	4.53342840149862	0.956496789057076
1	-0.00841014455275049	0.839525655793716
1	6.83559412691964	1.20622314948206
1	-2.87807712491032	0.843191546429729
1	-0.766931271538602	0.363767459727716
1	1.13053242829008	0.884550813236095
1	6.65043333581921	0.745111229021551
1	9.44511717584912	0.62952504944595
1	5.38820949799105	0.733835344078741
1	7.81299269178465	1.03619018401277
1	-1.29491353050677	0.405400789347524
1	8.67049521087237	0.561738139198264
1	2.31378192939679	0.437998539440111
1	9.88122450101968	1.11319861162884
1	9.40661557055468	0.507387129774971
1	2.15311722002144	0.814772115611356
1	1.41268317376875	0.411723900534912
1	9.39955268545147	0.582798578658462
1	5.13947219406398	0.449122822648178
1	9.08499027724131	0.675302265567618
1	5.36810319444381	0.698242007846175
1	1.96156831766021	0.442803209072527
1	8.39846714223112	1.1964430060924
1	5.18780636190517	0.749882862956339
1	6.50776261402182	0.498923428664696
1	10.4478676194402	0.537865638914077
1	4.4694732489229	0.749499604287569
1	-0.871306030983109	0.372111700297384
1	2.30034665122364	0.788383111972132
1	2.34588715545427	0.978557635267982
1	12.3909498764063	1.14986068986858
1	13.9387180330806	1.12153901213281
1	0.23706642464464	0.908238816734554
1	4.02049231090547	0.709148095424252
1	10.7951485216016	0.56809532764727
1	0.233671824257256	0.819144502744136
1	4.94907873701757	0.321280605412054
1	1.83688095080756	0.930540645393367
1	4.02100722935262	0.767753517392127
1	0.533242306116686	0.89237652879984
1	8.37055999542821	0.579049910600499
1	4.19978810011259	0.965551866927914
1	0.11697167428337	0.748588943839674
1	7.66056494244898	0.465476165283469
1	10.1163885197263	1.13651219039635
1	4.45354499695112	0.358228010108193
1	1.2721136596478	0.885806240527425
1	-0.433043155965496	0.393528859733224
1	1.40126937391547	0.878318737994198
1	-1.42564467382355	0.891018588430367
1	1.09277664001855	0.750747473997915
1	0.58298273947091	0.341623874807047
1	-0.599831042607216	0.369032312809561
1	0.158479537609441	0.835712863861289
1	4.22277918280051	0.454644149237522
1	0.391714334442204	0.27431043499345
1	0.33177022213654	0.791765154315903
1	7.5173302663086	0.518402373808988
1	2.69585614553595	0.825869798278421
1	-2.37380881558173	0.899305186324503
1	6.47047610945289	0.474550560306561
1	7.73251541197951	1.01998189548409
1	9.98290102516725	0.519773300399209
1	9.31726091151868	1.09967260143171
1	5.30332070511052	0.977877574384556
1	10.0747615832888	1.07840957720274
1	3.82923596449484	0.983641942268772
1	11.5969566128186	1.16141546977622
1	12.2741860713448	0.587493360426575
1	1.49729153160628	0.357295452993617
1	7.15395395372344	0.45307594236441
1	4.05029911945523	0.43497919386715
1	-0.109726383816623	0.771483492045086
1	-0.553939803402985	0.815943217451387
1	-0.226251676677918	0.421637040444801
1	8.81242485221115	0.624244366744675
1	8.55632071564338	0.575258753053959
1	0.175002105410684	0.871910271244832
1	1.30168454422251	0.953506454717757
1	3.50342881885624	0.242762821006318
1	8.68840932869351	0.596146155452052
1	10.0117443452968	1.00963603807786
1	11.2590644663253	1.09211635292633
1	5.52246623443888	0.74900925052955
1	1.11859344544774	0.310263119965315
1	12.9970950903469	0.630316894632711
1	1.0340007896917	0.259009196142231
1	5.8384678084801	0.499436228161066
1	2.91957960781285	0.868437698962795
1	0.0349888098504865	0.794899440037172
1	8.9947178895006	1.07358173615026
1	6.34460717134618	1.20653085043723
1	6.99388021776221	0.515400321817512
1	9.43567368757619	1.11788105108128
1	2.98403160328304	0.780328243396941
1	9.61489063798503	0.589645210556428
1	2.1282747074767	0.243594592889062
1	7.42181550735181	0.731816254759997
1	3.63732299504189	0.74287851233995
1	8.14695862208917	1.04875889771715
1	5.21783591565566	0.476780123433851
1	3.79803920581527	0.772840161097175
1	5.52105325366223	0.716491887782231
1	6.72285671406426	1.01520749924005
1	4.20797677855704	0.99443582910117
1	8.91230044113409	0.633316569146146
1	9.03218425560953	0.653819425523451
1	8.49667672673218	1.14357859596133
1	9.32091834610859	1.18443103227824
1	6.9123546798909	0.586994327808546
1	1.07035984447719	0.305795805510516
1	6.54460496586534	0.630974630266605
1	7.73540897138004	0.66756498284112
1	5.47983669390778	0.701874173524378
1	1.46692306421476	0.250228960597099
1	5.3440734357843	0.719962808497
1	5.23292947675027	0.547648348761395
1	12.0460714848872	0.627581595723317
1	1.62997162363475	0.984390379869644
1	2.88644765006361	0.96540513239169
1	4.668533833276	0.501878972888396
1	0.803780709811993	0.774143401604528
1	12.6076383930942	1.04710169839808
1	5.9359075149856	0.484771469433341
1	7.42547261116105	1.1161068042049
1	-2.9985591613619	0.368830156623635
1	10.8055576418856	0.614689705580675
1	8.12978496903149	0.671245703451687
1	-0.0621291524143852	0.895935397876852
1	0.475089487267889	0.773591851667088
1	2.05153761369778	0.727047233554234
1	6.02462503540665	1.04145490446528
1	8.74066847700793	0.698329546638062
1	8.39276821289705	1.14533831156547
1	-0.0540511022314258	0.946131861202885
1	10.2448781354606	1.01013643066189
1	3.19817493684269	0.939211048737281
1	-0.475229338323001	0.338774926995488
1	4.11027026380791	0.780376476033168
1	5.69035499382832	0.452023033412661
1	-1.18604411447534	0.353015959533173
1	5.09384561388329	0.812952243330184
1	8.82429058176307	1.15662017192905
1	-2.44773827934238	0.889333716540495
1	6.91695793778167	0.507372371727203
1	0.767720897728969	0.887240278061393
1	14.6158719177026	0.599175513279346
1	1.15683106764185	0.39237364065598
1	1.38770604247118	0.37710741342739
1	0.0230024708188306	0.834365272473456
1	-0.621341522821964	0.84505499420231
1	-0.0667370358522751	0.338429284202923
1	11.5106223174834	0.585498637108097
1	10.3809630483758	0.490300231282321
1	11.8207729573972	0.6238801952457
1	2.4545735165825	0.33091656193972
1	-0.553269126895843	0.930415912894273
1	9.63762828435777	1.03122920373183
1	0.453897148631049	0.347278342457384
1	2.26581546078627	0.724195584135967
1	1.12986398833778	0.356519868528867
1	7.45632988097753	1.03326227983246
1	8.15088203201351	0.473551081273945
1	5.63187883421854	0.50661192281131
1	0.0479606144664847	0.290930481919725
1	5.85334177583055	0.6806048481425
1	7.47175317907716	0.519160722187869
1	0.94456294939532	0.836779774026097
1	8.52163708262522	1.12015479420567
1	2.08564079178643	0.307087685938042
1	0.0115136148397563	0.940743839685929
1	7.32992453795833	0.638372320984088
1	12.8789455866351	1.11082071073102
1	-1.0826905038033	0.392479424112195
1	1.73616109502928	0.90657419567075
1	2.98812319560942	0.449202931448952
1	2.13777704125361	1.01192741955061
1	0.370577449836003	0.901597504445694
1	7.16402454575909	0.693874242566093
1	3.27689919299469	0.346835426745356
1	7.78067610730869	1.07797799699204
1	-1.62928343012448	0.356995613316651
1	1.91628439509508	0.309097351480707
1	11.1582838640615	0.602865661434332
1	11.150414870694	0.635653332379373
1	8.66180901230595	1.22274788975488
1	9.90929073231001	1.07353578921364
1	9.15011536979567	1.10397858474079
1	7.66580506057516	0.575726876252861
1	-4.34858158202059	0.889200286092831
1	6.76808851786802	0.490022745528051
1	4.77210484422042	0.771646877057691
1	7.49602192084265	0.544065203319206
1	5.03162066214857	0.260220912998923
1	1.68542638489522	0.893410580539383
1	5.25455808507939	0.482154013235846
1	2.45984371888309	0.319414764142086
1	8.10240287198131	1.06715293978966
1	9.99457053677909	0.612307586353609
1	5.90181810027828	1.15675723650134
1	4.53342840149862	1.01015576441847
1	-0.00841014455275049	0.887119866478818
1	6.83559412691964	1.2728300340172
1	-2.87807712491032	0.890975827634079
1	-0.766931271538602	0.386694374974547
1	1.13053242829008	0.934479505744042
1	6.65043333581921	0.787810203895516
1	9.44511717584912	0.666231067259483
1	5.38820949799105	0.77594968249765
1	7.81299269178465	1.09398113341918
1	-1.29491353050677	0.430486325612979
1	8.67049521087237	0.59492951500299
1	2.31378192939679	0.464774216493062
1	9.88122450101968	1.17498232385248
1	9.40661557055468	0.537760493366984
1	2.15311722002144	0.8610828951462
1	1.41268317376875	0.437137279921175
1	9.39955268545147	0.6170819042951
1	5.13947219406398	0.476475275850655
1	9.08499027724131	0.714381758234032
1	5.36810319444381	0.738510889165779
1	1.96156831766021	0.469828000499725
1	8.39846714223112	1.26254280596054
1	5.18780636190517	0.79282923935689
1	6.50776261402182	0.528857962999505
1	10.4478676194402	0.569819264066835
1	4.4694732489229	0.792426109344043
1	-0.871306030983109	0.395471250964985
1	2.30034665122364	0.833325664213211
1	2.34588715545427	1.03336042993843
1	12.3909498764063	1.21354527174154
1	13.9387180330806	1.183755160676
1	0.23706642464464	0.95939569403358
1	4.02049231090547	0.749982439801746
1	10.7951485216016	0.60161631342388
1	0.233671824257256	0.865681983502557
1	4.94907873701757	0.342004645760852
1	1.83688095080756	0.982853836552857
1	4.02100722935262	0.811626458413715
1	0.533242306116686	0.942710972042978
1	8.37055999542821	0.613138873842016
1	4.19978810011259	1.01968033347811
1	0.11697167428337	0.791468232620111
1	7.66056494244898	0.49367651293637
1	10.1163885197263	1.19950467409242
1	4.45354499695112	0.380867713823073
1	1.2721136596478	0.9358000249164
1	-0.433043155965496	0.417998855588361
1	1.40126937391547	0.927924307448341
1	-1.42564467382355	0.941282624654648
1	1.09277664001855	0.793738679087028
1	0.58298273947091	0.363402680876112
1	-0.599831042607216	0.392232202200574
1	0.158479537609441	0.883109387431761
1	4.22277918280051	0.482282874322054
1	0.391714334442204	0.292599147732378
1	0.33177022213654	0.836883059999903
1	7.5173302663086	0.549346860045149
1	2.69585614553595	0.872755974767626
1	-2.37380881558173	0.949998869289761
1	6.47047610945289	0.503221400711472
1	7.73251541197951	1.07693247126165
1	9.98290102516725	0.550788866968834
1	9.31726091151868	1.16075501183356
1	5.30332070511052	1.03264510899461
1	10.0747615832888	1.13838953407902
1	3.82923596449484	1.03870835006018
1	11.5969566128186	1.22569914835853
1	12.2741860713448	0.62202010292886
1	1.49729153160628	0.379886805125596
1	7.15395395372344	0.480633358450868
1	4.05029911945523	0.461598322719997
1	-0.109726383816623	0.815549826238883
1	-0.553939803402985	0.862314716728561
1	-0.226251676677918	0.447564400153211
1	8.81242485221115	0.660676589673779
1	8.55632071564338	0.609151150888875
1	0.175002105410684	0.921183572029889
1	1.30168454422251	1.00701038606474
1	3.50342881885624	0.259415840821765
1	8.68840932869351	0.631121531426183
1	10.0117443452968	1.06605019782872
1	11.2590644663253	1.15280698402552
1	5.52246623443888	0.791910331534229
1	1.11859344544774	0.330415921456329
1	12.9970950903469	0.667063968342547
1	1.0340007896917	0.276504564315714
1	5.8384678084801	0.529397350323015
1	2.91957960781285	0.917530952473586
1	0.0349888098504865	0.840179853382657
1	8.9947178895006	1.13331137725153
1	6.34460717134618	1.27315368877081
1	6.99388021776221	0.546189156497888
1	9.43567368757619	1.17990754024139
1	2.98403160328304	0.824853163688631
1	9.61489063798503	0.624283523018686
1	2.1282747074767	0.260290738735628
1	7.42181550735181	0.773825906652949
1	3.63732299504189	0.785461724453609
1	8.14695862208917	1.10720151466558
1	5.21783591565566	0.505566563092361
1	3.79803920581527	0.816976836394071
1	5.52105325366223	0.757706995953665
1	6.72285671406426	1.07191053026974
1	4.20797677855704	1.0500618825227
1	8.91230044113409	0.670219171143363
1	9.03218425560953	0.691785067568679
1	8.49667672673218	1.20693746139333
1	9.32091834610859	1.24990803067009
1	6.9123546798909	0.621495196274138
1	1.07035984447719	0.325716983949351
1	6.54460496586534	0.667755806508643
1	7.73540897138004	0.706243309872381
1	5.47983669390778	0.74233137677854
1	1.46692306421476	0.267269087713255
1	5.3440734357843	0.7613578783116
1	5.23292947675027	0.580109191647838
1	12.0460714848872	0.66418684859461
1	1.62997162363475	1.03949559294401
1	2.88644765006361	1.01952599099276
1	4.668533833276	0.531966747426211
1	0.803780709811993	0.818347647820618
1	12.6076383930942	1.10545839223359
1	5.9359075149856	0.513972247498102
1	7.42547261116105	1.17804130152495
1	-2.9985591613619	0.392019564542329
1	10.8055576418856	0.650626534732659
1	8.12978496903149	0.710114869912468
1	-0.0621291524143852	0.946454362743947
1	0.475089487267889	0.817767500908142
1	2.05153761369778	0.768809619386386
1	6.02462503540665	1.09951882113926
1	8.74066847700793	0.738602966702894
1	8.39276821289705	1.2087884154145
1	-0.0540511022314258	0.9992534317656
1	10.2448781354606	1.06657653496149
1	3.19817493684269	0.99197378633154
1	-0.475229338323001	0.36040601971366
1	4.11027026380791	0.824903897109285
1	5.69035499382832	0.479525857867494
1	-1.18604411447534	0.37538542682872
1	5.09384561388329	0.859168665421288
1	8.82429058176307	1.22065522204907
1	-2.44773827934238	0.939510394873675
1	6.91695793778167	0.537744970138232
1	0.767720897728969	0.937308414984518
1	14.6158719177026	0.634307956572825
1	1.15683106764185	0.416783740264432
1	1.38770604247118	0.400725983766585
1	0.0230024708188306	0.881691925603084
1	-0.621341522821964	0.892935892169377
1	-0.0667370358522751	0.360042455899553
1	11.5106223174834	0.619921956422256
1	10.3809630483758	0.519787666735361
1	11.8207729573972	0.660293536469707
1	2.4545735165825	0.352140211099178
1	-0.553269126895843	0.982722636874782
1	9.63762828435777	1.08876293430888
1	0.453897148631049	0.369350323557863
1	2.26581546078627	0.765810116543274
1	1.12986398833778	0.379071007856762
1	7.45632988097753	1.09090142212756
1	8.15088203201351	0.502170100302396
1	5.63187883421854	0.536945093172063
1	0.0479606144664847	0.310080917296577
1	5.85334177583055	0.719959271166482
1	7.47175317907716	0.550144527564849
1	0.94456294939532	0.884231615168518
1	8.52163708262522	1.182299173281
1	2.08564079178643	0.327075846294247
1	0.0115136148397563	0.993586050019676
1	7.32992453795833	0.675537055563108
1	12.8789455866351	1.17248113262681
1	-1.0826905038033	0.416895008422305
1	1.73616109502928	0.957644765051356
1	2.98812319560942	0.476559538163596
1	2.13777704125361	1.06501572495726
1	0.370577449836003	0.949360640698133
1	7.16402454575909	0.731611435213643
1	3.27689919299469	0.367822489606558
1	7.78067610730869	1.13425429087194
1	-1.62928343012448	0.37847306640501
1	1.91628439509508	0.328262953370534
1	11.1582838640615	0.636210245888982
1	11.150414870694	0.670580442242377
1	8.66180901230595	1.28601162821559
1	9.90929073231001	1.12959767607786
1	9.15011536979567	1.16150981956522
1	7.66580506057516	0.607761583675576
1	-4.34858158202059	0.936365059836716
1	6.76808851786802	0.517920868662719
1	4.77210484422042	0.813137833440515
1	7.49602192084265	0.574571732605313
1	5.03162066214857	0.277027451145035
1	1.68542638489522	0.940778567800614
1	5.25455808507939	0.509672345173853
1	2.45984371888309	0.339078344912831
1	8.10240287198131	1.12290675288408
1	9.99457053677909	0.6461078935131
1	5.90181810027828	1.21683587878175
1	4.53342840149862	1.06315855935181
1	-0.00841014455275049	0.934184226963562
1	6.83559412691964	1.33851103065805
1	-2.87807712491032	0.938226299432191
1	-0.766931271538602	0.409605264582355
1	1.13053242829008	0.983829720341247
1	6.65043333581921	0.830081297283108
1	9.44511717584912	0.702634038047736
1	5.38820949799105	0.817648317521245
1	7.81299269178465	1.15102983257458
1	-1.29491353050677	0.45551087174378
1	8.67049521087237	0.627891054459016
1	2.31378192939679	0.491453697450052
1	9.88122450101968	1.2359406157991
1	9.40661557055468	0.567962720352741
1	2.15311722002144	0.906890558601152
1	1.41268317376875	0.462482840136818
1	9.39955268545147	0.651112648055674
1	5.13947219406398	0.503719518597803
1	9.08499027724131	0.753108763932381
1	5.36810319444381	0.778402508320357
1	1.96156831766021	0.496751406730099
1	8.39846714223112	1.32772728060663
1	5.18780636190517	0.835342580849154
1	6.50776261402182	0.55863050162683
1	10.4478676194402	0.601568835457693
1	4.4694732489229	0.834919993416191
1	-0.871306030983109	0.418805764113609
1	2.30034665122364	0.877793600815022
1	2.34588715545427	1.08748321820217
1	12.3909498764063	1.27636483785301
1	13.9387180330806	1.24513688120954
1	0.23706642464464	1.00994851009381
1	4.02049231090547	0.790427743308746
1	10.7951485216016	0.634900597011971
1	0.233671824257256	0.911711625950509
1	4.94907873701757	0.362758546783173
1	1.83688095080756	1.03453888023095
1	4.02100722935262	0.855047064005758
1	0.533242306116686	0.992458485508648
1	8.37055999542821	0.646979303813959
1	4.19978810011259	1.07314284000749
1	0.11697167428337	0.833915883940435
1	7.66056494244898	0.52175098832764
1	10.1163885197263	1.26164655856663
1	4.45354499695112	0.403497374570999
1	1.2721136596478	0.985213975518091
1	-0.433043155965496	0.442420683135303
1	1.40126937391547	0.976958129707793
1	-1.42564467382355	0.990961197693358
1	1.09277664001855	0.836295915477551
1	0.58298273947091	0.385189376643614
1	-0.599831042607216	0.415410379848053
1	0.158479537609441	0.92998017866292
1	4.22277918280051	0.509807425852279
1	0.391714334442204	0.310968449492571
1	0.33177022213654	0.881522697398317
1	7.5173302663086	0.580108313079302
1	2.69585614553595	0.919127049546475
1	-2.37380881558173	1.00009813944427
1	6.47047610945289	0.531756568399224
1	7.73251541197951	1.13315830193432
1	9.98290102516725	0.581619919719283
1	9.31726091151868	1.22102661021173
1	5.30332070511052	1.08673337167186
1	10.0747615832888	1.19758164325298
1	3.82923596449484	1.0930892603323
1	11.5969566128186	1.28910533187837
1	12.2741860713448	0.656289193134429
1	1.49729153160628	0.402469121463495
1	7.15395395372344	0.508078294665263
1	4.05029911945523	0.488124516406339
1	-0.109726383816623	0.859159796585747
1	-0.553939803402985	0.908181835121801
1	-0.226251676677918	0.47341323438093
1	8.81242485221115	0.696811468778293
1	8.55632071564338	0.642799109949864
1	0.175002105410684	0.969892046841255
1	1.30168454422251	1.05986136658064
1	3.50342881885624	0.276183521460187
1	8.68840932869351	0.665829909981128
1	10.0117443452968	1.12175078612486
1	11.2590644663253	1.21269496394011
1	5.52246623443888	0.834379321142526
1	1.11859344544774	0.350610482637372
1	12.9970950903469	0.703507139824798
1	1.0340007896917	0.294097047032053
1	5.8384678084801	0.55919592294787
1	2.91957960781285	0.966063130430424
1	0.0349888098504865	0.884978613376361
1	8.9947178895006	1.19225838477674
1	6.34460717134618	1.33885030688938
1	6.99388021776221	0.576798200228435
1	9.43567368757619	1.24110355203369
1	2.98403160328304	0.868912167695781
1	9.61489063798503	0.658661859160263
1	2.1282747074767	0.277100647081554
1	7.42181550735181	0.815422035791282
1	3.63732299504189	0.827619466441705
1	8.14695862208917	1.16488830700137
1	5.21783591565566	0.534214922078778
1	3.79803920581527	0.860655682625177
1	5.52105325366223	0.798525131870724
1	6.72285671406426	1.12789397259979
1	4.20797677855704	1.10499078089762
1	8.91230044113409	0.706814631228521
1	9.03218425560953	0.729421424370905
1	8.49667672673218	1.26943809580065
1	9.32091834610859	1.31448267691576
1	6.9123546798909	0.655738951404229
1	1.07035984447719	0.345684746831438
1	6.54460496586534	0.704232370160717
1	7.73540897138004	0.744577506293778
1	5.47983669390778	0.782407395085154
1	1.46692306421476	0.284415812132026
1	5.3440734357843	0.802352227235799
1	5.23292947675027	0.612355415328344
1	12.0460714848872	0.700491153393966
1	1.62997162363475	1.0939145001775
1	2.88644765006361	1.07298104804806
1	4.668533833276	0.561889334233311
1	0.803780709811993	0.862092657455529
1	12.6076383930942	1.1630610512516
1	5.9359075149856	0.543026314141187
1	7.42547261116105	1.23914723768511
1	-2.9985591613619	0.415187479048594
1	10.8055576418856	0.686276339208776
1	8.12978496903149	0.748635930540952
1	-0.0621291524143852	0.99638255421226
1	0.475089487267889	0.861484509248569
1	2.05153761369778	0.810163633064056
1	6.02462503540665	1.15683480160096
1	8.74066847700793	0.778499030059753
1	8.39276821289705	1.27137838772487
1	-0.0540511022314258	1.05173001614673
1	10.2448781354606	1.12230252737637
1	3.19817493684269	1.04409901230474
1	-0.475229338323001	0.382048079028096
1	4.11027026380791	0.868965349809036
1	5.69035499382832	0.506917339604567
1	-1.18604411447534	0.397750480234483
1	5.09384561388329	0.904883936916403
1	8.82429058176307	1.28381795608585
1	-2.44773827934238	0.989103429703143
1	6.91695793778167	0.567946447881874
1	0.767720897728969	0.986795169342613
1	14.6158719177026	0.669170130704309
1	1.15683106764185	0.441146919215155
1	1.38770604247118	0.424314121156668
1	0.0230024708188306	0.928494301808272
1	-0.621341522821964	0.940280968184248
1	-0.0667370358522751	0.381666967490811
1	11.5106223174834	0.65408977776482
1	10.3809630483758	0.549122419637577
1	11.8207729573972	0.696409927178714
1	2.4545735165825	0.373383313983468
1	-0.553269126895843	1.03440134808649
1	9.63762828435777	1.14555977255316
1	0.453897148631049	0.391424087463857
1	2.26581546078627	0.807019356611693
1	1.12986398833778	0.401613949031107
1	7.45632988097753	1.1478014763433
1	8.15088203201351	0.53065452606304
1	5.63187883421854	0.567107964159384
1	0.0479606144664847	0.329293991844557
1	5.85334177583055	0.758955480369582
1	7.47175317907716	0.580944480714471
1	0.94456294939532	0.931156571695845
1	8.52163708262522	1.24361061931866
1	2.08564079178643	0.347109195847338
1	0.0115136148397563	1.04578909329974
1	7.32992453795833	0.712389187957411
1	12.8789455866351	1.2333187024071
1	-1.0826905038033	0.441263557827284
1	1.73616109502928	1.00811307100389
1	2.98812319560942	0.503807847904446
1	2.13777704125361	1.11745580968938
1	0.370577449836003	0.996586167751314
1	7.16402454575909	0.769019272030248
1	3.27689919299469	0.388828121090135
1	7.78067610730869	1.18981614493985
1	-1.62928343012448	0.39995890200054
1	1.91628439509508	0.347484958264964
1	11.1582838640615	0.669316715346261
1	11.150414870694	0.705236565763455
1	8.66180901230595	1.34841578752109
1	9.90929073231001	1.18494957667431
1	9.15011536979567	1.21830054763682
1	7.66580506057516	0.639585384143847
1	-4.34858158202059	0.983004653237198
1	6.76808851786802	0.545694007689236
1	4.77210484422042	0.854221462883386
1	7.49602192084265	0.604899097409992
1	5.03162066214857	0.293939393466121
1	1.68542638489522	0.987617153679392
1	5.25455808507939	0.53707358181688
1	2.45984371888309	0.358787984945646
1	8.10240287198131	1.17795697884907
1	9.99457053677909	0.679660619654661
1	5.90181810027828	1.27612110096731
1	4.53342840149862	1.11551490978697
1	-0.00841014455275049	0.980725492833716
1	6.83559412691964	1.40328223819061
1	-2.87807712491032	0.984949810814205
1	-0.766931271538602	0.432494762144911
1	1.13053242829008	1.03260935982355
1	6.65043333581921	0.871928859155359
1	9.44511717584912	0.738735366725292
1	5.38820949799105	0.858935311818758
1	7.81299269178465	1.20734804794182
1	-1.29491353050677	0.480470122122333
1	8.67049521087237	0.660622435317022
1	2.31378192939679	0.518033507261768
1	9.88122450101968	1.29608721605338
1	9.40661557055468	0.597992103656541
1	2.15311722002144	0.952201230858779
1	1.41268317376875	0.487756436672776
1	9.39955268545147	0.684891024296392
1	5.13947219406398	0.530852359279404
1	9.08499027724131	0.791485853949267
1	5.36810319444381	0.817920021085385
1	1.96156831766021	0.523570075134016
1	8.39846714223112	1.39201227962533
1	5.18780636190517	0.877427358982118
1	6.50776261402182	0.58823912182168
1	10.4478676194402	0.633113422582425
1	4.4694732489229	0.876985718287832
1	-0.871306030983109	0.442110085942544
1	2.30034665122364	0.92179237428645
1	2.34588715545427	1.14093629808428
1	12.3909498764063	1.33833405091223
1	13.9387180330806	1.30569811482578
1	0.23706642464464	1.05990577126513
1	4.02049231090547	0.830487439600347
1	10.7951485216016	0.667948018139018
1	0.233671824257256	0.95723966637598
1	4.94907873701757	0.383535859536929
1	1.83688095080756	1.08560485101282
1	4.02100722935262	0.898020261049243
1	0.533242306116686	1.04162717138655
1	8.37055999542821	0.68057131935905
1	4.19978810011259	1.12594935316309
1	0.11697167428337	0.875936336381462
1	7.66056494244898	0.549696816518994
1	10.1163885197263	1.3229521664176
1	4.45354499695112	0.42611148480437
1	1.2721136596478	1.03405602711577
1	-0.433043155965496	0.466789734267846
1	1.40126937391547	1.02542794877941
1	-1.42564467382355	1.04006237513681
1	1.09277664001855	0.878423676748169
1	0.58298273947091	0.406978031499993
1	-0.599831042607216	0.438561613490607
1	0.158479537609441	0.976331895993213
1	4.22277918280051	0.537214752897586
1	0.391714334442204	0.329410694564267
1	0.33177022213654	0.925689605192144
1	7.5173302663086	0.610685306496597
1	2.69585614553595	0.964989430258865
1	-2.37380881558173	1.04961127551518
1	6.47047610945289	0.560153519640885
1	7.73251541197951	1.1886707409889
1	9.98290102516725	0.612265067165971
1	9.31726091151868	1.28050078051745
1	5.30332070511052	1.14015264311392
1	10.0747615832888	1.25599874690858
1	3.82923596449484	1.14679510065486
1	11.5969566128186	1.35164897745284
1	12.2741860713448	0.690300965019304
1	1.49729153160628	0.4250368706988
1	7.15395395372344	0.535407660120149
1	4.05029911945523	0.514554222946008
1	-0.109726383816623	0.902318425003855
1	-0.553939803402985	0.953550727352544
1	-0.226251676677918	0.49917965119889
1	8.81242485221115	0.732650274424635
1	8.55632071564338	0.676202652483561
1	0.175002105410684	1.01804327640245
1	1.30168454422251	1.11206905600368
1	3.50342881885624	0.29305741340029
1	8.68840932869351	0.700271845560182
1	10.0117443452968	1.17674889284772
1	11.2590644663253	1.27179348409329
1	5.52246623443888	0.876420668644384
1	1.11859344544774	0.370840073848392
1	12.9970950903469	0.73964783416972
1	1.0340007896917	0.31177860871643
1	5.8384678084801	0.588830036376419
1	2.91957960781285	1.01404172507807
1	0.0349888098504865	0.929301338558731
1	8.9947178895006	1.2504354778998
1	6.34460717134618	1.40363681141894
1	6.99388021776221	0.607225950104081
1	9.43567368757619	1.30148293434819
1	2.98403160328304	0.912510502694758
1	9.61489063798503	0.692780607784845
1	2.1282747074767	0.294015889598522
1	7.42181550735181	0.85660865339922
1	3.63732299504189	0.869356031387184
1	8.14695862208917	1.22183136142953
1	5.21783591565566	0.562722713471907
1	3.79803920581527	0.903881756275665
1	5.52105325366223	0.838949916303289
1	6.72285671406426	1.18316905806865
1	4.20797677855704	1.15923322681649
1	8.91230044113409	0.743104450921522
1	9.03218425560953	0.766730519848727
1	8.49667672673218	1.33109500182909
1	9.32091834610859	1.37817051455306
1	6.9123546798909	0.689725914459836
1	1.07035984447719	0.365692250672622
1	6.54460496586534	0.740405763071737
1	7.73540897138004	0.782569946251263
1	5.47983669390778	0.822105476764782
1	1.46692306421476	0.301660874564227
1	5.3440734357843	0.842949564476152
1	5.23292947675027	0.644386338555412
1	12.0460714848872	0.736495865518105
1	1.62997162363475	1.14765754820951
1	2.88644765006361	1.12578026646595
1	4.668533833276	0.591644885889941
1	0.803780709811993	0.905383520200106
1	12.6076383930942	1.21992171993285
1	5.9359075149856	0.571931386055405
1	7.42547261116105	1.29943841536879
1	-2.9985591613619	0.438328662730242
1	10.8055576418856	0.72164014592924
1	8.12978496903149	0.786811353265326
1	-0.0621291524143852	1.04572816514903
1	0.475089487267889	0.904747952326101
1	2.05153761369778	0.851113164300082
1	6.02462503540665	1.21341474645468
1	8.74066847700793	0.818020894714545
1	8.39276821289705	1.33312277597874
1	-0.0540511022314258	1.10357108618493
1	10.2448781354606	1.17732551053764
1	3.19817493684269	1.09559602215796
1	-0.475229338323001	0.403695101740002
1	4.11027026380791	0.912566082637722
1	5.69035499382832	0.534194360909038
1	-1.18604411447534	0.420105479403395
1	5.09384561388329	0.950104136329001
1	8.82429058176307	1.34612320897558
1	-2.44773827934238	1.03812084568984
1	6.91695793778167	0.597975097506403
1	0.767720897728969	1.03570851245724
1	14.6158719177026	0.703762667303051
1	1.15683106764185	0.465458539967758
1	1.38770604247118	0.447866799084266
1	0.0230024708188306	0.974779025191762
1	-0.621341522821964	0.987097118716433
1	-0.0667370358522751	0.403296806971163
1	11.5106223174834	0.688002384287635
1	10.3809630483758	0.578302347550833
1	11.8207729573972	0.732230628460298
1	2.4545735165825	0.394639667168055
1	-0.553269126895843	1.08546111793647
1	9.63762828435777	1.20163135852514
1	0.453897148631049	0.413493847637758
1	2.26581546078627	0.847827121395994
1	1.12986398833778	0.42414314098203
1	7.45632988097753	1.20397413434153
1	8.15088203201351	0.559001789360903
1	5.63187883421854	0.59709880894583
1	0.0479606144664847	0.34856248332128
1	5.85334177583055	0.797596182144564
1	7.47175317907716	0.61155917454408
1	0.94456294939532	0.977561329230661
1	8.52163708262522	1.30410303814207
1	2.08564079178643	0.367180924029386
1	0.0115136148397563	1.09736230408168
1	7.32992453795833	0.748930348503982
1	12.8789455866351	1.29334708806926
1	-1.0826905038033	0.465580437482031
1	1.73616109502928	1.05798757746484
1	2.98812319560942	0.530944671102398
1	2.13777704125361	1.16925727077394
1	0.370577449836003	1.04328107701369
1	7.16402454575909	0.806099838705177
1	3.27689919299469	0.409846211005109
1	7.78067610730869	1.24467471611346
1	-1.62928343012448	0.421447249861422
1	1.91628439509508	0.366756364727626
1	11.1582838640615	0.7021850061813
1	11.150414870694	0.739622413651362
1	8.66180901230595	1.40997494356312
1	9.90929073231001	1.23960254301079
1	9.15011536979567	1.27436253991903
1	7.66580506057516	0.671197573106709
1	-4.34858158202059	1.02912576492247
1	6.76808851786802	0.573339434015637
1	4.77210484422042	0.894901687801521
1	7.49602192084265	0.635045845440907
1	5.03162066214857	0.310948584230039
1	1.68542638489522	1.03393313623679
1	5.25455808507939	0.564354808740182
1	2.45984371888309	0.378536926466466
1	8.10240287198131	1.2323145189512
1	9.99457053677909	0.712965924139676
1	5.90181810027828	1.33462592047424
1	4.53342840149862	1.16723437091047
1	-0.00841014455275049	1.02675031358501
1	6.83559412691964	1.46715941527706
1	-2.87807712491032	1.03115310234058
1	-0.766931271538602	0.455357698804458
1	1.13053242829008	1.08082619216081
1	6.65043333581921	0.913357193650465
1	9.44511717584912	0.774536486143338
1	5.38820949799105	0.89981468942308
1	7.81299269178465	1.26294731437841
1	-1.29491353050677	0.505359942108287
1	8.67049521087237	0.693123406527265
1	2.31378192939679	0.544510321051589
1	9.88122450101968	1.35543557244634
1	9.40661557055468	0.627847042090173
1	2.15311722002144	0.997020946509823
1	1.41268317376875	0.51295409196169
1	9.39955268545147	0.718417305131843
1	5.13947219406398	0.557870749358189
1	9.08499027724131	0.82951559829195
1	5.36810319444381	0.857066567316388
1	1.96156831766021	0.5502808001881
1	8.39846714223112	1.45541331872937
1	5.18780636190517	0.919087996426579
1	6.50776261402182	0.617682012148261
1	10.4478676194402	0.664452181372295
1	4.4694732489229	0.918627697109202
1	-0.871306030983109	0.465379254874087
1	2.30034665122364	0.965327363686548
1	2.34588715545427	1.19372977278679
1	12.3909498764063	1.39946726947629
1	13.9387180330806	1.36545251654039
1	0.23706642464464	1.10927583395329
1	4.02049231090547	0.870164939451206
1	10.7951485216016	0.700758483674789
1	0.233671824257256	1.00227224798459
1	4.94907873701757	0.404330359744474
1	1.83688095080756	1.136060659306
1	4.02100722935262	0.940550916141551
1	0.533242306116686	1.09022499204586
1	8.37055999542821	0.713915099470868
1	4.19978810011259	1.17810965306944
1	0.11697167428337	0.917533980471626
1	7.66056494244898	0.577511355208067
1	10.1163885197263	1.38343552461114
1	4.45354499695112	0.448704738059447
1	1.2721136596478	1.08233397886547
1	-0.433043155965496	0.491101579433932
1	1.40126937391547	1.07334137782146
1	-1.42564467382355	1.08859408562145
1	1.09277664001855	0.920126407047561
1	0.58298273947091	0.428762926516644
1	-0.599831042607216	0.461680865055184
1	0.158479537609441	1.02217109420445
1	4.22277918280051	0.564501944076493
1	0.391714334442204	0.347918491879457
1	0.33177022213654	0.969389246454066
1	7.5173302663086	0.641076512739524
1	2.69585614553595	1.0103494271741
1	-2.37380881558173	1.09854641198707
1	6.47047610945289	0.588409837551978
1	7.73251541197951	1.2434809206513
1	9.98290102516725	0.642723015806704
1	9.31726091151868	1.33919063458086
1	5.30332070511052	1.19291300962936
1	10.0747615832888	1.31365342867921
1	3.82923596449484	1.19983610052965
1	11.5969566128186	1.41334473067241
1	12.2741860713448	0.724055807321586
1	1.49729153160628	0.447584723202035
1	7.15395395372344	0.562618504478072
1	4.05029911945523	0.540884042458544
1	-0.109726383816623	0.945030670747236
1	-0.553939803402985	0.998427457102983
1	-0.226251676677918	0.524859919292957
1	8.81242485221115	0.76819430828606
1	8.55632071564338	0.709361863307045
1	0.175002105410684	1.06564471467843
1	1.30168454422251	1.16364293523718
1	3.50342881885624	0.310029341896859
1	8.68840932869351	0.73444794184633
1	10.0117443452968	1.23105539322082
1	11.2590644663253	1.33011546860974
1	5.52246623443888	0.918038775009112
1	1.11859344544774	0.391098197125365
1	12.9970950903469	0.775487503898798
1	1.0340007896917	0.329541478201343
1	5.8384678084801	0.618297891911367
1	2.91957960781285	1.06147410411901
1	0.0349888098504865	0.973153569861532
1	8.9947178895006	1.30785512032524
1	6.34460717134618	1.46752896866531
1	6.99388021776221	0.637471003993062
1	9.43567368757619	1.36105925133281
1	2.98403160328304	0.955653347652879
1	9.61489063798503	0.726640211084841
1	2.1282747074767	0.311028312203439
1	7.42181550735181	0.897389733353269
1	3.63732299504189	0.91067566796512
1	8.14695862208917	1.27804252502819
1	5.21783591565566	0.591087575772054
1	3.79803920581527	0.946660050300705
1	5.52105325366223	0.878984942453844
1	6.72285671406426	1.23774680030101
1	4.20797677855704	1.21279971791303
1	8.91230044113409	0.779090157259044
1	9.03218425560953	0.80371439035218
1	8.49667672673218	1.39192238198167
1	9.32091834610859	1.44098676090419
1	6.9123546798909	0.723456461782541
1	1.07035984447719	0.385732886535907
1	6.54460496586534	0.776277454102058
1	7.73540897138004	0.820223007549537
1	5.47983669390778	0.861428851899913
1	1.46692306421476	0.318996285731708
1	5.3440734357843	0.883153569456609
1	5.23292947675027	0.676201360273509
1	12.0460714848872	0.772202369540696
1	1.62997162363475	1.20073498513384
1	2.88644765006361	1.17793342272591
1	4.668533833276	0.621231664379256
1	0.803780709811993	0.948225261383439
1	12.6076383930942	1.2760522041888
1	5.9359075149856	0.600685300254831
1	7.42547261116105	1.35892835464969
1	-2.9985591613619	0.461438072492438
1	10.8055576418856	0.756719019219085
1	8.12978496903149	0.824643607323412
1	-0.0621291524143852	1.09449924632963
1	0.475089487267889	0.947562841768723
1	2.05153761369778	0.891662068503272
1	6.02462503540665	1.26927032133935
1	8.74066847700793	0.857171702697353
1	8.39276821289705	1.39403582639237
1	-0.0540511022314258	1.15478593959055
1	10.2448781354606	1.23165637209911
1	3.19817493684269	1.14647394168105
1	-0.475229338323001	0.425341298149797
1	4.11027026380791	0.955711275760811
1	5.69035499382832	0.561353945288045
1	-1.18604411447534	0.442444988398684
1	5.09384561388329	0.994835253042209
1	8.82429058176307	1.40758550718829
1	-2.44773827934238	1.08657052961614
1	6.91695793778167	0.627829317457002
1	0.767720897728969	1.08405627910749
1	14.6158719177026	0.738086245304592
1	1.15683106764185	0.489714144273279
1	1.38770604247118	0.47137918007065
1	0.0230024708188306	1.02055261705972
1	-0.621341522821964	1.03339113061647
1	-0.0667370358522751	0.424926176054882
1	11.5106223174834	0.721660115177691
1	10.3809630483758	0.607325424829688
1	11.8207729573972	0.767756932941297
1	2.4545735165825	0.415903285742981
1	-0.553269126895843	1.13591085373377
1	9.63762828435777	1.25698910384617
1	0.453897148631049	0.435554025614115
1	2.26581546078627	0.888237195466897
1	1.12986398833778	0.446653234813687
1	7.45632988097753	1.25943085824745
1	8.15088203201351	0.587209448483356
1	5.63187883421854	0.626916007086205
1	0.0479606144664847	0.367879413518865
1	5.85334177583055	0.83588407822063
1	7.47175317907716	0.641987300334371
1	0.94456294939532	1.02345246905799
1	8.52163708262522	1.36379005038141
1	2.08564079178643	0.387284453995117
1	0.0115136148397563	1.14831484623152
1	7.32992453795833	0.785162189829898
1	12.8789455866351	1.35257967837467
1	-1.0826905038033	0.48984119176536
1	1.73616109502928	1.10727659948895
1	2.98812319560942	0.557966961210175
1	2.13777704125361	1.22042952743673
1	0.370577449836003	1.08945224731671
1	7.16402454575909	0.842855231151351
1	3.27689919299469	0.430870864544611
1	7.78067610730869	1.29884094446183
1	-1.62928343012448	0.442932449123505
1	1.91628439509508	0.386070409016043
1	11.1582838640615	0.734815118794829
1	11.150414870694	0.773738741257224
1	8.66180901230595	1.47070336980054
1	9.90929073231001	1.2935674128726
1	9.15011536979567	1.32970733515574
1	7.66580506057516	0.702597526082549
1	-4.34858158202059	1.07473498827261
1	6.76808851786802	0.600854549785394
1	4.77210484422042	0.935182394856604
1	7.49602192084265	0.665010623192644
1	5.03162066214857	0.328047134293043
1	1.68542638489522	1.07973320579675
1	5.25455808507939	0.591513246906247
1	2.45984371888309	0.398318643295734
1	8.10240287198131	1.28599006400785
1	9.99457053677909	0.746024024773306
1	5.90181810027828	1.3923630912979
1	4.53342840149862	1.21832632115494
1	-0.00841014455275049	1.07226523469497
1	6.83559412691964	1.53015798853944
1	-2.87807712491032	1.07684280827403
1	-0.766931271538602	0.478189097523761
1	1.13053242829008	1.12848785330685
1	6.65043333581921	0.954370559597746
1	9.44511717584912	0.810038855718651
1	5.38820949799105	0.940290436069865
1	7.81299269178465	1.31783894043258
1	-1.29491353050677	0.530176362993131
1	8.67049521087237	0.725393785757249
1	2.31378192939679	0.570880959604619
1	9.88122450101968	1.41399885861387
1	9.40661557055468	0.657526036979535
1	2.15311722002144	1.04135565151921
1	1.41268317376875	0.538071990436166
1	9.39955268545147	0.751691818297938
1	5.13947219406398	0.584771779041243
1	9.08499027724131	0.867200565067825
1	5.36810319444381	0.895845270704505
1	1.96156831766021	0.576880519043031
1	8.39846714223112	1.51794558767287
1	5.18780636190517	0.960328867577333
1	6.50776261402182	0.646957468947832
1	10.4478676194402	0.695584351320347
1	4.4694732489229	0.95985029499285
1	-0.871306030983109	0.488608495962392
1	2.30034665122364	1.00840387585792
1	2.34588715545427	1.24587355503987
1	12.3909498764063	1.45977855510976
1	13.9387180330806	1.42441346198767
1	0.23706642464464	1.15806690781821
1	4.02049231090547	0.909463630689911
1	10.7951485216016	0.733331965253228
1	0.233671824257256	1.04681542263727
1	4.94907873701757	0.425136041368103
1	1.83688095080756	1.18591505490434
1	4.02100722935262	0.982643836491629
1	0.533242306116686	1.1382597729735
1	8.37055999542821	0.747010881095328
1	4.19978810011259	1.22963333746653
1	0.11697167428337	0.95871315926795
1	7.66056494244898	0.605192090667916
1	10.1163885197263	1.44311037142094
1	4.45354499695112	0.471272023137587
1	1.2721136596478	1.13005549712654
1	-0.433043155965496	0.515351962395618
1	1.40126937391547	1.12070590185151
1	-1.42564467382355	1.13656412174589
1	1.09277664001855	0.96140850171077
1	0.58298273947091	0.450538548354938
1	-0.599831042607216	0.484763285015431
1	0.158479537609441	1.06750422643114
1	4.22277918280051	0.59166622331857
1	0.391714334442204	0.366484697817341
1	0.33177022213654	1.01262700993727
1	7.5173302663086	0.671280699915115
1	2.69585614553595	1.05521325503486
1	-2.37380881558173	1.14691154215388
1	6.47047610945289	0.616523228180755
1	7.73251541197951	1.2975997569169
1	9.98290102516725	0.672992566951349
1	9.31726091151868	1.39710901844782
1	5.30332070511052	1.24502436747777
1	10.0747615832888	1.37055801963586
1	3.82923596449484	1.25222229582499
1	11.5969566128186	1.47420693294993
1	12.2741860713448	0.757554161481355
1	1.49729153160628	0.470107545188705
1	7.15395395372344	0.58970801368778
1	4.05029911945523	0.56711072260271
1	-0.109726383816623	0.987301431362089
1	-0.553939803402985	1.04281799870128
1	-0.226251676677918	0.55045046318472
1	8.81242485221115	0.803444901885084
1	8.55632071564338	0.742276887547177
1	0.175002105410684	1.11270369147839
1	1.30168454422251	1.21459231029009
1	3.50342881885624	0.32709139926901
1	8.68840932869351	0.768358849844005
1	10.0117443452968	1.28468095267045
1	11.2590644663253	1.38767358052851
1	5.52246623443888	0.959237993473254
1	1.11859344544774	0.411378579595167
1	12.9970950903469	0.81102762760672
1	1.0340007896917	0.347378141281203
1	5.8384678084801	0.647597798313602
1	2.91957960781285	1.10836751325925
1	0.0349888098504865	1.01654077194806
1	8.9947178895006	1.36452952619729
1	6.34460717134618	1.5305422127028
1	6.99388021776221	0.667532057294913
1	9.43567368757619	1.41984579002871
1	2.98403160328304	0.998345814329737
1	9.61489063798503	0.760241162616564
1	2.1282747074767	0.328130027360326
1	7.42181550735181	0.937769212488218
1	3.63732299504189	0.951582580930071
1	8.14695862208917	1.3335334107506
1	5.21783591565566	0.619307269025857
1	3.79803920581527	0.988995495104026
1	5.52105325366223	0.918633776012244
1	6.72285671406426	1.29163799965988
1	4.20797677855704	1.26570055147561
1	8.91230044113409	0.814773301485694
1	9.03218425560953	0.840375083690022
1	8.49667672673218	1.45193414567525
1	9.32091834610859	1.50294631480206
1	6.9123546798909	0.756931022726221
1	1.07035984447719	0.405800273353086
1	6.54460496586534	0.811848937776244
1	7.73540897138004	0.857539070904681
1	5.47983669390778	0.900380732150078
1	1.46692306421476	0.336414318778014
1	5.3440734357843	0.922967891930177
1	5.23292947675027	0.707799956905743
1	12.0460714848872	0.807612077809495
1	1.62997162363475	1.25315686494543
1	2.88644765006361	1.22945011101412
1	4.668533833276	0.650648037623628
1	0.803780709811993	0.990622842972786
1	12.6076383930942	1.33146407683657
1	5.9359075149856	0.629286010330645
1	7.42547261116105	1.41763029959802
1	-2.9985591613619	0.484510853912755
1	10.8055576418856	0.791514059193934
1	8.12978496903149	0.862135162575646
1	-0.0621291524143852	1.14270370943419
1	0.475089487267889	0.989934126185559
1	2.05153761369778	0.931814167006218
1	6.02462503540665	1.32441296231088
1	8.74066847700793	0.895954579819443
1	8.39276821289705	1.45413149100167
1	-0.0540511022314258	1.20538370376528
1	10.2448781354606	1.28530578960621
1	3.19817493684269	1.19674173065867
1	-0.475229338323001	0.446981085919423
1	4.11027026380791	0.998406042106057
1	5.69035499382832	0.588393253189653
1	-1.18604411447534	0.464763769789662
1	5.09384561388329	1.03908318894498
1	8.82429058176307	1.46821907599825
1	-2.44773827934238	1.13446023327431
1	6.91695793778167	0.65750760870214
1	0.767720897728969	1.13184617038406
1	14.6158719177026	0.772141589082192
1	1.15683106764185	0.513909447915215
1	1.38770604247118	0.494846610162484
1	0.0230024708188306	1.06582149790899
1	-0.621341522821964	1.07916968327841
1	-0.0667370358522751	0.446549484032695
1	11.5106223174834	0.755063363564334
1	10.3809630483758	0.636189738967883
1	11.8207729573972	0.80299016332426
1	2.4545735165825	0.437168397046346
1	-0.553269126895843	1.18575930225131
1	9.63762828435777	1.31164419691318
1	0.453897148631049	0.457599245001361
1	2.26581546078627	0.928253331092136
1	1.12986398833778	0.469139077957496
1	7.45632988097753	1.31418288569758
1	8.15088203201351	0.615275185272005
1	5.63187883421854	0.65655804113146
1	0.0479606144664847	0.387238041341865
1	5.85334177583055	0.873821865129843
1	7.47175317907716	0.672227644559014
1	0.94456294939532	1.06883647015213
1	8.52163708262522	1.42268499814625
1	2.08564079178643	0.40741343596472
1	0.0115136148397563	1.198655716657
1	7.32992453795833	0.821086385626369
1	12.8789455866351	1.41102958936821
1	-1.0826905038033	0.514041539022766
1	1.73616109502928	1.15598830642024
1	2.98812319560942	0.584871810375041
1	2.13777704125361	1.27098182502175
1	0.370577449836003	1.13510644715927
1	7.16402454575909	0.879287554596185
1	3.27689919299469	0.451896396108007
1	7.78067610730869	1.35232555812764
1	-1.62928343012448	0.464409042276684
1	1.91628439509508	0.405420558330818
1	11.1582838640615	0.767207115322324
1	11.150414870694	0.80758634678146
1	8.66180901230595	1.53061504437947
1	9.90929073231001	1.34685481467733
1	9.15011536979567	1.38434624518835
1	7.66580506057516	0.733784695956237
1	-4.34858158202059	1.1198388134759
1	6.76808851786802	0.628236883873397
1	4.77210484422042	0.97506743522836
1	7.49602192084265	0.694792172763159
1	5.03162066214857	0.345227413606925
1	1.68542638489522	1.12502394706631
1	5.25455808507939	0.618546248541308
1	2.45984371888309	0.418126834254216
1	8.10240287198131	1.33899409914521
1	9.99457053677909	0.778835195656982
1	5.90181810027828	1.44934511013098
1	4.53342840149862	1.26879996609172
1	-0.00841014455275049	1.11727669964759
1	6.83559412691964	1.59229306044007
1	-2.87807712491032	1.12202545866273
1	-0.766931271538602	0.500984167513364
1	1.13053242829008	1.17560184994318
1	6.65043333581921	0.994973171034609
1	9.44511717584912	0.845243960104764
1	5.38820949799105	0.98036649953442
1	7.81299269178465	1.37203401350853
1	-1.29491353050677	0.554915577092299
1	8.67049521087237	0.757433456980385
1	2.31378192939679	0.597142384980337
1	9.88122450101968	1.47178998039176
1	9.40661557055468	0.687027688885356
1	2.15311722002144	1.08521120485545
1	1.41268317376875	0.563106473721857
1	9.39955268545147	0.784714945076882
1	5.13947219406398	0.611552673070312
1	9.08499027724131	0.904543319886607
1	5.36810319444381	0.934259238544995
1	1.96156831766021	0.603366307212923
1	8.39846714223112	1.57962395797564
1	5.18780636190517	1.00115429914634
1	6.50776261402182	0.676063892924276
1	10.4478676194402	0.726509252688851
1	4.4694732489229	1.00065782960069
1	-0.871306030983109	0.511793215453979
1	2.30034665122364	1.05102714663471
1	2.34588715545427	1.29737737134667
1	12.3909498764063	1.51928167936511
1	13.9387180330806	1.48259405394868
1	0.23706642464464	1.20628705889593
1	4.02049231090547	0.94838687814164
1	10.7951485216016	0.765668496962647
1	0.233671824257256	1.0908751525495
1	4.94907873701757	0.44594711035884
1	1.83688095080756	1.23517663046614
1	4.02100722935262	1.02430377079853
1	0.533242306116686	1.18573920564282
1	8.37055999542821	0.779858956995802
1	4.19978810011259	1.28052982574697
1	0.11697167428337	0.999478168928547
1	7.66056494244898	0.632736633798472
1	10.1163885197263	1.50199016319586
1	4.45354499695112	0.493808418444036
1	1.2721136596478	1.17722811822543
1	-0.433043155965496	0.539536795131595
1	1.40126937391547	1.1675288803905
1	-1.42564467382355	1.18398014291787
1	1.09277664001855	1.00227430786617
1	0.58298273947091	0.472299583339862
1	-0.599831042607216	0.507804206903026
1	0.158479537609441	1.11233764612425
1	4.22277918280051	0.61870494574291
1	0.391714334442204	0.385102409203042
1	0.33177022213654	1.05540821133745
1	7.5173302663086	0.701296728691576
1	2.69585614553595	1.09958703486376
1	-2.37380881558173	1.19471452109818
1	6.47047610945289	0.644491516704561
1	7.73251541197951	1.3510379544569
1	9.98290102516725	0.703072613640366
1	9.31726091151868	1.45426851855886
1	5.30332070511052	1.29649642710374
1	10.0747615832888	1.42672460412656
1	3.82923596449484	1.3039635331019
1	11.5969566128186	1.53424962868563
1	12.2741860713448	0.790796519640626
1	1.49729153160628	0.492600393043204
1	7.15395395372344	0.616673505837655
1	4.05029911945523	0.593231154140942
1	-0.109726383816623	1.02913554362488
1	-0.553939803402985	1.08672823876963
1	-0.226251676677918	0.575947858582873
1	8.81242485221115	0.838403415180311
1	8.55632071564338	0.77494792844517
1	0.175002105410684	1.15922741499752
1	1.30168454422251	1.26492631612174
1	3.50342881885624	0.344235937395113
1	8.68840932869351	0.802005266017221
1	10.0117443452968	1.33763603156685
1	11.2590644663253	1.44448022786135
1	5.52246623443888	1.0000226301198
1	1.11859344544774	0.431675167048418
1	12.9970950903469	0.846269708645183
1	1.0340007896917	0.365281333466703
1	5.8384678084801	0.676728168395951
1	2.91957960781285	1.15472907869473
1	0.0349888098504865	1.05946833452517
1	8.9947178895006	1.42047066586218
1	6.34460717134618	1.59269165325963
1	6.99388021776221	0.697407899789154
1	9.43567368757619	1.47785556684003
1	2.98403160328304	1.04059294835654
1	9.61489063798503	0.793584005334549
1	2.1282747074767	0.345313406588524
1	7.42181550735181	0.977750990901792
1	3.63732299504189	0.992080931597389
1	8.14695862208917	1.38831540279115
1	5.21783591565566	0.647379671058248
1	3.79803920581527	1.03089295949768
1	5.52105325366223	0.957899955215649
1	6.72285671406426	1.34485324807668
1	4.20797677855704	1.3179458289457
1	8.91230044113409	0.850155457785712
1	9.03218425560953	0.876714658188854
1	8.49667672673218	1.51114391612064
1	9.32091834610859	1.56406376412282
1	6.9123546798909	0.790150077649031
1	1.07035984447719	0.425888251426252
1	6.54460496586534	0.847121732977374
1	7.73540897138004	0.89452051922278
1	5.47983669390778	0.938964310578353
1	1.46692306421476	0.353907501882531
1	5.3440734357843	0.962396152094294
1	5.23292947675027	0.739181679717522
1	12.0460714848872	0.842726429086463
1	1.62997162363475	1.30493305187845
1	2.88644765006361	1.2803397472583
1	4.668533833276	0.679892476117421
1	0.803780709811993	1.03258116455415
1	12.6076383930942	1.3861686829384
1	5.9359075149856	0.657731582810712
1	7.42547261116105	1.47555722472187
1	-2.9985591613619	0.507542335749274
1	10.8055576418856	0.826026400194259
1	8.12978496903149	0.899288488842477
1	-0.0621291524143852	1.19034932997309
1	0.475089487267889	1.03186669213864
1	2.05153761369778	0.971573247293789
1	6.02462503540665	1.37885388109146
1	8.74066847700793	0.934372635443163
1	8.39276821289705	1.51342343457031
1	-0.0540511022314258	1.25537333952918
1	10.2448781354606	1.33828423524516
1	3.19817493684269	1.24640818648689
1	-0.475229338323001	0.468609084100496
1	4.11027026380791	1.04065542844361
1	5.69035499382832	0.615309577839471
1	-1.18604411447534	0.487056778907288
1	5.09384561388329	1.08285376003243
1	8.82429058176307	1.52803784657235
1	-2.44773827934238	1.18179757628651
1	6.91695793778167	0.687008571454056
1	0.767720897728969	1.1790857564759
1	14.6158719177026	0.805929466633335
1	1.15683106764185	0.538040335593596
1	1.38770604247118	0.518264613572112
1	0.0230024708188306	1.11059198936929
1	-0.621341522821964	1.12443935075279
1	-0.0667370358522751	0.468161341794414
1	11.5106223174834	0.788212574487359
1	10.3809630483758	0.664893487046203
1	11.8207729573972	0.83793167096846
1	2.4545735165825	0.45842943456697
1	-0.553269126895843	1.23501505320202
1	9.63762828435777	1.3656076079847
1	0.453897148631049	0.47962432564575
1	2.26581546078627	0.967879248419414
1	1.12986398833778	0.491595708483658
1	7.45632988097753	1.36824123495832
1	8.15088203201351	0.643196801303083
1	5.63187883421854	0.686023493337043
1	0.0479606144664847	0.406631856071389
1	5.85334177583055	0.911412233693972
1	7.47175317907716	0.702279085793408
1	0.94456294939532	1.11371971115743
1	8.52163708262522	1.48080095153154
1	2.08564079178643	0.427561740745992
1	0.0115136148397563	1.24839374894863
1	7.32992453795833	0.856704629461181
1	12.8789455866351	1.46870967073531
1	-1.0826905038033	0.538177366452187
1	1.73616109502928	1.20413072498736
1	2.98812319560942	0.61165644523038
1	2.13777704125361	1.32092323881563
1	0.370577449836003	1.1802503369005
1	7.16402454575909	0.915398922702531
1	3.27689919299469	0.472917323289815
1	7.78067610730869	1.4051390781283
1	-1.62928343012448	0.485871769304063
1	1.91628439509508	0.424800504246481
1	11.1582838640615	0.799361117409117
1	11.150414870694	0.841166069533763
1	8.66180901230595	1.58972365707522
1	9.90929073231001	1.39947517221027
1	9.15011536979567	1.43829036014132
1	7.66580506057516	0.764758610352909
1	-4.34858158202059	1.16444362953819
1	6.76808851786802	0.655484087992335
1	4.77210484422042	1.01456062488561
1	7.49602192084265	0.72438932875934
1	5.03162066214857	0.362482043927079
1	1.68542638489522	1.16981184120726
1	5.25455808507939	0.645451293125366
1	2.45984371888309	0.437955416746432
1	8.10240287198131	1.39133690843925
1	9.99457053677909	0.811399765103139
1	5.90181810027828	1.50558422232969
1	4.53342840149862	1.31866434222902
1	-0.00841014455275049	1.16179105191202
1	6.83559412691964	1.65357941696421
1	-2.87807712491032	1.16670748137602
1	-0.766931271538602	0.523738298809946
1	1.13053242829008	1.22217556215801
1	6.65043333581921	1.03516919771662
1	9.44511717584912	0.880153307904119
1	5.38820949799105	1.0200467899664
1	7.81299269178465	1.42554340490412
1	-1.29491353050677	0.579573932971128
1	8.67049521087237	0.789242368133741
1	2.31378192939679	0.62329169624561
1	9.88122450101968	1.52882158205123
1	9.40661557055468	0.716350694415528
1	2.15311722002144	1.12859338008423
1	1.41268317376875	0.588054035961774
1	9.39955268545147	0.817487118282523
1	5.13947219406398	0.638210786627838
1	9.08499027724131	0.941546425284542
1	5.36810319444381	0.972311561518275
1	1.96156831766021	0.629735374383072
1	8.39846714223112	1.64046299045363
1	5.18780636190517	1.041568570747
1	6.50776261402182	0.70499978582478
1	10.4478676194402	0.757226283795717
1	4.4694732489229	1.04105457172233
1	-0.871306030983109	0.534928995495883
1	2.30034665122364	1.09320234202571
1	2.34588715545427	1.34825076612466
1	12.3909498764063	1.57799013058857
1	13.9387180330806	1.54000712871661
1	0.23706642464464	1.25394421264614
1	4.02049231090547	0.986938023578844
1	10.7951485216016	0.797768173102353
1	0.233671824257256	1.13445731195292
1	4.94907873701757	0.46675797857392
1	1.83688095080756	1.28385382490849
1	4.02100722935262	1.06553541011367
1	0.533242306116686	1.23267085031433
1	8.37055999542821	0.812459673680145
1	4.19978810011259	1.33080836289502
1	0.11697167428337	1.03983325927679
1	7.66056494244898	0.660142716286957
1	10.1163885197263	1.56008808095819
1	4.45354499695112	0.516309186480127
1	1.2721136596478	1.22385925115418
1	-0.433043155965496	0.563652152878478
1	1.40126937391547	1.2138175500449
1	-1.42564467382355	1.23084967813389
1	1.09277664001855	1.0427281250332
1	0.58298273947091	0.494040911693945
1	-0.599831042607216	0.530799141967934
1	0.158479537609441	1.15667760897061
1	4.22277918280051	0.645615593650055
1	0.391714334442204	0.403764956494473
1	0.33177022213654	1.09773809452854
1	7.5173302663086	0.731123549281955
1	2.69585614553595	1.14347679572967
1	-2.37380881558173	1.24196306859973
1	6.47047610945289	0.672312643731395
1	7.73251541197951	1.403806011404
1	9.98290102516725	0.732962137649794
1	9.31726091151868	1.51068146777443
1	5.30332070511052	1.34733871726762
1	10.0747615832888	1.48216502547085
1	3.82923596449484	1.35506947383436
1	11.5969566128186	1.59348657225269
1	12.2741860713448	0.823783422701716
1	1.49729153160628	0.515058507796501
1	7.15395395372344	0.643512427123243
1	4.05029911945523	0.619242366625386
1	-0.109726383816623	1.07053778446266
1	-0.553939803402985	1.13016397783615
1	-0.226251676677918	0.601348827861718
1	8.81242485221115	0.873071235196454
1	8.55632071564338	0.807375245224648
1	0.175002105410684	1.20522297429948
1	1.30168454422251	1.31465392039357
1	3.50342881885624	0.361455560408949
1	8.68840932869351	0.83538793048253
1	10.0117443452968	1.38993088984891
1	11.2590644663253	1.50054756950038
1	5.52246623443888	1.04039694444888
1	1.11859344544774	0.45198211768559
1	12.9970950903469	0.881215273847367
1	1.0340007896917	0.383244032933677
1	5.8384678084801	0.70568751571184
1	2.91957960781285	1.20056580953969
1	0.0349888098504865	1.1019415736278
1	8.9947178895006	1.47569027148754
1	6.34460717134618	1.65399208340527
1	6.99388021776221	0.727097412572265
1	9.43567368757619	1.53510133384231
1	2.98403160328304	1.08239973029401
1	9.61489063798503	0.826669329683391
1	2.1282747074767	0.362571073171789
1	7.42181550735181	1.01733893225793
1	3.63732299504189	1.03217483831857
1	8.14695862208917	1.44239966181855
1	5.21783591565566	0.675302773808701
1	3.79803920581527	1.07235725164345
1	5.52105325366223	0.996786990913437
1	6.72285671406426	1.39740293376267
1	4.20797677855704	1.36954546030613
1	8.91230044113409	0.88523822205411
1	9.03218425560953	0.912735181783168
1	8.49667672673218	1.56956503703073
1	9.32091834610859	1.62435339312942
1	6.9123546798909	0.823114155964004
1	1.07035984447719	0.445990876104412
1	6.54460496586534	0.882097381681745
1	7.73540897138004	0.931169736903779
1	5.47983669390778	0.977182761488898
1	1.46692306421476	0.371468611072781
1	5.3440734357843	1.00144194070972
1	5.23292947675027	0.770346152255144
1	12.0460714848872	0.877546887229696
1	1.62997162363475	1.35607322463826
1	2.88644765006361	1.33061157306441
1	4.668533833276	0.708963549653634
1	0.803780709811993	1.07410506429396
1	12.6076383930942	1.44017714500913
1	5.9359075149856	0.686020193620127
1	7.42547261116105	1.53272184124813
1	-2.9985591613619	0.530528024597696
1	10.8055576418856	0.860257209266773
1	8.12978496903149	0.936106055265483
1	-0.0621291524143852	1.23744375014305
1	0.475089487267889	1.073365365096
1	2.05153761369778	1.01094306323223
1	6.02462503540665	1.43260407018917
1	8.74066847700793	0.972428962264344
1	8.39276821289705	1.57192504132532
1	-0.0540511022314258	1.30476364475758
1	10.2448781354606	1.39060198047543
1	3.19817493684269	1.29548194770245
1	-0.475229338323001	0.49022010732391
1	4.11027026380791	1.08246441644464
1	5.69035499382832	0.642100341191808
1	-1.18604411447534	0.509319158255289
1	5.09384561388329	1.12615269797114
1	8.82429058176307	1.5870554628811
1	-2.44773827934238	1.22859004885825
1	6.91695793778167	0.716330901980869
1	0.767720897728969	1.22578247939106
1	14.6158719177026	0.839450687819805
1	1.15683106764185	0.562102855948301
1	1.38770604247118	0.541628887463412
1	0.0230024708188306	1.15487031610173
1	-0.621341522821964	1.1692066038113
1	-0.0667370358522751	0.489756556013161
1	11.5106223174834	0.821108242924351
1	10.3809630483758	0.693434972279028
1	11.8207729573972	0.87258283451425
1	2.4545735165825	0.479681032011756
1	-0.553269126895843	1.28368654263126
1	9.63762828435777	1.4188900941414
1	0.453897148631049	0.501624277953228
1	2.26581546078627	1.00711863566114
1	1.12986398833778	0.514018349566775
1	7.45632988097753	1.42161670991808
1	8.15088203201351	0.670972214173477
1	5.63187883421854	0.715311042463176
1	0.0479606144664847	0.42605457081049
1	5.85334177583055	0.948657868531198
1	7.47175317907716	0.732140591710139
1	0.94456294939532	1.1581084723243
1	8.52163708262522	1.53815071496145
1	2.08564079178643	0.447723453431041
1	0.0115136148397563	1.29753761693275
1	7.32992453795833	0.892018633628464
1	12.8789455866351	1.52563251200052
1	-1.0826905038033	0.562244725128966
1	1.73616109502928	1.25171174232527
1	2.98812319560942	0.638318222802988
1	2.13777704125361	1.37026267777916
1	0.370577449836003	1.22489047090212
1	7.16402454575909	0.951191456718897
1	3.27689919299469	0.493928361031017
1	7.78067610730869	1.45729182303893
1	-1.62928343012448	0.507315561979618
1	1.91628439509508	0.444204156319205
1	11.1582838640615	0.831277304049684
1	11.150414870694	0.874478788244667
1	8.66180901230595	1.6480426160607
1	9.90929073231001	1.45143870924347
1	9.15011536979567	1.49155055347973
1	7.66580506057516	0.795518869086323
1	-4.34858158202059	1.20855572624671
1	6.76808851786802	0.682593932906537
1	4.77210484422042	1.05366574485674
1	7.49602192084265	0.753801015289304
1	5.03162066214857	0.379803891716171
1	1.68542638489522	1.21410326786056
1	5.25455808507939	0.672225983492685
1	2.45984371888309	0.45779852051698
1	8.10240287198131	1.44302857944281
1	9.99457053677909	0.843718113610512
1	5.90181810027828	1.56109242773142
1	4.53342840149862	1.36792832071798
1	-0.00841014455275049	1.20581453687634
1	6.83559412691964	1.71403153510975
1	-2.87807712491032	1.21089520409374
1	-0.766931271538602	0.54644705700178
1	1.13053242829008	1.26821624606228
1	6.65043333581921	1.07496276562083
1	9.44511717584912	0.914768430420096
1	5.38820949799105	1.05933518022225
1	7.81299269178465	1.47837777472443
1	-1.29491353050677	0.604147930801108
1	8.67049521087237	0.820820528843011
1	2.31378192939679	0.649326125324839
1	9.88122450101968	1.5851060523793
1	9.40661557055468	0.74549384312659
1	2.15311722002144	1.17150786692724
1	1.41268317376875	0.612911319268337
1	9.39955268545147	0.850008820304406
1	5.13947219406398	0.66474360135566
1	9.08499027724131	0.978212440170019
1	5.36810319444381	1.0100053134831
1	1.96156831766021	0.655985060332901
1	8.39846714223112	1.70047694256047
1	5.18780636190517	1.08157591546981
1	6.50776261402182	0.733763747213078
1	10.4478676194402	0.787734918377763
1	4.4694732489229	1.08104474584487
1	-0.871306030983109	0.558011588987533
1	2.30034665122364	1.13493455937337
1	2.34588715545427	1.3985031057459
1	12.3909498764063	1.63591712055593
1	13.9387180330806	1.59666526230342
1	0.23706642464464	1.30104615692707
1	4.02049231090547	1.02512038567967
1	10.7951485216016	0.829631146003934
1	0.233671824257256	1.17756768872036
1	4.94907873701757	0.487563257858508
1	1.83688095080756	1.3319549267201
1	4.02100722935262	1.10634338868723
1	0.533242306116686	1.27906213877027
1	8.37055999542821	0.844813429387962
1	4.19978810011259	1.3804780233298
1	0.11697167428337	1.07978263435732
1	7.66056494244898	0.687408186874354
1	10.1163885197263	1.61741703683717
1	4.45354499695112	0.5387697684848
1	1.2721136596478	1.26995618020549
1	-0.433043155965496	0.587694269307184
1	1.40126937391547	1.25957902702829
1	-1.42564467382355	1.27718012869322
1	1.09277664001855	1.08277420571109
1	0.58298273947091	0.515757601927202
1	-0.599831042607216	0.553743773983623
1	0.158479537609441	1.20053027476891
1	4.22277918280051	0.672395772624351
1	0.391714334442204	0.422465897152405
1	0.33177022213654	1.13962183277293
1	7.5173302663086	0.760760198512522
1	2.69585614553595	1.18688847647456
1	-2.37380881558173	1.28866477197497
1	6.47047610945289	0.699984661703875
1	7.73251541197951	1.4559142240203
1	9.98290102516725	0.762660206580405
1	9.31726091151868	1.56635995125023
1	5.30332070511052	1.39756058907551
1	10.0747615832888	1.53689089151294
1	3.82923596449484	1.40554959852677
1	11.5969566128186	1.6519312348081
1	12.2741860713448	0.856515458442433
1	1.49729153160628	0.537477309753533
1	7.15395395372344	0.670222347925847
1	4.05029911945523	0.645141524202303
1	-0.109726383816623	1.1115128718559
1	-0.553939803402985	1.17313093191135
1	-0.226251676677918	0.626650235663422
1	8.81242485221115	0.907449774696352
1	8.55632071564338	0.839559151021472
1	0.175002105410684	1.25069734174082
1	1.30168454422251	1.36378392712981
1	3.50342881885624	0.378743117591788
1	8.68840932869351	0.868507625255316
1	10.0117443452968	1.44157559153536
1	11.2590644663253	1.55588752097893
1	5.52246623443888	1.08036514994017
1	1.11859344544774	0.472293796031805
1	12.9970950903469	0.91586587229196
1	1.0340007896917	0.401259453661335
1	5.8384678084801	0.734474451336303
1	2.91957960781285	1.24588460019854
1	0.0349888098504865	1.14396573287665
1	8.9947178895006	1.53019984254242
1	6.34460717134618	1.71445798704487
1	6.99388021776221	0.756599565080581
1	9.43567368757619	1.59159558493376
1	2.98403160328304	1.12377107666921
1	9.61489063798503	0.859497771745537
1	2.1282747074767	0.37989589506297
1	7.42181550735181	1.05653686408865
1	3.63732299504189	1.07186837695071
1	8.14695862208917	1.49579713007985
1	5.21783591565566	0.703074679768973
1	3.79803920581527	1.11339311997626
1	5.52105325366223	1.03529836663689
1	6.72285671406426	1.44929724580451
1	4.20797677855704	1.42050916836199
1	8.91230044113409	0.920023210706142
1	9.03218425560953	0.948438731135471
1	8.49667672673218	1.62721057916114
1	9.32091834610859	1.68382918963124
1	6.9123546798909	0.855823834246684
1	1.07035984447719	0.466102411630601
1	6.54460496586534	0.916777447732868
1	7.73540897138004	0.967489109169874
1	5.47983669390778	1.01503924027517
1	1.46692306421476	0.389090663229619
1	5.3440734357843	1.04010881922282
1	5.23292947675027	0.801293067857284
1	12.0460714848872	0.912074939916009
1	1.62997162363475	1.40658688053013
1	2.88644765006361	1.3802746595577
1	4.668533833276	0.737859924141933
1	0.803780709811993	1.11519931988224
1	12.6076383930942	1.49350036809507
1	5.9359075149856	0.714150124640044
1	7.42547261116105	1.58913660324678
1	-2.9985591613619	0.553463599693496
1	10.8055576418856	0.894207684691689
1	8.12978496903149	0.972590329691517
1	-0.0621291524143852	1.28399448161569
1	0.475089487267889	1.11443491036648
1	2.05153761369778	1.04992733529879
1	6.02462503540665	1.48567430789133
1	8.74066847700793	1.01012663610681
1	8.39276821289705	1.62964942152433
1	-0.0540511022314258	1.35356325793018
1	10.2448781354606	1.44226910054857
1	3.19817493684269	1.34397149742692
1	-0.475229338323001	0.51180916014662
1	4.11027026380791	1.12383792371895
1	5.69035499382832	0.668763089992314
1	-1.18604411447534	0.531546232072716
1	5.09384561388329	1.16898565163037
1	8.82429058176307	1.64528528843686
1	-2.44773827934238	1.27484501446687
1	6.91695793778167	0.745473389507829
1	0.767720897728969	1.27194365561346
1	14.6158719177026	0.872706102659884
1	1.15683106764185	0.586093216717941
1	1.38770604247118	0.56493529687937
1	0.0230024708188306	1.19866260765431
1	-0.621341522821964	1.21347781196439
1	-0.0667370358522751	0.511330123486915
1	11.5106223174834	0.853750911875652
1	10.3809630483758	0.721812600656921
1	11.8207729573972	0.906945058549563
1	2.4545735165825	0.500918017533414
1	-0.553269126895843	1.33178205622777
1	9.63762828435777	1.4715022041245
1	0.453897148631049	0.523594297365062
1	2.26581546078627	1.04597514928086
1	1.12986398833778	0.5364024041015
1	7.45632988097753	1.47431990495646
1	8.15088203201351	0.698599453889542
1	5.63187883421854	0.744419460664581
1	0.0479606144664847	0.445500116106048
1	5.85334177583055	0.985561447582058
1	7.47175317907716	0.761811216158848
1	0.94456294939532	1.2020089374014
1	8.52163708262522	1.5947468333751
1	2.08564079178643	0.467892867262981
1	0.0115136148397563	1.34609583813895
1	7.32992453795833	0.927030128034778
1	12.8789455866351	1.58181044857184
1	-1.0826905038033	0.586239825166337
1	1.73616109502928	1.29873910892482
1	2.98812319560942	0.664854626532985
1	2.13777704125361	1.41900888818854
1	0.370577449836003	1.2690332996216
1	7.16402454575909	0.98666728465809
1	3.27689919299469	0.514924415928461
1	7.78067610730869	1.50879391356036
1	-1.62928343012448	0.528735538320161
1	1.91628439509508	0.463625635866706
1	11.1582838640615	0.862955909489362
1	11.150414870694	0.907525419427312
1	8.66180901230595	1.70558505450553
1	9.90929073231001	1.50275545404129
1	9.15011536979567	1.54413748694204
1	7.66580506057516	0.826065141679812
1	-4.34858158202059	1.25218129608933
1	6.76808851786802	0.70956430475042
1	4.77210484422042	1.0923865414996
1	7.49602192084265	0.783026243039099
1	5.03162066214857	0.397186061238275
1	1.68542638489522	1.25790450712472
1	5.25455808507939	0.698868042039831
1	2.45984371888309	0.477650481575206
1	8.10240287198131	1.49407900760168
1	9.99457053677909	0.875790671898332
1	5.90181810027828	1.61588148632816
1	4.53342840149862	1.41660061096901
1	-0.00841014455275049	1.24935330373765
1	6.83559412691964	1.7736635901891
1	-2.87807712491032	1.25459485625042
1	-0.766931271538602	0.569106178097385
1	1.13053242829008	1.31373103634413
1	6.65043333581921	1.11435795744239
1	9.44511717584912	0.949090880447811
1	5.38820949799105	1.09823550619547
1	7.81299269178465	1.53054757667426
1	-1.29491353050677	0.628634217842979
1	8.67049521087237	0.852168008212885
1	2.31378192939679	0.675243032964149
1	9.88122450101968	1.64065553060773
1	9.40661557055468	0.774456014511966
1	2.15311722002144	1.21396027278683
1	1.41268317376875	0.637675109299797
1	9.39955268545147	0.882280581208966
1	5.13947219406398	0.691148721483377
1	9.08499027724131	1.01454391928996
1	5.36810319444381	1.04734355128148
1	1.96156831766021	0.682112830971052
1	8.39846714223112	1.75967977554506
1	5.18780636190517	1.12118052044937
1	6.50776261402182	0.762354471332782
1	10.4478676194402	0.818034703028771
1	4.4694732489229	1.12063253071433
1	-0.871306030983109	0.58103691457256
1	2.30034665122364	1.17622882848902
1	2.34588715545427	1.44814358247901
1	12.3909498764063	1.69307559094259
1	13.9387180330806	1.65258077649194
1	0.23706642464464	1.34760054489959
1	4.02049231090547	1.06293725999384
1	10.7951485216016	0.86125762391546
1	0.233671824257256	1.22021198595511
1	4.94907873701757	0.508357754287328
1	1.83688095080756	1.37948807719461
1	4.02100722935262	1.14673228479894
1	0.533242306116686	1.32492037698468
1	8.37055999542821	0.876920672136469
1	4.19978810011259	1.42954771465533
1	0.11697167428337	1.11933045298401
1	7.66056494244898	0.714531007725114
1	10.1163885197263	1.67398968034204
1	4.45354499695112	0.56118577922151
1	1.2721136596478	1.31552606754578
1	-0.433043155965496	0.611659531830819
1	1.40126937391547	1.30482030962386
1	-1.42564467382355	1.32297877084786
1	1.09277664001855	1.1224167559587
1	0.58298273947091	0.537444905378992
1	-0.599831042607216	0.576633954193431
1	0.158479537609441	1.24390170926352
1	4.22277918280051	0.699043207743792
1	0.391714334442204	0.441199009188891
1	0.33177022213654	1.1810645299066
1	7.5173302663086	0.790205796973574
1	2.69585614553595	1.22982792740206
1	-2.37380881558173	1.33482708884939
1	6.47047610945289	0.727505731402867
1	7.73251541197951	1.50737269125063
1	9.98290102516725	0.79216597102874
1	9.31726091151868	1.6213158121666
1	5.30332070511052	1.44717121991114
1	10.0747615832888	1.59091358003738
1	3.82923596449484	1.45541321073084
1	11.5969566128186	1.70959681093328
1	12.2741860713448	0.888993259686552
1	1.49729153160628	0.559852393266353
1	7.15395395372344	0.696800958999231
1	4.05029911945523	0.670925921531692
1	-0.109726383816623	1.15206546572439
1	-0.553939803402985	1.21563473403017
1	-0.226251676677918	0.651849084620731
1	8.81242485221115	0.941540470893832
1	8.55632071564338	0.87150001087365
1	0.175002105410684	1.29565737533904
1	1.30168454422251	1.41232498028971
1	3.50342881885624	0.396091696455222
1	8.68840932869351	0.901365172547972
1	10.0117443452968	1.49258000912541
1	11.2590644663253	1.6105117600895
1	5.52246623443888	1.11993141460703
1	1.11859344544774	0.492604767015852
1	12.9970950903469	0.95022307410564
1	1.0340007896917	0.419321038754866
1	5.8384678084801	0.763087680736887
1	2.91957960781285	1.29069223268261
1	0.0349888098504865	1.18554598470961
1	8.9947178895006	1.58401065114167
1	6.34460717134618	1.77410354622567
1	6.99388021776221	0.785913412196789
1	9.43567368757619	1.64735056183335
1	2.98403160328304	1.16471184099203
1	9.61489063798503	0.892070011443526
1	2.1282747074767	0.397280977979121
1	7.42181550735181	1.09534857809451
1	3.63732299504189	1.11116558132026
1	8.14695862208917	1.54851853637837
1	5.21783591565566	0.730693598519637
1	3.79803920581527	1.15400525411009
1	5.52105325366223	1.07343753867347
1	6.72285671406426	1.50054617864711
1	4.20797677855704	1.47084649291692
1	8.91230044113409	0.954512059524059
1	9.03218425560953	0.983827390785619
1	8.49667672673218	1.68409334668753
1	9.32091834610859	1.74250485196432
1	6.9123546798909	0.888279734398239
1	1.07035984447719	0.486217325154974
1	6.54460496586534	0.951163515653652
1	7.73540897138004	1.0034810214177
1	5.47983669390778	1.05253688327845
1	1.46692306421476	0.406766909280254
1	5.3440734357843	1.07840031989106
1	5.23292947675027	0.832022187237425
1	12.0460714848872	0.946312097403047
1	1.62997162363475	1.45648333948726
1	2.88644765006361	1.42933791113051
1	4.668533833276	0.766580358515598
1	0.803780709811993	1.15586864945772
1	12.6076383930942	1.54614904472749
1	5.9359075149856	0.742119760362145
1	7.42547261116105	1.64481371360286
1	-2.9985591613619	0.576344907855305
1	10.8055576418856	0.927879054554562
1	8.12978496903149	1.00874377807923
1	-0.0621291524143852	1.33000890826
1	0.475089487267889	1.15508003401674
1	2.05153761369778	1.08852975081173
1	6.02462503540665	1.53807516313464
1	8.74066847700793	1.04746871572858
1	8.39276821289705	1.6866094178589
1	-0.0540511022314258	1.40178066159434
1	10.2448781354606	1.49329547891614
1	3.19817493684269	1.39188516672793
1	-0.475229338323001	0.533371431551454
1	4.11027026380791	1.16478080483212
1	5.69035499382832	0.69529549194914
1	-1.18604411447534	0.553733501043926
1	5.09384561388329	1.2113581885799
1	8.82429058176307	1.70274041286363
1	-2.44773827934238	1.32056971248663
1	6.91695793778167	0.774434913205341
1	0.767720897728969	1.31757647869709
1	14.6158719177026	0.90569659967123
1	1.15683106764185	0.610007780030687
1	1.38770604247118	0.588179869807615
1	0.0230024708188306	1.2419749002759
1	-0.621341522821964	1.25725924543291
1	-0.0667370358522751	0.532877225633227
1	11.5106223174834	0.886141170505404
1	10.3809630483758	0.750024877682702
1	11.8207729573972	0.941019772317399
1	2.4545735165825	0.522135408114295
1	-0.553269126895843	1.37930973255508
1	9.63762828435777	1.523454283055
1	0.453897148631049	0.545529758983142
1	2.26581546078627	1.08445241418117
1	1.12986398833778	0.558743449464227
1	7.45632988097753	1.52636120969357
1	8.15088203201351	0.726076659355982
1	5.63187883421854	0.773347610467291
1	0.0479606144664847	0.464962633742479
1	5.85334177583055	1.02212564165409
1	7.47175317907716	0.791290096328232
1	0.94456294939532	1.24542719548515
1	8.52163708262522	1.65060159825816
1	2.08564079178643	0.488064477668083
1	0.0115136148397563	1.39407677718393
1	7.32992453795833	0.961740859120468
1	12.8789455866351	1.63725556763458
1	-1.0826905038033	0.610159031007812
1	1.73616109502928	1.34522044151241
1	2.98812319560942	0.691263262403357
1	2.13777704125361	1.46717045718846
1	0.370577449836003	1.31268517165741
1	7.16402454575909	1.0218285405035
1	3.27689919299469	0.535900580698177
1	7.78067610730869	1.5596552769749
1	-1.62928343012448	0.55012699718751
1	1.91628439509508	0.483059269915803
1	11.1582838640615	0.894397221186824
1	11.150414870694	0.940306915788024
1	8.66180901230595	1.76236383701051
1	9.90929073231001	1.5534352437556
1	9.15011536979567	1.59606161535123
1	7.66580506057516	0.856397164957843
1	-4.34858158202059	1.29532643613032
1	6.76808851786802	0.736393201448735
1	4.77210484422042	1.13072672677068
1	7.49602192084265	0.812064106431555
1	5.03162066214857	0.414621887838427
1	1.68542638489522	1.30122174148904
1	5.25455808507939	0.725375307038386
1	2.45984371888309	0.497505836283767
1	8.10240287198131	1.54449790056244
1	9.99457053677909	0.907617918997841
1	5.90181810027828	1.66996292379889
1	4.53342840149862	1.46468976418067
1	-0.00841014455275049	1.29241340734941
1	6.83559412691964	1.83248946294808
1	-2.87807712491032	1.29781257093529
1	-0.766931271538602	0.5917115635336
1	1.13053242829008	1.35872694876362
1	6.65043333581921	1.1533588130847
1	9.44511717584912	0.983122231102594
1	5.38820949799105	1.13675156714461
1	7.81299269178465	1.58206306273263
1	-1.29491353050677	0.653029584053303
1	8.67049521087237	0.883284932681062
1	2.31378192939679	0.701039904806565
1	9.88122450101968	1.69548191219466
1	9.40661557055468	0.803236175074648
1	2.15311722002144	1.25595612423759
1	1.41268317376875	0.662342330957699
1	9.39955268545147	0.914302976896291
1	5.13947219406398	0.717423870063446
1	9.08499027724131	1.05054341271637
1	5.36810319444381	1.08432931455507
1	1.96156831766021	0.708116274479643
1	8.39846714223112	1.81808516142981
1	5.18780636190517	1.16038652742313
1	6.50776261402182	0.790770744058399
1	10.4478676194402	0.848125254710317
1	4.4694732489229	1.15982205988882
1	-0.871306030983109	0.604001051766816
1	2.30034665122364	1.21709011276503
1	2.34588715545427	1.4971812183352
1	12.3909498764063	1.74947821963219
1	13.9387180330806	1.70776574473736
1	0.23706642464464	1.39361489786242
1	4.02049231090547	1.10039191891579
1	10.7951485216016	0.892647868946873
1	0.233671824257256	1.26239582354524
1	4.94907873701757	0.529136462561954
1	1.83688095080756	1.42646127358629
1	4.02100722935262	1.18670662157368
1	0.533242306116686	1.37025274773049
1	8.37055999542821	0.908781897823375
1	4.19978810011259	1.47802618131958
1	0.11697167428337	1.15848082928006
1	7.66056494244898	0.74150925089735
1	10.1163885197263	1.72981840447881
1	4.45354499695112	0.583553001906664
1	1.2721136596478	1.36057595572784
1	-0.433043155965496	0.635544477040583
1	1.40126937391547	1.34954828058953
1	-1.42564467382355	1.36825275839021
1	1.09277664001855	1.1616599359656
1	0.58298273947091	0.559098250907763
1	-0.599831042607216	0.599465696394312
1	0.158479537609441	1.286797885937
1	4.22277918280051	0.725555739894495
1	0.391714334442204	0.459958284889335
1	0.33177022213654	1.22207122149997
1	7.5173302663086	0.819459546250468
1	2.69585614553595	1.27230091192847
1	-2.37380881558173	1.38045734986418
1	6.47047610945289	0.754874118548125
1	7.73251541197951	1.55819131916404
1	9.98290102516725	0.821478661837855
1	9.31726091151868	1.67556065731567
1	5.30332070511052	1.49617961727217
1	10.0747615832888	1.6442442440504
1	3.82923596449484	1.50466944096476
1	11.5969566128186	1.76649622510875
1	12.2741860713448	0.921217502528074
1	1.49729153160628	0.582179521649151
1	7.15395395372344	0.723246067761549
1	4.05029911945523	0.696592979819071
1	-0.109726383816623	1.19220016879646
1	-0.553939803402985	1.25768093576032
1	-0.226251676677918	0.676942511196947
1	8.81242485221115	0.97534478420628
1	8.55632071564338	0.903198239769718
1	0.175002105410684	1.34010982108543
1	1.30168454422251	1.46028556725351
1	3.50342881885624	0.413494616009722
1	8.68840932869351	0.933961433118544
1	10.0117443452968	1.54295382789148
1	11.2590644663253	1.66443173236213
1	5.52246623443888	1.15909986154267
1	1.11859344544774	0.512909790209108
1	12.9970950903469	0.98428846930294
1	1.0340007896917	0.437422453947543
1	5.8384678084801	0.791526000732032
1	2.91957960781285	1.33499537887313
1	0.0349888098504865	1.22668743158757
1	8.9947178895006	1.63713374725793
1	6.34460717134618	1.83294264826031
1	6.99388021776221	0.815038091437809
1	9.43567368757619	1.70237825992973
1	2.98403160328304	1.20522681475146
1	9.61489063798503	0.924386770795171
1	2.1282747074767	0.414719658682012
1	7.42181550735181	1.13377783044355
1	3.63732299504189	1.15007044368097
1	8.14695862208917	1.60057440092896
1	5.21783591565566	0.758157843362776
1	3.79803920581527	1.19419828572668
1	5.52105325366223	1.11120793614552
1	6.72285671406426	1.55115953646651
1	4.20797677855704	1.52056679484734
1	8.91230044113409	0.988706422540091
1	9.03218425560953	1.01890325232855
1	8.49667672673218	1.74022588342394
1	9.32091834610859	1.80039379579693
1	6.9123546798909	0.920482521862542
1	1.07035984447719	0.506330280909497
1	6.54460496586534	0.985257189495727
1	7.73540897138004	1.03914785859368
1	5.47983669390778	1.08967880765641
1	1.46692306421476	0.424490827574137
1	5.3440734357843	1.11631994591159
1	5.23292947675027	0.862533336135319
1	12.0460714848872	0.980259891329827
1	1.62997162363475	1.50577174800066
1	2.88644765006361	1.47781006909927
1	4.668533833276	0.795123701725026
1	0.803780709811993	1.1961177125153
1	12.6076383930942	1.59813365975404
1	5.9359075149856	0.769927584636211
1	7.42547261116105	1.69976512983981
1	-2.9985591613619	0.59916795856575
1	10.8055576418856	0.961272575361513
1	8.12978496903149	1.04456886392732
1	-0.0621291524143852	1.37549428880068
1	0.475089487267889	1.19530538377075
1	2.05153761369778	1.12675396416083
1	6.02462503540665	1.58981700025542
1	8.74066847700793	1.08445824263952
1	8.39276821289705	1.74281761169812
1	-0.0540511022314258	1.44942418574502
1	10.2448781354606	1.54369081152973
1	3.19817493684269	1.4392311378996
1	-0.475229338323001	0.554902289595901
1	4.11027026380791	1.2052978523025
1	5.69035499382832	0.721695332009729
1	-1.18604411447534	0.575876637152096
1	5.09384561388329	1.25327579655544
1	8.82429058176307	1.75943365830289
1	-2.44773827934238	1.36577126075215
1	6.91695793778167	0.803214439261439
1	0.767720897728969	1.36268802179935
1	14.6158719177026	0.938423104263077
1	1.15683106764185	0.633843057823575
1	1.38770604247118	0.611358792380253
1	0.0230024708188306	1.2848131386894
1	-0.621341522821964	1.30055707707496
1	-0.0667370358522751	0.554393223133033
1	11.5106223174834	0.918279652337121
1	10.3809630483758	0.778070405198489
1	11.8207729573972	0.974808428463158
1	2.4545735165825	0.543328404102207
1	-0.553269126895843	1.42627756620548
1	9.63762828435777	1.57475647703693
1	0.453897148631049	0.567426212341009
1	2.26581546078627	1.12255402389324
1	1.12986398833778	0.581037232416975
1	7.45632988097753	1.57775081362243
1	8.15088203201351	0.753402074962118
1	5.63187883421854	0.802094441830182
1	0.0479606144664847	0.484436470702723
1	5.85334177583055	1.05835311398464
1	7.47175317907716	0.820576449987977
1	0.94456294939532	1.28836924282765
1	8.52163708262522	1.70572705352445
1	2.08564079178643	0.508232976449043
1	0.0115136148397563	1.44148864907394
1	7.32992453795833	0.996152588815343
1	12.8789455866351	1.69197971389879
1	-1.0826905038033	0.633998856848012
1	1.73616109502928	1.39116322586117
1	2.98812319560942	0.717541855176204
1	2.13777704125361	1.51475581625934
1	0.370577449836003	1.35585233574746
1	7.16402454575909	1.05667736344225
1	3.27689919299469	0.556852128788539
1	7.78067610730869	1.60988565149291
1	-1.62928343012448	0.57148541303691
1	1.91628439509508	0.502499585313184
1	11.1582838640615	0.925601577835657
1	11.150414870694	0.972824264684378
1	8.66180901230595	1.81839156588134
1	9.90929073231001	1.60348772871309
1	9.15011536979567	1.64733319130749
1	7.66580506057516	0.886514740706314
1	-4.34858158202059	1.33799714984378
1	6.76808851786802	0.763078729235921
1	4.77210484422042	1.16868997849358
1	7.49602192084265	0.840913780865074
1	5.03162066214857	0.432104931402728
1	1.68542638489522	1.34406105772317
1	5.25455808507939	0.751745729049539
1	2.45984371888309	0.517359315606745
1	8.10240287198131	1.59429478237493
1	9.99457053677909	0.93920038039957
1	5.90181810027828	1.72334803690491
1	4.53342840149862	1.51220417678336
1	-0.00841014455275049	1.33500081002717
1	6.83559412691964	1.8905227465064
1	-2.87807712491032	1.34055438674938
1	-0.766931271538602	0.614259275319365
1	1.13053242829008	1.40321088258886
1	6.65043333581921	1.19196933014304
1	9.44511717584912	1.01686407468513
1	5.38820949799105	1.17488712601903
1	7.81299269178465	1.63293428771238
1	-1.29491353050677	0.677330957811229
1	8.67049521087237	0.914171483934171
1	2.31378192939679	0.726714347575244
1	9.88122450101968	1.74959685446245
1	9.40661557055468	0.831833375482061
1	2.15311722002144	1.29750086848542
1	1.41268317376875	0.686910044202195
1	9.39955268545147	0.946076627310953
1	5.13947219406398	0.743566885310179
1	9.08499027724131	1.08621346535249
1	5.36810319444381	1.12096562557246
1	1.96156831766021	0.733993097564769
1	8.39846714223112	1.8757064898142
1	5.18780636190517	1.19919803328186
1	6.50776261402182	0.819011439931671
1	10.4478676194402	0.878006258333412
1	4.4694732489229	1.19861742228366
1	-0.871306030983109	0.626900236219005
1	2.30034665122364	1.25752331026442
1	2.34588715545427	1.54562486882078
1	12.3909498764063	1.8051374268679
1	13.9387180330806	1.76223199792192
1	0.23706642464464	1.43909660802001
1	4.02049231090547	1.13748761166472
1	10.7951485216016	0.923802195074937
1	0.233671824257256	1.30412473968401
1	4.94907873701757	0.549894560559665
1	1.83688095080756	1.47288237219025
1	4.02100722935262	1.22627086778221
1	0.533242306116686	1.4150663131253
1	8.37055999542821	0.940397648385213
1	4.19978810011259	1.52592200818488
1	0.11697167428337	1.19723783321038
1	7.66056494244898	0.768341094910821
1	10.1163885197263	1.78491535171457
1	4.45354499695112	0.605867383275832
1	1.2721136596478	1.40511277014466
1	-0.433043155965496	0.659345786266297
1	1.40126937391547	1.39376970950682
1	-1.42564467382355	1.41300912517977
1	1.09277664001855	1.2005078606147
1	0.58298273947091	0.580713239724758
1	-0.599831042607216	0.622235172154347
1	0.158479537609441	1.3292246877625
1	4.22277918280051	0.751931322187006
1	0.391714334442204	0.478737924703631
1	0.33177022213654	1.26264687599477
1	7.5173302663086	0.84852072623273
1	2.69585614553595	1.31431310819731
1	-2.37380881558173	1.42556276131912
1	6.47047610945289	0.782088190493345
1	7.73251541197951	1.60837982528642
1	9.98290102516725	0.850597587425617
1	9.31726091151868	1.72910586254984
1	5.30332070511052	1.54459462251317
1	10.0747615832888	1.69689381693077
1	3.82923596449484	1.55332725053691
1	11.5969566128186	1.82264213802728
1	12.2741860713448	0.953188904607797
1	1.49729153160628	0.60445462223142
1	7.15395395372344	0.749555594689693
1	4.05029911945523	0.72214024295642
1	-0.109726383816623	1.23192152746191
1	-0.553939803402985	1.29927500867777
1	-0.226251676677918	0.701927781640049
1	8.81242485221115	1.00886419704583
1	8.55632071564338	0.934654300753986
1	0.175002105410684	1.38406131520431
1	1.30168454422251	1.50767402222411
1	3.50342881885624	0.430945420214018
1	8.68840932869351	0.966297304668464
1	10.0117443452968	1.59270655006701
1	11.2590644663253	1.71765865640723
1	5.52246623443888	1.19787456945836
1	1.11859344544774	0.533203814220106
1	12.9970950903469	1.01806366666247
1	1.0340007896917	0.455557581277602
1	5.8384678084801	0.8197882965346
1	2.91957960781285	1.37880060273181
1	0.0349888098504865	1.26739510717532
1	8.9947178895006	1.68957996380484
1	6.34460717134618	1.89098889267159
1	6.99388021776221	0.84397282022186
1	9.43567368757619	1.75669043398465
1	2.98403160328304	1.24532072839246
1	9.61489063798503	0.956448812220269
1	2.1282747074767	0.432205498439159
1	7.42181550735181	1.17182834206882
1	3.63732299504189	1.18858691516633
1	8.14695862208917	1.65197504009355
1	5.21783591565566	0.785465828048259
1	3.79803920581527	1.23397678944747
1	5.52105325366223	1.14861296109313
1	6.72285671406426	1.60114693743565
1	4.20797677855704	1.56967926007741
1	8.91230044113409	1.02260797095468
1	9.03218425560953	1.0536684136196
1	8.49667672673218	1.79562047888607
1	9.32091834610859	1.85750916076496
1	6.9123546798909	0.952432903895751
1	1.07035984447719	0.52643613453997
1	6.54460496586534	1.01906009172488
1	7.73540897138004	1.0744920045918
1	5.47983669390778	1.12646811126134
1	1.46692306421476	0.442256117436889
1	5.3440734357843	1.15387117155277
1	5.23292947675027	0.892826403035615
1	12.0460714848872	1.01391987355466
1	1.62997162363475	1.55446108295335
1	2.88644765006361	1.52569971527284
1	4.668533833276	0.823488889815459
1	0.803780709811993	1.23595111079628
1	12.6076383930942	1.64946449505108
1	5.9359075149856	0.7975721775083
1	7.42547261116105	1.75400256979816
1	-2.9985591613619	0.621928919186139
1	10.8055576418856	0.994389530696622
1	8.12978496903149	1.08006804772385
1	-0.0621291524143852	1.42045775941377
1	0.475089487267889	1.2351155498923
1	2.05153761369778	1.16460359703801
1	6.02462503540665	1.64090998362289
1	8.74066847700793	1.12109824092987
1	8.39276821289705	1.79828632917655
1	-0.0540511022314258	1.49650201112329
1	10.2448781354606	1.5934646110357
1	3.19817493684269	1.4860174476641
1	-0.475229338323001	0.576397276205929
1	4.11027026380791	1.24539379757875
1	5.69035499382832	0.747960508740431
1	-1.18604411447534	0.597971478672449
1	5.09384561388329	1.29474388489218
1	8.82429058176307	1.81537758565945
1	-2.44773827934238	1.41045665806153
1	6.91695793778167	0.831811018036439
1	0.767720897728969	1.40728524015486
1	14.6158719177026	0.970886577176383
1	1.15683106764185	0.657595707386856
1	1.38770604247118	0.634468404204452
1	0.0230024708188306	1.32718317782519
1	-0.621341522821964	1.34337738426905
1	-0.0667370358522751	0.575873650719633
1	11.5106223174834	0.950167033502338
1	10.3809630483758	0.805947878301303
1	11.8207729573972	1.00831250182073
1	2.4545735165825	0.564492383894199
1	-0.553269126895843	1.47269341087846
1	9.63762828435777	1.62541873764745
1	0.453897148631049	0.589279376316747
1	2.26581546078627	1.16028354076748
1	1.12986398833778	0.603279664149684
1	7.45632988097753	1.62849871062756
1	8.15088203201351	0.780574047262955
1	5.63187883421854	0.83065898928898
1	0.0479606144664847	0.503916173292116
1	5.85334177583055	1.09424651982121
1	7.47175317907716	0.849669572808485
1	0.94456294939532	1.33084098460391
1	8.52163708262522	1.76013500125128
1	2.08564079178643	0.528393246135091
1	0.0115136148397563	1.48833952242781
1	7.32992453795833	1.03026709352768
1	12.8789455866351	1.74599449520381
1	-1.0826905038033	0.65775596217849
1	1.73616109502928	1.43657481953554
1	2.98812319560942	0.743688244732867
1	2.13777704125361	1.56177324460087
1	0.370577449836003	1.39854094272199
1	7.16402454575909	1.09121589712437
1	3.27689919299469	0.577774509139299
1	7.78067610730869	1.6594945904928
1	-1.62928343012448	0.592806430807819
1	1.91628439509508	0.521941302995076
1	11.1582838640615	0.956569367443438
1	11.150414870694	1.00507848662945
1	8.66180901230595	1.87368058724598
1	9.90929073231001	1.65292237659775
1	9.15011536979567	1.69796226976544
1	7.66580506057516	0.91641773339971
1	-4.34858158202059	1.38019934890576
1	6.76808851786802	0.789619099271904
1	4.77210484422042	1.20627994062678
1	7.49602192084265	0.869574520030221
1	5.03162066214857	0.449628969994213
1	1.68542638489522	1.38642844872375
1	5.25455808507939	0.77797736743785
1	2.45984371888309	0.537205839513117
1	8.10240287198131	1.64347899759187
1	9.99457053677909	0.970538626254846
1	5.90181810027828	1.77604789875143
1	4.53342840149862	1.55915209379984
1	-0.00841014455275049	1.37712138331369
1	6.83559412691964	1.94777675312442
1	-2.87807712491032	1.38282624962062
1	-0.766931271538602	0.636745531311621
1	1.13053242829008	1.4471896229753
1	6.65043333581921	1.23019346438188
1	9.44511717584912	1.0503180215822
1	5.38820949799105	1.21264590978242
1	7.81299269178465	1.68317111370774
1	-1.29491353050677	0.701535401762266
1	8.67049521087237	0.944827896883944
1	2.31378192939679	0.752264085361867
1	9.88122450101968	1.80301178209568
1	9.40661557055468	0.860246747800892
1	2.15311722002144	1.33859987479502
1	1.41268317376875	0.711375439982053
1	9.39955268545147	0.977602194705436
1	5.13947219406398	0.769575717039868
1	9.08499027724131	1.12155661645795
1	5.36810319444381	1.15725548906725
1	1.96156831766021	0.75974112181043
1	8.39846714223112	1.93255687450814
1	5.18780636190517	1.23761909061202
1	6.50776261402182	0.84707551928097
1	10.4478676194402	0.907677464409057
1	4.4694732489229	1.23702266270857
1	-0.871306030983109	0.649730855100392
1	2.30034665122364	1.2975332547884
1	2.34588715545427	1.5934832265987
1	12.3909498764063	1.86006538125038
1	13.9387180330806	1.81599112996656
1	0.23706642464464	1.48405294118488
1	4.02049231090547	1.17422756427141
1	10.7951485216016	0.954720966206113
1	0.233671824257256	1.34540419235693
1	4.94907873701757	0.570627404029833
1	1.83688095080756	1.51875909134899
1	4.02100722935262	1.26542943862732
1	0.533242306116686	1.45936801711741
1	8.37055999542821	0.971768510009644
1	4.19978810011259	1.57324362401205
1	0.11697167428337	1.23560549110633
1	7.66056494244898	0.795024821410118
1	10.1163885197263	1.83929241979345
1	4.45354499695112	0.628125028784098
1	1.2721136596478	1.44914332142575
1	-0.433043155965496	0.683060281258242
1	1.40126937391547	1.43749125507515
1	-1.42564467382355	1.45725478761064
1	1.09277664001855	1.23896460003645
1	0.58298273947091	0.60228564036789
1	-0.599831042607216	0.64493870616046
1	0.158479537609441	1.37118790891678
1	4.22277918280051	0.778168016471743
1	0.391714334442204	0.497532331301897
1	0.33177022213654	1.30279639581778
1	7.5173302663086	0.877388692499129
1	2.69585614553595	1.35587011065815
1	-2.37380881558173	1.47015040775297
1	6.47047610945289	0.80914641301312
1	7.73251541197951	1.65794774282703
1	9.98290102516725	0.879522131188488
1	9.31726091151868	1.78196257809522
1	5.30332070511052	1.59242491449784
1	10.0747615832888	1.74887301745319
1	3.82923596449484	1.60139543527671
1	11.5969566128186	1.87804695274943
1	12.2741860713448	0.984908223440773
1	1.49729153160628	0.626673781545577
1	7.15395395372344	0.775727569813343
1	4.05029911945523	0.747565373769393
1	-0.109726383816623	1.27123403260903
1	-0.553939803402985	1.34042234581026
1	-0.226251676677918	0.726802288047916
1	8.81242485221115	1.04210021264808
1	8.55632071564338	0.965868703087128
1	0.175002105410684	1.42751838635986
1	1.30168454422251	1.55449852954693
1	3.50342881885624	0.448437871600535
1	8.68840932869351	0.998373720288037
1	10.0117443452968	1.64184749893177
1	11.2590644663253	1.77020352912587
1	5.52246623443888	1.23625957321399
1	1.11859344544774	0.553481971240656
1	12.9970950903469	1.05155029263848
1	1.0340007896917	0.473720512935269
1	5.8384678084801	0.847873538878258
1	2.91957960781285	1.4221143624603
1	0.0349888098504865	1.3076739774979
1	8.9947178895006	1.74135992159459
1	6.34460717134618	1.94825559796351
1	6.99388021776221	0.872716893212595
1	9.43567368757619	1.81029860369479
1	2.98403160328304	1.28499825227361
1	9.61489063798503	0.988256936897407
1	2.1282747074767	0.449732276660605
1	7.42181550735181	1.20950379896437
1	3.63732299504189	1.2267189062364
1	8.14695862208917	1.70273057100013
1	5.21783591565566	0.812616063591101
1	3.79803920581527	1.27334528368916
1	5.52105325366223	1.18565598856116
1	6.72285671406426	1.65051781788573
1	4.20797677855704	1.61819290345705
1	8.91230044113409	1.05621839208895
1	9.03218425560953	1.08812497800664
1	8.49667672673218	1.85028917420362
1	9.32091834610859	1.91386381694146
1	6.9123546798909	0.98413162788697
1	1.07035984447719	0.546529927591209
1	6.54460496586534	1.05257386214157
1	7.73540897138004	1.10951584167323
1	5.47983669390778	1.16290787252769
1	1.46692306421476	0.46005669289757
1	5.3440734357843	1.19105744228844
1	5.23292947675027	0.922901336951848
1	12.0460714848872	1.04729361502942
1	1.62997162363475	1.60256015536141
1	2.88644765006361	1.57301527543461
1	4.668533833276	0.851674943086689
1	0.803780709811993	1.27537338916159
1	12.6076383930942	1.70015163412013
1	5.9359075149856	0.82505221214711
1	7.42547261116105	1.80753751717306
1	-2.9985591613619	0.644624110301408
1	10.8055576418856	1.02723122992034
1	8.12978496903149	1.1152437864161
1	-0.0621291524143852	1.46490633626114
1	0.475089487267889	1.27451506605075
1	2.05153761369778	1.20208223866834
1	6.02462503540665	1.69136408215856
1	8.74066847700793	1.15739171710949
1	8.39276821289705	1.85302764713056
1	-0.0540511022314258	1.5430221724355
1	10.2448781354606	1.64262621086737
1	3.19817493684269	1.53225199029647
1	-0.475229338323001	0.597852102110991
1	4.11027026380791	1.28507331199814
1	5.69035499382832	0.774089030806179
1	-1.18604411447534	0.620014025301516
1	5.09384561388329	1.3357677859275
1	8.82429058176307	1.87058450069173
1	-2.44773827934238	1.45463278662086
1	6.91695793778167	0.86022378129757
1	0.767720897728969	1.45137497349143
1	14.6158719177026	1.00308801297064
1	1.15683106764185	0.681262527030074
1	1.38770604247118	0.657505193820293
1	0.0230024708188306	1.36909078451583
1	-0.621341522821964	1.38572615075463
1	-0.0667370358522751	0.59731421210899
1	11.5106223174834	0.981804031040855
1	10.3809630483758	0.833656082344834
1	11.8207729573972	1.04153348823627
1	2.4545735165825	0.585622898764381
1	-0.553269126895843	1.51856498238555
1	9.63762828435777	1.67545082631672
1	0.453897148631049	0.61108513418398
1	2.26581546078627	1.1976444961657
1	1.12986398833778	0.625466815457263
1	7.45632988097753	1.67861470339259
1	8.15088203201351	0.807591021752496
1	5.63187883421854	0.859040369180525
1	0.0479606144664847	0.523396481420811
1	5.85334177583055	1.12980850601897
1	7.47175317907716	0.878568835756294
1	0.94456294939532	1.37284823663958
1	8.52163708262522	1.81383700727223
1	2.08564079178643	0.548540354484795
1	0.0115136148397563	1.5346373226227
1	7.32992453795833	1.06408616316569
1	12.8789455866351	1.79931128798385
1	-1.0826905038033	0.681427147455261
1	1.73616109502928	1.48146245457096
1	2.98812319560942	0.769700382515138
1	2.13777704125361	1.60823087243395
1	0.370577449836003	1.44075704741186
1	7.16402454575909	1.12544628894745
1	3.27689919299469	0.598663341082647
1	7.78067610730869	1.70849146665735
1	-1.62928343012448	0.6140858609533
1	1.91628439509508	0.541379332411628
1	11.1582838640615	0.987301025466757
1	11.150414870694	1.03707063384097
1	8.66180901230595	1.92824299701952
1	9.90929073231001	1.70174847653101
1	9.15011536979567	1.74795871249875
1	7.66580506057516	0.946106067993327
1	-4.34858158202059	1.42193885494598
1	6.76808851786802	0.816012624351778
1	4.77210484422042	1.24350022353054
1	7.49602192084265	0.898045653302029
1	5.03162066214857	0.467187993659866
1	1.68542638489522	1.42832981531935
1	5.25455808507939	0.804068386981547
1	2.45984371888309	0.557040511531449
1	8.10240287198131	1.69205971526842
1	9.99457053677909	1.00163326963008
1	5.90181810027828	1.82807336391893
1	4.53342840149862	1.60554161212484
1	-0.00841014455275049	1.4187809097044
1	6.83559412691964	2.00426452080065
1	-2.87807712491032	1.42463401457803
1	-0.766931271538602	0.65916670061984
1	1.13053242829008	1.49066984328938
1	6.65043333581921	1.26803513020602
1	9.44511717584912	1.08348569920211
1	5.38820949799105	1.25003160973409
1	7.81299269178465	1.73278321443269
1	-1.29491353050677	0.725640108775945
1	8.67049521087237	0.97525445770199
1	2.31378192939679	0.777686956017397
1	9.88122450101968	1.85573789250263
1	9.40661557055468	0.888475502809757
1	2.15311722002144	1.3792584358865
1	1.41268317376875	0.735735836276339
1	9.39955268545147	1.00888038195472
1	5.13947219406398	0.795448423209349
1	9.08499027724131	1.15657539919234
1	5.36810319444381	1.19320189208646
1	1.96156831766021	0.785358280133133
1	8.39846714223112	1.9886491599995
1	5.18780636190517	1.27565370823029
1	6.50776261402182	0.874962025421513
1	10.4478676194402	0.93713868676585
1	4.4694732489229	1.27504178239704
1	-0.871306030983109	0.672489442620191
1	2.30034665122364	1.33712471692235
1	2.34588715545427	1.64076482506117
1	12.3909498764063	1.91427400558645
1	13.9387180330806	1.86905450330336
1	0.23706642464464	1.52849103941603
1	4.02049231090547	1.21061497957151
1	10.7951485216016	0.985404594295798
1	0.233671824257256	1.38623956079647
1	4.94907873701757	0.591330521433964
1	1.83688095080756	1.56409901438711
1	4.02100722935262	1.30418669651575
1	0.533242306116686	1.50316468791345
1	8.37055999542821	1.00289511140024
1	4.19978810011259	1.61999930486021
1	0.11697167428337	1.27358778618301
1	7.66056494244898	0.821558811920492
1	10.1163885197263	1.89296126740789
1	4.45354499695112	0.650322197936981
1	1.2721136596478	1.49267430777754
1	-0.433043155965496	0.706684919987093
1	1.40126937391547	1.48071946735267
1	-1.42564467382355	1.50099654702115
1	1.09277664001855	1.27703418015478
1	0.58298273947091	0.623811383812061
1	-0.599831042607216	0.667572771692879
1	0.158479537609441	1.41269325645511
1	4.22277918280051	0.804263989950906
1	0.391714334442204	0.516336103790458
1	0.33177022213654	1.3425246184717
1	7.5173302663086	0.906062873776695
1	2.69585614553595	1.39697743161063
1	-2.37380881558173	1.5142272544633
1	6.47047610945289	0.836047347179337
1	7.73251541197951	1.70690442480146
1	9.98290102516725	0.90825174897875
1	9.31726091151868	1.83414173373349
1	5.30332070511052	1.63967901316268
1	10.0747615832888	1.80019235468759
1	3.82923596449484	1.64888262917486
1	11.5969566128186	1.9327228207057
1	12.2741860713448	1.01637625479328
1	1.49729153160628	0.6488332406455
1	7.15395395372344	0.801760129306044
1	4.05029911945523	0.772866150367966
1	-0.109726383816623	1.31014212044611
1	-0.553939803402985	1.38112826304939
1	-0.226251676677918	0.751563544541716
1	8.81242485221115	1.07505435393739
1	8.55632071564338	0.996842000460596
1	0.175002105410684	1.47048745781186
1	1.30168454422251	1.60076712694972
1	3.50342881885624	0.465965945072235
1	8.68840932869351	1.03019164694836
1	10.0117443452968	1.69038582279751
1	11.2590644663253	1.82207713079123
1	5.52246623443888	1.27425886434088
1	1.11859344544774	0.573739571739501
1	12.9970950903469	1.08474999030678
1	1.0340007896917	0.491905545275455
1	5.8384678084801	0.875780781224513
1	2.91957960781285	1.46494301260982
1	0.0349888098504865	1.34752894207326
1	8.9947178895006	1.79248403417312
1	6.34460717134618	2.00475580822276
1	6.99388021776221	0.901269679738227
1	9.43567368757619	1.86321405911555
1	2.98403160328304	1.32426399760607
1	9.61489063798503	1.01981198316952
1	2.1282747074767	0.467293984706809
1	7.42181550735181	1.24680785247965
1	3.63732299504189	1.26447028711928
1	8.14695862208917	1.75285091604816
1	5.21783591565566	0.839607155177485
1	3.79803920581527	1.31230823150318
1	5.52105325366223	1.22234036669004
1	6.72285671406426	1.69928143636583
1	4.20797677855704	1.66611657254554
1	8.91230044113409	1.08953938837049
1	9.03218425560953	1.12227505358825
1	8.49667672673218	1.90424376788543
1	9.32091834610859	1.96947037114451
1	6.9123546798909	1.01557947972858
1	1.07035984447719	0.566606882141352
1	6.54460496586534	1.08580015683562
1	7.73540897138004	1.14422174990715
1	5.47983669390778	1.19900115036876
1	1.46692306421476	0.477886676584718
1	5.3440734357843	1.22788217493495
1	5.23292947675027	0.952758145274019
1	12.0460714848872	1.08038270470908
1	1.62997162363475	1.65007761402417
1	2.88644765006361	1.61976502274043
1	4.668533833276	0.879680963332546
1	0.803780709811993	1.31438903644869
1	12.6076383930942	1.75020496657117
1	5.9359075149856	0.852366451856174
1	7.42547261116105	1.86038122691451
1	-2.9985591613619	0.667250001191912
1	10.8055576418856	1.05979900690779
1	8.12978496903149	1.15009853290023
1	-0.0621291524143852	1.50884691796545
1	0.475089487267889	1.31350841017054
1	2.05153761369778	1.23919344604109
1	6.02462503540665	1.74118907374454
1	8.74066847700793	1.19334165995743
1	8.39276821289705	1.90705339888687
1	-0.0540511022314258	1.58899256149517
1	10.2448781354606	1.6911847692373
1	3.19817493684269	1.57794252067453
1	-0.475229338323001	0.619262641916504
1	4.11027026380791	1.32434100772617
1	5.69035499382832	0.800079013547589
1	-1.18604411447534	0.642000433418807
1	5.09384561388329	1.37635275637341
1	8.82429058176307	1.92506645995013
1	-2.44773827934238	1.49830641443149
1	6.91695793778167	0.888451939531445
1	0.767720897728969	1.49496394838945
1	14.6158719177026	1.03502843855604
1	1.15683106764185	0.704840451866657
1	1.38770604247118	0.680465794282531
1	0.0230024708188306	1.41054163915308
1	-0.621341522821964	1.42760926843102
1	-0.0667370358522751	0.618710775067606
1	11.5106223174834	1.01319140125121
1	10.3809630483758	0.861193890025094
1	11.8207729573972	1.07447290342859
1	2.4545735165825	0.60671566783199
1	-0.553269126895843	1.56389986158337
1	9.63762828435777	1.72486231860042
1	0.453897148631049	0.632839528797311
1	2.26581546078627	1.23464039065423
1	1.12986398833778	0.647594912047818
1	7.45632988097753	1.7281084076998
1	8.15088203201351	0.834451539726865
1	5.63187883421854	0.887237776945133
1	0.0479606144664847	0.542872323040581
1	5.85334177583055	1.16504171065482
1	7.47175317907716	0.90727368256317
1	0.94456294939532	1.41439672709988
1	8.52163708262522	1.8668444066311
1	2.08564079178643	0.568669549137532
1	0.0115136148397563	1.58038983486434
1	7.32992453795833	1.09761160019041
1	12.8789455866351	1.85194124259788
1	-1.0826905038033	0.705009349884791
1	1.73616109502928	1.52583324009011
1	2.98812319560942	0.795576328064891
1	2.13777704125361	1.65413668422318
1	0.370577449836003	1.48250661051359
1	7.16402454575909	1.15937068936572
1	3.27689919299469	0.619514409382516
1	7.78067610730869	1.75688547600875
1	-1.62928343012448	0.63531967460434
1	1.91628439509508	0.5608087661019
1	11.1582838640615	1.01779703300066
1	11.150414870694	1.06880178883422
1	8.66180901230595	1.98209064672051
1	9.90929073231001	1.74997514305222
1	9.15011536979567	1.79733219245521
1	7.66580506057516	0.975579727778817
1	-4.34858158202059	1.4632214012603
1	6.76808851786802	0.842257715706859
1	4.77210484422042	1.28035440423299
1	7.49602192084265	0.926326583205972
1	5.03162066214857	0.484776198404245
1	1.68542638489522	1.46977096803477
1	5.25455808507939	0.830017054576757
1	2.45984371888309	0.576858613451832
1	8.10240287198131	1.74004593286409
1	9.99457053677909	1.0324849648124
1	5.90181810027828	1.87943507346751
1	4.53342840149862	1.65138068372569
1	-0.00841014455275049	1.45998508433429
1	6.83559412691964	2.05999881970426
1	-2.87807712491032	1.46598344748602
1	-0.766931271538602	0.68151929913574
1	1.13053242829008	1.53365810737813
1	6.65043333581921	1.30549820112552
1	9.44511717584912	1.11636875094377
1	5.38820949799105	1.28704788182803
1	7.81299269178465	1.781780079453
1	-1.29491353050677	0.749642398014352
1	8.67049521087237	1.0054515019116
1	2.31378192939679	0.802980907642489
1	9.88122450101968	1.90778616104394
1	9.40661557055468	0.916518927387615
1	2.15311722002144	1.41948176930189
1	1.41268317376875	0.759988674244778
1	9.39955268545147	1.03991193092066
1	5.13947219406398	0.821183166550368
1	9.08499027724131	1.19127234017677
1	5.36810319444381	1.22880780384885
1	1.96156831766021	0.810842613334469
1	8.39846714223112	2.0439959277601
1	5.18780636190517	1.31330585171029
1	6.50776261402182	0.902670081934236
1	10.4478676194402	0.966389800332837
1	4.4694732489229	1.31267873952812
1	-0.871306030983109	0.69517267566328
1	2.30034665122364	1.37630240506081
1	2.34588715545427	1.68747804181584
1	12.3909498764063	1.96777498259216
1	13.9387180330806	1.92143325421202
1	0.23706642464464	1.57241792359506
1	4.02049231090547	1.24665303720502
1	10.7951485216016	1.01585353752241
1	0.233671824257256	1.42663614690517
1	4.94907873701757	0.611999608925569
1	1.83688095080756	1.60890959247603
1	4.02100722935262	1.34254695181619
1	0.533242306116686	1.54646304034922
1	8.37055999542821	1.03377812209231
1	4.19978810011259	1.66619717740472
1	0.11697167428337	1.31118865904925
1	7.66056494244898	0.847941544693867
1	10.1163885197263	1.94593331972898
1	4.45354499695112	0.672455299748473
1	1.2721136596478	1.53571231726918
1	-0.433043155965496	0.73021679255881
1	1.40126937391547	1.52346078994521
1	-1.42564467382355	1.54424109204709
1	1.09277664001855	1.31472058322503
1	0.58298273947091	0.645286558712309
1	-0.599831042607216	0.690133986223012
1	0.158479537609441	1.45374635194876
1	4.22277918280051	0.830217511884306
1	0.391714334442204	0.535144032083851
1	0.33177022213654	1.38183631760396
1	7.5173302663086	0.934542769471684
1	2.69585614553595	1.43764050271466
1	-2.37380881558173	1.5578001499669
1	6.47047610945289	0.862789646324623
1	7.73251541197951	1.75525904805399
1	9.98290102516725	0.936785966653215
1	9.31726091151868	1.88565404385546
1	5.30332070511052	1.68636528299429
1	10.0747615832888	1.85086213277757
1	3.82923596449484	1.69579730793524
1	11.5969566128186	1.98668164754923
1	12.2741860713448	1.04759383110792
1	1.49729153160628	0.670929390552491
1	7.15395395372344	0.827651512170743
1	4.05029911945523	0.798040462597765
1	-0.109726383816623	1.34865017330768
1	-0.553939803402985	1.42139800053235
1	-0.226251676677918	0.776209183544556
1	8.81242485221115	1.10772816242754
1	8.55632071564338	1.0275747892634
1	0.175002105410684	1.51297484952166
1	1.30168454422251	1.64648770870453
1	3.50342881885624	0.483523821866334
1	8.68840932869351	1.06175208403844
1	10.0117443452968	1.73833049889627
1	11.2590644663253	1.87329003000445
1	5.52246623443888	1.3118763915572
1	1.11859344544774	0.593972099299609
1	12.9970950903469	1.11766441834407
1	1.0340007896917	0.510107172991733
1	5.8384678084801	0.903509157048217
1	2.91957960781285	1.50729280614217
1	0.0349888098504865	1.38696483502147
1	8.9947178895006	1.84296251253602
1	6.34460717134618	2.06050229955526
1	6.99388021776221	0.929630621283643
1	9.43567368757619	1.91544786595019
1	2.98403160328304	1.36312251737436
1	9.61489063798503	1.05111482499687
1	2.1282747074767	0.484884819863133
1	7.42181550735181	1.28374411961248
1	3.63732299504189	1.30184488824717
1	8.14695862208917	1.80234580730325
1	5.21783591565566	0.866437799157064
1	3.79803920581527	1.35087004139955
1	5.52105325366223	1.25866941681038
1	6.72285671406426	1.74744687760334
1	4.20797677855704	1.71345895130326
1	8.91230044113409	1.1225726763515
1	9.03218425560953	1.15612075249722
1	8.49667672673218	1.95749582144132
1	9.32091834610859	2.02434117308778
1	6.9123546798909	1.04677728223489
1	1.07035984447719	0.586662395581333
1	6.54460496586534	1.11874064717402
1	7.73540897138004	1.1786121066321
1	5.47983669390778	1.23475098408207
1	1.46692306421476	0.495740393786691
1	5.3440734357843	1.26434875779058
1	5.23292947675027	0.982396891678049
1	12.0460714848872	1.11318874849569
1	1.62997162363475	1.69702194908584
1	2.88644765006361	1.66595708103454
1	4.668533833276	0.907506131158016
1	0.803780709811993	1.35300248631221
1	12.6076383930942	1.79963419249593
1	5.9359075149856	0.879513747169578
1	7.42547261116105	1.91254473049361
1	-2.9985591613619	0.68980320542867
1	10.8055576418856	1.09209421882584
1	8.12978496903149	1.18463473553034
1	-0.0621291524143852	1.55228628802707
1	0.475089487267889	1.35210000526475
1	2.05153761369778	1.27594074414092
1	6.02462503540665	1.79039454952374
1	8.74066847700793	1.22895104038145
1	8.39276821289705	1.9603751799071
1	-0.0540511022314258	1.63442093028947
1	10.2448781354606	1.73914927303207
1	3.19817493684269	1.62309665725582
1	-0.475229338323001	0.640624929310118
1	4.11027026380791	1.36320143867796
1	5.69035499382832	0.825928675652857
1	-1.18604411447534	0.663927011477397
1	5.09384561388329	1.41650397865942
1	8.82429058176307	1.97883527656767
1	-2.44773827934238	1.54148419762141
1	6.91695793778167	0.916494779332282
1	0.767720897728969	1.53805878058629
1	14.6158719177026	1.06670891176978
1	1.15683106764185	0.728326549713854
1	1.38770604247118	0.703346978862962
1	0.0230024708188306	1.45154133730786
1	-0.621341522821964	1.46903253911587
1	-0.0667370358522751	0.640059366614325
1	11.5106223174834	1.04432993808997
1	10.3809630483758	0.888560258547692
1	11.8207729573972	1.10713228188519
1	2.4545735165825	0.627766573165967
1	-0.553269126895843	1.60870549723679
1	9.63762828435777	1.77366260834753
1	0.453897148631049	0.65453875790866
1	2.26581546078627	1.2712746941982
1	1.12986398833778	0.669660329978585
1	7.45632988097753	1.77698925662419
1	8.15088203201351	0.861154235234812
1	5.63187883421854	0.915250484504975
1	0.0479606144664847	0.562338808731911
1	5.85334177583055	1.19994876265749
1	7.47175317907716	0.935783627266886
1	0.94456294939532	1.45549209814095
1	8.52163708262522	1.91916830890063
1	2.08564079178643	0.588776252409682
1	0.0115136148397563	1.62560470718381
1	7.32992453795833	1.13084521869935
1	12.8789455866351	1.9038952885275
1	-1.0826905038033	0.728499639325309
1	1.73616109502928	1.56969416485752
1	2.98812319560942	0.821314245659486
1	2.13777704125361	1.69949852182174
1	0.370577449836003	1.52379550041199
1	7.16402454575909	1.1929912512233
1	3.27689919299469	0.640323659408495
1	7.78067610730869	1.80468564184519
1	-1.62928343012448	0.656503998865529
1	1.91628439509508	0.580224874415486
1	11.1582838640615	1.04805791502106
1	11.150414870694	1.10027306305733
1	8.66180901230595	2.03523514914255
1	9.90929073231001	1.7976113200019
1	9.15011536979567	1.84609219800488
1	7.66580506057516	1.00483875230132
1	-4.34858158202059	1.50405263448481
1	6.76808851786802	0.868352879894677
1	4.77210484422042	1.31684602669535
1	7.49602192084265	0.95441678295565
1	5.03162066214857	0.50238798032533
1	1.68542638489522	1.51075762881549
1	5.25455808507939	0.855821736033195
1	2.45984371888309	0.596655600171159
1	8.10240287198131	1.78744648004956
1	9.99457053677909	1.06309440566517
1	5.90181810027828	1.93014345981763
1	4.53342840149862	1.69667711876603
1	-0.00841014455275049	1.50073951662702
1	6.83559412691964	2.11499215844687
1	-2.87807712491032	1.50688022673972
1	-0.766931271538602	0.703799985184908
1	1.13053242829008	1.57616087178589
1	6.65043333581921	1.3425865102146
1	9.44511717584912	1.14896883519848
1	5.38820949799105	1.32369834698962
1	7.81299269178465	1.83017101831455
1	-1.29491353050677	0.773539711108584
1	8.67049521087237	1.03541941253503
1	2.31378192939679	0.828143995174872
1	9.88122450101968	1.95916734613174
1	9.40661557055468	0.944376381975878
1	2.15311722002144	1.4592750187422
1	1.41268317376875	0.784131514483915
1	9.39955268545147	1.07069762086473
1	5.13947219406398	0.846778211297207
1	9.08499027724131	1.22564995907273
1	5.36810319444381	1.26407617561308
1	1.96156831766021	0.836192266749074
1	8.39846714223112	2.09860950239418
1	5.18780636190517	1.35057944390161
1	6.50776261402182	0.930198890021218
1	10.4478676194402	0.995430738985848
1	4.4694732489229	1.34993744974063
1	-0.871306030983109	0.717777369547004
1	2.30034665122364	1.41507096641191
1	2.34588715545427	1.73363110208763
1	12.3909498764063	2.02057976045412
1	13.9387180330806	1.97313829802418
1	0.23706642464464	1.61584049594152
1	4.02049231090547	1.28234489362195
1	10.7951485216016	1.04606829851479
1	0.233671824257256	1.46659917664782
1	4.94907873701757	0.632630525466183
1	1.83688095080756	1.65319814743049
1	4.02100722935262	1.3805144636036
1	0.533242306116686	1.58926967820507
1	8.37055999542821	1.06441825081845
1	4.19978810011259	1.71184522217492
1	0.11697167428337	1.34841200821035
1	7.66056494244898	0.874171591642616
1	10.1163885197263	1.99821977379952
1	4.45354499695112	0.694520888322818
1	1.2721136596478	1.57826383006508
1	-0.433043155965496	0.753653117241429
1	1.40126937391547	1.56572156214444
1	-1.42564467382355	1.58699500092001
1	1.09277664001855	1.35202774836394
1	0.58298273947091	0.666707406776278
1	-0.599831042607216	0.712619107131417
1	0.158479537609441	1.49435273308605
1	4.22277918280051	0.856026950386593
1	0.391714334442204	0.553951091428718
1	0.33177022213654	1.42073620405374
1	7.5173302663086	0.962827947270557
1	2.69585614553595	1.47786467646731
1	-2.37380881558173	1.60087582840256
1	6.47047610945289	0.889372053090516
1	7.73251541197951	1.80302061718151
1	9.98290102516725	0.965124377691485
1	9.31726091151868	1.9365100123897
1	5.30332070511052	1.73249193642265
1	10.0747615832888	1.90089245560097
1	3.82923596449484	1.74214779244088
1	11.5969566128186	2.0399350988627
1	12.2741860713448	1.07856181997562
1	1.49729153160628	0.692958767825308
1	7.15395395372344	0.853400057017238
1	4.05029911945523	0.823086308589387
1	-0.109726383816623	1.38676252044592
1	-0.553939803402985	1.4612367239937
1	-0.226251676677918	0.800736952162619
1	8.81242485221115	1.14012319715704
1	8.55632071564338	1.05806770689983
1	0.175002105410684	1.55498678020956
1	1.30168454422251	1.69166802871369
1	3.50342881885624	0.501105883680508
1	8.68840932869351	1.0930560619462
1	10.0117443452968	1.78569033717401
1	11.2590644663253	1.92385258852789
1	5.52246623443888	1.34911606127609
1	1.11859344544774	0.614175205595295
1	12.9970950903469	1.15029525003974
1	1.0340007896917	0.528320083447339
1	5.8384678084801	0.931057877199453
1	2.91957960781285	1.54916989644333
1	0.0349888098504865	1.42598642615137
1	8.9947178895006	1.89280536972826
1	6.34460717134618	2.11550758636185
1	6.99388021776221	0.95779922905354
1	9.43567368757619	1.96701087070807
1	2.98403160328304	1.4015783072392
1	9.61489063798503	1.08216637045609
1	2.1282747074767	0.502499179476527
1	7.42181550735181	1.32031618330032
1	3.63732299504189	1.33884650068709
1	8.14695862208917	1.8512247907839
1	5.21783591565566	0.893106780119236
1	3.79803920581527	1.38903506815531
1	5.52105325366223	1.29464643354111
1	6.72285671406426	1.79502305636784
1	4.20797677855704	1.76022856369355
1	8.91230044113409	1.15531998575839
1	9.03218425560953	1.18966419020861
1	8.49667672673218	2.01005666486414
1	9.32091834610859	2.07848832137764
1	6.9123546798909	1.07772589360782
1	1.07035984447719	0.606692035535692
1	6.54460496586534	1.15139701882107
1	7.73540897138004	1.21268928593735
1	5.47983669390778	1.27016039326323
1	1.46692306421476	0.513612366671992
1	5.3440734357843	1.3004605507775
1	5.23292947675027	1.01181769409544
1	12.0460714848872	1.14571336821567
1	1.62997162363475	1.74340149551081
1	2.88644765006361	1.71159942808559
1	4.668533833276	0.935149703371926
1	0.803780709811993	1.39121811804888
1	12.6076383930942	1.84844882673374
1	5.9359075149856	0.906493033028985
1	7.42547261116105	1.96403884103834
1	-2.9985591613619	0.712280476588797
1	10.8055576418856	1.12411824494794
1	8.12978496903149	1.2188548376462
1	-0.0621291524143852	1.59523111718426
1	0.475089487267889	1.39029422025301
1	2.05153761369778	1.31232762617911
1	6.02462503540665	1.83898991809451
1	8.74066847700793	1.26422281128718
1	8.39276821289705	2.01300435329207
1	-0.0540511022314258	1.67931489397232
1	10.2448781354606	1.78652854161222
1	3.19817493684269	1.66772188498341
1	-0.475229338323001	0.661935152398276
1	4.11027026380791	1.40165910142169
1	5.69035499382832	0.851636335921949
1	-1.18604411447534	0.685790215520004
1	5.09384561388329	1.45622656224679
1	8.82429058176307	2.03190252590642
1	-2.44773827934238	1.58417268272233
1	6.91695793778167	0.944351660863828
1	0.767720897728969	1.5806659772269
1	14.6158719177026	1.0981305199953
1	1.15683106764185	0.751718017104965
1	1.38770604247118	0.726145656870201
1	0.0230024708188306	1.49209539131438
1	-0.621341522821964	1.51000167626392
1	-0.0667370358522751	0.661356168352534
1	11.5106223174834	1.07522047161856
1	10.3809630483758	0.915754226874544
1	11.8207729573972	1.13951317579292
1	2.4545735165825	0.648771655022445
1	-0.553269126895843	1.65298920881377
1	9.63762828435777	1.82186091176615
1	0.453897148631049	0.676179169611004
1	2.26581546078627	1.30755084635688
1	1.12986398833778	0.691659591216176
1	7.45632988097753	1.82526650462492
1	8.15088203201351	0.887697832113294
1	5.63187883421854	0.943077837716422
1	0.0479606144664847	0.581791226437414
1	5.85334177583055	1.23453228145331
1	7.47175317907716	0.964098251821761
1	0.94456294939532	1.49613990752438
1	8.52163708262522	1.97081960336923
1	2.08564079178643	0.608856056231721
1	0.0115136148397563	1.67028945336272
1	7.32992453795833	1.16378884353979
1	12.8789455866351	1.9551841394461
1	-1.0826905038033	0.751895214300362
1	1.73616109502928	1.61305209977392
1	2.98812319560942	0.846912401040403
1	2.13777704125361	1.74432408754082
1	0.370577449836003	1.56462949496151
1	7.16402454575909	1.22631012911042
1	3.27689919299469	0.661087192440773
1	7.78067610730869	1.85190081858135
1	-1.62928343012448	0.677635112238613
1	1.91628439509508	0.599623100376895
1	11.1582838640615	1.0780842386786
1	11.150414870694	1.13148559556799
1	8.66180901230595	2.08768788388483
1	9.90929073231001	1.84466578431042
1	9.15011536979567	1.89424803708407
1	7.66580506057516	1.03388323533654
1	-4.34858158202059	1.5444381162324
1	6.76808851786802	0.894296715775517
1	4.77210484422042	1.35297860207623
1	7.49602192084265	0.982315794060237
1	5.03162066214857	0.520017929908305
1	1.68542638489522	1.55129543271354
1	5.25455808507939	0.881480892958842
1	2.45984371888309	0.616427094677953
1	8.10240287198131	1.83427002242076
1	9.99457053677909	1.09346232403216
1	5.90181810027828	1.98020875151024
1	4.53342840149862	1.74143858865452
1	-0.00841014455275049	1.54104973190727
1	6.83559412691964	2.16925679019784
1	-2.87807712491032	1.54732994492237
1	-0.766931271538602	0.72600555529706
1	1.13053242829008	1.6181844879195
1	6.65043333581921	1.37930385056471
1	9.44511717584912	1.18128762438361
1	5.38820949799105	1.35998659143022
1	7.81299269178465	1.87796516457066
1	-1.29491353050677	0.797329608440248
1	8.67049521087237	1.06515861829474
1	2.31378192939679	0.853174377071142
1	9.88122450101968	2.00989199420258
1	9.40661557055468	0.972047298112262
1	2.15311722002144	1.49864325537582
1	1.41268317376875	0.808162033386269
1	9.39955268545147	1.10123826690789
1	5.13947219406398	0.872231920005073
1	9.08499027724131	1.25971076817789
1	5.36810319444381	1.29900994055512
1	1.96156831766021	0.861405486985417
1	8.39846714223112	2.15250195763358
1	5.18780636190517	1.38747836544143
1	6.50776261402182	0.957547725935596
1	10.4478676194402	1.02426149345561
1	4.4694732489229	1.38682178664006
1	-0.871306030983109	0.7403004738939
1	2.30034665122364	1.4534349879817
1	2.34588715545427	1.77923208203828
1	12.3909498764063	2.07269955825258
1	13.9387180330806	2.02418033419875
1	0.23706642464464	1.65876554246903
1	4.02049231090547	1.3176936820936
1	10.7951485216016	1.07604942263153
1	0.233671824257256	1.50613380141354
1	4.94907873701757	0.653219288073904
1	1.83688095080756	1.69697187443857
1	4.02100722935262	1.4180934403903
1	0.533242306116686	1.63159109646724
1	8.37055999542821	1.09481624392237
1	4.19978810011259	1.75695127671414
1	0.11697167428337	1.38526169056381
1	7.66056494244898	0.900247615358763
1	10.1163885197263	2.04983160379318
1	4.45354499695112	0.71651565855676
1	1.2721136596478	1.62033522060559
1	-0.433043155965496	0.776991236600785
1	1.40126937391547	1.60750802101655
1	-1.42564467382355	1.62926474371184
1	1.09277664001855	1.38895957207181
1	0.58298273947091	0.68807031826257
1	-0.599831042607216	0.735025027542727
1	0.158479537609441	1.53451785523789
1	4.22277918280051	0.88169076931344
1	0.391714334442204	0.572752437075584
1	0.33177022213654	1.45922892687783
1	7.5173302663086	0.990918040809085
1	2.69585614553595	1.51765522764756
1	-2.37380881558173	1.64346091187746
1	6.47047610945289	0.915793396558097
1	7.73251541197951	1.85019796836185
1	9.98290102516725	0.993266640881893
1	9.31726091151868	1.98671993760934
1	5.30332070511052	1.77806703713236
1	10.0747615832888	1.95029323131558
1	3.82923596449484	1.78794225213595
1	11.5969566128186	2.09249460572336
1	12.2741860713448	1.10928112265309
1	1.49729153160628	0.714918050250952
1	7.15395395372344	0.879004198929117
1	4.05029911945523	0.848001791403118
1	-0.109726383816623	1.42448343880743
1	-0.553939803402985	1.50064952608818
1	-0.226251676677918	0.825144708666037
1	8.81242485221115	1.17224103365792
1	8.55632071564338	1.08832143015674
1	0.175002105410684	1.59652936936481
1	1.30168454422251	1.73631570352183
1	3.50342881885624	0.518706706957271
1	8.68840932869351	1.12410464068228
1	10.0117443452968	1.83247398399182
1	11.2590644663253	1.97377496599928
1	5.52246623443888	1.38598173810646
1	1.11859344544774	0.634344705505479
1	12.9970950903469	1.18264417233924
1	1.0340007896917	0.54653915115906
1	5.8384678084801	0.958426227339757
1	2.91957960781285	1.59058033929084
1	0.0349888098504865	1.46459842202489
1	8.9947178895006	1.94202242533061
1	6.34460717134618	2.16978392745731
1	6.99388021776221	0.98577508160467
1	9.43567368757619	2.01791370573503
1	2.98403160328304	1.43963580642297
1	9.61489063798503	1.11296756028418
1	2.1282747074767	0.520131655250131
1	7.42181550735181	1.35652759271006
1	3.63732299504189	1.37547887656656
1	8.14695862208917	1.89949723064319
1	5.21783591565566	0.919612968051154
1	3.79803920581527	1.42680761360807
1	5.52105325366223	1.33027468489103
1	6.72285671406426	1.84201872124071
1	4.20797677855704	1.80643377719738
1	8.91230044113409	1.18778305857203
1	9.03218425560953	1.22290748487173
1	8.49667672673218	2.0619374019758
1	9.32091834610859	2.13192366936071
1	6.9123546798909	1.10842620594829
1	1.07035984447719	0.626691534920972
1	6.54460496586534	1.18377097078977
1	7.73540897138004	1.24645565816368
1	5.47983669390778	1.305232377728
1	1.46692306421476	0.53149730866533
1	5.3440734357843	1.33622088558592
1	5.23292947675027	1.04102072274153
1	12.0460714848872	1.17795820062961
1	1.62997162363475	1.78922443647495
1	2.88644765006361	1.75669989874473
1	4.668533833276	0.962611010453151
1	0.803780709811993	1.42904025740701
1	12.6076383930942	1.89665820303282
1	5.9359075149856	0.933303326039771
1	7.42547261116105	2.01487415834222
1	-2.9985591613619	0.734678704087941
1	10.8055576418856	1.15587248550553
1	8.12978496903149	1.25276127711923
1	-0.0621291524143852	1.63768796571831
1	0.475089487267889	1.4280953707643
1	2.05153761369778	1.3483575538247
1	6.02462503540665	1.88698440960267
1	8.74066847700793	1.29915990745668
1	8.39276821289705	2.06495205514942
1	-0.0540511022314258	1.72368193378573
1	10.2448781354606	1.83333123051959
1	3.19817493684269	1.71182555812232
1	-0.475229338323001	0.683189649169578
1	4.11027026380791	1.43971843606467
1	5.69035499382832	0.8772004101206
1	-1.18604411447534	0.707586644817228
1	5.09384561388329	1.49552554491448
1	8.82429058176307	2.08427955106374
1	-2.44773827934238	1.62637830889363
1	6.91695793778167	0.972022015393034
1	0.767720897728969	1.62279193906208
1	14.6158719177026	1.12929437882325
1	1.15683106764185	0.775012175410874
1	1.38770604247118	0.74885886958376
1	0.0230024708188306	1.53220923181913
1	-0.621341522821964	1.55052230664733
1	-0.0667370358522751	0.68259751192928
1	11.5106223174834	1.10586386649625
1	10.3809630483758	0.942774913047912
1	11.8207729573972	1.17161715400229
1	2.4545735165825	0.66972710721162
1	-0.553269126895843	1.69675818921388
1	9.63762828435777	1.86946627138986
1	0.453897148631049	0.697757257906168
1	2.26581546078627	1.34347225647972
1	1.12986398833778	0.713589359317845
1	7.45632988097753	1.87294923153669
1	8.15088203201351	0.914081141105824
1	5.63187883421854	0.970719253894372
1	0.0479606144664847	0.601225036337688
1	5.85334177583055	1.26879487662708
1	7.47175317907716	0.99221720377708
1	0.94456294939532	1.5363456301958
1	8.52163708262522	2.0218089640994
1	2.08564079178643	0.628904717222483
1	0.0115136148397563	1.71445145578838
1	7.32992453795833	1.1964443094511
1	12.8789455866351	2.00581829816256
1	-1.0826905038033	0.775193398121659
1	1.73616109502928	1.65591380031191
1	2.98812319560942	0.872369158232615
1	2.13777704125361	1.78862094714535
1	0.370577449836003	1.60501428322736
1	7.16402454575909	1.25932947874248
1	3.27689919299469	0.681801261102639
1	7.78067610730869	1.89853969549521
1	-1.62928343012448	0.698709440170537
1	1.91628439509508	0.618999054688909
1	11.1582838640615	1.10787661164272
1	11.150414870694	1.1624405517503
1	8.66180901230595	2.13946000274529
1	9.90929073231001	1.89114714969431
1	9.15011536979567	1.94180884123792
1	7.66580506057516	1.06271332292615
1	-4.34858158202059	1.58438332469298
1	6.76808851786802	0.920087911573211
1	4.77210484422042	1.38875560899497
1	7.49602192084265	1.01002322399983
1	5.03162066214857	0.537660826473109
1	1.68542638489522	1.59138992953545
1	5.25455808507939	0.906993079731261
1	2.45984371888309	0.636168883173049
1	8.10240287198131	1.88052506512265
1	9.99457053677909	1.12358948818888
1	5.90181810027828	2.02964097784955
1	4.53342840149862	1.78567262902043
1	-0.00841014455275049	1.58092117297723
1	6.83559412691964	2.22280471864686
1	-2.87807712491032	1.58733811042563
1	-0.766931271538602	0.74813294009181
1	1.13053242829008	1.65973520416341
1	6.65043333581921	1.41565397573157
1	9.44511717584912	1.21332680400716
1	5.38820949799105	1.3959161669594
1	7.81299269178465	1.92517147971092
1	-1.29491353050677	0.821009765525222
1	8.67049521087237	1.09466959186718
1	2.31378192939679	0.878070312080429
1	9.88122450101968	2.05997044456738
1	9.40661557055468	0.999531176034441
1	2.15311722002144	1.53759147911891
1	1.41268317376875	0.832078019599719
1	9.39955268545147	1.13153471853631
1	5.13947219406398	0.89754275045683
1	9.08499027724131	1.29345727203821
1	5.36810319444381	1.3336120136548
1	1.96156831766021	0.886480618756938
1	8.39846714223112	2.20568512218338
1	5.18780636190517	1.42400645525874
1	6.50776261402182	0.98471593848398
1	10.4478676194402	1.05288210929596
1	4.4694732489229	1.42333558229819
1	-0.871306030983109	0.762739068617278
1	2.30034665122364	1.4913989975389
1	2.34588715545427	1.82428891200589
1	12.3909498764063	2.12414537124997
1	13.9387180330806	2.07456985127165
1	0.23706642464464	1.70119973538366
1	4.02049231090547	1.35270251272963
1	10.7951485216016	1.10579749629079
1	0.233671824257256	1.54524509934849
1	4.94907873701757	0.673762067200969
1	1.83688095080756	1.74023784472672
1	4.02100722935262	1.45528804084392
1	0.533242306116686	1.67343368353651
1	8.37055999542821	1.12497288381969
1	4.19978810011259	1.8015230386635
1	0.11697167428337	1.42174152188802
1	7.66056494244898	0.926168366216322
1	10.1163885197263	2.10077956614337
1	4.45354499695112	0.738436441959048
1	1.2721136596478	1.66193275973704
1	-0.433043155965496	0.800228613742264
1	1.40126937391547	1.64882630344279
1	-1.42564467382355	1.67105668452734
1	1.09277664001855	1.42551990874709
1	0.58298273947091	0.709371827601645
1	-0.599831042607216	0.75734877227439
1	0.158479537609441	1.57424709298865
1	4.22277918280051	0.907207525234322
1	0.391714334442204	0.591543399094598
1	0.33177022213654	1.49731907435587
1	7.5173302663086	1.01881274740777
1	2.69585614553595	1.55701735472936
1	-2.37380881558173	1.68556191275872
1	6.47047610945289	0.942052589458872
1	7.73251541197951	1.89679977308872
1	9.98290102516725	1.02121247807332
1	9.31726091151868	2.03629391682031
1	5.30332070511052	1.82309850329397
1	10.0747615832888	1.99907417679297
1	3.82923596449484	1.83318870832605
1	11.5969566128186	2.14437137012973
1	12.2741860713448	1.13975267262471
1	1.49729153160628	0.736804052653022
1	7.15395395372344	0.904462466417771
1	4.05029911945523	0.872785115766485
1	-0.109726383816623	1.4618171537959
1	-0.553939803402985	1.53964142768512
1	-0.226251676677918	0.849430419066857
1	8.81242485221115	1.20408326295713
1	8.55632071564338	1.11833667361904
1	0.175002105410684	1.63760863920948
1	1.30168454422251	1.78043821525568
1	3.50342881885624	0.536321057322371
1	8.68840932869351	1.15489890854534
1	10.0117443452968	1.87868992573714
1	11.2590644663253	2.02306712452945
1	5.52246623443888	1.42247724534676
1	1.11859344544774	0.654476572359472
1	12.9970950903469	1.21471288491812
1	1.0340007896917	0.564759432429951
1	5.8384678084801	0.985613565450657
1	2.91957960781285	1.63153009477612
1	0.0349888098504865	1.50280546699978
1	8.9947178895006	1.99062330983579
1	6.34460717134618	2.22334333203666
1	6.99388021776221	1.01355782254534
1	9.43567368757619	2.06816679411939
1	2.98403160328304	1.47729939857808
1	9.61489063798503	1.14351936646602
1	2.1282747074767	0.537777027691609
1	7.42181550735181	1.39238186352606
1	3.63732299504189	1.41174572949392
1	8.14695862208917	1.94717231324793
1	5.21783591565566	0.94595531557528
1	3.79803920581527	1.46419192743478
1	5.52105325366223	1.36555741236363
1	6.72285671406426	1.888442458293
1	4.20797677855704	1.8520828062427
1	8.91230044113409	1.21996364813761
1	9.03218425560953	1.25585275666532
1	8.49667672673218	2.11314891564059
1	9.32091834610859	2.18465883082597
1	6.9123546798909	1.13887914381206
1	1.07035984447719	0.646656787138075
1	6.54460496586534	1.21586421452376
1	7.73540897138004	1.27991358942293
1	5.47983669390778	1.33996991744229
1	1.46692306421476	0.54939011897532
1	5.3440734357843	1.37163306582044
1	5.23292947675027	1.07000619820067
1	12.0460714848872	1.20992489647356
1	1.62997162363475	1.83449880667477
1	2.88644765006361	1.80126618802775
1	4.668533833276	0.989889454088383
1	0.803780709811993	1.4664731773809
1	12.6076383930942	1.94427147810966
1	5.9359075149856	0.959943721804162
1	7.42547261116105	2.06506107374904
1	-2.9985591613619	0.756994909126606
1	10.8055576418856	1.18735836057524
1	8.12978496903149	1.28635648591608
1	-0.0621291524143852	1.67966328570464
1	0.475089487267889	1.46550771992468
1	2.05153761369778	1.38403395743557
1	6.02462503540665	1.93438707973325
1	8.74066847700793	1.333765245436
1	8.39276821289705	2.11622919982797
1	-0.0540511022314258	1.7675293999115
1	10.2448781354606	1.87956583509456
1	3.19817493684269	1.75541490302838
1	-0.475229338323001	0.704384903081607
1	4.11027026380791	1.47738382712229
1	5.69035499382832	0.902619407921738
1	-1.18604411447534	0.72931303762472
1	5.09384561388329	1.53440589401781
1	8.82429058176307	2.1359774682415
1	-2.44773827934238	1.66810741009464
1	6.91695793778167	0.999505342893523
1	0.767720897728969	1.66444296259572
1	14.6158719177026	1.16020163075303
1	1.15683106764185	0.79820646706799
1	1.38770604247118	0.771483786299374
1	0.0230024708188306	1.57188820929562
1	-0.621341522821964	1.59059997199823
1	-0.0667370358522751	0.703779874617967
1	11.5106223174834	1.13626102051819
1	10.3809630483758	0.969621511589663
1	11.8207729573972	1.20344580102456
1	2.4545735165825	0.69062927259058
1	-0.553269126895843	1.74001950743193
1	9.63762828435777	1.91648755994726
1	0.453897148631049	0.719269658393358
1	2.26581546078627	1.37904230390341
1	1.12986398833778	0.735446435230571
1	7.45632988097753	1.92004634646354
1	8.15088203201351	0.940303057061404
1	5.63187883421854	0.998174219406629
1	0.0479606144664847	0.620635865865859
1	5.85334177583055	1.30273914759764
1	7.47175317907716	1.02014019402158
1	0.94456294939532	1.57611465982858
1	8.52163708262522	2.07214685486086
1	2.08564079178643	0.64891815189697
1	0.0115136148397563	1.75809796824105
1	7.32992453795833	1.2288134602351
1	12.8789455866351	2.05580806144284
1	-1.0826905038033	0.798391635118269
1	1.73616109502928	1.69828590889446
1	2.98812319560942	0.897682976452277
1	2.13777704125361	1.83239653277798
1	0.370577449836003	1.64495546718735
1	7.16402454575909	1.29205145636081
1	3.27689919299469	0.702462264917171
1	7.78067610730869	1.94461080038371
1	-1.62928343012448	0.719723550722678
1	1.91628439509508	0.638348510871235
1	11.1582838640615	1.13743568049433
1	11.150414870694	1.19313912207071
1	8.66180901230595	2.19056243497987
1	9.90929073231001	1.93706387026265
1	9.15011536979567	1.98878356956398
1	7.66580506057516	1.09132921146992
1	-4.34858158202059	1.62389365619791
1	6.76808851786802	0.945725242017925
1	4.77210484422042	1.42418049379399
1	7.49602192084265	1.03753874396686
1	5.03162066214857	0.555311632771681
1	1.68542638489522	1.63104658545343
1	5.25455808507939	0.932356940553215
1	2.45984371888309	0.655876910322539
1	8.10240287198131	1.92621995638492
1	9.99457053677909	1.15347670133998
1	5.90181810027828	2.07844997343121
1	4.53342840149862	1.82938664261799
1	-0.00841014455275049	1.62035920165804
1	6.83559412691964	2.27564770381803
1	-2.87807712491032	1.62691014903375
1	-0.766931271538602	0.77017920027688
1	1.13053242829008	1.7008191679457
1	6.65043333581921	1.45164060017666
1	9.44511717584912	1.24508807176242
1	5.38820949799105	1.431490591295
1	7.81299269178465	1.97179875699405
1	-1.29491353050677	0.84457796949695
1	8.67049521087237	1.12395284818761
1	2.31378192939679	0.902830156107505
1	9.88122450101968	2.10941283414157
1	9.40661557055468	1.02682758235162
1	2.15311722002144	1.57612461988846
1	1.41268317376875	0.855877370584474
1	9.39955268545147	1.16158785815153
1	5.13947219406398	0.922709252655716
1	9.08499027724131	1.32689196707597
1	5.36810319444381	1.3678852915911
1	1.96156831766021	0.911416101801138
1	8.39846714223112	2.25817058542199
1	5.18780636190517	1.46016751107134
1	6.50776261402182	1.01170294659942
1	10.4478676194402	1.08129268491054
1	4.4694732489229	1.45948262774565
1	-0.871306030983109	0.785090360016651
1	2.30034665122364	1.52896746456049
1	2.34588715545427	1.86880937966624
1	12.3909498764063	2.17492797604818
1	13.9387180330806	2.12431713168309
1	0.23706642464464	1.74314963542596
1	4.02049231090547	1.38737447250036
1	10.7951485216016	1.13531314534917
1	0.233671824257256	1.58393807665983
1	4.94907873701757	0.694255182236926
1	1.83688095080756	1.7830030081618
1	4.02100722935262	1.49210237449257
1	0.533242306116686	1.71480372338544
1	8.37055999542821	1.15488898750453
1	4.19978810011259	1.84556806877185
1	0.11697167428337	1.45785527732426
1	7.66056494244898	0.951932679554556
1	10.1163885197263	2.15107420454498
1	4.45354499695112	0.760280202584104
1	1.2721136596478	1.70306261679241
1	-0.433043155965496	0.823362828655775
1	1.40126937391547	1.68968244811286
1	-1.42564467382355	1.71237708364546
1	1.09277664001855	1.46171257119348
1	0.58298273947091	0.730608609136025
1	-0.599831042607216	0.779587493896216
1	0.158479537609441	1.61354574163322
1	4.22277918280051	0.932575864489564
1	0.391714334442204	0.610319477331441
1	0.33177022213654	1.5350111749753
1	7.5173302663086	1.04651182587174
1	2.69585614553595	1.59595618126403
1	-2.37380881558173	1.72718523591133
1	6.47047610945289	0.968148625463758
1	7.73251541197951	1.94283454181575
1	9.98290102516725	1.04896167199106
1	9.31726091151868	2.08524185093379
1	5.30332070511052	1.86759411071745
1	10.0747615832888	2.04724482194336
1	3.82923596449484	1.87789503739888
1	11.5969566128186	2.19557637029356
1	12.2741860713448	1.1699774342074
1	1.49729153160628	0.758613722814519
1	7.15395395372344	0.929773478461172
1	4.05029911945523	0.897434584902182
1	-0.109726383816623	1.4987678400207
1	-0.553939803402985	1.57821737913509
1	-0.226251676677918	0.873592153791512
1	8.81242485221115	1.23565149060967
1	8.55632071564338	1.14811418813207
1	0.175002105410684	1.67823051661724
1	1.30168454422251	1.82404291449359
1	3.50342881885624	0.553943884173123
1	8.68840932869351	1.18543998082781
1	10.0117443452968	1.92434649234724
1	11.2590644663253	2.07173883318684
1	5.52246623443888	1.45860636547184
1	1.11859344544774	0.674566933311781
1	12.9970950903469	1.24650309928594
1	1.0340007896917	0.582976160126963
1	5.8384678084801	1.01261931941262
1	2.91957960781285	1.67202502918276
1	0.0349888098504865	1.54061214425102
1	8.9947178895006	2.03861746891697
1	6.34460717134618	2.27619756549283
1	6.99388021776221	1.04114715830035
1	9.43567368757619	2.11778035447661
1	2.98403160328304	1.51457341263872
1	9.61489063798503	1.17382279086441
1	2.1282747074767	0.555430260711178
1	7.42181550735181	1.42788247823674
1	3.63732299504189	1.44765073497382
1	8.14695862208917	1.994259051158
1	5.21783591565566	0.972132855264342
1	3.79803920581527	1.50119220791624
1	5.52105325366223	1.40049783106502
1	6.72285671406426	1.93430269467383
1	4.20797677855704	1.89718371555084
1	8.91230044113409	1.25186351830355
1	9.03218425560953	1.28850212717527
1	8.49667672673218	2.16370187284932
1	9.32091834610859	2.23670518556476
1	6.9123546798909	1.16908566280884
1	1.07035984447719	0.666583841395012
1	6.54460496586534	1.24767847300889
1	7.73540897138004	1.31306544113592
1	5.47983669390778	1.37437597245976
1	1.46692306421476	0.567285877269805
1	5.3440734357843	1.40670036714843
1	5.23292947675027	1.09877438956698
1	12.0460714848872	1.24161511953111
1	1.62997162363475	1.87923249555683
1	2.88644765006361	1.84530585412323
1	4.668533833276	1.01698450477953
1	0.803780709811993	1.50352109899053
1	12.6076383930942	1.99129763560903
1	5.9359075149856	0.986413392329312
1	7.42547261116105	2.1146097749169
1	-2.9985591613619	0.779226240747346
1	10.8055576418856	1.21857730900066
1	8.12978496903149	1.31964288967942
1	-0.0621291524143852	1.72116342321158
1	0.475089487267889	1.50253547913059
1	2.05153761369778	1.41936023628941
1	6.02462503540665	1.98120681360475
1	8.74066847700793	1.36804172343153
1	8.39276821289705	2.16684648502234
1	-0.0540511022314258	1.81086451425477
1	10.2448781354606	1.92524069400535
1	3.19817493684269	1.79849702085114
1	-0.475229338323001	0.725517538767939
1	4.11027026380791	1.5146596043703
1	5.69035499382832	0.927891929931994
1	-1.18604411447534	0.750966267056118
1	5.09384561388329	1.57287250772032
1	8.82429058176307	2.18700717198224
1	-2.44773827934238	1.70936621720637
1	6.91695793778167	1.026801209717
1	0.767720897728969	1.70562524218214
1	14.6158719177026	1.19085344393383
1	1.15683106764185	0.821298451909756
1	1.38770604247118	0.794017700482645
1	0.0230024708188306	1.61113759552571
1	-0.621341522821964	1.63024013061465
1	-0.0667370358522751	0.724899875021333
1	11.5106223174834	1.166412863197
1	10.3809630483758	0.996293290973769
1	11.8207729573972	1.23500071606062
1	2.4545735165825	0.711474638678753
1	-0.553269126895843	1.78278011115839
1	9.63762828435777	1.96293348413701
1	0.453897148631049	0.740713144075254
1	2.26581546078627	1.41426433814954
1	1.12986398833778	0.75722775320482
1	7.45632988097753	1.96656659157759
1	8.15088203201351	0.966362556211864
1	5.63187883421854	1.02544228733645
1	0.0479606144664847	0.640019504857136
1	5.85334177583055	1.33636768330769
1	7.47175317907716	1.04786699459219
1	0.94456294939532	1.61545231033322
1	8.52163708262522	2.12184353394176
1	2.08564079178643	0.668892432004151
1	0.0115136148397563	1.8012361186147
1	7.32992453795833	1.26089814795388
1	12.8789455866351	2.10516352471232
1	-1.0826905038033	0.821487486969361
1	1.73616109502928	1.74017495721752
1	2.98812319560942	0.922852407100382
1	2.13777704125361	1.87565814581306
1	0.370577449836003	1.68445856339539
1	7.16402454575909	1.32447821815493
1	3.27689919299469	0.723066745984811
1	7.78067610730869	1.99012250312938
1	-1.62928343012448	0.74067415035805
1	1.91628439509508	0.657667400530893
1	11.1582838640615	1.16676212916608
1	11.150414870694	1.22358252087199
1	8.66180901230595	2.24100589243125
1	9.90929073231001	1.98242424403587
1	9.15011536979567	2.03518101255947
1	7.66580506057516	1.11973114587306
1	-4.34858158202059	1.66297442674982
1	6.76808851786802	0.971207565568737
1	4.77210484422042	1.45925667080012
1	7.49602192084265	1.06486208667181
1	5.03162066214857	0.572965489730962
1	1.68542638489522	1.67027078458052
1	5.25455808507939	0.957571206590345
1	2.45984371888309	0.675547274639478
1	8.10240287198131	1.97136289097184
1	9.99457053677909	1.18312480016124
1	5.90181810027828	2.12664538255911
1	4.53342840149862	1.87258790216127
1	-0.00841014455275049	1.65936910029711
1	6.83559412691964	2.32779726773894
1	-2.87807712491032	1.66605140547249
1	-0.766931271538602	0.792141522755755
1	1.13053242829008	1.74144242775641
1	6.65043333581921	1.48726739970292
1	9.44511717584912	1.2765731366519
1	5.38820949799105	1.46671334837086
1	7.81299269178465	2.01785562518728
1	-1.29491353050677	0.86803211568662
1	8.67049521087237	1.15300894280466
1	2.31378192939679	0.92745235916293
1	9.88122450101968	2.15822910205848
1	9.40661557055468	1.05393614778223
1	2.15311722002144	1.61424753882864
1	1.41268317376875	0.879558089265018
1	9.39955268545147	1.19139859966407
1	5.13947219406398	0.947730065901749
1	9.08499027724131	1.36001734123324
1	5.36810319444381	1.40183265264597
1	1.96156831766021	0.936210467884253
1	8.39846714223112	2.30996970295927
1	5.18780636190517	1.4959652898757
1	6.50776261402182	1.03850823698302
1	10.4478676194402	1.1094933696364
1	4.4694732489229	1.49526667345745
1	-0.871306030983109	0.807351676980091
1	2.30034665122364	1.56614480115851
1	2.34588715545427	1.91280113311808
1	12.3909498764063	2.22505793561802
1	13.9387180330806	2.17343225648565
1	0.23706642464464	1.78462169415818
1	4.02049231090547	1.42171262526441
1	10.7951485216016	1.16459703352846
1	0.233671824257256	1.62221766889174
1	4.94907873701757	0.714695097134088
1	1.83688095080756	1.82527419579126
1	4.02100722935262	1.52854050241765
1	0.533242306116686	1.75570739766548
1	8.37055999542821	1.18456540510054
1	4.19978810011259	1.88909379383337
1	0.11697167428337	1.49360669185183
1	7.66056494244898	0.977539472939983
1	10.1163885197263	2.20072585483238
1	4.45354499695112	0.782044033076808
1	1.2721136596478	1.74373086162395
1	-0.433043155965496	0.846391574661188
1	1.40126937391547	1.73008239747259
1	-1.42564467382355	1.75323209961113
1	1.09277664001855	1.49754133111955
1	0.58298273947091	0.751777472976634
1	-0.599831042607216	0.801738468897795
1	0.158479537609441	1.65241901864098
1	4.22277918280051	0.957794520329409
1	0.391714334442204	0.629076336499686
1	0.33177022213654	1.57230969839661
1	7.5173302663086	1.07401509435349
1	2.69585614553595	1.63447675723257
1	-2.37380881558173	1.76833718088395
1	6.47047610945289	0.994080576548081
1	7.73251541197951	1.9883106275119
1	9.98290102516725	1.07651406411513
1	9.31726091151868	2.13357344892618
1	5.30332070511052	1.91156149592972
1	10.0747615832888	2.09481451393404
1	3.82923596449484	1.92206897396713
1	11.5969566128186	2.24612036580039
1	12.2741860713448	1.19995640119752
1	1.49729153160628	0.780344137512044
1	7.15395395372344	0.954935941625147
1	4.05029911945523	0.92194859744395
1	-0.109726383816623	1.53533962203204
1	-0.553939803402985	1.61638226150957
1	-0.226251676677918	0.897628084445277
1	8.81242485221115	1.26694733576259
1	8.55632071564338	1.17765475930956
1	0.175002105410684	1.7184008349882
1	1.30168454422251	1.86713702306645
1	3.50342881885624	0.571570315412716
1	8.68840932869351	1.21572899856096
1	10.0117443452968	1.96945186074722
1	11.2590644663253	2.11979967237161
1	5.52246623443888	1.4943728406129
1	1.11859344544774	0.694612064842518
1	12.9970950903469	1.27801653791915
1	1.0340007896917	0.60118473859964
1	5.8384678084801	1.03944298465248
1	2.91957960781285	1.71207091682201
1	0.0349888098504865	1.57802297677175
1	8.9947178895006	2.08601416759149
1	6.34460717134618	2.3283581550892
1	6.99388021776221	1.06854285593963
1	9.43567368757619	2.16676440561584
1	2.98403160328304	1.55146212365629
1	9.61489063798503	1.20387886389133
1	2.1282747074767	0.573086496365359
1	7.42181550735181	1.46303288641937
1	3.63732299504189	1.48319753081757
1	8.14695862208917	2.04076628700834
1	5.21783591565566	0.998144697031644
1	3.79803920581527	1.53781260268754
1	5.52105325366223	1.43509912981491
1	6.72285671406426	1.97960770211161
1	4.20797677855704	1.94174442340199
1	8.91230044113409	1.28348444258839
1	9.03218425560953	1.32085771879423
1	8.49667672673218	2.21360672967744
1	9.32091834610859	2.28807388479265
1	6.9123546798909	1.19904674824351
1	1.07035984447719	0.686468898156614
1	6.54460496586534	1.27921547991355
1	7.73540897138004	1.34591356958803
1	5.47983669390778	1.40845348286683
1	1.46692306421476	0.5851798384949
1	5.3440734357843	1.44142603745034
1	5.23292947675027	1.1273256126389
1	12.0460714848872	1.27303054573518
1	1.62997162363475	1.92343325046917
1	2.88644765006361	1.88882632132854
1	4.668533833276	1.04389569951888
1	0.803780709811993	1.54018819204678
1	12.6076383930942	2.03774548996718
1	5.9359075149856	1.0127115835083
1	7.42547261116105	2.16353025046458
1	-2.9985591613619	0.801369971999886
1	10.8055576418856	1.24953078734787
1	8.12978496903149	1.35262290732536
1	-0.0621291524143852	1.7621946204479
1	0.475089487267889	1.53918280880779
1	2.05153761369778	1.45433975881439
1	6.02462503540665	2.02745232956825
1	8.74066847700793	1.40199222121474
1	8.39276821289705	2.2168143967511
1	-0.0540511022314258	1.85369437316123
1	10.2448781354606	1.97036399269168
1	3.19817493684269	1.84107889017262
1	-0.475229338323001	0.746584317862146
1	4.11027026380791	1.55155004368083
1	5.69035499382832	0.953016664801022
1	-1.18604411447534	0.772543337068681
1	5.09384561388329	1.61093021619944
1	8.82429058176307	2.23737934027529
1	-2.44773827934238	1.75016086010416
1	6.91695793778167	1.05390924633077
1	0.767720897728969	1.746344872075
1	14.6158719177026	1.22125101094413
1	1.15683106764185	0.844285803598973
1	1.38770604247118	0.816458026028098
1	0.0230024708188306	1.64996258504835
1	-0.621341522821964	1.66944815893055
1	-0.0667370358522751	0.745954268891535
1	11.5106223174834	1.19632035438707
1	10.3809630483758	1.02278959117005
1	11.8207729573972	1.26628351206081
1	2.4545735165825	0.732259833392721
1	-0.553269126895843	1.82504682931828
1	9.63762828435777	2.0088125883109
1	0.453897148631049	0.762084621278515
1	2.26581546078627	1.44914167912296
1	1.12986398833778	0.77893037681994
1	7.45632988097753	2.01251854582522
1	8.15088203201351	0.992258693525516
1	5.63187883421854	1.05252307521144
1	0.0479606144664847	0.6593719008298
1	5.85334177583055	1.3696830619274
1	7.47175317907716	1.07539743654536
1	0.94456294939532	1.65436381733354
1	8.52163708262522	2.17090905884099
1	2.08564079178643	0.688823779991338
1	0.0115136148397563	1.84387291157312
1	7.32992453795833	1.29270023215402
1	12.8789455866351	2.15389458664225
1	-1.0826905038033	0.844478629137735
1	1.73616109502928	1.78158736851834
1	2.98812319560942	0.947876090840068
1	2.13777704125361	1.9184129596424
1	0.370577449836003	1.72352900460764
1	7.16402454575909	1.3566119197053
1	3.27689919299469	0.743611384778631
1	7.78067610730869	2.03508301918044
1	-1.62928343012448	0.761558079843357
1	1.91628439509508	0.676951808760823
1	11.1582838640615	1.19585667742858
1	11.150414870694	1.2537719852041
1	8.66180901230595	2.29080087453048
1	9.90929073231001	2.02723641637903
1	9.15011536979567	2.08100979587456
1	7.66580506057516	1.14791941774725
1	-4.34858158202059	1.70163087351837
1	6.76808851786802	0.99653382171389
1	4.77210484422042	1.49398752258492
1	7.49602192084265	1.09199304421147
1	5.03162066214857	0.590617711337783
1	1.68542638489522	1.70906783051072
1	5.25455808507939	0.982634693188717
1	2.45984371888309	0.695176223990939
1	8.10240287198131	2.01596191354855
1	9.99457053677909	1.21253465338515
1	5.90181810027828	2.17423666355335
1	4.53342840149862	1.91528355309133
1	-0.00841014455275049	1.69795607324208
1	6.83559412691964	2.37926469996877
1	-2.87807712491032	1.70476714492362
1	-0.766931271538602	0.814017216841893
1	1.13053242829008	1.7816109351193
1	6.65043333581921	1.52253801188494
1	9.44511717584912	1.30778371813958
1	5.38820949799105	1.50158788864237
1	7.81299269178465	2.06335055221457
1	-1.29491353050677	0.891370204297648
1	8.67049521087237	1.18183847028318
1	2.31378192939679	0.951935462397925
1	9.88122450101968	2.20642899416891
1	9.40661557055468	1.08085656495589
1	2.15311722002144	1.65196502951108
1	1.41268317376875	0.903118280774497
1	9.39955268545147	1.22096788712911
1	5.13947219406398	0.972603915949583
1	9.08499027724131	1.39283587363026
1	5.36810319444381	1.43545695661631
1	1.96156831766021	0.96086233788925
1	8.39846714223112	2.36109360205648
1	5.18780636190517	1.53140350842994
1	6.50776261402182	1.06513136181238
1	10.4478676194402	1.13748436188294
1	4.4694732489229	1.53069142983165
1	-0.871306030983109	0.829520467290694
1	2.30034665122364	1.60293536298872
1	2.34588715545427	1.9562716838942
1	12.3909498764063	2.27454560420413
1	13.9387180330806	2.22192510993603
1	0.23706642464464	1.82562225619789
1	4.02049231090547	1.45572001180123
1	10.7951485216016	1.19364986088875
1	0.233671824257256	1.66008874217404
1	4.94907873701757	0.73507841615202
1	1.83688095080756	1.86705812232339
1	4.02100722935262	1.56460643793428
1	0.533242306116686	1.7961507877653
1	8.37055999542821	1.21400301845511
1	4.19978810011259	1.93210750955482
1	0.11697167428337	1.52899946075674
1	7.66056494244898	1.00298774350503
1	10.1163885197263	2.2497446497367
1	4.45354499695112	0.803725150825467
1	1.2721136596478	1.78394346658879
1	-0.433043155965496	0.869312654951566
1	1.40126937391547	1.7700319996267
1	-1.42564467382355	1.79362779127848
1	1.09277664001855	1.53300991963135
1	0.58298273947091	0.772875360972192
1	-0.599831042607216	0.823799093960906
1	0.158479537609441	1.69087206508771
1	4.22277918280051	0.982862310132918
1	0.391714334442204	0.647809801406006
1	0.33177022213654	1.6092190563993
1	7.5173302663086	1.10132242827661
1	2.69585614553595	1.67258406036863
1	-2.37380881558173	1.80902394404381
1	6.47047610945289	1.01984759043055
1	7.73251541197951	2.03323622913047
1	9.98290102516725	1.10386955261916
1	9.31726091151868	2.18129823218904
1	5.30332070511052	1.95500815917818
1	10.0747615832888	2.14179242130446
1	3.82923596449484	1.96571811393582
1	11.5969566128186	2.29601390264223
1	12.2741860713448	1.22969059555846
1	1.49729153160628	0.801992498658458
1	7.15395395372344	0.979948647264932
1	4.05029911945523	0.946325644438068
1	-0.109726383816623	1.57153657504259
1	-0.553939803402985	1.65414088781424
1	-0.226251676677918	0.921536480666247
1	8.81242485221115	1.29797243024885
1	8.55632071564338	1.20695920608607
1	0.175002105410684	1.7581253360809
1	1.30168454422251	1.90972763679181
1	3.50342881885624	0.589195652326646
1	8.68840932869351	1.24576712729817
1	10.0117443452968	2.01401405820465
1	11.2590644663253	2.16725903808214
1	5.52246623443888	1.52978037303078
1	1.11859344544774	0.714608388380086
1	12.9970950903469	1.30925493342209
1	1.0340007896917	0.619380738736161
1	5.8384678084801	1.06608412185757
1	2.91957960781285	1.75167344182636
1	0.0349888098504865	1.6150424283538
1	8.9947178895006	2.13282249428252
1	6.34460717134618	2.37983639549114
1	6.99388021776221	1.09574474106882
1	9.43567368757619	2.21512877109126
1	2.98403160328304	1.58796975361892
1	9.61489063798503	1.23368864321934
1	2.1282747074767	0.590741049742598
1	7.42181550735181	1.49783650502326
1	3.63732299504189	1.51838971754862
1	8.14695862208917	2.08670269729614
1	5.21783591565566	1.02399002559469
1	3.79803920581527	1.57405720947481
1	5.52105325366223	1.46936447126032
1	6.72285671406426	2.02436560033026
1	4.20797677855704	1.98577270482177
1	8.91230044113409	1.31482820337498
1	9.03218425560953	1.35292165414252
1	8.49667672673218	2.26287373612053
1	9.32091834610859	2.33877585643655
1	6.9123546798909	1.2287634137982
1	1.07035984447719	0.706308304717823
1	6.54460496586534	1.31047697875698
1	7.73540897138004	1.37846032550211
1	5.47983669390778	1.44220536873489
1	1.46692306421476	0.603067427833975
1	5.3440734357843	1.47581329697187
1	5.23292947675027	1.15566022816635
1	12.0460714848872	1.30417286229882
1	1.62997162363475	1.96710867973683
1	2.88644765006361	1.93183488291545
1	4.668533833276	1.07062263953022
1	0.803780709811993	1.57647857590257
1	12.6076383930942	2.08362369018067
1	5.9359075149856	1.03883761267211
1	7.42547261116105	2.21183229450326
1	-2.9985591613619	0.823423496211295
1	10.8055576418856	1.2802202688937
1	8.12978496903149	1.38529895065694
1	-0.0621291524143852	1.80276301786039
1	0.475089487267889	1.57545381915643
1	2.05153761369778	1.48897586281966
1	6.02462503540665	2.07313218291384
1	8.74066847700793	1.43561960003524
1	8.39276821289705	2.26614321421167
1	-0.0540511022314258	1.89602595006974
1	10.2448781354606	2.01494376672493
1	3.19817493684269	1.88316736958329
1	-0.475229338323001	0.767582134935696
1	4.11027026380791	1.5880593678424
1	5.69035499382832	0.977992386411417
1	-1.18604411447534	0.794041378558631
1	5.09384561388329	1.64858378282671
1	8.82429058176307	2.28710443953645
1	-2.44773827934238	1.79049736968232
1	6.91695793778167	1.08082914511956
1	0.767720897728969	1.78660784842875
1	14.6158719177026	1.25139554760838
1	1.15683106764185	0.867166306158263
1	1.38770604247118	0.838802293620867
1	0.0230024708188306	1.68836829657651
1	-0.621341522821964	1.70822935305093
1	-0.0667370358522751	0.766939945064224
1	11.5106223174834	1.2259844829501
1	10.3809630483758	1.04910982125728
1	11.8207729573972	1.29729581481479
1	2.4545735165825	0.752981620897243
1	-0.553269126895843	1.86682637455002
1	9.63762828435777	2.05413325806722
1	0.453897148631049	0.783381125685696
1	2.26581546078627	1.48367761731074
1	1.12986398833778	0.800551495118251
1	7.45632988097753	2.05791062854287
1	8.15088203201351	1.01799060013508
1	5.63187883421854	1.07941626279694
1	0.0479606144664847	0.678689154394158
1	5.85334177583055	1.40268785057142
1	7.47175317907716	1.1027314078892
1	0.94456294939532	1.69285433961027
1	8.52163708262522	2.21935329084465
1	2.08564079178643	0.70870856459176
1	0.0115136148397563	1.8860152311429
1	7.32992453795833	1.32422157911675
1	12.8789455866351	2.20201095362304
1	-1.0826905038033	0.867362847401452
1	1.73616109502928	1.82252945979071
1	2.98812319560942	0.972752754755366
1	2.13777704125361	1.96066802239461
1	0.370577449836003	1.76217214137224
1	7.16402454575909	1.38845471544634
1	3.27689919299469	0.764092996054157
1	7.78067610730869	2.07950041294623
1	-1.62928343012448	0.782372310262847
1	1.91628439509508	0.696197969663338
1	11.1582838640615	1.22472007942159
1	11.150414870694	1.28370877369112
1	8.66180901230595	2.33995767317478
1	9.90929073231001	2.07150838335189
1	9.15011536979567	2.12627838397412
1	7.66580506057516	1.17589436366399
1	-4.34858158202059	1.73986815630312
1	6.76808851786802	1.02170302834663
1	4.77210484422042	1.52837640022386
1	7.49602192084265	1.11893146599809
1	5.03162066214857	0.608263779661905
1	1.68542638489522	1.74744294782486
1	5.25455808507939	1.00754629717009
1	2.45984371888309	0.7147601512271
1	8.10240287198131	2.06002492196573
1	9.99457053677909	1.24170716042874
1	5.90181810027828	2.22123309295238
1	4.53342840149862	1.95748061627736
1	-0.00841014455275049	1.73612524828232
1	6.83559412691964	2.43006106298873
1	-2.87807712491032	1.74306255450588
1	-0.766931271538602	0.835803710576641
1	1.13053242829008	1.82133054651819
1	6.65043333581921	1.55745603649364
1	9.44511717584912	1.33872154533084
1	5.38820949799105	1.53611762938968
1	7.81299269178465	2.10829184871599
1	-1.29491353050677	0.914590337171957
1	8.67049521087237	1.21044206265421
1	2.31378192939679	0.976278095221702
1	9.88122450101968	2.25402206742982
1	9.40661557055468	1.10758858627806
1	2.15311722002144	1.68928181910985
1	1.41268317376875	0.926556149289093
1	9.39955268545147	1.25029669342326
1	5.13947219406398	0.997329612245638
1	9.08499027724131	1.42535003423832
1	5.36810319444381	1.46876104473395
1	1.96156831766021	0.985370418984895
1	8.39846714223112	2.4115531869114
1	5.18780636190517	1.56648584372988
1	6.50776261402182	1.09157193651502
1	10.4478676194402	1.16526590732475
1	4.4694732489229	1.56576056766137
1	-0.871306030983109	0.851594294034351
1	2.30034665122364	1.63934345014123
1	2.34588715545427	1.9992284099001
1	12.3909498764063	2.32340113210853
1	13.9387180330806	2.26980538397362
1	0.23706642464464	1.8661575613994
1	4.02049231090547	1.48939964984856
1	10.7951485216016	1.22247236234683
1	0.233671824257256	1.69755609444421
1	4.94907873701757	0.755401879717908
1	1.83688095080756	1.90836138854895
1	4.02100722935262	1.60030414725986
1	0.533242306116686	1.83613987682139
1	8.37055999542821	1.2432027397758
1	4.19978810011259	1.97461638335427
1	0.11697167428337	1.5640372400938
1	7.66056494244898	1.02827656536127
1	10.1163885197263	2.2981405235257
1	4.45354499695112	0.825320894220073
1	1.2721136596478	1.82370630848877
1	-0.433043155965496	0.892123979231593
1	1.40126937391547	1.80953701019811
1	-1.42564467382355	1.83357011980687
1	1.09277664001855	1.56812202771768
1	0.58298273947091	0.793899342788666
1	-0.599831042607216	0.845766882334134
1	0.158479537609441	1.7289099470559
1	4.22277918280051	1.00777813270456
1	0.391714334442204	0.666515852304713
1	0.33177022213654	1.64574360380901
1	7.5173302663086	1.12843375831905
1	2.69585614553595	1.71028299745296
1	-2.37380881558173	1.8492516206619
1	6.47047610945289	1.04544888808423
1	7.73251541197951	2.07761939499395
1	9.98290102516725	1.13102809036839
1	9.31726091151868	2.22842553877221
1	5.30332070511052	1.99794146736214
1	10.0747615832888	2.1881875379802
1	3.82923596449484	2.0088499174957
1	11.5969566128186	2.34526731812555
1	12.2741860713448	1.25918106614792
1	1.49729153160628	0.823556129551096
1	7.15395395372344	1.00481046880488
1	4.05029911945523	0.97056430642817
1	-0.109726383816623	1.60736272563628
1	-0.553939803402985	1.69149800417643
1	-0.226251676677918	0.945315707066474
1	8.81242485221115	1.32872841771042
1	8.55632071564338	1.23602837931242
1	0.175002105410684	1.7974096718026
1	1.30168454422251	1.95182172814281
1	3.50342881885624	0.606815364597509
1	8.68840932869351	1.27555555593539
1	10.0117443452968	2.05804096560296
1	11.2590644663253	2.21412614607671
1	5.52246623443888	1.56483262558262
1	1.11859344544774	0.734552466042895
1	12.9970950903469	1.34022002771551
1	1.0340007896917	0.637559893153101
1	5.8384678084801	1.09254235475463
1	2.91957960781285	1.79083819990236
1	0.0349888098504865	1.65167490454858
1	8.9947178895006	2.17905136478108
1	6.34460717134618	2.43064335415975
1	6.99388021776221	1.12275269578017
1	9.43567368757619	2.2628830836412
1	2.98403160328304	1.62410047225541
1	9.61489063798503	1.26325321253203
1	2.1282747074767	0.608389403987023
1	7.42181550735181	1.53229671865131
1	3.63732299504189	1.55323085880325
1	8.14695862208917	2.13207679607556
1	5.21783591565566	1.04966809801014
1	3.79803920581527	1.60993007681853
1	5.52105325366223	1.50329699199211
1	6.72285671406426	2.06858436038268
1	4.20797677855704	2.02927619469097
1	8.91230044113409	1.34589659113131
1	9.03218425560953	1.38469605550966
1	8.49667672673218	2.31151294081019
1	9.32091834610859	2.38882181029053
1	6.9123546798909	1.25823670025419
1	1.07035984447719	0.726098550897309
1	6.54460496586534	1.34146472210482
1	7.73540897138004	1.41070805362803
1	5.47983669390778	1.47563453007932
1	1.46692306421476	0.62094423580284
1	5.3440734357843	1.50986533847781
1	5.23292947675027	1.1837786401489
1	12.0460714848872	1.33504376687428
1	1.62997162363475	2.01026625566342
1	2.88644765006361	1.97433870392724
1	4.668533833276	1.09716498807407
1	0.803780709811993	1.61239632019023
1	12.6076383930942	2.12894072348328
1	5.9359075149856	1.06479086621065
1	7.42547261116105	2.25952551105659
1	-2.9985591613619	0.845384323358431
1	10.8055576418856	1.31064724264594
1	8.12978496903149	1.41767342399342
1	-0.0621291524143852	1.84287465618285
1	0.475089487267889	1.61135257088248
1	2.05153761369778	1.5232718557255
1	6.02462503540665	2.11825476948665
1	8.74066847700793	1.46892670254157
1	8.39276821289705	2.31484301451517
1	-0.0540511022314258	1.93786609810183
1	10.2448781354606	2.058987905087
1	3.19817493684269	1.92476920019712
1	-0.475229338323001	0.788508013546721
1	4.11027026380791	1.62419174736443
1	5.69035499382832	1.00281795114708
1	-1.18604411447534	0.815457645563288
1	5.09384561388329	1.68583790532305
1	8.82429058176307	2.3361927294643
1	-2.44773827934238	1.83038167983197
1	6.91695793778167	1.10756065824997
1	0.767720897728969	1.82642007125395
1	14.6158719177026	1.28128829185016
1	1.15683106764185	0.889937850596056
1	1.38770604247118	0.86104814719828
1	0.0230024708188306	1.72635977438305
1	-0.621341522821964	1.74658893025288
1	-0.0667370358522751	0.787853921503594
1	11.5106223174834	1.25540626546085
1	10.3809630483758	1.07525345710376
1	11.8207729573972	1.32803926207073
1	2.4545735165825	0.773636897569393
1	-0.553269126895843	1.90812534562565
1	9.63762828435777	2.09890372375673
1	0.453897148631049	0.804599818475589
1	2.26581546078627	1.51787541398161
1	1.12986398833778	0.822088418844904
1	7.45632988097753	2.10275110298493
1	8.15088203201351	1.04355748083788
1	5.63187883421854	1.10612158995233
1	0.0479606144664847	0.697967514786063
1	5.85334177583055	1.43538460502891
1	7.47175317907716	1.1298688515749
1	0.94456294939532	1.73092896051298
1	8.52163708262522	2.26718589948972
1	2.08564079178643	0.728543296532088
1	0.0115136148397563	1.92766984324495
1	7.32992453795833	1.35546406113315
1	12.8789455866351	2.24952214412732
1	-1.0826905038033	0.89013803448096
1	1.73616109502928	1.86300744394845
1	2.98812319560942	0.997481209589191
1	2.13777704125361	2.00243025958953
1	0.370577449836003	1.80039324358339
1	7.16402454575909	1.42000875814886
1	3.27689919299469	0.78450852487073
1	7.78067610730869	2.12338260111051
1	-1.62928343012448	0.803113939140996
1	1.91628439509508	0.71540226199511
1	11.1582838640615	1.25335312222881
1	11.150414870694	1.31339416543299
1	8.66180901230595	2.38848637748451
1	9.90929073231001	2.11524799497785
1	9.15011536979567	2.17099508371025
1	7.66580506057516	1.20365636345869
1	-4.34858158202059	1.77769135896391
1	6.76808851786802	1.04671427921458
1	4.77210484422042	1.56242662355442
1	7.49602192084265	1.14567725674774
1	5.03162066214857	0.625899340013545
1	1.68542638489522	1.78540128356305
1	5.25455808507939	1.03230499420283
1	2.45984371888309	0.734295589929125
1	8.10240287198131	2.10355967046486
1	9.99457053677909	1.27064325006251
1	5.90181810027828	2.26764376961189
1	4.53342840149862	1.99918599065351
1	-0.00841014455275049	1.77388167805863
1	6.83559412691964	2.48019719745864
1	-2.87807712491032	1.78094274472313
1	-0.766931271538602	0.857498547148111
1	1.13053242829008	1.86060702527905
1	6.65043333581921	1.59202503591558
1	9.44511717584912	1.36938835617926
1	5.38820949799105	1.57030595501877
1	7.81299269178465	2.15268767152051
1	-1.29491353050677	0.937690714645604
1	8.67049521087237	1.23882038791055
1	2.31378192939679	1.00047897249905
1	9.88122450101968	2.30101769418505
1	9.40661557055468	1.13413202185546
1	2.15311722002144	1.72620256955141
1	1.41268317376875	0.949869994949984
1	9.39955268545147	1.2793860189611
1	5.13947219406398	1.02190604524239
1	9.08499027724131	1.45756228356678
1	5.36810319444381	1.50174773959325
1	1.96156831766021	1.00973350187374
1	8.39846714223112	2.4613591438123
1	5.18780636190517	1.60121593347841
1	6.50776261402182	1.11782963760511
1	10.4478676194402	1.19283829714684
1	4.4694732489229	1.60047771860005
1	-0.871306030983109	0.873570832106167
1	2.30034665122364	1.67537330801375
1	2.34588715545427	2.0416785582823
1	12.3909498764063	2.37163447035585
1	13.9387180330806	2.3170825825886
1	0.23706642464464	1.90623374698439
1	4.02049231090547	1.52275453414439
1	10.7951485216016	1.25106530623851
1	0.233671824257256	1.73462445664326
1	4.94907873701757	0.77566236039974
1	1.83688095080756	1.94919048370566
1	4.02100722935262	1.63563755017088
1	0.533242306116686	1.87568055168221
1	8.37055999542821	1.27216551030753
1	4.19978810011259	2.01662745709283
1	0.11697167428337	1.59872364714245
1	7.66056494244898	1.05340508708528
1	10.1163885197263	2.34592321652888
1	4.45354499695112	0.846828719013075
1	1.2721136596478	1.86302517046577
1	-0.433043155965496	0.914823560448658
1	1.40126937391547	1.84860309414458
1	-1.42564467382355	1.87306495061079
1	1.09277664001855	1.60288130672862
1	0.58298273947091	0.814846612095855
1	-0.599831042607216	0.867639460306979
1	0.158479537609441	1.76653765700457
1	4.22277918280051	1.03254096564641
1	0.391714334442204	0.685190620378199
1	0.33177022213654	1.68188763940622
1	7.5173302663086	1.15534906845414
1	2.69585614553595	1.74757840557985
1	-2.37380881558173	1.88902620694986
1	6.47047610945289	1.07088376131757
1	7.73251541197951	2.12146802609679
1	9.98290102516725	1.1579896829751
1	9.31726091151868	2.27496452752253
1	5.30332070511052	2.04036865689391
1	10.0747615832888	2.23400868718873
1	3.82923596449484	2.0514717120449
1	11.5969566128186	2.39389074565769
1	12.2741860713448	1.28842888748376
1	1.49729153160628	0.845032471222759
1	7.15395395372344	1.02952035909421
1	4.05029911945523	0.994663250621152
1	-0.109726383816623	1.64282205246419
1	-0.553939803402985	1.72845829100751
1	-0.226251676677918	0.968964220257912
1	8.81242485221115	1.35921695274963
1	8.55632071564338	1.26486316039322
1	0.175002105410684	1.83625940595868
1	1.30168454422251	1.99342614885363
1	3.50342881885624	0.6244250854545
1	8.68840932869351	1.30509549556774
1	10.0117443452968	2.10154032063576
1	11.2590644663253	2.26041003593299
1	5.52246623443888	1.59953322218203
1	1.11859344544774	0.754440996496966
1	12.9970950903469	1.37091357125162
1	1.0340007896917	0.655718091515355
1	5.8384678084801	1.11881736795195
1	2.91957960781285	1.82957070004371
1	0.0349888098504865	1.68792475360872
1	8.9947178895006	2.22470952611113
1	6.34460717134618	2.48078987661164
1	6.99388021776221	1.14956665666208
1	9.43567368757619	2.31003678951795
1	2.98403160328304	1.65985839782399
1	9.61489063798503	1.29257368031245
1	2.1282747074767	0.626027205456667
1	7.42181550735181	1.56641687983982
1	3.63732299504189	1.58772448172641
1	8.14695862208917	2.17689693856242
1	5.21783591565566	1.07517824127827
1	3.79803920581527	1.64543520478367
1	5.52105325366223	1.53689980266401
1	6.72285671406426	2.11227180790339
1	4.20797677855704	2.07226239078035
1	8.91230044113409	1.37669140365696
1	9.03218425560953	1.41618304431602
1	8.49667672673218	2.35953419561335
1	9.32091834610859	2.43822224304369
1	6.9123546798909	1.28746767425251
1	1.07035984447719	0.745836264848197
1	6.54460496586534	1.3721804707911
1	7.73540897138004	1.44265909234847
1	5.47983669390778	1.50874384682524
1	1.46692306421476	0.638806013477579
1	5.3440734357843	1.54358532740755
1	5.23292947675027	1.21168129418357
1	12.0460714848872	1.3656449667393
1	1.62997162363475	2.05291331746053
1	2.88644765006361	2.01634482390893
1	4.668533833276	1.12352246831544
1	0.803780709811993	1.64794544554533
1	12.6076383930942	2.17370491893331
1	5.9359075149856	1.09057079726103
1	7.42547261116105	2.30661931837183
1	-2.9985591613619	0.867250076539924
1	10.8055576418856	1.34081321239443
1	8.12978496903149	1.44974872381465
1	-0.0621291524143852	1.88253547843757
1	0.475089487267889	1.64688307591575
1	2.05153761369778	1.55723101479314
1	6.02462503540665	2.16282832921498
1	8.74066847700793	1.50191635270984
1	8.39276821289705	2.3629236773042
1	-0.0540511022314258	1.97922155258975
1	10.2448781354606	2.10250415336976
1	3.19817493684269	1.96589100810703
1	-0.475229338323001	0.809359102396717
1	4.11027026380791	1.65995130126646
1	5.69035499382832	1.02749229523794
1	-1.18604411447534	0.836789511567159
1	5.09384561388329	1.72269721688977
1	8.82429058176307	2.38465426777634
1	-2.44773827934238	1.86981962937326
1	6.91695793778167	1.1341035955958
1	0.767720897728969	1.86578734632756
1	14.6158719177026	1.3109305025805
1	1.15683106764185	0.912598431625559
1	1.38770604247118	0.883193340508672
1	0.0230024708188306	1.76394198965637
1	-0.621341522821964	1.78453203045325
1	-0.0667370358522751	0.808693341455451
1	11.5106223174834	1.28458674495211
1	10.3809630483758	1.10122003911356
1	11.8207729573972	1.35851550268281
1	2.4545735165825	0.794222688072825
1	-0.553269126895843	1.9489502298141
1	9.63762828435777	2.1431320639034
1	0.453897148631049	0.825737982569122
1	2.26581546078627	1.55173830138583
1	1.12986398833778	0.843538576790733
1	7.45632988097753	2.14704807976583
1	8.15088203201351	1.06895861166642
1	5.63187883421854	1.13263885454834
1	0.0479606144664847	0.717203375521709
1	5.85334177583055	1.46777586950616
1	7.47175317907716	1.1568097635457
1	0.94456294939532	1.76859268934098
1	8.52163708262522	2.31441636691765
1	2.08564079178643	0.748324624356721
1	0.0115136148397563	1.96884339816603
1	7.32992453795833	1.38642955580372
1	12.8789455866351	2.29643749296571
1	-1.0826905038033	0.912802186759167
1	1.73616109502928	1.90302743193855
1	2.98812319560942	1.02206034705846
1	2.13777704125361	2.04370647672954
1	0.370577449836003	1.83819750200079
1	7.16402454575909	1.45127619842145
1	3.27689919299469	0.804855042721427
1	7.78067610730869	2.1667373558644
1	-1.62928343012448	0.823780186671137
1	1.91628439509508	0.73456120493047
1	11.1582838640615	1.28175662449517
1	11.150414870694	1.34282945894131
1	8.66180901230595	2.43639687844261
1	9.90929073231001	2.15846295843372
1	9.15011536979567	2.21516804780784
1	7.66580506057516	1.23120583858434
1	-4.34858158202059	1.81510549081993
1	6.76808851786802	1.07156674144077
1	4.77210484422042	1.59614148143308
1	7.49602192084265	1.17223037452633
1	5.03162066214857	0.643520196231846
1	1.68542638489522	1.82294790866458
1	5.25455808507939	1.05690983624648
1	2.45984371888309	0.753779210272697
1	8.10240287198131	2.14657377280602
1	9.99457053677909	1.29934387911946
1	5.90181810027828	2.31347761870311
1	4.53342840149862	2.04040645579295
1	-0.00841014455275049	1.81123034144204
1	6.83559412691964	2.52968372734283
1	-2.87807712491032	1.81841275088066
1	-0.766931271538602	0.879099381408342
1	1.13053242829008	1.89944604340887
1	6.65043333581921	1.62624853556694
1	9.44511717584912	1.39978589671944
1	5.38820949799105	1.60415621736017
1	7.81299269178465	2.19654602703449
1	-1.29491353050677	0.960669632491369
1	8.67049521087237	1.26697414854699
1	2.31378192939679	1.02453689182604
1	9.88122450101968	2.34742506634062
1	9.40661557055468	1.16048673748092
1	2.15311722002144	1.76273187864054
1	1.41268317376875	0.973058210870547
1	9.39955268545147	1.30823689045054
1	5.13947219406398	1.04633218378772
1	9.08499027724131	1.4894750723637
1	5.36810319444381	1.53441984508617
1	1.96156831766021	1.03395045811694
1	8.39846714223112	2.51052194616395
1	5.18780636190517	1.63559737654822
1	6.50776261402182	1.14390420058172
1	10.4478676194402	1.22020186634081
1	4.4694732489229	1.63484647562036
1	-0.871306030983109	0.895447864812878
1	2.30034665122364	1.7110291281678
1	2.34588715545427	2.08362924822778
1	12.3909498764063	2.41925537524337
1	13.9387180330806	2.36376602608259
1	0.23706642464464	1.94585684962278
1	4.02049231090547	1.55578763647353
1	10.7951485216016	1.2794294929238
1	0.233671824257256	1.77129849388631
1	4.94907873701757	0.795856858989294
1	1.83688095080756	1.98955178778704
1	4.02100722935262	1.67061052064832
1	0.533242306116686	1.91477860482705
1	8.37055999542821	1.30089229904967
1	4.19978810011259	2.0581476497413
1	0.11697167428337	1.63306226085627
1	7.66056494244898	1.07837252927507
1	10.1163885197263	2.39310227955119
1	4.45354499695112	0.868246194779924
1	1.2721136596478	1.90190574385333
1	-0.433043155965496	0.937409511614133
1	1.40126937391547	1.88723582753394
1	-1.42564467382355	1.91211805526483
1	1.09277664001855	1.63729136884705
1	0.58298273947091	0.835714482858265
1	-0.599831042607216	0.889414563780808
1	0.158479537609441	1.80376011510906
1	4.22277918280051	1.05714986280396
1	0.391714334442204	0.703830383339959
1	0.33177022213654	1.717655406817
1	7.5173302663086	1.18206839404793
1	2.69585614553595	1.78447505339641
1	-2.37380881558173	1.92835360204961
1	6.47047610945289	1.09615157042359
1	7.73251541197951	2.16478987932822
1	9.98290102516725	1.18475438690994
1	9.31726091151868	2.32092418212101
1	5.30332070511052	2.08229683649133
1	10.0747615832888	2.27926452527923
1	3.82923596449484	2.09359069504034
1	11.5969566128186	2.44189411941499
1	12.2741860713448	1.31743515854733
1	1.49729153160628	0.866419078892728
1	7.15395395372344	1.05407734783679
1	4.05029911945523	1.01862122813202
1	-0.109726383816623	1.67791848692807
1	-0.553939803402985	1.76502636414068
1	-0.226251676677918	0.992480565960927
1	8.81242485221115	1.38943970010806
1	8.55632071564338	1.2934644599652
1	0.175002105410684	1.87468001596238
1	1.30168454422251	2.03454763246299
1	3.50342881885624	0.642020606954061
1	8.68840932869351	1.33438817838128
1	10.0117443452968	2.14451972092384
1	11.2590644663253	2.30611957500796
1	5.52246623443888	1.63388574825298
1	1.11859344544774	0.774270810926337
1	12.9970950903469	1.40133732225501
1	1.0340007896917	0.673851375982799
1	5.8384678084801	1.14490890484286
1	2.91957960781285	1.86787636620541
1	0.0349888098504865	1.72379626741077
1	8.9947178895006	2.26980556030008
1	6.34460717134618	2.53028659154804
1	6.99388021776221	1.17618661286575
1	9.43567368757619	2.35659915271095
1	2.98403160328304	1.69524759788619
1	9.61489063798503	1.32165117866842
1	2.1282747074767	0.643650259012611
1	7.42181550735181	1.60020030933664
1	3.63732299504189	1.62187407736293
1	8.14695862208917	2.22117132465108
1	5.21783591565566	1.10051985001494
1	3.79803920581527	1.68057654565712
1	5.52105325366223	1.5701759881142
1	6.72285671406426	2.15543562628259
1	4.20797677855704	2.11473865671241
1	8.91230044113409	1.40721444535476
1	9.03218425560953	1.4473847405939
1	8.49667672673218	2.40694716011811
1	9.32091834610859	2.4869874431835
1	6.9123546798909	1.31645742709219
1	1.07035984447719	0.765518208982836
1	6.54460496586534	1.40262599316586
1	7.73540897138004	1.47431577330056
1	5.47983669390778	1.54153617877967
1	1.46692306421476	0.656648667851481
1	5.3440734357843	1.57697640203205
1	5.23292947675027	1.2393686758611
1	12.0460714848872	1.39597817801015
1	1.62997162363475	2.09505707410684
1	2.88644765006361	2.05786015957245
1	4.668533833276	1.14969486125229
1	0.803780709811993	1.68312992431737
1	12.6076383930942	2.21792445091348
1	5.9359075149856	1.1161769234612
1	7.42547261116105	2.35312295312492
1	-2.9985591613619	0.889018488545065
1	10.8055576418856	1.37071969579234
1	8.12978496903149	1.48152723842027
1	-0.0621291524143852	1.92175133189054
1	0.475089487267889	1.68204929811493
1	2.05153761369778	1.59085658735411
1	6.02462503540665	2.20686094955247
1	8.74066847700793	1.53459135577962
1	8.39276821289705	2.41039488925666
1	-0.0540511022314258	2.02009893354468
1	10.2448781354606	2.14550011689727
1	3.19817493684269	2.00653930678235
1	-0.475229338323001	0.830132671592306
1	4.11027026380791	1.69534209785252
1	5.69035499382832	1.05201443217892
1	-1.18604411447534	0.858034465909226
1	5.09384561388329	1.75916628731576
1	8.82429058176307	2.43249891482811
1	-2.44773827934238	1.90881696394317
1	6.91695793778167	1.16045782272265
1	0.767720897728969	1.9047153870593
1	14.6158719177026	1.34032345862068
1	1.15683106764185	0.93514614447422
1	1.38770604247118	0.905235733764861
1	0.0230024708188306	1.80111984182641
1	-0.621341522821964	1.82206371764401
1	-0.0667370358522751	0.829455469705451
1	11.5106223174834	1.31352698969763
1	10.3809630483758	1.12700917003667
1	11.8207729573972	1.38872619578641
1	2.4545735165825	0.814736141539228
1	-0.553269126895843	1.98930740518872
1	9.63762828435777	2.18682620854221
1	0.453897148631049	0.846793018978024
1	2.26581546078627	1.58526948295548
1	1.12986398833778	0.864899512235352
1	7.45632988097753	2.19080952021855
1	8.15088203201351	1.09419333752732
1	5.63187883421854	1.15896791044391
1	0.0479606144664847	0.736393270170487
1	5.85334177583055	1.49986417638136
1	7.47175317907716	1.18355419084195
1	0.94456294939532	1.80585046269407
1	8.52163708262522	2.36105399212082
1	2.08564079178643	0.76804933036575
1	0.0115136148397563	2.00954243297189
1	7.32992453795833	1.41711994536162
1	12.8789455866351	2.34276615543782
1	-1.0826905038033	0.935353401091998
1	1.73616109502928	1.94259543480507
1	2.98812319560942	1.04648913724431
1	2.13777704125361	2.08450336182925
1	0.370577449836003	1.87559002973524
1	7.16402454575909	1.4822591842303
1	3.27689919299469	0.825129743768672
1	7.78067610730869	2.20957230806113
1	-1.62928343012448	0.844368392047225
1	1.91628439509508	0.753671453939885
1	11.1582838640615	1.30993143508534
1	11.150414870694	1.3720159711082
1	8.66180901230595	2.48369887341939
1	9.90929073231001	2.20116084116244
1	9.15011536979567	2.25880527826535
1	7.66580506057516	1.25854325051315
1	-4.34858158202059	1.85211548801797
1	6.76808851786802	1.09625965311425
1	4.77210484422042	1.62952423199109
1	7.49602192084265	1.19859082885171
1	5.03162066214857	0.661122306100807
1	1.68542638489522	1.86008781937606
1	5.25455808507939	1.08135994906792
1	2.45984371888309	0.773207815004136
1	8.10240287198131	2.18907470532023
1	9.99457053677909	1.32781003124298
1	5.90181810027828	2.35874339561313
1	4.53342840149862	2.08114867442082
1	-0.00841014455275049	1.84817614488239
1	6.83559412691964	2.57853106490893
1	-2.87807712491032	1.8554775344702
1	-0.766931271538602	0.900603976486107
1	1.13053242829008	1.93785318339239
1	6.65043333581921	1.6601300243023
1	9.44511717584912	1.42991592032521
1	5.38820949799105	1.63767173596551
1	7.81299269178465	2.23987477454784
1	-1.29491353050677	0.983525478945996
1	8.67049521087237	1.29490408014374
1	2.31378192939679	1.04845073088172
1	9.88122450101968	2.3932531994375
1	9.40661557055468	1.18665265267572
1	2.15311722002144	1.79887428116247
1	1.41268317376875	0.996119280226537
1	9.39955268545147	1.33685035968595
1	5.13947219406398	1.07060707258742
1	9.08499027724131	1.52109084132969
1	5.36810319444381	1.56678014634448
1	1.96156831766021	1.05802023753376
1	8.39846714223112	2.55905185938897
1	5.18780636190517	1.6696337334381
1	6.50776261402182	1.16979541788704
1	10.4478676194402	1.24735699205072
1	4.4694732489229	1.6688703934666
1	-0.871306030983109	0.917223280568729
1	2.30034665122364	1.74631504916814
1	2.34588715545427	2.12508747369654
1	12.3909498764063	2.46627341277866
1	13.9387180330806	2.40986485522439
1	0.23706642464464	1.98503280746533
1	4.02049231090547	1.58850190571832
1	10.7951485216016	1.30756575343353
1	0.233671824257256	1.80758280660824
1	4.94907873701757	0.815982500692037
1	1.83688095080756	2.02945157379701
1	4.02100722935262	1.70522688751175
1	0.533242306116686	1.95343973624069
1	8.37055999542821	1.32938410151183
1	4.19978810011259	2.09918375998322
1	0.11697167428337	1.66705662230634
1	7.66056494244898	1.10317818217541
1	10.1163885197263	2.43968707817776
1	4.45354499695112	0.889571001476749
1	1.2721136596478	1.94035362998595
1	-0.433043155965496	0.959880042712438
1	1.40126937391547	1.92544069927882
1	-1.42564467382355	1.95073511336483
1	1.09277664001855	1.67135578755353
1	0.58298273947091	0.856500385727504
1	-0.599831042607216	0.911090034934082
1	0.158479537609441	1.84058217057164
1	4.22277918280051	1.08160395178351
1	0.391714334442204	0.722431561156936
1	0.33177022213654	1.75305109538614
1	7.5173302663086	1.20859182001122
1	2.69585614553595	1.82097764231517
1	-2.37380881558173	1.96723960997698
1	6.47047610945289	1.12125174189549
1	7.73251541197951	2.20759257061713
1	9.98290102516725	1.21132230766766
1	9.31726091151868	2.36631331502096
1	5.30332070511052	2.12373298990356
1	10.0747615832888	2.32396354544911
1	3.82923596449484	2.13521393678087
1	11.5969566128186	2.48928717889549
1	12.2741860713448	1.34620100162327
1	1.49729153160628	0.887713618515154
1	7.15395395372344	1.07848053909291
1	4.05029911945523	1.04243707130556
1	-0.109726383816623	1.71265591385159
1	-0.553939803402985	1.80120677594479
1	-0.226251676677918	1.01586337619315
1	8.81242485221115	1.41939833387218
1	8.55632071564338	1.32183321661523
1	0.175002105410684	1.91267689450571
1	1.30168454422251	2.07519279679733
1	3.50342881885624	0.659597875388192
1	8.68840932869351	1.36343485657895
1	10.0117443452968	2.18698662705714
1	11.2590644663253	2.35126346230084
1	5.52246623443888	1.66789375117728
1	1.11859344544774	0.794038869113291
1	12.9970950903469	1.43149304598874
1	1.0340007896917	0.69195593678033
1	5.8384678084801	1.17081676556901
1	2.91957960781285	1.90576053894019
1	0.0349888098504865	1.7592936823596
1	8.9947178895006	2.3143478880572
1	6.34460717134618	2.57914391585656
1	6.99388021776221	1.2026126042274
1	9.43567368757619	2.40257925906616
1	2.98403160328304	1.73027209006611
1	9.61489063798503	1.35048686219376
1	2.1282747074767	0.661254523435582
1	7.42181550735181	1.63365029637756
1	3.63732299504189	1.65568310104403
1	8.14695862208917	2.2649080023457
1	5.21783591565566	1.12569238418935
1	3.79803920581527	1.71535800463239
1	5.52105325366223	1.60312860748919
1	6.72285671406426	2.19808335976347
1	4.20797677855704	2.15671222485194
1	8.91230044113409	1.43746752652672
1	9.03218425560953	1.47830326248757
1	8.49667672673218	2.45376130600891
1	9.32091834610859	2.53512749577755
1	6.9123546798909	1.34520707356511
1	1.07035984447719	0.785141276008548
1	6.54460496586534	1.43280306436781
1	7.73540897138004	1.50568042101268
1	5.47983669390778	1.57401436560992
1	1.46692306421476	0.67446825731768
1	5.3440734357843	1.61004167361231
1	5.23292947675027	1.26684130920903
1	12.0460714848872	1.42604512488046
1	1.62997162363475	2.1367046071387
1	2.88644765006361	2.09889150739816
1	4.668533833276	1.17568200370311
1	0.803780709811993	1.71795368126751
1	12.6076383930942	2.26160734254577
1	5.9359075149856	1.14160882476727
1	7.42547261116105	2.3990454745222
1	-2.9985591613619	0.910687398517019
1	10.8055576418856	1.40036822346667
1	8.12978496903149	1.51301134760323
1	-0.0621291524143852	1.96052796996157
1	0.475089487267889	1.7168551539599
1	2.05153761369778	1.62415179103926
1	6.02462503540665	2.25036056883671
1	8.74066847700793	1.56695449819702
1	8.39276821289705	2.4572661484784
1	-0.0540511022314258	2.06050474806646
1	10.2448781354606	2.18798326377264
1	3.19817493684269	2.04672049940964
1	-0.475229338323001	0.85082610900927
1	4.11027026380791	1.73036815547092
1	5.69035499382832	1.07638345022133
1	-1.18604411447534	0.879190110288743
1	5.09384561388329	1.79524962406159
1	8.82429058176307	2.47973633811814
1	-2.44773827934238	1.94737933783988
1	6.91695793778167	1.18662325893024
1	0.767720897728969	1.94320981631518
1	14.6158719177026	1.36946845765822
1	1.15683106764185	0.957579181781301
1	1.38770604247118	0.927173290389746
1	0.0230024708188306	1.83789815986192
1	-0.621341522821964	1.85918898129583
1	-0.0667370358522751	0.850137688939685
1	11.5106223174834	1.34222809203207
1	10.3809630483758	1.15262051284139
1	11.8207729573972	1.41867301000008
1	2.4545735165825	0.835174527854143
1	-0.553269126895843	2.0292031428806
1	9.63762828435777	2.2299939424759
1	0.453897148631049	0.867762443253494
1	2.26581546078627	1.618472133505
1	1.12986398833778	0.886168879487818
1	7.45632988097753	2.23404323967166
1	8.15088203201351	1.119261069907
1	5.63187883421854	1.18510866552093
1	0.0479606144664847	0.755533868242767
1	5.85334177583055	1.53165204597131
1	7.47175317907716	1.21010222976079
1	0.94456294939532	1.84270714579374
1	8.52163708262522	2.40710789508456
1	2.08564079178643	0.787714326663571
1	0.0115136148397563	2.04977337386334
1	7.32992453795833	1.44753711601895
1	12.8789455866351	2.38851711138142
1	-1.0826905038033	0.957789871707013
1	1.73616109502928	1.98171736570515
1	2.98812319560942	1.0707666260553
