group	y	yend
1	0.72659511272592	0
1	0.955969342031826	0
1	-1.48018317295949	0
1	9.18937119752268	0
1	3.86278767333421	0
1	4.07277951095575	0
1	8.09335750718966	0
1	2.40746289272958	0
1	1.75169841125618	0
1	6.30234904471344	0
1	6.13579655870498	0
1	4.54584570886809	0
1	0.0167104651076917	0
1	-3.94584964160729	0
1	4.87117994637236	0
1	-0.0896766524990942	0
1	1.67250081881448	0
1	10.5986502421001	0
1	2.16053848443678	0
1	3.95893327242985	0
1	8.64082570944673	0
1	4.54730201138831	0
1	0.977307494202632	0
1	1.06882011005263	0
1	3.19035531022509	0
1	0.354662517959042	0
1	8.21281182966493	0
1	-2.44353143268069	0
1	3.96386746052535	0
1	1.75346706331009	0
1	2.72891950447322	0
1	0.15130527464686	0
1	0.776844952845669	0
1	3.43692809074676	0
1	1.10411931682987	0
1	0.19172838097893	0
1	2.32819553563234	0
1	5.41486842392824	0
1	4.00172788958346	0
1	1.80975166297802	0
1	3.37918766093409	0
1	0.271837861555728	0
1	4.27576087797144	0
1	1.21458901003792	0
1	-1.34571426500243	0
1	1.5991827235065	0
1	8.90883706034136	0
1	1.55573076680744	0
1	1.71821580999688	0
1	3.09945175602001	0
1	0.814243488014961	0
1	3.47294951502317	0
1	0.820190235673438	0
1	0.0858972810183634	0
1	9.50144070357534	0
1	9.73618464349955	0
1	0.480776128002462	0
1	-2.07576876510189	0
1	2.08428246714859	0
1	0.0423928969344883	0
1	10.9400305590002	0
1	1.45510443302963	0
1	1.43980085650073	0
1	1.06729994622673	0
1	-0.667118095738368	0
1	2.48559622194781	0
1	-3.59334622840611	0
1	5.4842791619212	0
1	6.52912929207117	0
1	9.41640296883018	0
1	1.8833297538254	0
1	2.72801818624204	0
1	2.06766699685338	0
1	-0.873487412559177	0
1	-2.48713331053373	0
1	6.12039571806073	0
1	3.89217324849871	0
1	0.437893522890534	0
1	2.91732636838642	0
1	6.45903992462169	0
1	-0.983639680156443	0
1	1.35549236184546	0
1	2.71621453822414	0
1	-1.94906625013054	0
1	3.56726923576964	0
1	3.84800896785591	0
1	3.73079781533223	0
1	4.54384424690582	0
1	3.07197709478683	0
1	5.11454114811392	0
1	1.35550223140033	0
1	9.41913541980507	0
1	3.04965937796903	0
1	6.49725403412085	0
1	5.97422921167153	0
1	4.29910421735747	0
1	-2.48117093495082	0
1	-0.855475425622786	0
1	1.02982585245596	0
1	-0.550405438180211	0
1	-0.378911573341857	0
1	0.860069221105435	0
1	0.0782511233260432	0
1	9.05461057364169	0
1	-0.667633028420721	0
1	6.49555919214203	0
1	6.37854978133696	0
1	1.83758599419501	0
1	7.24258033035268	0
1	3.71548639175473	0
1	6.89111419736346	0
1	1.01091020763872	0
1	3.60354287504806	0
1	-1.13234192349842	0
1	4.04042233026464	0
1	7.74974825111187	0
1	1.03288850154374	0
1	5.11043242136999	0
1	1.09225002588568	0
1	0.351957938008793	0
1	7.69667328978609	0
1	2.68677664636076	0
1	-0.420341071145105	0
1	3.47992365154558	0
1	2.13723221294091	0
1	1.50185514701769	0
1	-0.14263730175095	0
1	3.0038066445694	0
1	1.28722956868309	0
1	-0.318752239915457	0
1	0.322131339588853	0
1	5.2616944108093	0
1	8.82900430089372	0
1	-2.30272827027497	0
1	7.22671133846696	0
1	-2.72650320743043	0
1	-0.46843181378382	0
1	-1.03217188205283	0
1	7.16723598287619	0
1	-0.111691247546562	0
1	-2.6259055099788	0
1	2.72434890377882	0
1	-0.875120443972189	0
1	1.17835308185305	0
1	-0.338855688886291	0
1	-1.42065506517047	0
1	7.97386728885544	0
1	2.22575254380213	0
1	3.04465045166932	0
1	1.50293764620544	0
1	1.37353910564799	0
1	0.0804999982917752	0
1	0.419282683854408	0
1	-1.77964448430797	0
1	-2.97491361983617	0
1	1.51608146727065	0
1	2.03166462183689	0
1	5.25153152901144	0
1	-0.990726377760774	0
1	6.71007762971618	0
1	2.51754568958693	0
1	5.14228240478092	0
1	2.22102915390564	0
1	4.59494068903147	0
1	3.97686449291997	0
1	4.68391143616397	0
1	6.33941544000246	0
1	-1.87467214629883	0
1	1.51311956696982	0
1	1.36435275540902	0
1	5.22823915846488	0
1	4.38826261422772	0
1	5.47986906477806	0
1	0.270595138764477	0
1	-0.153860075129734	0
1	5.56012300122196	0
1	2.32505263054526	0
1	6.24277095251061	0
1	2.45398224816271	0
1	8.26490907575558	0
1	-0.930945882161437	0
1	5.39932265096741	0
1	5.81624554422744	0
1	-2.93409858024638	0
1	6.16025155235434	0
1	3.16011254647495	0
1	5.32739330739337	0
1	0.282227101930624	0
1	6.22767820949219	0
1	-1.77049189360083	0
1	1.25986883578969	0
1	1.24833832538136	0
1	4.27138506427479	0
1	8.23388103279801	0
1	-0.724592211437589	0
1	-1.80064293010617	0
1	8.34779430816257	0
1	2.14232647054823	0
1	2.01688935116643	0
1	2.11802353590613	0
1	0.72659511272592	0.0160000085534528
1	0.955969342031826	0.020887046141065
1	-1.48018317295949	0.0300880990709228
1	9.18937119752268	0.0454601016294643
1	3.86278767333421	0.0130743137921286
1	4.07277951095575	0.0450100585597868
1	8.09335750718966	0.0471317007794057
1	2.40746289272958	0.0341193027237422
1	1.75169841125618	0.0326669805664532
1	6.30234904471344	0.00666176551078667
1	6.13579655870498	0.0132710803387574
1	4.54584570886809	0.0119226238854761
1	0.0167104651076917	0.0353214088174328
1	-3.94584964160729	0.0214361780062954
1	4.87117994637236	0.0391176530896005
1	-0.0896766524990942	0.0266431785551529
1	1.67250081881448	0.0367238551581766
1	10.5986502421001	0.0492966711030207
1	2.16053848443678	0.0212496840060449
1	3.95893327242985	0.0394661967320233
1	8.64082570944673	0.0466746934171221
1	4.54730201138831	0.013553807149717
1	0.977307494202632	0.0337010748846648
1	1.06882011005263	0.00958480594433082
1	3.19035531022509	0.0160784835999967
1	0.354662517959042	0.021528329702796
1	8.21281182966493	0.00444338873377724
1	-2.44353143268069	0.0213575308121759
1	3.96386746052535	0.0436945589113944
1	1.75346706331009	0.0194305456430075
1	2.72891950447322	0.0259272278021572
1	0.15130527464686	0.0313125470063345
1	0.776844952845669	0.026452586802252
1	3.43692809074676	0.0123654586356214
1	1.10411931682987	0.041754804778516
1	0.19172838097893	0.0344708324595703
1	2.32819553563234	0.0402360307327681
1	5.41486842392824	0.00877752999530266
1	4.00172788958346	0.0370031207996502
1	1.80975166297802	0.0226816312117212
1	3.37918766093409	0.0414602023248955
1	0.271837861555728	0.033489597596632
1	4.27576087797144	0.0397177350661662
1	1.21458901003792	0.0291797234975123
1	-1.34571426500243	0.0281109293295141
1	1.5991827235065	0.0400121745612416
1	8.90883706034136	0.00489905907610847
1	1.55573076680744	0.0257049108092549
1	1.71821580999688	0.0373974562841773
1	3.09945175602001	0.0355830851069386
1	0.814243488014961	0.0257227673581665
1	3.47294951502317	0.0433057892578848
1	0.820190235673438	0.0239111312142234
1	0.0858972810183634	0.0150506384095404
1	9.50144070357534	0.00706939330686425
1	9.73618464349955	0.00838893925573956
1	0.480776128002462	0.0183268889548354
1	-2.07576876510189	0.0276027996976472
1	2.08428246714859	0.0341746422994256
1	0.0423928969344883	0.0224779156768648
1	10.9400305590002	0.0456740799346805
1	1.45510443302963	0.0172878160604327
1	1.43980085650073	0.0248722924211602
1	1.06729994622673	0.0190659347832438
1	-0.667118095738368	0.0336642532012792
1	2.48559622194781	0.0156565950581987
1	-3.59334622840611	0.0257651962819058
1	5.4842791619212	0.0389558103233493
1	6.52912929207117	0.0076913182707195
1	9.41640296883018	0.0439526494939029
1	1.8833297538254	0.0193720535574808
1	2.72801818624204	0.0423079343202768
1	2.06766699685338	0.0197209066066218
1	-0.873487412559177	0.0191292030941846
1	-2.48713331053373	0.0256646273907403
1	6.12039571806073	0.0447262590122237
1	3.89217324849871	0.0434492621595428
1	0.437893522890534	0.0217059729270173
1	2.91732636838642	0.0394604888605791
1	6.45903992462169	0.0478624848262302
1	-0.983639680156443	0.0237535572062397
1	1.35549236184546	0.0364899054182534
1	2.71621453822414	0.0221645749009387
1	-1.94906625013054	0.0187431190922699
1	3.56726923576964	0.0385330217688389
1	3.84800896785591	0.0131206251079525
1	3.73079781533223	0.0364260320614131
1	4.54384424690582	0.00940772542816438
1	3.07197709478683	0.015082323382164
1	5.11454114811392	0.0103983989943263
1	1.35550223140033	0.0148137535481165
1	9.41913541980507	0.00653104020647499
1	3.04965937796903	0.0332708612519576
1	6.49725403412085	0.0439960986134823
1	5.97422921167153	0.0395335537773442
1	4.29910421735747	0.0403767061989685
1	-2.48117093495082	0.0246985077679825
1	-0.855475425622786	0.0226270679650396
1	1.02982585245596	0.040998335491625
1	-0.550405438180211	0.0315585812819439
1	-0.378911573341857	0.0338408884496835
1	0.860069221105435	0.0200194858933619
1	0.0782511233260432	0.0162178073928893
1	9.05461057364169	0.0493323315853728
1	-0.667633028420721	0.0328677156216443
1	6.49555919214203	0.0136026528449883
1	6.37854978133696	0.00975978144677293
1	1.83758599419501	0.0257456136146964
1	7.24258033035268	0.0461873997465812
1	3.71548639175473	0.0312756538491539
1	6.89111419736346	0.0485753906055866
1	1.01091020763872	0.0373735642498023
1	3.60354287504806	0.0201812778157787
1	-1.13234192349842	0.0236075265203212
1	4.04042233026464	0.0106233347542075
1	7.74974825111187	0.00442905252274338
1	1.03288850154374	0.0366297751526887
1	5.11043242136999	0.00855936869610396
1	1.09225002588568	0.0242864186282064
1	0.351957938008793	0.0331706035925095
1	7.69667328978609	0.0492935781884695
1	2.68677664636076	0.026546658952773
1	-0.420341071145105	0.0260312531455595
1	3.47992365154558	0.0117798649640202
1	2.13723221294091	0.0384291433538726
1	1.50185514701769	0.0246352986894685
1	-0.14263730175095	0.0272606423033797
1	3.0038066445694	0.0133430708006449
1	1.28722956868309	0.0143108515034286
1	-0.318752239915457	0.0311358948846929
1	0.322131339588853	0.0301806385850678
1	5.2616944108093	0.0073620847089451
1	8.82900430089372	0.00545871346990338
1	-2.30272827027497	0.0332941118685214
1	7.22671133846696	0.0463955380760325
1	-2.72650320743043	0.0312450090406353
1	-0.46843181378382	0.0295402141496659
1	-1.03217188205283	0.0279417017310988
1	7.16723598287619	0.0489844738651252
1	-0.111691247546562	0.0270989273297553
1	-2.6259055099788	0.0351272951898128
1	2.72434890377882	0.0314030951903246
1	-0.875120443972189	0.0147788828101104
1	1.17835308185305	0.0156634316222131
1	-0.338855688886291	0.0372597534106579
1	-1.42065506517047	0.0245745789203951
1	7.97386728885544	0.0118570761613358
1	2.22575254380213	0.0380568155441267
1	3.04465045166932	0.00864203330022362
1	1.50293764620544	0.0434586808945015
1	1.37353910564799	0.0320037460970181
1	0.0804999982917752	0.0293687243101187
1	0.419282683854408	0.0189001221743665
1	-1.77964448430797	0.0246002763911573
1	-2.97491361983617	0.0267688542150338
1	1.51608146727065	0.0121201680631527
1	2.03166462183689	0.028106850776708
1	5.25153152901144	0.00728009713680033
1	-0.990726377760774	0.0165613998554525
1	6.71007762971618	0.0135793388657366
1	2.51754568958693	0.0168838500343265
1	5.14228240478092	0.0448589954121775
1	2.22102915390564	0.0242841714032951
1	4.59494068903147	0.039582610254675
1	3.97686449291997	0.0441954861042819
1	4.68391143616397	0.0227664215662509
1	6.33941544000246	0.00675445973362701
1	-1.87467214629883	0.0192077035946633
1	1.51311956696982	0.0370038083974093
1	1.36435275540902	0.0193052397749027
1	5.22823915846488	0.0327265736707333
1	4.38826261422772	0.0423617575671785
1	5.47986906477806	0.0430730321068451
1	0.270595138764477	0.0217687590646588
1	-0.153860075129734	0.0212707102155223
1	5.56012300122196	0.0448750993856406
1	2.32505263054526	0.0333637981569878
1	6.24277095251061	0.037799222919559
1	2.45398224816271	0.0315755485333424
1	8.26490907575558	0.0452251274567147
1	-0.930945882161437	0.0172936275192526
1	5.39932265096741	0.0125965975354152
1	5.81624554422744	0.0444628095813439
1	-2.93409858024638	0.0269017164865628
1	6.16025155235434	0.0440322341612426
1	3.16011254647495	0.012501873721474
1	5.32739330739337	0.038579588872694
1	0.282227101930624	0.0370392387591151
1	6.22767820949219	0.0470881339633932
1	-1.77049189360083	0.0289326688766476
1	1.25986883578969	0.0364545729234582
1	1.24833832538136	0.0216562641138983
1	4.27138506427479	0.00845343187426164
1	8.23388103279801	0.0463353475887147
1	-0.724592211437589	0.0168124351942302
1	-1.80064293010617	0.0309003404476106
1	8.34779430816257	0.00888831967117611
1	2.14232647054823	0.0423568289703485
1	2.01688935116643	0.0184044459414535
1	2.11802353590613	0.0397140026868729
1	0.72659511272592	0.032044182842334
1	0.955969342031826	0.0416728799826302
1	-1.48018317295949	0.0598012758554197
1	9.18937119752268	0.0900879995448875
1	3.86278767333421	0.0262798259539915
1	4.07277951095575	0.0892013011431813
1	8.09335750718966	0.093381471646588
1	2.40746289272958	0.0677437642009653
1	1.75169841125618	0.0648823231025535
1	6.30234904471344	0.0136454878316328
1	6.13579655870498	0.0266675056987991
1	4.54584570886809	0.0240107062445784
1	0.0167104651076917	0.070112216519808
1	-3.94584964160729	0.0427548083135668
1	4.87117994637236	0.0775917756007413
1	-0.0896766524990942	0.0530139132202679
1	1.67250081881448	0.072875389675007
1	10.5986502421001	0.0976470094473731
1	2.16053848443678	0.0423873680770836
1	3.95893327242985	0.0782784945205163
1	8.64082570944673	0.0924810518312241
1	4.54730201138831	0.0272245488537508
1	0.977307494202632	0.0669197498311303
1	1.06882011005263	0.0194046150245113
1	3.19035531022509	0.032198798484775
1	0.354662517959042	0.0429363704073019
1	8.21281182966493	0.00927472584219483
1	-2.44353143268069	0.0425998534969658
1	3.96386746052535	0.0866094349102217
1	1.75346706331009	0.0388032064986294
1	2.72891950447322	0.0516033095888498
1	0.15130527464686	0.0622137472397253
1	0.776844952845669	0.0526383993771222
1	3.43692809074676	0.0248832024380099
1	1.10411931682987	0.0827876298315238
1	0.19172838097893	0.068436366478197
1	2.32819553563234	0.0797952617457702
1	5.41486842392824	0.0178140777138222
1	4.00172788958346	0.0734256134527524
1	1.80975166297802	0.0452086653798301
1	3.37918766093409	0.0822071886640791
1	0.271837861555728	0.0665030862139563
1	4.27576087797144	0.0787740885066922
1	1.21458901003792	0.0580115467753357
1	-1.34571426500243	0.0559057525872461
1	1.5991827235065	0.0793542086046855
1	8.90883706034136	0.010172511390897
1	1.55573076680744	0.0511652890180189
1	1.71821580999688	0.0742025538556272
1	3.09945175602001	0.0706277848360482
1	0.814243488014961	0.0512004709249223
1	3.47294951502317	0.0858434605988166
1	0.820190235673438	0.0476310906110366
1	0.0858972810183634	0.0301736841146502
1	9.50144070357534	0.0144486174421655
1	9.73618464349955	0.0170484559080352
1	0.480776128002462	0.0366287243493191
1	-2.07576876510189	0.0549046090016803
1	2.08428246714859	0.067852797128291
1	0.0423928969344883	0.0448072943748518
1	10.9400305590002	0.0905095907969669
1	1.45510443302963	0.0345814885694561
1	1.43980085650073	0.0495248207079884
1	1.06729994622673	0.0380848311066277
1	-0.667118095738368	0.0668472018240482
1	2.48559622194781	0.0313675716069154
1	-3.59334622840611	0.0512840666103147
1	5.4842791619212	0.0772729045152127
1	6.52912929207117	0.0156739665444788
1	9.41640296883018	0.0871179384789349
1	1.8833297538254	0.0386879623314741
1	2.72801818624204	0.0838774345939152
1	2.06766699685338	0.0393752908605532
1	-0.873487412559177	0.0382094856429815
1	-2.48713331053373	0.0510859205192712
1	6.12039571806073	0.0886421444264486
1	3.89217324849871	0.0861261384160297
1	0.437893522890534	0.0432863723817882
1	2.91732636838642	0.0782672485735664
1	6.45903992462169	0.0948213006095714
1	-0.983639680156443	0.0473206300563842
1	1.35549236184546	0.0724144496573812
1	2.71621453822414	0.0441899339844293
1	-1.94906625013054	0.0374488027428594
1	3.56726923576964	0.0764399043852191
1	3.84800896785591	0.0263710709313919
1	3.73079781533223	0.072288603027941
1	4.54384424690582	0.0190557217268751
1	3.07197709478683	0.0302361115054411
1	5.11454114811392	0.021007598618031
1	1.35550223140033	0.0297069611670811
1	9.41913541980507	0.0133879259976537
1	3.04965937796903	0.0660721204236004
1	6.49725403412085	0.0872035442075472
1	5.97422921167153	0.0784112048952644
1	4.29910421735747	0.0800724279092854
1	-2.48117093495082	0.0491824210920492
1	-0.855475425622786	0.0451011620165206
1	1.02982585245596	0.0812971944647338
1	-0.550405438180211	0.0626984968418115
1	-0.378911573341857	0.0671952178318435
1	0.860069221105435	0.0399635673926743
1	0.0782511233260432	0.0324733015108211
1	9.05461057364169	0.0977172695954259
1	-0.667633028420721	0.0652778218105592
1	6.49555919214203	0.027320787198135
1	6.37854978133696	0.0197493609139755
1	1.83758599419501	0.0512454838148321
1	7.24258033035268	0.0915209603467805
1	3.71548639175473	0.0621410584112328
1	6.89111419736346	0.0962259048746153
1	1.01091020763872	0.0741554805194929
1	3.60354287504806	0.0402823383030201
1	-1.13234192349842	0.0470329127588001
1	4.04042233026464	0.0214507788205751
1	7.74974825111187	0.00924647988915891
1	1.03288850154374	0.0726900283260179
1	5.11043242136999	0.0173842449081482
1	1.09225002588568	0.0483705015087483
1	0.351957938008793	0.0658745875375697
1	7.69667328978609	0.0976409156253059
1	2.68677664636076	0.0528237452498446
1	-0.420341071145105	0.0518082657629286
1	3.47992365154558	0.0237294351485144
1	2.13723221294091	0.0762352376972322
1	1.50185514701769	0.0490578832585217
1	-0.14263730175095	0.0542304726021434
1	3.0038066445694	0.0268093450732827
1	1.28722956868309	0.0287161172472778
1	-0.318752239915457	0.0618656979873951
1	0.322131339588853	0.059983602047768
1	5.2616944108093	0.0150252933558824
1	8.82900430089372	0.0112751717581401
1	-2.30272827027497	0.0661179300048045
1	7.22671133846696	0.091931045373066
1	-2.72650320743043	0.0620806804061823
1	-0.46843181378382	0.0587218043187387
1	-1.03217188205283	0.0555723315190204
1	7.16723598287619	0.0970319021154073
1	-0.111691247546562	0.0539118533003341
1	-2.6259055099788	0.0697297636948297
1	2.72434890377882	0.0623921500092179
1	-0.875120443972189	0.0296382570146574
1	1.17835308185305	0.031381041363019
1	-0.338855688886291	0.0739312444497352
1	-1.42065506517047	0.0489382499926924
1	7.97386728885544	0.0238815606890823
1	2.22575254380213	0.0755016579666321
1	3.04465045166932	0.0175471150361186
1	1.50293764620544	0.0861446957004246
1	1.37353910564799	0.0635755838510724
1	0.0804999982917752	0.0583839260646766
1	0.419282683854408	0.0377581384294589
1	-1.77964448430797	0.0489888804940555
1	-2.97491361983617	0.0532615259805968
1	1.51608146727065	0.0243999181187614
1	2.03166462183689	0.0558977168091214
1	5.25153152901144	0.0148637571517306
1	-0.990726377760774	0.0331502653569955
1	6.71007762971618	0.027274852776448
1	2.51754568958693	0.0337855735697016
1	5.14228240478092	0.0889036686262805
1	2.22102915390564	0.0483660739086555
1	4.59494068903147	0.07850785853349
1	3.97686449291997	0.0875963878736853
1	4.68391143616397	0.0453757237724755
1	6.33941544000246	0.0138281188391469
1	-1.87467214629883	0.0383641514360965
1	1.51311956696982	0.0734269681938319
1	1.36435275540902	0.0385563223214049
1	5.22823915846488	0.064999736554461
1	4.38826261422772	0.0839834799709421
1	5.47986906477806	0.0853848702822042
1	0.270595138764477	0.0434100769150807
1	-0.153860075129734	0.0424287950150675
1	5.56012300122196	0.0889353975173422
1	2.32505263054526	0.0662552295762618
1	6.24277095251061	0.0749941355007064
1	2.45398224816271	0.0627319266082273
1	8.26490907575558	0.0896250411361099
1	-0.930945882161437	0.0345929386096731
1	5.39932265096741	0.0253386043913522
1	5.81624554422744	0.0881230825743043
1	-2.93409858024638	0.0535232981791915
1	6.16025155235434	0.0872747403543222
1	3.16011254647495	0.0251519745772649
1	5.32739330739337	0.0765316533295814
1	0.282227101930624	0.0734967749461476
1	6.22767820949219	0.0932956340263056
1	-1.77049189360083	0.0575247868356441
1	1.25986883578969	0.0723448357275731
1	1.24833832538136	0.0431884334774629
1	4.27138506427479	0.0171755226392401
1	8.23388103279801	0.0918124549258431
1	-0.724592211437589	0.0336448683153868
1	-1.80064293010617	0.0614015963114703
1	8.34779430816257	0.0180323613296391
1	2.14232647054823	0.0839737693916083
1	2.01688935116643	0.0367815311820622
1	2.11802353590613	0.0787667347777341
1	0.72659511272592	0.0481267831335547
1	0.955969342031826	0.0623557339102848
1	-1.48018317295949	0.0891452412316322
1	9.18937119752268	0.133901898782148
1	3.86278767333421	0.0396084187869939
1	4.07277951095575	0.132591566997084
1	8.09335750718966	0.138768876290819
1	2.40746289272958	0.100882371818133
1	1.75169841125618	0.0966538345667719
1	6.30234904471344	0.0209378372306113
1	6.13579655870498	0.0401813183107432
1	4.54584570886809	0.0362551933005856
1	0.0167104651076917	0.104382387549317
1	-3.94584964160729	0.0639545696344266
1	4.87117994637236	0.115435417512099
1	-0.0896766524990942	0.0791151148882439
1	1.67250081881448	0.10846570788228
1	10.5986502421001	0.145072338381204
1	2.16053848443678	0.0634115793459036
1	3.95893327242985	0.116450226635758
1	8.64082570944673	0.137438267482117
1	4.54730201138831	0.0410044971392839
1	0.977307494202632	0.0996646722958753
1	1.06882011005263	0.0294484733167179
1	3.19035531022509	0.0483552687047124
1	0.354662517959042	0.0642228757257944
1	8.21281182966493	0.0144788785264014
1	-2.44353143268069	0.0637255828435963
1	3.96386746052535	0.128761398022892
1	1.75346706331009	0.0581150311283633
1	2.72891950447322	0.0770305743377964
1	0.15130527464686	0.0927103067931915
1	0.776844952845669	0.0785601937070864
1	3.43692809074676	0.0375445375605962
1	1.10411931682987	0.123113668579262
1	0.19172838097893	0.101905875161003
1	2.32819553563234	0.118691652020048
1	5.41486842392824	0.027098033088659
1	4.00172788958346	0.109278809274467
1	1.80975166297802	0.0675807935046187
1	3.37918766093409	0.122255912988862
1	0.271837861555728	0.0990489414225456
1	4.27576087797144	0.117182598038846
1	1.21458901003792	0.0865004423961156
1	-1.34571426500243	0.0833885736342604
1	1.5991827235065	0.118039879164076
1	8.90883706034136	0.0158055945082637
1	1.55573076680744	0.0763832829077373
1	1.71821580999688	0.110426944540109
1	3.09945175602001	0.105144276316503
1	0.814243488014961	0.0764352734952763
1	3.47294951502317	0.12762946806244
1	0.820190235673438	0.071160568511862
1	0.0858972810183634	0.0453626257469064
1	9.50144070357534	0.0221246739883881
1	9.73618464349955	0.0259666240486401
1	0.480776128002462	0.0549016577075784
1	-2.07576876510189	0.0819091187722066
1	2.08428246714859	0.101043496852325
1	0.0423928969344883	0.0669876615169958
1	10.9400305590002	0.134524911541437
1	1.45510443302963	0.0518763245066698
1	1.43980085650073	0.073959056400859
1	1.06729994622673	0.0570534411808273
1	-0.667118095738368	0.0995574633966152
1	2.48559622194781	0.0471269107911728
1	-3.59334622840611	0.0765588082658963
1	5.4842791619212	0.114964201010635
1	6.52912929207117	0.0239354518960407
1	9.41640296883018	0.129512846754074
1	1.8833297538254	0.0579447273418939
1	2.72801818624204	0.124724143817435
1	2.06766699685338	0.0589604373247928
1	-0.873487412559177	0.0572376512807017
1	-2.48713331053373	0.0762659949252149
1	6.12039571806073	0.131765264821105
1	3.89217324849871	0.128047199421958
1	0.437893522890534	0.0647400963626219
1	2.91732636838642	0.11643360776996
1	6.45903992462169	0.140896605010779
1	-0.983639680156443	0.070701780797813
1	1.35549236184546	0.107784546897958
1	2.71621453822414	0.0660753479943218
1	-1.94906625013054	0.0561135407821753
1	3.56726923576964	0.113733222647312
1	3.84800896785591	0.0397432574129405
1	3.73079781533223	0.107598575164749
1	4.54384424690582	0.0289328910436376
1	3.07197709478683	0.0454548787545293
1	5.11454114811392	0.0318173062248216
1	1.35550223140033	0.0446729189516288
1	9.41913541980507	0.020557221389833
1	3.04965937796903	0.0984120752995302
1	6.49725403412085	0.129639351896035
1	5.97422921167153	0.116646341370944
1	4.29910421735747	0.119101238451127
1	-2.48117093495082	0.0734530702627364
1	-0.855475425622786	0.067421928806459
1	1.02982585245596	0.120911155491463
1	-0.550405438180211	0.0934266527459848
1	-0.378911573341857	0.100071749241552
1	0.860069221105435	0.05982977174218
1	0.0782511233260432	0.0487609196446851
1	9.05461057364169	0.145176166362669
1	-0.667633028420721	0.0972382886799792
1	6.49555919214203	0.0411467147877492
1	6.37854978133696	0.0299579266955283
1	1.83758599419501	0.0765017919645472
1	7.24258033035268	0.136019477974642
1	3.71548639175473	0.0926028897929923
1	6.89111419736346	0.142972279908108
1	1.01091020763872	0.110357381215706
1	3.60354287504806	0.0603008402082741
1	-1.13234192349842	0.0702766022710314
1	4.04042233026464	0.0324722223775823
1	7.74974825111187	0.014437137648115
1	1.03288850154374	0.108191787384808
1	5.11043242136999	0.0264628412506517
1	1.09225002588568	0.0722532439916303
1	0.351957938008793	0.0981201681317002
1	7.69667328978609	0.145063333144777
1	2.68677664636076	0.0788340913342742
1	-0.420341071145105	0.0773334513802313
1	3.47992365154558	0.0358395407442224
1	2.13723221294091	0.113430773397266
1	1.50185514701769	0.0732690326222038
1	-0.14263730175095	0.0809129036554523
1	3.0038066445694	0.0403909235614145
1	1.28722956868309	0.0432086845742383
1	-0.318752239915457	0.092195971820648
1	0.322131339588853	0.0894146764811194
1	5.2616944108093	0.0229768654189466
1	8.82900430089372	0.0174350673082017
1	-2.30272827027497	0.0984797710912411
1	7.22671133846696	0.13662548723719
1	-2.72650320743043	0.0925136652957063
1	-0.46843181378382	0.087550036071836
1	-1.03217188205283	0.0828958556789045
1	7.16723598287619	0.144163354349261
1	-0.111691247546562	0.0804420592311337
1	-2.6259055099788	0.103817212184286
1	2.72434890377882	0.0929739441460499
1	-0.875120443972189	0.0445713903659075
1	1.17835308185305	0.0471468159241082
1	-0.338855688886291	0.11002601301994
1	-1.42065506517047	0.0730922427797213
1	7.97386728885544	0.0360643465302061
1	2.22575254380213	0.112346715011648
1	3.04465045166932	0.0267035250108868
1	1.50293764620544	0.128074622725688
1	1.37353910564799	0.094722781152543
1	0.0804999982917752	0.0870507314436473
1	0.419282683854408	0.0565706662056856
1	-1.77964448430797	0.0731670627580838
1	-2.97491361983617	0.0794810283370806
1	1.51608146727065	0.0368303569513658
1	2.03166462183689	0.0833766986433117
1	5.25153152901144	0.0227381528845252
1	-0.990726377760774	0.0497613130628694
1	6.71007762971618	0.0410788345111532
1	2.51754568958693	0.0507001492475506
1	5.14228240478092	0.132151736107107
1	2.22102915390564	0.0722467010395712
1	4.59494068903147	0.116789172726076
1	3.97686449291997	0.130219882481532
1	4.68391143616397	0.0678276665354302
1	6.33941544000246	0.021207722925255
1	-1.87467214629883	0.0574662109627657
1	1.51311956696982	0.109280811263298
1	1.36435275540902	0.0577501943540732
1	5.22823915846488	0.0968273440461309
1	4.38826261422772	0.124880853954625
1	5.47986906477806	0.126951779383828
1	0.270595138764477	0.0649229025813065
1	-0.153860075129734	0.0634727986212442
1	5.56012300122196	0.132198623948997
1	2.32505263054526	0.0986826675802951
1	6.24277095251061	0.11159671611974
1	2.45398224816271	0.0934760540817914
1	8.26490907575558	0.133217755090204
1	-0.930945882161437	0.0518932449743369
1	5.39932265096741	0.0382175145878428
1	5.81624554422744	0.130998213429144
1	-2.93409858024638	0.0798678661069521
1	6.16025155235434	0.129744563063568
1	3.16011254647495	0.0379417195971577
1	5.32739330739337	0.113868806017952
1	0.282227101930624	0.109383969232451
1	6.22767820949219	0.138642028467485
1	-1.77049189360083	0.0857811256369488
1	1.25986883578969	0.10768167387514
1	1.24833832538136	0.0645953656863459
1	4.27138506427479	0.0261543988054251
1	8.23388103279801	0.136450238435453
1	-0.724592211437589	0.0504922199598702
1	-1.80064293010617	0.0915101386486298
1	8.34779430816257	0.0274206049568536
1	2.14232647054823	0.124866504001216
1	2.01688935116643	0.0551274702832332
1	2.11802353590613	0.117171730956223
1	0.72659511272592	0.0642422650914311
1	0.955969342031826	0.0829339302505133
1	-1.48018317295949	0.118125597470721
1	9.18937119752268	0.176919564060449
1	3.86278767333421	0.0530522331229904
1	4.07277951095575	0.17519826476312
1	8.09335750718966	0.183313002013558
1	2.40746289272958	0.133543917366105
1	1.75169841125618	0.127989157661376
1	6.30234904471344	0.028525880881477
1	6.13579655870498	0.0538048146896673
1	4.54584570886809	0.0486473146593363
1	0.0167104651076917	0.138141664812516
1	-3.94584964160729	0.085034218772764
1	4.87117994637236	0.152661325348238
1	-0.0896766524990942	0.104949660182323
1	1.67250081881448	0.143505662313008
1	10.5986502421001	0.191593458147339
1	2.16053848443678	0.08432092706089
1	3.95893327242985	0.153994415372756
1	8.64082570944673	0.181565066083478
1	4.54730201138831	0.0548861722170468
1	0.977307494202632	0.131944303164639
1	1.06882011005263	0.0397057607270424
1	3.19035531022509	0.0645424120141927
1	0.354662517959042	0.0853866753733021
1	8.21281182966493	0.0200411587631837
1	-2.44353143268069	0.0847334134296847
1	3.96386746052535	0.170166816057472
1	1.75346706331009	0.0773631894641655
1	2.72891950447322	0.102211332206432
1	0.15130527464686	0.122808796730629
1	0.776844952845669	0.104220695617709
1	3.43692809074676	0.0503410439835193
1	1.10411931682987	0.162747754081232
1	0.19172838097893	0.134888428431912
1	2.32819553563234	0.15693883294926
1	5.41486842392824	0.036618137302892
1	4.00172788958346	0.144573781754956
1	1.80975166297802	0.0897977578022438
1	3.37918766093409	0.161620975266992
1	0.271837861555728	0.131135456785663
1	4.27576087797144	0.15495648497672
1	1.21458901003792	0.114651293917191
1	-1.34571426500243	0.110563430389633
1	1.5991827235065	0.156082640516328
1	8.90883706034136	0.021783980934916
1	1.55573076680744	0.10136102673691
1	1.71821580999688	0.146082013829088
1	3.09945175602001	0.139142509495174
1	0.814243488014961	0.101429323455969
1	3.47294951502317	0.168679871859246
1	0.820190235673438	0.0945002799228256
1	0.0858972810183634	0.0606111678215798
1	9.50144070357534	0.0300849526375712
1	9.73618464349955	0.0351318774046164
1	0.480776128002462	0.0731419857398099
1	-2.07576876510189	0.108619964892183
1	2.08428246714859	0.133755577047492
1	0.0423928969344883	0.0890185981381372
1	10.9400305590002	0.177737976188595
1	1.45510443302963	0.0691677984597108
1	1.43980085650073	0.0981764749841244
1	1.06729994622673	0.0759686464548495
1	-0.667118095738368	0.131803469671117
1	2.48559622194781	0.0629287965638574
1	-3.59334622840611	0.101591603205486
1	5.4842791619212	0.152042318282923
1	6.52912929207117	0.0324636560893154
1	9.41640296883018	0.171153946330664
1	1.8833297538254	0.0771394722413036
1	2.72801818624204	0.164863332690735
1	2.06766699685338	0.078473745667151
1	-0.873487412559177	0.0762106315147321
1	-2.48713331053373	0.101206952994518
1	6.12039571806073	0.174112804293408
1	3.89217324849871	0.169228618904694
1	0.437893522890534	0.0860661151372485
1	2.91732636838642	0.153972584228654
1	6.45903992462169	0.186108063533336
1	-0.983639680156443	0.0938975997628711
1	1.35549236184546	0.142610864570141
1	2.71621453822414	0.0878201500477964
1	-1.94906625013054	0.0747339592449379
1	3.56726923576964	0.150425260514833
1	3.84800896785591	0.0532293620263265
1	3.73079781533223	0.142366565364899
1	4.54384424690582	0.0390284731770611
1	3.07197709478683	0.0607323547140966
1	5.11454114811392	0.0428175454419421
1	1.35550223140033	0.0597051439918849
1	9.41913541980507	0.0280258901258899
1	3.04965937796903	0.130298846377112
1	6.49725403412085	0.171320128067571
1	5.97422921167153	0.154252038792808
1	4.29910421735747	0.157476880521675
1	-2.48117093495082	0.0975117932646268
1	-0.855475425622786	0.0895890673801464
1	1.02982585245596	0.159854453106929
1	-0.550405438180211	0.123749814722593
1	-0.378911573341857	0.132479054186127
1	0.860069221105435	0.0796157348479444
1	0.0782511233260432	0.0650752897829342
1	9.05461057364169	0.191729850344777
1	-0.667633028420721	0.12875691775531
1	6.49555919214203	0.0550729944716555
1	6.37854978133696	0.0403749971395023
1	1.83758599419501	0.101516704526719
1	7.24258033035268	0.179701292793299
1	3.71548639175473	0.122667689868175
1	6.89111419736346	0.188834745266147
1	1.01091020763872	0.145990632926343
1	3.60354287504806	0.0802345474486341
1	-1.13234192349842	0.0933390698487449
1	4.04042233026464	0.0436778670233968
1	7.74974825111187	0.0199863264334766
1	1.03288850154374	0.14314583042524
1	5.11043242136999	0.0357837262957762
1	1.09225002588568	0.0959356580133009
1	0.351957938008793	0.129915386547626
1	7.69667328978609	0.191581628542569
1	2.68677664636076	0.104580497462243
1	-0.420341071145105	0.102609202460564
1	3.47992365154558	0.0481012984050133
1	2.13723221294091	0.150027952224279
1	1.50185514701769	0.0972700347535826
1	-0.14263730175095	0.107311300628671
1	3.0038066445694	0.0540801597395315
1	1.28722956868309	0.0577816726744243
1	-0.318752239915457	0.122133147679814
1	0.322131339588853	0.118479537374267
1	5.2616944108093	0.0312044221698918
1	8.82900430089372	0.0239245154297069
1	-2.30272827027497	0.130387774021265
1	7.22671133846696	0.180497368512204
1	-2.72650320743043	0.122550481336539
1	-0.46843181378382	0.116030078189306
1	-1.03217188205283	0.109916178235634
1	7.16723598287619	0.190399383796627
1	-0.111691247546562	0.106692782337373
1	-2.6259055099788	0.137399229980525
1	2.72434890377882	0.123155120307144
1	-0.875120443972189	0.0595717723639866
1	1.17835308185305	0.06295494466751
1	-0.338855688886291	0.145555335661154
1	-1.42065506517047	0.0970377972125958
1	7.97386728885544	0.0483966114286766
1	2.22575254380213	0.148603893860818
1	3.04465045166932	0.0360998972015678
1	1.50293764620544	0.169264643149835
1	1.37353910564799	0.125452455947425
1	0.0804999982917752	0.115374173543283
1	0.419282683854408	0.0753344557598272
1	-1.77964448430797	0.0971360834463952
1	-2.97491361983617	0.105430337343287
1	1.51608146727065	0.049402870465295
1	2.03166462183689	0.110547830971372
1	5.25153152901144	0.0308908407377333
1	-0.990726377760774	0.0663894428145569
1	6.71007762971618	0.0549838244814751
1	2.51754568958693	0.0676227320344472
1	5.14228240478092	0.174620486973944
1	2.22102915390564	0.0959270629544691
1	4.59494068903147	0.154439667234725
1	3.97686449291997	0.172082734073381
1	4.68391143616397	0.0901220591580601
1	6.33941544000246	0.0288804125060966
1	-1.87467214629883	0.0765108757922647
1	1.51311956696982	0.144576411640004
1	1.36435275540902	0.0768839266618863
1	5.22823915846488	0.128217085998539
1	4.38826261422772	0.165069192803498
1	5.47986906477806	0.167789635462938
1	0.270595138764477	0.0863062560079471
1	-0.153860075129734	0.0844013469185382
1	5.56012300122196	0.17468208054148
1	2.32505263054526	0.130654306198856
1	6.24277095251061	0.147618668149014
1	2.45398224816271	0.123814710106785
1	8.26490907575558	0.176020848124807
1	-0.930945882161437	0.0691900257989526
1	5.39932265096741	0.0512250909839221
1	5.81624554422744	0.173105177799837
1	-2.93409858024638	0.10593850145031
1	6.16025155235434	0.171458337268332
1	3.16011254647495	0.0508627966939686
1	5.32739330739337	0.150603367741774
1	0.282227101930624	0.144711923684999
1	6.22767820949219	0.183146370117986
1	-1.77049189360083	0.113706373366362
1	1.25986883578969	0.142475726840974
1	1.24833832538136	0.0858759916782776
1	4.27138506427479	0.0353785451269403
1	8.23388103279801	0.180267155338162
1	-0.724592211437589	0.0673495885902768
1	-1.80064293010617	0.121232212381948
1	8.34779430816257	0.0370418793935523
1	2.14232647054823	0.165050342184898
1	2.01688935116643	0.0734386213188542
1	2.11802353590613	0.154942209583347
1	0.72659511272592	0.0803852742240421
1	0.955969342031826	0.103405878487683
1	-1.48018317295949	0.146747840670251
1	9.18937119752268	0.219158330930622
1	3.86278767333421	0.0666036611119648
1	4.07277951095575	0.217038383370795
1	8.09335750718966	0.227032471824439
1	2.40746289272958	0.165737001758951
1	1.75169841125618	0.158895774727872
1	6.30234904471344	0.0363970720158509
1	6.13579655870498	0.0675305385343416
1	4.54584570886809	0.0611785754439757
1	0.0167104651076917	0.171399575080652
1	-3.94584964160729	0.105992588152055
1	4.87117994637236	0.18928194973216
1	-0.0896766524990942	0.130520391936429
1	1.67250081881448	0.178005859896854
1	10.5986502421001	0.237230659206669
1	2.16053848443678	0.105114100008605
1	3.95893327242985	0.190923779801395
1	8.64082570944673	0.224879718659748
1	4.54730201138831	0.0688623355408387
1	0.977307494202632	0.163766921234126
1	1.06882011005263	0.0501661818008485
1	3.19035531022509	0.0807549343624534
1	0.354662517959042	0.106426672748159
1	8.21281182966493	0.0259473111994751
1	-2.44353143268069	0.105622117104961
1	3.96386746052535	0.21084166475104
1	1.75346706331009	0.0965449691996989
1	2.72891950447322	0.12714787460635
1	0.15130527464686	0.152515656214374
1	0.776844952845669	0.129622601149927
1	3.43692809074676	0.063264567899431
1	1.10411931682987	0.201704368083843
1	0.19172838097893	0.167392897951751
1	2.32819553563234	0.194550116526278
1	5.41486842392824	0.0463634731412629
1	4.00172788958346	0.179321352913133
1	1.80975166297802	0.111859349939128
1	3.37918766093409	0.200316630343277
1	0.271837861555728	0.162770748221074
1	4.27576087797144	0.192108662123994
1	1.21458901003792	0.142468897808987
1	-1.34571426500243	0.137434296142909
1	1.5991827235065	0.193495632241208
1	8.90883706034136	0.0280937662732144
1	1.55573076680744	0.126100640689496
1	1.71821580999688	0.18117888745705
1	3.09945175602001	0.172632212685314
1	0.814243488014961	0.126184754744
1	3.47294951502317	0.209010348297522
1	0.820190235673438	0.117650963466205
1	0.0858972810183634	0.0759132246457615
1	9.50144070357534	0.038317220574591
1	9.73618464349955	0.0445329994697133
1	0.480776128002462	0.0913461461078257
1	-2.07576876510189	0.135040729291799
1	2.08428246714859	0.165997681250173
1	0.0423928969344883	0.110899739003829
1	10.9400305590002	0.220166285094485
1	1.45510443302963	0.0864515478007132
1	1.43980085650073	0.122178555362478
1	1.06729994622673	0.0948274538005697
1	-0.667118095738368	0.163593471084348
1	2.48559622194781	0.0787676099373839
1	-3.59334622840611	0.126384618044665
1	5.4842791619212	0.188519582304448
1	6.52912929207117	0.0412468253132332
1	9.41640296883018	0.212057411726091
1	1.8833297538254	0.0962694396730017
1	2.72801818624204	0.204309908978327
1	2.06766699685338	0.097912727216113
1	-0.873487412559177	0.0951254819459415
1	-2.48713331053373	0.125910883885013
1	6.12039571806073	0.215701533191617
1	3.89217324849871	0.209686183674765
1	0.437893522890534	0.107263468924084
1	2.91732636838642	0.190896892623355
1	6.45903992462169	0.23047486203375
1	-0.983639680156443	0.116908704210982
1	1.35549236184546	0.176903829416465
1	2.71621453822414	0.109423733576627
1	-1.94906625013054	0.0933068163717025
1	3.56726923576964	0.186528018330139
1	3.84800896785591	0.0668218125903189
1	3.73079781533223	0.176602951175926
1	4.54384424690582	0.0493320362858227
1	3.07197709478683	0.0760624780948698
1	5.11454114811392	0.0539986474407835
1	1.35550223140033	0.0747973681471928
1	9.41913541980507	0.0357812847533523
1	3.04965937796903	0.161740381104278
1	6.49725403412085	0.212262080703874
1	5.97422921167153	0.191241068108862
1	4.29910421735747	0.195212774461468
1	-2.48117093495082	0.121359935154187
1	-0.855475425622786	0.111602327379616
1	1.02982585245596	0.198140986427999
1	-0.550405438180211	0.153674611428562
1	-0.378911573341857	0.16442551914611
1	0.860069221105435	0.0993191980029937
1	0.0782511233260432	0.0814112251814193
1	9.05461057364169	0.2373986394682
1	-0.667633028420721	0.159841345983373
1	6.49555919214203	0.0690924253244072
1	6.37854978133696	0.0509904115566747
1	1.83758599419501	0.126292373034437
1	7.24258033035268	0.222584300515607
1	3.71548639175473	0.152341869384159
1	6.89111419736346	0.233833035882346
1	1.01091020763872	0.181066342984342
1	3.60354287504806	0.100081325928601
1	-1.13234192349842	0.116220820279129
1	4.04042233026464	0.0550582171740084
1	7.74974825111187	0.0258797798504863
1	1.03288850154374	0.177562691916942
1	5.11043242136999	0.045335814801326
1	1.09225002588568	0.119418771240863
1	0.351957938008793	0.16126811301524
1	7.69667328978609	0.237216089897424
1	2.68677664636076	0.130065732128674
1	-0.420341071145105	0.127637890535412
1	3.47992365154558	0.0605061033016969
1	2.13723221294091	0.1860386945139
1	1.50185514701769	0.121062186025752
1	-0.14263730175095	0.133428981923767
1	3.0038066445694	0.067869652753162
1	1.28722956868309	0.0724284260740886
1	-0.318752239915457	0.151683528670491
1	0.322131339588853	0.147183752098327
1	5.2616944108093	0.0396959562233106
1	8.82900430089372	0.030730042768533
1	-2.30272827027497	0.161849904150337
1	7.22671133846696	0.223564745218251
1	-2.72650320743043	0.152197515673554
1	-0.46843181378382	0.144167004789994
1	-1.03217188205283	0.136637142140354
1	7.16723598287619	0.235760040465366
1	-0.111691247546562	0.132667216468811
1	-2.6259055099788	0.170485194349276
1	2.72434890377882	0.152942187394677
1	-0.875120443972189	0.0746331080109387
1	1.17835308185305	0.0787998138711322
1	-0.338855688886291	0.180530232049673
1	-1.42065506517047	0.120776162898293
1	7.97386728885544	0.0608698100230507
1	2.22575254380213	0.184284828084423
1	3.04465045166932	0.0457252100339047
1	1.50293764620544	0.209730551037663
1	1.37353910564799	0.155771579756757
1	0.0804999982917752	0.14335919440166
1	0.419282683854408	0.0940463862555684
1	-1.77964448430797	0.120897211958053
1	-2.97491361983617	0.131112392628018
1	1.51608146727065	0.062109115931409
1	2.03166462183689	0.137415083941564
1	5.25153152901144	0.0393097501794557
1	-0.990726377760774	0.0830297325014132
1	6.71007762971618	0.0689826038056359
1	2.51754568958693	0.0845486481695507
1	5.14228240478092	0.216326793808082
1	2.22102915390564	0.119408185589648
1	4.59494068903147	0.191472150790539
1	3.97686449291997	0.213201304198379
1	4.68391143616397	0.112258758611971
1	6.33941544000246	0.0368337122060025
1	-1.87467214629883	0.0954952619862256
1	1.51311956696982	0.179324591872446
1	1.36435275540902	0.0959547104284416
1	5.22823915846488	0.159176490651554
1	4.38826261422772	0.204563445736515
1	5.47986906477806	0.20791393555922
1	0.270595138764477	0.107559225771044
1	-0.153860075129734	0.105213144887812
1	5.56012300122196	0.216402652279297
1	2.32505263054526	0.162178164459497
1	6.24277095251061	0.183071426762027
1	2.45398224816271	0.153754536408242
1	8.26490907575558	0.218051474814607
1	-0.930945882161437	0.0864789229316159
1	5.39932265096741	0.0643533577944738
1	5.81624554422744	0.214460543126974
1	-2.93409858024638	0.131738246168042
1	6.16025155235434	0.212432298781784
1	3.16011254647495	0.0639071571266888
1	5.32739330739337	0.1867473747092
1	0.282227101930624	0.179491488140609
1	6.22767820949219	0.226827248432462
1	-1.77049189360083	0.141305136213854
1	1.25986883578969	0.176737394154664
1	1.24833832538136	0.10702931338615
1	4.27138506427479	0.0448367947694847
1	8.23388103279801	0.223281215295647
1	-0.724592211437589	0.084212245442349
1	-1.80064293010617	0.150573939193962
1	8.34779430816257	0.0468853527542303
1	2.14232647054823	0.204540229365623
1	2.01688935116643	0.0917114816848103
1	2.11802353590613	0.192091080588119
1	0.72659511272592	0.0965506404790694
1	0.955969342031826	0.123770072558009
1	-1.48018317295949	0.175017363128034
1	9.18937119752268	0.260635116635828
1	3.86278767333421	0.0802553392025999
1	4.07277951095575	0.258128502649732
1	8.09335750718966	0.269945456224862
1	2.40746289272958	0.197470039633414
1	1.75169841125618	0.189381011544645
1	6.30234904471344	0.0445392393634349
1	6.13579655870498	0.0813512738164333
1	4.54584570886809	0.0738407486396803
1	0.0167104651076917	0.204165434252811
1	-3.94584964160729	0.126828583412501
1	4.87117994637236	0.225309452744353
1	-0.0896766524990942	0.155830119667081
1	1.67250081881448	0.211976667997564
1	10.5986502421001	0.282003735217014
1	2.16053848443678	0.125789864007965
1	3.95893327242985	0.227250743317915
1	8.64082570944673	0.267400053077404
1	4.54730201138831	0.0829259830528255
1	0.977307494202632	0.195140627580569
1	1.06882011005263	0.0608197567767917
1	3.19035531022509	0.0969877245327521
1	0.354662517959042	0.127341842580021
1	8.21281182966493	0.0321835013678104
1	-2.44353143268069	0.126390540544985
1	3.96386746052535	0.250801537655632
1	1.75346706331009	0.115657772280166
1	2.72891950447322	0.151842474279938
1	0.15130527464686	0.181837195555069
1	0.776844952845669	0.154768576926741
1	3.43692809074676	0.0763072143027091
1	1.10411931682987	0.239997649835419
1	0.19172838097893	0.199427961911801
1	2.32819553563234	0.231538503319689
1	5.41486842392824	0.0563234555985006
1	4.00172788958346	0.213532099488278
1	1.80975166297802	0.133765409316709
1	3.37918766093409	0.238356796591946
1	0.271837861555728	0.193962758252852
1	4.27576087797144	0.228651741464278
1	1.21458901003792	0.169957965327352
1	-1.34571426500243	0.164005080836359
1	1.5991827235065	0.230291687074248
1	8.90883706034136	0.034721457688202
1	1.55573076680744	0.150604230828806
1	1.71821580999688	0.215728437810825
1	3.09945175602001	0.205622897974172
1	0.814243488014961	0.15070368681038
1	3.47294951502317	0.248636199454657
1	0.820190235673438	0.140613380343982
1	0.0858972810183634	0.0912629143900581
1	9.50144070357534	0.0468096121424261
1	9.73618464349955	0.0541591138981514
1	0.480776128002462	0.10951071330556
1	-2.07576876510189	0.161174940950192
1	2.08428246714859	0.197778265587192
1	0.0423928969344883	0.132630770782619
1	10.9400305590002	0.261826915929527
1	1.45510443302963	0.103723367993145
1	1.43980085650073	0.145966779355163
1	1.06729994622673	0.113626991801264
1	-0.667118095738368	0.194935541105997
1	2.48559622194781	0.094637923389937
1	-3.59334622840611	0.150940004044942
1	5.4842791619212	0.224408033816328
1	6.52912929207117	0.0502735601903736
1	9.41640296883018	0.252239029992219
1	1.8833297538254	0.115331987728562
1	2.72801818624204	0.243078426629725
1	2.06766699685338	0.117275001610979
1	-0.873487412559177	0.113979378592143
1	-2.48713331053373	0.150379863458081
1	6.12039571806073	0.256547818570586
1	3.89217324849871	0.249435303376376
1	0.437893522890534	0.128331265638324
1	2.91732636838642	0.227218952070906
1	6.45903992462169	0.274015718908606
1	-0.983639680156443	0.139735737205204
1	1.35549236184546	0.210673633400108
1	2.71621453822414	0.130885550326467
1	-1.94906625013054	0.111828998719166
1	3.56726923576964	0.222053219854508
1	3.84800896785591	0.080513280274866
1	3.73079781533223	0.210317876672848
1	4.54384424690582	0.0598334678449214
1	3.07197709478683	0.0914393908228235
1	5.11454114811392	0.0653512424400869
1	1.35550223140033	0.0899435319870251
1	9.41913541980507	0.0438111359924418
1	3.04965937796903	0.192744458010564
1	6.49725403412085	0.252481029432182
1	5.97422921167153	0.227625903215354
1	4.29910421735747	0.232322026308569
1	-2.48117093495082	0.144998847458031
1	-0.855475425622786	0.133461507298271
1	1.02982585245596	0.235784327550662
1	-0.550405438180211	0.183207537635313
1	-0.378911573341857	0.195919350021008
1	0.860069221105435	0.1189380047023
1	0.0782511233260432	0.097763719079476
1	9.05461057364169	0.282202354126708
1	-0.667633028420721	0.19049904964087
1	6.49555919214203	0.0831980399095516
1	6.37854978133696	0.0617943213711533
1	1.83758599419501	0.150830934067379
1	7.24258033035268	0.264685963666386
1	3.71548639175473	0.181631710991455
1	6.89111419736346	0.277986404644493
1	1.01091020763872	0.215595365863814
1	3.60354287504806	0.119839140444392
1	-1.13234192349842	0.138922387140765
1	4.04042233026464	0.0666040716906191
1	7.74974825111187	0.0321036526833037
1	1.03288850154374	0.211452668688483
1	5.11043242136999	0.055108358198627
1	1.09225002588568	0.142703626242824
1	0.351957938008793	0.192186050897294
1	7.69667328978609	0.281986508548292
1	2.68677664636076	0.155292532485855
1	-0.420341071145105	0.15242186633872
1	3.47992365154558	0.0730456213879319
1	2.13723221294091	0.221474646146008
1	1.50185514701769	0.144646790575198
1	-0.14263730175095	0.159269219992126
1	3.0038066445694	0.0817522405478221
1	1.28722956868309	0.0871425082988831
1	-0.318752239915457	0.180853292660847
1	0.322131339588853	0.17553278233133
1	5.2616944108093	0.0484398213634937
1	8.82900430089372	0.0378385760828293
1	-2.30272827027497	0.192873957439821
1	7.22671133846696	0.26584523592897
1	-2.72650320743043	0.18146102798174
1	-0.46843181378382	0.171965797402608
1	-1.03217188205283	0.163062530459292
1	7.16723598287619	0.280264883947756
1	-0.111691247546562	0.158368512833279
1	-2.6259055099788	0.203084275655629
1	2.72434890377882	0.182341523606532
1	-0.875120443972189	0.0897493117323854
1	1.17835308185305	0.0946760011387788
1	-0.338855688886291	0.214961471331513
1	-1.42065506517047	0.144308598449495
1	7.97386728885544	0.0734756661550095
1	2.22575254380213	0.219400884414736
1	3.04465045166932	0.0555687769158619
1	1.50293764620544	0.249487763094944
1	1.37353910564799	0.185686981108095
1	0.0804999982917752	0.17101064697536
1	0.419282683854408	0.112703461960485
1	-1.77964448430797	0.144451726172062
1	-2.97491361983617	0.156530097931372
1	1.51608146727065	0.0749410144408868
1	2.03166462183689	0.163982364438317
1	5.25153152901144	0.0479831735249404
1	-0.990726377760774	0.099677432966449
1	6.71007762971618	0.0830681875678507
1	2.51754568958693	0.101473390248413
1	5.14228240478092	0.257287123181646
1	2.22102915390564	0.142691109828791
1	4.59494068903147	0.227899134069179
1	3.97686449291997	0.253591561971765
1	4.68391143616397	0.13423766786899
1	6.33941544000246	0.0450555202508806
1	-1.87467214629883	0.114416604417121
1	1.51311956696982	0.213535929215422
1	1.36435275540902	0.114959853652608
1	5.22823915846488	0.189712928462664
1	4.38826261422772	0.243378207056423
1	5.47986906477806	0.247339807243623
1	0.270595138764477	0.128680966858827
1	-0.153860075129734	0.12590697411209
1	5.56012300122196	0.257376817808303
1	2.32505263054526	0.19326209056991
1	6.24277095251061	0.217966165564562
1	2.45398224816271	0.183302040478544
1	8.26490907575558	0.259326376234143
1	-0.930945882161437	0.103755736192855
1	5.39932265096741	0.0775945933070543
1	5.81624554422744	0.255080478947857
1	-2.93409858024638	0.15727010361189
1	6.16025155235434	0.252682294323287
1	3.16011254647495	0.0770670081650112
1	5.32739330739337	0.222312585594545
1	0.282227101930624	0.213733266417498
1	6.22767820949219	0.269702801248696
1	-1.77049189360083	0.168581940209505
1	1.25986883578969	0.210476841289343
1	1.24833832538136	0.128054401456667
1	4.27138506427479	0.054518319739724
1	8.23388103279801	0.265509991754565
1	-0.724592211437589	0.101075629569355
1	-1.80064293010617	0.179541320349173
1	8.34779430816257	0.0569405230966367
1	2.14232647054823	0.243350756150992
1	2.01688935116643	0.109942684022309
1	2.11802353590613	0.228630953155851
1	0.72659511272592	0.112733372985175
1	0.955969342031826	0.14402508821844
1	-1.48018317295949	0.202939455657958
1	9.18937119752268	0.30136643069212
1	3.86278767333421	0.0940001413106575
1	4.07277951095575	0.298484803668266
1	8.09335750718966	0.312069684687285
1	2.40746289272958	0.228751263832112
1	1.75169841125618	0.219452041029315
1	6.30234904471344	0.0529405768726922
1	6.13579655870498	0.0952600380546785
1	4.54584570886809	0.0866258676428327
1	0.0167104651076917	0.236448352485428
1	-3.94584964160729	0.147541181075156
1	4.87117994637236	0.260755715093341
1	-0.0896766524990942	0.180881620037059
1	1.67250081881448	0.245428220296498
1	10.5986502421001	0.325931995676412
1	2.16053848443678	0.146347059474097
1	3.95893327242985	0.262987441002858
1	8.64082570944673	0.309143465278551
1	4.54730201138831	0.0970703386097185
1	0.977307494202632	0.226073349818066
1	1.06882011005263	0.0716568128790694
1	3.19035531022509	0.113235848925935
1	0.354662517959042	0.148131228643538
1	8.21281182966493	0.0387363042142972
1	-2.44353143268069	0.147037602872991
1	3.96386746052535	0.290061655769567
1	1.75346706331009	0.13469911148811
1	2.72891950447322	0.176297385379119
1	0.15130527464686	0.210779599185805
1	0.776844952845669	0.17966126051441
1	3.43692809074676	0.0894613397767219
1	1.10411931682987	0.277641404674621
1	0.19172838097893	0.231002109705988
1	2.32819553563234	0.267916690245642
1	5.41486842392824	0.0664878227375394
1	4.00172788958346	0.247216358973716
1	1.80975166297802	0.155515821405186
1	3.37918766093409	0.275755064346673
1	0.271837861555728	0.224719260156018
1	4.27576087797144	0.264598041654304
1	1.21458901003792	0.197123124340992
1	-1.34571426500243	0.190279632317778
1	1.5991827235065	0.266483338558236
1	8.90883706034136	0.0416539626805666
1	1.55573076680744	0.174873889056715
1	1.71821580999688	0.249741290175284
1	3.09945175602001	0.238123866493192
1	0.814243488014961	0.174988224588942
1	3.47294951502317	0.287572362599448
1	0.820190235673438	0.163388313332631
1	0.0858972810183634	0.10665455331954
1	9.50144070357534	0.0555506187819987
1	9.73618464349955	0.0639996751539163
1	0.480776128002462	0.12763239465149
1	-2.07576876510189	0.187026076875055
1	2.08428246714859	0.22910560328876
1	0.0423928969344883	0.154211430270262
1	10.9400305590002	0.302736534374132
1	1.45510443302963	0.120979208025573
1	1.43980085650073	0.169542631207526
1	1.06729994622673	0.132364507141377
1	-0.667118095738368	0.225837580477181
1	2.48559622194781	0.110534495422213
1	-3.59334622840611	0.17525989710537
1	5.4842791619212	0.259719435411978
1	6.52912929207117	0.0595328060511837
1	9.41640296883018	0.291714210485478
1	1.8833297538254	0.134324586502187
1	2.72801818624204	0.281183094665253
1	2.06766699685338	0.13655829354378
1	-0.873487412559177	0.132769614311879
1	-2.48713331053373	0.174615954216194
1	6.12039571806073	0.296667634377776
1	3.89217324849871	0.288491019986851
1	0.437893522890534	0.149268678701123
1	2.91732636838642	0.262950893486163
1	6.45903992462169	0.316748896966767
1	-0.983639680156443	0.162379366522299
1	1.35549236184546	0.243930239462643
1	2.71621453822414	0.152205108412598
1	-1.94906625013054	0.130297517376373
1	3.56726923576964	0.257012319124361
1	3.84800896785591	0.094296672794375
1	3.73079781533223	0.243521258181569
1	4.54384424690582	0.0705229658427204
1	3.07197709478683	0.106857432287164
1	5.11454114811392	0.0768662514356208
1	1.35550223140033	0.105137778894572
1	9.41913541980507	0.0521035423864685
1	3.04965937796903	0.223318690734153
1	6.49725403412085	0.291992415318701
1	5.97422921167153	0.26341872835094
1	4.29910421735747	0.268817435646047
1	-2.48117093495082	0.168429887591039
1	-0.855475425622786	0.15516645278529
1	1.02982585245596	0.272797729731726
1	-0.550405438180211	0.21235495733519
1	-0.378911573341857	0.226968576462814
1	0.860069221105435	0.138470097545228
1	0.0782511233260432	0.114127939558401
1	9.05461057364169	0.326160329843858
1	-0.667633028420721	0.220737348144672
1	6.49555919214203	0.0973830977320705
1	6.37854978133696	0.0727771815067007
1	1.83758599419501	0.175134509232893
1	7.24258033035268	0.306023322554012
1	3.71548639175473	0.210543372198012
1	6.89111419736346	0.321313634650045
1	1.01091020763872	0.249588309412889
1	3.60354287504806	0.139506051673377
1	-1.13234192349842	0.16144433163518
1	4.04042233026464	0.0783065157302565
1	7.74974825111187	0.0386445094152695
1	1.03288850154374	0.244825825760321
1	5.11043242136999	0.0650909353334504
1	1.09225002588568	0.165791279685652
1	0.351957938008793	0.222676740662527
1	7.69667328978609	0.325912191735959
1	2.68677664636076	0.180263604755212
1	-0.420341071145105	0.176963459941558
1	3.47992365154558	0.085711781872646
1	2.13723221294091	0.256347185345106
1	1.50185514701769	0.168025159685931
1	-0.14263730175095	0.184835242130196
1	3.0038066445694	0.0957209931818921
1	1.28722956868309	0.101917695707062
1	-0.318752239915457	0.209648495160787
1	0.322131339588853	0.203531986423792
1	5.2616944108093	0.0574247226416365
1	8.82900430089372	0.0452374313168766
1	-2.30272827027497	0.223467564496523
1	7.22671133846696	0.307356032854998
1	-2.72650320743043	0.21034715340404
1	-0.46843181378382	0.199431346986965
1	-1.03217188205283	0.189196067535578
1	7.16723598287619	0.323932995895931
1	-0.111691247546562	0.183799780705378
1	-2.6259055099788	0.235205442389181
1	2.72434890377882	0.211359379459133
1	-0.875120443972189	0.104914501462365
1	1.17835308185305	0.110578269960566
1	-0.338855688886291	0.248859578294063
1	-1.42065506517047	0.167636370836079
1	7.97386728885544	0.086206165383291
1	2.22575254380213	0.253963169346227
1	3.04465045166932	0.0656202370229934
1	1.50293764620544	0.288551328172925
1	1.37353910564799	0.215205348881283
1	0.0804999982917752	0.198333297068521
1	0.419282683854408	0.131302808546665
1	-1.77964448430797	0.16780091181267
1	-2.97491361983617	0.181686321635981
1	1.51608146727065	0.087890743560611
1	2.03166462183689	0.190253517332843
1	5.25153152901144	0.0568997559897073
1	-0.990726377760774	0.116327963049539
1	6.71007762971618	0.0972338182582339
1	2.51754568958693	0.118392612439554
1	5.14228240478092	0.297517545914977
1	2.22102915390564	0.16577689069831
1	4.59494068903147	0.263732837111403
1	3.97686449291997	0.29326909397552
1	4.68391143616397	0.156058734280502
1	6.33941544000246	0.0535340982387323
1	-1.87467214629883	0.133272253234254
1	1.51311956696982	0.247220761664076
1	1.36435275540902	0.133896777666956
1	5.22823915846488	0.21983361584137
1	4.38826261422772	0.281527725064504
1	5.47986906477806	0.286082017915523
1	0.270595138764477	0.14967069851465
1	-0.153860075129734	0.146481690351722
1	5.56012300122196	0.297620659701744
1	2.32505263054526	0.223913765994928
1	6.24277095251061	0.252313803056392
1	2.45398224816271	0.212463598692972
1	8.26490907575558	0.299861890412035
1	-0.930945882161437	0.121016418812522
1	5.39932265096741	0.0909413227934295
1	5.81624554422744	0.294980766940875
1	-2.93409858024638	0.182537039129226
1	6.16025155235434	0.292223791331274
1	3.16011254647495	0.0903348059499393
1	5.32739330739337	0.257310488419552
1	0.282227101930624	0.247447622368385
1	6.22767820949219	0.311790726243475
1	-1.77049189360083	0.195541232918107
1	1.25986883578969	0.243704005400435
1	1.24833832538136	0.148950393032797
1	4.27138506427479	0.0644126215692572
1	8.23388103279801	0.306970632997695
1	-0.724592211437589	0.117935343020266
1	-1.80064293010617	0.20814023944657
1	8.34779430816257	0.067197209339559
1	2.14232647054823	0.281496167245327
1	2.01688935116643	0.128128992251999
1	2.11802353590613	0.264574143219333
1	0.72659511272592	0.128928654935068
1	0.955969342031826	0.164169580488474
1	-1.48018317295949	0.230519309849263
1	9.18937119752268	0.341368385196157
1	3.86278767333421	0.10783117217022
1	4.07277951095575	0.338123078805526
1	8.09335750718966	0.353422456838156
1	2.40746289272958	0.259588729773458
1	1.75169841125618	0.249115886848264
1	6.30234904471344	0.0615896337046215
1	6.13579655870498	0.109250075769145
1	4.54584570886809	0.0995262190092635
1	0.0167104651076917	0.268257239191604
1	-3.94584964160729	0.168129426271253
1	4.87117994637236	0.295632343102636
1	-0.0896766524990942	0.205677637310999
1	1.67250081881448	0.278370422526243
1	10.5986502421001	0.369034278239581
1	2.16053848443678	0.166784599050025
1	3.95893327242985	0.298145726790511
1	8.64082570944673	0.350126930224566
1	4.54730201138831	0.111288847585068
1	0.977307494202632	0.256572846249532
1	1.06882011005263	0.0826679758416331
1	3.19035531022509	0.129494546484596
1	0.354662517959042	0.168793941535926
1	8.21281182966493	0.0455926929308978
1	-2.44353143268069	0.167562293348033
1	3.96386746052535	0.32863687692076
1	1.75346706331009	0.153666607122636
1	2.72891950447322	0.200514843546085
1	0.15130527464686	0.239348928562498
1	0.776844952845669	0.20430326077825
1	3.43692809074676	0.102719545473928
1	1.10411931682987	0.314649112398147
1	0.19172838097893	0.262123646484868
1	2.32819553563234	0.303697078140355
1	5.41486842392824	0.0768466267910609
1	4.00172788958346	0.280384235496649
1	1.80975166297802	0.177110516124935
1	3.37918766093409	0.312524704114035
1	0.271837861555728	0.255047861996762
1	4.27576087797144	0.299959595325066
1	1.21458901003792	0.223968921115147
1	-1.34571426500243	0.216261737564562
1	1.5991827235065	0.30208282849852
1	8.90883706034136	0.048878578157501
1	1.55573076680744	0.198911693078
1	1.71821580999688	0.283227828819629
1	3.09945175602001	0.270144213554343
1	0.814243488014961	0.19904045847003
1	3.47294951502317	0.325833419371859
1	0.820190235673438	0.185976565808269
1	0.0858972810183634	0.122082650179744
1	9.50144070357534	0.064529079239373
1	9.73618464349955	0.0740444594088417
1	0.480776128002462	0.14570802639001
1	-2.07576876510189	0.212597563060667
1	2.08428246714859	0.259987789087378
1	0.0423928969344883	0.17564150266448
1	10.9400305590002	0.342911404538444
1	1.45510443302963	0.138215165968999
1	1.43980085650073	0.192907597119413
1	1.06729994622673	0.151037361094844
1	-0.667118095738368	0.256307321342125
1	2.48559622194781	0.126452265260686
1	-3.59334622840611	0.199346417758454
1	5.4842791619212	0.294465278439317
1	6.52912929207117	0.0690138434668027
1	9.41640296883018	0.33049799438531
1	1.8833297538254	0.153244814739304
1	2.72801818624204	0.318637785833357
1	2.06766699685338	0.155760429590522
1	-0.873487412559177	0.151493595325866
1	-2.48713331053373	0.198621205246168
1	6.12039571806073	0.336076571376749
1	3.89217324849871	0.326868017071512
1	0.437893522890534	0.170074944910183
1	2.91732636838642	0.298104566748455
1	6.45903992462169	0.358692214994926
1	-0.983639680156443	0.184840283595383
1	1.35549236184546	0.276683387135157
1	2.71621453822414	0.173381970430628
1	-1.94906625013054	0.148709504284019
1	3.56726923576964	0.291416507132114
1	3.84800896785591	0.1081651277832
1	3.73079781533223	0.27622278985656
1	4.54384424690582	0.0813910302124448
1	3.07197709478683	0.12231113374292
1	5.11454114811392	0.0885348781503728
1	1.35550223140033	0.120374449328715
1	9.41913541980507	0.0606469602271611
1	3.04965937796903	0.253470531947566
1	6.49725403412085	0.330811310409795
1	5.97422921167153	0.298631445301387
1	4.29910421735747	0.304711503248139
1	-2.48117093495082	0.191654418293762
1	-0.855475425622786	0.176717054998478
1	1.02982585245596	0.309194135360455
1	-0.550405438180211	0.241123106770645
1	-0.378911573341857	0.257581056100152
1	0.860069221105435	0.157913515223108
1	0.0782511233260432	0.130499224538555
1	9.05461057364169	0.369291429608123
1	-0.667633028420721	0.250563407766433
1	6.49555919214203	0.111641078866248
1	6.37854978133696	0.083929742002561
1	1.83758599419501	0.199205205151657
1	7.24258033035268	0.346613005958931
1	3.71548639175473	0.239082888250279
1	6.89111419736346	0.363833051144944
1	1.01091020763872	0.2830555409275
1	3.60354287504806	0.159080213246362
1	-1.13234192349842	0.183787241453041
1	4.04042233026464	0.0901569128137372
1	7.74974825111187	0.0454893130536808
1	1.03288850154374	0.277692002029158
1	5.11043242136999	0.0752734434533301
1	1.09225002588568	0.188682801555427
1	0.351957938008793	0.252747563758877
1	7.69667328978609	0.369011974917888
1	2.68677664636076	0.20498162463237
1	-0.420341071145105	0.201264980887324
1	3.47992365154558	0.098496769893533
1	2.13723221294091	0.290667429306784
1	1.50185514701769	0.191198611193801
1	-0.14263730175095	0.210130231258372
1	3.0038066445694	0.109769206318573
1	1.28722956868309	0.116747971488146
1	-0.318752239915457	0.23807507212984
1	0.322131339588853	0.23118662170645
1	5.2616944108093	0.0666397067362843
1	8.82900430089372	0.0529143029649707
1	-2.30272827027497	0.253638194510562
1	7.22671133846696	0.348113912641457
1	-2.72650320743043	0.238861905416356
1	-0.46843181378382	0.226568455906418
1	-1.03217188205283	0.215041420124718
1	7.16723598287619	0.366782992174881
1	-0.111691247546562	0.208964088120694
1	-2.6259055099788	0.266857466061722
1	2.72434890377882	0.240001880735217
1	-0.875120443972189	0.12012299288705
1	1.17835308185305	0.126501564419768
1	-0.338855688886291	0.282234839380283
1	-1.42065506517047	0.190760754757632
1	7.97386728885544	0.0990535476976129
1	2.22575254380213	0.287982535567072
1	3.04465045166932	0.075869546329041
1	1.50293764620544	0.326935936528143
1	1.37353910564799	0.244333235570716
1	0.0804999982917752	0.225331825215472
1	0.419282683854408	0.149841669492211
1	-1.77964448430797	0.190946061835346
1	-2.97491361983617	0.206583897288406
1	1.51608146727065	0.100950730184839
1	2.03166462183689	0.216232326705073
1	5.25153152901144	0.0660484860070674
1	-0.990726377760774	0.132976904764423
1	6.71007762971618	0.11147295938846
1	2.51754568958693	0.135302125830287
1	5.14228240478092	0.337033747069618
1	2.22102915390564	0.188666596587821
1	4.59494068903147	0.298985196553456
1	3.97686449291997	0.332249113903953
1	4.68391143616397	0.177721948003257
1	6.33941544000246	0.0622580611819603
1	-1.87467214629883	0.152059670426308
1	1.51311956696982	0.280389193834089
1	1.36435275540902	0.152763013751372
1	5.22823915846488	0.249545618789912
1	4.38826261422772	0.319025910746067
1	5.47986906477806	0.324154983860619
1	0.270595138764477	0.170527702140456
1	-0.153860075129734	0.166936221187073
1	5.56012300122196	0.337149874461673
1	2.32505263054526	0.254140709430881
1	6.24277095251061	0.286125008927926
1	2.45398224816271	0.241245459347776
1	8.26490907575558	0.33967396251567
1	-0.930945882161437	0.138257072990166
1	5.39932265096741	0.104386311610693
1	5.81624554422744	0.334176810711053
1	-2.93409858024638	0.207541980654017
1	6.16025155235434	0.331071887523358
1	3.16011254647495	0.10370324854531
1	5.32739330739337	0.291752307258628
1	0.282227101930624	0.280644685779223
1	6.22767820949219	0.353108292092711
1	-1.77049189360083	0.222187385093491
1	1.25986883578969	0.276428600918278
1	1.24833832538136	0.169716489598335
1	4.27138506427479	0.0745095222464679
1	8.23388103279801	0.34767987290991
1	-0.724592211437589	0.134787146148194
1	-1.80064293010617	0.236376465104178
1	8.34779430816257	0.0776455424223708
1	2.14232647054823	0.318990370132587
1	2.01688935116643	0.146267297715952
1	2.11802353590613	0.299932680758019
1	0.72659511272592	0.145131838606528
1	0.955969342031826	0.184202281162946
1	-1.48018317295949	0.257762020270707
1	9.18937119752268	0.38065670486716
1	3.86278767333421	0.121741760862972
1	4.07277951095575	0.377058741563927
1	8.09335750718966	0.394020653352167
1	2.40746289272958	0.28999031971124
1	1.75169841125618	0.278379426935705
1	6.30234904471344	0.0704753044924485
1	6.13579655870498	0.123314852110842
1	4.54584570886809	0.112534335396318
1	0.0167104651076917	0.299600807913604
1	-3.94584964160729	0.188592430534985
1	4.87117994637236	0.329950675518844
1	-0.0896766524990942	0.230220883803088
1	1.67250081881448	0.310812958058179
1	10.5986502421001	0.411328960716032
1	2.16053848443678	0.187101465304356
1	3.95893327242985	0.332737180454719
1	8.64082570944673	0.390367012557339
1	4.54730201138831	0.125575170643025
1	0.977307494202632	0.286646709913028
1	1.06882011005263	0.0938441616582628
1	3.19035531022509	0.145759223754102
1	0.354662517959042	0.189329156516739
1	8.21281182966493	0.0527400280840287
1	-2.44353143268069	0.187963669117667
1	3.96386746052535	0.366541704908472
1	1.75346706331009	0.172557983769573
1	2.72891950447322	0.224497065995946
1	0.15130527464686	0.267551124992368
1	0.776844952845669	0.22869715823316
1	3.43692809074676	0.116074670283735
1	1.10411931682987	0.35103393541345
1	0.19172838097893	0.29280069759443
1	2.32819553563234	0.338891779138453
1	5.41486842392824	0.0873902254999583
1	4.00172788958346	0.313045605548109
1	1.80975166297802	0.198549466274313
1	3.37918766093409	0.348678674576018
1	0.271837861555728	0.284956010570953
1	4.27576087797144	0.334748156195887
1	1.21458901003792	0.250499822052598
1	-1.34571426500243	0.241955123879771
1	1.5991827235065	0.337102114227199
1	8.90883706034136	0.0563829797936378
1	1.55573076680744	0.222719706369631
1	1.71821580999688	0.316198202928417
1	3.09945175602001	0.301692833656036
1	0.814243488014961	0.222862464278896
1	3.47294951502317	0.363433604726548
1	0.820190235673438	0.208378960801354
1	0.0858972810183634	0.137541900733627
1	9.50144070357534	0.0737341700332863
1	9.73618464349955	0.0842835556829427
1	0.480776128002462	0.16373456989886
1	-2.07576876510189	0.237892775424872
1	2.08428246714859	0.290432743505629
1	0.0423928969344883	0.196920819888897
1	10.9400305590002	0.382367399113396
1	1.45510443302963	0.155427484654498
1	1.43980085650073	0.216063164789936
1	1.06729994622673	0.169643026109343
1	-0.667118095738368	0.286352331275713
1	2.48559622194781	0.142386347703525
1	-3.59334622840611	0.223201671170182
1	5.4842791619212	0.328656789726351
1	6.52912929207117	0.0787062790336965
1	9.41640296883018	0.368605063967508
1	1.8833297538254	0.172090356576901
1	2.72801818624204	0.355456045045347
1	2.06766699685338	0.174879335129398
1	-0.873487412559177	0.170148837833509
1	-2.48713331053373	0.222397652167912
1	6.12039571806073	0.374789846814947
1	3.89217324849871	0.364580628800364
1	0.437893522890534	0.190749362370091
1	2.91732636838642	0.33269154768448
1	6.45903992462169	0.399863059024466
1	-0.983639680156443	0.207119202488278
1	1.35549236184546	0.308942598006534
1	2.71621453822414	0.194415751620661
1	-1.94906625013054	0.167062208654106
1	3.56726923576964	0.325276718336194
1	3.84800896785591	0.122112006348539
1	3.73079781533223	0.308431949116573
1	4.54384424690582	0.0924284544919665
1	3.07197709478683	0.137795212864054
1	5.11454114811392	0.100348601199453
1	1.35550223140033	0.135648075240202
1	9.41913541980507	0.0694301937477048
1	3.04965937796903	0.283207277184645
1	6.49725403412085	0.368952427027486
1	5.97422921167153	0.333275680419738
1	4.29910421735747	0.340016438530312
1	-2.48117093495082	0.214673807088581
1	-0.855475425622786	0.19811324900425
1	1.02982585245596	0.344986183725579
1	-0.550405438180211	0.269518097388176
1	-0.378911573341857	0.2877644786559
1	0.860069221105435	0.177266389589688
1	0.0782511233260432	0.146873076911433
1	9.05461057364169	0.41161405588919
1	-0.667633028420721	0.279984245254022
1	6.49555919214203	0.125965677754341
1	6.37854978133696	0.0952430398527488
1	1.83758599419501	0.223045113447719
1	7.24258033035268	0.386471241546443
1	3.71548639175473	0.267256174942873
1	6.89111419736346	0.405562533153965
1	1.01091020763872	0.316007193070222
1	3.60354287504806	0.178559868900529
1	-1.13234192349842	0.205951729674048
1	4.04042233026464	0.102146897105259
1	7.74974825111187	0.0526254142510811
1	1.03288850154374	0.310060815807537
1	5.11043242136999	0.0856460894347924
1	1.09225002588568	0.21137927440388
1	0.351957938008793	0.282405746389334
1	7.69667328978609	0.411304233764757
1	2.68677664636076	0.229449237685629
1	-0.420341071145105	0.225328718327435
1	3.47992365154558	0.11139301938633
1	2.13723221294091	0.32444624065477
1	1.50185514701769	0.21416846891042
1	-0.14263730175095	0.235157326683518
1	3.0038066445694	0.123890394892202
1	1.28722956868309	0.131627519822685
1	-0.318752239915457	0.266138842715562
1	0.322131339588853	0.258501846741608
1	5.2616944108093	0.0760741525700985
1	8.82900430089372	0.0608572537177095
1	-2.30272827027497	0.2833931590942
1	7.22671133846696	0.388135246886863
1	-2.72650320743043	0.267011178621602
1	-0.46843181378382	0.253381839852665
1	-1.03217188205283	0.240602198504364
1	7.16723598287619	0.408833034701387
1	-0.111691247546562	0.233864462555867
1	-2.6259055099788	0.29804892598076
1	2.72434890377882	0.268275031358495
1	-0.875120443972189	0.135369293843141
1	1.17835308185305	0.142441004042221
1	-0.338855688886291	0.315097308549514
1	-1.42065506517047	0.213683032036426
1	7.97386728885544	0.112010300427318
1	2.22575254380213	0.321469588226373
1	3.04465045166932	0.0863069688753133
1	1.50293764620544	0.36465592884391
1	1.37353910564799	0.273077060466254
1	0.0804999982917752	0.252010828518105
1	0.419282683854408	0.168317402580952
1	-1.77964448430797	0.213888475832849
1	-2.97491361983617	0.23122562411091
1	1.51608146727065	0.114113643577994
1	2.03166462183689	0.241922517037636
1	5.25153152901144	0.0754186858030856
1	-0.990726377760774	0.149619998605962
1	6.71007762971618	0.125779289278544
1	2.51754568958693	0.152197893898386
1	5.14228240478092	0.37585103568378
1	2.22102915390564	0.211361308495038
1	4.59494068903147	0.333667872672246
1	3.97686449291997	0.370546471960862
1	4.68391143616397	0.199227340470408
1	6.33941544000246	0.0712163678143218
1	-1.87467214629883	0.17077642647788
1	1.51311956696982	0.313051102691986
1	1.36435275540902	0.171556199839329
1	5.22823915846488	0.278855856452727
1	4.38826261422772	0.355886346232635
1	5.47986906477806	0.361572779075781
1	0.270595138764477	0.191251319259123
1	-0.153860075129734	0.187269563726936
1	5.56012300122196	0.37597978226263
1	2.32505263054526	0.283950280679964
1	6.24277095251061	0.319410210196083
1	2.45398224816271	0.26965374562276
1	8.26490907575558	0.378778154773352
1	-0.930945882161437	0.155473945575644
1	5.39932265096741	0.117922558486977
1	5.81624554422744	0.372683645323515
1	-2.93409858024638	0.232287819286336
1	6.16025155235434	0.369241320210258
1	3.16011254647495	0.117165269175207
1	5.32739330739337	0.325649008772593
1	0.282227101930624	0.313334358117581
1	6.22767820949219	0.393672349343478
1	-1.77049189360083	0.248524692293568
1	1.25986883578969	0.308660124998393
1	1.24833832538136	0.190351954882896
1	4.27138506427479	0.0847991553897399
1	8.23388103279801	0.387654041466394
1	-0.724592211437589	0.151626953045643
1	-1.80064293010617	0.264255653577369
1	8.34779430816257	0.0882759566999864
1	2.14232647054823	0.355846943536037
1	2.01688935116643	0.164354615424639
1	2.11802353590613	0.334718316910192
1	0.72659511272592	0.161338440517723
1	0.955969342031826	0.204121996393907
1	-1.48018317295949	0.284672586621032
1	9.18937119752268	0.419246736830003
1	3.86278767333421	0.135725454520836
1	4.07277951095575	0.415306836128801
1	8.09335750718966	0.433880746565345
1	2.40746289272958	0.319963746886682
1	1.75169841125618	0.307249396924632
1	6.30234904471344	0.079586819860247
1	6.13579655870498	0.137448046662053
1	4.54584570886809	0.125642988693643
1	0.0167104651076917	0.330487581071809
1	-3.94584964160729	0.208929369658036
1	4.87117994637236	0.36372179014555
1	-0.0896766524990942	0.254514040317018
1	1.67250081881448	0.34276529334778
1	10.5986502421001	0.452833972758132
1	2.16053848443678	0.20729670849322
1	3.95893327242985	0.366773114415836
1	8.64082570944673	0.429879876985449
1	4.54730201138831	0.139923177679061
1	0.977307494202632	0.316302372526169
1	1.06882011005263	0.10517656855256
1	3.19035531022509	0.162025450076889
1	0.354662517959042	0.209736111408154
1	8.21281182966493	0.0601660470316946
1	-2.44353143268069	0.208240853033436
1	3.96386746052535	0.403790298409762
1	1.75346706331009	0.191371067160155
1	2.72891950447322	0.248246251601206
1	0.15130527464686	0.295392012392373
1	0.776844952845669	0.252845505388937
1	3.43692809074676	0.129519784183161
1	1.10411931682987	0.386808726682049
1	0.19172838097893	0.323041212902712
1	2.32819553563234	0.37351262386216
1	5.41486842392824	0.0981092736824949
1	4.00172788958346	0.345210123566924
1	1.80975166297802	0.2198326860026
1	3.37918766093409	0.38422963038705
1	0.271837861555728	0.314450995243533
1	4.27576087797144	0.368975206006268
1	1.21458901003792	0.276720215393095
1	-1.34571426500243	0.267363460060867
1	1.5991827235065	0.371552875681173
1	8.90883706034136	0.0641552116744355
1	1.55573076680744	0.24629997815486
1	1.71821580999688	0.348662332381318
1	3.09945175602001	0.332778425362003
1	0.814243488014961	0.246456303258651
1	3.47294951502317	0.400386815646286
1	0.820190235673438	0.230596340080104
1	0.0858972810183634	0.153027182445508
1	9.50144070357534	0.0831553961761685
1	9.73618464349955	0.0947073572206269
1	0.480776128002462	0.181709107999819
1	-2.07576876510189	0.262915040725516
1	2.08428246714859	0.320448217035717
1	0.0423928969344883	0.218049258964823
1	10.9400305590002	0.421120009260056
1	1.45510443302963	0.172612547467975
1	1.43980085650073	0.239010822978136
1	1.06729994622673	0.188179082483935
1	-0.667118095738368	0.315980017209612
1	2.48559622194781	0.15833202810541
1	-3.59334622840611	0.246827747144037
1	5.4842791619212	0.362304938134708
1	6.52912929207117	0.0886000364034797
1	9.41640296883018	0.406049751638821
1	1.8833297538254	0.190858998373168
1	2.72801818624204	0.391651097593351
1	2.06766699685338	0.193913031343639
1	-0.873487412559177	0.188732964721958
1	-2.48713331053373	0.245947317088518
1	6.12039571806073	0.412822313842419
1	3.89217324849871	0.401642848732744
1	0.437893522890534	0.211291288480817
1	2.91732636838642	0.366723144872428
1	6.45903992462169	0.440278393307411
1	-0.983639680156443	0.229216858900689
1	1.35549236184546	0.340717181052595
1	2.71621453822414	0.215306118083504
1	-1.94906625013054	0.185352993487301
1	3.56726923576964	0.358603637004641
1	3.84800896785591	0.136130886796059
1	3.73079781533223	0.340158001942063
1	4.54384424690582	0.103626317705872
1	3.07197709478683	0.153304568443135
1	5.11454114811392	0.112299166464062
1	1.35550223140033	0.150953374637964
1	9.41913541980507	0.0784423855764536
1	3.04965937796903	0.31253606857134
1	6.49725403412085	0.406430126825624
1	5.97422921167153	0.367362791466704
1	4.29910421735747	0.37474416680831
1	-2.48117093495082	0.23748942575408
1	-0.855475425622786	0.219355012223477
1	1.02982585245596	0.380186218583
1	-0.550405438180211	0.297545918718912
1	-0.378911573341857	0.317526369961014
1	0.860069221105435	0.196526942812235
1	0.0782511233260432	0.163245159803128
1	9.05461057364169	0.453146162343731
1	-0.667633028420721	0.309006731362134
1	6.49555919214203	0.140350797171543
1	6.37854978133696	0.106708391062923
1	1.83758599419501	0.246656310742794
1	7.24258033035268	0.425613866010918
1	3.71548639175473	0.295069031358692
1	6.89111419736346	0.446519524810648
1	1.01091020763872	0.348453169638173
1	3.60354287504806	0.19794334971088
1	-1.13234192349842	0.227938433699608
1	4.04042233026464	0.114268365898055
1	7.74974825111187	0.0600405407152761
1	1.03288850154374	0.341941670222428
1	5.11043242136999	0.0961993812441908
1	1.09225002588568	0.233881792618155
1	0.351957938008793	0.311658363192955
1	7.69667328978609	0.452806895846987
1	2.68677664636076	0.253669059748005
1	-0.420341071145105	0.249156941157446
1	3.47992365154558	0.124393206144719
1	2.13723221294091	0.357694233732953
1	1.50185514701769	0.23693606206616
1	-0.14263730175095	0.259919624845515
1	3.0038066445694	0.138078286944331
1	1.28722956868309	0.146550720198864
1	-0.318752239915457	0.293845511924266
1	0.322131339588853	0.285482723519551
1	5.2616944108093	0.0857177621762064
1	8.82900430089372	0.069054704383264
1	-2.30272827027497	0.312739616024184
1	7.22671133846696	0.427436012390686
1	-2.72650320743043	0.294800751474598
1	-0.46843181378382	0.279876129724172
1	-1.03217188205283	0.265881957559035
1	7.16723598287619	0.450100842977065
1	-0.111691247546562	0.258503891594841
1	-2.6259055099788	0.328788213902082
1	2.72434890377882	0.296184716197036
1	-0.875120443972189	0.15064809886687
1	1.17835308185305	0.158391878784531
1	-0.338855688886291	0.347456812988862
1	-1.42065506517047	0.236404491030257
1	7.97386728885544	0.125069151339614
1	2.22575254380213	0.354434691041303
1	3.04465045166932	0.0969230682725658
1	1.50293764620544	0.401725305019639
1	1.37353910564799	0.301443112754848
1	0.0804999982917752	0.278374822439149
1	0.419282683854408	0.186727476497753
1	-1.77964448430797	0.236629459460829
1	-2.97491361983617	0.255614267503815
1	1.51608146727065	0.127372388603532
1	2.03166462183689	0.267327754382581
1	5.25153152901144	0.0850000022222212
1	-0.990726377760774	0.166253138984211
1	6.71007762971618	0.140146695010238
1	2.51754568958693	0.169076028106266
1	5.14228240478092	0.413984354256969
1	2.22102915390564	0.233862119294422
1	4.59494068903147	0.367792256250091
1	3.97686449291997	0.408175664014709
1	4.68391143616397	0.220574982906552
1	6.33941544000246	0.0803983111555752
1	-1.87467214629883	0.189420197117521
1	1.51311956696982	0.34521614313944
1	1.36435275540902	0.19027407731435
1	5.22823915846488	0.307771104576987
1	4.38826261422772	0.392122293046623
1	5.47986906477806	0.398349143866897
1	0.270595138764477	0.211840949534139
1	-0.153860075129734	0.207480782380911
1	5.56012300122196	0.414125336444263
1	2.32505263054526	0.31334968442717
1	6.24277095251061	0.352179597183539
1	2.45398224816271	0.297694458470297
1	8.26490907575558	0.417189656140717
1	-0.930945882161437	0.172663423866752
1	5.39932265096741	0.13154328898688
1	5.81624554422744	0.410515946591395
1	-2.93409858024638	0.256777409860691
1	6.16025155235434	0.406746475369911
1	3.16011254647495	0.130714029642357
1	5.32739330739337	0.359011308575417
1	0.282227101930624	0.345526318134532
1	6.22767820949219	0.433499341005474
1	-1.77049189360083	0.274557376457085
1	1.25986883578969	0.340407862833078
1	1.24833832538136	0.210856112825731
1	4.27138506427479	0.0952719576556911
1	8.23388103279801	0.426909074950322
1	-0.724592211437589	0.16845082710323
1	-1.80064293010617	0.291783351312623
1	8.34779430816257	0.0990791815670283
1	2.14232647054823	0.392079145660485
1	2.01688935116643	0.182388080406124
1	2.11802353590613	0.36894253090296
1	0.72659511272592	0.17754413671329
1	0.955969342031826	0.223927604339738
1	-1.48018317295949	0.311255915827071
1	9.18937119752268	0.457153460146177
1	3.86278767333421	0.149776012197381
1	4.07277951095575	0.452882046681748
1	8.09335750718966	0.473018810814287
1	2.40746289272958	0.349516559575777
1	1.75169841125618	0.335732393491902
1	6.30234904471344	0.0889137371936828
1	6.13579655870498	0.151643547402892
1	4.54584570886809	0.138845183337718
1	0.0167104651076917	0.360925894593291
1	-3.94584964160729	0.229139481604225
1	4.87117994637236	0.396956510307507
1	-0.0896766524990942	0.278559756578381
1	1.67250081881448	0.374236683241329
1	10.5986502421001	0.493566807247169
1	2.16053848443678	0.227369444384729
1	3.95893327242985	0.400264580373451
1	8.64082570944673	0.46868129840242
1	4.54730201138831	0.154326941923227
1	0.977307494202632	0.345547108331224
1	1.06882011005263	0.116656669162074
1	3.19035531022509	0.17828895291648
1	0.354662517959042	0.230014104554168
1	8.21281182966493	0.0678588536215767
1	-2.44353143268069	0.228393031527475
1	3.96386746052535	0.440396479656751
1	1.75346706331009	0.21010378111587
1	2.72891950447322	0.271764580977955
1	0.15130527464686	0.322877299979385
1	0.776844952845669	0.276750827090513
1	3.43692809074676	0.143048181765498
1	1.10411931682987	0.421986037458864
1	0.19172838097893	0.352852971017106
1	2.32819553563234	0.407571168426262
1	5.41486842392824	0.108994715028086
1	4.00172788958346	0.376887227381465
1	1.80975166297802	0.240960229326845
1	3.37918766093409	0.419189929770883
1	0.271837861555728	0.343539951691368
1	4.27576087797144	0.402651961270233
1	1.21458901003792	0.302634412872245
1	-1.34571426500243	0.292490357541804
1	1.5991827235065	0.405446522298861
1	8.90883706034136	0.0721836762145987
1	1.55573076680744	0.269654543381921
1	1.71821580999688	0.380629913385535
1	3.09945175602001	0.363409496056409
1	0.814243488014961	0.269824022057603
1	3.47294951502317	0.436706619631238
1	0.820190235673438	0.252629563261852
1	0.0858972810183634	0.168533549308091
1	9.50144070357534	0.0927825821419868
1	9.73618464349955	0.105306553096582
1	0.480776128002462	0.199628841369897
1	-2.07576876510189	0.287667637456843
1	2.08428246714859	0.350041794213562
1	0.0423928969344883	0.23902674042961
1	10.9400305590002	0.459184354244048
1	1.45510443302963	0.189766874258938
1	1.43980085650073	0.261752061079089
1	1.06729994622673	0.206643215137623
1	-0.667118095738368	0.345197629259567
1	2.48559622194781	0.174284757497551
1	-3.59334622840611	0.27022672012886
1	5.4842791619212	0.395420440945565
1	6.52912929207117	0.098685347551482
1	9.41640296883018	0.442846048739014
1	1.8833297538254	0.209548625624062
1	2.72801818624204	0.427235857157106
1	2.06766699685338	0.212859632306768
1	-0.873487412559177	0.207243702365252
1	-2.48713331053373	0.269272208561479
1	6.12039571806073	0.450188470687947
1	3.89217324849871	0.438068338375984
1	0.437893522890534	0.231700137982806
1	2.91732636838642	0.400210406271941
1	6.45903992462169	0.479954771009013
1	-0.983639680156443	0.251134009203375
1	1.35549236184546	0.372016237829685
1	2.71621453822414	0.236052785047508
1	-1.94906625013054	0.203579332185392
1	3.56726923576964	0.39140770339661
1	3.84800896785591	0.150215558523707
1	3.73079781533223	0.371410008037898
1	4.54384424690582	0.114975976463965
1	3.07197709478683	0.168834275233682
1	5.11454114811392	0.124378579669009
1	1.35550223140033	0.166285246301602
1	9.41913541980507	0.0876730074444645
1	3.04965937796903	0.341463898462793
1	6.49725403412085	0.443258429612965
1	5.97422921167153	0.400903874275952
1	4.29910421735747	0.408906336371128
1	-2.48117093495082	0.260102649817127
1	-0.855475425622786	0.240442362921957
1	1.02982585245596	0.414806295529346
1	-0.550405438180211	0.325212441187763
1	-0.378911573341857	0.346874095867236
1	0.860069221105435	0.215693484601161
1	0.0782511233260432	0.179611291965726
1	9.05461057364169	0.493905265218705
1	-0.667633028420721	0.337637594294439
1	6.49555919214203	0.154790542352873
1	6.37854978133696	0.118317382919119
1	1.83758599419501	0.270040858654651
1	7.24258033035268	0.464056334958431
1	3.71548639175473	0.322527142541254
1	6.89111419736346	0.486721046394598
1	1.01091020763872	0.380403151183875
1	3.60354287504806	0.217229071398091
1	-1.13234192349842	0.249748014217386
1	4.04042233026464	0.126513472300677
1	7.74974825111187	0.0677227869004898
1	1.03288850154374	0.373343758476456
1	5.11043242136999	0.106924119626001
1	1.09225002588568	0.256191461713629
1	0.351957938008793	0.340512340833462
1	7.69667328978609	0.493537452019307
1	2.68677664636076	0.277643677302941
1	-0.420341071145105	0.272751898153551
1	3.47992365154558	0.137490241065836
1	2.13723221294091	0.390421780736656
1	1.50185514701769	0.259502724771659
1	-0.14263730175095	0.284420180048211
1	3.0038066445694	0.152326817625089
1	1.28722956868309	0.161512141881824
1	-0.318752239915457	0.321200673225771
1	0.322131339588853	0.312134219601404
1	5.2616944108093	0.095560551807571
1	8.82900430089372	0.0774954240764091
1	-2.30272827027497	0.34168457289006
1	7.22671133846696	0.466031801136633
1	-2.72650320743043	0.322236288939587
1	-0.46843181378382	0.306055873459368
1	-1.03217188205283	0.290884197840374
1	7.16723598287619	0.490603705323481
1	-0.111691247546562	0.282885323581619
1	-2.6259055099788	0.35908353856448
1	2.72434890377882	0.323736703797228
1	-0.875120443972189	0.165954283889626
1	1.17835308185305	0.174349644157404
1	-0.338855688886291	0.379322958679039
1	-1.42065506517047	0.258926426064598
1	7.97386728885544	0.138223061922414
1	2.22575254380213	0.38688797224835
1	3.04465045166932	0.107708699429266
1	1.50293764620544	0.43815773273406
1	1.37353910564799	0.329437554544935
1	0.0804999982917752	0.304428242552443
1	0.419282683854408	0.205069467516894
1	-1.77964448430797	0.259170323882409
1	-2.97491361983617	0.279752559538663
1	1.51608146727065	0.140720099134004
1	2.03166462183689	0.292451647501487
1	5.25153152901144	0.094782397797054
1	-0.990726377760774	0.182872369781945
1	6.71007762971618	0.154569266542634
1	2.51754568958693	0.185932783614419
1	5.14228240478092	0.451448287990297
1	2.22102915390564	0.256170133028909
1	4.59494068903147	0.401369475263738
1	3.97686449291997	0.445150840518104
1	4.68391143616397	0.241764984885576
1	6.33941544000246	0.0897935093270448
1	-1.87467214629883	0.20798876015483
1	1.51311956696982	0.376893753455355
1	1.36435275540902	0.208914487894271
1	5.22823915846488	0.336297998886495
1	4.38826261422772	0.427746700134156
1	5.47986906477806	0.434497493225613
1	0.270595138764477	0.232296048845056
1	-0.153860075129734	0.227569006694026
1	5.56012300122196	0.451601132759422
1	2.32505263054526	0.34234597392231
1	6.24277095251061	0.384443129345415
1	2.45398224816271	0.325373479432679
1	8.26490907575558	0.454923291718087
1	-0.930945882161437	0.189822031520818
1	5.39932265096741	0.145241949151894
1	5.81624554422744	0.447688040124574
1	-2.93409858024638	0.28101357150343
1	6.16025155235434	0.443601396488021
1	3.16011254647495	0.144342913922754
1	5.32739330739337	0.391849677438225
1	0.282227101930624	0.377230027323872
1	6.22767820949219	0.472605312869188
1	-1.77049189360083	0.300289587443054
1	1.25986883578969	0.37168089282791
1	1.24833832538136	0.23122834559678
1	4.27138506427479	0.105918660376245
1	8.23388103279801	0.465460525907033
1	-0.724592211437589	0.185254976688592
1	-1.80064293010617	0.318964997438384
1	8.34779430816257	0.11004623330518
1	2.14232647054823	0.427699922222711
1	2.01688935116643	0.200364944154767
1	2.11802353590613	0.402616536804795
1	0.72659511272592	0.193744758177717
1	0.955969342031826	0.243618052879711
1	-1.48018317295949	0.337516824090852
1	9.18937119752268	0.49439149509917
1	3.86278767333421	0.16388739890357
1	4.07277951095575	0.489798706474112
1	8.09335750718966	0.511450532508654
1	2.40746289272958	0.378656145034575
1	1.75169841125618	0.363834877619667
1	6.30234904471344	0.0984459316562521
1	6.13579655870498	0.165895444839698
1	4.54584570886809	0.152134149805303
1	0.0167104651076917	0.390923902423154
1	-3.94584964160729	0.249222064482632
1	4.87117994637236	0.429665411149525
1	-0.0896766524990942	0.302360651659634
1	1.67250081881448	0.405236176147618
1	10.5986502421001	0.533544531385277
1	2.16053848443678	0.247318852144298
1	3.95893327242985	0.433222375769384
1	8.64082570944673	0.506786671744021
1	4.54730201138831	0.168780734201679
1	0.977307494202632	0.374388037843471
1	1.06882011005263	0.128276202930924
1	3.19035531022509	0.194545613307818
1	0.354662517959042	0.250162492837126
1	8.21281182966493	0.0758069081626947
1	-2.44353143268069	0.248419452548615
1	3.96386746052535	0.476373742890662
1	1.75346706331009	0.228754144577194
1	2.72891950447322	0.295054216573729
1	0.15130527464686	0.350012584893845
1	0.776844952845669	0.300415620853181
1	3.43692809074676	0.156653375942272
1	1.10411931682987	0.456578124832868
1	0.19172838097893	0.382243583395169
1	2.32819553563234	0.441078701263602
1	5.41486842392824	0.120037774109798
1	4.00172788958346	0.408086143512849
1	1.80975166297802	0.261932188691457
1	3.37918766093409	0.453571641922528
1	0.271837861555728	0.372229865552025
1	4.27576087797144	0.435789379857782
1	1.21458901003792	0.328246651340875
1	-1.34571426500243	0.317339371509129
1	1.5991827235065	0.438794199740286
1	8.90883706034136	0.0804571243443033
1	1.55573076680744	0.292785422707198
1	1.71821580999688	0.412110423964697
1	3.09945175602001	0.393594366578398
1	0.814243488014961	0.292967652720834
1	3.47294951502317	0.472406262969938
1	0.820190235673438	0.274479506951567
1	0.0858972810183634	0.184056226808808
1	9.50144070357534	0.102605863074425
1	9.73618464349955	0.116072120045294
1	0.480776128002462	0.217491085050384
1	-2.07576876510189	0.31215379672633
1	2.08428246714859	0.379220897590139
1	0.0423928969344883	0.259853226800305
1	10.9400305590002	0.496575190821693
1	1.45510443302963	0.206887117360272
1	1.43980085650073	0.284288368715019
1	1.06729994622673	0.225033210466386
1	-0.667118095738368	0.374012264456425
1	2.48559622194781	0.190240147839368
1	-3.59334622840611	0.293400649230397
1	5.4842791619212	0.428013770082328
1	6.52912929207117	0.108952744277775
1	9.41640296883018	0.479007614116429
1	1.8833297538254	0.228157219964499
1	2.72801818624204	0.462222933605066
1	2.06766699685338	0.231717342148049
1	-0.873487412559177	0.225678877511152
1	-2.48713331053373	0.292374321550891
1	6.12039571806073	0.486902469598875
1	3.89217324849871	0.473870435523936
1	0.437893522890534	0.251975381057151
1	2.91732636838642	0.433164125684428
1	6.45903992462169	0.518908344624357
1	-0.983639680156443	0.272871429502467
1	1.35549236184546	0.402848667536221
1	2.71621453822414	0.256655515184678
1	-1.94906625013054	0.22173880525633
1	3.56726923576964	0.423699119785965
1	3.84800896785591	0.164360016079254
1	3.73079781533223	0.402196825864822
1	4.54384424690582	0.126469057270507
1	3.07197709478683	0.184379578931429
1	5.11454114811392	0.136579099158441
1	1.35550223140033	0.181638764636186
1	9.41913541980507	0.0971118511401802
1	3.04965937796903	0.369997612989116
1	6.49725403412085	0.479451021949187
1	5.97422921167153	0.433909769248832
1	4.29910421735747	0.442514325372763
1	-2.48117093495082	0.282514858062148
1	-0.855475425622786	0.261375358744303
1	1.02982585245596	0.448858189186423
1	-0.550405438180211	0.352523418852921
1	-0.378911573341857	0.375814866061283
1	0.860069221105435	0.234764409516069
1	0.0782511233260432	0.195967443293237
1	9.05461057364169	0.53390845446008
1	-0.667633028420721	0.365883423059535
1	6.49555919214203	0.169279215277693
1	6.37854978133696	0.130061866462763
1	1.83758599419501	0.293200803799443
1	7.24258033035268	0.501813732534609
1	3.71548639175473	0.349636082100983
1	6.89111419736346	0.526183705083774
1	1.01091020763872	0.4118666004929
1	3.60354287504806	0.236415531710739
1	-1.13234192349842	0.271381154196869
1	4.04042233026464	0.138874618118641
1	7.74974825111187	0.0756606039722759
1	1.03288850154374	0.404276068975298
1	5.11043242136999	0.117811390012592
1	1.09225002588568	0.278309397649148
1	0.351957938008793	0.368974461497818
1	7.69667328978609	0.533512967511225
1	2.68677664636076	0.301375647863834
1	-0.420341071145105	0.296115818109418
1	3.47992365154558	0.150677263576486
1	2.13723221294091	0.422639017687319
1	1.50185514701769	0.281869795497342
1	-0.14263730175095	0.308662005175141
1	3.0038066445694	0.166630123355482
1	1.28722956868309	0.176506538531658
1	-0.318752239915457	0.348209811093885
1	0.322131339588853	0.338461210209803
1	5.2616944108093	0.105592843282992
1	8.82900430089372	0.0861685206682749
1	-2.30272827027497	0.370234890650909
1	7.22671133846696	0.503937830018496
1	-2.72650320743043	0.349323345082097
1	-0.46843181378382	0.331925537825756
1	-1.03217188205283	0.315612366603566
1	7.16723598287619	0.530358489827058
1	-0.111691247546562	0.30701166825984
1	-2.6259055099788	0.38894293010968
1	2.72434890377882	0.350936649050076
1	-0.875120443972189	0.181282901076335
1	1.17835308185305	0.190309916480538
1	-0.338855688886291	0.410705135818408
1	-1.42065506517047	0.28125013688352
1	7.97386728885544	0.151465220846914
1	2.22575254380213	0.41883933040268
1	3.04465045166932	0.11865500050029
1	1.50293764620544	0.473966555788185
1	1.37353910564799	0.357066423815565
1	0.0804999982917752	0.330175446251299
1	0.419282683854408	0.223341056281036
1	-1.77964448430797	0.281512385231204
1	-2.97491361983617	0.303643199442363
1	1.51608146727065	0.154150131637509
1	2.03166462183689	0.31729774897965
1	5.25153152901144	0.104756142055679
1	-0.990726377760774	0.199473880032383
1	6.71007762971618	0.169041290985716
1	2.51754568958693	0.202764555110975
1	5.14228240478092	0.488257073788816
1	2.22102915390564	0.278286464224092
1	4.59494068903147	0.434410401402177
1	3.97686449291997	0.481485815197707
1	4.68391143616397	0.262797492930177
1	6.33941544000246	0.0993918966115058
1	-1.87467214629883	0.226479992404262
1	1.51311956696982	0.40809316059939
1	1.36435275540902	0.227475370600967
1	5.22823915846488	0.364443038371183
1	4.38826261422772	0.462772211691518
1	5.47986906477806	0.470030924990703
1	0.270595138764477	0.252616127417222
1	-0.153860075129734	0.247533429241964
1	5.56012300122196	0.488421418384085
1	2.32505263054526	0.370946054569555
1	6.24277095251061	0.416210540947348
1	2.45398224816271	0.352696573389613
1	8.26490907575558	0.491993531925201
1	-0.930945882161437	0.206946424577206
1	5.39932265096741	0.159012199311204
1	5.81624554422744	0.484213910145466
1	-2.93409858024638	0.304999088179446
1	6.16025155235434	0.479819793171089
1	3.16011254647495	0.158045521931853
1	5.32739330739337	0.424174347334833
1	0.282227101930624	0.408454735242324
1	6.22767820949219	0.51100592355788
1	-1.77049189360083	0.325725404533789
1	1.25986883578969	0.402488091646659
1	1.24833832538136	0.251468091673443
1	4.27138506427479	0.116730281418517
1	8.23388103279801	0.503323572841537
1	-0.724592211437589	0.202035750942321
1	-1.80064293010617	0.345805926194627
1	8.34779430816257	0.121168407147854
1	2.14232647054823	0.462721914275597
1	2.01688935116643	0.218282571176787
1	2.11802353590613	0.435751290105228
1	0.72659511272592	0.209936286372647
1	0.955969342031826	0.263192357392237
1	-1.48018317295949	0.363460038886977
1	9.18937119752268	0.530975112240649
1	3.86278767333421	0.178053779803498
1	4.07277951095575	0.526070806666783
1	8.09335750718966	0.549191219943856
1	2.40746289272958	0.407389733345062
1	1.75169841125618	0.39156317777529
1	6.30234904471344	0.10817358744456
1	6.13579655870498	0.180198026291003
1	4.54584570886809	0.16550333828107
1	0.0167104651076917	0.420489580921628
1	-3.94584964160729	0.269176474577659
1	4.87117994637236	0.461858825774328
1	-0.0896766524990942	0.325919314397823
1	1.67250081881448	0.435772619078146
1	10.5986502421001	0.572783797500862
1	2.16053848443678	0.267144172279177
1	3.95893327242985	0.46565705008538
1	8.64082570944673	0.544211021591393
1	4.54730201138831	0.18327901735229
1	0.977307494202632	0.402832131505302
1	1.06882011005263	0.140027168705437
1	3.19035531022509	0.210791461430559
1	0.354662517959042	0.270180689750027
1	8.21281182966493	0.0839990176634535
1	-2.44353143268069	0.268319423556374
1	3.96386746052535	0.511735262598406
1	1.75346706331009	0.247320268713968
1	2.72891950447322	0.318117302756923
1	0.15130527464686	0.376803354758614
1	0.776844952845669	0.323842357192916
1	3.43692809074676	0.17032909181394
1	1.10411931682987	0.490596959074206
1	0.19172838097893	0.411220498351701
1	2.32819553563234	0.474046249775778
1	5.41486842392824	0.131229948609805
1	4.00172788958346	0.438815892343191
1	1.80975166297802	0.282748693569357
1	3.37918766093409	0.487386554220287
1	0.271837861555728	0.400527575980897
1	4.27576087797144	0.46839816740791
1	1.21458901003792	0.353561094345883
1	-1.34571426500243	0.341914001992733
1	1.5991827235065	0.471606796435126
1	8.90883706034136	0.0889646459561898
1	1.55573076680744	0.315694622482705
1	1.71821580999688	0.443113129307922
1	3.09945175602001	0.42334117573919
1	0.814243488014961	0.31588921268586
1	3.47294951502317	0.507498678797607
1	0.820190235673438	0.296147063906802
1	0.0858972810183634	0.199590607031805
1	9.50144070357534	0.112615676229082
1	9.73618464349955	0.126995314508323
1	0.480776128002462	0.23529326505115
1	-2.07576876510189	0.336376703112434
1	2.08428246714859	0.407992791602739
1	0.0423928969344883	0.2805287210814
1	10.9400305590002	0.533306922384309
1	1.45510443302963	0.223970057716074
1	1.43980085650073	0.306621235340976
1	1.06729994622673	0.243346953286374
1	-0.667118095738368	0.402430870383346
1	2.48559622194781	0.206193967398327
1	-3.59334622840611	0.316351578226423
1	5.4842791619212	0.460095158174281
1	6.52912929207117	0.119393049934553
1	9.41640296883018	0.514547782482925
1	1.8833297538254	0.246682856251908
1	2.72801818624204	0.496624640595158
1	2.06766699685338	0.250484452296013
1	-0.873487412559177	0.24403641425334
1	-2.48713331053373	0.315255637400462
1	6.12039571806073	0.522978125550791
1	3.89217324849871	0.509062162381088
1	0.437893522890534	0.272116541479357
1	2.91732636838642	0.465594849048135
1	6.45903992462169	0.557154876126145
1	-0.983639680156443	0.294429914732159
1	1.35549236184546	0.433223171945603
1	2.71621453822414	0.277114116974742
1	-1.94906625013054	0.239829097109388
1	3.56726923576964	0.455487856331064
1	3.84800896785591	0.178558453377276
1	3.73079781533223	0.432527117543082
1	4.54384424690582	0.138097449038649
1	3.07197709478683	0.199935891290837
1	5.11454114811392	0.148893228864547
1	1.35550223140033	0.197009174665614
1	9.41913541980507	0.106749019704765
1	3.04965937796903	0.398143915512217
1	6.49725403412085	0.515021265519751
1	5.97422921167153	0.466391067682947
1	4.29910421735747	0.4755792485474
1	-2.48117093495082	0.304727432057121
1	-0.855475425622786	0.282154095290085
1	1.02982585245596	0.48235340020146
1	-0.550405438180211	0.379484492077534
1	-0.378911573341857	0.404355737783063
1	0.860069221105435	0.25373819434619
1	0.0782511233260432	0.212309730458778
1	9.05461057364169	0.57317240453461
1	-0.667633028420721	0.393750670742907
1	6.49555919214203	0.183811309107722
1	6.37854978133696	0.141933949166542
1	1.83758599419501	0.316138177797849
1	7.24258033035268	0.538900780804315
1	3.71548639175473	0.376401314757136
1	6.89111419736346	0.564923705429182
1	1.01091020763872	0.442852767921977
1	3.60354287504806	0.255501307879931
1	-1.13234192349842	0.29283855791509
1	4.04042233026464	0.151344446926271
1	7.74974825111187	0.0838427900389911
1	1.03288850154374	0.434747390324742
1	5.11043242136999	0.128852554649647
1	1.09225002588568	0.300236726164056
1	0.351957938008793	0.397051366307078
1	7.69667328978609	0.572750092731041
1	2.68677664636076	0.324867500347496
1	-0.420341071145105	0.31925090997331
1	3.47992365154558	0.163947635235323
1	2.13723221294091	0.454355850254649
1	1.50185514701769	0.304038616570422
1	-0.14263730175095	0.332648072390384
1	3.0038066445694	0.180982536146367
1	1.28722956868309	0.191528842966164
1	-0.318752239915457	0.374878303484249
1	0.322131339588853	0.364468480268708
1	5.2616944108093	0.115805255563514
1	8.82900430089372	0.0950634314899697
1	-2.30272827027497	0.398397287102833
1	7.22671133846696	0.541168950315279
1	-2.72650320743043	0.376067365596814
1	-0.46843181378382	0.357489510166064
1	-1.03217188205283	0.340069858820492
1	7.16723598287619	0.569381655001359
1	-0.111691247546562	0.330885797399476
1	-2.6259055099788	0.418374244390432
1	2.72434890377882	0.377790095791566
1	-0.875120443972189	0.196629173802828
1	1.17835308185305	0.206268468265601
1	-0.338855688886291	0.441612524108908
1	-1.42065506517047	0.303376928118861
1	7.97386728885544	0.164789037605169
1	2.22575254380213	0.450298440029555
1	3.04465045166932	0.129753385050249
1	1.50293764620544	0.509164802233736
1	1.37353910564799	0.384335637292194
1	0.0804999982917752	0.355620714416013
1	0.419282683854408	0.241540024668371
1	-1.77964448430797	0.303656964092271
1	-2.97491361983617	0.327288854072536
1	1.51608146727065	0.167656058935915
1	2.03166462183689	0.341869556314956
1	5.25153152901144	0.114911803060523
1	-0.990726377760774	0.216053999713927
1	6.71007762971618	0.183557247027675
1	2.51754568958693	0.2195678727543
1	5.14228240478092	0.524424609032061
1	2.22102915390564	0.300212237224217
1	4.59494068903147	0.46692565641771
1	3.97686449291997	0.517194073520523
1	4.68391143616397	0.283672689151886
1	6.33941544000246	0.109183714750969
1	-1.87467214629883	0.244891866693313
1	1.51311956696982	0.438823385380524
1	1.36435275540902	0.245954758813271
1	5.22823915846488	0.392212588494345
1	4.38826261422772	0.497211174790591
1	5.47986906477806	0.504962227799663
1	0.270595138764477	0.272800748004339
1	-0.153860075129734	0.267373303585235
1	5.56012300122196	0.524600100695277
1	2.32505263054526	0.399156687426879
1	6.24277095251061	0.447491346598787
1	2.45398224816271	0.379669391237666
1	8.26490907575558	0.528414501439651
1	-0.930945882161437	0.22403338758782
1	5.39932265096741	0.172847908058368
1	5.81624554422744	0.520107208077889
1	-2.93409858024638	0.328736709228451
1	6.16025155235434	0.515415049537851
1	3.16011254647495	0.171815663457818
1	5.32739330739337	0.455995317332873
1	0.282227101930624	0.439209484694357
1	6.22767820949219	0.548716454320293
1	-1.77049189360083	0.350868837902462
1	1.25986883578969	0.432838139127996
1	1.24833832538136	0.27157484397155
1	4.27138506427479	0.127698117261663
1	8.23388103279801	0.540513029666044
1	-0.724592211437589	0.218789635687807
1	-1.80064293010617	0.372311369302684
1	8.34779430816257	0.132437269556447
1	2.14232647054823	0.497157465831309
1	2.01688935116643	0.236138435630126
1	2.11802353590613	0.468357494126163
1	0.72659511272592	0.226114848894853
1	0.955969342031826	0.282649598595118
1	-1.48018317295949	0.389090200911532
1	9.18937119752268	0.566918241203645
1	3.86278767333421	0.192269514565913
1	4.07277951095575	0.561712004942428
1	8.09335750718966	0.586255812860687
1	2.40746289272958	0.435724401164182
1	1.75169841125618	0.418923493011847
1	6.30234904471344	0.118087189276358
1	6.13579655870498	0.194545770326916
1	4.54584570886809	0.17894641249484
1	0.0167104651076917	0.449630733149889
1	-3.94584964160729	0.28900212443448
1	4.87117994637236	0.493546851223564
1	-0.0896766524990942	0.349238303805188
1	1.67250081881448	0.465854662559186
1	10.5986502421001	0.61130085357499
1	2.16053848443678	0.286844704640638
1	3.95893327242985	0.497578910979752
1	8.64082570944673	0.580969011526609
1	4.54730201138831	0.19781644079028
1	0.977307494202632	0.430886213248489
1	1.06882011005263	0.15190181752744
1	3.19035531022509	0.227022672302089
1	0.354662517959042	0.290068163523135
1	8.21281182966493	0.0924243263290757
1	-2.44353143268069	0.288092309571291
1	3.96386746052535	0.546493901537378
1	1.75346706331009	0.265800354115249
1	2.72891950447322	0.3409559659077
1	0.15130527464686	0.403254990174659
1	0.776844952845669	0.347033479951878
1	3.43692809074676	0.18406926070487
1	1.10411931682987	0.524054230792812
1	0.19172838097893	0.439791004964737
1	2.32819553563234	0.50648458681355
1	5.41486842392824	0.142563001752207
1	4.00172788958346	0.469085293152373
1	1.80975166297802	0.303409909103586
1	3.37918766093409	0.520646179252808
1	0.271837861555728	0.428439779119042
1	4.27576087797144	0.500488783577588
1	1.21458901003792	0.37858183367352
1	-1.34571426500243	0.366217694931873
1	1.5991827235065	0.503894949963162
1	8.90883706034136	0.0976956606062726
1	1.55573076680744	0.338384134747713
1	1.71821580999688	0.473647086982685
1	3.09945175602001	0.452657884724742
1	0.814243488014961	0.338590704782244
1	3.47294951502317	0.541996494947353
1	0.820190235673438	0.317633142228317
1	0.0858972810183634	0.21513224389197
1	9.50144070357534	0.122802752643526
1	9.73618464349955	0.138067664893589
1	0.480776128002462	0.253032915047664
1	-2.07576876510189	0.360339495503716
1	2.08428246714859	0.436364586348702
1	0.0423928969344883	0.301053265315464
1	10.9400305590002	0.569393607866947
1	1.45510443302963	0.241012601114681
1	1.43980085650073	0.328752149864664
1	1.06729994622673	0.261582423860938
1	-0.667118095738368	0.43046024872163
1	2.48559622194781	0.222142136254563
1	-3.59334622840611	0.339081535585293
1	5.4842791619212	0.491674604465322
1	6.52912929207117	0.129997371373905
1	9.41640296883018	0.549479572553925
1	1.8833297538254	0.265123699729965
1	2.72801818624204	0.530453002980392
1	2.06766699685338	0.269159338797967
1	-0.873487412559177	0.262314331086711
1	-2.48713331053373	0.337918123807146
1	6.12039571806073	0.558428924733018
1	3.89217324849871	0.543656233477821
1	0.437893522890534	0.292123194825279
1	2.91732636838642	0.497512880572243
1	6.45903992462169	0.594709746850656
1	-0.983639680156443	0.315810277774971
1	1.35549236184546	0.463148260213821
1	2.71621453822414	0.297428443115861
1	-1.94906625013054	0.257847992938043
1	3.56726923576964	0.486783656794698
1	3.84800896785591	0.19280525807135
1	3.73079781533223	0.462409353631512
1	4.54384424690582	0.14985329580466
1	3.07197709478683	0.215498785373271
1	5.11454114811392	0.16131371146416
1	1.35550223140033	0.212391887160864
1	9.41913541980507	0.116574918861764
1	3.04965937796903	0.425909369995965
1	6.49725403412085	0.549982205295353
1	5.97422921167153	0.498358117938876
1	4.29910421735747	0.508111963752652
1	-2.48117093495082	0.326741755695802
1	-0.855475425622786	0.302778704731064
1	1.02982585245596	0.515303162067921
1	-0.550405438180211	0.406101190135249
1	-0.378911573341857	0.432503619450371
1	0.860069221105435	0.27261339556322
1	0.0782511233260432	0.228634412669801
1	9.05461057364169	0.611713384972145
1	-0.667633028420721	0.421245657697068
1	6.49555919214203	0.198381502774477
1	6.37854978133696	0.153925987805835
1	1.83758599419501	0.338854997284881
1	7.24258033035268	0.575331848889598
1	3.71548639175473	0.402828198817018
1	6.89111419736346	0.602956859559171
1	1.01091020763872	0.47337069660119
1	3.60354287504806	0.27448505414439
1	-1.13234192349842	0.314120950011688
1	4.04042233026464	0.163915837323751
1	7.74974825111187	0.0922584806428252
1	1.03288850154374	0.464766316200742
1	5.11043242136999	0.140039244931562
1	1.09225002588568	0.321974582136406
1	0.351957938008793	0.424749558641781
1	7.69667328978609	0.611265073790844
1	2.68677664636076	0.348121735441656
1	-0.420341071145105	0.34215936298544
1	3.47992365154558	0.177294933506333
1	2.13723221294091	0.485581959430171
1	1.50185514701769	0.32601053368891
1	-0.14263730175095	0.356381313824893
1	3.0038066445694	0.195378578069982
1	1.28722956868309	0.206574162064529
1	-0.318752239915457	0.401211424251134
1	0.322131339588853	0.390160726393643
1	5.2616944108093	0.126188696553187
1	8.82900430089372	0.104169914283398
1	-2.30272827027497	0.426178340259492
1	7.22671133846696	0.577739656922094
1	-2.72650320743043	0.40247369027311
1	-0.46843181378382	0.382752100102502
1	-1.03217188205283	0.36426001817018
1	7.16723598287619	0.607689260174056
1	-0.111691247546562	0.354510545410953
1	-2.6259055099788	0.447385167169646
1	2.72434890377882	0.404302479338784
1	-0.875120443972189	0.211988491768523
1	1.17835308185305	0.222221223723901
1	-0.338855688886291	0.47205409790743
1	-1.42065506517047	0.325308108777113
1	7.97386728885544	0.178188136318065
1	2.22575254380213	0.481274757131628
1	3.04465045166932	0.140995534425799
1	1.50293764620544	0.543765192292612
1	1.37353910564799	0.411250993251021
1	0.0804999982917752	0.380768253041551
1	0.419282683854408	0.259664252745622
1	-1.77964448430797	0.325605385000475
1	-2.97491361983617	0.350692158384246
1	1.51608146727065	0.181231664130311
1	2.03166462183689	0.366170512982093
1	5.25153152901144	0.125240239172485
1	-0.990726377760774	0.232609195658813
1	6.71007762971618	0.198111799511942
1	2.51754568958693	0.236339398225632
1	5.14228240478092	0.559964460118816
1	2.22102915390564	0.321948585549393
1	4.59494068903147	0.498925618314585
1	3.97686449291997	0.552288780942384
1	4.68391143616397	0.304390789930548
1	6.33941544000246	0.119159504476106
1	-1.87467214629883	0.263222448952872
1	1.51311956696982	0.469093247494141
1	1.36435275540902	0.264350777400873
1	5.22823915846488	0.419612884319759
1	4.38826261422772	0.531075646808496
1	5.47986906477806	0.539303888835967
1	0.270595138764477	0.292849524122439
1	-0.153860075129734	0.287087942280751
1	5.56012300122196	0.560150755823033
1	2.32505263054526	0.426984492617718
1	6.24277095251061	0.478294846645266
1	2.45398224816271	0.406297472503395
1	8.26490907575558	0.564199987905144
1	-0.930945882161437	0.241079829852722
1	5.39932265096741	0.186743146389515
1	5.81624554422744	0.555381260914917
1	-2.93409858024638	0.352229149891031
1	6.16025155235434	0.550400232394855
1	3.16011254647495	0.185647352257423
1	5.32739330739337	0.487322359334534
1	0.282227101930624	0.46950311678508
1	6.22767820949219	0.585751818570824
1	-1.77049189360083	0.37572383004607
1	1.25986883578969	0.462739523077321
1	1.24833832538136	0.291548148029096
1	4.27138506427479	0.138813735284966
1	8.23388103279801	0.57704335490398
1	-0.724592211437589	0.235513249451993
1	-1.80064293010617	0.398486458276862
1	8.34779430816257	0.143844650702637
1	2.14232647054823	0.531018631288734
1	2.01688935116643	0.253930118056104
1	2.11802353590613	0.500445606269179
1	0.72659511272592	0.242276715251671
1	0.955969342031826	0.301988920446118
1	-1.48018317295949	0.414411865983782
1	9.18937119752268	0.602234479288805
1	3.86278767333421	0.206529151867395
1	4.07277951095575	0.596735633896038
1	8.09335750718966	0.622658891758473
1	2.40746289272958	0.463667075378512
1	1.75169841125618	0.445921895991248
1	6.30234904471344	0.128177514105206
1	6.13579655870498	0.208933341357871
1	4.54584570886809	0.192457243723956
1	0.0167104651076917	0.47835499304747
1	-3.94584964160729	0.308698480998418
1	4.87117994637236	0.524739354306021
1	-0.0896766524990942	0.372320149472815
1	1.67250081881448	0.495490765419053
1	10.5986502421001	0.64911155349598
1	2.16053848443678	0.306419806482241
1	3.95893327242985	0.528998030267165
1	8.64082570944673	0.617074953247089
1	4.54730201138831	0.212387835219916
1	0.977307494202632	0.458556963966985
1	1.06882011005263	0.163892645620029
1	3.19035531022509	0.243235561587077
1	0.354662517959042	0.309824435303417
1	8.21281182966493	0.101072306311602
1	-2.44353143268069	0.307737531280099
1	3.96386746052535	0.580662218553962
1	1.75346706331009	0.284192688056525
1	2.72891950447322	0.363572314510308
1	0.15130527464686	0.42937276715519
1	0.776844952845669	0.369991406619181
1	3.43692809074676	0.197868014358285
1	1.10411931682987	0.556961357913394
1	0.19172838097893	0.467962236883086
1	2.32819553563234	0.53840423699139
1	5.41486842392824	0.154028954937743
1	4.00172788958346	0.498902969026756
1	1.80975166297802	0.32391603478826
1	3.37918766093409	0.553361761665973
1	0.271837861555728	0.455973031474018
1	4.27576087797144	0.53207144813092
1	1.21458901003792	0.403312890856068
1	-1.34571426500243	0.390253843217083
1	1.5991827235065	0.535669053271477
1	8.90883706034136	0.10663990846209
1	1.55573076680744	0.360855937224395
1	1.71821580999688	0.503721152014999
1	3.09945175602001	0.481552281386954
1	0.814243488014961	0.361074117234995
1	3.47294951502317	0.575912041599607
1	0.820190235673438	0.338938664575696
1	0.0858972810183634	0.230676848497531
1	9.50144070357534	0.133158109029224
1	9.73618464349955	0.149280964041117
1	0.480776128002462	0.270707673168282
1	-2.07576876510189	0.384045267919785
1	2.08428246714859	0.464343241264151
1	0.0423928969344883	0.321426939175515
1	10.9400305590002	0.604848970427694
1	1.45510443302963	0.258011774524114
1	1.43980085650073	0.350682600280024
1	1.06729994622673	0.279737695009301
1	-0.667118095738368	0.458107058707508
1	2.48559622194781	0.238080721926977
1	-3.59334622840611	0.361592534487796
1	5.4842791619212	0.522761880571805
1	6.52912929207117	0.14075709111019
1	9.41640296883018	0.58381569497914
1	1.8833297538254	0.283478003270372
1	2.72801818624204	0.563719764024379
1	2.06766699685338	0.287740459713478
1	-0.873487412559177	0.280510738043548
1	-2.48713331053373	0.360363734799274
1	6.12039571806073	0.593268032815756
1	3.89217324849871	0.577665063382243
1	0.437893522890534	0.31199496672781
1	2.91732636838642	0.528928288714171
1	6.45903992462169	0.631587967128678
1	-0.983639680156443	0.337013348608845
1	1.35549236184546	0.492632253564981
1	2.71621453822414	0.317598388980748
1	-1.94906625013054	0.27579337568827
1	3.56726923576964	0.517596044118085
1	3.84800896785591	0.207095006077379
1	3.73079781533223	0.491851817785283
1	4.54384424690582	0.161728989636684
1	3.07197709478683	0.231063990923379
1	5.11454114811392	0.173833521718313
1	1.35550223140033	0.227782473899583
1	9.41913541980507	0.126580248674927
1	3.04965937796903	0.453300404291902
1	6.49725403412085	0.584346577481543
1	5.97422921167153	0.529821031449249
1	4.29910421735747	0.540123078345275
1	-2.48117093495082	0.348559214755736
1	-0.855475425622786	0.323249354468431
1	1.02982585245596	0.547718447771546
1	-0.550405438180211	0.43237893375135
1	-0.378911573341857	0.460265274192494
1	0.860069221105435	0.291388646844641
1	0.0782511233260432	0.244937887538234
1	9.05461057364169	0.649547270635734
1	-0.667633028420721	0.448374574651972
1	6.49555919214203	0.212984655712213
1	6.37854978133696	0.166030581520565
1	1.83758599419501	0.361353263923226
1	7.24258033035268	0.611120961872222
1	3.71548639175473	0.428921988594078
1	6.89111419736346	0.640298597120382
1	1.01091020763872	0.503429227503772
1	3.60354287504806	0.293365499344127
1	-1.13234192349842	0.335229074572492
1	4.04042233026464	0.176581896374493
1	7.74974825111187	0.100897139503568
1	1.03288850154374	0.494341250095777
1	5.11043242136999	0.151363353941291
1	1.09225002588568	0.343524108961769
1	0.351957938008793	0.452075407384069
1	7.69667328978609	0.649073762759768
1	2.68677664636076	0.371140825966647
1	-0.420341071145105	0.364843346815525
1	3.47992365154558	0.190712945699133
1	2.13723221294091	0.516326807056053
1	1.50185514701769	0.347786895452126
1	-0.14263730175095	0.379864622248656
1	3.0038066445694	0.209812955880004
1	1.28722956868309	0.221637771808232
1	-0.318752239915457	0.427214345504774
1	0.322131339588853	0.415542558833624
1	5.2616944108093	0.136734355118266
1	8.82900430089372	0.11347803839278
1	-2.30272827027497	0.453584491647946
1	7.22671133846696	0.613664097343193
1	-2.72650320743043	0.428547555399817
1	-0.46843181378382	0.407717541200203
1	-1.03217188205283	0.388186138007131
1	7.16723598287619	0.645296975605765
1	-0.111691247546562	0.377888709946988
1	-2.6259055099788	0.475983218213393
1	2.72434890377882	0.430479128963437
1	-0.875120443972189	0.227356406240848
1	1.17835308185305	0.238164254395457
1	-0.338855688886291	0.502038631246119
1	-1.42065506517047	0.347044991743535
1	7.97386728885544	0.191656349709182
1	2.22575254380213	0.511777524555852
1	3.04465045166932	0.152373390331439
1	1.50293764620544	0.577780146072819
1	1.37353910564799	0.437818174253701
1	0.0804999982917752	0.405622194826407
1	0.419282683854408	0.277711715804598
1	-1.77964448430797	0.347358975955774
1	-2.97491361983617	0.3738557158883
1	1.51608146727065	0.194870934689276
1	2.03166462183689	0.390204009472674
1	5.25153152901144	0.135732591034497
1	-0.990726377760774	0.249136067572667
1	6.71007762971618	0.21269979415999
1	2.51754568958693	0.253075920888861
1	5.14228240478092	0.594889870791978
1	2.22102915390564	0.343496651273423
1	4.59494068903147	0.530420427379397
1	3.97686449291997	0.586782790944277
1	4.68391143616397	0.324952044632141
1	6.33941544000246	0.129310097261229
1	-1.87467214629883	0.281469895387525
1	1.51311956696982	0.498911370431032
1	1.36435275540902	0.282661639937045
1	5.22823915846488	0.446650033560717
1	4.38826261422772	0.564377402666522
1	5.47986906477806	0.573068101377295
1	0.270595138764477	0.312762118333871
1	-0.153860075129734	0.306676714949235
1	5.56012300122196	0.59508663698226
1	2.32505263054526	0.454435952657105
1	6.24277095251061	0.508630132423295
1	2.45398224816271	0.432586247891854
1	8.26490907575558	0.59936345041557
1	-0.930945882161437	0.25808278175811
1	5.39932265096741	0.200692181998798
1	5.81624554422744	0.590049079371459
1	-2.93409858024638	0.375479091824726
1	6.16025155235434	0.584788099201807
1	3.16011254647495	0.199534800310309
1	5.32739330739337	0.518165023670801
1	0.282227101930624	0.499344275844662
1	6.22767820949219	0.622126571183735
1	-1.77049189360083	0.400294257184679
1	1.25986883578969	0.492200543936927
1	1.24833832538136	0.311387600241319
1	4.27138506427479	0.15006896626162
1	8.23388103279801	0.612928660656849
1	-0.724592211437589	0.252203339594096
1	-1.80064293010617	0.424336226679338
1	8.34779430816257	0.155382637151269
1	2.14232647054823	0.564317182670267
1	2.01688935116643	0.271655302200426
1	2.11802353590613	0.532025844103075
1	0.72659511272592	0.258418292750787
1	0.955969342031826	0.321209528102265
1	-1.48018317295949	0.439429506901814
1	9.18937119752268	0.6369370998296
1	3.86278767333421	0.220827424043217
1	4.07277951095575	0.631154709209554
1	8.09335750718966	0.658414686968148
1	2.40746289272958	0.491224536666992
1	1.75169841125618	0.472564335931958
1	6.30234904471344	0.138435623055823
1	6.13579655870498	0.223355584368806
1	4.54584570886809	0.206029904956429
1	0.0167104651076917	0.506669829504048
1	-3.94584964160729	0.328265063806775
1	4.87117994637236	0.555445977277009
1	-0.0896766524990942	0.395167351967472
1	1.67250081881448	0.524689199453787
1	10.5986502421001	0.68623136704928
1	2.16053848443678	0.325868890572697
1	3.95893327242985	0.559924249745612
1	8.64082570944673	0.652542815445153
1	4.54730201138831	0.22698820748841
1	0.977307494202632	0.485850924902553
1	1.06882011005263	0.175992387560725
1	3.19035531022509	0.2594265815205
1	0.354662517959042	0.329449077385405
1	8.21281182966493	0.10993274870582
1	-2.44353143268069	0.327254563194255
1	3.96386746052535	0.61425247620108
1	1.75346706331009	0.302495641842234
1	2.72891950447322	0.385968439246732
1	0.15130527464686	0.455161859499829
1	0.776844952845669	0.392718528647023
1	3.43692809074676	0.21171967928693
1	1.10411931682987	0.589329492471568
1	0.19172838097893	0.495741176037922
1	2.32819553563234	0.569815482840456
1	5.41486842392824	0.165620080575097
1	4.00172788958346	0.528277351643121
1	1.80975166297802	0.344267303187822
1	3.37918766093409	0.585544284834267
1	0.271837861555728	0.483133753215963
1	4.27576087797144	0.56315614687264
1	1.21458901003792	0.427758218642821
1	-1.34571426500243	0.414025787708552
1	1.5991827235065	0.566939260732642
1	8.90883706034136	0.115787441491596
1	1.55573076680744	0.383111993317331
1	1.71821580999688	0.533343981840349
1	3.09945175602001	0.510031984426268
1	0.814243488014961	0.383341423671645
1	3.47294951502317	0.609257358735048
1	0.820190235673438	0.360064567407244
1	0.0858972810183634	0.24622028463782
1	9.50144070357534	0.143673039879502
1	9.73618464349955	0.160627261889773
1	0.480776128002462	0.288315278869395
1	-2.07576876510189	0.407497070314503
1	2.08428246714859	0.491935568710166
1	0.0423928969344883	0.341649858598006
1	10.9400305590002	0.639686405903488
1	1.45510443302963	0.274964722527212
1	1.43980085650073	0.372414073314148
1	1.06729994622673	0.297810929294665
1	-0.667118095738368	0.485377820502176
1	2.48559622194781	0.254005935117601
1	-3.59334622840611	0.3838865728522
1	5.4842791619212	0.553366536093381
1	6.52912929207117	0.151663859691362
1	9.41640296883018	0.617568560069427
1	1.8833297538254	0.301744104690603
1	2.72801818624204	0.596436392431699
1	2.06766699685338	0.306226352579839
1	-0.873487412559177	0.298623833908422
1	-2.48713331053373	0.382594410719006
1	6.12039571806073	0.627508303004524
1	3.89217324849871	0.611100774213866
1	0.437893522890534	0.331731531182968
1	2.91732636838642	0.55985091200413
1	6.45903992462169	0.667804185668051
1	-0.983639680156443	0.35803997348031
1	1.35549236184546	0.521683289857926
1	2.71621453822414	0.337623891116957
1	-1.94906625013054	0.293663223109946
1	3.56726923576964	0.547934325852669
1	3.84800896785591	0.221422456244055
1	3.73079781533223	0.520862611295475
1	4.54384424690582	0.173717163732909
1	3.07197709478683	0.246627389870274
1	5.11454114811392	0.18644585998993
1	1.35550223140033	0.243176663053535
1	9.41913541980507	0.136755995428191
1	3.04965937796903	0.480323313342698
1	6.49725403412085	0.618126817263979
1	5.97422921167153	0.560789688574248
1	4.29910421735747	0.571622955393717
1	-2.48117093495082	0.370181196471577
1	-0.855475425622786	0.343566245828941
1	1.02982585245596	0.579609976266139
1	-0.550405438180211	0.458323037581103
1	-0.378911573341857	0.487647323295042
1	0.860069221105435	0.310062656665631
1	0.0782511233260432	0.261216687062508
1	9.05461057364169	0.686689551726597
1	-0.667633028420721	0.475143485747738
1	6.49555919214203	0.227615802732504
1	6.37854978133696	0.178240565062457
1	1.83758599419501	0.383634964419993
1	7.24258033035268	0.646281809466852
1	3.71548639175473	0.454687836766453
1	6.89111419736346	0.676963974962176
1	1.01091020763872	0.533037004386918
1	3.60354287504806	0.312141444580869
1	-1.13234192349842	0.35616369424086
1	4.04042233026464	0.189335953218079
1	7.74974825111187	0.109748549508466
1	1.03288850154374	0.523480409944692
1	5.11043242136999	0.162817029189265
1	1.09225002588568	0.364886457952057
1	0.351957938008793	0.479035150078688
1	7.69667328978609	0.686191627652554
1	2.68677664636076	0.393927217231362
1	-0.420341071145105	0.387305011700492
1	3.47992365154558	0.204195663071656
1	2.13723221294091	0.546599641212915
1	1.50185514701769	0.369369052907267
1	-0.14263730175095	0.403100851729003
1	3.0038066445694	0.224280555776209
1	1.28722956868309	0.236715112455524
1	-0.318752239915457	0.452892139910715
1	0.322131339588853	0.440618503365994
1	5.2616944108093	0.147433693319123
1	8.82900430089372	0.122978176190535
1	-2.30272827027497	0.480622049521937
1	7.22671133846696	0.648956080453302
1	-2.72650320743043	0.454294096110792
1	-0.46843181378382	0.432389992590859
1	-1.03217188205283	0.411851462308028
1	7.16723598287619	0.682220092347716
1	-0.111691247546562	0.401023052492416
1	-2.6259055099788	0.504175755280491
1	2.72434890377882	0.456325270304359
1	-0.875120443972189	0.242728625427925
1	1.17835308185305	0.254093774896265
1	-0.338855688886291	0.531574702724991
1	-1.42065506517047	0.368588893303002
1	7.97386728885544	0.205187713240188
1	2.22575254380213	0.541815777223631
1	3.04465045166932	0.163879147603429
1	1.50293764620544	0.611221791086133
1	1.37353910564799	0.464042749814209
1	0.0804999982917752	0.430186600723628
1	0.419282683854408	0.295680481480094
1	-1.77964448430797	0.368919067954955
1	-2.97491361983617	0.396782099101305
1	1.51608146727065	0.208568056695685
1	2.03166462183689	0.413973384311902
1	5.25153152901144	0.146380273768701
1	-0.990726377760774	0.265631344162032
1	6.71007762971618	0.227316252436045
1	2.51754568958693	0.269774354054596
1	5.14228240478092	0.629213770249208
1	2.22102915390564	0.36485758442167
1	4.59494068903147	0.561419992057364
1	3.97686449291997	0.620688652862025
1	4.68391143616397	0.345356734363941
1	6.33941544000246	0.139626607298883
1	-1.87467214629883	0.299632449723709
1	1.51311956696982	0.528286186261629
1	1.36435275540902	0.300885645988093
1	5.22823915846488	0.473330019552985
1	4.38826261422772	0.597127941883282
1	5.47986906477806	0.60626677214989
1	0.270595138764477	0.332538240579975
1	-0.153860075129734	0.326139046396993
1	5.56012300122196	0.62942068259021
1	2.32505263054526	0.481517415694475
1	6.24277095251061	0.538506091381428
1	2.45398224816271	0.458541041772134
1	8.26490907575558	0.63391802778071
1	-0.930945882161437	0.275039391213907
1	5.39932265096741	0.214689473726945
1	5.81624554422744	0.62412336582714
1	-2.93409858024638	0.398489183610345
1	6.16025155235434	0.618591105832113
1	3.16011254647495	0.213472412227429
1	5.32739330739337	0.548532644552983
1	0.282227101930624	0.528741414227564
1	6.22767820949219	0.657854917547776
1	-1.77049189360083	0.424583930627785
1	1.25986883578969	0.521229319337654
1	1.24833832538136	0.331092846145735
1	4.27138506427479	0.161455897052785
1	8.23388103279801	0.648182721340069
1	-0.724592211437589	0.268856778539432
1	-1.80064293010617	0.449865612319765
1	8.34779430816257	0.167043564738575
1	2.14232647054823	0.597064616672876
1	2.01688935116643	0.289311771921185
1	2.11802353590613	0.563108191295785
1	0.72659511272592	0.274536122501367
1	0.955969342031826	0.340310685936292
1	-1.48018317295949	0.464147515253322
1	9.18937119752268	0.671039060342222
1	3.86278767333421	0.235159241881964
1	4.07277951095575	0.664981937616179
1	8.09335750718966	0.693537087491489
1	2.40746289272958	0.518403422974101
1	1.75169841125618	0.498856641483267
1	6.30234904471344	0.148852853574292
1	6.13579655870498	0.237807519794929
1	4.54584570886809	0.219658665210628
1	0.0167104651076917	0.534582550328347
1	-3.94584964160729	0.347701443231733
1	4.87117994637236	0.585676143372752
1	-0.0896766524990942	0.417782383221773
1	1.67250081881448	0.553458053974391
1	10.5986502421001	0.722675389649488
1	2.16053848443678	0.345191423361862
1	3.95893327242985	0.590367186874543
1	8.64082570944673	0.687386232458791
1	4.54730201138831	0.241612735578281
1	0.977307494202632	0.512774500945473
1	1.06882011005263	0.188194009637088
1	3.19035531022509	0.275592316941132
1	0.354662517959042	0.348941711492096
1	8.21281182966493	0.118995754784662
1	-2.44353143268069	0.346642931860405
1	3.96386746052535	0.647276648160019
1	1.75346706331009	0.320707668221569
1	2.72891950447322	0.408146413091613
1	0.15130527464686	0.480627341110329
1	0.776844952845669	0.41521721176225
1	3.43692809074676	0.225618771275386
1	1.10411931682987	0.621169527235765
1	0.19172838097893	0.523134656260928
1	2.32819553563234	0.600728370804191
1	5.41486842392824	0.177328895103605
1	4.00172788958346	0.557216685931072
1	1.80975166297802	0.364463978693536
1	3.37918766093409	0.617204477361202
1	0.271837861555728	0.509928231391086
1	4.27576087797144	0.593752637429974
1	1.21458901003792	0.451921702436273
1	-1.34571426500243	0.437536818231561
1	1.5991827235065	0.597715494047994
1	8.90883706034136	0.125128614886465
1	1.55573076680744	0.405154252116755
1	1.71821580999688	0.562524041128711
1	3.09945175602001	0.538104447468476
1	0.814243488014961	0.405394583132848
1	3.47294951502317	0.642044203396107
1	0.820190235673438	0.381011800243509
1	0.0858972810183634	0.261758564392898
1	9.50144070357534	0.154339109787853
1	9.73618464349955	0.172098858339737
1	0.480776128002462	0.30585356989612
1	-2.07576876510189	0.430697909361878
1	2.08428246714859	0.519148237468771
1	0.0423928969344883	0.361722174455307
1	10.9400305590002	0.673918991048262
1	1.45510443302963	0.291868703853828
1	1.43980085650073	0.393948054087167
1	1.06729994622673	0.315800376289667
1	-0.667118095738368	0.512278918477319
1	2.48559622194781	0.26991412557111
1	-3.59334622840611	0.405965633362345
1	5.4842791619212	0.583497904080658
1	6.52912929207117	0.162709588273746
1	9.41640296883018	0.650750285325035
1	1.8833297538254	0.319920424145593
1	2.72801818624204	0.628614089197903
1	2.06766699685338	0.324615631947627
1	-0.873487412559177	0.316651903509745
1	-2.48713331053373	0.404612078208951
1	6.12039571806073	0.661162283887443
1	3.89217324849871	0.643975202964275
1	0.437893522890534	0.351332608904047
1	2.91732636838642	0.590290364720905
1	6.45903992462169	0.703372698694261
1	-0.983639680156443	0.378891014103028
1	1.35549236184546	0.550309328036991
1	2.71621453822414	0.357504925790157
1	-1.94906625013054	0.311455604889182
1	3.56726923576964	0.577807599453434
1	3.84800896785591	0.235782545166582
1	3.73079781533223	0.549449657513495
1	4.54384424690582	0.185810685704159
1	3.07197709478683	0.262185011950218
1	5.11454114811392	0.199144145934952
1	1.35550223140033	0.258570334700539
1	9.41913541980507	0.147093423721983
1	3.04965937796903	0.506984262305443
1	6.49725403412085	0.651335066354593
1	5.97422921167153	0.591273744307512
1	4.29910421735747	0.602621719731727
1	-2.48117093495082	0.391609089123316
1	-0.855475425622786	0.363729612798914
1	1.02982585245596	0.610988218783522
1	-0.550405438180211	0.483938712626943
1	-0.378911573341857	0.514656249558313
1	0.860069221105435	0.328634205957744
1	0.0782511233260432	0.27746747371849
1	9.05461057364169	0.723155343530861
1	-0.667633028420721	0.501558331491698
1	6.49555919214203	0.242270149036752
1	6.37854978133696	0.190549002222802
1	1.83758599419501	0.405702070546734
1	7.24258033035268	0.680827754470883
1	3.71548639175473	0.480130796677472
1	6.89111419736346	0.712967686571224
1	1.01091020763872	0.562202478606956
1	3.60354287504806	0.330811760943455
1	-1.13234192349842	0.37692558935599
1	4.04042233026464	0.202171552854144
1	7.74974825111187	0.118802803941711
1	1.03288850154374	0.552191832633142
1	5.11043242136999	0.174392665546139
1	1.09225002588568	0.3860627877538
1	0.351957938008793	0.505634896014927
1	7.69667328978609	0.722633762160298
1	2.68677664636076	0.416483327383621
1	-0.420341071145105	0.409546488582295
1	3.47992365154558	0.217737275090978
1	2.13723221294091	0.576409501470305
1	1.50185514701769	0.390758359111556
1	-0.14263730175095	0.426092818275405
1	3.0038066445694	0.238776438309928
1	1.28722956868309	0.251801783845984
1	-0.318752239915457	0.478249782932696
1	0.322131339588853	0.465393003145372
1	5.2616944108093	0.15827843884925
1	8.82900430089372	0.132660994731385
1	-2.30272827027497	0.507297191994781
1	7.22671133846696	0.683629085033275
1	-2.72650320743043	0.479718348672782
1	-0.46843181378382	0.456773540557568
1	-1.03217188205283	0.435259186597394
1	7.16723598287619	0.718473531845034
1	-0.111691247546562	0.423916298942302
1	-2.6259055099788	0.531969978011359
1	2.72434890377882	0.481846027720572
1	-0.875120443972189	0.258101009976125
1	1.17835308185305	0.270006138780621
1	-0.338855688886291	0.560670700280171
1	-1.42065506517047	0.389941132677121
1	7.97386728885544	0.218776459403493
1	2.22575254380213	0.571398347227744
1	3.04465045166932	0.175505247176629
1	1.50293764620544	0.644101969572657
1	1.37353910564799	0.4899301789996
1	0.0804999982917752	0.454465461454936
1	0.419282683854408	0.313568706946964
1	-1.77964448430797	0.390286994539336
1	-2.97491361983617	0.419473849987654
1	1.51608146727065	0.22231740924786
1	2.03166462183689	0.437481925052317
1	5.25153152901144	0.157174969381657
1	-0.990726377760774	0.282091879366997
1	6.71007762971618	0.241956366549975
1	2.51754568958693	0.286431731345774
1	5.14228240478092	0.662948781044948
1	2.22102915390564	0.386032542388417
1	4.59494068903147	0.591933994678466
1	3.97686449291997	0.654018619514685
1	4.68391143616397	0.365605170765972
1	6.33941544000246	0.150100423688284
1	-1.87467214629883	0.317708440533625
1	1.51311956696982	0.557225940298696
1	1.36435275540902	0.319021178477492
1	5.22823915846488	0.499658704153644
1	4.38826261422772	0.629338495446911
1	5.47986906477806	0.638911528494076
1	0.270595138764477	0.352177646561134
1	-0.153860075129734	0.345474414790571
1	5.56012300122196	0.663165524175139
1	2.32505263054526	0.508235098675282
1	6.24277095251061	0.567931412070964
1	2.45398224816271	0.484167074601537
1	8.26490907575558	0.667876546579229
1	-0.930945882161437	0.291946920188355
1	5.39932265096741	0.228729666158884
1	5.81624554422744	0.657616522064939
1	-2.93409858024638	0.421262041248745
1	6.16025155235434	0.651821414133959
1	3.16011254647495	0.227454779809602
1	5.32739330739337	0.578434345385217
1	0.282227101930624	0.557702796989843
1	6.22767820949219	0.692950722387456
1	-1.77049189360083	0.448596598108623
1	1.25986883578969	0.549833788535084
1	1.24833832538136	0.35066357875579
1	4.27138506427479	0.172966863496647
1	8.23388103279801	0.682818982193816
1	-0.724592211437589	0.285470560115575
1	-1.80064293010617	0.475079459401009
1	8.34779430816257	0.178820011640573
1	2.14232647054823	0.629272161538276
1	2.01688935116643	0.306897408181519
1	2.11802353590613	0.593702403394695
1	0.72659511272592	0.290626875523562
1	0.955969342031826	0.3592917156087
1	-1.48018317295949	0.488570203182657
1	9.18937119752268	0.704553010465772
1	3.86278767333421	0.249519689560132
1	4.07277951095575	0.698229724659835
1	8.09335750718966	0.728039649612589
1	2.40746289272958	0.545210232895772
1	1.75169841125618	0.524804523527968
1	6.30234904471344	0.15942081178749
1	6.13579655870498	0.252284338535334
1	4.54584570886809	0.233337984007381
1	0.0167104651076917	0.56210030611679
1	-3.94584964160729	0.367007238772933
1	4.87117994637236	0.615439062203559
1	-0.0896766524990942	0.440167686917803
1	1.67250081881448	0.581805240238692
1	10.5986502421001	0.758458351821247
1	2.16053848443678	0.364386923198423
1	3.95893327242985	0.620336240308004
1	8.64082570944673	0.72161851269961
1	4.54730201138831	0.256256763734504
1	0.977307494202632	0.539333963852498
1	1.06882011005263	0.20049070337999
1	3.19035531022509	0.291729481432563
1	0.354662517959042	0.368302007104536
1	8.21281182966493	0.128251727467768
1	-2.44353143268069	0.365902214121384
1	3.96386746052535	0.679746426471606
1	1.75346706331009	0.338827298875637
1	2.72891950447322	0.430108291408364
1	0.15130527464686	0.505774188249344
1	0.776844952845669	0.437489796273445
1	3.43692809074676	0.239559990029997
1	1.10411931682987	0.652492102159429
1	0.19172838097893	0.550149366811376
1	2.32819553563234	0.631152717080606
1	5.41486842392824	0.189148152202338
1	4.00172788958346	0.585729034617042
1	1.80975166297802	0.384506356316221
1	3.37918766093409	0.648352819413208
1	0.271837861555728	0.536362623054707
1	4.27576087797144	0.623870454886787
1	1.21458901003792	0.475807161694376
1	-1.34571426500243	0.460790174549536
1	1.5991827235065	0.628007448000027
1	8.90883706034136	0.134654078713649
1	1.55573076680744	0.426984648405384
1	1.71821580999688	0.591269606486918
1	3.09945175602001	0.565776963038467
1	0.814243488014961	0.427235540086388
1	3.47294951502317	0.674284056762017
1	0.820190235673438	0.401781324953762
1	0.0858972810183634	0.277287843861807
1	9.50144070357534	0.165148145971061
1	9.73618464349955	0.183688296305527
1	0.480776128002462	0.323320479326238
1	-2.07576876510189	0.45365074922506
1	2.08428246714859	0.545987776151079
1	0.0423928969344883	0.381644071266636
1	10.9400305590002	0.707559491559063
1	1.45510443302963	0.308721088007493
1	1.43980085650073	0.415286025784721
1	1.06729994622673	0.333704369917111
1	-0.667118095738368	0.538816604418278
1	2.48559622194781	0.285801778046418
1	-3.59334622840611	0.427831683498694
1	5.4842791619212	0.613165106363369
1	6.52912929207117	0.173886441394923
1	9.41640296883018	0.68337270277043
1	1.8833297538254	0.338005461591405
1	2.72801818624204	0.660263794283845
1	2.06766699685338	0.342906986984457
1	-0.873487412559177	0.334593315085903
1	-2.48713331053373	0.426418650202833
1	6.12039571806073	0.694242227080718
1	3.89217324849871	0.676299908629798
1	0.437893522890534	0.370797965722551
1	2.91732636838642	0.620256042422696
1	6.45903992462169	0.738307458855385
1	-0.983639680156443	0.399567346880992
1	1.35549236184546	0.578518152469916
1	2.71621453822414	0.377241507569223
1	-1.94906625013054	0.32916867985942
1	3.56726923576964	0.607224757437289
1	3.84800896785591	0.250170382139873
1	3.73079781533223	0.577620706163333
1	4.54384424690582	0.198002651036054
1	3.07197709478683	0.277733030447606
1	5.11454114811392	0.211922012362333
1	1.35550223140033	0.273959516457595
1	9.41913541980507	0.157584068780153
1	3.04965937796903	0.533289289596838
1	6.49725403412085	0.683983180343864
1	5.97422921167153	0.621282633836322
1	4.29910421735747	0.633129263857131
1	-2.48117093495082	0.412844281638954
1	-0.855475425622786	0.383739720795058
1	1.02982585245596	0.64186340498195
1	-0.550405438180211	0.509231068596041
1	-0.378911573341857	0.541298400571397
1	0.860069221105435	0.347102145832573
1	0.0782511233260432	0.293687036656463
1	9.05461057364169	0.758959395914764
1	-0.667633028420721	0.527624931641693
1	6.49555919214203	0.25694306536295
1	6.37854978133696	0.202949179436008
1	1.83758599419501	0.427556539162628
1	7.24258033035268	0.714771840996694
1	3.71548639175473	0.50525582457961
1	6.89111419736346	0.748324071262738
1	1.01091020763872	0.590933913812111
1	3.60354287504806	0.349375387296476
1	-1.13234192349842	0.397515557117489
1	4.04042233026464	0.215082450092712
1	7.74974825111187	0.128050297947242
1	1.03288850154374	0.580483378391669
1	5.11043242136999	0.186082898364264
1	1.09225002588568	0.407054263785341
1	0.351957938008793	0.531880629231554
1	7.69667328978609	0.758414895130102
1	2.68677664636076	0.43881154775503
1	-0.420341071145105	0.4315698892458
1	3.47992365154558	0.23133216384808
1	2.13723221294091	0.605765224003367
1	1.50185514701769	0.411956168709539
1	-0.14263730175095	0.448843300471059
1	3.0038066445694	0.253295833426573
1	1.28722956868309	0.266893540831683
1	-0.318752239915457	0.503292155020468
1	0.322131339588853	0.489870420507858
1	5.2616944108093	0.169260577675928
1	8.82900430089372	0.14251744762865
1	-2.30272827027497	0.533615970093889
1	7.22671133846696	0.717696268085937
1	-2.72650320743043	0.504825252717077
1	-0.46843181378382	0.480872200081857
1	-1.03217188205283	0.458412458852682
1	7.16723598287619	0.754071855292254
1	-0.111691247546562	0.44657114016858
1	-2.6259055099788	0.559372931718716
1	2.72434890377882	0.507046426586418
1	-0.875120443972189	0.273469568589195
1	1.17835308185305	0.285897834515467
1	-0.338855688886291	0.589334825830956
1	-1.42065506517047	0.411103031577138
1	7.97386728885544	0.23241701216803
1	2.22575254380213	0.600533868799499
1	3.04465045166932	0.187244369239169
1	1.50293764620544	0.676432245637268
1	1.37353910564799	0.515485812966348
1	0.0804999982917752	0.478462698988887
1	0.419282683854408	0.331374636194269
1	-1.77964448430797	0.411464091358006
1	-2.97491361983617	0.441933480393627
1	1.51608146727065	0.236113559010999
1	2.03166462183689	0.460732869245209
1	5.25153152901144	0.168108619372076
1	-0.990726377760774	0.29851464869615
1	6.71007762971618	0.256615494594695
1	2.51754568958693	0.303045203162098
1	5.14228240478092	0.696107226789214
1	2.22102915390564	0.407022689373153
1	4.59494068903147	0.621971897037325
1	3.97686449291997	0.686784654636886
1	4.68391143616397	0.385697694837802
1	6.33941544000246	0.160723202831972
1	-1.87467214629883	0.335696278632906
1	1.51311956696982	0.585738695641605
1	1.36435275540902	0.337066701122725
1	5.22823915846488	0.525641830567705
1	4.38826261422772	0.661020032511014
1	5.47986906477806	0.671013725345839
1	0.270595138764477	0.37168013616291
1	-0.153860075129734	0.364682349882888
1	5.56012300122196	0.696333494081568
1	2.32505263054526	0.534595090423515
1	6.24277095251061	0.596914589009655
1	2.45398224816271	0.509469465289963
1	8.26490907575558	0.701251529004511
1	-0.930945882161437	0.308802741337016
1	5.39932265096741	0.242807584366498
1	5.81624554422744	0.690540656810881
1	-2.93409858024638	0.443800248648287
1	6.16025155235434	0.684490899297088
1	3.16011254647495	0.241476676752238
1	5.32739330739337	0.607879043941561
1	0.282227101930624	0.586236506447655
1	6.22767820949219	0.727427518357021
1	-1.77049189360083	0.472335945087209
1	1.25986883578969	0.578021716733251
1	1.24833832538136	0.370099536941832
1	4.27138506427479	0.184594443487352
1	8.23388103279801	0.71685056757469
1	-0.724592211437589	0.302041795988117
1	-1.80064293010617	0.499982520612376
1	8.34779430816257	0.190704791626643
1	2.14232647054823	0.66095078374689
1	2.01688935116643	0.324410186124712
1	2.11802353590613	0.623818013459293
1	0.72659511272592	0.306687348963534
1	0.955969342031826	0.378151994193944
1	-1.48018317295949	0.512701805115247
1	9.18937119752268	0.737491299698179
1	3.86278767333421	0.26390401971301
1	4.07277951095575	0.730910182255081
1	8.09335750718966	0.761935605287485
1	2.40746289272958	0.571651328980283
1	1.75169841125618	0.5504135779153
1	6.30234904471344	0.170131365066231
1	6.13579655870498	0.266781397100833
1	4.54584570886809	0.247062505990463
1	0.0167104651076917	0.589230094024505
1	-3.94584964160729	0.386182117398415
1	4.87117994637236	0.644743735009411
1	-0.0896766524990942	0.462325678864345
1	1.67250081881448	0.609738495770789
1	10.5986502421001	0.793594628435516
1	2.16053848443678	0.3834549585979
1	3.95893327242985	0.649840595286524
1	8.64082570944673	0.755252646863741
1	4.54730201138831	0.270915797722912
1	0.977307494202632	0.565535455384199
1	1.06882011005263	0.212875879269864
1	3.19035531022509	0.307834913568912
1	0.354662517959042	0.387529679838797
1	8.21281182966493	0.137691363017092
1	-2.44353143268069	0.385032035426391
1	3.96386746052535	0.711673228581675
1	1.75346706331009	0.356853141974056
1	2.72891950447322	0.451856112046406
1	0.15130527464686	0.530607281743689
1	0.776844952845669	0.45953859737362
1	3.43692809074676	0.253538213972545
1	1.10411931682987	0.683307610667917
1	0.19172838097893	0.576791855814489
1	2.32819553563234	0.661098113315236
1	5.41486842392824	0.201070836180656
1	4.00172788958346	0.613822282652957
1	1.80975166297802	0.404394760514247
1	3.37918766093409	0.678999548891318
1	0.271837861555728	0.562442958325886
1	4.27576087797144	0.653518917273843
1	1.21458901003792	0.499418351299728
1	-1.34571426500243	0.483789047315258
1	1.5991827235065	0.6578245960578
1	8.90883706034136	0.144354769789175
1	1.55573076680744	0.448605102668715
1	1.71821580999688	0.619588771041531
1	3.09945175602001	0.593056666433554
1	0.814243488014961	0.448866224444459
1	3.47294951502317	0.705988131042249
1	0.820190235673438	0.422374115064809
1	0.0858972810183634	0.29280441900633
1	9.50144070357534	0.176092230991752
1	9.73618464349955	0.195388354954587
1	0.480776128002462	0.340714032695192
1	-2.07576876510189	0.476358512308841
1	2.08428246714859	0.572460576519823
1	0.0423928969344883	0.401415765946383
1	10.9400305590002	0.740620369895641
1	1.45510443302963	0.325519351984068
1	1.43980085650073	0.436429469342641
1	1.06729994622673	0.351521325863981
1	-0.667118095738368	0.564997000646996
1	2.48559622194781	0.301665508397406
1	-3.59334622840611	0.449486675572199
1	5.4842791619212	0.642377058742674
1	6.52912929207117	0.18518682993949
1	9.41640296883018	0.715447366100696
1	1.8833297538254	0.355997794318955
1	2.72801818624204	0.691396193118888
1	2.06766699685338	0.361099179145133
1	-0.873487412559177	0.35244651772401
1	-2.48713331053373	0.44801602592003
1	6.12039571806073	0.726760094677576
1	3.89217324849871	0.708086179161044
1	0.437893522890534	0.390127411034632
1	2.91732636838642	0.649757127336775
1	6.45903992462169	0.772622083897499
1	-0.983639680156443	0.420069862155719
1	1.35549236184546	0.606317377175806
1	2.71621453822414	0.396833687952029
1	-1.94906625013054	0.3468006932892
1	3.56726923576964	0.636194492410024
1	3.84800896785591	0.26458124424754
1	3.73079781533223	0.605383337544551
1	4.54384424690582	0.210286376726006
1	3.07197709478683	0.293267758051117
1	5.11454114811392	0.224773299258456
1	1.35550223140033	0.289340379232005
1	9.41913541980507	0.168219728961988
1	3.04965937796903	0.559244309862291
1	6.49725403412085	0.716082735864209
1	5.97422921167153	0.650825577959837
1	4.29910421735747	0.663155253679802
1	-2.48117093495082	0.433888163211231
1	-0.855475425622786	0.403596865471122
1	1.02982585245596	0.672245528937177
1	-0.550405438180211	0.534205116199785
1	-0.378911573341857	0.567579991904194
1	0.860069221105435	0.365465395368663
1	0.0782511233260432	0.309872288001323
1	9.05461057364169	0.79411610257488
1	-0.667633028420721	0.553348988017507
1	6.49555919214203	0.271630083263185
1	6.37854978133696	0.215434599554262
1	1.83758599419501	0.449200312240693
1	7.24258033035268	0.748126802491988
1	3.71548639175473	0.530067781823322
1	6.89111419736346	0.783047123134676
1	1.01091020763872	0.619239390516043
1	3.60354287504806	0.367831328130459
1	-1.13234192349842	0.417934410775444
1	4.04042233026464	0.228062603666568
1	7.74974825111187	0.137481720218747
1	1.03288850154374	0.608362735078358
1	5.11043242136999	0.197880596782916
1	1.09225002588568	0.427862057692408
1	0.351957938008793	0.557778211446707
1	7.69667328978609	0.793549399800137
1	2.68677664636076	0.460914243200467
1	-0.420341071145105	0.45337730645671
1	3.47992365154558	0.24497489862252
1	2.13723221294091	0.634675446579176
1	1.50185514701769	0.432963837525095
1	-0.14263730175095	0.471355040091588
1	3.0038066445694	0.267834135641622
1	1.28722956868309	0.281986288831642
1	-0.318752239915457	0.528024043743982
1	0.322131339588853	0.514055038731647
1	5.2616944108093	0.180372346877237
1	8.82900430089372	0.152538767146915
1	-2.30272827027497	0.559584310738963
1	7.22671133846696	0.751170472937821
1	-2.72650320743043	0.529619653416354
1	-0.46843181378382	0.50468991635385
1	-1.03217188205283	0.481314380389306
1	7.16723598287619	0.789029272747507
1	-0.111691247546562	0.468990232575515
1	-2.6259055099788	0.58639151108268
1	2.72434890377882	0.531931395530232
1	-0.875120443972189	0.288830453765737
1	1.17835308185305	0.301765481563791
1	-0.338855688886291	0.617575099808837
1	-1.42065506517047	0.432075913772205
1	7.97386728885544	0.246103981574113
1	2.22575254380213	0.629230783149462
1	3.04465045166932	0.199089426570004
1	1.50293764620544	0.708223912202845
1	1.37353910564799	0.540714897433917
1	0.0804999982917752	0.502182167983973
1	0.419282683854408	0.34909659737444
1	-1.77964448430797	0.432451695746135
1	-2.97491361983617	0.464163472473759
1	1.51608146727065	0.24995125491492
1	2.03166462183689	0.483729405390243
1	5.25153152901144	0.179173417535772
1	-0.990726377760774	0.314896745661145
1	6.71007762971618	0.27128915581455
1	2.51754568958693	0.319612033240707
1	5.14228240478092	0.72870113964844
1	2.22102915390564	0.427829195835269
1	4.59494068903147	0.651542945830627
1	3.97686449291997	0.718998440120197
1	4.68391143616397	0.405634675799691
1	6.33941544000246	0.171486861035197
1	-1.87467214629883	0.353594454550062
1	1.51311956696982	0.613832337605275
1	1.36435275540902	0.355020755942875
1	5.22823915846488	0.551285026104353
1	4.38826261422772	0.692183266918919
1	5.47986906477806	0.702584452039235
1	0.270595138764477	0.391045551927043
1	-0.153860075129734	0.383762431289466
1	5.56012300122196	0.728936632977417
1	2.32505263054526	0.560603354647138
1	6.24277095251061	0.625463927421697
1	2.45398224816271	0.534453233506024
1	8.26490907575558	0.734055200508677
1	-0.930945882161437	0.325604334723691
1	5.39932265096741	0.256918228792686
1	5.81624554422744	0.722907593079941
1	-2.93409858024638	0.466106358103162
1	6.16025155235434	0.716611157030325
1	3.16011254647495	0.255533053492349
1	5.32739330739337	0.636875457411164
1	0.282227101930624	0.61435044662005
1	6.22767820949219	0.761298514413037
1	-1.77049189360083	0.495805596022915
1	1.25986883578969	0.605800699298795
1	1.24833832538136	0.389400503858108
1	4.27138506427479	0.196331450238803
1	8.23388103279801	0.750290289033913
1	-0.724592211437589	0.31856771219341
1	-1.80064293010617	0.524579459171683
1	8.34779430816257	0.202690947493399
1	2.14232647054823	0.692111194540178
1	2.01688935116643	0.341848172229509
1	2.11802353590613	0.653464337549976
1	0.72659511272592	0.322714462411204
1	0.955969342031826	0.396890952359299
1	-1.48018317295949	0.536546479440476
1	9.18937119752268	0.769865984933144
1	3.86278767333421	0.278307648638242
1	4.07277951095575	0.763035136052676
1	8.09335750718966	0.795237870317691
1	2.40746289272958	0.597732940946327
1	1.75169841125618	0.575689288125933
1	6.30234904471344	0.180976634786751
1	6.13579655870498	0.28129421289245
1	4.54584570886809	0.26082705569157
1	0.0167104651076917	0.615978761441183
1	-3.94584964160729	0.405225791932602
1	4.87117994637236	0.673598959781535
1	-0.0896766524990942	0.484258747367834
1	1.67250081881448	0.637265388571005
1	10.5986502421001	0.82809824770759
1	2.16053848443678	0.40239514655962
1	3.95893327242985	0.678889228891431
1	8.64082570944673	0.788301315931336
1	4.54730201138831	0.285585500216361
1	0.977307494202632	0.591384990363755
1	1.06882011005263	0.225343160611367
1	3.19035531022509	0.323905573262468
1	0.354662517959042	0.406624489869058
1	8.21281182966493	0.147305642953572
1	-2.44353143268069	0.404032068189031
1	3.96386746052535	0.743068204205652
1	1.75346706331009	0.374783879799143
1	2.72891950447322	0.473391895439473
1	0.15130527464686	0.555131409133519
1	0.776844952845669	0.481365905438587
1	3.43692809074676	0.267548495173862
1	1.10411931682987	0.713626205784367
1	0.19172838097893	0.603068533613387
1	2.32819553563234	0.690573932148614
1	5.41486842392824	0.213090155545432
1	4.00172788958346	0.641504141532538
1	1.80975166297802	0.424129544055824
1	3.37918766093409	0.709154667444851
1	0.271837861555728	0.588175143365692
1	4.27576087797144	0.682707130918909
1	1.21458901003792	0.52275896289651
1	-1.34571426500243	0.506536579000782
1	1.5991827235065	0.687176195839168
1	8.90883706034136	0.154221903768355
1	1.55573076680744	0.470017521108669
1	1.71821580999688	0.647489448905322
1	3.09945175602001	0.619950539498996
1	0.814243488014961	0.470288551584106
1	3.47294951502317	0.737167376193037
1	0.820190235673438	0.442791155091508
1	0.0858972810183634	0.308304721607195
1	9.50144070357534	0.187163695675121
1	9.73618464349955	0.207192043126532
1	0.480776128002462	0.35803234519997
1	-2.07576876510189	0.498824079996058
1	2.08428246714859	0.5985728967285
1	0.0423928969344883	0.421037506588821
1	10.9400305590002	0.773113792898896
1	1.45510443302963	0.342261077079918
1	1.43980085650073	0.457379863143512
1	1.06729994622673	0.369249739066772
1	-0.667118095738368	0.590826103066786
1	2.48559622194781	0.317502059759888
1	-3.59334622840611	0.470932546760905
1	5.4842791619212	0.671142476051097
1	6.52912929207117	0.196603404292632
1	9.41640296883018	0.746985557644402
1	1.8833297538254	0.373896074555918
1	2.72801818624204	0.722021722937421
1	2.06766699685338	0.379191039906413
1	-0.873487412559177	0.370210038869342
1	-2.48713331053373	0.469406090863873
1	6.12039571806073	0.758727566505748
1	3.89217324849871	0.739345038234073
1	0.437893522890534	0.409320796291829
1	2.91732636838642	0.678802593611628
1	6.45903992462169	0.806329865116527
1	-0.983639680156443	0.440399463476753
1	1.35549236184546	0.633714449945986
1	2.71621453822414	0.416281554030828
1	-1.94906625013054	0.364349974244559
1	3.56726923576964	0.664725301965244
1	3.84800896785591	0.279010571583095
1	3.73079781533223	0.632744966628808
1	4.54384424690582	0.222655395090447
1	3.07197709478683	0.308785642821978
1	5.11454114811392	0.237692047971637
1	1.35550223140033	0.30470923308736
1	9.41913541980507	0.178992458473923
1	3.04965937796903	0.584855116870879
1	6.49725403412085	0.7476450375694
1	5.97422921167153	0.679911588369051
1	4.29910421735747	0.692709134122711
1	-2.48117093495082	0.454742122928
1	-0.855475425622786	0.423301371559408
1	1.02982585245596	0.702144354980243
1	-0.550405438180211	0.558865769396655
1	-0.378911573341857	0.593507110219453
1	0.860069221105435	0.383722939459985
1	0.0782511233260432	0.326020259253267
1	9.05461057364169	0.828639510049717
1	-0.667633028420721	0.578736087242305
1	6.49555919214203	0.286326890508404
1	6.37854978133696	0.227998975788839
1	1.83758599419501	0.470635316896929
1	7.24258033035268	0.78090506955372
1	3.71548639175473	0.554571436992175
1	6.89111419736346	0.817150499791081
1	1.01091020763872	0.64712681055522
1	3.60354287504806	0.386178651471951
1	-1.13234192349842	0.438182978845326
1	4.04042233026464	0.241106170501427
1	7.74974825111187	0.147088044910875
1	1.03288850154374	0.635837422352968
1	5.11043242136999	0.209778857212451
1	1.09225002588568	0.448487346821549
1	0.351957938008793	0.583333384914667
1	7.69667328978609	0.828051302796484
1	2.68677664636076	0.482793752432276
1	-0.420341071145105	0.474970814099478
1	3.47992365154558	0.258660230593025
1	2.13723221294091	0.663148613416112
1	1.50185514701769	0.45378272216773
1	-0.14263730175095	0.493630742711139
1	3.0038066445694	0.282386899346529
1	1.28722956868309	0.297076079506297
1	-0.318752239915457	0.552450145875288
1	0.322131339588853	0.537951063755149
1	5.2616944108093	0.191606227670246
1	8.82900430089372	0.162716456505368
1	-2.30272827027497	0.585208019645803
1	7.22671133846696	0.784064237132356
1	-2.72650320743043	0.554106303608139
1	-0.46843181378382	0.528230566246491
1	-1.03217188205283	0.503968006726115
1	7.16723598287619	0.823359652011645
1	-0.111691247546562	0.491176198644215
1	-2.6259055099788	0.613032463752693
1	2.72434890377882	0.556505768618002
1	-0.875120443972189	0.30417995765192
1	1.17835308185305	0.3176058265742
1	-0.338855688886291	0.645399365571539
1	-1.42065506517047	0.452861104672554
1	7.97386728885544	0.25983215847344
1	2.22575254380213	0.657497343185038
1	3.04465045166932	0.211033558054549
1	1.50293764620544	0.73948799778502
1	1.37353910564799	0.565622575097166
1	0.0804999982917752	0.525627657197536
1	0.419282683854408	0.366733000225469
1	-1.77964448430797	0.45325114631793
1	-2.97491361983617	0.486166279109661
1	1.51608146727065	0.263825422994265
1	2.03166462183689	0.506474673863814
1	5.25153152901144	0.190361802962632
1	-0.990726377760774	0.331235378308246
1	6.71007762971618	0.285973026001203
1	2.51754568958693	0.336129595310514
1	5.14228240478092	0.760742267653511
1	2.22102915390564	0.448453237966634
1	4.59494068903147	0.680656177955765
1	3.97686449291997	0.750671383068472
1	4.68391143616397	0.42541650998717
1	6.33941544000246	0.182383567302717
1	-1.87467214629883	0.371401536065811
1	1.51311956696982	0.64151457803673
1	1.36435275540902	0.372881960835091
1	5.22823915846488	0.576593804864624
1	4.38826261422772	0.722838663560692
1	5.47986906477806	0.733634538934283
1	0.270595138764477	0.410273777566097
1	-0.153860075129734	0.402714286813401
1	5.56012300122196	0.76098669716818
1	2.32505263054526	0.586265732868442
1	6.24277095251061	0.653587547857213
1	2.45398224816271	0.559123301926381
1	8.26490907575558	0.766299497250053
1	-0.930945882161437	0.342349284630813
1	5.39932265096741	0.271056770273
1	5.81624554422744	0.754728875333202
1	-2.93409858024638	0.488182890762809
1	6.16025155235434	0.748193510554753
1	3.16011254647495	0.269619032194115
1	5.32739330739337	0.665432107314927
1	0.282227101930624	0.642052347559025
1	6.22767820949219	0.794576603971345
1	-1.77049189360083	0.519009115617322
1	1.25986883578969	0.633178165868356
1	1.24833832538136	0.408566305414573
1	4.27138506427479	0.20817092572847
1	8.23388103279801	0.783150653187592
1	-0.724592211437589	0.335045645765706
1	-1.80064293010617	0.548874850817449
1	8.34779430816257	0.214771744674112
1	2.14232647054823	0.722763856275776
1	2.01688935116643	0.359209521543541
1	2.11802353590613	0.682650480076724
1	0.72659511272592	0.338705254318
1	0.955969342031826	0.415508072594986
1	-1.48018317295949	0.560108310154052
1	9.18937119752268	0.801688837803294
1	3.86278767333421	0.292726151628573
1	4.07277951095575	0.794616132615826
1	8.09335750718966	0.827959052313275
1	2.40746289272958	0.623461168820376
1	1.75169841125618	0.600637027870724
1	6.30234904471344	0.191948989285334
1	6.13579655870498	0.295818459607138
1	4.54584570886809	0.274626632435946
1	0.0167104651076917	0.642353009574253
1	-3.94584964160729	0.424138019490075
1	4.87117994637236	0.702013336253427
1	-0.0896766524990942	0.505969253597171
1	1.67250081881448	0.664393321219164
1	10.5986502421001	0.861982899963056
1	2.16053848443678	0.421207150931319
1	3.95893327242985	0.707490915165129
1	8.64082570944673	0.820776898960151
1	4.54730201138831	0.300261686305292
1	0.977307494202632	0.616888459659215
1	1.06882011005263	0.237886377572021
1	3.19035531022509	0.33993853821053
1	0.354662517959042	0.425586240395557
1	8.21281182966493	0.15708582618906
1	-2.44353143268069	0.422902030191923
1	3.96386746052535	0.773942242016943
1	1.75346706331009	0.392618266435893
1	2.72891950447322	0.494717644704909
1	0.15130527464686	0.579351266768798
1	0.776844952845669	0.502973986321092
1	3.43692809074676	0.281586054423688
1	1.10411931682987	0.743457806098724
1	0.19172838097893	0.628985676036813
1	2.32819553563234	0.71958933262206
1	5.41486842392824	0.225199536740316
1	4.00172788958346	0.668782153498145
1	1.80975166297802	0.443711086914659
1	3.37918766093409	0.738827946331178
1	0.271837861555728	0.613564963281028
1	4.27576087797144	0.711443995660322
1	1.21458901003792	0.545832626195994
1	-1.34571426500243	0.52903586480657
1	1.5991827235065	0.716071294433543
1	8.90883706034136	0.164246967446698
1	1.55573076680744	0.491223795660439
1	1.71821580999688	0.674979379530347
1	3.09945175602001	0.646465414308207
1	0.814243488014961	0.491504422370696
1	3.47294951502317	0.767832486461595
1	0.820190235673438	0.463033439888389
1	0.0858972810183634	0.323785315329742
1	9.50144070357534	0.198355112214724
1	9.73618464349955	0.219092592928295
1	0.480776128002462	0.375273618979789
1	-2.07576876510189	0.521050293368292
1	2.08428246714859	0.624330864479258
1	0.0423928969344883	0.440509571288211
1	10.9400305590002	0.805051639213374
1	1.45510443302963	0.358943945787251
1	1.43980085650073	0.478138682724739
1	1.06729994622673	0.386888181266253
1	-0.667118095738368	0.616309784130938
1	2.48559622194781	0.333308298842004
1	-3.59334622840611	0.492171219149157
1	5.4842791619212	0.699469877083531
1	6.52912929207117	0.208129047676562
1	9.41640296883018	0.777998295147707
1	1.8833297538254	0.391699027135025
1	2.72801818624204	0.752150578953013
1	2.06766699685338	0.397181468564668
1	-0.873487412559177	0.387882481903555
1	-2.48713331053373	0.49059071682356
1	6.12039571806073	0.790156047198468
1	3.89217324849871	0.770087251847818
1	0.437893522890534	0.42837801353489
1	2.91732636838642	0.707401212435116
1	6.45903992462169	0.839443775592313
1	-0.983639680156443	0.460557066894855
1	1.35549236184546	0.660716656360515
1	2.71621453822414	0.435585227196153
1	-1.94906625013054	0.381814933024071
1	3.56726923576964	0.692825493458579
1	3.84800896785591	0.293453962599867
1	3.73079781533223	0.659712847052688
1	4.54384424690582	0.2351034477378
1	3.07197709478683	0.324283264271386
1	5.11454114811392	0.250672495552495
1	1.35550223140033	0.320062523221364
1	9.41913541980507	0.189894560275681
1	3.04965937796903	0.610127386338059
1	6.49725403412085	0.778681124934779
1	5.97422921167153	0.708549472792057
1	4.29910421735747	0.721800134579877
1	-2.48117093495082	0.475407549415848
1	-0.855475425622786	0.442853591746193
1	1.02982585245596	0.731569423385957
1	-0.550405438180211	0.58321784757993
1	-0.378911573341857	0.619085716306884
1	0.860069221105435	0.401873826724323
1	0.0782511233260432	0.342128097786318
1	9.05461057364169	0.862543326498899
1	-0.667633028420721	0.603791703415833
1	6.49555919214203	0.301029326617094
1	6.37854978133696	0.240636225813632
1	1.83758599419501	0.491863465422263
1	7.24258033035268	0.813118777540961
1	3.71548639175473	0.578771467985627
1	6.89111419736346	0.850647530840546
1	1.01091020763872	0.674603901433141
1	3.60354287504806	0.404416486851914
1	-1.13234192349842	0.458262104347013
1	4.04042233026464	0.25420750013972
1	7.74974825111187	0.156860523765849
1	1.03288850154374	0.662914795745307
1	5.11043242136999	0.221770996992658
1	1.09225002588568	0.468931313710935
1	0.351957938008793	0.608551775211394
1	7.69667328978609	0.861934292897944
1	2.68677664636076	0.504452388349287
1	-0.420341071145105	0.496352467315191
1	3.47992365154558	0.272383087690192
1	2.13723221294091	0.691192979919543
1	1.50185514701769	0.474414179652769
1	-0.14263730175095	0.515673078296187
1	3.0038066445694	0.296949834241137
1	1.28722956868309	0.312159106548819
1	-0.318752239915457	0.576575069419493
1	0.322131339588853	0.561562625853676
1	5.2616944108093	0.202954938625356
1	8.82900430089372	0.173042282386265
1	-2.30272827027497	0.610492784157651
1	7.22671133846696	0.816389800119925
1	-2.72650320743043	0.578289865866227
1	-0.46843181378382	0.551497959754731
1	-1.03217188205283	0.526376348431765
1	7.16723598287619	0.857076527278417
1	-0.111691247546562	0.51313162746646
1	-2.6259055099788	0.639302393858716
1	2.72434890377882	0.580774287483419
1	-0.875120443972189	0.319514508006368
1	1.17835308185305	0.333415739673842
1	-0.338855688886291	0.672815293705033
1	-1.42065506517047	0.473459930927163
1	7.97386728885544	0.273596509410419
1	2.22575254380213	0.685341618108071
1	3.04465045166932	0.223070122373693
1	1.50293764620544	0.770235273093094
1	1.37353910564799	0.590213887979151
1	0.0804999982917752	0.548802890861363
1	0.419282683854408	0.384282333564178
1	-1.77964448430797	0.473863782573839
1	-2.97491361983617	0.507944324321435
1	1.51608146727065	0.277731161367387
1	2.03166462183689	0.528971767826674
1	5.25153152901144	0.201666453220544
1	-0.990726377760774	0.347527865844266
1	6.71007762971618	0.300662933013672
1	2.51754568958693	0.352595369837733
1	5.14228240478092	0.792242081819982
1	2.22102915390564	0.468895997181566
1	4.59494068903147	0.70932042567429
1	3.97686449291997	0.781814622672017
1	4.68391143616397	0.445043619778145
1	6.33941544000246	0.193405736327791
1	-1.87467214629883	0.389116165820412
1	1.51311956696982	0.668792959522202
1	1.36435275540902	0.390649007218103
1	5.22823915846488	0.601573570362272
1	4.38826261422772	0.752996444567254
1	5.47986906477806	0.764174563874855
1	0.270595138764477	0.429364736520572
1	-0.153860075129734	0.421537590817774
1	5.56012300122196	0.792495165723114
1	2.32505263054526	0.611587947281227
1	6.24277095251061	0.681293390694328
1	2.45398224816271	0.583484498429745
1	8.26490907575558	0.797996073349176
1	-0.930945882161437	0.359035276456939
1	5.39932265096741	0.285218545191225
1	5.81624554422744	0.78601577645115
1	-2.93409858024638	0.510032337092602
1	6.16025155235434	0.779249017417334
1	3.16011254647495	0.283729901869334
1	5.32739330739337	0.693557324296988
1	0.282227101930624	0.66934976956976
1	6.22767820949219	0.827274372853965
1	-1.77049189360083	0.541950010028101
1	1.25986883578969	0.660161384351987
1	1.24833832538136	0.427596808792281
1	4.27138506427479	0.220106134316459
1	8.23388103279801	0.815443869384465
1	-0.724592211437589	0.351473041456199
1	-1.80064293010617	0.572873185752499
1	8.34779430816257	0.22694066501906
1	2.14232647054823	0.75291898861978
1	2.01688935116643	0.376492474992773
1	2.11802353590613	0.711385339011287
1	0.72659511272592	0.35465687851196
1	0.955969342031826	0.434002887494186
1	-1.48018317295949	0.583391308460917
1	9.18937119752268	0.832971351834553
1	3.86278767333421	0.307155258430355
1	4.07277951095575	0.825664446412026
1	8.09335750718966	0.860111458450909
1	2.40746289272958	0.648841985995417
1	1.75169841125618	0.625262063624973
1	6.30234904471344	0.203041037000982
1	6.13579655870498	0.310349962767351
1	4.54584570886809	0.288456405384978
1	0.0167104651076917	0.668359396941742
1	-3.94584964160729	0.442918599953908
1	4.87117994637236	0.729995270764706
1	-0.0896766524990942	0.527459531942519
1	1.67250081881448	0.691129534873936
1	10.5986502421001	0.895261946177716
1	2.16053848443678	0.439890680820133
1	3.95893327242985	0.735654230100824
1	8.64082570944673	0.852691480678564
1	4.54730201138831	0.314940319129409
1	0.977307494202632	0.642051633091202
1	1.06882011005263	0.250499561380519
1	3.19035531022509	0.355931000438858
1	0.354662517959042	0.444414776156195
1	8.21281182966493	0.167023441367846
1	-2.44353143268069	0.441641683036622
1	3.96386746052535	0.804305976163701
1	1.75346706331009	0.41035512552599
1	2.72891950447322	0.515835345743905
1	0.15130527464686	0.603271461854399
1	0.776844952845669	0.524365081640775
1	3.43692809074676	0.295646276433186
1	1.10411931682987	0.772812101583972
1	0.19172838097893	0.654549427584824
1	2.32819553563234	0.748153265445418
1	5.41486842392824	0.237392618052502
1	4.00172788958346	0.695663695640975
1	1.80975166297802	0.463139795198069
1	3.37918766093409	0.768028932125564
1	0.271837861555728	0.638618084955963
1	4.27576087797144	0.739738209927553
1	1.21458901003792	0.568642910251382
1	-1.34571426500243	0.551289953550353
1	1.5991827235065	0.744518733588798
1	8.90883706034136	0.174421711265994
1	1.55573076680744	0.512225804012439
1	1.71821580999688	0.702066131950573
1	3.09945175602001	0.672607976750131
1	0.814243488014961	0.512515723184315
1	3.47294951502317	0.797993906762478
1	0.820190235673438	0.483101974021795
1	0.0858972810183634	0.339242891896168
1	9.50144070357534	0.209659287462359
1	9.73618464349955	0.231083453500557
1	0.480776128002462	0.392436140471532
1	-2.07576876510189	0.543039953911216
1	2.08428246714859	0.649740480101617
1	0.0423928969344883	0.459832266993352
1	10.9400305590002	0.836445506518921
1	1.45510443302963	0.375565738774304
1	1.43980085650073	0.498707400497804
1	1.06729994622673	0.404435298629801
1	-0.667118095738368	0.641453795737124
1	2.48559622194781	0.349081212315302
1	-3.59334622840611	0.513204599769317
1	5.4842791619212	0.727367589402641
1	6.52912929207117	0.219756869665004
1	9.41640296883018	0.808496338384334
1	1.8833297538254	0.40940544722694
1	2.72801818624204	0.78179272037441
1	2.06766699685338	0.415069430094758
1	-0.873487412559177	0.405462523789871
1	-2.48713331053373	0.511571761879553
1	6.12039571806073	0.821056673083828
1	3.89217324849871	0.800323334752253
1	0.437893522890534	0.447298993969543
1	2.91732636838642	0.735561557022141
1	6.45903992462169	0.871976478210606
1	-0.983639680156443	0.480543600277232
1	1.35549236184546	0.687331123703048
1	2.71621453822414	0.454744861878206
1	-1.94906625013054	0.399194058664603
1	3.56726923576964	0.7205031886604
1	3.84800896785591	0.307907169586236
1	3.73079781533223	0.686294075009497
1	4.54384424690582	0.247624479702831
1	3.07197709478683	0.339757329544196
1	5.11454114811392	0.263709069246073
1	1.35550223140033	0.335396826052529
1	9.41913541980507	0.200918579175732
1	3.04965937796903	0.635066678678003
1	6.49725403412085	0.809201778882922
1	5.97422921167153	0.736747840008101
1	4.29910421735747	0.750437274234915
1	-2.48117093495082	0.495885830496591
1	-0.855475425622786	0.462253905580139
1	1.02982585245596	0.760530055915942
1	-0.550405438180211	0.607266077711647
1	-0.378911573341857	0.64432164804135
1	0.860069221105435	0.419917167469982
1	0.0782511233260432	0.358193063442081
1	9.05461057364169	0.895840930255963
1	-0.667633028420721	0.628521200721159
1	6.49555919214203	0.315733378504596
1	6.37854978133696	0.253340466026645
1	1.83758599419501	0.512886655317195
1	7.24258033035268	0.844779773991934
1	3.71548639175473	0.602672464050809
1	6.89111419736346	0.883551226175648
1	1.01091020763872	0.701678220554326
1	3.60354287504806	0.422544023330856
1	-1.13234192349842	0.478172644067289
1	4.04042233026464	0.267361129313955
1	7.74974825111187	0.166790678449806
1	1.03288850154374	0.689602050620611
1	5.11043242136999	0.233850548220735
1	1.09225002588568	0.489195145598026
1	0.351957938008793	0.633438893950651
1	7.69667328978609	0.895211729574843
1	2.68677664636076	0.525892438360752
1	-0.420341071145105	0.517524302639367
1	3.47992365154558	0.286138569587512
1	2.13723221294091	0.718816617297032
1	1.50185514701769	0.494859567035012
1	-0.14263730175095	0.537484681787323
1	3.0038066445694	0.311518800889252
1	1.28722956868309	0.327231701590189
1	-0.318752239915457	0.600403335596064
1	0.322131339588853	0.584893781275771
1	5.2616944108093	0.214411429061882
1	8.82900430089372	0.183508267643125
1	-2.30272827027497	0.635444176005912
1	7.22671133846696	0.848159110750066
1	-2.72650320743043	0.602174914521391
1	-0.46843181378382	0.574495841400571
1	-1.03217188205283	0.548542371952467
1	7.16723598287619	0.890193107561644
1	-0.111691247546562	0.534859075268091
1	-2.6259055099788	0.665207765433985
1	2.72434890377882	0.604741603405677
1	-0.875120443972189	0.334830664274264
1	1.17835308185305	0.349192210861961
1	-0.338855688886291	0.69983038621642
1	-1.42065506517047	0.49387372003549
1	7.97386728885544	0.287392171641087
1	2.22575254380213	0.712771497895594
1	3.04465045166932	0.235192691861622
1	1.50293764620544	0.800476257461611
1	1.37353910564799	0.614493779725844
1	0.0804999982917752	0.571711530024786
1	0.419282683854408	0.40174316284867
1	-1.77964448430797	0.494290944521564
1	-2.97491361983617	0.529500003671861
1	1.51608146727065	0.291663735350283
1	2.03166462183689	0.551223734111319
1	5.25153152901144	0.213080277721381
1	-0.990726377760774	0.363771635354412
1	6.71007762971618	0.315354852419221
1	2.51754568958693	0.369006940860169
1	5.14228240478092	0.823211783085377
1	2.22102915390564	0.489158659623691
1	4.59494068903147	0.737544321643682
1	3.97686449291997	0.812439036905252
1	4.68391143616397	0.46451645255163
1	6.33941544000246	0.204546021668326
1	-1.87467214629883	0.406737058987201
1	1.51311956696982	0.695674859487578
1	1.36435275540902	0.408320657740972
1	5.22823915846488	0.626229618079532
1	4.38826261422772	0.782666595345811
1	5.47986906477806	0.794214858480982
1	0.270595138764477	0.448318390557342
1	-0.153860075129734	0.440232062644224
1	5.56012300122196	0.823473247418349
1	2.32505263054526	0.636575603536694
1	6.24277095251061	0.708589220526884
1	2.45398224816271	0.607541558236961
1	8.26490907575558	0.829156307958312
1	-0.930945882161437	0.375660093699032
1	5.39932265096741	0.299399050765364
1	5.81624554422744	0.816779304527888
1	-2.93409858024638	0.531657157326021
1	6.16025155235434	0.809788476129621
1	3.16011254647495	0.297861113629202
1	5.32739330739337	0.72125925279425
1	0.282227101930624	0.696250107323869
1	6.22767820949219	0.859404107031428
1	-1.77049189360083	0.564631728054642
1	1.25986883578969	0.686757464835254
1	1.24833832538136	0.446491921001199
1	4.27138506427479	0.232130556535228
1	8.23388103279801	0.847181857176353
1	-0.724592211437589	0.367847448541527
1	-1.80064293010617	0.596578870540196
1	8.34779430816257	0.239191400742301
1	2.14232647054823	0.782586574580403
1	2.01688935116643	0.393695356764943
1	2.11802353590613	0.739677610966399
1	0.72659511272592	0.370566600807603
1	0.955969342031826	0.452374978081607
1	-1.48018317295949	0.606399414339663
1	9.18937119752268	0.863724749416648
1	3.86278767333421	0.321590848824503
1	4.07277951095575	0.856191086625297
1	8.09335750718966	0.891707103032252
1	2.40746289272958	0.673881242213086
1	1.75169841125618	0.649569557099785
1	6.30234904471344	0.214245619801185
1	6.13579655870498	0.324884695371194
1	4.54584570886809	0.302311708712112
1	0.0167104651076917	0.694004342777179
1	-3.94584964160729	0.461567374497347
1	4.87117994637236	0.757552981001081
1	-0.0896766524990942	0.548731890368201
1	1.67250081881448	0.717481113170953
1	10.5986502421001	0.927948426297346
1	2.16053848443678	0.458445489048684
1	3.95893327242985	0.763387556505074
1	8.64082570944673	0.884056858883227
1	4.54730201138831	0.329617505627265
1	0.977307494202632	0.666880162267955
1	1.06882011005263	0.263176938680479
1	3.19035531022509	0.371880262939143
1	0.354662517959042	0.463109981980636
1	8.21281182966493	0.177110279412254
1	-2.44353143268069	0.460250830637651
1	3.96386746052535	0.834169792618413
1	1.75346706331009	0.427993348084144
1	2.72891950447322	0.536746967342615
1	0.15130527464686	0.626896514445145
1	0.776844952845669	0.54554140907005
1	3.43692809074676	0.309724705166602
1	1.10411931682987	0.801698559263553
1	0.19172838097893	0.679765804534553
1	2.32819553563234	0.776274478130341
1	5.41486842392824	0.249663243682567
1	4.00172788958346	0.722155983897393
1	1.80975166297802	0.482416100106674
1	3.37918766093409	0.796766952284977
1	0.271837861555728	0.663340059812404
1	4.27576087797144	0.767598275692214
1	1.21458901003792	0.591193324702778
1	-1.34571426500243	0.573301848536217
1	1.5991827235065	0.772527154765818
1	8.90883706034136	0.184738142020166
1	1.55573076680744	0.533025409629231
1	1.71821580999688	0.728757108916872
1	3.09945175602001	0.698384770026156
1	0.814243488014961	0.533324325948981
1	3.47294951502317	0.827661838890449
1	0.820190235673438	0.502997771161967
1	0.0858972810183634	0.354674267361523
1	9.50144070357534	0.22106925639719
1	9.73618464349955	0.243158284950932
1	0.480776128002462	0.409518277837942
1	-2.07576876510189	0.564795824204986
1	2.08428246714859	0.674807619554068
1	0.0423928969344883	0.479005928395624
1	10.9400305590002	0.867306718576441
1	1.45510443302963	0.392124331948112
1	1.43980085650073	0.519087485478373
1	1.06729994622673	0.421889809439513
1	-0.667118095738368	0.66626377204949
1	2.48559622194781	0.364817903303835
1	-3.59334622840611	0.534034580645895
1	5.4842791619212	0.754843754021916
1	6.52912929207117	0.231480199871037
1	9.41640296883018	0.838490195595921
1	1.8833297538254	0.427014198136035
1	2.72801818624204	0.810957876267471
1	2.06766699685338	0.432853953068482
1	-0.873487412559177	0.42294891278344
1	-2.48713331053373	0.532351070412344
1	6.12039571806073	0.851440318897197
1	3.89217324849871	0.830063556711729
1	0.437893522890534	0.466083706583062
1	2.91732636838642	0.763292007475182
1	6.45903992462169	0.90394033347844
1	-0.983639680156443	0.500360002644208
1	1.35549236184546	0.713564824776669
1	2.71621453822414	0.473760644324704
1	-1.94906625013054	0.416485916515893
1	3.56726923576964	0.747766328290182
1	3.84800896785591	0.32236609426288
1	3.73079781533223	0.712495593042624
1	4.54384424690582	0.260212633738127
1	3.07197709478683	0.35520466970606
1	5.11454114811392	0.276796381131721
1	1.35550223140033	0.350708845412859
1	9.41913541980507	0.212057295111091
1	3.04965937796903	0.659678441687343
1	6.49725403412085	0.839217528239278
1	5.97422921167153	0.76451510473381
1	4.29910421735747	0.778629367243796
1	-2.48117093495082	0.516178352856266
1	-0.855475425622786	0.481502718412795
1	1.02982585245596	0.789035361220009
1	-0.550405438180211	0.631015096404165
1	-0.378911573341857	0.669220623267082
1	0.860069221105435	0.437852131719237
1	0.0782511233260432	0.374212525216212
1	9.05461057364169	0.928545378160665
1	-0.667633028420721	0.652929835966643
1	6.49555919214203	0.330435176249874
1	6.37854978133696	0.266106005965285
1	1.83758599419501	0.533706769329044
1	7.24258033035268	0.875899625850296
1	3.71548639175473	0.626278927764593
1	6.89111419736346	0.91587428403905
1	1.01091020763872	0.728357159350912
1	3.60354287504806	0.440560507579187
1	-1.13234192349842	0.497915467845154
1	4.04042233026464	0.280561776665698
1	7.74974825111187	0.176870293093362
1	1.03288850154374	0.715906226044567
1	5.11043242136999	0.246011251744409
1	1.09225002588568	0.509280033943642
1	0.351957938008793	0.658000141432494
1	7.69667328978609	0.927896651307703
1	2.68677664636076	0.547116164705306
1	-0.420341071145105	0.538488338139657
1	3.47992365154558	0.299921942827091
1	2.13723221294091	0.74602741705616
1	1.50185514701769	0.515120241055505
1	-0.14263730175095	0.559068153669307
1	3.0038066445694	0.326089806394108
1	1.28722956868309	0.342290330215025
1	-0.318752239915457	0.623939380771743
1	0.322131339588853	0.60794851384017
1	5.2616944108093	0.225968872620111
1	8.82900430089372	0.194106684203407
1	-2.30272827027497	0.660067654002084
1	7.22671133846696	0.879383834570953
1	-2.72650320743043	0.625765937632672
1	-0.46843181378382	0.597227891604799
1	-1.03217188205283	0.570469000421558
1	7.16723598287619	0.922722284905187
1	-0.111691247546562	0.55636106592219
1	-2.6259055099788	0.690754905751644
1	2.72434890377882	0.628412279336357
1	-0.875120443972189	0.35012511376777
1	1.17835308185305	0.364932346501399
1	-0.338855688886291	0.72645198062051
1	-1.42065506517047	0.514103799972887
1	7.97386728885544	0.301214448285977
1	2.22575254380213	0.739794697666707
1	3.04465045166932	0.247395046528015
1	1.50293764620544	0.830221225117002
1	1.37353910564799	0.638467097844262
1	0.0804999982917752	0.594357173866122
1	0.419282683854408	0.419114127808129
1	-1.77964448430797	0.514533972310507
1	-2.97491361983617	0.550835684663492
1	1.51608146727065	0.30561857270199
1	2.03166462183689	0.57323357408964
1	5.25153152901144	0.224596411264217
1	-0.990726377760774	0.379964218609592
1	6.71007762971618	0.33004490325193
1	2.51754568958693	0.385361992907926
1	5.14228240478092	0.853662309068286
1	2.22102915390564	0.509242415689216
1	4.59494068903147	0.765336303820836
1	3.97686449291997	0.842555249052474
1	4.68391143616397	0.483835479677263
1	6.33941544000246	0.215797309105246
1	-1.87467214629883	0.424263001010557
1	1.51311956696982	0.722167494194967
1	1.36435275540902	0.425895744055366
1	5.22823915846488	0.650567137959452
1	4.38826261422772	0.811858870460722
1	5.47986906477806	0.823765514279861
1	0.270595138764477	0.467134738408307
1	-0.153860075129734	0.458797465076439
1	5.56012300122196	0.853931887501655
1	2.32505263054526	0.661234193459881
1	6.24277095251061	0.735482630440735
1	2.45398224816271	0.63129912599854
1	8.26490907575558	0.859791312149321
1	-0.930945882161437	0.392221615017278
1	5.39932265096741	0.313593940460589
1	5.81624554422744	0.847030209490904
1	-2.93409858024638	0.553059781908473
1	6.16025155235434	0.839822432636099
1	3.16011254647495	0.312008276063946
1	5.32739330739337	0.748545855587127
1	0.282227101930624	0.722760593868423
1	6.22767820949219	0.890977800165826
1	-1.77049189360083	0.587057662296125
1	1.25986883578969	0.712973363382642
1	1.24833832538136	0.465251587479293
1	4.27138506427479	0.244237883045454
1	8.23388103279801	0.878376253596482
1	-0.724592211437589	0.384166517719362
1	-1.80064293010617	0.619996229954519
1	8.34779430816257	0.25151784853048
1	2.14232647054823	0.811776366387106
1	2.01688935116643	0.410816571765039
1	2.11802353590613	0.767535796145479
1	0.72659511272592	0.386431795708067
1	0.955969342031826	0.470623972189293
1	-1.48018317295949	0.629136498069456
1	9.18937119752268	0.893959988594509
1	3.86278767333421	0.336028948326663
1	4.07277951095575	0.886206803793458
1	8.09335750718966	0.922757714847827
1	2.40746289272958	0.698584666471157
1	1.75169841125618	0.673564567652188
1	6.30234904471344	0.225555806485959
1	6.13579655870498	0.339418773659982
1	4.54584570886809	0.316188036908603
1	0.0167104651076917	0.719294130348763
1	-3.94584964160729	0.480084224147686
1	4.87117994637236	0.784694500613636
1	-0.0896766524990942	0.569788610759833
1	1.67250081881448	0.74345498602228
1	10.5986502421001	0.960055067343017
1	2.16053848443678	0.476871370655095
1	3.95893327242985	0.79069908873644
1	8.64082570944673	0.914884551646437
1	4.54730201138831	0.344289492400639
1	0.977307494202632	0.69137958334959
1	1.06882011005263	0.275912926035546
1	3.19035531022509	0.387783736398014
1	0.354662517959042	0.481671781385734
1	8.21281182966493	0.187338386266957
1	-2.44353143268069	0.478729317759438
1	3.96386746052535	0.863543835364651
1	1.75346706331009	0.445531890375091
1	2.72891950447322	0.557454461274084
1	0.15130527464686	0.650230859392063
1	0.776844952845669	0.566505162615955
1	3.43692809074676	0.323817039298674
1	1.10411931682987	0.830126428733801
1	0.19172838097893	0.704640697968081
1	2.32819553563234	0.803961519992595
1	5.41486842392824	0.262005457973112
1	4.00172788958346	0.748266076944045
1	1.80975166297802	0.501540456924802
1	3.37918766093409	0.82505112056963
1	0.271837861555728	0.687736326501932
1	4.27576087797144	0.795032503292863
1	1.21458901003792	0.613487320993004
1	-1.34571426500243	0.595074508404391
1	1.5991827235065	0.800105004064142
1	8.90883706034136	0.195188515755639
1	1.55573076680744	0.553624461777323
1	1.71821580999688	0.755059550927195
1	3.09945175602001	0.723802198058917
1	0.814243488014961	0.553932088164548
1	3.47294951502317	0.856846247574085
1	0.820190235673438	0.522721853494519
1	0.0858972810183634	0.370076378490715
1	9.50144070357534	0.232578275769398
1	9.73618464349955	0.255310952449521
1	0.480776128002462	0.426518478466657
1	-2.07576876510189	0.586320628600004
1	2.08428246714859	0.699538037350509
1	0.0423928969344883	0.498030916849628
1	10.9400305590002	0.897646332092578
1	1.45510443302963	0.408617693597687
1	1.43980085650073	0.539280403026951
1	1.06729994622673	0.439250501844335
1	-0.667118095738368	0.690745232250307
1	2.48559622194781	0.380515587968689
1	-3.59334622840611	0.554663038841994
1	5.4842791619212	0.781906329969528
1	6.52912929207117	0.243292581803734
1	9.41640296883018	0.867990129767169
1	1.8833297538254	0.444524209157352
1	2.72801818624204	0.839655551267041
1	2.06766699685338	0.450534127631018
1	-0.873487412559177	0.440340466205138
1	-2.48713331053373	0.552930473114448
1	6.12039571806073	0.881317604321308
1	3.89217324849871	0.859317948607711
1	0.437893522890534	0.484732156800534
1	2.91732636838642	0.790600755520999
1	6.45903992462169	0.93534740713828
1	-0.983639680156443	0.520007223526736
1	1.35549236184546	0.739424581623246
1	2.71621453822414	0.49263279141421
1	-1.94906625013054	0.43368914588213
1	3.56726923576964	0.774622676435573
1	3.84800896785591	0.336826783498793
1	3.73079781533223	0.738324193743036
1	4.54384424690582	0.272862244758556
1	3.07197709478683	0.370622236131281
1	5.11454114811392	0.289929222906835
1	1.35550223140033	0.365995408843728
1	9.41913541980507	0.223303716606587
1	3.04965937796903	0.683968013162096
1	6.49725403412085	0.868738656022187
1	5.97422921167153	0.791859492384917
1	4.29910421735747	0.80638502778532
1	-2.48117093495082	0.536286501726263
1	-0.855475425622786	0.500600460370314
1	1.02982585245596	0.817094240099526
1	-0.550405438180211	0.654469451950681
1	-0.378911573341857	0.693788242609826
1	0.860069221105435	0.455677947287037
1	0.0782511233260432	0.390183958035144
1	9.05461057364169	0.96066941367651
1	-0.667633028420721	0.67702276106479
1	6.49555919214203	0.345130988976614
1	6.37854978133696	0.278927342871389
1	1.83758599419501	0.55432567549168
1	7.24258033035268	0.906489626505619
1	3.71548639175473	0.649595276967205
1	6.89111419736346	0.947629098881802
1	1.01091020763872	0.754647947304646
1	3.60354287504806	0.458465242011325
1	-1.13234192349842	0.517491457879323
1	4.04042233026464	0.293804337606353
1	7.74974825111187	0.18709140703101
1	1.03288850154374	0.741834208550572
1	5.11043242136999	0.258247051315863
1	1.09225002588568	0.529187173971966
1	0.351957938008793	0.68224080922586
1	7.69667328978609	0.960001783691506
1	2.68677664636076	0.568125804765037
1	-0.420341071145105	0.559246573553402
1	3.47992365154558	0.313728636076503
1	2.13723221294091	0.772833095388028
1	1.50185514701769	0.53519755780102
1	-0.14263730175095	0.580426060529657
1	3.0038066445694	0.340659000190582
1	1.28722956868309	0.357331588085226
1	-0.318752239915457	0.647187558346306
1	0.322131339588853	0.630730736494413
1	5.2616944108093	0.237620661005188
1	8.82900430089372	0.204830046160544
1	-2.30272827027497	0.684368566662645
1	7.22671133846696	0.910075360941158
1	-2.72650320743043	0.649067338910505
1	-0.46843181378382	0.619697728026273
1	-1.03217188205283	0.592159114451337
1	7.16723598287619	0.954676642381343
1	-0.111691247546562	0.577640091452285
1	-2.6259055099788	0.715950008577442
1	2.72434890377882	0.651790791876698
1	-0.875120443972189	0.365394667949964
1	1.17835308185305	0.380633365905466
1	-0.338855688886291	0.752687253922829
1	-1.42065506517047	0.534151498829285
1	7.97386728885544	0.315058803613416
1	2.22575254380213	0.766418761938567
1	3.04465045166932	0.259671168240282
1	1.50293764620544	0.859480211283546
1	1.37353910564799	0.662138595885435
1	0.0804999982917752	0.616743360973215
1	0.419282683854408	0.43639394013816
1	-1.77964448430797	0.53459420587926
1	-2.97491361983617	0.571953707128828
1	1.51608146727065	0.319591258997983
1	2.03166462183689	0.595004244521316
1	5.25153152901144	0.23620820775114
1	-0.990726377760774	0.396103248960808
1	6.71007762971618	0.34472934388581
1	2.51754568958693	0.401658308008233
1	5.14228240478092	0.883604340653912
1	2.22102915390564	0.529148459566167
1	4.59494068903147	0.792704620240584
1	3.97686449291997	0.872173634066165
1	4.68391143616397	0.503001195534744
1	6.33941544000246	0.227152710178279
1	-1.87467214629883	0.441692845406582
1	1.51311956696982	0.748277922638057
1	1.36435275540902	0.443373164649642
1	5.22823915846488	0.674591216836417
1	4.38826261422772	0.840582799363806
1	5.47986906477806	0.852836388679757
1	0.270595138764477	0.485813814448162
1	-0.153860075129734	0.477233602847363
1	5.56012300122196	0.883881774283498
1	2.32505263054526	0.685569097698411
1	6.24277095251061	0.761981046181512
1	2.45398224816271	0.654761757830988
1	8.26490907575558	0.889911935624585
1	-0.930945882161437	0.408717811380251
1	5.39932265096741	0.327799019525804
1	5.81624554422744	0.876778989550934
1	-2.93409858024638	0.574242611932961
1	6.16025155235434	0.869361186616589
1	3.16011254647495	0.32616715074695
1	5.32739330739337	0.775424918234558
1	0.282227101930624	0.748888304533438
1	6.22767820949219	0.922007160959773
1	-1.77049189360083	0.609231150282743
1	1.25986883578969	0.738815885744816
1	1.24833832538136	0.483875790731773
1	4.27138506427479	0.256422008753674
1	8.23388103279801	0.909038420250626
1	-0.724592211437589	0.400427998088782
1	-1.80064293010617	0.643129508785149
1	8.34779430816257	0.263914103809412
1	2.14232647054823	0.840497891219215
1	2.01688935116643	0.427854603140888
1	2.11802353590613	0.794968203166147
1	0.72659511272592	0.402249943197055
1	0.955969342031826	0.488749542878409
1	-1.48018317295949	0.65160636172038
1	9.18937119752268	0.923687769685216
1	3.86278767333421	0.350465724003434
1	4.07277951095575	0.915722096274979
1	8.09335750718966	0.953274744351451
1	2.40746289272958	0.722957869858312
1	1.75169841125618	0.697252054635549
1	6.30234904471344	0.236964886465481
1	6.13579655870498	0.353948453000079
1	4.54584570886809	0.330081040215647
1	0.0167104651076917	0.744234910195045
1	-3.94584964160729	0.498469068391189
1	4.87117994637236	0.811427683720568
1	-0.0896766524990942	0.590631949265783
1	1.67250081881448	0.769057933319815
1	10.5986502421001	0.991594291307547
1	2.16053848443678	0.495168161435708
1	3.95893327242985	0.817596837323453
1	8.64082570944673	0.945185804338146
1	4.54730201138831	0.358952661690673
1	0.977307494202632	0.715555319743393
1	1.06882011005263	0.28870212458186
1	3.19035531022509	0.403638936015164
1	0.354662517959042	0.500100135211192
1	8.21281182966493	0.197700055836772
1	-2.44353143268069	0.497077028595006
1	3.96386746052535	0.892438012425216
1	1.75346706331009	0.462969771849634
1	2.72891950447322	0.577959762400949
1	0.15130527464686	0.673278848241099
1	0.776844952845669	0.587258512898056
1	3.43692809074676	0.337919127794442
1	1.10411931682987	0.858104747545169
1	0.19172838097893	0.729179876724454
1	2.32819553563234	0.83122274702677
1	5.41486842392824	0.274413499792002
1	4.00172788958346	0.774000879994393
1	1.80975166297802	0.520513344040772
1	3.37918766093409	0.85289034232596
1	0.271837861555728	0.71181221353056
1	4.27576087797144	0.822049016136856
1	1.21458901003792	0.635528293555014
1	-1.34571426500243	0.616610847962217
1	1.5991827235065	0.827260537022016
1	8.90883706034136	0.205765330861099
1	1.55573076680744	0.57402479555372
1	1.71821580999688	0.780980540154611
1	3.09945175602001	0.748866528815236
1	0.814243488014961	0.574340852941218
1	3.47294951502317	0.885556866374266
1	0.820190235673438	0.542275251150764
1	0.0858972810183634	0.385446279233837
1	9.50144070357534	0.244179817913744
1	9.73618464349955	0.267535520482554
1	0.480776128002462	0.443435266538169
1	-2.07576876510189	0.607617053878428
1	2.08428246714859	0.723937369413479
1	0.0423928969344883	0.516907619325532
1	10.9400305590002	0.927475143408023
1	1.45510443302963	0.425043881615448
1	1.43980085650073	0.559287614599743
1	1.06729994622673	0.456516231674501
1	-0.667118095738368	0.714903583222986
1	2.48559622194781	0.396171592185402
1	-3.59334622840611	0.575091836507963
1	5.4842791619212	0.808563098736089
1	6.52912929207117	0.255187766889149
1	9.41640296883018	0.897006164740045
1	1.8833297538254	0.461934473493137
1	2.72801818624204	0.867895031142643
1	2.06766699685338	0.4681091035338
1	-0.873487412559177	0.457636068277103
1	-2.48713331053373	0.573311787005527
1	6.12039571806073	0.910698900358461
1	3.89217324849871	0.888096308385107
1	0.437893522890534	0.503244385179762
1	2.91732636838642	0.817495809126696
1	6.45903992462169	0.966209477586176
1	-0.983639680156443	0.539486222344167
1	1.35549236184546	0.764917069148806
1	2.71621453822414	0.511361549503979
1	-1.94906625013054	0.45080245772873
1	3.56726923576964	0.801079824859148
1	3.84800896785591	0.351285425142962
1	3.73079781533223	0.763786523353335
1	4.54384424690582	0.285567834434677
1	3.07197709478683	0.386007096988709
1	5.11454114811392	0.303102560810656
1	1.35550223140033	0.381253463992211
1	9.41913541980507	0.2346510744089
1	3.04965937796903	0.707940623449474
1	6.49725403412085	0.897775205571583
1	5.97422921167153	0.818789043716697
1	4.29910421735747	0.83371267498275
1	-2.48117093495082	0.55621166057624
1	-0.855475425622786	0.519547585355543
1	1.02982585245596	0.844715390636359
1	-0.550405438180211	0.677633606305996
1	-0.378911573341857	0.718029992218759
1	0.860069221105435	0.473393897913453
1	0.0782511233260432	0.406104939620672
1	9.05461057364169	0.9922254747991
1	-0.667633028420721	0.700805025449618
1	6.49555919214203	0.359817220845659
1	6.37854978133696	0.291799156402047
1	1.83758599419501	0.574745227167655
1	7.24258033035268	0.936560802652894
1	3.71548639175473	0.672625846648642
1	6.89111419736346	0.978827769019246
1	1.01091020763872	0.78055765586695
1	3.60354287504806	0.476257582972107
1	-1.13234192349842	0.536901508057302
1	4.04042233026464	0.307083879315974
1	7.74974825111187	0.197446307734134
1	1.03288850154374	0.767392735811748
1	5.11043242136999	0.270552087902213
1	1.09225002588568	0.54891776422602
1	0.351957938008793	0.70616608268694
1	7.69667328978609	0.991539547331113
1	2.68677664636076	0.588923571374761
1	-0.420341071145105	0.579800990425023
1	3.47992365154558	0.327554235513311
1	2.13723221294091	0.799241197439361
1	1.50185514701769	0.555092872375889
1	-0.14263730175095	0.601560935606047
1	3.0038066445694	0.355222669951046
1	1.28722956868309	0.372352197168583
1	-0.318752239915457	0.670152140592361
1	0.322131339588853	0.65324429283606
1	5.2616944108093	0.249360397898302
1	8.82900430089372	0.215671103050346
1	-2.30272827027497	0.708352154768613
1	7.22671133846696	0.940244809958571
1	-2.72650320743043	0.672083439592907
1	-0.46843181378382	0.641908906869552
1	-1.03217188205283	0.613615552907588
1	7.16723598287619	0.986068461883186
1	-0.111691247546562	0.598698612525812
1	-2.6259055099788	0.74079913734067
1	2.72434890377882	0.674881533206501
1	-0.875120443972189	0.380636258819538
1	1.17835308185305	0.396292598017634
1	-0.338855688886291	0.778543226501736
1	-1.42065506517047	0.55401814446078
1	7.97386728885544	0.3289208584498
1	2.22575254380213	0.79265106877432
1	3.04465045166932	0.272015235061607
1	1.50293764620544	0.888263018132848
1	1.37353910564799	0.685512935573637
1	0.0804999982917752	0.638873570593879
1	0.419282683854408	0.453581381259935
1	-1.77964448430797	0.554472984615762
1	-2.97491361983617	0.592856383613688
1	1.51608146727065	0.333577533128189
1	2.03166462183689	0.616538658383421
1	5.25153152901144	0.24790923407109
1	-0.990726377760774	0.412186458318334
1	6.71007762971618	0.359404568019464
1	2.51754568958693	0.417893762772159
1	5.14228240478092	0.91304830841054
1	2.22102915390564	0.548877988789115
1	4.59494068903147	0.819657333672487
1	3.97686449291997	0.901304324762183
1	4.68391143616397	0.5220141165624
1	6.33941544000246	0.238605555894501
1	-1.87467214629883	0.459025511624828
1	1.51311956696982	0.774013050338868
1	1.36435275540902	0.460751882743099
1	5.22823915846488	0.698306840806432
1	4.38826261422772	0.868847691977981
1	5.47986906477806	0.881437110790854
1	0.270595138764477	0.504355687410236
1	-0.153860075129734	0.495540321188935
1	5.56012300122196	0.913333345558888
1	2.32505263054526	0.709585588305303
1	6.24277095251061	0.788091730216651
1	2.45398224816271	0.677933923303226
1	8.26490907575558	0.919528773255596
1	-0.930945882161437	0.425146743288286
1	5.39932265096741	0.342010240650548
1	5.81624554422744	0.906035897486302
1	-2.93409858024638	0.595208019567777
1	6.16025155235434	0.898414797626993
1	3.16011254647495	0.340333647860066
1	5.32739330739337	0.801904053396289
1	0.282227101930624	0.77464016074045
1	6.22767820949219	0.952503620316305
1	-1.77049189360083	0.631155475580707
1	1.25986883578969	0.764291690972205
1	1.24833832538136	0.502364549009413
1	4.27138506427479	0.268677027087436
1	8.23388103279801	0.939179450225957
1	-0.724592211437589	0.41662973421316
1	-1.80064293010617	0.665982873598705
1	8.34779430816257	0.276374455164265
1	2.14232647054823	0.868760456787923
1	2.01688935116643	0.44480800987699
1	2.11802353590613	0.821982953760838
1	0.72659511272592	0.418018625618222
1	0.955969342031826	0.50675140690577
1	-1.48018317295949	0.673812740608166
1	9.18937119752268	0.952918541725023
1	3.86278767333421	0.364897480401587
1	4.07277951095575	0.94474721654985
1	8.09335750718966	0.983269370650133
1	2.40746289272958	0.747006348318058
1	1.75169841125618	0.720636879691821
1	6.30234904471344	0.248466363606724
1	6.13579655870498	0.368470123876025
1	4.54584570886809	0.343986520179566
1	0.0167104651076917	0.768832703279243
1	-3.94584964160729	0.516721863817955
1	4.87117994637236	0.837760209294386
1	-0.0896766524990942	0.611264136633103
1	1.67250081881448	0.79429658854507
1	10.5986502421001	1.02257822284851
1	2.16053848443678	0.513335736529387
1	3.95893327242985	0.844088633465025
1	8.64082570944673	0.974971596467446
1	4.54730201138831	0.37360352746281
1	0.977307494202632	0.739412684731904
1	1.06882011005263	0.301539314824
1	3.19035531022509	0.419443478408215
1	0.354662517959042	0.518395040294353
1	8.21281182966493	0.208187823112844
1	-2.44353143268069	0.515293885385299
1	3.96386746052535	0.92086200173576
1	1.75346706331009	0.480306073138144
1	2.72891950447322	0.598264788778842
1	0.15130527464686	0.696044751085491
1	0.776844952845669	0.607803607422475
1	3.43692809074676	0.352026965608261
1	1.10411931682987	0.885642346445895
1	0.19172838097893	0.753388990277753
1	2.32819553563234	0.858066326656696
1	5.41486842392824	0.286881797066127
1	4.00172788958346	0.799367148499186
1	1.80975166297802	0.539335261996241
1	3.37918766093409	0.880293319634613
1	0.271837861555728	0.735572941818146
1	4.27576087797144	0.848655755282444
1	1.21458901003792	0.657319580971599
1	-1.34571426500243	0.637913738996742
1	1.5991827235065	0.854001823294109
1	8.90883706034136	0.216461321341666
1	1.55573076680744	0.594228231917132
1	1.71821580999688	0.806527004275855
1	3.09945175602001	0.773583897545421
1	0.814243488014961	0.594552449036546
1	3.47294951502317	0.913803203431538
1	0.820190235673438	0.561659001656359
1	0.0858972810183634	0.400781137297232
1	9.50144070357534	0.255867564728598
1	9.73618464349955	0.279826247259958
1	0.480776128002462	0.460267240660908
1	-2.07576876510189	0.628687749901741
1	2.08428246714859	0.748011135856035
1	0.0423928969344883	0.535636447392254
1	10.9400305590002	0.956803695014032
1	1.45510443302963	0.441401040794845
1	1.43980085650073	0.579110577509465
1	1.06729994622673	0.473685920316629
1	-0.667118095738368	0.738744122168199
1	2.48559622194781	0.41178334831182
1	-3.59334622840611	0.595322820932185
1	5.4842791619212	0.834821668609299
1	6.52912929207117	0.267159708651313
1	9.41640296883018	0.925548091171239
1	1.8833297538254	0.479244046227352
1	2.72801818624204	0.895685388221787
1	2.06766699685338	0.48557808822232
1	-0.873487412559177	0.474834668018381
1	-2.48713331053373	0.593496815450513
1	6.12039571806073	0.939594335539223
1	3.89217324849871	0.916408206846241
1	0.437893522890534	0.521620466143747
1	2.91732636838642	0.843984996998269
1	6.45903992462169	0.996538043098995
1	-0.983639680156443	0.558797967801726
1	1.35549236184546	0.790048818657335
1	2.71621453822414	0.529947193311377
1	-1.94906625013054	0.467824632452589
1	3.56726923576964	0.827145197195749
1	3.84800896785591	0.365738343968618
1	3.73079781533223	0.788889085280827
1	4.54384424690582	0.29832410593117
1	3.07197709478683	0.401356433823095
1	5.11454114811392	0.316311530684445
1	1.35550223140033	0.396480075105212
1	9.41913541980507	0.246092815290738
1	3.04965937796903	0.731601397936261
1	6.49725403412085	0.926336986520551
1	5.97422921167153	0.845311619346243
1	4.29910421735747	0.860620537699909
1	-2.48117093495082	0.57595521081848
1	-0.855475425622786	0.538344570079647
1	1.02982585245596	0.871907313190862
1	-0.550405438180211	0.700511937018791
1	-0.378911573341857	0.741951246439979
1	0.860069221105435	0.490999321448449
1	0.0782511233260432	0.42197314744007
1	9.05461057364169	1.02322570176072
1	-0.667633028420721	0.724281578434095
1	6.49555919214203	0.374490407155804
1	6.37854978133696	0.30471630348237
1	1.83758599419501	0.594967263092622
1	7.24258033035268	0.96612392097575
1	3.71548639175473	0.695374890789057
1	6.89111419736346	1.00948210408977
1	1.01091020763872	0.806093202279716
1	3.60354287504806	0.493936938974103
1	-1.13234192349842	0.556146523305427
1	4.04042233026464	0.32039563587649
1	7.74974825111187	0.207927523932542
1	1.03288850154374	0.792588400220174
1	5.11043242136999	0.282920694148426
1	1.09225002588568	0.568473006138201
1	0.351957938008793	0.729781043414992
1	7.69667328978609	1.02252206553327
1	2.68677664636076	0.609511653126602
1	-0.420341071145105	0.600153552243211
1	3.47992365154558	0.341394480333894
1	2.13723221294091	0.825259101476113
1	1.50185514701769	0.57480753858584
1	-0.14263730175095	0.622475279322752
1	3.0038066445694	0.369777237601863
1	1.28722956868309	0.387349002069583
1	-0.318752239915457	0.692837320450347
1	0.322131339588853	0.675492958597464
1	5.2616944108093	0.261181893030762
1	8.82900430089372	0.226622833306931
1	-2.30272827027497	0.732023553861474
1	7.22671133846696	0.969903039211217
1	-2.72650320743043	0.694818480275914
1	-0.46843181378382	0.663864924161682
1	-1.03217188205283	0.634841113667224
1	7.16723598287619	1.01690973171618
1	-0.111691247546562	0.619539058938053
1	-2.6259055099788	0.765308228225439
1	2.72434890377882	0.697688812965912
1	-0.875120443972189	0.395846935393606
1	1.17835308185305	0.411907478181617
1	-0.338855688886291	0.804026765892251
1	-1.42065506517047	0.573705064153746
1	7.97386728885544	0.342796385713488
1	2.22575254380213	0.818498833825788
1	3.04465045166932	0.284421615740715
1	1.50293764620544	0.916579220580863
1	1.37353910564799	0.708594688883236
1	0.0804999982917752	0.660751223856991
1	0.419282683854408	0.470675300141429
1	-1.77964448430797	0.574171647029754
1	-2.97491361983617	0.613545999753952
1	1.51608146727065	0.34757328291633
1	2.03166462183689	0.637839685681696
1	5.25153152901144	0.259693264147314
1	-0.990726377760774	0.428211674213415
1	6.71007762971618	0.374067100769308
1	2.51754568958693	0.434066325561032
1	5.14228240478092	0.942004398841346
1	2.22102915390564	0.568432203808982
1	4.59494068903147	0.846202326159051
1	3.97686449291997	0.929957217856082
1	4.68391143616397	0.540874780334067
1	6.33941544000246	0.250149390605076
1	-1.87467214629883	0.476259982969425
1	1.51311956696982	0.799379633048461
1	1.36435275540902	0.478030924238784
1	5.22823915846488	0.721718897538734
1	4.38826261422772	0.896662644138052
1	5.47986906477806	0.909577087097039
1	0.270595138764477	0.522760459139371
1	-0.153860075129734	0.513717504423213
1	5.56012300122196	0.942296794864406
1	2.32505263054526	0.73328883125752
1	6.24277095251061	0.813821785694423
1	2.45398224816271	0.70082000737438
1	8.26490907575558	0.948652171453662
1	-0.930945882161437	0.441506558072988
1	5.39932265096741	0.356223699739063
1	5.81624554422744	0.934810946766065
1	-2.93409858024638	0.615958348476383
1	6.16025155235434	0.926993091082597
1	3.16011254647495	0.354503821936922
1	5.32739330739337	0.827990705045341
1	0.282227101930624	0.800022933714727
1	6.22767820949219	0.982478338314628
1	-1.77049189360083	0.65283386887173
1	1.25986883578969	0.789407294937332
1	1.24833832538136	0.520717915024897
1	4.27138506427479	0.28099722442381
1	8.23388103279801	0.968810174822308
1	-0.724592211437589	0.432769663263402
1	-1.80064293010617	0.688560414457253
1	8.34779430816257	0.288893378909311
1	2.14232647054823	0.896573156775469
1	2.01688935116643	0.461675424454778
1	2.11802353590613	0.848587987357689
1	0.72659511272592	0.433735524639667
1	0.955969342031826	0.5246293232339
1	-1.48018317295949	0.695759304714155
1	9.18937119752268	0.981662508750855
1	3.86278767333421	0.379320655587282
1	4.07277951095575	0.973292177358748
1	8.09335750718966	1.01275250831423
1	2.40746289272958	0.7707354853436
1	1.75169841125618	0.743723808987113
1	6.30234904471344	0.260053950244653
1	6.13579655870498	0.382980307991981
1	4.54584570886809	0.357900425326799
1	0.0167104651076917	0.793093404064295
1	-3.94584964160729	0.53484260280565
1	4.87117994637236	0.863699585437564
1	-0.0896766524990942	0.63168737853801
1	1.67250081881448	0.81917744228776
1	10.5986502421001	1.05301869678308
1	2.16053848443678	0.531374009042268
1	3.95893327242985	0.870182133416319
1	8.64082570944673	1.00425264834819
1	4.54730201138831	0.388238731597662
1	0.977307494202632	0.762956884035527
1	1.06882011005263	0.314419451570617
1	3.19035531022509	0.435195078602033
1	0.354662517959042	0.536556528183076
1	8.21281182966493	0.218794457482262
1	-2.44353143268069	0.533379847078045
1	3.96386746052535	0.948825256867926
1	1.75346706331009	0.497539934099998
1	2.72891950447322	0.618371441760455
1	0.15130527464686	0.718532758372983
1	0.776844952845669	0.628142570852099
1	3.43692809074676	0.366136689498834
1	1.10411931682987	0.912747854491668
1	0.19172838097893	0.777273571543148
1	2.32819553563234	0.884500242364787
1	5.41486842392824	0.299404961461735
1	4.00172788958346	0.824371491753378
1	1.80975166297802	0.558006732563823
1	3.37918766093409	0.907268556326943
1	0.271837861555728	0.759023627194116
1	4.27576087797144	0.874860483904202
1	1.21458901003792	0.678864467108078
1	-1.34571426500243	0.6589860110694
1	1.5991827235065	0.880336751210066
1	8.90883706034136	0.22726945027262
1	1.55573076680744	0.614236577721725
1	1.71821580999688	0.831705720202944
1	3.09945175602001	0.797960309941082
1	0.814243488014961	0.61456869089484
1	3.47294951502317	0.941594547066302
1	0.820190235673438	0.580874149397759
1	0.0858972810183634	0.416078230807738
1	9.50144070357534	0.267635401816052
1	9.73618464349955	0.292177579272787
1	0.480776128002462	0.477013071571628
1	-2.07576876510189	0.649535330244733
1	2.08428246714859	0.771764743694141
1	0.0423928969344883	0.554217836230654
1	10.9400305590002	0.985642281901598
1	1.45510443302963	0.457687400202131
1	1.43980085650073	0.598750744695768
1	1.06729994622673	0.490758552647839
1	-0.667118095738368	0.76227203915485
1	2.48559622194781	0.427348392043985
1	-3.59334622840611	0.615357824593895
1	5.4842791619212	0.860689478898407
1	6.52912929207117	0.279202557049046
1	9.41640296883018	0.953625472336916
1	1.8833297538254	0.496452042356603
1	2.72801818624204	0.923035486674562
1	2.06766699685338	0.502940344977394
1	-0.873487412559177	0.491935277199054
1	-2.48713331053373	0.613487348180615
1	6.12039571806073	0.968013801971841
1	3.89217324849871	0.944262993296405
1	0.437893522890534	0.53986050674975
1	2.91732636838642	0.870075972964684
1	6.45903992462169	1.02634432887569
1	-0.983639680156443	0.577943437307133
1	1.35549236184546	0.814826221295382
1	2.71621453822414	0.54839002482798
1	-1.94906625013054	0.484754517714116
1	3.56726923576964	0.852826053043237
1	3.84800896785591	0.380181997727109
1	3.73079781533223	0.813638243521917
1	4.54384424690582	0.311125938786472
1	3.07197709478683	0.416667538229358
1	5.11454114811392	0.329551433164417
1	1.35550223140033	0.411672419618795
1	9.41913541980507	0.257622596020697
1	3.04965937796903	0.754955359475352
1	6.49725403412085	0.954433580613833
1	5.97422921167153	0.871434904159646
1	4.29910421735747	0.887116659215023
1	-2.48117093495082	0.595518531523367
1	-0.855475425622786	0.556991913122471
1	1.02982585245596	0.898678315272309
1	-0.550405438180211	0.723108739116656
1	-0.378911573341857	0.765557270423339
1	0.860069221105435	0.508493608087577
1	0.0782511233260432	0.43778635573947
1	9.05461057364169	1.05368194453647
1	-0.667633028420721	0.747457271509193
1	6.49555919214203	0.389147210550114
1	6.37854978133696	0.317673813296463
1	1.83758599419501	0.614993607421967
1	7.24258033035268	0.995189494657973
1	3.71548639175473	0.717846584154314
1	6.89111419736346	1.03960363232155
1	1.01091020763872	0.831261353299364
1	3.60354287504806	0.511502768984477
1	-1.13234192349842	0.57522741895931
1	4.04042233026464	0.333735003535782
1	7.74974825111187	0.218527818919543
1	1.03288850154374	0.817427652375721
1	5.11043242136999	0.295347388988651
1	1.09225002588568	0.587854103615419
1	0.351957938008793	0.753090671647185
1	7.69667328978609	1.05296117180046
1	2.68677664636076	0.629892214669953
1	-0.420341071145105	0.620306204577887
1	3.47992365154558	0.355245258383285
1	2.13723221294091	0.850894022941368
1	1.50185514701769	0.594342908633471
1	-0.14263730175095	0.643171559816425
1	3.0038066445694	0.384319255447613
1	1.28722956868309	0.402318966459696
1	-0.318752239915457	0.71524721327989
1	0.322131339588853	0.697480443095006
1	5.2616944108093	0.273079156416679
1	8.82900430089372	0.237678437893447
1	-2.30272827027497	0.755387796677082
1	7.22671133846696	0.999060650354594
1	-2.72650320743043	0.717276622699443
1	-0.46843181378382	0.685569216998895
1	-1.03217188205283	0.655838554359442
1	7.16723598287619	1.04721215399428
1	-0.111691247546562	0.640163830086752
1	-2.6259055099788	0.789483093184343
1	2.72434890377882	0.720216860091278
1	-0.875120443972189	0.411023860286002
1	1.17835308185305	0.427475544999422
1	-0.338855688886291	0.829144590474119
1	-1.42065506517047	0.593213584301111
1	7.97386728885544	0.356681306069067
1	2.22575254380213	0.843969114273618
1	3.04465045166932	0.296884864349342
1	1.50293764620544	0.94443817193643
1	1.37353910564799	0.731388340064509
1	0.0804999982917752	0.682379684964953
1	0.419282683854408	0.48767461117911
1	-1.77964448430797	0.593691530437184
1	-2.97491361983617	0.634024814645799
1	1.51608146727065	0.361574540857386
1	2.03166462183689	0.658910154243936
1	5.25153152901144	0.271554273144112
1	-0.990726377760774	0.444176816940315
1	6.71007762971618	0.388713594868519
1	2.51754568958693	0.450174053730462
1	5.14228240478092	0.970482560475788
1	2.22102915390564	0.587812307577468
1	4.59494068903147	0.872347303438414
1	3.97686449291997	0.958141979844664
1	4.68391143616397	0.559583744663522
1	6.33941544000246	0.261777966045771
1	-1.87467214629883	0.493395304578042
1	1.51311956696982	0.824384280354061
1	1.36435275540902	0.495209375733297
1	5.22823915846488	0.744832178530203
1	4.38826261422772	0.924036542892333
1	5.47986906477806	0.937265506982469
1	0.270595138764477	0.541028263380834
1	-0.153860075129734	0.531765074593777
1	5.56012300122196	0.970782077574702
1	2.32505263054526	0.756683888911917
1	6.24277095251061	0.839178160302614
1	2.45398224816271	0.723424312284175
1	8.26490907575558	0.977292234377094
1	-0.930945882161437	0.45779548727084
1	5.39932265096741	0.37043563179844
1	5.81624554422744	0.963113917516102
1	-2.93409858024638	0.636495914229674
1	6.16025155235434	0.95510566408799
1	3.16011254647495	0.368673867721104
1	5.32739330739337	0.853692152573484
1	0.282227101930624	0.825043248103597
1	6.22767820949219	1.0119422110065
1	-1.77049189360083	0.674269509007577
1	1.25986883578969	0.814169073768242
1	1.24833832538136	0.538935974706155
1	4.27138506427479	0.293377074667219
1	8.23388103279801	0.997941170110485
1	-0.724592211437589	0.448845812239377
1	-1.80064293010617	0.710866146595155
1	8.34779430816257	0.301465533803288
1	2.14232647054823	0.923944876135207
1	2.01688935116643	0.478455550577541
1	2.11802353590613	0.874791065544782
1	0.72659511272592	0.449398418301289
1	0.955969342031826	0.542383091583469
1	-1.48018317295949	0.717449660071414
1	9.18937119752268	1.00992963592059
1	3.86278767333421	0.393731817292388
1	4.07277951095575	1.00136675768471
1	8.09335750718966	1.04173481401254
1	2.40746289272958	0.794150554605456
1	1.75169841125618	0.766517515392027
1	6.30234904471344	0.271721561353653
1	6.13579655870498	0.397475654478646
1	4.54584570886809	0.371818846955527
1	0.0167104651076917	0.817022783510687
1	-3.94584964160729	0.552831312241054
1	4.87117994637236	0.88925315354951
1	-0.0896766524990942	0.651903855911055
1	1.67250081881448	0.843706845675547
1	10.5986502421001	1.08292726538988
1	2.16053848443678	0.549282928711871
1	3.95893327242985	0.895884822763067
1	8.64082570944673	1.03303942759333
1	4.54730201138831	0.402855040184994
1	0.977307494202632	0.786193018311342
1	1.06882011005263	0.327337659006076
1	3.19035531022509	0.450891547100254
1	0.354662517959042	0.554584663885664
1	8.21281182966493	0.229512956216285
1	-2.44353143268069	0.551334908025073
1	3.96386746052535	0.976337012605882
1	1.75346706331009	0.51467055192744
1	2.72891950447322	0.638281606100212
1	0.15130527464686	0.740746982669035
1	0.776844952845669	0.648277505273054
1	3.43692809074676	0.380244573957226
1	1.10411931682987	0.939429704024777
1	0.19172838097893	0.800839039612773
1	2.32819553563234	0.910532298203448
1	5.41486842392824	0.311977783207449
1	4.00172788958346	0.849020376411874
1	1.80975166297802	0.576528297852198
1	3.37918766093409	0.933824362873429
1	0.271837861555728	0.782169282831144
1	4.27576087797144	0.900670791644809
1	1.21458901003792	0.700166182218656
1	-1.34571426500243	0.679830452293205
1	1.5991827235065	0.906273032216961
1	8.90883706034136	0.238182903427956
1	1.55573076680744	0.634051625753324
1	1.71821580999688	0.856523317720381
1	3.09945175602001	0.822001645213546
1	0.814243488014961	0.634391378688865
1	3.47294951502317	0.968939971235614
1	0.820190235673438	0.599921745105989
1	0.0858972810183634	0.431334945067665
1	9.50144070357534	0.279477412778877
1	9.73618464349955	0.304584145996566
1	0.480776128002462	0.493671499899376
1	-2.07576876510189	0.670162372816201
1	2.08428246714859	0.795203489491313
1	0.0423928969344883	0.572652243675911
1	10.9400305590002	1.01400095774762
1	1.45510443302963	0.47390127062033
1	1.43980085650073	0.618209564505019
1	1.06729994622673	0.507733175027331
1	-0.667118095738368	0.78549241960754
1	2.48559622194781	0.442864359357722
1	-3.59334622840611	0.635198665217952
1	5.4842791619212	0.886173804051339
1	6.52912929207117	0.291310652964445
1	9.41640296883018	0.98124764978874
1	1.8833297538254	0.513557634875997
1	2.72801818624204	0.949953987663136
1	2.06766699685338	0.520195191108446
1	-0.873487412559177	0.508936968351299
1	-2.48713331053373	0.633285161317127
1	6.12039571806073	0.995966961236514
1	3.89217324849871	0.97166980104485
1	0.437893522890534	0.557964645493925
1	2.91732636838642	0.895776220250427
1	6.45903992462169	1.05563929389746
1	-0.983639680156443	0.59692361640584
1	1.35549236184546	0.839255531409752
1	2.71621453822414	0.566690372265442
1	-1.94906625013054	0.501591026329384
1	3.56726923576964	0.878129491949413
1	3.84800896785591	0.394612973308472
1	3.73079781533223	0.838040226000135
1	4.54384424690582	0.32396838392988
1	3.07197709478683	0.43193780861732
1	5.11454114811392	0.342817729003951
1	1.35550223140033	0.426827784840204
1	9.41913541980507	0.269234277494419
1	3.04965937796903	0.778007430752077
1	6.49725403412085	0.982074347377221
1	5.97422921167153	0.897166411607051
1	4.29910421735747	0.913208901775439
1	-2.48117093495082	0.61490299914564
1	-0.855475425622786	0.575490134020848
1	1.02982585245596	0.925036516285059
1	-0.550405438180211	0.745428226945066
1	-0.378911573341857	0.788853222664309
1	0.860069221105435	0.525876198657218
1	0.0782511233260432	0.453542432658286
1	9.05461057364169	1.08360577015706
1	-0.667633028420721	0.770336860586044
1	6.49555919214203	0.403784417324953
1	6.37854978133696	0.330666882412953
1	1.83758599419501	0.634826069779546
1	7.24258033035268	1.02376778972777
1	3.71548639175473	0.740045024047826
1	6.89111419736346	1.06920360761227
1	1.01091020763872	0.856068728826685
1	3.60354287504806	0.528954580760059
1	-1.13234192349842	0.594145120154097
1	4.04042233026464	0.347097536099163
1	7.74974825111187	0.229240184035759
1	1.03288850154374	0.841916804486821
1	5.11043242136999	0.307826872402051
1	1.09225002588568	0.607062262638446
1	0.351957938008793	0.776099848594032
1	7.69667328978609	1.08286841713183
1	2.68677664636076	0.650067397006917
1	-0.420341071145105	0.640260875216916
1	3.47992365154558	0.369102601902832
1	2.13723221294091	0.876153018410271
1	1.50185514701769	0.613700332825047
1	-0.14263730175095	0.663652213451418
1	3.0038066445694	0.39884540240017
1	1.28722956868309	0.417259169604508
1	-0.318752239915457	0.737385858568601
1	0.322131339588853	0.719210390643709
1	5.2616944108093	0.285046392740067
1	8.82900430089372	0.248831334102986
1	-2.30272827027497	0.778449815519133
1	7.22671133846696	1.02772799552004
1	-2.72650320743043	0.739461951489696
1	-0.46843181378382	0.707025164763983
1	-1.03217188205283	0.676610593090799
1	7.16723598287619	1.07698715184565
1	-0.111691247546562	0.660575295437646
1	-2.6259055099788	0.813329422876503
1	2.72434890377882	0.742469824606235
1	-0.875120443972189	0.426164306378564
1	1.17835308185305	0.442994437275039
1	-0.338855688886291	0.853903273066606
1	-1.42065506517047	0.612545030090447
1	7.97386728885544	0.370571683698787
1	2.22575254380213	0.869068812667542
1	3.04465045166932	0.309399715063534
1	1.50293764620544	0.971849009405163
1	1.37353910564799	0.75389828761972
1	0.0804999982917752	0.703762262358253
1	0.419282683854408	0.504578292138441
1	-1.77964448430797	0.613033970656212
1	-2.97491361983617	0.654295061209571
1	1.51608146727065	0.37557747997006
1	2.03166462183689	0.679752850495931
1	5.25153152901144	0.283486431828695
1	-0.990726377760774	0.460079896776556
1	6.71007762971618	0.403340826968881
1	2.51754568958693	0.466215090949891
1	5.14228240478092	0.99849250980476
1	2.22102915390564	0.607019505145708
1	4.59494068903147	0.898099799254517
1	3.97686449291997	0.985868052736792
1	4.68391143616397	0.578141586735714
1	6.33941544000246	0.273485235536925
1	-1.87467214629883	0.51043058145712
1	1.51311956696982	0.849033459195019
1	1.36435275540902	0.512286382582069
1	5.22823915846488	0.767651381304048
1	4.38826261422772	0.950978071668715
1	5.47986906477806	0.964511348116696
1	0.270595138764477	0.559159264604292
1	-0.153860075129734	0.549682990136318
1	5.56012300122196	0.998798916842596
1	2.32505263054526	0.77977572240017
1	6.24277095251061	0.864167650029456
1	2.45398224816271	0.745751059397139
1	8.26490907575558	1.00545882997912
1	-0.930945882161437	0.474011844068963
1	5.39932265096741	0.384642406937805
1	5.81624554422744	0.990954362332256
1	-2.93409858024638	0.656823004710756
1	6.16025155235434	0.982761891117601
1	3.16011254647495	0.382840116136177
1	5.32739330739337	0.879015514792504
1	0.282227101930624	0.849707585503323
1	6.22767820949219	1.04090587703789
1	-1.77049189360083	0.695465524040338
1	1.25986883578969	0.838583267195313
1	1.24833832538136	0.557018845985683
1	4.27138506427479	0.305811233972641
1	8.23388103279801	1.02658276332209
1	-0.724592211437589	0.464856295267473
1	-1.80064293010617	0.73290401205533
1	8.34779430816257	0.314085755906543
1	2.14232647054823	0.950884296256156
1	2.01688935116643	0.495147160958279
1	2.11802353590613	0.900599776420775
1	0.72659511272592	0.465005178142794
1	0.955969342031826	0.560012551026938
1	-1.48018317295949	0.738887350117829
1	9.18937119752268	1.03772965547627
1	3.86278767333421	0.40812765916506
1	4.07277951095575	1.0289805085814
1	8.09335750718966	1.07022669297683
1	2.40746289272958	0.817256722513524
1	1.75169841125618	0.789022580608166
1	6.30234904471344	0.283463308874946
1	6.13579655870498	0.411952936202845
1	4.54584570886809	0.385738015040855
1	0.0167104651076917	0.840626491999043
1	-3.94584964160729	0.570688052278404
1	4.87117994637236	0.914428092387667
1	-0.0896766524990942	0.67191572525707
1	1.67250081881448	0.86789101371723
1	10.5986502421001	1.1123152055228
1	2.16053848443678	0.567062480609512
1	3.95893327242985	0.921204020587196
1	8.64082570944673	1.06134215544241
1	4.54730201138831	0.417449339918108
1	0.977307494202632	0.809126085589741
1	1.06882011005263	0.340289225894514
1	3.19035531022509	0.466530787036819
1	0.354662517959042	0.572479544656842
1	8.21281182966493	0.24033653813246
1	-2.44353143268069	0.569159096717075
1	3.96386746052535	1.00340629038005
1	1.75346706331009	0.53169717930243
1	2.72891950447322	0.657997150059497
1	0.15130527464686	0.762691460377133
1	0.776844952845669	0.668210490457484
1	3.43692809074676	0.394347027244847
1	1.10411931682987	0.9656961355261
1	0.19172838097893	0.824090702423222
1	2.32819553563234	0.936170123191574
1	5.41486842392824	0.324595226056221
1	4.00172788958346	0.873320129916473
1	1.80975166297802	0.594900519437975
1	3.37918766093409	0.959968861147312
1	0.271837861555728	0.805014821618374
1	4.27576087797144	0.926094098856114
1	1.21458901003792	0.721227904027088
1	-1.34571426500243	0.700449810092881
1	1.5991827235065	0.931818205208673
1	8.90883706034136	0.249195083079167
1	1.55573076680744	0.653675154767974
1	1.71821580999688	0.880986283030352
1	3.09945175602001	0.845713659094921
1	0.814243488014961	0.654022298363753
1	3.47294951502317	0.99584834085033
1	0.820190235673438	0.618802845357234
1	0.0858972810183634	0.446548769398079
1	9.50144070357534	0.291387873670202
1	9.73618464349955	0.317040754736708
1	0.480776128002462	0.510241333991348
1	-2.07576876510189	0.690571420466692
1	2.08428246714859	0.818332561937294
1	0.0423928969344883	0.590940149288283
1	10.9400305590002	1.04188954094233
1	1.45510443302963	0.49004104206346
1	1.43980085650073	0.637488480479152
1	1.06729994622673	0.524608893343879
1	-0.667118095738368	0.808410246732166
1	2.48559622194781	0.458328983533661
1	-3.59334622840611	0.654847145831469
1	5.4842791619212	0.911281757667261
1	6.52912929207117	0.303478522839083
1	9.41640296883018	1.00842374886501
1	1.8833297538254	0.530560052918442
1	2.72801818624204	0.976449354359636
1	2.06766699685338	0.537341996197439
1	-0.873487412559177	0.52583887283586
1	-2.48713331053373	0.652892017397891
1	6.12039571806073	1.02346325012854
1	3.89217324849871	0.998637552764956
1	0.437893522890534	0.575933051150574
1	2.91732636838642	0.921093055639422
1	6.45903992462169	1.08443363761144
1	-0.983639680156443	0.615739498234367
1	1.35549236184546	0.863342869820532
1	2.71621453822414	0.584848589032295
1	-1.94906625013054	0.518333134220815
1	3.56726923576964	0.903062457297782
1	3.84800896785591	0.409027983005905
1	3.73079781533223	0.862101127820007
1	4.54384424690582	0.3368466588325
1	3.07197709478683	0.447164747064489
1	5.11454114811392	0.356106034521648
1	1.35550223140033	0.441943564720105
1	9.41913541980507	0.280921919022816
1	3.04965937796903	0.800762436591816
1	6.49725403412085	1.00926842964173
1	5.97422921167153	0.922513487888491
1	4.29910421735747	0.938904951036325
1	-2.48117093495082	0.634109987261125
1	-0.855475425622786	0.593839772384097
1	1.02982585245596	0.950989852153688
1	-0.550405438180211	0.767474535961482
1	-0.378911573341857	0.811844157482551
1	0.860069221105435	0.543146582948052
1	0.0782511233260432	0.469239337422545
1	9.05461057364169	1.1130084698334
1	-0.667633028420721	0.792925008182655
1	6.49555919214203	0.418398933839013
1	6.37854978133696	0.343690870041522
1	1.83758599419501	0.654466445308448
1	7.24258033035268	1.05186883123911
1	3.71548639175473	0.76197423201981
1	6.89111419736346	1.09829301642659
1	1.01091020763872	0.880521805444876
1	3.60354287504806	0.546291929229336
1	-1.13234192349842	0.612900561234014
1	4.04042233026464	0.360478940444897
1	7.74974825111187	0.240057832326945
1	1.03288850154374	0.866062033685444
1	5.11043242136999	0.320354020309328
1	1.09225002588568	0.626098690875056
1	0.351957938008793	0.798813358716943
1	7.69667328978609	1.11225507713606
1	2.68677664636076	0.67003931778331
1	-0.420341071145105	0.660019474302527
1	3.47992365154558	0.382962683392564
1	2.13723221294091	0.901042989444633
1	1.50185514701769	0.632881159288272
1	-0.14263730175095	0.68391964532491
1	3.0038066445694	0.41335248030989
1	1.28722956868309	0.432166802985148
1	-0.318752239915457	0.759257221599407
1	0.322131339588853	0.740686381938083
1	5.2616944108093	0.297077995892296
1	8.82900430089372	0.260075149525209
1	-2.30272827027497	0.80121444457376
1	7.22671133846696	1.05591518355852
1	-2.72650320743043	0.761378475859214
1	-0.46843181378382	0.728236090315081
1	-1.03217188205283	0.697159909154594
1	7.16723598287619	1.10624587643285
1	-0.111691247546562	0.680775794981087
1	-2.6259055099788	0.836852789531942
1	2.72434890377882	0.764451779369181
1	-0.875120443972189	0.441265653582918
1	1.17835308185305	0.458461891041515
1	-0.338855688886291	0.878309244432401
1	-1.42065506517047	0.631700725203537
1	7.97386728885544	0.384463722188088
1	2.22575254380213	0.893804680669327
1	3.04465045166932	0.321961077084955
1	1.50293764620544	0.998820659452448
1	1.37353910564799	0.776128846230725
1	0.0804999982917752	0.724902209852814
1	0.419282683854408	0.521385382151653
1	-1.77964448430797	0.632200301714484
1	-2.97491361983617	0.674358946547413
1	1.51608146727065	0.389578409761206
1	2.03166462183689	0.70037052022037
1	5.25153152901144	0.295484101084044
1	-0.990726377760774	0.475919011279293
1	6.71007762971618	0.417945694042823
1	2.51754568958693	0.482187664595671
1	5.14228240478092	1.02604373706355
1	2.22102915390564	0.626055003276737
1	4.59494068903147	0.923467179557645
1	3.97686449291997	1.01314465963735
1	4.68391143616397	0.596548902264044
1	6.33941544000246	0.285265348338674
1	-1.87467214629883	0.527364976571889
1	1.51311956696982	0.873333497289963
1	1.36435275540902	0.529261147018622
1	5.22823915846488	0.790181111554197
1	4.38826261422772	0.977495715308686
1	5.47986906477806	0.991323381702003
1	0.270595138764477	0.57715365686189
1	-0.153860075129734	0.567471244587352
1	5.56012300122196	1.02635680938687
1	2.32505263054526	0.802569193964275
1	6.24277095251061	0.888796902829323
1	2.45398224816271	0.767804391001786
1	8.26490907575558	1.03316159590064
1	-0.930945882161437	0.490154020821083
1	5.39932265096741	0.39884052647563
1	5.81624554422744	1.01834161194447
1	-2.93409858024638	0.676941880512436
1	6.16025155235434	1.0099709295507
1	3.16011254647495	0.396999030364584
1	5.32739330739337	0.903967753833932
1	0.282227101930624	0.874022287896881
1	6.22767820949219	1.06937972410048
1	-1.77049189360083	0.716424992228999
1	1.25986883578969	0.862655981813687
1	1.24833832538136	0.574966677624902
1	4.27138506427479	0.318294535610367
1	8.23388103279801	1.05474503907525
1	-0.724592211437589	0.480799310972262
1	-1.80064293010617	0.754677881285938
1	8.34779430816257	0.32674905357621
1	2.14232647054823	0.977399899995539
1	2.01688935116643	0.51174909516881
1	2.11802353590613	0.926021538834853
1	0.72659511272592	0.480553766410218
1	0.955969342031826	0.57751757862234
1	-1.48018317295949	0.760075857017012
1	9.18937119752268	1.0650720725544
1	3.86278767333421	0.422504997121821
1	4.07277951095575	1.05614275885192
1	8.09335750718966	1.09823830530033
1	2.40746289272958	0.8400590507153
1	1.75169841125618	0.811243497242203
1	6.30234904471344	0.295273496195917
1	6.13579655870498	0.426409046177081
1	4.54584570886809	0.39965429425055
1	0.0167104651076917	0.863910062179407
1	-3.94584964160729	0.588412915133535
1	4.87117994637236	0.939231422025479
1	-0.0896766524990942	0.691725118969996
1	1.67250081881448	0.89173602856161
1	10.5986502421001	1.14119352554172
1	2.16053848443678	0.584712683879981
1	3.95893327242985	0.94614688352659
1	8.64082570944673	1.08917081292656
1	4.54730201138831	0.432018634585958
1	0.977307494202632	0.831760983650504
1	1.06882011005263	0.353269600912823
1	3.19035531022509	0.482110791405423
1	0.354662517959042	0.590241298818811
1	8.21281182966493	0.251258637426072
1	-2.44353143268069	0.586852474554779
1	3.96386746052535	1.03004190356177
1	1.75346706331009	0.548619122605039
1	2.72891950447322	0.677519925512395
1	0.15130527464686	0.784370153417296
1	0.776844952845669	0.687943584122727
1	3.43692809074676	0.408440587538521
1	1.10411931682987	0.991555202343244
1	0.19172838097893	0.847033759356422
1	2.32819553563234	0.961421175599141
1	5.41486842392824	0.337252422382552
1	4.00172788958346	0.897276943836292
1	1.80975166297802	0.613123977523563
1	3.37918766093409	0.985709989066699
1	0.271837861555728	0.827565058475727
1	4.27576087797144	0.951137660732356
1	1.21458901003792	0.742052758782301
1	-1.34571426500243	0.720846791948348
1	1.5991827235065	0.956979640745092
1	8.90883706034136	0.260299601959767
1	1.55573076680744	0.673108929532747
1	1.71821580999688	0.905100962208319
1	3.09945175602001	0.869101986763807
1	0.814243488014961	0.673463221683028
1	3.47294951502317	1.0223283169562
1	0.820190235673438	0.637518512089783
1	0.0858972810183634	0.461717294068066
1	9.50144070357534	0.303361247591874
1	9.73618464349955	0.329542385612245
1	0.480776128002462	0.526721447798969
1	-2.07576876510189	0.710764981583588
1	2.08428246714859	0.841157044362425
1	0.0423928969344883	0.609082053451486
1	10.9400305590002	1.069317620462
1	1.45510443302963	0.506105181359161
1	1.43980085650073	0.656588931153315
1	1.06729994622673	0.541384871117748
1	-0.667118095738368	0.831030403881241
1	2.48559622194781	0.473740092263465
1	-3.59334622840611	0.674305054822239
1	5.4842791619212	0.936020296407281
1	6.52912929207117	0.315700873454002
1	9.41640296883018	1.03516268406067
1	1.8833297538254	0.547458579945968
1	2.72801818624204	1.00252985683582
1	2.06766699685338	0.55438018039207
1	-0.873487412559177	0.542640178962442
1	-2.48713331053373	0.672309665406354
1	6.12039571806073	1.05051188625427
1	3.89217324849871	1.02517496571724
1	0.437893522890534	0.593765921645083
1	2.91732636838642	0.946033633533126
1	6.45903992462169	1.1127378064426
1	-0.983639680156443	0.634392082991228
1	1.35549236184546	0.88709422701163
1	2.71621453822414	0.602865052740808
1	-1.94906625013054	0.53497987842482
1	3.56726923576964	0.927631740094783
1	3.84800896785591	0.423423860881376
1	3.73079781533223	0.885826914438934
1	4.54384424690582	0.349756142788517
1	3.07197709478683	0.462345956254584
1	5.11454114811392	0.369412117171921
1	1.35550223140033	0.45701725671267
1	9.41913541980507	0.292679772773207
1	3.04965937796903	0.823225106210426
1	6.49725403412085	1.0360247589263
1	5.97422921167153	0.947483316033312
1	4.29910421735747	0.964212320386339
1	-2.48117093495082	0.65314086631363
1	-0.855475425622786	0.612041387035958
1	1.02982585245596	0.976546079830198
1	-0.550405438180211	0.78925172448571
1	-0.378911573341857	0.83453502743882
1	0.860069221105435	0.560304298095458
1	0.0782511233260432	0.48487511761502
1	9.05461057364169	1.14190106589765
1	-0.667633028420721	0.815226285556596
1	6.49555919214203	0.432987783019698
1	6.37854978133696	0.356741293416995
1	1.83758599419501	0.67391651472369
1	7.24258033035268	1.07950240929441
1	3.71548639175473	0.783638155535011
1	6.89111419736346	1.12688258451627
1	1.01091020763872	0.904626919868154
1	3.60354287504806	0.563514414920102
1	-1.13234192349842	0.63149468518064
1	4.04042233026464	0.37387507216048
1	7.74974825111187	0.250974192371251
1	1.03288850154374	0.889869385258484
1	5.11043242136999	0.332923879606234
1	1.09225002588568	0.644964597306574
1	0.351957938008793	0.821235891949377
1	7.69667328978609	1.14113215896118
1	2.68677664636076	0.689810071575296
1	-0.420341071145105	0.679583894467439
1	3.47992365154558	0.396821811585237
1	2.13723221294091	0.925570686349828
1	1.50185514701769	0.651886733700721
1	-0.14263730175095	0.703976229762068
1	3.0038066445694	0.427837410396178
1	1.28722956868309	0.447039167011495
1	-0.318752239915457	0.780865195077474
1	0.322131339588853	0.761911935400059
1	5.2616944108093	0.309168543655938
1	8.82900430089372	0.271403716174312
1	-2.30272827027497	0.823686422166747
1	7.22671133846696	1.08363208612404
1	-2.72650320743043	0.783030131265667
1	-0.46843181378382	0.749205261146567
1	-1.03217188205283	0.717489143724924
1	7.16723598287619	1.13499921379237
1	-0.111691247546562	0.700767639679979
1	-2.6259055099788	0.860058649744178
1	2.72434890377882	0.786166721778224
1	-0.875120443972189	0.456325385690378
1	1.17835308185305	0.473875736669177
1	-0.338855688886291	0.902368796692987
1	-1.42065506517047	0.650681991527073
1	7.97386728885544	0.398353760522187
1	2.22575254380213	0.918183322700925
1	3.04465045166932	0.334564029698545
1	1.50293764620544	1.02536184302919
1	1.37353910564799	0.798084248639342
1	0.0804999982917752	0.745802727750815
1	0.419282683854408	0.538094979771233
1	-1.77964448430797	0.651191855567331
1	-2.97491361983617	0.694218652294809
1	1.51608146727065	0.403573772299255
1	2.03166462183689	0.720765869299135
1	5.25153152901144	0.307541826568816
1	-0.990726377760774	0.491692342655794
1	6.71007762971618	0.432525209882997
1	2.51754568958693	0.498090083215713
1	5.14228240478092	1.05314551186653
1	2.22102915390564	0.644920010071385
1	4.59494068903147	0.948456646598182
1	3.97686449291997	1.03998081018819
1	4.68391143616397	0.614806304673011
1	6.33941544000246	0.297112644157337
1	-1.87467214629883	0.544197708989685
1	1.51311956696982	0.897290586477421
1	1.36435275540902	0.54613292632638
1	5.22823915846488	0.812425885236763
1	4.38826261422772	1.00359776497273
1	5.47986906477806	1.01771017758653
1	0.270595138764477	0.595011662679533
1	-0.153860075129734	0.585129865330042
1	5.56012300122196	1.05346503113168
1	2.32505263054526	0.825069069234113
1	6.24277095251061	0.913072422195652
1	2.45398224816271	0.789588372065938
1	8.26490907575558	1.06040994521187
1	-0.930945882161437	0.506220486631852
1	5.39932265096741	0.413026619152302
1	5.81624554422744	1.04528478073579
1	-2.93409858024638	0.696854775327557
1	6.16025155235434	1.03674172506466
1	3.16011254647495	0.411147202032554
1	5.32739330739337	0.928555678949871
1	0.282227101930624	0.897993561004925
1	6.22767820949219	1.09737389521737
1	-1.77049189360083	0.737150943022917
1	1.25986883578969	0.886393194263491
1	1.24833832538136	0.592779648072565
1	4.27138506427479	0.330821984968569
1	8.23388103279801	1.08243784544047
1	-0.724592211437589	0.496673139920286
1	-1.80064293010617	0.776191554698509
1	8.34779430816257	0.339450602595789
1	2.14232647054823	1.00349997658275
1	2.01688935116643	0.528260257548507
1	2.11802353590613	0.951063606518856
1	0.72659511272592	0.496042233338883
1	0.955969342031826	0.59489808808607
1	-1.48018317295949	0.781018602947841
1	9.18937119752268	1.09196617084716
1	3.86278767333421	0.436860765798467
1	4.07277951095575	1.08286262058211
1	8.09335750718966	1.12577957207432
1	2.40746289272958	0.862562498531863
1	1.75169841125618	0.833184670828837
1	6.30234904471344	0.307146612777312
1	6.13579655870498	0.440840994066395
1	4.54584570886809	0.413564180068404
1	0.0167104651076917	0.886878911749108
1	-3.94584964160729	0.606006023912853
1	4.87117994637236	0.963670007709885
1	-0.0896766524990942	0.711334145642705
1	1.67250081881448	0.915247842674198
1	10.5986502421001	1.16957297206489
1	2.16053848443678	0.602233590517472
1	3.95893327242985	0.970720409731704
1	8.64082570944673	1.11653514687513
1	4.54730201138831	0.446560041660422
1	0.977307494202632	0.854102512339847
1	1.06882011005263	0.366274388109153
1	3.19035531022509	0.497629640364785
1	0.354662517959042	0.60787008461643
1	8.21281182966493	0.262272897666452
1	-2.44353143268069	0.604415134655553
1	3.96386746052535	1.05625246262239
1	1.75346706331009	0.56543574017204
1	2.72891950447322	0.696851768051895
1	0.15130527464686	0.805786950863842
1	0.776844952845669	0.707478822186927
1	3.43692809074676	0.422521919179792
1	1.10411931682987	1.01701477529804
1	0.19172838097893	0.869673303775601
1	2.32819553563234	0.986292747122761
1	5.41486842392824	0.349944668411413
1	4.00172788958346	0.920896877123897
1	1.80975166297802	0.631199270120348
1	3.37918766093409	1.01105550511827
1	0.271837861555728	0.849824712610805
1	4.27576087797144	0.975808571338319
1	1.21458901003792	0.762643822289597
1	-1.34571426500243	0.741024066121957
1	1.5991827235065	0.981764545164014
1	8.90883706034136	0.271490277391191
1	1.55573076680744	0.692354700868722
1	1.71821580999688	0.928873564571296
1	3.09945175602001	0.892172145697573
1	0.814243488014961	0.69271590627667
1	3.47294951502317	1.04838836178247
1	0.820190235673438	0.656069812136867
1	0.0858972810183634	0.476838207307692
1	9.50144070357534	0.315392179437594
1	9.73618464349955	0.34208418667423
1	0.480776128002462	0.5431107788226
1	-2.07576876510189	0.730745530673835
1	2.08428246714859	0.863681917189373
1	0.0423928969344883	0.627078476497936
1	10.9400305590002	1.0962945615911
1	1.45510443302963	0.522092229797892
1	1.43980085650073	0.675512349862057
1	1.06729994622673	0.558060327655587
1	-0.667118095738368	0.853357676860467
1	2.48559622194781	0.489095604835123
1	-3.59334622840611	0.693574165998856
1	5.4842791619212	0.960396223805916
1	6.52912929207117	0.327972586849718
1	9.41640296883018	1.06147316425987
1	1.8833297538254	0.564252551991669
1	2.72801818624204	1.02820357682788
1	2.06766699685338	0.571309212746932
1	-0.873487412559177	0.559340130162595
1	-2.48713331053373	0.691539840803088
1	6.12039571806073	1.07712187348363
1	3.89217324849871	1.05129055683872
1	0.437893522890534	0.611463482959622
1	2.91732636838642	0.970604949905522
1	6.45903992462169	1.14056200013821
1	-0.983639680156443	0.652882377424956
1	1.35549236184546	0.910515466240955
1	2.71621453822414	0.620740164243118
1	-1.94906625013054	0.55153035515488
1	3.56726923576964	0.951843982661015
1	3.84800896785591	0.437797559229694
1	3.73079781533223	0.909223424759215
1	4.54384424690582	0.362692372323336
1	3.07197709478683	0.477479136499497
1	5.11454114811392	0.38273189123488
1	1.35550223140033	0.472046458721168
1	9.41913541980507	0.304502278359346
1	3.04965937796903	0.845400075408941
1	6.49725403412085	1.06235206068271
1	5.97422921167153	0.972082919875951
1	4.29910421735747	0.989138355163191
1	-2.48117093495082	0.671997003371708
1	-0.855475425622786	0.63009555518225
1	1.02982585245596	1.00171278168637
1	-0.550405438180211	0.810763775407636
1	-0.378911573341857	0.856930685691779
1	0.860069221105435	0.57734892700559
1	0.0782511233260432	0.500447906520121
1	9.05461057364169	1.17029431856579
1	-0.667633028420721	0.837245174785047
1	6.49555919214203	0.447548100964286
1	6.37854978133696	0.369813823307601
1	1.83758599419501	0.693178044366781
1	7.24258033035268	1.10667808491262
1	3.71548639175473	0.805040669599981
1	6.89111419736346	1.15498278346739
1	1.01091020763872	0.928390272303241
1	3.60354287504806	0.580621682431544
1	-1.13234192349842	0.649928443059403
1	4.04042233026464	0.387281931296497
1	7.74974825111187	0.261982902271454
1	1.03288850154374	0.913344775797713
1	5.11043242136999	0.345531663330439
1	1.09225002588568	0.66366119186744
1	0.351957938008793	0.84337204586302
1	7.69667328978609	1.16951040804606
1	2.68677664636076	0.709381730171763
1	-0.420341071145105	0.698956010970647
1	3.47992365154558	0.4106764275291
1	2.13723221294091	0.949742711836477
1	1.50185514701769	0.670718399028634
1	-0.14263730175095	0.723824310801469
1	3.0038066445694	0.442297229774828
1	1.28722956868309	0.461873667824747
1	-0.318752239915457	0.802213600717722
1	0.322131339588853	0.782890508494849
1	5.2616944108093	0.321312792531138
1	8.82900430089372	0.282811064774095
1	-2.30272827027497	0.845870392964844
1	7.22671133846696	1.11088834360097
1	-2.72650320743043	0.804420781030402
1	-0.46843181378382	0.769935890522785
1	-1.03217188205283	0.737600900535802
1	7.16723598287619	1.16325779149822
1	-0.111691247546562	0.720553111909202
1	-2.6259055099788	0.882952347192884
1	2.72434890377882	0.807618575434694
1	-0.875120443972189	0.471341087307616
1	1.17835308185305	0.489233896052871
1	-0.338855688886291	0.926088086657763
1	-1.42065506517047	0.669490148874181
1	7.97386728885544	0.412238269190811
1	2.22575254380213	0.942211199500276
1	3.04465045166932	0.347203817462894
1	1.50293764620544	1.05148108066389
1	1.37353910564799	0.819768647481687
1	0.0804999982917752	0.766466963925643
1	0.419282683854408	0.554706241077662
1	-1.77964448430797	0.670009961826608
1	-2.97491361983617	0.713876334966137
1	1.51608146727065	0.417560138393763
1	2.03166462183689	0.740941564439382
1	5.25153152901144	0.319654333520394
1	-0.990726377760774	0.507398155206047
1	6.71007762971618	0.447076501696802
1	2.51754568958693	0.513920734063795
1	5.14228240478092	1.07980688869751
1	2.22102915390564	0.663615734607202
1	4.59494068903147	0.973075242916338
1	3.97686449291997	1.0663853058697
1	4.68391143616397	0.632914424305491
1	6.33941544000246	0.309021647798986
1	-1.87467214629883	0.56092805207516
1	1.51311956696982	0.920910785972148
1	1.36435275540902	0.562901031061609
1	5.22823915846488	0.834390130609949
1	4.38826261422772	1.02929232292045
1	5.47986906477806	1.04368010924664
1	0.270595138764477	0.612733531980435
1	-0.153860075129734	0.602658912376108
1	5.56012300122196	1.08013264270144
1	2.32505263054526	0.847280019448579
1	6.24277095251061	0.937000570643489
1	2.45398224816271	0.81110699194928
1	8.26490907575558	1.08721307200676
1	-0.930945882161437	0.522209785007704
1	5.39932265096741	0.427197437445164
1	5.81624554422744	1.07179277212
1	-2.93409858024638	0.716563896332341
1	6.16025155235434	1.06308301689014
1	3.16011254647495	0.425281347498198
1	5.32739330739337	0.95278595021747
1	0.282227101930624	0.921627477552197
1	6.22767820949219	1.12489829486735
1	-1.77049189360083	0.757646358022752
1	1.25986883578969	0.909800754329964
1	1.24833832538136	0.610457964356326
1	4.27138506427479	0.343388754690045
1	8.23388103279801	1.10967079985084
1	-0.724592211437589	0.512476142134064
1	-1.80064293010617	0.797448764188474
1	8.34779430816257	0.352185741435569
1	2.14232647054823	1.02919262639804
1	2.01688935116643	0.544679615171063
1	2.11802353590613	0.97573307211437
1	0.72659511272592	0.511468714510755
1	0.955969342031826	0.612154028503682
1	-1.48018317295949	0.801718951363407
1	9.18937119752268	1.11842101811855
1	3.86278767333421	0.451192015097172
1	4.07277951095575	1.10914899453197
1	8.09335750718966	1.15286018136722
1	2.40746289272958	0.884771925333241
1	1.75169841125618	0.854850421803948
1	6.30234904471344	0.319077328924441
1	6.13579655870498	0.455245902789961
1	4.54584570886809	0.42746429502239
1	0.0167104651076917	0.909538346161035
1	-3.94584964160729	0.623467531476198
1	4.87117994637236	0.987750563620941
1	-0.0896766524990942	0.730744890371901
1	1.67250081881448	0.938432281933894
1	10.5986502421001	1.19746403654752
1	2.16053848443678	0.619625284176808
1	3.95893327242985	0.994931442721714
1	8.64082570944673	1.14344467576823
1	4.54730201138831	0.461070788976194
1	0.977307494202632	0.876155375829953
1	1.06882011005263	0.379299342483624
1	3.19035531022509	0.513085498617738
1	0.354662517959042	0.625366089105603
1	8.21281182966493	0.273373165953813
1	-2.44353143268069	0.621847200694487
1	3.96386746052535	1.08204638016049
1	1.75346706331009	0.582146440604318
1	2.72891950447322	0.715994497096521
1	0.15130527464686	0.826945670543432
1	0.776844952845669	0.726818219021155
1	3.43692809074676	0.436587809025717
1	1.10411931682987	1.04208254717648
1	0.19172838097893	0.892014325497998
1	2.32819553563234	1.01079196695502
1	5.41486842392824	0.362667419575383
1	4.00172788958346	0.944185859289322
1	1.80975166297802	0.649127012256469
1	3.37918766093409	1.03601299276563
1	0.271837861555728	0.871798409719863
1	4.27576087797144	1.00011376753514
1	1.21458901003792	0.78300412091803
1	-1.34571426500243	0.760984262369882
1	1.5991827235065	1.00617996458849
1	8.90883706034136	0.282761125565824
1	1.55573076680744	0.711414205696047
1	1.71821580999688	0.952310165961079
1	3.09945175602001	0.914929538453106
1	0.814243488014961	0.711782095691113
1	3.47294951502317	1.07403674366133
1	0.820190235673438	0.674457816774942
1	0.0858972810183634	0.491909292402436
1	9.50144070357534	0.327475490777002
1	9.73618464349955	0.35466146915527
1	0.480776128002462	0.559408326113307
1	-2.07576876510189	0.750515508934607
1	2.08428246714859	0.885912060323821
1	0.0423928969344883	0.64492995786011
1	10.9400305590002	1.12282951149764
1	1.45510443302963	0.538000800846942
1	1.43980085650073	0.694260164553801
1	1.06729994622673	0.574634536256866
1	-0.667118095738368	0.875396756178074
1	2.48559622194781	0.504393529395194
1	-3.59334622840611	0.712656238652465
1	5.4842791619212	0.984416193985889
1	6.52912929207117	0.340288715382545
1	9.41640296883018	1.08736369783457
1	1.8833297538254	0.58094135595093
1	2.72801818624204	1.05347841237959
1	2.06766699685338	0.588128609611345
1	-0.873487412559177	0.575938023213674
1	-2.48713331053373	0.710584265559689
1	6.12039571806073	1.10330200726306
1	3.89217324849871	1.07699264770216
1	0.437893522890534	0.62902598807073
1	2.91732636838642	0.994813846157682
1	6.45903992462169	1.16791617794929
1	-0.983639680156443	0.671211394338745
1	1.35549236184546	0.933612326572298
1	2.71621453822414	0.638474346695818
1	-1.94906625013054	0.567983717918587
1	3.56726923576964	0.97570568222895
1	3.84800896785591	0.45214614513844
1	3.73079781533223	0.932296374142232
1	4.54384424690582	0.375651036725255
1	3.07197709478683	0.492562082842508
1	5.11454114811392	0.396061413622365
1	1.35550223140033	0.487028866126794
1	9.41913541980507	0.316384057576415
1	3.04965937796903	0.867291888713963
1	6.49725403412085	1.08825885940621
1	5.97422921167153	0.996319167930736
1	4.29910421735747	1.01369023676195
1	-2.48117093495082	0.690679761895001
1	-0.855475425622786	0.648002871603544
1	1.02982585245596	1.02649736979423
1	-0.550405438180211	0.832014597853414
1	-0.378911573341857	0.87903588829625
1	0.860069221105435	0.594280096825893
1	0.0782511233260432	0.515955920541572
1	9.05461057364169	1.19819873252609
1	-0.667633028420721	0.85898607079354
1	6.49555919214203	0.462077133633347
1	6.37854978133696	0.382904279644146
1	1.83758599419501	0.712252786262045
1	7.24258033035268	1.13340519574673
1	3.71548639175473	0.826185578350906
1	6.89111419736346	1.18260383707919
1	1.01091020763872	0.951817929725967
1	3.60354287504806	0.597613418949575
1	-1.13234192349842	0.668202793483786
1	4.04042233026464	0.400695658234947
1	7.74974825111187	0.273077803807823
1	1.03288850154374	0.936493996270405
1	5.11043242136999	0.358172745958261
1	1.09225002588568	0.682189685097431
1	0.351957938008793	0.865226327780418
1	7.69667328978609	1.1974003146982
1	2.68677664636076	0.728756342852493
1	-0.420341071145105	0.71813768183286
1	3.47992365154558	0.424523100776512
1	2.13723221294091	0.973565524589386
1	1.50185514701769	0.689377495275747
1	-0.14263730175095	0.743466202671003
1	3.0038066445694	0.456729088079556
1	1.28722956868309	0.476667814186977
1	-0.318752239915457	0.823306190793965
1	0.322131339588853	0.803625499015518
1	5.2616944108093	0.333505672700759
1	8.82900430089372	0.294291419195977
1	-2.30272827027497	0.867770910122594
1	7.22671133846696	1.13769337087922
1	-2.72650320743043	0.825554217917796
1	-0.46843181378382	0.790431138585259
1	-1.03217188205283	0.757497746545672
1	7.16723598287619	1.19103198515407
1	-0.111691247546562	0.740134465886738
1	-2.6259055099788	0.905539115298401
1	2.72434890377882	0.828811191766278
1	-0.875120443972189	0.486310440875838
1	1.17835308185305	0.504534379876099
1	-0.338855688886291	0.949473139069128
1	-1.42065506517047	0.688126514716434
1	7.97386728885544	0.426113846398194
1	2.22575254380213	0.965894631587133
1	3.04465045166932	0.359875845529868
1	1.50293764620544	1.07718669742445
1	1.37353910564799	0.841186117077649
1	0.0804999982917752	0.786898014881611
1	0.419282683854408	0.571218377839932
1	-1.77964448430797	0.688655947499819
1	-2.97491361983617	0.733334126294385
1	1.51608146727065	0.431534203878272
1	2.03166462183689	0.760900233883797
1	5.25153152901144	0.331816521697329
1	-0.990726377760774	0.52303479283559
1	6.71007762971618	0.461596806793355
1	2.51754568958693	0.529678080701701
1	5.14228240478092	1.1060367122593
1	2.22102915390564	0.682143386590054
1	4.59494068903147	0.997329855230535
1	3.97686449291997	1.09236674516675
1	4.68391143616397	0.650873907654006
1	6.33941544000246	0.320987063966314
1	-1.87467214629883	0.577555331735984
1	1.51311956696982	0.944200025539333
1	1.36435275540902	0.579564823326139
1	5.22823915846488	0.856078190223709
1	4.38826261422772	1.05458730716856
1	5.47986906477806	1.069241358642
1	0.270595138764477	0.63031954104009
1	-0.153860075129734	0.620058477182871
1	5.56012300122196	1.1063684947749
1	2.32505263054526	0.869206623621714
1	6.24277095251061	0.960587573103972
1	2.45398224816271	0.832364166074248
1	8.26490907575558	1.11357995685405
1	-0.930945882161437	0.538120531572468
1	5.39932265096741	0.441349853983323
1	5.81624554422744	1.09787428378154
1	-2.93409858024638	0.736071424562893
1	6.16025155235434	1.08900334293172
1	3.16011254647495	0.439398304240089
1	5.32739330739337	0.976665082149525
1	0.282227101930624	0.944929980451542
1	6.22767820949219	1.15196259495188
1	-1.77049189360083	0.777914171919435
1	1.25986883578969	0.932884387965561
1	1.24833832538136	0.628001861006555
1	4.27138506427479	0.355990179939607
1	8.23388103279801	1.1364532948605
1	-0.724592211437589	0.52820675467444
1	-1.80064293010617	0.818453174619058
1	8.34779430816257	0.364949966640454
1	2.14232647054823	1.05448576562924
1	2.01688935116643	0.561006195867733
1	2.11802353590613	1.0000368710975
1	0.72659511272592	0.526831428284216
1	0.955969342031826	0.629285383077623
1	-1.48018317295949	0.822180208220149
1	9.18937119752268	1.1444454715791
1	3.86278767333421	0.465495906827245
1	4.07277951095575	1.13501057538909
1	8.09335750718966	1.17948959405013
1	2.40746289272958	0.906692092854696
1	1.75169841125618	0.876244987429208
1	6.30234904471344	0.331060490698563
1	6.13579655870498	0.469621005214918
1	4.54584570886809	0.441351385014827
1	0.0167104651076917	0.931893561264115
1	-3.94584964160729	0.640797619332681
1	4.87117994637236	1.01147965653609
1	-0.0896766524990942	0.749959415058208
1	1.67250081881448	0.961295048651682
1	10.5986502421001	1.22487696169121
1	2.16053848443678	0.636887879018969
1	3.95893327242985	1.01878667514278
1	8.64082570944673	1.16990869543901
1	4.54730201138831	0.475548211500861
1	0.977307494202632	0.897924184822477
1	1.06882011005263	0.392340365688017
1	3.19035531022509	0.528476612862169
1	0.354662517959042	0.642729527073956
1	8.21281182966493	0.284553487232376
1	-2.44353143268069	0.639148825779021
1	3.96386746052535	1.10743187580045
1	1.75346706331009	0.598750681121818
1	2.72891950447322	0.734949915997333
1	0.15130527464686	0.847850060594427
1	0.776844952845669	0.745963767698096
1	3.43692809074676	0.450635162898457
1	1.10411931682987	1.06676603710422
1	0.19172838097893	0.914061713205961
1	2.32819553563234	1.03492580575039
1	5.41486842392824	0.375416285996633
1	4.00172788958346	0.967149693494074
1	1.80975166297802	0.666907835208542
1	3.37918766093409	1.06058986474537
1	0.271837861555728	0.893490684134275
1	4.27576087797144	1.02406003280641
1	1.21458901003792	0.803136632584564
1	-1.34571426500243	0.780729972638032
1	1.5991827235065	1.03023278883234
1	8.90883706034136	0.294106355983015
1	1.55573076680744	0.730289167080983
1	1.71821580999688	0.975416711944594
1	3.09945175602001	0.937379455377861
1	0.814243488014961	0.730663519441111
1	3.47294951502317	1.0992815418217
1	0.820190235673438	0.692683601286985
1	0.0858972810183634	0.506928424866938
1	9.50144070357534	0.339606174876997
1	9.73618464349955	0.367269702846699
1	0.480776128002462	0.575613148330164
1	-2.07576876510189	0.770077324812191
1	2.08428246714859	0.907852255485677
1	0.0423928969344883	0.662637055247322
1	10.9400305590002	1.14893140466563
1	1.45510443302963	0.553829577927504
1	1.43980085650073	0.712833797613343
1	1.06729994622673	0.591106822470493
1	-0.667118095738368	0.897152239238393
1	2.48559622194781	0.519631960285977
1	-3.59334622840611	0.731553017620078
1	5.4842791619212	1.00808671527875
1	6.52912929207117	0.352644476913641
1	9.41640296883018	1.11284259761277
1	1.8833297538254	0.597524427920591
1	2.72801818624204	1.07836208236692
1	2.06766699685338	0.604837933062608
1	-0.873487412559177	0.592433206512519
1	-2.48713331053373	0.729444648194966
1	6.12039571806073	1.12906087979229
1	3.89217324849871	1.10228936934851
1	0.437893522890534	0.646453715917901
1	2.91732636838642	1.0186670128745
1	6.45903992462169	1.1948100646532
1	-0.983639680156443	0.689380152111251
1	1.35549236184546	0.95639042583094
1	2.71621453822414	0.656068044652225
1	-1.94906625013054	0.584339175687199
1	3.56726923576964	0.999223194449534
1	3.84800896785591	0.466466797141219
1	3.73079781533223	0.955051357346834
1	4.54384424690582	0.388627973697397
1	3.07197709478683	0.507592682240575
1	5.11454114811392	0.409396879797047
1	1.35550223140033	0.501962268898528
1	9.41913541980507	0.328319909277161
1	3.04965937796903	0.888905001465137
1	6.49725403412085	1.11375348361547
1	5.97422921167153	1.02019877716832
1	4.29910421735747	1.03787498663886
1	-2.48117093495082	0.709190501509875
1	-0.855475425622786	0.665763947872159
1	1.02982585245596	1.05090709009751
1	-0.550405438180211	0.853008028811166
1	-0.378911573341857	0.900855296444422
1	0.860069221105435	0.611097477458882
1	0.0782511233260432	0.531397456690924
1	9.05461057364169	1.22562456335813
1	-0.667633028420721	0.880453283334714
1	6.49555919214203	0.476572233633998
1	6.37854978133696	0.396008627266892
1	1.83758599419501	0.731142478174649
1	7.24258033035268	1.1596928616547
1	3.71548639175473	0.847076616603008
1	6.89111419736346	1.20975572757899
1	1.01091020763872	0.974915829075188
1	3.60354287504806	0.614489352804234
1	-1.13234192349842	0.686318702096733
1	4.04042233026464	0.414112529669007
1	7.74974825111187	0.284252936747375
1	1.03288850154374	0.959322715012659
1	5.11043242136999	0.370842658827807
1	1.09225002588568	0.700551287806158
1	0.351957938008793	0.88680315683541
1	7.69667328978609	1.22481212050226
1	2.68677664636076	0.74793593666222
1	-0.420341071145105	0.737130747971559
1	3.47992365154558	0.43835852567561
1	2.13723221294091	0.997045442746141
1	1.50185514701769	0.707865359241884
1	-0.14263730175095	0.762904190254485
1	3.0038066445694	0.47113024417524
1	1.28722956868309	0.491419214455368
1	-0.318752239915457	0.844146649650605
1	0.322131339588853	0.824120246337074
1	5.2616944108093	0.34574228313064
1	8.82900430089372	0.305839191045946
1	-2.30272827027497	0.889392437376082
1	7.22671133846696	1.16405636298124
1	-2.72650320743043	0.846434165676384
1	-0.46843181378382	0.81069411343407
1	-1.03217188205283	0.777182212587693
1	7.16723598287619	1.21833192471849
1	-0.111691247546562	0.759513928096663
1	-2.6259055099788	0.927824079809874
1	2.72434890377882	0.849748351610781
1	-0.875120443972189	0.501231223771242
1	1.17835308185305	0.519775284950032
1	-0.338855688886291	0.972529849765707
1	-1.42065506517047	0.706592403926074
1	7.97386728885544	0.439977214375563
1	2.22575254380213	0.989239802641238
1	3.04465045166932	0.372575675090043
1	1.50293764620544	1.10248682775319
1	1.37353910564799	0.862340655176642
1	0.0804999982917752	0.80709892678909
1	0.419282683854408	0.587630655727444
1	-1.77964448430797	0.707131136739271
1	-2.97491361983617	0.752594133565122
1	1.51608146727065	0.445492785993754
1	2.03166462183689	0.780644468105413
1	5.25153152901144	0.344023460457486
1	-0.990726377760774	0.53860067663669
1	6.71007762971618	0.47608346936045
1	2.51754568958693	0.54536066066735
1	5.14228240478092	1.13184362268642
1	2.22102915390564	0.700504176018016
1	4.59494068903147	1.02122721822707
1	3.97686449291997	1.11793352860234
1	4.68391143616397	0.668685416615306
1	6.33941544000246	0.33300377219502
1	-1.87467214629883	0.594078924717692
1	1.51311956696982	0.967164108588794
1	1.36435275540902	0.59612371508851
1	5.22823915846488	0.877494322860429
1	4.38826261422772	1.07949045603011
1	5.47986906477806	1.09440192094649
1	0.270595138764477	0.647769991471802
1	-0.153860075129734	0.637328681504455
1	5.56012300122196	1.13218123330218
1	2.32505263054526	0.890853370655244
1	6.24277095251061	0.983839520233042
1	2.45398224816271	0.853363737556307
1	8.26490907575558	1.13951937210863
1	-0.930945882161437	0.553951411846017
1	5.39932265096741	0.455480858059571
1	5.81624554422744	1.12353781278128
1	-2.93409858024638	0.755379515285017
1	6.16025155235434	1.11451104475763
1	3.16011254647495	0.45349502734364
1	5.32739330739337	1.00019944721365
1	0.282227101930624	0.967906885907659
1	6.22767820949219	1.17857624060887
1	-1.77049189360083	0.797957273411691
1	1.25986883578969	0.955649700236021
1	1.24833832538136	0.645411599011527
1	4.27138506427479	0.368621753798654
1	8.23388103279801	1.16279450375546
1	-0.724592211437589	0.543863489289467
1	-1.80064293010617	0.839208385269462
1	8.34779430816257	0.377738928341821
1	2.14232647054823	1.07938713080951
1	2.01688935116643	0.577239086305559
1	2.11802353590613	1.02398178560399
1	0.72659511272592	0.542128673294346
1	0.955969342031826	0.646292167910935
1	-1.48018317295949	0.842405623177909
1	9.18937119752268	1.17004818312294
1	3.86278767333421	0.479769711437072
1	4.07277951095575	1.16045585688743
1	8.09335750718966	1.20567704947285
1	2.40746289272958	0.928327667455451
1	1.75169841125618	0.89737252366941
1	6.30234904471344	0.343091114964777
1	6.13579655870498	0.483963640939977
1	4.54584570886809	0.455222315751867
1	0.0167104651076917	0.95394964587774
1	-3.94584964160729	0.657996496568591
1	4.87117994637236	1.03486370940153
1	-0.0896766524990942	0.768979758701532
1	1.67250081881448	0.983841724513357
1	10.5986502421001	1.25182174768851
1	2.16053848443678	0.654021518590037
1	3.95893327242985	1.04229265243098
1	8.64082570944673	1.19593628462962
1	4.54730201138831	0.489989748192764
1	0.977307494202632	0.919413458697436
1	1.06882011005263	0.405393501841306
1	3.19035531022509	0.543801309311906
1	0.354662517959042	0.65996063999296
1	8.21281182966493	0.295808098755669
1	-2.44353143268069	0.656320191356197
1	3.96386746052535	1.13241698096579
1	1.75346706331009	0.615247965964743
1	2.72891950447322	0.753719812145269
1	0.15130527464686	0.868503800988502
1	0.776844952845669	0.764917440237358
1	3.43692809074676	0.464661002131062
1	1.10411931682987	1.09107259481051
1	0.19172838097893	0.935820256797984
1	2.32819553563234	1.05870107949025
1	5.41486842392824	0.388187028090449
1	4.00172788958346	0.989794059567208
1	1.80975166297802	0.684542385756641
1	3.37918766093409	1.08479336725361
1	0.271837861555728	0.914905980913885
1	4.27576087797144	1.04765400098716
1	1.21458901003792	0.823044287715576
1	-1.34571426500243	0.80026375174288
1	1.5991827235065	1.05392975520643
1	8.90883706034136	0.305520366034045
1	1.55573076680744	0.748981294284866
1	1.71821580999688	0.998199020933536
1	3.09945175602001	0.959527077253001
1	0.814243488014961	0.749361893063385
1	3.47294951502317	1.12413065106051
1	0.820190235673438	0.710748244540367
1	0.0858972810183634	0.521893569695954
1	9.50144070357534	0.351779391856678
1	9.73618464349955	0.379904511600063
1	0.480776128002462	0.591724361851612
1	-2.07576876510189	0.78943335454936
1	2.08428246714859	0.929507188482339
1	0.0423928969344883	0.680200343847218
1	10.9400305590002	1.1746089681883
1	1.45510443302963	0.569577312253157
1	1.43980085650073	0.731234665692154
1	1.06729994622673	0.607476562400256
1	-0.667118095738368	0.918628632481072
1	2.48559622194781	0.5348090754556
1	-3.59334622840611	0.750266233349352
1	5.4842791619212	1.03141415375377
1	6.52912929207117	0.365035250127273
1	9.41640296883018	1.13791798571964
1	1.8833297538254	0.614001251584783
1	2.72801818624204	1.10286213090729
1	2.06766699685338	0.621436789383447
1	-0.873487412559177	0.608825078397512
1	-2.48713331053373	0.748122683813317
1	6.12039571806073	1.15440688506865
1	3.89217324849871	1.12718866699584
1	0.437893522890534	0.663746970402358
1	2.91732636838642	1.04217099348611
1	6.45903992462169	1.22125315642161
1	-0.983639680156443	0.707389674233086
1	1.35549236184546	0.978855263484938
1	2.71621453822414	0.673521723181588
1	-1.94906625013054	0.600595991116305
1	3.56726923576964	1.02240273681003
1	3.84800896785591	0.480756801961756
1	3.73079781533223	0.977493851393851
1	4.54384424690582	0.401619165126736
1	3.07197709478683	0.522568910823609
1	5.11454114811392	0.422734619801625
1	1.35550223140033	0.516844548781889
1	9.41913541980507	0.340304804385452
1	3.04965937796903	0.910243781851064
1	6.49725403412085	1.13884407070513
1	5.97422921167153	1.04372831669627
1	4.29910421735747	1.06169947021337
1	-2.48117093495082	0.727530577794078
1	-0.855475425622786	0.683379411592826
1	1.02982585245596	1.07494902647692
1	-0.550405438180211	0.873747834717217
1	-0.378911573341857	0.92239347865146
1	0.860069221105435	0.627800780118001
1	0.0782511233260432	0.546770890145032
1	9.05461057364169	1.25258182378674
1	-0.667633028420721	0.901651038918354
1	6.49555919214203	0.491030857090584
1	6.37854978133696	0.409122971787038
1	1.83758599419501	0.749848843670252
1	7.24258033035268	1.18554999012745
1	3.71548639175473	0.867717451362479
1	6.89111419736346	1.23644820167733
1	1.01091020763872	0.99768978036614
1	3.60354287504806	0.631249252068039
1	-1.13234192349842	0.704277141068804
1	4.04042233026464	0.427528954691305
1	7.74974825111187	0.295502533305419
1	1.03288850154374	0.981836480647419
1	5.11043242136999	0.383537085685211
1	1.09225002588568	0.718747210749504
1	0.351957938008793	0.908106865982711
1	7.69667328978609	1.25175582456383
1	2.68677664636076	0.766922516680642
1	-0.420341071145105	0.755937033335657
1	3.47992365154558	0.452179517762299
1	2.13723221294091	1.02018864728767
1	1.50185514701769	0.726183324291015
1	-0.14263730175095	0.78214052954917
1	3.0038066445694	0.485498062960441
1	1.28722956868309	0.506125573638889
1	-0.318752239915457	0.864738595177876
1	0.322131339588853	0.844378032640832
1	5.2616944108093	0.358017886801397
1	8.82900430089372	0.317448974396497
1	-2.30272827027497	0.910739351084951
1	7.22671133846696	1.18998630054468
1	-2.72650320743043	0.867064280542751
1	-0.46843181378382	0.830727872184032
1	-1.03217188205283	0.796656794006112
1	7.16723598287619	1.24516750066751
1	-0.111691247546562	0.778693697704199
1	-2.6259055099788	0.949812261328691
1	2.72434890377882	0.87043376676153
1	-0.875120443972189	0.516101305484603
1	1.17835308185305	0.534954791625393
1	-0.338855688886291	0.99526398876581
1	-1.42065506517047	0.724889128528119
1	7.97386728885544	0.453825215793414
1	2.22575254380213	1.01225276279512
1	3.04465045166932	0.385299018940651
1	1.50293764620544	1.12738942017823
1	1.37353910564799	0.883236184660751
1	0.0804999982917752	0.827072696495645
1	0.419282683854408	0.603942392571906
1	-1.77964448430797	0.725436850600931
1	-2.97491361983617	0.771658439944872
1	1.51608146727065	0.45943281986997
1	2.03166462183689	0.800176820487359
1	5.25153152901144	0.356270383968315
1	-0.990726377760774	0.554094302536051
1	6.71007762971618	0.490533937329125
1	2.51754568958693	0.56096708320719
1	5.14228240478092	1.15723606062422
1	2.22102915390564	0.718699312857222
1	4.59494068903147	1.04477391825361
1	3.97686449291997	1.1430938636425
1	4.68391143616397	0.686349627767624
1	6.33941544000246	0.345066821926044
1	-1.87467214629883	0.61049825694636
1	1.51311956696982	0.989808715191234
1	1.36435275540902	0.612577166552263
1	5.22823915846488	0.898642705427906
1	4.38826261422772	1.1040093325378
1	5.47986906477806	1.11916960915841
1	0.270595138764477	0.665085209241935
1	-0.153860075129734	0.654469676276253
1	5.56012300122196	1.15757930458808
1	2.32505263054526	0.912224661398897
1	6.24277095251061	1.00676237163659
1	2.45398224816271	0.87410947879464
1	8.26490907575558	1.16503988708685
1	-0.930945882161437	0.569701179084268
1	5.39932265096741	0.469587552236873
1	5.81624554422744	1.14879166053165
1	-2.93409858024638	0.774490298357469
1	6.16025155235434	1.13961427246174
1	3.16011254647495	0.467568586082707
1	5.32739330739337	1.02339527926234
1	0.282227101930624	0.990563886442659
1	6.22767820949219	1.20474845587728
1	-1.77049189360083	0.817778506102667
1	1.25986883578969	0.978102178192385
1	1.24833832538136	0.662687464803128
1	4.27138506427479	0.381279122783587
1	8.23388103279801	1.18870338602043
1	-0.724592211437589	0.559444930128036
1	-1.80064293010617	0.859717931248233
1	8.34779430816257	0.390548425890145
1	2.14232647054823	1.1039042832395
1	2.01688935116643	0.593377430119094
1	2.11802353590613	1.04757444815716
1	0.72659511272592	0.557358826021824
1	0.955969342031826	0.663174430825946
1	-1.48018317295949	0.862398390771659
1	9.18937119752268	1.19523760443061
1	3.86278767333421	0.494010804834815
1	4.07277951095575	1.18549313679514
1	8.09335750718966	1.23143157099421
1	2.40746289272958	0.949683222321335
1	1.75169841125618	0.918237107023694
1	6.30234904471344	0.355164384572807
1	6.13579655870498	0.498271253166443
1	4.54584570886809	0.469074069269663
1	0.0167104651076917	0.975711584301817
1	-3.94584964160729	0.67506439880652
1	4.87117994637236	1.05790900481314
1	-0.0896766524990942	0.787807937691795
1	1.67250081881448	1.00607777344824
1	10.5986502421001	1.27830815830694
1	2.16053848443678	0.671026374732617
1	3.95893327242985	1.0654557763823
1	8.64082570944673	1.22153631040474
1	4.54730201138831	0.504392938944318
1	0.977307494202632	0.940627627608892
1	1.06882011005263	0.418454933457966
1	3.19035531022509	0.559057991285689
1	0.354662517959042	0.677059695000611
1	8.21281182966493	0.307131424700001
1	-2.44353143268069	0.673361506151674
1	3.96386746052535	1.15700954353056
1	1.75346706331009	0.63163784483976
1	2.72891950447322	0.772305957078787
1	0.15130527464686	0.888910505015506
1	0.776844952845669	0.783681187847469
1	3.43692809074676	0.478662460206883
1	1.10411931682987	1.1150094047835
1	0.19172838097893	0.957294649681249
1	2.32819553563234	1.08212445324987
1	5.41486842392824	0.400975552287097
1	4.00172788958346	1.01212451694546
1	1.80975166297802	0.70203132546193
1	3.37918766093409	1.10863058402598
1	0.271837861555728	0.936048657888615
1	4.27576087797144	1.0709021598982
1	1.21458901003792	0.842729970186277
1	-1.34571426500243	0.819588118037539
1	1.5991827235065	1.07727745222838
1	8.90883706034136	0.316997735732129
1	1.55573076680744	0.767492282814888
1	1.71821580999688	1.02066278722534
1	3.09945175602001	0.981377477870376
1	0.814243488014961	0.767878918171977
1	3.47294951502317	1.14859178629458
1	0.820190235673438	0.728652828578914
1	0.0858972810183634	0.53680277869047
1	9.50144070357534	0.363990463972372
1	9.73618464349955	0.392561668949597
1	0.480776128002462	0.607741138939426
1	-2.07576876510189	0.808585942721518
1	2.08428246714859	0.950881451425483
1	0.0423928969344883	0.697620415551297
1	10.9400305590002	1.19987072692568
1	1.45510443302963	0.585242820728103
1	1.43980085650073	0.749464179546232
1	1.06729994622673	0.623743181057789
1	-0.667118095738368	0.939830353467348
1	2.48559622194781	0.549923133939096
1	-3.59334622840611	0.768797601964802
1	5.4842791619212	1.05440473665743
1	6.52912929207117	0.3774565699749
1	9.41640296883018	1.16259779829488
1	1.8833297538254	0.630371356646185
1	2.72801818624204	1.1269859316563
1	2.06766699685338	0.637924827582482
1	-0.873487412559177	0.625113085517724
1	-2.48713331053373	0.766620054145213
1	6.12039571806073	1.17934822380231
1	3.89217324849871	1.15169830462799
1	0.437893522890534	0.680906079415165
1	2.91732636838642	1.06533218783644
1	6.45903992462169	1.24725472653776
1	-0.983639680156443	0.725240988858575
1	1.35549236184546	1.00101222345401
1	2.71621453822414	0.690835867014479
1	-1.94906625013054	0.616753478816241
1	3.56726923576964	1.04525039196542
1	3.84800896785591	0.495013551346444
1	3.73079781533223	0.999629218358644
1	4.54384424690582	0.414620732967126
1	3.07197709478683	0.537488831228693
1	5.11454114811392	0.436071094395203
1	1.35550223140033	0.531673676564461
1	9.41913541980507	0.352333881043633
1	3.04965937796903	0.931312512894963
1	6.49725403412085	1.16353857167427
1	5.97422921167153	1.06691421134636
1	4.29910421735747	1.08517040067103
1	-2.48117093495082	0.745701342070155
1	-0.855475425622786	0.700849905666362
1	1.02982585245596	1.09863010471201
1	-0.550405438180211	0.894237713003868
1	-0.378911573341857	0.943654912886946
1	0.860069221105435	0.644389755924444
1	0.0782511233260432	0.562074671870654
1	9.05461057364169	1.27908028977515
1	-0.667633028420721	0.922583482693953
1	6.49555919214203	0.505450560600496
1	6.37854978133696	0.422243555559779
1	1.83758599419501	0.768373592176195
1	7.24258033035268	1.21098528157774
1	3.71548639175473	0.888111683301897
1	6.89111419736346	1.26269077646751
1	1.01091020763872	1.02014546972531
1	3.60354287504806	0.647892923194192
1	-1.13234192349842	0.722079088612585
1	4.04042233026464	0.440941470987811
1	7.74974825111187	0.306821012755352
1	1.03288850154374	1.00404072492914
1	5.11043242136999	0.396251858350697
1	1.09225002588568	0.736778664317654
1	0.351957938008793	0.92914170395794
1	7.69667328978609	1.27824118959267
1	2.68677664636076	0.785718066288477
1	-0.420341071145105	0.774558345039742
1	3.47992365154558	0.465983010249916
1	2.13723221294091	1.04300118534307
1	1.50185514701769	0.744332720128505
1	-0.14263730175095	0.801177448114399
1	3.0038066445694	0.49983001225683
1	1.28722956868309	0.520784690535221
1	-0.318752239915457	0.88508558025151
1	0.322131339588853	0.864402084109798
1	5.2616944108093	0.370327906068307
1	8.82900430089372	0.329115540659762
1	-2.30272827027497	0.931815942224011
1	7.22671133846696	1.21549195516455
1	-2.72650320743043	0.887448152709108
1	-0.46843181378382	0.850535421996299
1	-1.03217188205283	0.815923951279081
1	7.16723598287619	1.27154836999882
1	-0.111691247546562	0.797675946963
1	-2.6259055099788	0.971508577768902
1	2.72434890377882	0.890871081475387
1	-0.875120443972189	0.530918644877895
1	1.17835308185305	0.550071161275287
1	-0.338855688886291	1.0176812032732
1	-1.42065506517047	0.743017997462087
1	7.97386728885544	0.467654810270916
1	2.22575254380213	1.03493943184367
1	3.04465045166932	0.398041737172785
1	1.50293764620544	1.15190224190456
1	1.37353910564799	0.903876555206348
1	0.0804999982917752	0.846822272513788
1	0.419282683854408	0.620152956677897
1	-1.77964448430797	0.74357440681272
1	-2.97491361983617	0.790529104803985
1	1.51608146727065	0.473351355102164
1	2.03166462183689	0.819499807987909
1	5.25153152901144	0.368552686545766
1	-0.990726377760774	0.569514239007279
1	6.71007762971618	0.50494575932351
1	2.51754568958693	0.576496027071126
1	5.14228240478092	1.18222227217801
1	2.22102915390564	0.736730006729318
1	4.59494068903147	1.06797639691896
1	3.97686449291997	1.16785576947582
1	4.68391143616397	0.703867231669988
1	6.33941544000246	0.357171427710057
1	-1.87467214629883	0.626812801917826
1	1.51311956696982	1.01213940501854
1	1.36435275540902	0.628924684570106
1	5.22823915846488	0.919527434805813
1	4.38826261422772	1.1281513287545
1	5.47986906477806	1.14355205859284
1	0.270595138764477	0.682265543714086
1	-0.153860075129734	0.671481640531725
1	5.56012300122196	1.18257096024541
1	2.32505263054526	0.933324810659834
1	6.24277095251061	1.02936195901415
1	2.45398224816271	0.89460509302426
1	8.26490907575558	1.19014987310931
1	-0.930945882161437	0.585368652178915
1	5.39932265096741	0.483667149046895
1	5.81624554422744	1.17364393764448
1	-2.93409858024638	0.793405878588809
1	6.16025155235434	1.16432098940129
1	3.16011254647495	0.481616160593901
1	5.32739330739337	1.04625867687629
1	0.282227101930624	1.01290655384543
1	6.22767820949219	1.23048824921632
1	-1.77049189360083	0.837380669376167
1	1.25986883578969	1.00024719367084
1	1.24833832538136	0.679829769272263
1	4.27138506427479	0.393958082484785
1	8.23388103279801	1.21418869266558
1	-0.724592211437589	0.574949731516547
1	-1.80064293010617	0.879985284872702
1	8.34779430816257	0.403374403605188
1	2.14232647054823	1.12804461329651
1	2.01688935116643	0.609420426094201
1	2.11802353590613	1.07082134530138
1	0.72659511272592	0.572520338428628
1	0.955969342031826	0.679932250216995
1	-1.48018317295949	0.882161651555582
1	9.18937119752268	1.22002199194133
1	3.86278767333421	0.508216665295518
1	4.07277951095575	1.21013052177468
1	8.09335750718966	1.25676197137062
1	2.40746289272958	0.970763239612764
1	1.75169841125618	0.93884273631186
1	6.30234904471344	0.36727564366718
1	6.13579655870498	0.512541385654323
1	4.54584570886809	0.48290374055467
1	0.0167104651076917	0.997184258764131
1	-3.94584964160729	0.692001587194845
1	4.87117994637236	1.08062168840919
1	-0.0896766524990942	0.806445946095128
1	1.67250081881448	1.0280085444258
1	10.5986502421001	1.30434572681666
1	2.16053848443678	0.687902646528879
1	3.95893327242985	1.08828230863221
1	8.64082570944673	1.24671743342627
1	4.54730201138831	0.518755421608532
1	0.977307494202632	0.96157103452879
1	1.06882011005263	0.431520977486084
1	3.19035531022509	0.574245136862412
1	0.354662517959042	0.694026983913865
1	8.21281182966493	0.318518070922191
1	-2.44353143268069	0.690273005139618
1	3.96386746052535	1.18121723235188
1	1.75346706331009	0.64791991141002
1	2.72891950447322	0.790710106591761
1	0.15130527464686	0.909073720732474
1	0.776844952845669	0.802256941164599
1	3.43692809074676	0.492636779490162
1	1.10411931682987	1.13858349031969
1	0.19172838097893	0.978489491007159
1	2.32819553563234	1.10520244486961
1	5.41486842392824	0.41377790686889
1	4.00172788958346	1.03414650753939
1	1.80975166297802	0.719375329966302
1	3.37918766093409	1.13210844031371
1	0.271837861555728	0.956922987649633
1	4.27576087797144	1.0938108548883
1	1.21458901003792	0.86219651823858
1	-1.34571426500243	0.838705554063484
1	1.5991827235065	1.100282323238
1	8.90883706034136	0.328533222583623
1	1.55573076680744	0.785823814476634
1	1.71821580999688	1.04281358396754
1	3.09945175602001	1.00293562654504
1	0.814243488014961	0.786216282515226
1	3.47294951502317	1.17267248699641
1	0.820190235673438	0.746398438228722
1	0.0858972810183634	0.551654187856979
1	9.50144070357534	0.376234871029326
1	9.73618464349955	0.405237093852528
1	0.480776128002462	0.623662705953881
1	-2.07576876510189	0.827537402761867
1	2.08428246714859	0.971979544892833
1	0.0423928969344883	0.71489787820383
1	10.9400305590002	1.22472500853011
1	1.45510443302963	0.600824983903578
1	1.43980085650073	0.76752374388129
1	1.06729994622673	0.639906150761791
1	-0.667118095738368	0.960761732914712
1	2.48559622194781	0.564972473408587
1	-3.59334622840611	0.787148825335342
1	5.4842791619212	1.07706455576585
1	6.52912929207117	0.389904123241737
1	9.41640296883018	1.18688979008953
1	1.8833297538254	0.646634317301466
1	2.72801818624204	1.15074069199495
1	2.06766699685338	0.654301737956552
1	-0.873487412559177	0.641296721247887
1	-2.48713331053373	0.7849384275897
1	6.12039571806073	1.20389290820574
1	3.89217324849871	1.17582586946598
1	0.437893522890534	0.697931393893896
1	2.91732636838642	1.08815685566135
1	6.45903992462169	1.27282383096688
1	-0.983639680156443	0.742935128372341
1	1.35549236184546	1.02286657684789
1	2.71621453822414	0.708010979713672
1	-1.94906625013054	0.632811003670906
1	3.56726923576964	1.06777211098553
1	3.84800896785591	0.509234538982981
1	3.73079781533223	1.02146270809355
1	4.54384424690582	0.427628935233304
1	3.07197709478683	0.552350590007249
1	5.11454114811392	0.449402891294003
1	1.35550223140033	0.546447709416183
1	9.41913541980507	0.364402439890146
1	3.04965937796903	0.952115394391372
1	6.49725403412085	1.18784475573403
1	5.97422921167153	1.08976274517084
1	4.29910421735747	1.10829434266974
1	-2.48117093495082	0.76370414120735
1	-0.855475425622786	0.718176087575716
1	1.02982585245596	1.12195709634226
1	-0.550405438180211	0.914481293609683
1	-0.378911573341857	0.964643988653529
1	0.860069221105435	0.660864194543843
1	0.0782511233260432	0.577307326314391
1	9.05461057364169	1.3051295064615
1	-0.667633028420721	0.943254680287015
1	6.49555919214203	0.519828998272855
1	6.37854978133696	0.435366753765987
1	1.83758599419501	0.786718419044175
1	7.24258033035268	1.23600723449351
1	3.71548639175473	0.908262848200057
1	6.89111419736346	1.28849274517366
1	1.01091020763872	1.04228846234882
1	3.60354287504806	0.664420209693542
1	-1.13234192349842	0.739725528512901
1	4.04042233026464	0.45434674113458
1	7.74974825111187	0.318202976182823
1	1.03288850154374	1.02594076551694
1	5.11043242136999	0.408982952501327
1	1.09225002588568	0.754646858234372
1	0.351957938008793	0.949911837189346
1	7.69667328978609	1.3042777478296
1	2.68677664636076	0.804324547429613
1	-0.420341071145105	0.792996473497882
1	3.47992365154558	0.479766050613982
1	2.13723221294091	1.06548897341087
1	1.50185514701769	0.76231487258728
1	-0.14263730175095	0.820017145511553
1	3.0038066445694	0.514123659783228
1	1.28722956868309	0.535394454945799
1	-0.318752239915457	0.905191094137767
1	0.322131339588853	0.884195572095804
1	5.2616944108093	0.382667918145889
1	8.82900430089372	0.340833833598085
1	-2.30272827027497	0.952626418325729
1	7.22671133846696	1.24058189459833
1	-2.72650320743043	0.907589307755493
1	-0.46843181378382	0.870119721086008
1	-1.03217188205283	0.834986110628218
1	7.16723598287619	1.29748396208164
1	-0.111691247546562	0.816462821614836
1	-2.6259055099788	0.992917846756232
1	2.72434890377882	0.911063873944309
1	-0.875120443972189	0.545681287515888
1	1.17835308185305	0.56512273384708
1	-0.338855688886291	1.03978702060716
1	-1.42065506517047	0.760980316353038
1	7.97386728885544	0.48146307097989
1	2.22575254380213	1.05730560237273
1	3.04465045166932	0.41079983297473
1	1.50293764620544	1.17603288328783
1	1.37353910564799	0.92426554490524
1	0.0804999982917752	0.86635055598592
1	0.419282683854408	0.636261765180786
1	-1.77964448430797	0.761545119551951
1	-2.97491361983617	0.809208164034128
1	1.51608146727065	0.487245552420554
1	2.03166462183689	0.83861591179117
1	5.25153152901144	0.380865918118453
1	-0.990726377760774	0.584859124846394
1	6.71007762971618	0.519316581693705
1	2.51754568958693	0.591946238368329
1	5.14228240478092	1.20681031373564
1	2.22102915390564	0.75459746661018
1	4.59494068903147	1.09084095460165
1	3.97686449291997	1.19222708167066
1	4.68391143616397	0.721238932182976
1	6.33941544000246	0.36931296454072
1	-1.87467214629883	0.643022079132208
1	1.51311956696982	1.03416162021011
1	1.36435275540902	0.645165821102724
1	5.22823915846488	0.940152529646856
1	4.38826261422772	1.15192366997388
1	5.47986906477806	1.16755673125944
1	0.270595138764477	0.699311366721395
1	-0.153860075129734	0.688364780350677
1	5.56012300122196	1.2071642620215
1	2.32505263054526	0.954158049162493
1	6.24277095251061	1.05164398922337
1	2.45398224816271	0.914854215830524
1	8.26490907575558	1.21485750841456
1	-0.930945882161437	0.600952713615277
1	5.39932265096741	0.497716967778143
1	5.81624554422744	1.19810256865482
1	-2.93409858024638	0.81212833608798
1	6.16025155235434	1.18863897681354
1	3.16011254647495	0.495635038641134
1	5.32739330739337	1.0687956066231
1	0.282227101930624	1.03494034204679
1	6.22767820949219	1.25580441888314
1	-1.77049189360083	0.856766519252999
1	1.25986883578969	1.02209000602228
1	1.24833832538136	0.696838846813148
1	4.27138506427479	0.406654573322965
1	8.23388103279801	1.23925897141668
1	-0.724592211437589	0.590376615796926
1	-1.80064293010617	0.900013857015348
1	8.34779430816257	0.416212946640662
1	2.14232647054823	1.15181534463395
1	2.01688935116643	0.625367326402538
1	2.11802353590613	1.09372882114327
1	0.72659511272592	0.587611735658757
1	0.955969342031826	0.696565733936289
1	-1.48018317295949	0.901698493220228
1	9.18937119752268	1.24440941169791
1	3.86278767333421	0.522384870452335
1	4.07277951095575	1.23437593211864
1	8.09335750718966	1.28167685800631
1	2.40746289272958	0.991572112559478
1	1.75169841125618	0.95919333441691
1	6.30234904471344	0.379420393123382
1	6.13579655870498	0.526771679761273
1	4.54584570886809	0.496708534255587
1	0.0167104651076917	1.01837245180659
1	-3.94584964160729	0.708808347426742
1	4.87117994637236	1.10300777217721
1	-0.0896766524990942	0.824895755935611
1	1.67250081881448	1.04963927418198
1	10.5986502421001	1.32994376176575
1	2.16053848443678	0.704650559274351
1	3.95893327242985	1.11077837404703
1	8.64082570944673	1.27148811309277
1	4.54730201138831	0.533074929106517
1	0.977307494202632	0.982247937240271
1	1.06882011005263	0.444588081452363
1	3.19035531022509	0.589361296600879
1	0.354662517959042	0.71086282227
1	8.21281182966493	0.329962819857755
1	-2.44353143268069	0.707054948542651
1	3.96386746052535	1.2050475416867
1	1.75346706331009	0.6640938018278
1	2.72891950447322	0.8089340008416
1	0.15130527464686	0.928996932377714
1	0.776844952845669	0.820646610488086
1	3.43692809074676	0.506581308045351
1	1.10411931682987	1.16180171747037
1	0.19172838097893	0.999409287851315
1	2.32819553563234	1.127941428533
1	5.41486842392824	0.426590277919429
1	4.00172788958346	1.05586535852747
1	1.80975166297802	0.736575088313427
1	3.37918766093409	1.15523370675859
1	0.271837861555728	0.97753315949138
1	4.27576087797144	1.11638629228658
1	1.21458901003792	0.881446725377967
1	-1.34571426500243	0.857618507188222
1	1.5991827235065	1.12295066992112
1	8.90883706034136	0.340121756596716
1	1.55573076680744	0.803977557428284
1	1.71821580999688	1.06465686604746
1	3.09945175602001	1.02420639056498
1	0.814243488014961	0.804375660034306
1	3.47294951502317	1.19638012151662
1	0.820190235673438	0.763986160717373
1	0.0858972810183634	0.566446014877978
1	9.50144070357534	0.388508245916716
1	9.73618464349955	0.417926846544082
1	0.480776128002462	0.639488341618757
1	-2.07576876510189	0.84629001747586
1	2.08428246714859	0.992805880036317
1	0.0423928969344883	0.732033354873495
1	10.9400305590002	1.24917994834307
1	1.45510443302963	0.616322743990869
1	1.43980085650073	0.785414757205043
1	1.06729994622673	0.655964989582245
1	-0.667118095738368	0.981427016681291
1	2.48559622194781	0.579955507790726
1	-3.59334622840611	0.80532159114311
1	5.4842791619212	1.09939957065242
1	6.52912929207117	0.402373744232588
1	9.41640296883018	1.21080153894536
1	1.8833297538254	0.662789750759749
1	2.72801818624204	1.17413345711016
1	2.06766699685338	0.670567250693772
1	-0.873487412559177	0.657375524147959
1	-2.48713331053373	0.803079459258838
1	6.12039571806073	1.22804876666062
1	3.89217324849871	1.19957877632536
1	0.437893522890534	0.714823286907081
1	2.91732636838642	1.11065111997862
1	6.45903992462169	1.29796931378377
1	-0.983639680156443	0.760473128970296
1	1.35549236184546	1.04442348463593
1	2.71621453822414	0.725047582869803
1	-1.94906625013054	0.648767979203711
1	3.56726923576964	1.08997371652012
1	3.84800896785591	0.523417357502832
1	3.73079781533223	1.04299946088199
1	4.54384424690582	0.440640162102962
1	3.07197709478683	0.567152415103221
1	5.11454114811392	0.462726721513679
1	1.35550223140033	0.561164788302399
1	9.41913541980507	0.37650593946399
1	3.04965937796903	0.972656544795128
1	6.49725403412085	1.21177021479754
1	5.97422921167153	1.11228006485016
1	4.29910421735747	1.13107771595197
1	-2.48117093495082	0.78154031743176
1	-0.855475425622786	0.735358628693792
1	1.02982585245596	1.14493662243001
1	-0.550405438180211	0.934482140453238
1	-0.378911573341857	0.985365009014148
1	0.860069221105435	0.677223922861723
1	0.0782511233260432	0.592467449156228
1	9.05461057364169	1.33073879394283
1	-0.667633028420721	0.963668619590278
1	6.49555919214203	0.534163918847859
1	6.37854978133696	0.448489070599656
1	1.83758599419501	0.80488500561432
1	7.24258033035268	1.26062415045918
1	3.71548639175473	0.928174418347106
1	6.89111419736346	1.31386318275112
1	1.01091020763872	1.06412420538638
1	3.60354287504806	0.680830990849291
1	-1.13234192349842	0.757217449672399
1	4.04042233026464	0.4677415489946
1	7.74974825111187	0.329643201380449
1	1.03288850154374	1.04754180867816
1	5.11043242136999	0.421726483567331
1	1.09225002588568	0.772353001267224
1	0.351957938008793	0.97042135166248
1	7.69667328978609	1.32987480682103
1	2.68677664636076	0.822743900869443
1	-0.420341071145105	0.811253192556967
1	3.47992365154558	0.493525797269519
1	2.13723221294091	1.08765780049893
1	1.50185514701769	0.780131103422644
1	-0.14263730175095	0.838661793735539
1	3.0038066445694	0.528376670212006
1	1.28722956868309	0.549952844966914
1	-0.318752239915457	0.92505856386468
1	0.322131339588853	0.903761614259099
1	5.2616944108093	0.395033650713888
1	8.82900430089372	0.352598964468436
1	-2.30272827027497	0.973174905374851
1	7.22671133846696	1.2652644878378
1	-2.72650320743043	0.927491208047475
1	-0.46843181378382	0.889483679706572
1	-1.03217188205283	0.853845664615251
1	7.16723598287619	1.32298348435636
1	-0.111691247546562	0.835056441281858
1	-2.6259055099788	1.01404478796726
1	2.72434890377882	0.931015657731392
1	-0.875120443972189	0.560387363070745
1	1.17835308185305	0.580107925481503
1	-0.338855688886291	1.06158685105877
1	-1.42065506517047	0.778777387291667
1	7.97386728885544	0.495247181340852
1	2.22575254380213	1.07935694280867
1	3.04465045166932	0.423569448548345
1	1.50293764620544	1.19978876219391
1	1.37353910564799	0.944406861846368
1	0.0804999982917752	0.885660401627025
1	0.419282683854408	0.652268282450751
1	-1.77964448430797	0.779350299231665
1	-2.97491361983617	0.827697630360497
1	1.51608146727065	0.501112680450181
1	2.03166462183689	0.857527577943777
1	5.25153152901144	0.393205779813758
1	-0.990726377760774	0.600127667008689
1	6.71007762971618	0.533644145629484
1	2.51754568958693	0.607316528482293
1	5.14228240478092	1.23100805666662
1	2.22102915390564	0.772302900539591
1	4.59494068903147	1.11337375386949
1	3.97686449291997	1.21621545671346
1	4.68391143616397	0.738465445810326
1	6.33941544000246	0.381486963313324
1	-1.87467214629883	0.659125652572512
1	1.51311956696982	1.0558806881671
1	1.36435275540902	0.661300171721033
1	5.22823915846488	0.960521932133766
1	4.38826261422772	1.17533341881396
1	5.47986906477806	1.19119092012849
1	0.270595138764477	0.716223071666211
1	-0.153860075129734	0.705119327838153
1	5.56012300122196	1.23136708650126
1	2.32505263054526	0.974728525460112
1	6.24277095251061	1.07361404726708
1	2.45398224816271	0.934860416626994
1	8.26490907575558	1.23917078294705
1	-0.930945882161437	0.61645230748673
1	5.39932265096741	0.511734431351348
1	5.81624554422744	1.22217529662408
1	-2.93409858024638	0.830659726608745
1	6.16025155235434	1.21257583831442
1	3.16011254647495	0.509622612468033
1	5.32739330739337	1.09101190623367
1	0.282227101930624	1.05667058992232
1	6.22767820949219	1.28070555817248
1	-1.77049189360083	0.875938769227931
1	1.25986883578969	1.04363576477332
1	1.24833832538136	0.713715054395695
1	4.27138506427479	0.419364676419829
1	8.23388103279801	1.26392257177229
1	-0.724592211437589	0.605724371224372
1	-1.80064293010617	0.919806998417919
1	8.34779430816257	0.429060276960337
1	2.14232647054823	1.17522353827368
1	2.01688935116643	0.641217434885365
1	2.11802353590613	1.11630308080318
1	0.72659511272592	0.602631613802249
1	0.955969342031826	0.713075018211979
1	-1.48018317295949	0.921011951683395
1	9.18937119752268	1.2684077440677
1	3.86278767333421	0.536513094369655
1	4.07277951095575	1.25823710636436
1	8.09335750718966	1.30618463806907
1	2.40746289272958	1.01211414750339
1	1.75169841125618	0.979292749984928
1	6.30234904471344	0.39159428610667
1	6.13579655870498	0.540959871562184
1	4.54584570886809	0.510485761484502
1	0.0167104651076917	1.03928084861193
1	-3.94584964160729	0.725484988787946
1	4.87117994637236	1.12507313767718
1	-0.0896766524990942	0.843159317472646
1	1.67250081881448	1.0709750898771
1	10.5986502421001	1.35511135260717
1	2.16053848443678	0.721270363481633
1	3.95893327242985	1.13294996402943
1	8.64082570944673	1.29585661254726
1	4.54730201138831	0.547349286613837
1	0.977307494202632	1.00266251028175
1	1.06882011005263	0.457652819711206
1	3.19035531022509	0.60440509132235
1	0.354662517959042	0.727567548396136
1	8.21281182966493	0.341460625555858
1	-2.44353143268069	0.723707620861035
1	3.96386746052535	1.22850779549584
1	1.75346706331009	0.680159193308629
1	2.72891950447322	0.826979364457554
1	0.15130527464686	0.948683561750837
1	0.776844952845669	0.838852086012803
1	3.43692809074676	0.520493496542846
1	1.10411931682987	1.18467079888751
1	0.19172838097893	1.02005845733938
1	2.32819553563234	1.15034763825402
1	5.41486842392824	0.439408985382047
1	4.00172788958346	1.07728628507993
1	1.80975166297802	0.753631302290612
1	3.37918766093409	1.17801300316935
1	0.271837861555728	0.997883281305714
1	4.27576087797144	1.13863454276741
1	1.21458901003792	0.900483341249867
1	-1.34571426500243	0.876329390229273
1	1.5991827235065	1.145288655744
1	8.90883706034136	0.351758435423983
1	1.55573076680744	0.821955166236426
1	1.71821580999688	1.08619797290921
1	3.09945175602001	1.04519453757958
1	0.814243488014961	0.822358710923253
1	3.47294951502317	1.21972189129621
1	0.820190235673438	0.781417085306137
1	0.0858972810183634	0.581176556651794
1	9.50144070357534	0.400806370262716
1	9.73618464349955	0.430627124504155
1	0.480776128002462	0.655217375334838
1	-2.07576876510189	0.86484603954519
1	2.08428246714859	1.01336478063798
1	0.0423928969344883	0.749027483147143
1	10.9400305590002	1.27324349416665
1	1.45510443302963	0.631735102929444
1	1.43980085650073	0.803138611686402
1	1.06729994622673	0.671919259828448
1	-0.667118095738368	1.00183036770124
1	2.48559622194781	0.594870724949615
1	-3.59334622840611	0.823317572953513
1	5.4842791619212	1.12141561187275
1	6.52912929207117	0.414861410573779
1	9.41640296883018	1.2343404501598
1	1.8833297538254	0.678837315802924
1	2.72801818624204	1.19717111397134
1	2.06766699685338	0.68672113451623
1	-0.873487412559177	0.673349076466093
1	-2.48713331053373	0.821044791023989
1	6.12039571806073	1.25182344826559
1	3.89217324849871	1.22296427186226
1	0.437893522890534	0.731582152765673
1	2.91732636838642	1.13282097039209
1	6.45903992462169	1.32269981246106
1	-0.983639680156443	0.777856030254644
1	1.35549236184546	1.06568800024975
1	2.71621453822414	0.741946215321133
1	-1.94906625013054	0.664623865989364
1	3.56726923576964	1.111860905884
1	3.84800896785591	0.537559695565284
1	3.73079781533223	1.06424451002607
1	4.54384424690582	0.453650932124004
1	3.07197709478683	0.581892613400376
1	5.11454114811392	0.476039415810521
1	1.35550223140033	0.575823135467742
1	9.41913541980507	0.388639991732655
1	3.04965937796903	0.992940003063858
1	6.49725403412085	1.23532236785512
1	5.97422921167153	1.13447218301442
1	4.29910421735747	1.15352679886524
1	-2.48117093495082	0.799211208144478
1	-0.855475425622786	0.752398213612423
1	1.02982585245596	1.16757515722774
1	-0.550405438180211	0.954243752871254
1	-0.378911573341857	1.00582219256913
1	0.860069221105435	0.693468803696716
1	0.0782511233260432	0.607553705124983
1	9.05461057364169	1.35591725291042
1	-0.667633028420721	0.983829212510994
1	6.49555919214203	0.548453162894675
1	6.37854978133696	0.461607135558294
1	1.83758599419501	0.822875019280607
1	7.24258033035268	1.28484413904833
1	3.71548639175473	0.947849803915868
1	6.89111419736346	1.33881095134304
1	1.01091020763872	1.08565803075256
1	3.60354287504806	0.697125180468403
1	-1.13234192349842	0.774555845672063
1	4.04042233026464	0.481122796212125
1	7.74974825111187	0.341136637879371
1	1.03288850154374	1.06884895192405
1	5.11043242136999	0.434478702739035
1	1.09225002588568	0.789898300948404
1	0.351957938008793	0.990674254739009
1	7.69667328978609	1.35504145504521
1	2.68677664636076	0.840978046449452
1	-0.420341071145105	0.829330259629584
1	3.47992365154558	0.507259516338484
1	2.13723221294091	1.10951333118504
1	1.50185514701769	0.797782730115501
1	-0.14263730175095	0.857113537637971
1	3.0038066445694	0.542586802305676
1	1.28722956868309	0.564457924354831
1	-0.318752239915457	0.944691355560372
1	0.322131339588853	0.923103275681087
1	5.2616944108093	0.407420977641469
1	8.82900430089372	0.364406207297122
1	-2.30272827027497	0.993465449656378
1	7.22671133846696	1.28954791005083
1	-2.72650320743043	0.94715725410024
1	-0.46843181378382	0.908630161111178
1	-1.03217188205283	0.87250497272603
1	7.16723598287619	1.34805592788773
1	-0.111691247546562	0.853458899851598
1	-2.6259055099788	1.03489402541028
1	2.72434890377882	0.950729883172292
1	-0.875120443972189	0.575035082797667
1	1.17835308185305	0.595025226197185
1	-0.338855688886291	1.08308599067542
1	-1.42065506517047	0.796410508623192
1	7.97386728885544	0.509004431808686
1	2.22575254380213	1.10109900039107
1	3.04465045166932	0.436346861135504
1	1.50293764620544	1.22317712824722
1	1.37353910564799	0.964304145659073
1	0.0804999982917752	0.90475461864568
1	0.419282683854408	0.668172018541644
1	-1.77964448430797	0.796991252295574
1	-2.97491361983617	0.845999493648877
1	1.51608146727065	0.514950112558707
1	2.03166462183689	0.876237217977904
1	5.25153152901144	0.405568119662658
1	-0.990726377760774	0.615318638505316
1	6.71007762971618	0.547926284352668
1	2.51754568958693	0.622605772043567
1	5.14228240478092	1.25482319190111
1	2.22102915390564	0.789847515341536
1	4.59494068903147	1.13558082281258
1	3.97686449291997	1.23982837643104
1	4.68391143616397	0.755547501060823
1	6.33941544000246	0.393689106405485
1	-1.87467214629883	0.675123129226134
1	1.51311956696982	1.07730182427643
1	1.36435275540902	0.677327374150722
1	5.22823915846488	0.980639509693247
1	4.38826261422772	1.19838747920644
1	5.47986906477806	1.21446175328812
1	0.270595138764477	0.733001072646387
1	-0.153860075129734	0.721745540133109
1	5.56012300122196	1.25518712968998
1	2.32505263054526	0.995040307799155
1	6.24277095251061	1.09527759920516
1	2.45398224816271	0.95462720009758
1	8.26490907575558	1.26309750302257
1	-0.930945882161437	0.63186643756421
1	5.39932265096741	0.525717063279769
1	5.81624554422744	1.24586968762541
1	-2.93409858024638	0.849002081888114
1	6.16025155235434	1.23613900428226
1	3.16011254647495	0.523576375735876
1	5.32739330739337	1.11291328769836
1	0.282227101930624	1.07810252402472
1	6.22767820949219	1.30520006052215
1	-1.77049189360083	0.89490009108772
1	1.25986883578969	1.06488951222066
1	1.24833832538136	0.730458770665246
1	4.27138506427479	0.432084609579967
1	8.23388103279801	1.28818764993143
1	-0.724592211437589	0.620991849923219
1	-1.80064293010617	0.939368000974123
1	8.34779430816257	0.441912749422646
1	2.14232647054823	1.19827609659415
1	2.01688935116643	0.656970105385366
1	2.11802353590613	1.13855019377924
1	0.72659511272592	0.617578637720801
1	0.955969342031826	0.729460266597591
1	-1.48018317295949	0.940105012155408
1	9.18937119752268	1.29202468834274
1	3.86278767333421	0.550599104695935
1	4.07277951095575	1.28172160579067
1	8.09335750718966	1.3302935234748
1	2.40746289272958	1.03239356589085
1	1.75169841125618	0.999144759083388
1	6.30234904471344	0.403793123750299
1	6.13579655870498	0.555103789047266
1	4.54584570886809	0.524232836704899
1	0.0167104651076917	1.05991403927247
1	-3.94584964160729	0.742031843232456
1	4.87117994637236	1.1468235391832
1	-0.0896766524990942	0.861238559474055
1	1.67250081881448	1.09202101168709
1	10.5986502421001	1.37985737518119
1	2.16053848443678	0.737762333913217
1	3.95893327242985	1.15480293974024
1	8.64082570944673	1.31983100355668
1	4.54730201138831	0.561576408823606
1	0.977307494202632	1.02281884684302
1	1.06882011005263	0.470711889795114
1	3.19035531022509	0.619375209954207
1	0.354662517959042	0.74414152250613
1	8.21281182966493	0.353006608847408
1	-2.44353143268069	0.74023132993029
1	3.96386746052535	1.25160515163815
1	1.75346706331009	0.696115802745791
1	2.72891950447322	0.844847906649169
1	0.15130527464686	0.968136969559611
1	0.776844952845669	0.85687523805842
1	3.43692809074676	0.534370895248811
1	1.10411931682987	1.20719729757191
1	0.19172838097893	1.04044132872017
1	2.32819553563234	1.17242717127601
1	5.41486842392824	0.452230479224573
1	4.00172788958346	1.09841439301418
1	1.80975166297802	0.770544685790915
1	3.37918766093409	1.20045280220201
1	0.271837861555728	1.01797738142938
1	4.27576087797144	1.16056154463008
1	1.21458901003792	0.919309072496037
1	-1.34571426500243	0.894840582064786
1	1.5991827235065	1.16730230930073
1	8.90883706034136	0.363438519635262
1	1.55573076680744	0.839758281933379
1	1.71821580999688	1.10744213129977
1	3.09945175602001	1.06590473792855
1	0.814243488014961	0.840167081690396
1	3.47294951502317	1.2427048349713
1	0.820190235673438	0.798692302934816
1	0.0858972810183634	0.595844186899889
1	9.50144070357534	0.413125170206463
1	9.73618464349955	0.443334258532725
1	0.480776128002462	0.670849185540624
1	-2.07576876510189	0.883207692021555
1	2.08428246714859	1.03366048511499
1	0.0423928969344883	0.765880914445055
1	10.9400305590002	1.29692341091295
1	1.45510443302963	0.647061120508716
1	1.43980085650073	0.820696693021328
1	1.06729994622673	0.687768566579665
1	-0.667118095738368	1.02197586787236
1	2.48559622194781	0.609716684433459
1	-3.59334622840611	0.84113843028642
1	5.4842791619212	1.14311838406918
1	6.52912929207117	0.427363239128143
1	9.41640296883018	1.2575137607395
1	1.8833297538254	0.694776711386698
1	2.72801818624204	1.21986039520572
1	2.06766699685338	0.702763195361257
1	-0.873487412559177	0.689217002683837
1	-2.48713331053373	0.838836051563889
1	6.12039571806073	1.27522442726756
1	3.89217324849871	1.24598943871118
1	0.437893522890534	0.748208406160797
1	2.91732636838642	1.15467226631219
1	6.45903992462169	1.34702376302179
1	-0.983639680156443	0.795084874842479
1	1.35549236184546	1.08666507212071
1	2.71621453822414	0.75870743239675
1	-1.94906625013054	0.680378170110299
1	3.56726923576964	1.13343925406433
1	3.84800896785591	0.551659335020934
1	3.73079781533223	1.08520278436928
1	4.54384424690582	0.466657888524229
1	3.07197709478683	0.596569568336904
1	5.11454114811392	0.48933792121895
1	1.35550223140033	0.590421051988969
1	9.41913541980507	0.400800357740298
1	3.04965937796903	1.01296973045515
1	6.49725403412085	1.25850846523781
1	5.97422921167153	1.15634498148061
1	4.29910421735747	1.17564773179337
1	-2.48117093495082	0.816718145747498
1	-0.855475425622786	0.769295539491935
1	1.02982585245596	1.18987903175231
1	-0.550405438180211	0.973769567022024
1	-0.378911573341857	1.02601967538443
1	0.860069221105435	0.709598734550485
1	0.0782511233260432	0.62256482587401
1	9.05461057364169	1.38067377014041
1	-0.667633028420721	1.0037402966754
1	6.49555919214203	0.562694660085769
1	6.37854978133696	0.474717699833568
1	1.83758599419501	0.840690113557551
1	7.24258033035268	1.30867512259115
1	3.71548639175473	0.967292354300206
1	6.89111419736346	1.36334470559695
1	1.01091020763872	1.10689515786747
1	3.60354287504806	0.71330272566874
1	-1.13234192349842	0.791741714346235
1	4.04042233026464	0.494487498801889
1	7.74974825111187	0.352678402114057
1	1.03288850154374	1.08986718657934
1	5.11043242136999	0.447235993081455
1	1.09225002588568	0.807283963305877
1	0.351957938008793	1.01067447693083
1	7.69667328978609	1.3797865673939
1	2.68677664636076	0.859028883338111
1	-0.420341071145105	0.847229415826389
1	3.47992365154558	0.52096457850495
1	2.13723221294091	1.13106110860029
1	1.50185514701769	0.815271065683724
1	-0.14263730175095	0.875374495342258
1	3.0038066445694	0.556751906131527
1	1.28722956868309	0.578907839962981
1	-0.318752239915457	0.96409277575928
1	0.322131339588853	0.942223569950881
1	5.2616944108093	0.419825914826485
1	8.82900430089372	0.376250994281364
1	-2.30272827027497	1.01350201955809
1	7.22671133846696	1.31344014739672
1	-2.72650320743043	0.966590785909908
1	-0.46843181378382	0.927561982492073
1	-1.03217188205283	0.890966361942231
1	7.16723598287619	1.37271007277551
1	-0.111691247546562	0.871672265854862
1	-2.6259055099788	1.05547008964941
1	2.72434890377882	0.97020993874289
1	-0.875120443972189	0.589622737079718
1	1.17835308185305	0.609873197638879
1	-0.338855688886291	1.1042896239752
1	-1.42065506517047	0.813880974744751
1	7.97386728885544	0.522732216745566
1	2.22575254380213	1.12253720407046
1	3.04465045166932	0.449128479151709
1	1.50293764620544	1.24620506697068
1	1.37353910564799	0.983960969018885
1	0.0804999982917752	0.923635971643906
1	0.419282683854408	0.683972527683519
1	-1.77964448430797	0.814469281021375
1	-2.97491361983617	0.864115721207633
1	1.51608146727065	0.528755323789839
1	2.03166462183689	0.894747209520944
1	5.25153152901144	0.417948928420147
1	-0.990726377760774	0.630430876358007
1	6.71007762971618	0.5621609203861
1	2.51754568958693	0.637812904958624
1	5.14228240478092	1.27826323439189
1	2.22102915390564	0.807232516354832
1	4.59494068903147	1.15746805829194
1	3.97686449291997	1.26307315229994
1	4.68391143616397	0.772485837829906
1	6.33941544000246	0.405915223376693
1	-1.87467214629883	0.691014157648116
1	1.51311956696982	1.09843013456638
1	1.36435275540902	0.693247106857934
1	5.22823915846488	1.000509056668
1	4.38826261422772	1.22109260028433
1	5.47986906477806	1.23737619799559
1	0.270595138764477	0.749645803607465
1	-0.153860075129734	0.73824369844608
1	5.56012300122196	1.27863191147901
1	2.32505263054526	1.01509738593787
1	6.24277095251061	1.11663999499306
1	2.45398224816271	0.974158007603867
1	8.26490907575558	1.28664529587442
1	-0.930945882161437	0.647194165419311
1	5.39932265096741	0.539662484712184
1	5.81624554422744	1.26919313511458
1	-2.93409858024638	0.867157409978887
1	6.16025155235434	1.25933573612969
1	3.16011254647495	0.537493920544799
1	5.32739330739337	1.13450534028487
1	0.282227101930624	1.09924126124758
1	6.22767820949219	1.32929612448757
1	-1.77049189360083	0.913653115710694
1	1.25986883578969	1.08585618596031
1	1.24833832538136	0.747070395068884
1	4.27138506427479	0.444810723381097
1	8.23388103279801	1.31206217359495
1	-0.724592211437589	0.636177965899385
1	-1.80064293010617	0.958700098981691
1	8.34779430816257	0.454766847970923
1	2.14232647054823	1.22097976721695
1	2.01688935116643	0.672624740125186
1	2.11802353590613	1.16047609722612
1	0.72659511272592	0.632451538933361
1	0.955969342031826	0.745721668951959
1	-1.48018317295949	0.958980610179425
1	9.18937119752268	1.31526776722234
1	3.86278767333421	0.564640759894145
1	4.07277951095575	1.30483681879961
1	8.09335750718966	1.35401153574436
1	2.40746289272958	1.05241450621569
1	1.75169841125618	1.01875306681895
1	6.30234904471344	0.416012850950019
1	6.13579655870498	0.569201349396555
1	4.54584570886809	0.537947274704197
1	0.0167104651076917	1.08027652100225
1	-3.94584964160729	0.758449264485432
1	4.87117994637236	1.1682646067458
1	-0.0896766524990942	0.879135389484969
1	1.67250081881448	1.11278195532975
1	10.5986502421001	1.40419049705701
1	2.16053848443678	0.754126768642631
1	3.95893327242985	1.17634303523885
1	8.64082570944673	1.34341917126643
1	4.54730201138831	0.575754297284312
1	0.977307494202632	1.04272096061462
1	1.06882011005263	0.483762108863736
1	3.19035531022509	0.634270407433119
1	0.354662517959042	0.760585125824113
1	8.21281182966493	0.364596052642792
1	-2.44353143268069	0.756626406006484
1	3.96386746052535	1.27434660595767
1	1.75346706331009	0.711963385364104
1	2.72891950447322	0.862541321314858
1	0.15130527464686	0.987360456734453
1	0.776844952845669	0.874717917295623
1	3.43692809074676	0.548211151096895
1	1.10411931682987	1.22938763052597
1	0.19172838097893	1.06056214538744
1	2.32819553563234	1.19418599138434
1	5.41486842392824	0.465051335707603
1	4.00172788958346	1.11925468138359
1	1.80975166297802	0.787315964194937
1	3.37918766093409	1.22255943294673
1	0.271837861555728	1.03781941044603
1	4.27576087797144	1.18217310699546
1	1.21458901003792	0.937926583591468
1	-1.34571426500243	0.913154428231103
1	1.5991827235065	1.1889975275758
1	8.90883706034136	0.375157428117437
1	1.55573076680744	0.85738853207599
1	1.71821580999688	1.12839445794609
1	3.09945175602001	1.08634156691273
1	0.814243488014961	0.857802405221149
1	3.47294951502317	1.2653358323733
1	0.820190235673438	0.815812905878852
1	0.0858972810183634	0.610447353839857
1	9.50144070357534	0.425460712283834
1	9.73618464349955	0.456044708931106
1	0.480776128002462	0.686383198118966
1	-2.07576876510189	0.901377168810434
1	2.08428246714859	1.05369714847503
1	0.0423928969344883	0.782594313357118
1	10.9400305590002	1.32022728513447
1	1.45510443302963	0.662299912542006
1	1.43980085650073	0.838090380305185
1	1.06729994622673	0.70351255625726
1	-0.667118095738368	1.04186751989725
1	2.48559622194781	0.624492015283253
1	-3.59334622840611	0.858785808688454
1	5.4842791619212	1.16451346899676
1	6.52912929207117	0.439875482020057
1	9.41640296883018	1.28032854354526
1	1.8833297538254	0.710607675281278
1	2.72801818624204	1.242207882875
1	2.06766699685338	0.718693275100226
1	-0.873487412559177	0.704978968102443
1	-2.48713331053373	0.856454856414418
1	6.12039571806073	1.29825900738003
1	3.89217324849871	1.26866119951722
1	0.437893522890534	0.764702481327061
1	2.91732636838642	1.17621074009501
1	6.45903992462169	1.37094940505994
1	-0.983639680156443	0.812160707987617
1	1.35549236184546	1.10735954615367
1	2.71621453822414	0.775331805182587
1	-1.94906625013054	0.696030441656516
1	3.56726923576964	1.15471421665192
1	3.84800896785591	0.565714148152503
1	3.73079781533223	1.10587911075608
1	4.54384424690582	0.479657795620724
1	3.07197709478683	0.611181737585506
1	5.11454114811392	0.502619297682749
1	1.35550223140033	0.604956915394912
1	9.41913541980507	0.412982943372955
1	3.04965937796903	1.03274961227958
1	6.49725403412085	1.28133559277207
1	5.97422921167153	1.17790421440811
1	4.29910421735747	1.19744652050065
1	-2.48117093495082	0.834062457477138
1	-0.855475425622786	0.786051315430719
1	1.02982585245596	1.21185443726828
1	-0.550405438180211	0.993062957255004
1	-0.378911573341857	1.04596151287232
1	0.860069221105435	0.725613646393387
1	0.0782511233260432	0.637499607915563
1	9.05461057364169	1.40501702384346
1	-0.667633028420721	1.02340563709147
1	6.49555919214203	0.576886426545659
1	6.37854978133696	0.48781763279953
1	1.83758599419501	0.858331928148116
1	7.24258033035268	1.33212484081984
1	3.71548639175473	0.986505359421257
1	6.89111419736346	1.3874728978449
1	1.01091020763872	1.12784069632844
1	3.60354287504806	0.729363605700956
1	-1.13234192349842	0.808776057371745
1	4.04042233026464	0.507832783830709
1	7.74974825111187	0.364263772716831
1	1.03288850154374	1.11060140028741
1	5.11043242136999	0.459994865753719
1	1.09225002588568	0.824511192604526
1	0.351957938008793	1.03042587363066
1	7.69667328978609	1.40411881051336
1	2.68677664636076	0.876898290278155
1	-0.420341071145105	0.864952386087979
1	3.47992365154558	0.534638455955676
1	2.13723221294091	1.15230655733717
1	1.50185514701769	0.832597418501423
1	-0.14263730175095	0.893446758650761
1	3.0038066445694	0.570869920352254
1	1.28722956868309	0.593300819249302
1	-0.318752239915457	0.983266072677099
1	0.322131339588853	0.961125460226338
1	5.2616944108093	0.432244616146792
1	8.82900430089372	0.388128911314398
1	-2.30272827027497	1.03328850732877
1	7.22671133846696	1.33694900171816
1	-2.72650320743043	0.985795084252904
1	-0.46843181378382	0.946281915898188
1	-1.03217188205283	0.90923212730102
1	7.16723598287619	1.3969544934262
1	-0.111691247546562	0.88969858283668
1	-2.6259055099788	1.0757774199733
1	2.72434890377882	0.98945915239407
1	-0.875120443972189	0.60414869303996
1	1.17835308185305	0.624650470887677
1	-0.338855688886291	1.12520282659318
1	-1.42065506517047	0.831190075911082
1	7.97386728885544	0.536428031378831
1	2.22575254380213	1.14367686733307
1	3.04465045166932	0.461910838424014
1	1.50293764620544	1.26887950382003
1	1.37353910564799	1.0033808391168
1	0.0804999982917752	0.942307181496386
1	0.419282683854408	0.699669406817637
1	-1.77964448430797	0.831785683332183
1	-2.97491361983617	0.882048258084745
1	1.51608146727065	0.542525887880116
1	2.03166462183689	0.913059896892156
1	5.25153152901144	0.430344335498187
1	-0.990726377760774	0.645463279610372
1	6.71007762971618	0.576346062897181
1	2.51754568958693	0.652936922493367
1	5.14228240478092	1.30133552746228
1	2.22102915390564	0.824459107173768
1	4.59494068903147	1.17904122910585
1	3.97686449291997	1.2859569296458
1	4.68391143616397	0.789281206800445
1	6.33941544000246	0.418161286783562
1	-1.87467214629883	0.706798426565026
1	1.51311956696982	1.11927061829551
1	1.36435275540902	0.709059087674988
1	5.22823915846488	1.02013429594785
1	4.38826261422772	1.24345538017071
1	5.47986906477806	1.25994106462527
1	0.270595138764477	0.766157717520055
1	-0.153860075129734	0.754614107125017
1	5.56012300122196	1.30170877999723
1	2.32505263054526	1.03490367292011
1	6.24277095251061	1.13770647124883
1	2.45398224816271	0.993456218558504
1	8.26490907575558	1.30982161408331
1	-0.930945882161437	0.662434608599551
1	5.39932265096741	0.553568411556353
1	5.81624554422744	1.29215286418917
1	-2.93409858024638	0.885127695576448
1	6.16025155235434	1.28217313046637
1	3.16011254647495	0.551372934536046
1	5.32739330739337	1.1557935334801
1	0.282227101930624	1.12009181142224
1	6.22767820949219	1.35300175858882
1	-1.77049189360083	0.932200433848324
1	1.25986883578969	1.1065406213536
1	1.24833832538136	0.763550347007624
1	4.27138506427479	0.457539497369761
1	8.23388103279801	1.33555392664412
1	-0.724592211437589	0.651281693107885
1	-1.80064293010617	0.977806470364565
1	8.34779430816257	0.467619181926489
1	2.14232647054823	1.24334114679441
1	2.01688935116643	0.688180788131441
1	2.11802353590613	1.18208659915093
